ISO-10303-21;
HEADER;
FILE_DESCRIPTION(('Open CASCADE Model'),'2;1');
FILE_NAME('Open CASCADE Shape Model','2026-09-14T22:16:14',('Author'),(
    'Open CASCADE'),'Open CASCADE STEP processor 7.9','Open CASCADE 7.9'
  ,'Unknown');
FILE_SCHEMA(('AUTOMOTIVE_DESIGN { 1 0 10303 214 1 1 1 1 }'));
ENDSEC;
DATA;
#1 = APPLICATION_PROTOCOL_DEFINITION('international standard',
  'automotive_design',2000,#2);
#2 = APPLICATION_CONTEXT(
  'core data for automotive mechanical design processes');
#3 = SHAPE_DEFINITION_REPRESENTATION(#4,#10);
#4 = PRODUCT_DEFINITION_SHAPE('','',#5);
#5 = PRODUCT_DEFINITION('design','',#6,#9);
#6 = PRODUCT_DEFINITION_FORMATION('','',#7);
#7 = PRODUCT('REFERENCE_I_rearward_elbows_and_compression_fittings',
  'REFERENCE_I_rearward_elbows_and_compression_fittings','',(#8));
#8 = PRODUCT_CONTEXT('',#2,'mechanical');
#9 = PRODUCT_DEFINITION_CONTEXT('part definition',#2,'design');
#10 = SHAPE_REPRESENTATION('',(#11,#15,#19,#23,#27,#31,#35),#39);
#11 = AXIS2_PLACEMENT_3D('',#12,#13,#14);
#12 = CARTESIAN_POINT('',(0.,0.,0.));
#13 = DIRECTION('',(0.,0.,1.));
#14 = DIRECTION('',(1.,0.,-0.));
#15 = AXIS2_PLACEMENT_3D('',#16,#17,#18);
#16 = CARTESIAN_POINT('',(0.,0.,0.));
#17 = DIRECTION('',(0.,0.,1.));
#18 = DIRECTION('',(1.,0.,-0.));
#19 = AXIS2_PLACEMENT_3D('',#20,#21,#22);
#20 = CARTESIAN_POINT('',(0.,0.,0.));
#21 = DIRECTION('',(0.,0.,1.));
#22 = DIRECTION('',(1.,0.,-0.));
#23 = AXIS2_PLACEMENT_3D('',#24,#25,#26);
#24 = CARTESIAN_POINT('',(0.,0.,0.));
#25 = DIRECTION('',(0.,0.,1.));
#26 = DIRECTION('',(1.,0.,-0.));
#27 = AXIS2_PLACEMENT_3D('',#28,#29,#30);
#28 = CARTESIAN_POINT('',(0.,0.,0.));
#29 = DIRECTION('',(0.,0.,1.));
#30 = DIRECTION('',(1.,0.,-0.));
#31 = AXIS2_PLACEMENT_3D('',#32,#33,#34);
#32 = CARTESIAN_POINT('',(0.,0.,0.));
#33 = DIRECTION('',(0.,0.,1.));
#34 = DIRECTION('',(1.,0.,-0.));
#35 = AXIS2_PLACEMENT_3D('',#36,#37,#38);
#36 = CARTESIAN_POINT('',(0.,0.,0.));
#37 = DIRECTION('',(0.,0.,1.));
#38 = DIRECTION('',(1.,0.,-0.));
#39 = ( GEOMETRIC_REPRESENTATION_CONTEXT(3) 
GLOBAL_UNCERTAINTY_ASSIGNED_CONTEXT((#43)) GLOBAL_UNIT_ASSIGNED_CONTEXT(
(#40,#41,#42)) REPRESENTATION_CONTEXT('Context #1',
  '3D Context with UNIT and UNCERTAINTY') );
#40 = ( LENGTH_UNIT() NAMED_UNIT(*) SI_UNIT(.MILLI.,.METRE.) );
#41 = ( NAMED_UNIT(*) PLANE_ANGLE_UNIT() SI_UNIT($,.RADIAN.) );
#42 = ( NAMED_UNIT(*) SI_UNIT($,.STERADIAN.) SOLID_ANGLE_UNIT() );
#43 = UNCERTAINTY_MEASURE_WITH_UNIT(LENGTH_MEASURE(1.E-07),#40,
  'distance_accuracy_value','confusion accuracy');
#44 = PRODUCT_RELATED_PRODUCT_CATEGORY('part',$,(#7));
#45 = SHAPE_DEFINITION_REPRESENTATION(#46,#52);
#46 = PRODUCT_DEFINITION_SHAPE('','',#47);
#47 = PRODUCT_DEFINITION('design','',#48,#51);
#48 = PRODUCT_DEFINITION_FORMATION('','',#49);
#49 = PRODUCT('body','body','',(#50));
#50 = PRODUCT_CONTEXT('',#2,'mechanical');
#51 = PRODUCT_DEFINITION_CONTEXT('part definition',#2,'design');
#52 = ADVANCED_BREP_SHAPE_REPRESENTATION('',(#11,#53),#7881);
#53 = MANIFOLD_SOLID_BREP('',#54);
#54 = CLOSED_SHELL('',(#55,#857,#933,#1052,#1163,#1190,#1245,#1299,#1353
    ,#1407,#1461,#1515,#1570,#1624,#1678,#1732,#1787,#1841,#1895,#1949,
    #2004,#2058,#2112,#2167,#2221,#2275,#2329,#2384,#2391,#2470,#2549,
    #2599,#2649,#2653,#2708,#2763,#2818,#2873,#2928,#2932,#2987,#3042,
    #3097,#3101,#3156,#3211,#3266,#3270,#3325,#3380,#3384,#3439,#3494,
    #3549,#3553,#4805,#6057,#6092,#6127,#6162,#6197,#6232,#6267,#6302,
    #6337,#6372,#6407,#6442,#6477,#6512,#6547,#6582,#6617,#6669,#6721,
    #6773,#6825,#6877,#6929,#6981,#7033,#7085,#7137,#7189,#7241,#7293,
    #7345,#7397,#7449,#7476,#7503,#7530,#7557,#7584,#7611,#7638,#7665,
    #7692,#7719,#7746,#7773,#7800,#7827,#7854));
#55 = ADVANCED_FACE('',(#56,#175,#206,#237,#268,#299,#330,#361,#392,#423
    ,#454,#485,#516,#547,#578,#609,#640,#671,#702,#733,#764,#795,#826),
  #70,.F.);
#56 = FACE_BOUND('',#57,.F.);
#57 = EDGE_LOOP('',(#58,#93,#121,#149));
#58 = ORIENTED_EDGE('',*,*,#59,.F.);
#59 = EDGE_CURVE('',#60,#62,#64,.T.);
#60 = VERTEX_POINT('',#61);
#61 = CARTESIAN_POINT('',(-195.,0.,0.));
#62 = VERTEX_POINT('',#63);
#63 = CARTESIAN_POINT('',(195.,0.,0.));
#64 = SURFACE_CURVE('',#65,(#69,#81),.PCURVE_S1.);
#65 = LINE('',#66,#67);
#66 = CARTESIAN_POINT('',(-195.,0.,0.));
#67 = VECTOR('',#68,1.);
#68 = DIRECTION('',(1.,0.,0.));
#69 = PCURVE('',#70,#75);
#70 = PLANE('',#71);
#71 = AXIS2_PLACEMENT_3D('',#72,#73,#74);
#72 = CARTESIAN_POINT('',(-195.,0.,0.));
#73 = DIRECTION('',(0.,1.,0.));
#74 = DIRECTION('',(0.,0.,1.));
#75 = DEFINITIONAL_REPRESENTATION('',(#76),#80);
#76 = LINE('',#77,#78);
#77 = CARTESIAN_POINT('',(0.,0.));
#78 = VECTOR('',#79,1.);
#79 = DIRECTION('',(0.,1.));
#80 = ( GEOMETRIC_REPRESENTATION_CONTEXT(2) 
PARAMETRIC_REPRESENTATION_CONTEXT() REPRESENTATION_CONTEXT('2D SPACE',''
  ) );
#81 = PCURVE('',#82,#87);
#82 = PLANE('',#83);
#83 = AXIS2_PLACEMENT_3D('',#84,#85,#86);
#84 = CARTESIAN_POINT('',(-195.,0.,0.));
#85 = DIRECTION('',(0.,0.,1.));
#86 = DIRECTION('',(1.,0.,0.));
#87 = DEFINITIONAL_REPRESENTATION('',(#88),#92);
#88 = LINE('',#89,#90);
#89 = CARTESIAN_POINT('',(0.,0.));
#90 = VECTOR('',#91,1.);
#91 = DIRECTION('',(1.,0.));
#92 = ( GEOMETRIC_REPRESENTATION_CONTEXT(2) 
PARAMETRIC_REPRESENTATION_CONTEXT() REPRESENTATION_CONTEXT('2D SPACE',''
  ) );
#93 = ORIENTED_EDGE('',*,*,#94,.T.);
#94 = EDGE_CURVE('',#60,#95,#97,.T.);
#95 = VERTEX_POINT('',#96);
#96 = CARTESIAN_POINT('',(-195.,0.,87.));
#97 = SURFACE_CURVE('',#98,(#102,#109),.PCURVE_S1.);
#98 = LINE('',#99,#100);
#99 = CARTESIAN_POINT('',(-195.,0.,0.));
#100 = VECTOR('',#101,1.);
#101 = DIRECTION('',(0.,0.,1.));
#102 = PCURVE('',#70,#103);
#103 = DEFINITIONAL_REPRESENTATION('',(#104),#108);
#104 = LINE('',#105,#106);
#105 = CARTESIAN_POINT('',(0.,0.));
#106 = VECTOR('',#107,1.);
#107 = DIRECTION('',(1.,0.));
#108 = ( GEOMETRIC_REPRESENTATION_CONTEXT(2) 
PARAMETRIC_REPRESENTATION_CONTEXT() REPRESENTATION_CONTEXT('2D SPACE',''
  ) );
#109 = PCURVE('',#110,#115);
#110 = PLANE('',#111);
#111 = AXIS2_PLACEMENT_3D('',#112,#113,#114);
#112 = CARTESIAN_POINT('',(-195.,0.,0.));
#113 = DIRECTION('',(1.,0.,0.));
#114 = DIRECTION('',(0.,0.,1.));
#115 = DEFINITIONAL_REPRESENTATION('',(#116),#120);
#116 = LINE('',#117,#118);
#117 = CARTESIAN_POINT('',(0.,0.));
#118 = VECTOR('',#119,1.);
#119 = DIRECTION('',(1.,0.));
#120 = ( GEOMETRIC_REPRESENTATION_CONTEXT(2) 
PARAMETRIC_REPRESENTATION_CONTEXT() REPRESENTATION_CONTEXT('2D SPACE',''
  ) );
#121 = ORIENTED_EDGE('',*,*,#122,.T.);
#122 = EDGE_CURVE('',#95,#123,#125,.T.);
#123 = VERTEX_POINT('',#124);
#124 = CARTESIAN_POINT('',(195.,0.,87.));
#125 = SURFACE_CURVE('',#126,(#130,#137),.PCURVE_S1.);
#126 = LINE('',#127,#128);
#127 = CARTESIAN_POINT('',(-195.,0.,87.));
#128 = VECTOR('',#129,1.);
#129 = DIRECTION('',(1.,0.,0.));
#130 = PCURVE('',#70,#131);
#131 = DEFINITIONAL_REPRESENTATION('',(#132),#136);
#132 = LINE('',#133,#134);
#133 = CARTESIAN_POINT('',(87.,0.));
#134 = VECTOR('',#135,1.);
#135 = DIRECTION('',(0.,1.));
#136 = ( GEOMETRIC_REPRESENTATION_CONTEXT(2) 
PARAMETRIC_REPRESENTATION_CONTEXT() REPRESENTATION_CONTEXT('2D SPACE',''
  ) );
#137 = PCURVE('',#138,#143);
#138 = PLANE('',#139);
#139 = AXIS2_PLACEMENT_3D('',#140,#141,#142);
#140 = CARTESIAN_POINT('',(-195.,0.,87.));
#141 = DIRECTION('',(0.,0.,1.));
#142 = DIRECTION('',(1.,0.,0.));
#143 = DEFINITIONAL_REPRESENTATION('',(#144),#148);
#144 = LINE('',#145,#146);
#145 = CARTESIAN_POINT('',(0.,0.));
#146 = VECTOR('',#147,1.);
#147 = DIRECTION('',(1.,0.));
#148 = ( GEOMETRIC_REPRESENTATION_CONTEXT(2) 
PARAMETRIC_REPRESENTATION_CONTEXT() REPRESENTATION_CONTEXT('2D SPACE',''
  ) );
#149 = ORIENTED_EDGE('',*,*,#150,.F.);
#150 = EDGE_CURVE('',#62,#123,#151,.T.);
#151 = SURFACE_CURVE('',#152,(#156,#163),.PCURVE_S1.);
#152 = LINE('',#153,#154);
#153 = CARTESIAN_POINT('',(195.,0.,0.));
#154 = VECTOR('',#155,1.);
#155 = DIRECTION('',(0.,0.,1.));
#156 = PCURVE('',#70,#157);
#157 = DEFINITIONAL_REPRESENTATION('',(#158),#162);
#158 = LINE('',#159,#160);
#159 = CARTESIAN_POINT('',(0.,390.));
#160 = VECTOR('',#161,1.);
#161 = DIRECTION('',(1.,0.));
#162 = ( GEOMETRIC_REPRESENTATION_CONTEXT(2) 
PARAMETRIC_REPRESENTATION_CONTEXT() REPRESENTATION_CONTEXT('2D SPACE',''
  ) );
#163 = PCURVE('',#164,#169);
#164 = PLANE('',#165);
#165 = AXIS2_PLACEMENT_3D('',#166,#167,#168);
#166 = CARTESIAN_POINT('',(195.,0.,0.));
#167 = DIRECTION('',(1.,0.,0.));
#168 = DIRECTION('',(0.,0.,1.));
#169 = DEFINITIONAL_REPRESENTATION('',(#170),#174);
#170 = LINE('',#171,#172);
#171 = CARTESIAN_POINT('',(0.,0.));
#172 = VECTOR('',#173,1.);
#173 = DIRECTION('',(1.,0.));
#174 = ( GEOMETRIC_REPRESENTATION_CONTEXT(2) 
PARAMETRIC_REPRESENTATION_CONTEXT() REPRESENTATION_CONTEXT('2D SPACE',''
  ) );
#175 = FACE_BOUND('',#176,.F.);
#176 = EDGE_LOOP('',(#177));
#177 = ORIENTED_EDGE('',*,*,#178,.F.);
#178 = EDGE_CURVE('',#179,#179,#181,.T.);
#179 = VERTEX_POINT('',#180);
#180 = CARTESIAN_POINT('',(-178.,0.,8.65));
#181 = SURFACE_CURVE('',#182,(#187,#194),.PCURVE_S1.);
#182 = CIRCLE('',#183,1.65);
#183 = AXIS2_PLACEMENT_3D('',#184,#185,#186);
#184 = CARTESIAN_POINT('',(-178.,0.,7.));
#185 = DIRECTION('',(0.,1.,0.));
#186 = DIRECTION('',(0.,-0.,1.));
#187 = PCURVE('',#70,#188);
#188 = DEFINITIONAL_REPRESENTATION('',(#189),#193);
#189 = CIRCLE('',#190,1.65);
#190 = AXIS2_PLACEMENT_2D('',#191,#192);
#191 = CARTESIAN_POINT('',(7.,17.));
#192 = DIRECTION('',(1.,0.));
#193 = ( GEOMETRIC_REPRESENTATION_CONTEXT(2) 
PARAMETRIC_REPRESENTATION_CONTEXT() REPRESENTATION_CONTEXT('2D SPACE',''
  ) );
#194 = PCURVE('',#195,#200);
#195 = CYLINDRICAL_SURFACE('',#196,1.65);
#196 = AXIS2_PLACEMENT_3D('',#197,#198,#199);
#197 = CARTESIAN_POINT('',(-178.,0.,7.));
#198 = DIRECTION('',(0.,1.,0.));
#199 = DIRECTION('',(0.,-0.,1.));
#200 = DEFINITIONAL_REPRESENTATION('',(#201),#205);
#201 = LINE('',#202,#203);
#202 = CARTESIAN_POINT('',(0.,0.));
#203 = VECTOR('',#204,1.);
#204 = DIRECTION('',(1.,0.));
#205 = ( GEOMETRIC_REPRESENTATION_CONTEXT(2) 
PARAMETRIC_REPRESENTATION_CONTEXT() REPRESENTATION_CONTEXT('2D SPACE',''
  ) );
#206 = FACE_BOUND('',#207,.F.);
#207 = EDGE_LOOP('',(#208));
#208 = ORIENTED_EDGE('',*,*,#209,.F.);
#209 = EDGE_CURVE('',#210,#210,#212,.T.);
#210 = VERTEX_POINT('',#211);
#211 = CARTESIAN_POINT('',(-157.5,0.,38.5));
#212 = SURFACE_CURVE('',#213,(#218,#225),.PCURVE_S1.);
#213 = CIRCLE('',#214,15.);
#214 = AXIS2_PLACEMENT_3D('',#215,#216,#217);
#215 = CARTESIAN_POINT('',(-157.5,0.,23.5));
#216 = DIRECTION('',(0.,1.,0.));
#217 = DIRECTION('',(0.,-0.,1.));
#218 = PCURVE('',#70,#219);
#219 = DEFINITIONAL_REPRESENTATION('',(#220),#224);
#220 = CIRCLE('',#221,15.);
#221 = AXIS2_PLACEMENT_2D('',#222,#223);
#222 = CARTESIAN_POINT('',(23.5,37.5));
#223 = DIRECTION('',(1.,0.));
#224 = ( GEOMETRIC_REPRESENTATION_CONTEXT(2) 
PARAMETRIC_REPRESENTATION_CONTEXT() REPRESENTATION_CONTEXT('2D SPACE',''
  ) );
#225 = PCURVE('',#226,#231);
#226 = TOROIDAL_SURFACE('',#227,15.,1.);
#227 = AXIS2_PLACEMENT_3D('',#228,#229,#230);
#228 = CARTESIAN_POINT('',(-157.5,-1.,23.5));
#229 = DIRECTION('',(0.,1.,0.));
#230 = DIRECTION('',(0.,-0.,1.));
#231 = DEFINITIONAL_REPRESENTATION('',(#232),#236);
#232 = LINE('',#233,#234);
#233 = CARTESIAN_POINT('',(0.,1.570796326795));
#234 = VECTOR('',#235,1.);
#235 = DIRECTION('',(1.,0.));
#236 = ( GEOMETRIC_REPRESENTATION_CONTEXT(2) 
PARAMETRIC_REPRESENTATION_CONTEXT() REPRESENTATION_CONTEXT('2D SPACE',''
  ) );
#237 = FACE_BOUND('',#238,.F.);
#238 = EDGE_LOOP('',(#239));
#239 = ORIENTED_EDGE('',*,*,#240,.F.);
#240 = EDGE_CURVE('',#241,#241,#243,.T.);
#241 = VERTEX_POINT('',#242);
#242 = CARTESIAN_POINT('',(-112.5,0.,38.5));
#243 = SURFACE_CURVE('',#244,(#249,#256),.PCURVE_S1.);
#244 = CIRCLE('',#245,15.);
#245 = AXIS2_PLACEMENT_3D('',#246,#247,#248);
#246 = CARTESIAN_POINT('',(-112.5,0.,23.5));
#247 = DIRECTION('',(0.,1.,0.));
#248 = DIRECTION('',(0.,-0.,1.));
#249 = PCURVE('',#70,#250);
#250 = DEFINITIONAL_REPRESENTATION('',(#251),#255);
#251 = CIRCLE('',#252,15.);
#252 = AXIS2_PLACEMENT_2D('',#253,#254);
#253 = CARTESIAN_POINT('',(23.5,82.5));
#254 = DIRECTION('',(1.,0.));
#255 = ( GEOMETRIC_REPRESENTATION_CONTEXT(2) 
PARAMETRIC_REPRESENTATION_CONTEXT() REPRESENTATION_CONTEXT('2D SPACE',''
  ) );
#256 = PCURVE('',#257,#262);
#257 = TOROIDAL_SURFACE('',#258,15.,1.);
#258 = AXIS2_PLACEMENT_3D('',#259,#260,#261);
#259 = CARTESIAN_POINT('',(-112.5,-1.,23.5));
#260 = DIRECTION('',(0.,1.,0.));
#261 = DIRECTION('',(0.,-0.,1.));
#262 = DEFINITIONAL_REPRESENTATION('',(#263),#267);
#263 = LINE('',#264,#265);
#264 = CARTESIAN_POINT('',(0.,1.570796326795));
#265 = VECTOR('',#266,1.);
#266 = DIRECTION('',(1.,0.));
#267 = ( GEOMETRIC_REPRESENTATION_CONTEXT(2) 
PARAMETRIC_REPRESENTATION_CONTEXT() REPRESENTATION_CONTEXT('2D SPACE',''
  ) );
#268 = FACE_BOUND('',#269,.F.);
#269 = EDGE_LOOP('',(#270));
#270 = ORIENTED_EDGE('',*,*,#271,.F.);
#271 = EDGE_CURVE('',#272,#272,#274,.T.);
#272 = VERTEX_POINT('',#273);
#273 = CARTESIAN_POINT('',(-67.5,0.,38.5));
#274 = SURFACE_CURVE('',#275,(#280,#287),.PCURVE_S1.);
#275 = CIRCLE('',#276,15.);
#276 = AXIS2_PLACEMENT_3D('',#277,#278,#279);
#277 = CARTESIAN_POINT('',(-67.5,0.,23.5));
#278 = DIRECTION('',(0.,1.,0.));
#279 = DIRECTION('',(0.,-0.,1.));
#280 = PCURVE('',#70,#281);
#281 = DEFINITIONAL_REPRESENTATION('',(#282),#286);
#282 = CIRCLE('',#283,15.);
#283 = AXIS2_PLACEMENT_2D('',#284,#285);
#284 = CARTESIAN_POINT('',(23.5,127.5));
#285 = DIRECTION('',(1.,0.));
#286 = ( GEOMETRIC_REPRESENTATION_CONTEXT(2) 
PARAMETRIC_REPRESENTATION_CONTEXT() REPRESENTATION_CONTEXT('2D SPACE',''
  ) );
#287 = PCURVE('',#288,#293);
#288 = TOROIDAL_SURFACE('',#289,15.,1.);
#289 = AXIS2_PLACEMENT_3D('',#290,#291,#292);
#290 = CARTESIAN_POINT('',(-67.5,-1.,23.5));
#291 = DIRECTION('',(0.,1.,0.));
#292 = DIRECTION('',(0.,-0.,1.));
#293 = DEFINITIONAL_REPRESENTATION('',(#294),#298);
#294 = LINE('',#295,#296);
#295 = CARTESIAN_POINT('',(0.,1.570796326795));
#296 = VECTOR('',#297,1.);
#297 = DIRECTION('',(1.,0.));
#298 = ( GEOMETRIC_REPRESENTATION_CONTEXT(2) 
PARAMETRIC_REPRESENTATION_CONTEXT() REPRESENTATION_CONTEXT('2D SPACE',''
  ) );
#299 = FACE_BOUND('',#300,.F.);
#300 = EDGE_LOOP('',(#301));
#301 = ORIENTED_EDGE('',*,*,#302,.F.);
#302 = EDGE_CURVE('',#303,#303,#305,.T.);
#303 = VERTEX_POINT('',#304);
#304 = CARTESIAN_POINT('',(-22.5,0.,38.5));
#305 = SURFACE_CURVE('',#306,(#311,#318),.PCURVE_S1.);
#306 = CIRCLE('',#307,15.);
#307 = AXIS2_PLACEMENT_3D('',#308,#309,#310);
#308 = CARTESIAN_POINT('',(-22.5,0.,23.5));
#309 = DIRECTION('',(0.,1.,0.));
#310 = DIRECTION('',(0.,-0.,1.));
#311 = PCURVE('',#70,#312);
#312 = DEFINITIONAL_REPRESENTATION('',(#313),#317);
#313 = CIRCLE('',#314,15.);
#314 = AXIS2_PLACEMENT_2D('',#315,#316);
#315 = CARTESIAN_POINT('',(23.5,172.5));
#316 = DIRECTION('',(1.,0.));
#317 = ( GEOMETRIC_REPRESENTATION_CONTEXT(2) 
PARAMETRIC_REPRESENTATION_CONTEXT() REPRESENTATION_CONTEXT('2D SPACE',''
  ) );
#318 = PCURVE('',#319,#324);
#319 = TOROIDAL_SURFACE('',#320,15.,1.);
#320 = AXIS2_PLACEMENT_3D('',#321,#322,#323);
#321 = CARTESIAN_POINT('',(-22.5,-1.,23.5));
#322 = DIRECTION('',(0.,1.,0.));
#323 = DIRECTION('',(0.,-0.,1.));
#324 = DEFINITIONAL_REPRESENTATION('',(#325),#329);
#325 = LINE('',#326,#327);
#326 = CARTESIAN_POINT('',(0.,1.570796326795));
#327 = VECTOR('',#328,1.);
#328 = DIRECTION('',(1.,0.));
#329 = ( GEOMETRIC_REPRESENTATION_CONTEXT(2) 
PARAMETRIC_REPRESENTATION_CONTEXT() REPRESENTATION_CONTEXT('2D SPACE',''
  ) );
#330 = FACE_BOUND('',#331,.F.);
#331 = EDGE_LOOP('',(#332));
#332 = ORIENTED_EDGE('',*,*,#333,.F.);
#333 = EDGE_CURVE('',#334,#334,#336,.T.);
#334 = VERTEX_POINT('',#335);
#335 = CARTESIAN_POINT('',(-157.5,0.,78.5));
#336 = SURFACE_CURVE('',#337,(#342,#349),.PCURVE_S1.);
#337 = CIRCLE('',#338,15.);
#338 = AXIS2_PLACEMENT_3D('',#339,#340,#341);
#339 = CARTESIAN_POINT('',(-157.5,0.,63.5));
#340 = DIRECTION('',(0.,1.,0.));
#341 = DIRECTION('',(0.,-0.,1.));
#342 = PCURVE('',#70,#343);
#343 = DEFINITIONAL_REPRESENTATION('',(#344),#348);
#344 = CIRCLE('',#345,15.);
#345 = AXIS2_PLACEMENT_2D('',#346,#347);
#346 = CARTESIAN_POINT('',(63.5,37.5));
#347 = DIRECTION('',(1.,0.));
#348 = ( GEOMETRIC_REPRESENTATION_CONTEXT(2) 
PARAMETRIC_REPRESENTATION_CONTEXT() REPRESENTATION_CONTEXT('2D SPACE',''
  ) );
#349 = PCURVE('',#350,#355);
#350 = TOROIDAL_SURFACE('',#351,15.,1.);
#351 = AXIS2_PLACEMENT_3D('',#352,#353,#354);
#352 = CARTESIAN_POINT('',(-157.5,-1.,63.5));
#353 = DIRECTION('',(0.,1.,0.));
#354 = DIRECTION('',(0.,-0.,1.));
#355 = DEFINITIONAL_REPRESENTATION('',(#356),#360);
#356 = LINE('',#357,#358);
#357 = CARTESIAN_POINT('',(0.,1.570796326795));
#358 = VECTOR('',#359,1.);
#359 = DIRECTION('',(1.,0.));
#360 = ( GEOMETRIC_REPRESENTATION_CONTEXT(2) 
PARAMETRIC_REPRESENTATION_CONTEXT() REPRESENTATION_CONTEXT('2D SPACE',''
  ) );
#361 = FACE_BOUND('',#362,.F.);
#362 = EDGE_LOOP('',(#363));
#363 = ORIENTED_EDGE('',*,*,#364,.F.);
#364 = EDGE_CURVE('',#365,#365,#367,.T.);
#365 = VERTEX_POINT('',#366);
#366 = CARTESIAN_POINT('',(-178.,0.,81.65));
#367 = SURFACE_CURVE('',#368,(#373,#380),.PCURVE_S1.);
#368 = CIRCLE('',#369,1.65);
#369 = AXIS2_PLACEMENT_3D('',#370,#371,#372);
#370 = CARTESIAN_POINT('',(-178.,0.,80.));
#371 = DIRECTION('',(0.,1.,0.));
#372 = DIRECTION('',(0.,-0.,1.));
#373 = PCURVE('',#70,#374);
#374 = DEFINITIONAL_REPRESENTATION('',(#375),#379);
#375 = CIRCLE('',#376,1.65);
#376 = AXIS2_PLACEMENT_2D('',#377,#378);
#377 = CARTESIAN_POINT('',(80.,17.));
#378 = DIRECTION('',(1.,0.));
#379 = ( GEOMETRIC_REPRESENTATION_CONTEXT(2) 
PARAMETRIC_REPRESENTATION_CONTEXT() REPRESENTATION_CONTEXT('2D SPACE',''
  ) );
#380 = PCURVE('',#381,#386);
#381 = CYLINDRICAL_SURFACE('',#382,1.65);
#382 = AXIS2_PLACEMENT_3D('',#383,#384,#385);
#383 = CARTESIAN_POINT('',(-178.,0.,80.));
#384 = DIRECTION('',(0.,1.,0.));
#385 = DIRECTION('',(0.,-0.,1.));
#386 = DEFINITIONAL_REPRESENTATION('',(#387),#391);
#387 = LINE('',#388,#389);
#388 = CARTESIAN_POINT('',(0.,0.));
#389 = VECTOR('',#390,1.);
#390 = DIRECTION('',(1.,0.));
#391 = ( GEOMETRIC_REPRESENTATION_CONTEXT(2) 
PARAMETRIC_REPRESENTATION_CONTEXT() REPRESENTATION_CONTEXT('2D SPACE',''
  ) );
#392 = FACE_BOUND('',#393,.F.);
#393 = EDGE_LOOP('',(#394));
#394 = ORIENTED_EDGE('',*,*,#395,.F.);
#395 = EDGE_CURVE('',#396,#396,#398,.T.);
#396 = VERTEX_POINT('',#397);
#397 = CARTESIAN_POINT('',(-112.5,0.,78.5));
#398 = SURFACE_CURVE('',#399,(#404,#411),.PCURVE_S1.);
#399 = CIRCLE('',#400,15.);
#400 = AXIS2_PLACEMENT_3D('',#401,#402,#403);
#401 = CARTESIAN_POINT('',(-112.5,0.,63.5));
#402 = DIRECTION('',(0.,1.,0.));
#403 = DIRECTION('',(0.,-0.,1.));
#404 = PCURVE('',#70,#405);
#405 = DEFINITIONAL_REPRESENTATION('',(#406),#410);
#406 = CIRCLE('',#407,15.);
#407 = AXIS2_PLACEMENT_2D('',#408,#409);
#408 = CARTESIAN_POINT('',(63.5,82.5));
#409 = DIRECTION('',(1.,0.));
#410 = ( GEOMETRIC_REPRESENTATION_CONTEXT(2) 
PARAMETRIC_REPRESENTATION_CONTEXT() REPRESENTATION_CONTEXT('2D SPACE',''
  ) );
#411 = PCURVE('',#412,#417);
#412 = TOROIDAL_SURFACE('',#413,15.,1.);
#413 = AXIS2_PLACEMENT_3D('',#414,#415,#416);
#414 = CARTESIAN_POINT('',(-112.5,-1.,63.5));
#415 = DIRECTION('',(0.,1.,0.));
#416 = DIRECTION('',(0.,-0.,1.));
#417 = DEFINITIONAL_REPRESENTATION('',(#418),#422);
#418 = LINE('',#419,#420);
#419 = CARTESIAN_POINT('',(0.,1.570796326795));
#420 = VECTOR('',#421,1.);
#421 = DIRECTION('',(1.,0.));
#422 = ( GEOMETRIC_REPRESENTATION_CONTEXT(2) 
PARAMETRIC_REPRESENTATION_CONTEXT() REPRESENTATION_CONTEXT('2D SPACE',''
  ) );
#423 = FACE_BOUND('',#424,.F.);
#424 = EDGE_LOOP('',(#425));
#425 = ORIENTED_EDGE('',*,*,#426,.F.);
#426 = EDGE_CURVE('',#427,#427,#429,.T.);
#427 = VERTEX_POINT('',#428);
#428 = CARTESIAN_POINT('',(-67.5,0.,78.5));
#429 = SURFACE_CURVE('',#430,(#435,#442),.PCURVE_S1.);
#430 = CIRCLE('',#431,15.);
#431 = AXIS2_PLACEMENT_3D('',#432,#433,#434);
#432 = CARTESIAN_POINT('',(-67.5,0.,63.5));
#433 = DIRECTION('',(0.,1.,0.));
#434 = DIRECTION('',(0.,-0.,1.));
#435 = PCURVE('',#70,#436);
#436 = DEFINITIONAL_REPRESENTATION('',(#437),#441);
#437 = CIRCLE('',#438,15.);
#438 = AXIS2_PLACEMENT_2D('',#439,#440);
#439 = CARTESIAN_POINT('',(63.5,127.5));
#440 = DIRECTION('',(1.,0.));
#441 = ( GEOMETRIC_REPRESENTATION_CONTEXT(2) 
PARAMETRIC_REPRESENTATION_CONTEXT() REPRESENTATION_CONTEXT('2D SPACE',''
  ) );
#442 = PCURVE('',#443,#448);
#443 = TOROIDAL_SURFACE('',#444,15.,1.);
#444 = AXIS2_PLACEMENT_3D('',#445,#446,#447);
#445 = CARTESIAN_POINT('',(-67.5,-1.,63.5));
#446 = DIRECTION('',(0.,1.,0.));
#447 = DIRECTION('',(0.,-0.,1.));
#448 = DEFINITIONAL_REPRESENTATION('',(#449),#453);
#449 = LINE('',#450,#451);
#450 = CARTESIAN_POINT('',(0.,1.570796326795));
#451 = VECTOR('',#452,1.);
#452 = DIRECTION('',(1.,0.));
#453 = ( GEOMETRIC_REPRESENTATION_CONTEXT(2) 
PARAMETRIC_REPRESENTATION_CONTEXT() REPRESENTATION_CONTEXT('2D SPACE',''
  ) );
#454 = FACE_BOUND('',#455,.F.);
#455 = EDGE_LOOP('',(#456));
#456 = ORIENTED_EDGE('',*,*,#457,.F.);
#457 = EDGE_CURVE('',#458,#458,#460,.T.);
#458 = VERTEX_POINT('',#459);
#459 = CARTESIAN_POINT('',(-22.5,0.,78.5));
#460 = SURFACE_CURVE('',#461,(#466,#473),.PCURVE_S1.);
#461 = CIRCLE('',#462,15.);
#462 = AXIS2_PLACEMENT_3D('',#463,#464,#465);
#463 = CARTESIAN_POINT('',(-22.5,0.,63.5));
#464 = DIRECTION('',(0.,1.,0.));
#465 = DIRECTION('',(0.,-0.,1.));
#466 = PCURVE('',#70,#467);
#467 = DEFINITIONAL_REPRESENTATION('',(#468),#472);
#468 = CIRCLE('',#469,15.);
#469 = AXIS2_PLACEMENT_2D('',#470,#471);
#470 = CARTESIAN_POINT('',(63.5,172.5));
#471 = DIRECTION('',(1.,0.));
#472 = ( GEOMETRIC_REPRESENTATION_CONTEXT(2) 
PARAMETRIC_REPRESENTATION_CONTEXT() REPRESENTATION_CONTEXT('2D SPACE',''
  ) );
#473 = PCURVE('',#474,#479);
#474 = TOROIDAL_SURFACE('',#475,15.,1.);
#475 = AXIS2_PLACEMENT_3D('',#476,#477,#478);
#476 = CARTESIAN_POINT('',(-22.5,-1.,63.5));
#477 = DIRECTION('',(0.,1.,0.));
#478 = DIRECTION('',(0.,-0.,1.));
#479 = DEFINITIONAL_REPRESENTATION('',(#480),#484);
#480 = LINE('',#481,#482);
#481 = CARTESIAN_POINT('',(0.,1.570796326795));
#482 = VECTOR('',#483,1.);
#483 = DIRECTION('',(1.,0.));
#484 = ( GEOMETRIC_REPRESENTATION_CONTEXT(2) 
PARAMETRIC_REPRESENTATION_CONTEXT() REPRESENTATION_CONTEXT('2D SPACE',''
  ) );
#485 = FACE_BOUND('',#486,.F.);
#486 = EDGE_LOOP('',(#487));
#487 = ORIENTED_EDGE('',*,*,#488,.F.);
#488 = EDGE_CURVE('',#489,#489,#491,.T.);
#489 = VERTEX_POINT('',#490);
#490 = CARTESIAN_POINT('',(-4.041334437186E-16,0.,8.65));
#491 = SURFACE_CURVE('',#492,(#497,#504),.PCURVE_S1.);
#492 = CIRCLE('',#493,1.65);
#493 = AXIS2_PLACEMENT_3D('',#494,#495,#496);
#494 = CARTESIAN_POINT('',(0.,0.,7.));
#495 = DIRECTION('',(0.,1.,0.));
#496 = DIRECTION('',(0.,-0.,1.));
#497 = PCURVE('',#70,#498);
#498 = DEFINITIONAL_REPRESENTATION('',(#499),#503);
#499 = CIRCLE('',#500,1.65);
#500 = AXIS2_PLACEMENT_2D('',#501,#502);
#501 = CARTESIAN_POINT('',(7.,195.));
#502 = DIRECTION('',(1.,0.));
#503 = ( GEOMETRIC_REPRESENTATION_CONTEXT(2) 
PARAMETRIC_REPRESENTATION_CONTEXT() REPRESENTATION_CONTEXT('2D SPACE',''
  ) );
#504 = PCURVE('',#505,#510);
#505 = CYLINDRICAL_SURFACE('',#506,1.65);
#506 = AXIS2_PLACEMENT_3D('',#507,#508,#509);
#507 = CARTESIAN_POINT('',(0.,0.,7.));
#508 = DIRECTION('',(0.,1.,0.));
#509 = DIRECTION('',(0.,-0.,1.));
#510 = DEFINITIONAL_REPRESENTATION('',(#511),#515);
#511 = LINE('',#512,#513);
#512 = CARTESIAN_POINT('',(0.,0.));
#513 = VECTOR('',#514,1.);
#514 = DIRECTION('',(1.,0.));
#515 = ( GEOMETRIC_REPRESENTATION_CONTEXT(2) 
PARAMETRIC_REPRESENTATION_CONTEXT() REPRESENTATION_CONTEXT('2D SPACE',''
  ) );
#516 = FACE_BOUND('',#517,.F.);
#517 = EDGE_LOOP('',(#518));
#518 = ORIENTED_EDGE('',*,*,#519,.F.);
#519 = EDGE_CURVE('',#520,#520,#522,.T.);
#520 = VERTEX_POINT('',#521);
#521 = CARTESIAN_POINT('',(22.5,0.,38.5));
#522 = SURFACE_CURVE('',#523,(#528,#535),.PCURVE_S1.);
#523 = CIRCLE('',#524,15.);
#524 = AXIS2_PLACEMENT_3D('',#525,#526,#527);
#525 = CARTESIAN_POINT('',(22.5,0.,23.5));
#526 = DIRECTION('',(0.,1.,0.));
#527 = DIRECTION('',(0.,-0.,1.));
#528 = PCURVE('',#70,#529);
#529 = DEFINITIONAL_REPRESENTATION('',(#530),#534);
#530 = CIRCLE('',#531,15.);
#531 = AXIS2_PLACEMENT_2D('',#532,#533);
#532 = CARTESIAN_POINT('',(23.5,217.5));
#533 = DIRECTION('',(1.,0.));
#534 = ( GEOMETRIC_REPRESENTATION_CONTEXT(2) 
PARAMETRIC_REPRESENTATION_CONTEXT() REPRESENTATION_CONTEXT('2D SPACE',''
  ) );
#535 = PCURVE('',#536,#541);
#536 = TOROIDAL_SURFACE('',#537,15.,1.);
#537 = AXIS2_PLACEMENT_3D('',#538,#539,#540);
#538 = CARTESIAN_POINT('',(22.5,-1.,23.5));
#539 = DIRECTION('',(0.,1.,0.));
#540 = DIRECTION('',(0.,-0.,1.));
#541 = DEFINITIONAL_REPRESENTATION('',(#542),#546);
#542 = LINE('',#543,#544);
#543 = CARTESIAN_POINT('',(0.,1.570796326795));
#544 = VECTOR('',#545,1.);
#545 = DIRECTION('',(1.,0.));
#546 = ( GEOMETRIC_REPRESENTATION_CONTEXT(2) 
PARAMETRIC_REPRESENTATION_CONTEXT() REPRESENTATION_CONTEXT('2D SPACE',''
  ) );
#547 = FACE_BOUND('',#548,.F.);
#548 = EDGE_LOOP('',(#549));
#549 = ORIENTED_EDGE('',*,*,#550,.F.);
#550 = EDGE_CURVE('',#551,#551,#553,.T.);
#551 = VERTEX_POINT('',#552);
#552 = CARTESIAN_POINT('',(67.5,0.,38.5));
#553 = SURFACE_CURVE('',#554,(#559,#566),.PCURVE_S1.);
#554 = CIRCLE('',#555,15.);
#555 = AXIS2_PLACEMENT_3D('',#556,#557,#558);
#556 = CARTESIAN_POINT('',(67.5,0.,23.5));
#557 = DIRECTION('',(0.,1.,0.));
#558 = DIRECTION('',(0.,-0.,1.));
#559 = PCURVE('',#70,#560);
#560 = DEFINITIONAL_REPRESENTATION('',(#561),#565);
#561 = CIRCLE('',#562,15.);
#562 = AXIS2_PLACEMENT_2D('',#563,#564);
#563 = CARTESIAN_POINT('',(23.5,262.5));
#564 = DIRECTION('',(1.,0.));
#565 = ( GEOMETRIC_REPRESENTATION_CONTEXT(2) 
PARAMETRIC_REPRESENTATION_CONTEXT() REPRESENTATION_CONTEXT('2D SPACE',''
  ) );
#566 = PCURVE('',#567,#572);
#567 = TOROIDAL_SURFACE('',#568,15.,1.);
#568 = AXIS2_PLACEMENT_3D('',#569,#570,#571);
#569 = CARTESIAN_POINT('',(67.5,-1.,23.5));
#570 = DIRECTION('',(0.,1.,0.));
#571 = DIRECTION('',(0.,-0.,1.));
#572 = DEFINITIONAL_REPRESENTATION('',(#573),#577);
#573 = LINE('',#574,#575);
#574 = CARTESIAN_POINT('',(0.,1.570796326795));
#575 = VECTOR('',#576,1.);
#576 = DIRECTION('',(1.,0.));
#577 = ( GEOMETRIC_REPRESENTATION_CONTEXT(2) 
PARAMETRIC_REPRESENTATION_CONTEXT() REPRESENTATION_CONTEXT('2D SPACE',''
  ) );
#578 = FACE_BOUND('',#579,.F.);
#579 = EDGE_LOOP('',(#580));
#580 = ORIENTED_EDGE('',*,*,#581,.F.);
#581 = EDGE_CURVE('',#582,#582,#584,.T.);
#582 = VERTEX_POINT('',#583);
#583 = CARTESIAN_POINT('',(112.5,0.,38.5));
#584 = SURFACE_CURVE('',#585,(#590,#597),.PCURVE_S1.);
#585 = CIRCLE('',#586,15.);
#586 = AXIS2_PLACEMENT_3D('',#587,#588,#589);
#587 = CARTESIAN_POINT('',(112.5,0.,23.5));
#588 = DIRECTION('',(0.,1.,0.));
#589 = DIRECTION('',(0.,-0.,1.));
#590 = PCURVE('',#70,#591);
#591 = DEFINITIONAL_REPRESENTATION('',(#592),#596);
#592 = CIRCLE('',#593,15.);
#593 = AXIS2_PLACEMENT_2D('',#594,#595);
#594 = CARTESIAN_POINT('',(23.5,307.5));
#595 = DIRECTION('',(1.,0.));
#596 = ( GEOMETRIC_REPRESENTATION_CONTEXT(2) 
PARAMETRIC_REPRESENTATION_CONTEXT() REPRESENTATION_CONTEXT('2D SPACE',''
  ) );
#597 = PCURVE('',#598,#603);
#598 = TOROIDAL_SURFACE('',#599,15.,1.);
#599 = AXIS2_PLACEMENT_3D('',#600,#601,#602);
#600 = CARTESIAN_POINT('',(112.5,-1.,23.5));
#601 = DIRECTION('',(0.,1.,0.));
#602 = DIRECTION('',(0.,-0.,1.));
#603 = DEFINITIONAL_REPRESENTATION('',(#604),#608);
#604 = LINE('',#605,#606);
#605 = CARTESIAN_POINT('',(0.,1.570796326795));
#606 = VECTOR('',#607,1.);
#607 = DIRECTION('',(1.,0.));
#608 = ( GEOMETRIC_REPRESENTATION_CONTEXT(2) 
PARAMETRIC_REPRESENTATION_CONTEXT() REPRESENTATION_CONTEXT('2D SPACE',''
  ) );
#609 = FACE_BOUND('',#610,.F.);
#610 = EDGE_LOOP('',(#611));
#611 = ORIENTED_EDGE('',*,*,#612,.F.);
#612 = EDGE_CURVE('',#613,#613,#615,.T.);
#613 = VERTEX_POINT('',#614);
#614 = CARTESIAN_POINT('',(178.,0.,8.65));
#615 = SURFACE_CURVE('',#616,(#621,#628),.PCURVE_S1.);
#616 = CIRCLE('',#617,1.65);
#617 = AXIS2_PLACEMENT_3D('',#618,#619,#620);
#618 = CARTESIAN_POINT('',(178.,0.,7.));
#619 = DIRECTION('',(0.,1.,0.));
#620 = DIRECTION('',(0.,-0.,1.));
#621 = PCURVE('',#70,#622);
#622 = DEFINITIONAL_REPRESENTATION('',(#623),#627);
#623 = CIRCLE('',#624,1.65);
#624 = AXIS2_PLACEMENT_2D('',#625,#626);
#625 = CARTESIAN_POINT('',(7.,373.));
#626 = DIRECTION('',(1.,0.));
#627 = ( GEOMETRIC_REPRESENTATION_CONTEXT(2) 
PARAMETRIC_REPRESENTATION_CONTEXT() REPRESENTATION_CONTEXT('2D SPACE',''
  ) );
#628 = PCURVE('',#629,#634);
#629 = CYLINDRICAL_SURFACE('',#630,1.65);
#630 = AXIS2_PLACEMENT_3D('',#631,#632,#633);
#631 = CARTESIAN_POINT('',(178.,0.,7.));
#632 = DIRECTION('',(0.,1.,0.));
#633 = DIRECTION('',(0.,-0.,1.));
#634 = DEFINITIONAL_REPRESENTATION('',(#635),#639);
#635 = LINE('',#636,#637);
#636 = CARTESIAN_POINT('',(0.,0.));
#637 = VECTOR('',#638,1.);
#638 = DIRECTION('',(1.,0.));
#639 = ( GEOMETRIC_REPRESENTATION_CONTEXT(2) 
PARAMETRIC_REPRESENTATION_CONTEXT() REPRESENTATION_CONTEXT('2D SPACE',''
  ) );
#640 = FACE_BOUND('',#641,.F.);
#641 = EDGE_LOOP('',(#642));
#642 = ORIENTED_EDGE('',*,*,#643,.F.);
#643 = EDGE_CURVE('',#644,#644,#646,.T.);
#644 = VERTEX_POINT('',#645);
#645 = CARTESIAN_POINT('',(157.5,0.,38.5));
#646 = SURFACE_CURVE('',#647,(#652,#659),.PCURVE_S1.);
#647 = CIRCLE('',#648,15.);
#648 = AXIS2_PLACEMENT_3D('',#649,#650,#651);
#649 = CARTESIAN_POINT('',(157.5,0.,23.5));
#650 = DIRECTION('',(0.,1.,0.));
#651 = DIRECTION('',(0.,-0.,1.));
#652 = PCURVE('',#70,#653);
#653 = DEFINITIONAL_REPRESENTATION('',(#654),#658);
#654 = CIRCLE('',#655,15.);
#655 = AXIS2_PLACEMENT_2D('',#656,#657);
#656 = CARTESIAN_POINT('',(23.5,352.5));
#657 = DIRECTION('',(1.,0.));
#658 = ( GEOMETRIC_REPRESENTATION_CONTEXT(2) 
PARAMETRIC_REPRESENTATION_CONTEXT() REPRESENTATION_CONTEXT('2D SPACE',''
  ) );
#659 = PCURVE('',#660,#665);
#660 = TOROIDAL_SURFACE('',#661,15.,1.);
#661 = AXIS2_PLACEMENT_3D('',#662,#663,#664);
#662 = CARTESIAN_POINT('',(157.5,-1.,23.5));
#663 = DIRECTION('',(0.,1.,0.));
#664 = DIRECTION('',(0.,-0.,1.));
#665 = DEFINITIONAL_REPRESENTATION('',(#666),#670);
#666 = LINE('',#667,#668);
#667 = CARTESIAN_POINT('',(0.,1.570796326795));
#668 = VECTOR('',#669,1.);
#669 = DIRECTION('',(1.,0.));
#670 = ( GEOMETRIC_REPRESENTATION_CONTEXT(2) 
PARAMETRIC_REPRESENTATION_CONTEXT() REPRESENTATION_CONTEXT('2D SPACE',''
  ) );
#671 = FACE_BOUND('',#672,.F.);
#672 = EDGE_LOOP('',(#673));
#673 = ORIENTED_EDGE('',*,*,#674,.F.);
#674 = EDGE_CURVE('',#675,#675,#677,.T.);
#675 = VERTEX_POINT('',#676);
#676 = CARTESIAN_POINT('',(22.5,0.,78.5));
#677 = SURFACE_CURVE('',#678,(#683,#690),.PCURVE_S1.);
#678 = CIRCLE('',#679,15.);
#679 = AXIS2_PLACEMENT_3D('',#680,#681,#682);
#680 = CARTESIAN_POINT('',(22.5,0.,63.5));
#681 = DIRECTION('',(0.,1.,0.));
#682 = DIRECTION('',(0.,-0.,1.));
#683 = PCURVE('',#70,#684);
#684 = DEFINITIONAL_REPRESENTATION('',(#685),#689);
#685 = CIRCLE('',#686,15.);
#686 = AXIS2_PLACEMENT_2D('',#687,#688);
#687 = CARTESIAN_POINT('',(63.5,217.5));
#688 = DIRECTION('',(1.,0.));
#689 = ( GEOMETRIC_REPRESENTATION_CONTEXT(2) 
PARAMETRIC_REPRESENTATION_CONTEXT() REPRESENTATION_CONTEXT('2D SPACE',''
  ) );
#690 = PCURVE('',#691,#696);
#691 = TOROIDAL_SURFACE('',#692,15.,1.);
#692 = AXIS2_PLACEMENT_3D('',#693,#694,#695);
#693 = CARTESIAN_POINT('',(22.5,-1.,63.5));
#694 = DIRECTION('',(0.,1.,0.));
#695 = DIRECTION('',(0.,-0.,1.));
#696 = DEFINITIONAL_REPRESENTATION('',(#697),#701);
#697 = LINE('',#698,#699);
#698 = CARTESIAN_POINT('',(0.,1.570796326795));
#699 = VECTOR('',#700,1.);
#700 = DIRECTION('',(1.,0.));
#701 = ( GEOMETRIC_REPRESENTATION_CONTEXT(2) 
PARAMETRIC_REPRESENTATION_CONTEXT() REPRESENTATION_CONTEXT('2D SPACE',''
  ) );
#702 = FACE_BOUND('',#703,.F.);
#703 = EDGE_LOOP('',(#704));
#704 = ORIENTED_EDGE('',*,*,#705,.F.);
#705 = EDGE_CURVE('',#706,#706,#708,.T.);
#706 = VERTEX_POINT('',#707);
#707 = CARTESIAN_POINT('',(-4.041334437186E-16,0.,81.65));
#708 = SURFACE_CURVE('',#709,(#714,#721),.PCURVE_S1.);
#709 = CIRCLE('',#710,1.65);
#710 = AXIS2_PLACEMENT_3D('',#711,#712,#713);
#711 = CARTESIAN_POINT('',(0.,0.,80.));
#712 = DIRECTION('',(0.,1.,0.));
#713 = DIRECTION('',(0.,-0.,1.));
#714 = PCURVE('',#70,#715);
#715 = DEFINITIONAL_REPRESENTATION('',(#716),#720);
#716 = CIRCLE('',#717,1.65);
#717 = AXIS2_PLACEMENT_2D('',#718,#719);
#718 = CARTESIAN_POINT('',(80.,195.));
#719 = DIRECTION('',(1.,0.));
#720 = ( GEOMETRIC_REPRESENTATION_CONTEXT(2) 
PARAMETRIC_REPRESENTATION_CONTEXT() REPRESENTATION_CONTEXT('2D SPACE',''
  ) );
#721 = PCURVE('',#722,#727);
#722 = CYLINDRICAL_SURFACE('',#723,1.65);
#723 = AXIS2_PLACEMENT_3D('',#724,#725,#726);
#724 = CARTESIAN_POINT('',(0.,0.,80.));
#725 = DIRECTION('',(0.,1.,0.));
#726 = DIRECTION('',(0.,-0.,1.));
#727 = DEFINITIONAL_REPRESENTATION('',(#728),#732);
#728 = LINE('',#729,#730);
#729 = CARTESIAN_POINT('',(0.,0.));
#730 = VECTOR('',#731,1.);
#731 = DIRECTION('',(1.,0.));
#732 = ( GEOMETRIC_REPRESENTATION_CONTEXT(2) 
PARAMETRIC_REPRESENTATION_CONTEXT() REPRESENTATION_CONTEXT('2D SPACE',''
  ) );
#733 = FACE_BOUND('',#734,.F.);
#734 = EDGE_LOOP('',(#735));
#735 = ORIENTED_EDGE('',*,*,#736,.F.);
#736 = EDGE_CURVE('',#737,#737,#739,.T.);
#737 = VERTEX_POINT('',#738);
#738 = CARTESIAN_POINT('',(67.5,0.,78.5));
#739 = SURFACE_CURVE('',#740,(#745,#752),.PCURVE_S1.);
#740 = CIRCLE('',#741,15.);
#741 = AXIS2_PLACEMENT_3D('',#742,#743,#744);
#742 = CARTESIAN_POINT('',(67.5,0.,63.5));
#743 = DIRECTION('',(0.,1.,0.));
#744 = DIRECTION('',(0.,-0.,1.));
#745 = PCURVE('',#70,#746);
#746 = DEFINITIONAL_REPRESENTATION('',(#747),#751);
#747 = CIRCLE('',#748,15.);
#748 = AXIS2_PLACEMENT_2D('',#749,#750);
#749 = CARTESIAN_POINT('',(63.5,262.5));
#750 = DIRECTION('',(1.,0.));
#751 = ( GEOMETRIC_REPRESENTATION_CONTEXT(2) 
PARAMETRIC_REPRESENTATION_CONTEXT() REPRESENTATION_CONTEXT('2D SPACE',''
  ) );
#752 = PCURVE('',#753,#758);
#753 = TOROIDAL_SURFACE('',#754,15.,1.);
#754 = AXIS2_PLACEMENT_3D('',#755,#756,#757);
#755 = CARTESIAN_POINT('',(67.5,-1.,63.5));
#756 = DIRECTION('',(0.,1.,0.));
#757 = DIRECTION('',(0.,-0.,1.));
#758 = DEFINITIONAL_REPRESENTATION('',(#759),#763);
#759 = LINE('',#760,#761);
#760 = CARTESIAN_POINT('',(0.,1.570796326795));
#761 = VECTOR('',#762,1.);
#762 = DIRECTION('',(1.,0.));
#763 = ( GEOMETRIC_REPRESENTATION_CONTEXT(2) 
PARAMETRIC_REPRESENTATION_CONTEXT() REPRESENTATION_CONTEXT('2D SPACE',''
  ) );
#764 = FACE_BOUND('',#765,.F.);
#765 = EDGE_LOOP('',(#766));
#766 = ORIENTED_EDGE('',*,*,#767,.F.);
#767 = EDGE_CURVE('',#768,#768,#770,.T.);
#768 = VERTEX_POINT('',#769);
#769 = CARTESIAN_POINT('',(112.5,0.,78.5));
#770 = SURFACE_CURVE('',#771,(#776,#783),.PCURVE_S1.);
#771 = CIRCLE('',#772,15.);
#772 = AXIS2_PLACEMENT_3D('',#773,#774,#775);
#773 = CARTESIAN_POINT('',(112.5,0.,63.5));
#774 = DIRECTION('',(0.,1.,0.));
#775 = DIRECTION('',(0.,-0.,1.));
#776 = PCURVE('',#70,#777);
#777 = DEFINITIONAL_REPRESENTATION('',(#778),#782);
#778 = CIRCLE('',#779,15.);
#779 = AXIS2_PLACEMENT_2D('',#780,#781);
#780 = CARTESIAN_POINT('',(63.5,307.5));
#781 = DIRECTION('',(1.,0.));
#782 = ( GEOMETRIC_REPRESENTATION_CONTEXT(2) 
PARAMETRIC_REPRESENTATION_CONTEXT() REPRESENTATION_CONTEXT('2D SPACE',''
  ) );
#783 = PCURVE('',#784,#789);
#784 = TOROIDAL_SURFACE('',#785,15.,1.);
#785 = AXIS2_PLACEMENT_3D('',#786,#787,#788);
#786 = CARTESIAN_POINT('',(112.5,-1.,63.5));
#787 = DIRECTION('',(0.,1.,0.));
#788 = DIRECTION('',(0.,-0.,1.));
#789 = DEFINITIONAL_REPRESENTATION('',(#790),#794);
#790 = LINE('',#791,#792);
#791 = CARTESIAN_POINT('',(0.,1.570796326795));
#792 = VECTOR('',#793,1.);
#793 = DIRECTION('',(1.,0.));
#794 = ( GEOMETRIC_REPRESENTATION_CONTEXT(2) 
PARAMETRIC_REPRESENTATION_CONTEXT() REPRESENTATION_CONTEXT('2D SPACE',''
  ) );
#795 = FACE_BOUND('',#796,.F.);
#796 = EDGE_LOOP('',(#797));
#797 = ORIENTED_EDGE('',*,*,#798,.F.);
#798 = EDGE_CURVE('',#799,#799,#801,.T.);
#799 = VERTEX_POINT('',#800);
#800 = CARTESIAN_POINT('',(157.5,0.,78.5));
#801 = SURFACE_CURVE('',#802,(#807,#814),.PCURVE_S1.);
#802 = CIRCLE('',#803,15.);
#803 = AXIS2_PLACEMENT_3D('',#804,#805,#806);
#804 = CARTESIAN_POINT('',(157.5,0.,63.5));
#805 = DIRECTION('',(0.,1.,0.));
#806 = DIRECTION('',(0.,-0.,1.));
#807 = PCURVE('',#70,#808);
#808 = DEFINITIONAL_REPRESENTATION('',(#809),#813);
#809 = CIRCLE('',#810,15.);
#810 = AXIS2_PLACEMENT_2D('',#811,#812);
#811 = CARTESIAN_POINT('',(63.5,352.5));
#812 = DIRECTION('',(1.,0.));
#813 = ( GEOMETRIC_REPRESENTATION_CONTEXT(2) 
PARAMETRIC_REPRESENTATION_CONTEXT() REPRESENTATION_CONTEXT('2D SPACE',''
  ) );
#814 = PCURVE('',#815,#820);
#815 = TOROIDAL_SURFACE('',#816,15.,1.);
#816 = AXIS2_PLACEMENT_3D('',#817,#818,#819);
#817 = CARTESIAN_POINT('',(157.5,-1.,63.5));
#818 = DIRECTION('',(0.,1.,0.));
#819 = DIRECTION('',(0.,-0.,1.));
#820 = DEFINITIONAL_REPRESENTATION('',(#821),#825);
#821 = LINE('',#822,#823);
#822 = CARTESIAN_POINT('',(0.,1.570796326795));
#823 = VECTOR('',#824,1.);
#824 = DIRECTION('',(1.,0.));
#825 = ( GEOMETRIC_REPRESENTATION_CONTEXT(2) 
PARAMETRIC_REPRESENTATION_CONTEXT() REPRESENTATION_CONTEXT('2D SPACE',''
  ) );
#826 = FACE_BOUND('',#827,.F.);
#827 = EDGE_LOOP('',(#828));
#828 = ORIENTED_EDGE('',*,*,#829,.F.);
#829 = EDGE_CURVE('',#830,#830,#832,.T.);
#830 = VERTEX_POINT('',#831);
#831 = CARTESIAN_POINT('',(178.,0.,81.65));
#832 = SURFACE_CURVE('',#833,(#838,#845),.PCURVE_S1.);
#833 = CIRCLE('',#834,1.65);
#834 = AXIS2_PLACEMENT_3D('',#835,#836,#837);
#835 = CARTESIAN_POINT('',(178.,0.,80.));
#836 = DIRECTION('',(0.,1.,0.));
#837 = DIRECTION('',(0.,-0.,1.));
#838 = PCURVE('',#70,#839);
#839 = DEFINITIONAL_REPRESENTATION('',(#840),#844);
#840 = CIRCLE('',#841,1.65);
#841 = AXIS2_PLACEMENT_2D('',#842,#843);
#842 = CARTESIAN_POINT('',(80.,373.));
#843 = DIRECTION('',(1.,0.));
#844 = ( GEOMETRIC_REPRESENTATION_CONTEXT(2) 
PARAMETRIC_REPRESENTATION_CONTEXT() REPRESENTATION_CONTEXT('2D SPACE',''
  ) );
#845 = PCURVE('',#846,#851);
#846 = CYLINDRICAL_SURFACE('',#847,1.65);
#847 = AXIS2_PLACEMENT_3D('',#848,#849,#850);
#848 = CARTESIAN_POINT('',(178.,0.,80.));
#849 = DIRECTION('',(0.,1.,0.));
#850 = DIRECTION('',(0.,-0.,1.));
#851 = DEFINITIONAL_REPRESENTATION('',(#852),#856);
#852 = LINE('',#853,#854);
#853 = CARTESIAN_POINT('',(0.,0.));
#854 = VECTOR('',#855,1.);
#855 = DIRECTION('',(1.,0.));
#856 = ( GEOMETRIC_REPRESENTATION_CONTEXT(2) 
PARAMETRIC_REPRESENTATION_CONTEXT() REPRESENTATION_CONTEXT('2D SPACE',''
  ) );
#857 = ADVANCED_FACE('',(#858),#82,.F.);
#858 = FACE_BOUND('',#859,.F.);
#859 = EDGE_LOOP('',(#860,#883,#884,#907));
#860 = ORIENTED_EDGE('',*,*,#861,.F.);
#861 = EDGE_CURVE('',#60,#862,#864,.T.);
#862 = VERTEX_POINT('',#863);
#863 = CARTESIAN_POINT('',(-195.,40.,0.));
#864 = SURFACE_CURVE('',#865,(#869,#876),.PCURVE_S1.);
#865 = LINE('',#866,#867);
#866 = CARTESIAN_POINT('',(-195.,0.,0.));
#867 = VECTOR('',#868,1.);
#868 = DIRECTION('',(0.,1.,0.));
#869 = PCURVE('',#82,#870);
#870 = DEFINITIONAL_REPRESENTATION('',(#871),#875);
#871 = LINE('',#872,#873);
#872 = CARTESIAN_POINT('',(0.,0.));
#873 = VECTOR('',#874,1.);
#874 = DIRECTION('',(0.,1.));
#875 = ( GEOMETRIC_REPRESENTATION_CONTEXT(2) 
PARAMETRIC_REPRESENTATION_CONTEXT() REPRESENTATION_CONTEXT('2D SPACE',''
  ) );
#876 = PCURVE('',#110,#877);
#877 = DEFINITIONAL_REPRESENTATION('',(#878),#882);
#878 = LINE('',#879,#880);
#879 = CARTESIAN_POINT('',(0.,0.));
#880 = VECTOR('',#881,1.);
#881 = DIRECTION('',(0.,-1.));
#882 = ( GEOMETRIC_REPRESENTATION_CONTEXT(2) 
PARAMETRIC_REPRESENTATION_CONTEXT() REPRESENTATION_CONTEXT('2D SPACE',''
  ) );
#883 = ORIENTED_EDGE('',*,*,#59,.T.);
#884 = ORIENTED_EDGE('',*,*,#885,.T.);
#885 = EDGE_CURVE('',#62,#886,#888,.T.);
#886 = VERTEX_POINT('',#887);
#887 = CARTESIAN_POINT('',(195.,40.,0.));
#888 = SURFACE_CURVE('',#889,(#893,#900),.PCURVE_S1.);
#889 = LINE('',#890,#891);
#890 = CARTESIAN_POINT('',(195.,0.,0.));
#891 = VECTOR('',#892,1.);
#892 = DIRECTION('',(0.,1.,0.));
#893 = PCURVE('',#82,#894);
#894 = DEFINITIONAL_REPRESENTATION('',(#895),#899);
#895 = LINE('',#896,#897);
#896 = CARTESIAN_POINT('',(390.,0.));
#897 = VECTOR('',#898,1.);
#898 = DIRECTION('',(0.,1.));
#899 = ( GEOMETRIC_REPRESENTATION_CONTEXT(2) 
PARAMETRIC_REPRESENTATION_CONTEXT() REPRESENTATION_CONTEXT('2D SPACE',''
  ) );
#900 = PCURVE('',#164,#901);
#901 = DEFINITIONAL_REPRESENTATION('',(#902),#906);
#902 = LINE('',#903,#904);
#903 = CARTESIAN_POINT('',(0.,0.));
#904 = VECTOR('',#905,1.);
#905 = DIRECTION('',(0.,-1.));
#906 = ( GEOMETRIC_REPRESENTATION_CONTEXT(2) 
PARAMETRIC_REPRESENTATION_CONTEXT() REPRESENTATION_CONTEXT('2D SPACE',''
  ) );
#907 = ORIENTED_EDGE('',*,*,#908,.F.);
#908 = EDGE_CURVE('',#862,#886,#909,.T.);
#909 = SURFACE_CURVE('',#910,(#914,#921),.PCURVE_S1.);
#910 = LINE('',#911,#912);
#911 = CARTESIAN_POINT('',(-195.,40.,0.));
#912 = VECTOR('',#913,1.);
#913 = DIRECTION('',(1.,0.,0.));
#914 = PCURVE('',#82,#915);
#915 = DEFINITIONAL_REPRESENTATION('',(#916),#920);
#916 = LINE('',#917,#918);
#917 = CARTESIAN_POINT('',(0.,40.));
#918 = VECTOR('',#919,1.);
#919 = DIRECTION('',(1.,0.));
#920 = ( GEOMETRIC_REPRESENTATION_CONTEXT(2) 
PARAMETRIC_REPRESENTATION_CONTEXT() REPRESENTATION_CONTEXT('2D SPACE',''
  ) );
#921 = PCURVE('',#922,#927);
#922 = PLANE('',#923);
#923 = AXIS2_PLACEMENT_3D('',#924,#925,#926);
#924 = CARTESIAN_POINT('',(-195.,40.,0.));
#925 = DIRECTION('',(0.,1.,0.));
#926 = DIRECTION('',(0.,0.,1.));
#927 = DEFINITIONAL_REPRESENTATION('',(#928),#932);
#928 = LINE('',#929,#930);
#929 = CARTESIAN_POINT('',(0.,0.));
#930 = VECTOR('',#931,1.);
#931 = DIRECTION('',(0.,1.));
#932 = ( GEOMETRIC_REPRESENTATION_CONTEXT(2) 
PARAMETRIC_REPRESENTATION_CONTEXT() REPRESENTATION_CONTEXT('2D SPACE',''
  ) );
#933 = ADVANCED_FACE('',(#934,#982,#1017),#164,.T.);
#934 = FACE_BOUND('',#935,.T.);
#935 = EDGE_LOOP('',(#936,#937,#938,#961));
#936 = ORIENTED_EDGE('',*,*,#150,.F.);
#937 = ORIENTED_EDGE('',*,*,#885,.T.);
#938 = ORIENTED_EDGE('',*,*,#939,.T.);
#939 = EDGE_CURVE('',#886,#940,#942,.T.);
#940 = VERTEX_POINT('',#941);
#941 = CARTESIAN_POINT('',(195.,40.,87.));
#942 = SURFACE_CURVE('',#943,(#947,#954),.PCURVE_S1.);
#943 = LINE('',#944,#945);
#944 = CARTESIAN_POINT('',(195.,40.,0.));
#945 = VECTOR('',#946,1.);
#946 = DIRECTION('',(0.,0.,1.));
#947 = PCURVE('',#164,#948);
#948 = DEFINITIONAL_REPRESENTATION('',(#949),#953);
#949 = LINE('',#950,#951);
#950 = CARTESIAN_POINT('',(0.,-40.));
#951 = VECTOR('',#952,1.);
#952 = DIRECTION('',(1.,0.));
#953 = ( GEOMETRIC_REPRESENTATION_CONTEXT(2) 
PARAMETRIC_REPRESENTATION_CONTEXT() REPRESENTATION_CONTEXT('2D SPACE',''
  ) );
#954 = PCURVE('',#922,#955);
#955 = DEFINITIONAL_REPRESENTATION('',(#956),#960);
#956 = LINE('',#957,#958);
#957 = CARTESIAN_POINT('',(0.,390.));
#958 = VECTOR('',#959,1.);
#959 = DIRECTION('',(1.,0.));
#960 = ( GEOMETRIC_REPRESENTATION_CONTEXT(2) 
PARAMETRIC_REPRESENTATION_CONTEXT() REPRESENTATION_CONTEXT('2D SPACE',''
  ) );
#961 = ORIENTED_EDGE('',*,*,#962,.F.);
#962 = EDGE_CURVE('',#123,#940,#963,.T.);
#963 = SURFACE_CURVE('',#964,(#968,#975),.PCURVE_S1.);
#964 = LINE('',#965,#966);
#965 = CARTESIAN_POINT('',(195.,0.,87.));
#966 = VECTOR('',#967,1.);
#967 = DIRECTION('',(0.,1.,0.));
#968 = PCURVE('',#164,#969);
#969 = DEFINITIONAL_REPRESENTATION('',(#970),#974);
#970 = LINE('',#971,#972);
#971 = CARTESIAN_POINT('',(87.,0.));
#972 = VECTOR('',#973,1.);
#973 = DIRECTION('',(0.,-1.));
#974 = ( GEOMETRIC_REPRESENTATION_CONTEXT(2) 
PARAMETRIC_REPRESENTATION_CONTEXT() REPRESENTATION_CONTEXT('2D SPACE',''
  ) );
#975 = PCURVE('',#138,#976);
#976 = DEFINITIONAL_REPRESENTATION('',(#977),#981);
#977 = LINE('',#978,#979);
#978 = CARTESIAN_POINT('',(390.,0.));
#979 = VECTOR('',#980,1.);
#980 = DIRECTION('',(0.,1.));
#981 = ( GEOMETRIC_REPRESENTATION_CONTEXT(2) 
PARAMETRIC_REPRESENTATION_CONTEXT() REPRESENTATION_CONTEXT('2D SPACE',''
  ) );
#982 = FACE_BOUND('',#983,.T.);
#983 = EDGE_LOOP('',(#984));
#984 = ORIENTED_EDGE('',*,*,#985,.T.);
#985 = EDGE_CURVE('',#986,#986,#988,.T.);
#986 = VERTEX_POINT('',#987);
#987 = CARTESIAN_POINT('',(195.,26.,16.6));
#988 = SURFACE_CURVE('',#989,(#994,#1005),.PCURVE_S1.);
#989 = CIRCLE('',#990,6.9);
#990 = AXIS2_PLACEMENT_3D('',#991,#992,#993);
#991 = CARTESIAN_POINT('',(195.,26.,23.5));
#992 = DIRECTION('',(-1.,0.,0.));
#993 = DIRECTION('',(0.,0.,-1.));
#994 = PCURVE('',#164,#995);
#995 = DEFINITIONAL_REPRESENTATION('',(#996),#1004);
#996 = ( BOUNDED_CURVE() B_SPLINE_CURVE(2,(#997,#998,#999,#1000,#1001,
#1002,#1003),.UNSPECIFIED.,.T.,.F.) B_SPLINE_CURVE_WITH_KNOTS((1,2,2,2,2
    ,1),(-2.094395102393,0.,2.094395102393,4.188790204786,6.28318530718,
8.377580409573),.UNSPECIFIED.) CURVE() GEOMETRIC_REPRESENTATION_ITEM() 
RATIONAL_B_SPLINE_CURVE((1.,0.5,1.,0.5,1.,0.5,1.)) REPRESENTATION_ITEM(
  '') );
#997 = CARTESIAN_POINT('',(16.6,-26.));
#998 = CARTESIAN_POINT('',(16.6,-14.04884942777));
#999 = CARTESIAN_POINT('',(26.95,-20.02442471388));
#1000 = CARTESIAN_POINT('',(37.3,-26.));
#1001 = CARTESIAN_POINT('',(26.95,-31.97557528611));
#1002 = CARTESIAN_POINT('',(16.6,-37.95115057222));
#1003 = CARTESIAN_POINT('',(16.6,-26.));
#1004 = ( GEOMETRIC_REPRESENTATION_CONTEXT(2) 
PARAMETRIC_REPRESENTATION_CONTEXT() REPRESENTATION_CONTEXT('2D SPACE',''
  ) );
#1005 = PCURVE('',#1006,#1011);
#1006 = CONICAL_SURFACE('',#1007,6.9,0.785398163397);
#1007 = AXIS2_PLACEMENT_3D('',#1008,#1009,#1010);
#1008 = CARTESIAN_POINT('',(195.,26.,23.5));
#1009 = DIRECTION('',(1.,-0.,-0.));
#1010 = DIRECTION('',(0.,0.,-1.));
#1011 = DEFINITIONAL_REPRESENTATION('',(#1012),#1016);
#1012 = LINE('',#1013,#1014);
#1013 = CARTESIAN_POINT('',(-0.,-0.));
#1014 = VECTOR('',#1015,1.);
#1015 = DIRECTION('',(-1.,-0.));
#1016 = ( GEOMETRIC_REPRESENTATION_CONTEXT(2) 
PARAMETRIC_REPRESENTATION_CONTEXT() REPRESENTATION_CONTEXT('2D SPACE',''
  ) );
#1017 = FACE_BOUND('',#1018,.T.);
#1018 = EDGE_LOOP('',(#1019));
#1019 = ORIENTED_EDGE('',*,*,#1020,.T.);
#1020 = EDGE_CURVE('',#1021,#1021,#1023,.T.);
#1021 = VERTEX_POINT('',#1022);
#1022 = CARTESIAN_POINT('',(195.,26.,56.6));
#1023 = SURFACE_CURVE('',#1024,(#1029,#1040),.PCURVE_S1.);
#1024 = CIRCLE('',#1025,6.9);
#1025 = AXIS2_PLACEMENT_3D('',#1026,#1027,#1028);
#1026 = CARTESIAN_POINT('',(195.,26.,63.5));
#1027 = DIRECTION('',(-1.,0.,0.));
#1028 = DIRECTION('',(0.,0.,-1.));
#1029 = PCURVE('',#164,#1030);
#1030 = DEFINITIONAL_REPRESENTATION('',(#1031),#1039);
#1031 = ( BOUNDED_CURVE() B_SPLINE_CURVE(2,(#1032,#1033,#1034,#1035,
#1036,#1037,#1038),.UNSPECIFIED.,.T.,.F.) B_SPLINE_CURVE_WITH_KNOTS((1,2
    ,2,2,2,1),(-2.094395102393,0.,2.094395102393,4.188790204786,
6.28318530718,8.377580409573),.UNSPECIFIED.) CURVE() 
GEOMETRIC_REPRESENTATION_ITEM() RATIONAL_B_SPLINE_CURVE((1.,0.5,1.,0.5,
1.,0.5,1.)) REPRESENTATION_ITEM('') );
#1032 = CARTESIAN_POINT('',(56.6,-26.));
#1033 = CARTESIAN_POINT('',(56.6,-14.04884942777));
#1034 = CARTESIAN_POINT('',(66.95,-20.02442471388));
#1035 = CARTESIAN_POINT('',(77.3,-26.));
#1036 = CARTESIAN_POINT('',(66.95,-31.97557528611));
#1037 = CARTESIAN_POINT('',(56.6,-37.95115057222));
#1038 = CARTESIAN_POINT('',(56.6,-26.));
#1039 = ( GEOMETRIC_REPRESENTATION_CONTEXT(2) 
PARAMETRIC_REPRESENTATION_CONTEXT() REPRESENTATION_CONTEXT('2D SPACE',''
  ) );
#1040 = PCURVE('',#1041,#1046);
#1041 = CONICAL_SURFACE('',#1042,6.9,0.785398163397);
#1042 = AXIS2_PLACEMENT_3D('',#1043,#1044,#1045);
#1043 = CARTESIAN_POINT('',(195.,26.,63.5));
#1044 = DIRECTION('',(1.,-0.,-0.));
#1045 = DIRECTION('',(0.,0.,-1.));
#1046 = DEFINITIONAL_REPRESENTATION('',(#1047),#1051);
#1047 = LINE('',#1048,#1049);
#1048 = CARTESIAN_POINT('',(-0.,-0.));
#1049 = VECTOR('',#1050,1.);
#1050 = DIRECTION('',(-1.,-0.));
#1051 = ( GEOMETRIC_REPRESENTATION_CONTEXT(2) 
PARAMETRIC_REPRESENTATION_CONTEXT() REPRESENTATION_CONTEXT('2D SPACE',''
  ) );
#1052 = ADVANCED_FACE('',(#1053,#1101,#1132),#110,.F.);
#1053 = FACE_BOUND('',#1054,.F.);
#1054 = EDGE_LOOP('',(#1055,#1056,#1057,#1080));
#1055 = ORIENTED_EDGE('',*,*,#94,.F.);
#1056 = ORIENTED_EDGE('',*,*,#861,.T.);
#1057 = ORIENTED_EDGE('',*,*,#1058,.T.);
#1058 = EDGE_CURVE('',#862,#1059,#1061,.T.);
#1059 = VERTEX_POINT('',#1060);
#1060 = CARTESIAN_POINT('',(-195.,40.,87.));
#1061 = SURFACE_CURVE('',#1062,(#1066,#1073),.PCURVE_S1.);
#1062 = LINE('',#1063,#1064);
#1063 = CARTESIAN_POINT('',(-195.,40.,0.));
#1064 = VECTOR('',#1065,1.);
#1065 = DIRECTION('',(0.,0.,1.));
#1066 = PCURVE('',#110,#1067);
#1067 = DEFINITIONAL_REPRESENTATION('',(#1068),#1072);
#1068 = LINE('',#1069,#1070);
#1069 = CARTESIAN_POINT('',(0.,-40.));
#1070 = VECTOR('',#1071,1.);
#1071 = DIRECTION('',(1.,0.));
#1072 = ( GEOMETRIC_REPRESENTATION_CONTEXT(2) 
PARAMETRIC_REPRESENTATION_CONTEXT() REPRESENTATION_CONTEXT('2D SPACE',''
  ) );
#1073 = PCURVE('',#922,#1074);
#1074 = DEFINITIONAL_REPRESENTATION('',(#1075),#1079);
#1075 = LINE('',#1076,#1077);
#1076 = CARTESIAN_POINT('',(0.,0.));
#1077 = VECTOR('',#1078,1.);
#1078 = DIRECTION('',(1.,0.));
#1079 = ( GEOMETRIC_REPRESENTATION_CONTEXT(2) 
PARAMETRIC_REPRESENTATION_CONTEXT() REPRESENTATION_CONTEXT('2D SPACE',''
  ) );
#1080 = ORIENTED_EDGE('',*,*,#1081,.F.);
#1081 = EDGE_CURVE('',#95,#1059,#1082,.T.);
#1082 = SURFACE_CURVE('',#1083,(#1087,#1094),.PCURVE_S1.);
#1083 = LINE('',#1084,#1085);
#1084 = CARTESIAN_POINT('',(-195.,0.,87.));
#1085 = VECTOR('',#1086,1.);
#1086 = DIRECTION('',(0.,1.,0.));
#1087 = PCURVE('',#110,#1088);
#1088 = DEFINITIONAL_REPRESENTATION('',(#1089),#1093);
#1089 = LINE('',#1090,#1091);
#1090 = CARTESIAN_POINT('',(87.,0.));
#1091 = VECTOR('',#1092,1.);
#1092 = DIRECTION('',(0.,-1.));
#1093 = ( GEOMETRIC_REPRESENTATION_CONTEXT(2) 
PARAMETRIC_REPRESENTATION_CONTEXT() REPRESENTATION_CONTEXT('2D SPACE',''
  ) );
#1094 = PCURVE('',#138,#1095);
#1095 = DEFINITIONAL_REPRESENTATION('',(#1096),#1100);
#1096 = LINE('',#1097,#1098);
#1097 = CARTESIAN_POINT('',(0.,0.));
#1098 = VECTOR('',#1099,1.);
#1099 = DIRECTION('',(0.,1.));
#1100 = ( GEOMETRIC_REPRESENTATION_CONTEXT(2) 
PARAMETRIC_REPRESENTATION_CONTEXT() REPRESENTATION_CONTEXT('2D SPACE',''
  ) );
#1101 = FACE_BOUND('',#1102,.F.);
#1102 = EDGE_LOOP('',(#1103));
#1103 = ORIENTED_EDGE('',*,*,#1104,.F.);
#1104 = EDGE_CURVE('',#1105,#1105,#1107,.T.);
#1105 = VERTEX_POINT('',#1106);
#1106 = CARTESIAN_POINT('',(-195.,26.,30.4));
#1107 = SURFACE_CURVE('',#1108,(#1113,#1120),.PCURVE_S1.);
#1108 = CIRCLE('',#1109,6.9);
#1109 = AXIS2_PLACEMENT_3D('',#1110,#1111,#1112);
#1110 = CARTESIAN_POINT('',(-195.,26.,23.5));
#1111 = DIRECTION('',(1.,0.,0.));
#1112 = DIRECTION('',(-0.,0.,1.));
#1113 = PCURVE('',#110,#1114);
#1114 = DEFINITIONAL_REPRESENTATION('',(#1115),#1119);
#1115 = CIRCLE('',#1116,6.9);
#1116 = AXIS2_PLACEMENT_2D('',#1117,#1118);
#1117 = CARTESIAN_POINT('',(23.5,-26.));
#1118 = DIRECTION('',(1.,0.));
#1119 = ( GEOMETRIC_REPRESENTATION_CONTEXT(2) 
PARAMETRIC_REPRESENTATION_CONTEXT() REPRESENTATION_CONTEXT('2D SPACE',''
  ) );
#1120 = PCURVE('',#1121,#1126);
#1121 = CONICAL_SURFACE('',#1122,6.9,0.785398163397);
#1122 = AXIS2_PLACEMENT_3D('',#1123,#1124,#1125);
#1123 = CARTESIAN_POINT('',(-195.,26.,23.5));
#1124 = DIRECTION('',(-1.,-0.,-0.));
#1125 = DIRECTION('',(-0.,0.,1.));
#1126 = DEFINITIONAL_REPRESENTATION('',(#1127),#1131);
#1127 = LINE('',#1128,#1129);
#1128 = CARTESIAN_POINT('',(-0.,-0.));
#1129 = VECTOR('',#1130,1.);
#1130 = DIRECTION('',(-1.,-0.));
#1131 = ( GEOMETRIC_REPRESENTATION_CONTEXT(2) 
PARAMETRIC_REPRESENTATION_CONTEXT() REPRESENTATION_CONTEXT('2D SPACE',''
  ) );
#1132 = FACE_BOUND('',#1133,.F.);
#1133 = EDGE_LOOP('',(#1134));
#1134 = ORIENTED_EDGE('',*,*,#1135,.F.);
#1135 = EDGE_CURVE('',#1136,#1136,#1138,.T.);
#1136 = VERTEX_POINT('',#1137);
#1137 = CARTESIAN_POINT('',(-195.,26.,70.4));
#1138 = SURFACE_CURVE('',#1139,(#1144,#1151),.PCURVE_S1.);
#1139 = CIRCLE('',#1140,6.9);
#1140 = AXIS2_PLACEMENT_3D('',#1141,#1142,#1143);
#1141 = CARTESIAN_POINT('',(-195.,26.,63.5));
#1142 = DIRECTION('',(1.,0.,0.));
#1143 = DIRECTION('',(-0.,0.,1.));
#1144 = PCURVE('',#110,#1145);
#1145 = DEFINITIONAL_REPRESENTATION('',(#1146),#1150);
#1146 = CIRCLE('',#1147,6.9);
#1147 = AXIS2_PLACEMENT_2D('',#1148,#1149);
#1148 = CARTESIAN_POINT('',(63.5,-26.));
#1149 = DIRECTION('',(1.,0.));
#1150 = ( GEOMETRIC_REPRESENTATION_CONTEXT(2) 
PARAMETRIC_REPRESENTATION_CONTEXT() REPRESENTATION_CONTEXT('2D SPACE',''
  ) );
#1151 = PCURVE('',#1152,#1157);
#1152 = CONICAL_SURFACE('',#1153,6.9,0.785398163397);
#1153 = AXIS2_PLACEMENT_3D('',#1154,#1155,#1156);
#1154 = CARTESIAN_POINT('',(-195.,26.,63.5));
#1155 = DIRECTION('',(-1.,-0.,-0.));
#1156 = DIRECTION('',(-0.,0.,1.));
#1157 = DEFINITIONAL_REPRESENTATION('',(#1158),#1162);
#1158 = LINE('',#1159,#1160);
#1159 = CARTESIAN_POINT('',(-0.,-0.));
#1160 = VECTOR('',#1161,1.);
#1161 = DIRECTION('',(-1.,-0.));
#1162 = ( GEOMETRIC_REPRESENTATION_CONTEXT(2) 
PARAMETRIC_REPRESENTATION_CONTEXT() REPRESENTATION_CONTEXT('2D SPACE',''
  ) );
#1163 = ADVANCED_FACE('',(#1164),#138,.T.);
#1164 = FACE_BOUND('',#1165,.T.);
#1165 = EDGE_LOOP('',(#1166,#1167,#1168,#1169));
#1166 = ORIENTED_EDGE('',*,*,#1081,.F.);
#1167 = ORIENTED_EDGE('',*,*,#122,.T.);
#1168 = ORIENTED_EDGE('',*,*,#962,.T.);
#1169 = ORIENTED_EDGE('',*,*,#1170,.F.);
#1170 = EDGE_CURVE('',#1059,#940,#1171,.T.);
#1171 = SURFACE_CURVE('',#1172,(#1176,#1183),.PCURVE_S1.);
#1172 = LINE('',#1173,#1174);
#1173 = CARTESIAN_POINT('',(-195.,40.,87.));
#1174 = VECTOR('',#1175,1.);
#1175 = DIRECTION('',(1.,0.,0.));
#1176 = PCURVE('',#138,#1177);
#1177 = DEFINITIONAL_REPRESENTATION('',(#1178),#1182);
#1178 = LINE('',#1179,#1180);
#1179 = CARTESIAN_POINT('',(0.,40.));
#1180 = VECTOR('',#1181,1.);
#1181 = DIRECTION('',(1.,0.));
#1182 = ( GEOMETRIC_REPRESENTATION_CONTEXT(2) 
PARAMETRIC_REPRESENTATION_CONTEXT() REPRESENTATION_CONTEXT('2D SPACE',''
  ) );
#1183 = PCURVE('',#922,#1184);
#1184 = DEFINITIONAL_REPRESENTATION('',(#1185),#1189);
#1185 = LINE('',#1186,#1187);
#1186 = CARTESIAN_POINT('',(87.,0.));
#1187 = VECTOR('',#1188,1.);
#1188 = DIRECTION('',(0.,1.));
#1189 = ( GEOMETRIC_REPRESENTATION_CONTEXT(2) 
PARAMETRIC_REPRESENTATION_CONTEXT() REPRESENTATION_CONTEXT('2D SPACE',''
  ) );
#1190 = ADVANCED_FACE('',(#1191),#195,.F.);
#1191 = FACE_BOUND('',#1192,.F.);
#1192 = EDGE_LOOP('',(#1193,#1222,#1243,#1244));
#1193 = ORIENTED_EDGE('',*,*,#1194,.F.);
#1194 = EDGE_CURVE('',#1195,#1195,#1197,.T.);
#1195 = VERTEX_POINT('',#1196);
#1196 = CARTESIAN_POINT('',(-178.,14.,8.65));
#1197 = SURFACE_CURVE('',#1198,(#1203,#1210),.PCURVE_S1.);
#1198 = CIRCLE('',#1199,1.65);
#1199 = AXIS2_PLACEMENT_3D('',#1200,#1201,#1202);
#1200 = CARTESIAN_POINT('',(-178.,14.,7.));
#1201 = DIRECTION('',(0.,1.,0.));
#1202 = DIRECTION('',(0.,-0.,1.));
#1203 = PCURVE('',#195,#1204);
#1204 = DEFINITIONAL_REPRESENTATION('',(#1205),#1209);
#1205 = LINE('',#1206,#1207);
#1206 = CARTESIAN_POINT('',(0.,14.));
#1207 = VECTOR('',#1208,1.);
#1208 = DIRECTION('',(1.,0.));
#1209 = ( GEOMETRIC_REPRESENTATION_CONTEXT(2) 
PARAMETRIC_REPRESENTATION_CONTEXT() REPRESENTATION_CONTEXT('2D SPACE',''
  ) );
#1210 = PCURVE('',#1211,#1216);
#1211 = PLANE('',#1212);
#1212 = AXIS2_PLACEMENT_3D('',#1213,#1214,#1215);
#1213 = CARTESIAN_POINT('',(-178.,14.,7.));
#1214 = DIRECTION('',(0.,1.,0.));
#1215 = DIRECTION('',(0.,-0.,1.));
#1216 = DEFINITIONAL_REPRESENTATION('',(#1217),#1221);
#1217 = CIRCLE('',#1218,1.65);
#1218 = AXIS2_PLACEMENT_2D('',#1219,#1220);
#1219 = CARTESIAN_POINT('',(0.,0.));
#1220 = DIRECTION('',(1.,0.));
#1221 = ( GEOMETRIC_REPRESENTATION_CONTEXT(2) 
PARAMETRIC_REPRESENTATION_CONTEXT() REPRESENTATION_CONTEXT('2D SPACE',''
  ) );
#1222 = ORIENTED_EDGE('',*,*,#1223,.F.);
#1223 = EDGE_CURVE('',#179,#1195,#1224,.T.);
#1224 = SEAM_CURVE('',#1225,(#1229,#1236),.PCURVE_S1.);
#1225 = LINE('',#1226,#1227);
#1226 = CARTESIAN_POINT('',(-178.,0.,8.65));
#1227 = VECTOR('',#1228,1.);
#1228 = DIRECTION('',(0.,1.,0.));
#1229 = PCURVE('',#195,#1230);
#1230 = DEFINITIONAL_REPRESENTATION('',(#1231),#1235);
#1231 = LINE('',#1232,#1233);
#1232 = CARTESIAN_POINT('',(6.28318530718,-0.));
#1233 = VECTOR('',#1234,1.);
#1234 = DIRECTION('',(0.,1.));
#1235 = ( GEOMETRIC_REPRESENTATION_CONTEXT(2) 
PARAMETRIC_REPRESENTATION_CONTEXT() REPRESENTATION_CONTEXT('2D SPACE',''
  ) );
#1236 = PCURVE('',#195,#1237);
#1237 = DEFINITIONAL_REPRESENTATION('',(#1238),#1242);
#1238 = LINE('',#1239,#1240);
#1239 = CARTESIAN_POINT('',(0.,-0.));
#1240 = VECTOR('',#1241,1.);
#1241 = DIRECTION('',(0.,1.));
#1242 = ( GEOMETRIC_REPRESENTATION_CONTEXT(2) 
PARAMETRIC_REPRESENTATION_CONTEXT() REPRESENTATION_CONTEXT('2D SPACE',''
  ) );
#1243 = ORIENTED_EDGE('',*,*,#178,.T.);
#1244 = ORIENTED_EDGE('',*,*,#1223,.T.);
#1245 = ADVANCED_FACE('',(#1246),#226,.F.);
#1246 = FACE_BOUND('',#1247,.F.);
#1247 = EDGE_LOOP('',(#1248,#1270,#1271,#1272));
#1248 = ORIENTED_EDGE('',*,*,#1249,.F.);
#1249 = EDGE_CURVE('',#210,#1250,#1252,.T.);
#1250 = VERTEX_POINT('',#1251);
#1251 = CARTESIAN_POINT('',(-157.5,-1.,37.5));
#1252 = SEAM_CURVE('',#1253,(#1258,#1264),.PCURVE_S1.);
#1253 = CIRCLE('',#1254,1.);
#1254 = AXIS2_PLACEMENT_3D('',#1255,#1256,#1257);
#1255 = CARTESIAN_POINT('',(-157.5,-1.,38.5));
#1256 = DIRECTION('',(-1.,0.,0.));
#1257 = DIRECTION('',(0.,0.,1.));
#1258 = PCURVE('',#226,#1259);
#1259 = DEFINITIONAL_REPRESENTATION('',(#1260),#1263);
#1260 = B_SPLINE_CURVE_WITH_KNOTS('',1,(#1261,#1262),.UNSPECIFIED.,.F.,
  .F.,(2,2),(1.570796326795,3.14159265359),.PIECEWISE_BEZIER_KNOTS.);
#1261 = CARTESIAN_POINT('',(0.,1.570796326795));
#1262 = CARTESIAN_POINT('',(0.,3.14159265359));
#1263 = ( GEOMETRIC_REPRESENTATION_CONTEXT(2) 
PARAMETRIC_REPRESENTATION_CONTEXT() REPRESENTATION_CONTEXT('2D SPACE',''
  ) );
#1264 = PCURVE('',#226,#1265);
#1265 = DEFINITIONAL_REPRESENTATION('',(#1266),#1269);
#1266 = B_SPLINE_CURVE_WITH_KNOTS('',1,(#1267,#1268),.UNSPECIFIED.,.F.,
  .F.,(2,2),(1.570796326795,3.14159265359),.PIECEWISE_BEZIER_KNOTS.);
#1267 = CARTESIAN_POINT('',(6.28318530718,1.570796326795));
#1268 = CARTESIAN_POINT('',(6.28318530718,3.14159265359));
#1269 = ( GEOMETRIC_REPRESENTATION_CONTEXT(2) 
PARAMETRIC_REPRESENTATION_CONTEXT() REPRESENTATION_CONTEXT('2D SPACE',''
  ) );
#1270 = ORIENTED_EDGE('',*,*,#209,.T.);
#1271 = ORIENTED_EDGE('',*,*,#1249,.T.);
#1272 = ORIENTED_EDGE('',*,*,#1273,.F.);
#1273 = EDGE_CURVE('',#1250,#1250,#1274,.T.);
#1274 = SURFACE_CURVE('',#1275,(#1280,#1287),.PCURVE_S1.);
#1275 = CIRCLE('',#1276,14.);
#1276 = AXIS2_PLACEMENT_3D('',#1277,#1278,#1279);
#1277 = CARTESIAN_POINT('',(-157.5,-1.,23.5));
#1278 = DIRECTION('',(0.,1.,0.));
#1279 = DIRECTION('',(0.,-0.,1.));
#1280 = PCURVE('',#226,#1281);
#1281 = DEFINITIONAL_REPRESENTATION('',(#1282),#1286);
#1282 = LINE('',#1283,#1284);
#1283 = CARTESIAN_POINT('',(0.,3.14159265359));
#1284 = VECTOR('',#1285,1.);
#1285 = DIRECTION('',(1.,0.));
#1286 = ( GEOMETRIC_REPRESENTATION_CONTEXT(2) 
PARAMETRIC_REPRESENTATION_CONTEXT() REPRESENTATION_CONTEXT('2D SPACE',''
  ) );
#1287 = PCURVE('',#1288,#1293);
#1288 = CYLINDRICAL_SURFACE('',#1289,14.);
#1289 = AXIS2_PLACEMENT_3D('',#1290,#1291,#1292);
#1290 = CARTESIAN_POINT('',(-157.5,-6.,23.5));
#1291 = DIRECTION('',(0.,1.,0.));
#1292 = DIRECTION('',(0.,-0.,1.));
#1293 = DEFINITIONAL_REPRESENTATION('',(#1294),#1298);
#1294 = LINE('',#1295,#1296);
#1295 = CARTESIAN_POINT('',(0.,5.));
#1296 = VECTOR('',#1297,1.);
#1297 = DIRECTION('',(1.,0.));
#1298 = ( GEOMETRIC_REPRESENTATION_CONTEXT(2) 
PARAMETRIC_REPRESENTATION_CONTEXT() REPRESENTATION_CONTEXT('2D SPACE',''
  ) );
#1299 = ADVANCED_FACE('',(#1300),#257,.F.);
#1300 = FACE_BOUND('',#1301,.F.);
#1301 = EDGE_LOOP('',(#1302,#1324,#1325,#1326));
#1302 = ORIENTED_EDGE('',*,*,#1303,.F.);
#1303 = EDGE_CURVE('',#241,#1304,#1306,.T.);
#1304 = VERTEX_POINT('',#1305);
#1305 = CARTESIAN_POINT('',(-112.5,-1.,37.5));
#1306 = SEAM_CURVE('',#1307,(#1312,#1318),.PCURVE_S1.);
#1307 = CIRCLE('',#1308,1.);
#1308 = AXIS2_PLACEMENT_3D('',#1309,#1310,#1311);
#1309 = CARTESIAN_POINT('',(-112.5,-1.,38.5));
#1310 = DIRECTION('',(-1.,0.,0.));
#1311 = DIRECTION('',(0.,0.,1.));
#1312 = PCURVE('',#257,#1313);
#1313 = DEFINITIONAL_REPRESENTATION('',(#1314),#1317);
#1314 = B_SPLINE_CURVE_WITH_KNOTS('',1,(#1315,#1316),.UNSPECIFIED.,.F.,
  .F.,(2,2),(1.570796326795,3.14159265359),.PIECEWISE_BEZIER_KNOTS.);
#1315 = CARTESIAN_POINT('',(0.,1.570796326795));
#1316 = CARTESIAN_POINT('',(0.,3.14159265359));
#1317 = ( GEOMETRIC_REPRESENTATION_CONTEXT(2) 
PARAMETRIC_REPRESENTATION_CONTEXT() REPRESENTATION_CONTEXT('2D SPACE',''
  ) );
#1318 = PCURVE('',#257,#1319);
#1319 = DEFINITIONAL_REPRESENTATION('',(#1320),#1323);
#1320 = B_SPLINE_CURVE_WITH_KNOTS('',1,(#1321,#1322),.UNSPECIFIED.,.F.,
  .F.,(2,2),(1.570796326795,3.14159265359),.PIECEWISE_BEZIER_KNOTS.);
#1321 = CARTESIAN_POINT('',(6.28318530718,1.570796326795));
#1322 = CARTESIAN_POINT('',(6.28318530718,3.14159265359));
#1323 = ( GEOMETRIC_REPRESENTATION_CONTEXT(2) 
PARAMETRIC_REPRESENTATION_CONTEXT() REPRESENTATION_CONTEXT('2D SPACE',''
  ) );
#1324 = ORIENTED_EDGE('',*,*,#240,.T.);
#1325 = ORIENTED_EDGE('',*,*,#1303,.T.);
#1326 = ORIENTED_EDGE('',*,*,#1327,.F.);
#1327 = EDGE_CURVE('',#1304,#1304,#1328,.T.);
#1328 = SURFACE_CURVE('',#1329,(#1334,#1341),.PCURVE_S1.);
#1329 = CIRCLE('',#1330,14.);
#1330 = AXIS2_PLACEMENT_3D('',#1331,#1332,#1333);
#1331 = CARTESIAN_POINT('',(-112.5,-1.,23.5));
#1332 = DIRECTION('',(0.,1.,0.));
#1333 = DIRECTION('',(0.,-0.,1.));
#1334 = PCURVE('',#257,#1335);
#1335 = DEFINITIONAL_REPRESENTATION('',(#1336),#1340);
#1336 = LINE('',#1337,#1338);
#1337 = CARTESIAN_POINT('',(0.,3.14159265359));
#1338 = VECTOR('',#1339,1.);
#1339 = DIRECTION('',(1.,0.));
#1340 = ( GEOMETRIC_REPRESENTATION_CONTEXT(2) 
PARAMETRIC_REPRESENTATION_CONTEXT() REPRESENTATION_CONTEXT('2D SPACE',''
  ) );
#1341 = PCURVE('',#1342,#1347);
#1342 = CYLINDRICAL_SURFACE('',#1343,14.);
#1343 = AXIS2_PLACEMENT_3D('',#1344,#1345,#1346);
#1344 = CARTESIAN_POINT('',(-112.5,-6.,23.5));
#1345 = DIRECTION('',(0.,1.,0.));
#1346 = DIRECTION('',(0.,-0.,1.));
#1347 = DEFINITIONAL_REPRESENTATION('',(#1348),#1352);
#1348 = LINE('',#1349,#1350);
#1349 = CARTESIAN_POINT('',(0.,5.));
#1350 = VECTOR('',#1351,1.);
#1351 = DIRECTION('',(1.,0.));
#1352 = ( GEOMETRIC_REPRESENTATION_CONTEXT(2) 
PARAMETRIC_REPRESENTATION_CONTEXT() REPRESENTATION_CONTEXT('2D SPACE',''
  ) );
#1353 = ADVANCED_FACE('',(#1354),#288,.F.);
#1354 = FACE_BOUND('',#1355,.F.);
#1355 = EDGE_LOOP('',(#1356,#1378,#1379,#1380));
#1356 = ORIENTED_EDGE('',*,*,#1357,.F.);
#1357 = EDGE_CURVE('',#272,#1358,#1360,.T.);
#1358 = VERTEX_POINT('',#1359);
#1359 = CARTESIAN_POINT('',(-67.5,-1.,37.5));
#1360 = SEAM_CURVE('',#1361,(#1366,#1372),.PCURVE_S1.);
#1361 = CIRCLE('',#1362,1.);
#1362 = AXIS2_PLACEMENT_3D('',#1363,#1364,#1365);
#1363 = CARTESIAN_POINT('',(-67.5,-1.,38.5));
#1364 = DIRECTION('',(-1.,0.,0.));
#1365 = DIRECTION('',(0.,0.,1.));
#1366 = PCURVE('',#288,#1367);
#1367 = DEFINITIONAL_REPRESENTATION('',(#1368),#1371);
#1368 = B_SPLINE_CURVE_WITH_KNOTS('',1,(#1369,#1370),.UNSPECIFIED.,.F.,
  .F.,(2,2),(1.570796326795,3.14159265359),.PIECEWISE_BEZIER_KNOTS.);
#1369 = CARTESIAN_POINT('',(0.,1.570796326795));
#1370 = CARTESIAN_POINT('',(0.,3.14159265359));
#1371 = ( GEOMETRIC_REPRESENTATION_CONTEXT(2) 
PARAMETRIC_REPRESENTATION_CONTEXT() REPRESENTATION_CONTEXT('2D SPACE',''
  ) );
#1372 = PCURVE('',#288,#1373);
#1373 = DEFINITIONAL_REPRESENTATION('',(#1374),#1377);
#1374 = B_SPLINE_CURVE_WITH_KNOTS('',1,(#1375,#1376),.UNSPECIFIED.,.F.,
  .F.,(2,2),(1.570796326795,3.14159265359),.PIECEWISE_BEZIER_KNOTS.);
#1375 = CARTESIAN_POINT('',(6.28318530718,1.570796326795));
#1376 = CARTESIAN_POINT('',(6.28318530718,3.14159265359));
#1377 = ( GEOMETRIC_REPRESENTATION_CONTEXT(2) 
PARAMETRIC_REPRESENTATION_CONTEXT() REPRESENTATION_CONTEXT('2D SPACE',''
  ) );
#1378 = ORIENTED_EDGE('',*,*,#271,.T.);
#1379 = ORIENTED_EDGE('',*,*,#1357,.T.);
#1380 = ORIENTED_EDGE('',*,*,#1381,.F.);
#1381 = EDGE_CURVE('',#1358,#1358,#1382,.T.);
#1382 = SURFACE_CURVE('',#1383,(#1388,#1395),.PCURVE_S1.);
#1383 = CIRCLE('',#1384,14.);
#1384 = AXIS2_PLACEMENT_3D('',#1385,#1386,#1387);
#1385 = CARTESIAN_POINT('',(-67.5,-1.,23.5));
#1386 = DIRECTION('',(0.,1.,0.));
#1387 = DIRECTION('',(0.,-0.,1.));
#1388 = PCURVE('',#288,#1389);
#1389 = DEFINITIONAL_REPRESENTATION('',(#1390),#1394);
#1390 = LINE('',#1391,#1392);
#1391 = CARTESIAN_POINT('',(0.,3.14159265359));
#1392 = VECTOR('',#1393,1.);
#1393 = DIRECTION('',(1.,0.));
#1394 = ( GEOMETRIC_REPRESENTATION_CONTEXT(2) 
PARAMETRIC_REPRESENTATION_CONTEXT() REPRESENTATION_CONTEXT('2D SPACE',''
  ) );
#1395 = PCURVE('',#1396,#1401);
#1396 = CYLINDRICAL_SURFACE('',#1397,14.);
#1397 = AXIS2_PLACEMENT_3D('',#1398,#1399,#1400);
#1398 = CARTESIAN_POINT('',(-67.5,-6.,23.5));
#1399 = DIRECTION('',(0.,1.,0.));
#1400 = DIRECTION('',(0.,-0.,1.));
#1401 = DEFINITIONAL_REPRESENTATION('',(#1402),#1406);
#1402 = LINE('',#1403,#1404);
#1403 = CARTESIAN_POINT('',(0.,5.));
#1404 = VECTOR('',#1405,1.);
#1405 = DIRECTION('',(1.,0.));
#1406 = ( GEOMETRIC_REPRESENTATION_CONTEXT(2) 
PARAMETRIC_REPRESENTATION_CONTEXT() REPRESENTATION_CONTEXT('2D SPACE',''
  ) );
#1407 = ADVANCED_FACE('',(#1408),#319,.F.);
#1408 = FACE_BOUND('',#1409,.F.);
#1409 = EDGE_LOOP('',(#1410,#1432,#1433,#1434));
#1410 = ORIENTED_EDGE('',*,*,#1411,.F.);
#1411 = EDGE_CURVE('',#303,#1412,#1414,.T.);
#1412 = VERTEX_POINT('',#1413);
#1413 = CARTESIAN_POINT('',(-22.5,-1.,37.5));
#1414 = SEAM_CURVE('',#1415,(#1420,#1426),.PCURVE_S1.);
#1415 = CIRCLE('',#1416,1.);
#1416 = AXIS2_PLACEMENT_3D('',#1417,#1418,#1419);
#1417 = CARTESIAN_POINT('',(-22.5,-1.,38.5));
#1418 = DIRECTION('',(-1.,0.,0.));
#1419 = DIRECTION('',(0.,0.,1.));
#1420 = PCURVE('',#319,#1421);
#1421 = DEFINITIONAL_REPRESENTATION('',(#1422),#1425);
#1422 = B_SPLINE_CURVE_WITH_KNOTS('',1,(#1423,#1424),.UNSPECIFIED.,.F.,
  .F.,(2,2),(1.570796326795,3.14159265359),.PIECEWISE_BEZIER_KNOTS.);
#1423 = CARTESIAN_POINT('',(0.,1.570796326795));
#1424 = CARTESIAN_POINT('',(0.,3.14159265359));
#1425 = ( GEOMETRIC_REPRESENTATION_CONTEXT(2) 
PARAMETRIC_REPRESENTATION_CONTEXT() REPRESENTATION_CONTEXT('2D SPACE',''
  ) );
#1426 = PCURVE('',#319,#1427);
#1427 = DEFINITIONAL_REPRESENTATION('',(#1428),#1431);
#1428 = B_SPLINE_CURVE_WITH_KNOTS('',1,(#1429,#1430),.UNSPECIFIED.,.F.,
  .F.,(2,2),(1.570796326795,3.14159265359),.PIECEWISE_BEZIER_KNOTS.);
#1429 = CARTESIAN_POINT('',(6.28318530718,1.570796326795));
#1430 = CARTESIAN_POINT('',(6.28318530718,3.14159265359));
#1431 = ( GEOMETRIC_REPRESENTATION_CONTEXT(2) 
PARAMETRIC_REPRESENTATION_CONTEXT() REPRESENTATION_CONTEXT('2D SPACE',''
  ) );
#1432 = ORIENTED_EDGE('',*,*,#302,.T.);
#1433 = ORIENTED_EDGE('',*,*,#1411,.T.);
#1434 = ORIENTED_EDGE('',*,*,#1435,.F.);
#1435 = EDGE_CURVE('',#1412,#1412,#1436,.T.);
#1436 = SURFACE_CURVE('',#1437,(#1442,#1449),.PCURVE_S1.);
#1437 = CIRCLE('',#1438,14.);
#1438 = AXIS2_PLACEMENT_3D('',#1439,#1440,#1441);
#1439 = CARTESIAN_POINT('',(-22.5,-1.,23.5));
#1440 = DIRECTION('',(0.,1.,0.));
#1441 = DIRECTION('',(0.,-0.,1.));
#1442 = PCURVE('',#319,#1443);
#1443 = DEFINITIONAL_REPRESENTATION('',(#1444),#1448);
#1444 = LINE('',#1445,#1446);
#1445 = CARTESIAN_POINT('',(0.,3.14159265359));
#1446 = VECTOR('',#1447,1.);
#1447 = DIRECTION('',(1.,0.));
#1448 = ( GEOMETRIC_REPRESENTATION_CONTEXT(2) 
PARAMETRIC_REPRESENTATION_CONTEXT() REPRESENTATION_CONTEXT('2D SPACE',''
  ) );
#1449 = PCURVE('',#1450,#1455);
#1450 = CYLINDRICAL_SURFACE('',#1451,14.);
#1451 = AXIS2_PLACEMENT_3D('',#1452,#1453,#1454);
#1452 = CARTESIAN_POINT('',(-22.5,-6.,23.5));
#1453 = DIRECTION('',(0.,1.,0.));
#1454 = DIRECTION('',(0.,-0.,1.));
#1455 = DEFINITIONAL_REPRESENTATION('',(#1456),#1460);
#1456 = LINE('',#1457,#1458);
#1457 = CARTESIAN_POINT('',(0.,5.));
#1458 = VECTOR('',#1459,1.);
#1459 = DIRECTION('',(1.,0.));
#1460 = ( GEOMETRIC_REPRESENTATION_CONTEXT(2) 
PARAMETRIC_REPRESENTATION_CONTEXT() REPRESENTATION_CONTEXT('2D SPACE',''
  ) );
#1461 = ADVANCED_FACE('',(#1462),#350,.F.);
#1462 = FACE_BOUND('',#1463,.F.);
#1463 = EDGE_LOOP('',(#1464,#1486,#1487,#1488));
#1464 = ORIENTED_EDGE('',*,*,#1465,.F.);
#1465 = EDGE_CURVE('',#334,#1466,#1468,.T.);
#1466 = VERTEX_POINT('',#1467);
#1467 = CARTESIAN_POINT('',(-157.5,-1.,77.5));
#1468 = SEAM_CURVE('',#1469,(#1474,#1480),.PCURVE_S1.);
#1469 = CIRCLE('',#1470,1.);
#1470 = AXIS2_PLACEMENT_3D('',#1471,#1472,#1473);
#1471 = CARTESIAN_POINT('',(-157.5,-1.,78.5));
#1472 = DIRECTION('',(-1.,0.,0.));
#1473 = DIRECTION('',(0.,0.,1.));
#1474 = PCURVE('',#350,#1475);
#1475 = DEFINITIONAL_REPRESENTATION('',(#1476),#1479);
#1476 = B_SPLINE_CURVE_WITH_KNOTS('',1,(#1477,#1478),.UNSPECIFIED.,.F.,
  .F.,(2,2),(1.570796326795,3.14159265359),.PIECEWISE_BEZIER_KNOTS.);
#1477 = CARTESIAN_POINT('',(0.,1.570796326795));
#1478 = CARTESIAN_POINT('',(0.,3.14159265359));
#1479 = ( GEOMETRIC_REPRESENTATION_CONTEXT(2) 
PARAMETRIC_REPRESENTATION_CONTEXT() REPRESENTATION_CONTEXT('2D SPACE',''
  ) );
#1480 = PCURVE('',#350,#1481);
#1481 = DEFINITIONAL_REPRESENTATION('',(#1482),#1485);
#1482 = B_SPLINE_CURVE_WITH_KNOTS('',1,(#1483,#1484),.UNSPECIFIED.,.F.,
  .F.,(2,2),(1.570796326795,3.14159265359),.PIECEWISE_BEZIER_KNOTS.);
#1483 = CARTESIAN_POINT('',(6.28318530718,1.570796326795));
#1484 = CARTESIAN_POINT('',(6.28318530718,3.14159265359));
#1485 = ( GEOMETRIC_REPRESENTATION_CONTEXT(2) 
PARAMETRIC_REPRESENTATION_CONTEXT() REPRESENTATION_CONTEXT('2D SPACE',''
  ) );
#1486 = ORIENTED_EDGE('',*,*,#333,.T.);
#1487 = ORIENTED_EDGE('',*,*,#1465,.T.);
#1488 = ORIENTED_EDGE('',*,*,#1489,.F.);
#1489 = EDGE_CURVE('',#1466,#1466,#1490,.T.);
#1490 = SURFACE_CURVE('',#1491,(#1496,#1503),.PCURVE_S1.);
#1491 = CIRCLE('',#1492,14.);
#1492 = AXIS2_PLACEMENT_3D('',#1493,#1494,#1495);
#1493 = CARTESIAN_POINT('',(-157.5,-1.,63.5));
#1494 = DIRECTION('',(0.,1.,0.));
#1495 = DIRECTION('',(0.,-0.,1.));
#1496 = PCURVE('',#350,#1497);
#1497 = DEFINITIONAL_REPRESENTATION('',(#1498),#1502);
#1498 = LINE('',#1499,#1500);
#1499 = CARTESIAN_POINT('',(0.,3.14159265359));
#1500 = VECTOR('',#1501,1.);
#1501 = DIRECTION('',(1.,0.));
#1502 = ( GEOMETRIC_REPRESENTATION_CONTEXT(2) 
PARAMETRIC_REPRESENTATION_CONTEXT() REPRESENTATION_CONTEXT('2D SPACE',''
  ) );
#1503 = PCURVE('',#1504,#1509);
#1504 = CYLINDRICAL_SURFACE('',#1505,14.);
#1505 = AXIS2_PLACEMENT_3D('',#1506,#1507,#1508);
#1506 = CARTESIAN_POINT('',(-157.5,-6.,63.5));
#1507 = DIRECTION('',(0.,1.,0.));
#1508 = DIRECTION('',(0.,-0.,1.));
#1509 = DEFINITIONAL_REPRESENTATION('',(#1510),#1514);
#1510 = LINE('',#1511,#1512);
#1511 = CARTESIAN_POINT('',(0.,5.));
#1512 = VECTOR('',#1513,1.);
#1513 = DIRECTION('',(1.,0.));
#1514 = ( GEOMETRIC_REPRESENTATION_CONTEXT(2) 
PARAMETRIC_REPRESENTATION_CONTEXT() REPRESENTATION_CONTEXT('2D SPACE',''
  ) );
#1515 = ADVANCED_FACE('',(#1516),#381,.F.);
#1516 = FACE_BOUND('',#1517,.F.);
#1517 = EDGE_LOOP('',(#1518,#1547,#1568,#1569));
#1518 = ORIENTED_EDGE('',*,*,#1519,.F.);
#1519 = EDGE_CURVE('',#1520,#1520,#1522,.T.);
#1520 = VERTEX_POINT('',#1521);
#1521 = CARTESIAN_POINT('',(-178.,14.,81.65));
#1522 = SURFACE_CURVE('',#1523,(#1528,#1535),.PCURVE_S1.);
#1523 = CIRCLE('',#1524,1.65);
#1524 = AXIS2_PLACEMENT_3D('',#1525,#1526,#1527);
#1525 = CARTESIAN_POINT('',(-178.,14.,80.));
#1526 = DIRECTION('',(0.,1.,0.));
#1527 = DIRECTION('',(0.,-0.,1.));
#1528 = PCURVE('',#381,#1529);
#1529 = DEFINITIONAL_REPRESENTATION('',(#1530),#1534);
#1530 = LINE('',#1531,#1532);
#1531 = CARTESIAN_POINT('',(0.,14.));
#1532 = VECTOR('',#1533,1.);
#1533 = DIRECTION('',(1.,0.));
#1534 = ( GEOMETRIC_REPRESENTATION_CONTEXT(2) 
PARAMETRIC_REPRESENTATION_CONTEXT() REPRESENTATION_CONTEXT('2D SPACE',''
  ) );
#1535 = PCURVE('',#1536,#1541);
#1536 = PLANE('',#1537);
#1537 = AXIS2_PLACEMENT_3D('',#1538,#1539,#1540);
#1538 = CARTESIAN_POINT('',(-178.,14.,80.));
#1539 = DIRECTION('',(0.,1.,0.));
#1540 = DIRECTION('',(0.,-0.,1.));
#1541 = DEFINITIONAL_REPRESENTATION('',(#1542),#1546);
#1542 = CIRCLE('',#1543,1.65);
#1543 = AXIS2_PLACEMENT_2D('',#1544,#1545);
#1544 = CARTESIAN_POINT('',(0.,0.));
#1545 = DIRECTION('',(1.,0.));
#1546 = ( GEOMETRIC_REPRESENTATION_CONTEXT(2) 
PARAMETRIC_REPRESENTATION_CONTEXT() REPRESENTATION_CONTEXT('2D SPACE',''
  ) );
#1547 = ORIENTED_EDGE('',*,*,#1548,.F.);
#1548 = EDGE_CURVE('',#365,#1520,#1549,.T.);
#1549 = SEAM_CURVE('',#1550,(#1554,#1561),.PCURVE_S1.);
#1550 = LINE('',#1551,#1552);
#1551 = CARTESIAN_POINT('',(-178.,0.,81.65));
#1552 = VECTOR('',#1553,1.);
#1553 = DIRECTION('',(0.,1.,0.));
#1554 = PCURVE('',#381,#1555);
#1555 = DEFINITIONAL_REPRESENTATION('',(#1556),#1560);
#1556 = LINE('',#1557,#1558);
#1557 = CARTESIAN_POINT('',(6.28318530718,-0.));
#1558 = VECTOR('',#1559,1.);
#1559 = DIRECTION('',(0.,1.));
#1560 = ( GEOMETRIC_REPRESENTATION_CONTEXT(2) 
PARAMETRIC_REPRESENTATION_CONTEXT() REPRESENTATION_CONTEXT('2D SPACE',''
  ) );
#1561 = PCURVE('',#381,#1562);
#1562 = DEFINITIONAL_REPRESENTATION('',(#1563),#1567);
#1563 = LINE('',#1564,#1565);
#1564 = CARTESIAN_POINT('',(0.,-0.));
#1565 = VECTOR('',#1566,1.);
#1566 = DIRECTION('',(0.,1.));
#1567 = ( GEOMETRIC_REPRESENTATION_CONTEXT(2) 
PARAMETRIC_REPRESENTATION_CONTEXT() REPRESENTATION_CONTEXT('2D SPACE',''
  ) );
#1568 = ORIENTED_EDGE('',*,*,#364,.T.);
#1569 = ORIENTED_EDGE('',*,*,#1548,.T.);
#1570 = ADVANCED_FACE('',(#1571),#412,.F.);
#1571 = FACE_BOUND('',#1572,.F.);
#1572 = EDGE_LOOP('',(#1573,#1595,#1596,#1597));
#1573 = ORIENTED_EDGE('',*,*,#1574,.F.);
#1574 = EDGE_CURVE('',#396,#1575,#1577,.T.);
#1575 = VERTEX_POINT('',#1576);
#1576 = CARTESIAN_POINT('',(-112.5,-1.,77.5));
#1577 = SEAM_CURVE('',#1578,(#1583,#1589),.PCURVE_S1.);
#1578 = CIRCLE('',#1579,1.);
#1579 = AXIS2_PLACEMENT_3D('',#1580,#1581,#1582);
#1580 = CARTESIAN_POINT('',(-112.5,-1.,78.5));
#1581 = DIRECTION('',(-1.,0.,0.));
#1582 = DIRECTION('',(0.,0.,1.));
#1583 = PCURVE('',#412,#1584);
#1584 = DEFINITIONAL_REPRESENTATION('',(#1585),#1588);
#1585 = B_SPLINE_CURVE_WITH_KNOTS('',1,(#1586,#1587),.UNSPECIFIED.,.F.,
  .F.,(2,2),(1.570796326795,3.14159265359),.PIECEWISE_BEZIER_KNOTS.);
#1586 = CARTESIAN_POINT('',(0.,1.570796326795));
#1587 = CARTESIAN_POINT('',(0.,3.14159265359));
#1588 = ( GEOMETRIC_REPRESENTATION_CONTEXT(2) 
PARAMETRIC_REPRESENTATION_CONTEXT() REPRESENTATION_CONTEXT('2D SPACE',''
  ) );
#1589 = PCURVE('',#412,#1590);
#1590 = DEFINITIONAL_REPRESENTATION('',(#1591),#1594);
#1591 = B_SPLINE_CURVE_WITH_KNOTS('',1,(#1592,#1593),.UNSPECIFIED.,.F.,
  .F.,(2,2),(1.570796326795,3.14159265359),.PIECEWISE_BEZIER_KNOTS.);
#1592 = CARTESIAN_POINT('',(6.28318530718,1.570796326795));
#1593 = CARTESIAN_POINT('',(6.28318530718,3.14159265359));
#1594 = ( GEOMETRIC_REPRESENTATION_CONTEXT(2) 
PARAMETRIC_REPRESENTATION_CONTEXT() REPRESENTATION_CONTEXT('2D SPACE',''
  ) );
#1595 = ORIENTED_EDGE('',*,*,#395,.T.);
#1596 = ORIENTED_EDGE('',*,*,#1574,.T.);
#1597 = ORIENTED_EDGE('',*,*,#1598,.F.);
#1598 = EDGE_CURVE('',#1575,#1575,#1599,.T.);
#1599 = SURFACE_CURVE('',#1600,(#1605,#1612),.PCURVE_S1.);
#1600 = CIRCLE('',#1601,14.);
#1601 = AXIS2_PLACEMENT_3D('',#1602,#1603,#1604);
#1602 = CARTESIAN_POINT('',(-112.5,-1.,63.5));
#1603 = DIRECTION('',(0.,1.,0.));
#1604 = DIRECTION('',(0.,-0.,1.));
#1605 = PCURVE('',#412,#1606);
#1606 = DEFINITIONAL_REPRESENTATION('',(#1607),#1611);
#1607 = LINE('',#1608,#1609);
#1608 = CARTESIAN_POINT('',(0.,3.14159265359));
#1609 = VECTOR('',#1610,1.);
#1610 = DIRECTION('',(1.,0.));
#1611 = ( GEOMETRIC_REPRESENTATION_CONTEXT(2) 
PARAMETRIC_REPRESENTATION_CONTEXT() REPRESENTATION_CONTEXT('2D SPACE',''
  ) );
#1612 = PCURVE('',#1613,#1618);
#1613 = CYLINDRICAL_SURFACE('',#1614,14.);
#1614 = AXIS2_PLACEMENT_3D('',#1615,#1616,#1617);
#1615 = CARTESIAN_POINT('',(-112.5,-6.,63.5));
#1616 = DIRECTION('',(0.,1.,0.));
#1617 = DIRECTION('',(0.,-0.,1.));
#1618 = DEFINITIONAL_REPRESENTATION('',(#1619),#1623);
#1619 = LINE('',#1620,#1621);
#1620 = CARTESIAN_POINT('',(0.,5.));
#1621 = VECTOR('',#1622,1.);
#1622 = DIRECTION('',(1.,0.));
#1623 = ( GEOMETRIC_REPRESENTATION_CONTEXT(2) 
PARAMETRIC_REPRESENTATION_CONTEXT() REPRESENTATION_CONTEXT('2D SPACE',''
  ) );
#1624 = ADVANCED_FACE('',(#1625),#443,.F.);
#1625 = FACE_BOUND('',#1626,.F.);
#1626 = EDGE_LOOP('',(#1627,#1649,#1650,#1651));
#1627 = ORIENTED_EDGE('',*,*,#1628,.F.);
#1628 = EDGE_CURVE('',#427,#1629,#1631,.T.);
#1629 = VERTEX_POINT('',#1630);
#1630 = CARTESIAN_POINT('',(-67.5,-1.,77.5));
#1631 = SEAM_CURVE('',#1632,(#1637,#1643),.PCURVE_S1.);
#1632 = CIRCLE('',#1633,1.);
#1633 = AXIS2_PLACEMENT_3D('',#1634,#1635,#1636);
#1634 = CARTESIAN_POINT('',(-67.5,-1.,78.5));
#1635 = DIRECTION('',(-1.,0.,0.));
#1636 = DIRECTION('',(0.,0.,1.));
#1637 = PCURVE('',#443,#1638);
#1638 = DEFINITIONAL_REPRESENTATION('',(#1639),#1642);
#1639 = B_SPLINE_CURVE_WITH_KNOTS('',1,(#1640,#1641),.UNSPECIFIED.,.F.,
  .F.,(2,2),(1.570796326795,3.14159265359),.PIECEWISE_BEZIER_KNOTS.);
#1640 = CARTESIAN_POINT('',(0.,1.570796326795));
#1641 = CARTESIAN_POINT('',(0.,3.14159265359));
#1642 = ( GEOMETRIC_REPRESENTATION_CONTEXT(2) 
PARAMETRIC_REPRESENTATION_CONTEXT() REPRESENTATION_CONTEXT('2D SPACE',''
  ) );
#1643 = PCURVE('',#443,#1644);
#1644 = DEFINITIONAL_REPRESENTATION('',(#1645),#1648);
#1645 = B_SPLINE_CURVE_WITH_KNOTS('',1,(#1646,#1647),.UNSPECIFIED.,.F.,
  .F.,(2,2),(1.570796326795,3.14159265359),.PIECEWISE_BEZIER_KNOTS.);
#1646 = CARTESIAN_POINT('',(6.28318530718,1.570796326795));
#1647 = CARTESIAN_POINT('',(6.28318530718,3.14159265359));
#1648 = ( GEOMETRIC_REPRESENTATION_CONTEXT(2) 
PARAMETRIC_REPRESENTATION_CONTEXT() REPRESENTATION_CONTEXT('2D SPACE',''
  ) );
#1649 = ORIENTED_EDGE('',*,*,#426,.T.);
#1650 = ORIENTED_EDGE('',*,*,#1628,.T.);
#1651 = ORIENTED_EDGE('',*,*,#1652,.F.);
#1652 = EDGE_CURVE('',#1629,#1629,#1653,.T.);
#1653 = SURFACE_CURVE('',#1654,(#1659,#1666),.PCURVE_S1.);
#1654 = CIRCLE('',#1655,14.);
#1655 = AXIS2_PLACEMENT_3D('',#1656,#1657,#1658);
#1656 = CARTESIAN_POINT('',(-67.5,-1.,63.5));
#1657 = DIRECTION('',(0.,1.,0.));
#1658 = DIRECTION('',(0.,-0.,1.));
#1659 = PCURVE('',#443,#1660);
#1660 = DEFINITIONAL_REPRESENTATION('',(#1661),#1665);
#1661 = LINE('',#1662,#1663);
#1662 = CARTESIAN_POINT('',(0.,3.14159265359));
#1663 = VECTOR('',#1664,1.);
#1664 = DIRECTION('',(1.,0.));
#1665 = ( GEOMETRIC_REPRESENTATION_CONTEXT(2) 
PARAMETRIC_REPRESENTATION_CONTEXT() REPRESENTATION_CONTEXT('2D SPACE',''
  ) );
#1666 = PCURVE('',#1667,#1672);
#1667 = CYLINDRICAL_SURFACE('',#1668,14.);
#1668 = AXIS2_PLACEMENT_3D('',#1669,#1670,#1671);
#1669 = CARTESIAN_POINT('',(-67.5,-6.,63.5));
#1670 = DIRECTION('',(0.,1.,0.));
#1671 = DIRECTION('',(0.,-0.,1.));
#1672 = DEFINITIONAL_REPRESENTATION('',(#1673),#1677);
#1673 = LINE('',#1674,#1675);
#1674 = CARTESIAN_POINT('',(0.,5.));
#1675 = VECTOR('',#1676,1.);
#1676 = DIRECTION('',(1.,0.));
#1677 = ( GEOMETRIC_REPRESENTATION_CONTEXT(2) 
PARAMETRIC_REPRESENTATION_CONTEXT() REPRESENTATION_CONTEXT('2D SPACE',''
  ) );
#1678 = ADVANCED_FACE('',(#1679),#474,.F.);
#1679 = FACE_BOUND('',#1680,.F.);
#1680 = EDGE_LOOP('',(#1681,#1703,#1704,#1705));
#1681 = ORIENTED_EDGE('',*,*,#1682,.F.);
#1682 = EDGE_CURVE('',#458,#1683,#1685,.T.);
#1683 = VERTEX_POINT('',#1684);
#1684 = CARTESIAN_POINT('',(-22.5,-1.,77.5));
#1685 = SEAM_CURVE('',#1686,(#1691,#1697),.PCURVE_S1.);
#1686 = CIRCLE('',#1687,1.);
#1687 = AXIS2_PLACEMENT_3D('',#1688,#1689,#1690);
#1688 = CARTESIAN_POINT('',(-22.5,-1.,78.5));
#1689 = DIRECTION('',(-1.,0.,0.));
#1690 = DIRECTION('',(0.,0.,1.));
#1691 = PCURVE('',#474,#1692);
#1692 = DEFINITIONAL_REPRESENTATION('',(#1693),#1696);
#1693 = B_SPLINE_CURVE_WITH_KNOTS('',1,(#1694,#1695),.UNSPECIFIED.,.F.,
  .F.,(2,2),(1.570796326795,3.14159265359),.PIECEWISE_BEZIER_KNOTS.);
#1694 = CARTESIAN_POINT('',(0.,1.570796326795));
#1695 = CARTESIAN_POINT('',(0.,3.14159265359));
#1696 = ( GEOMETRIC_REPRESENTATION_CONTEXT(2) 
PARAMETRIC_REPRESENTATION_CONTEXT() REPRESENTATION_CONTEXT('2D SPACE',''
  ) );
#1697 = PCURVE('',#474,#1698);
#1698 = DEFINITIONAL_REPRESENTATION('',(#1699),#1702);
#1699 = B_SPLINE_CURVE_WITH_KNOTS('',1,(#1700,#1701),.UNSPECIFIED.,.F.,
  .F.,(2,2),(1.570796326795,3.14159265359),.PIECEWISE_BEZIER_KNOTS.);
#1700 = CARTESIAN_POINT('',(6.28318530718,1.570796326795));
#1701 = CARTESIAN_POINT('',(6.28318530718,3.14159265359));
#1702 = ( GEOMETRIC_REPRESENTATION_CONTEXT(2) 
PARAMETRIC_REPRESENTATION_CONTEXT() REPRESENTATION_CONTEXT('2D SPACE',''
  ) );
#1703 = ORIENTED_EDGE('',*,*,#457,.T.);
#1704 = ORIENTED_EDGE('',*,*,#1682,.T.);
#1705 = ORIENTED_EDGE('',*,*,#1706,.F.);
#1706 = EDGE_CURVE('',#1683,#1683,#1707,.T.);
#1707 = SURFACE_CURVE('',#1708,(#1713,#1720),.PCURVE_S1.);
#1708 = CIRCLE('',#1709,14.);
#1709 = AXIS2_PLACEMENT_3D('',#1710,#1711,#1712);
#1710 = CARTESIAN_POINT('',(-22.5,-1.,63.5));
#1711 = DIRECTION('',(0.,1.,0.));
#1712 = DIRECTION('',(0.,-0.,1.));
#1713 = PCURVE('',#474,#1714);
#1714 = DEFINITIONAL_REPRESENTATION('',(#1715),#1719);
#1715 = LINE('',#1716,#1717);
#1716 = CARTESIAN_POINT('',(0.,3.14159265359));
#1717 = VECTOR('',#1718,1.);
#1718 = DIRECTION('',(1.,0.));
#1719 = ( GEOMETRIC_REPRESENTATION_CONTEXT(2) 
PARAMETRIC_REPRESENTATION_CONTEXT() REPRESENTATION_CONTEXT('2D SPACE',''
  ) );
#1720 = PCURVE('',#1721,#1726);
#1721 = CYLINDRICAL_SURFACE('',#1722,14.);
#1722 = AXIS2_PLACEMENT_3D('',#1723,#1724,#1725);
#1723 = CARTESIAN_POINT('',(-22.5,-6.,63.5));
#1724 = DIRECTION('',(0.,1.,0.));
#1725 = DIRECTION('',(0.,-0.,1.));
#1726 = DEFINITIONAL_REPRESENTATION('',(#1727),#1731);
#1727 = LINE('',#1728,#1729);
#1728 = CARTESIAN_POINT('',(0.,5.));
#1729 = VECTOR('',#1730,1.);
#1730 = DIRECTION('',(1.,0.));
#1731 = ( GEOMETRIC_REPRESENTATION_CONTEXT(2) 
PARAMETRIC_REPRESENTATION_CONTEXT() REPRESENTATION_CONTEXT('2D SPACE',''
  ) );
#1732 = ADVANCED_FACE('',(#1733),#505,.F.);
#1733 = FACE_BOUND('',#1734,.F.);
#1734 = EDGE_LOOP('',(#1735,#1764,#1785,#1786));
#1735 = ORIENTED_EDGE('',*,*,#1736,.F.);
#1736 = EDGE_CURVE('',#1737,#1737,#1739,.T.);
#1737 = VERTEX_POINT('',#1738);
#1738 = CARTESIAN_POINT('',(-4.041334437186E-16,14.,8.65));
#1739 = SURFACE_CURVE('',#1740,(#1745,#1752),.PCURVE_S1.);
#1740 = CIRCLE('',#1741,1.65);
#1741 = AXIS2_PLACEMENT_3D('',#1742,#1743,#1744);
#1742 = CARTESIAN_POINT('',(0.,14.,7.));
#1743 = DIRECTION('',(0.,1.,0.));
#1744 = DIRECTION('',(0.,-0.,1.));
#1745 = PCURVE('',#505,#1746);
#1746 = DEFINITIONAL_REPRESENTATION('',(#1747),#1751);
#1747 = LINE('',#1748,#1749);
#1748 = CARTESIAN_POINT('',(0.,14.));
#1749 = VECTOR('',#1750,1.);
#1750 = DIRECTION('',(1.,0.));
#1751 = ( GEOMETRIC_REPRESENTATION_CONTEXT(2) 
PARAMETRIC_REPRESENTATION_CONTEXT() REPRESENTATION_CONTEXT('2D SPACE',''
  ) );
#1752 = PCURVE('',#1753,#1758);
#1753 = PLANE('',#1754);
#1754 = AXIS2_PLACEMENT_3D('',#1755,#1756,#1757);
#1755 = CARTESIAN_POINT('',(0.,14.,7.));
#1756 = DIRECTION('',(0.,1.,0.));
#1757 = DIRECTION('',(0.,-0.,1.));
#1758 = DEFINITIONAL_REPRESENTATION('',(#1759),#1763);
#1759 = CIRCLE('',#1760,1.65);
#1760 = AXIS2_PLACEMENT_2D('',#1761,#1762);
#1761 = CARTESIAN_POINT('',(0.,0.));
#1762 = DIRECTION('',(1.,0.));
#1763 = ( GEOMETRIC_REPRESENTATION_CONTEXT(2) 
PARAMETRIC_REPRESENTATION_CONTEXT() REPRESENTATION_CONTEXT('2D SPACE',''
  ) );
#1764 = ORIENTED_EDGE('',*,*,#1765,.F.);
#1765 = EDGE_CURVE('',#489,#1737,#1766,.T.);
#1766 = SEAM_CURVE('',#1767,(#1771,#1778),.PCURVE_S1.);
#1767 = LINE('',#1768,#1769);
#1768 = CARTESIAN_POINT('',(-4.041334437186E-16,0.,8.65));
#1769 = VECTOR('',#1770,1.);
#1770 = DIRECTION('',(0.,1.,0.));
#1771 = PCURVE('',#505,#1772);
#1772 = DEFINITIONAL_REPRESENTATION('',(#1773),#1777);
#1773 = LINE('',#1774,#1775);
#1774 = CARTESIAN_POINT('',(6.28318530718,-0.));
#1775 = VECTOR('',#1776,1.);
#1776 = DIRECTION('',(0.,1.));
#1777 = ( GEOMETRIC_REPRESENTATION_CONTEXT(2) 
PARAMETRIC_REPRESENTATION_CONTEXT() REPRESENTATION_CONTEXT('2D SPACE',''
  ) );
#1778 = PCURVE('',#505,#1779);
#1779 = DEFINITIONAL_REPRESENTATION('',(#1780),#1784);
#1780 = LINE('',#1781,#1782);
#1781 = CARTESIAN_POINT('',(0.,-0.));
#1782 = VECTOR('',#1783,1.);
#1783 = DIRECTION('',(0.,1.));
#1784 = ( GEOMETRIC_REPRESENTATION_CONTEXT(2) 
PARAMETRIC_REPRESENTATION_CONTEXT() REPRESENTATION_CONTEXT('2D SPACE',''
  ) );
#1785 = ORIENTED_EDGE('',*,*,#488,.T.);
#1786 = ORIENTED_EDGE('',*,*,#1765,.T.);
#1787 = ADVANCED_FACE('',(#1788),#536,.F.);
#1788 = FACE_BOUND('',#1789,.F.);
#1789 = EDGE_LOOP('',(#1790,#1812,#1813,#1814));
#1790 = ORIENTED_EDGE('',*,*,#1791,.F.);
#1791 = EDGE_CURVE('',#520,#1792,#1794,.T.);
#1792 = VERTEX_POINT('',#1793);
#1793 = CARTESIAN_POINT('',(22.5,-1.,37.5));
#1794 = SEAM_CURVE('',#1795,(#1800,#1806),.PCURVE_S1.);
#1795 = CIRCLE('',#1796,1.);
#1796 = AXIS2_PLACEMENT_3D('',#1797,#1798,#1799);
#1797 = CARTESIAN_POINT('',(22.5,-1.,38.5));
#1798 = DIRECTION('',(-1.,0.,0.));
#1799 = DIRECTION('',(0.,0.,1.));
#1800 = PCURVE('',#536,#1801);
#1801 = DEFINITIONAL_REPRESENTATION('',(#1802),#1805);
#1802 = B_SPLINE_CURVE_WITH_KNOTS('',1,(#1803,#1804),.UNSPECIFIED.,.F.,
  .F.,(2,2),(1.570796326795,3.14159265359),.PIECEWISE_BEZIER_KNOTS.);
#1803 = CARTESIAN_POINT('',(0.,1.570796326795));
#1804 = CARTESIAN_POINT('',(0.,3.14159265359));
#1805 = ( GEOMETRIC_REPRESENTATION_CONTEXT(2) 
PARAMETRIC_REPRESENTATION_CONTEXT() REPRESENTATION_CONTEXT('2D SPACE',''
  ) );
#1806 = PCURVE('',#536,#1807);
#1807 = DEFINITIONAL_REPRESENTATION('',(#1808),#1811);
#1808 = B_SPLINE_CURVE_WITH_KNOTS('',1,(#1809,#1810),.UNSPECIFIED.,.F.,
  .F.,(2,2),(1.570796326795,3.14159265359),.PIECEWISE_BEZIER_KNOTS.);
#1809 = CARTESIAN_POINT('',(6.28318530718,1.570796326795));
#1810 = CARTESIAN_POINT('',(6.28318530718,3.14159265359));
#1811 = ( GEOMETRIC_REPRESENTATION_CONTEXT(2) 
PARAMETRIC_REPRESENTATION_CONTEXT() REPRESENTATION_CONTEXT('2D SPACE',''
  ) );
#1812 = ORIENTED_EDGE('',*,*,#519,.T.);
#1813 = ORIENTED_EDGE('',*,*,#1791,.T.);
#1814 = ORIENTED_EDGE('',*,*,#1815,.F.);
#1815 = EDGE_CURVE('',#1792,#1792,#1816,.T.);
#1816 = SURFACE_CURVE('',#1817,(#1822,#1829),.PCURVE_S1.);
#1817 = CIRCLE('',#1818,14.);
#1818 = AXIS2_PLACEMENT_3D('',#1819,#1820,#1821);
#1819 = CARTESIAN_POINT('',(22.5,-1.,23.5));
#1820 = DIRECTION('',(0.,1.,0.));
#1821 = DIRECTION('',(0.,-0.,1.));
#1822 = PCURVE('',#536,#1823);
#1823 = DEFINITIONAL_REPRESENTATION('',(#1824),#1828);
#1824 = LINE('',#1825,#1826);
#1825 = CARTESIAN_POINT('',(0.,3.14159265359));
#1826 = VECTOR('',#1827,1.);
#1827 = DIRECTION('',(1.,0.));
#1828 = ( GEOMETRIC_REPRESENTATION_CONTEXT(2) 
PARAMETRIC_REPRESENTATION_CONTEXT() REPRESENTATION_CONTEXT('2D SPACE',''
  ) );
#1829 = PCURVE('',#1830,#1835);
#1830 = CYLINDRICAL_SURFACE('',#1831,14.);
#1831 = AXIS2_PLACEMENT_3D('',#1832,#1833,#1834);
#1832 = CARTESIAN_POINT('',(22.5,-6.,23.5));
#1833 = DIRECTION('',(0.,1.,0.));
#1834 = DIRECTION('',(0.,-0.,1.));
#1835 = DEFINITIONAL_REPRESENTATION('',(#1836),#1840);
#1836 = LINE('',#1837,#1838);
#1837 = CARTESIAN_POINT('',(0.,5.));
#1838 = VECTOR('',#1839,1.);
#1839 = DIRECTION('',(1.,0.));
#1840 = ( GEOMETRIC_REPRESENTATION_CONTEXT(2) 
PARAMETRIC_REPRESENTATION_CONTEXT() REPRESENTATION_CONTEXT('2D SPACE',''
  ) );
#1841 = ADVANCED_FACE('',(#1842),#567,.F.);
#1842 = FACE_BOUND('',#1843,.F.);
#1843 = EDGE_LOOP('',(#1844,#1866,#1867,#1868));
#1844 = ORIENTED_EDGE('',*,*,#1845,.F.);
#1845 = EDGE_CURVE('',#551,#1846,#1848,.T.);
#1846 = VERTEX_POINT('',#1847);
#1847 = CARTESIAN_POINT('',(67.5,-1.,37.5));
#1848 = SEAM_CURVE('',#1849,(#1854,#1860),.PCURVE_S1.);
#1849 = CIRCLE('',#1850,1.);
#1850 = AXIS2_PLACEMENT_3D('',#1851,#1852,#1853);
#1851 = CARTESIAN_POINT('',(67.5,-1.,38.5));
#1852 = DIRECTION('',(-1.,0.,0.));
#1853 = DIRECTION('',(0.,0.,1.));
#1854 = PCURVE('',#567,#1855);
#1855 = DEFINITIONAL_REPRESENTATION('',(#1856),#1859);
#1856 = B_SPLINE_CURVE_WITH_KNOTS('',1,(#1857,#1858),.UNSPECIFIED.,.F.,
  .F.,(2,2),(1.570796326795,3.14159265359),.PIECEWISE_BEZIER_KNOTS.);
#1857 = CARTESIAN_POINT('',(0.,1.570796326795));
#1858 = CARTESIAN_POINT('',(0.,3.14159265359));
#1859 = ( GEOMETRIC_REPRESENTATION_CONTEXT(2) 
PARAMETRIC_REPRESENTATION_CONTEXT() REPRESENTATION_CONTEXT('2D SPACE',''
  ) );
#1860 = PCURVE('',#567,#1861);
#1861 = DEFINITIONAL_REPRESENTATION('',(#1862),#1865);
#1862 = B_SPLINE_CURVE_WITH_KNOTS('',1,(#1863,#1864),.UNSPECIFIED.,.F.,
  .F.,(2,2),(1.570796326795,3.14159265359),.PIECEWISE_BEZIER_KNOTS.);
#1863 = CARTESIAN_POINT('',(6.28318530718,1.570796326795));
#1864 = CARTESIAN_POINT('',(6.28318530718,3.14159265359));
#1865 = ( GEOMETRIC_REPRESENTATION_CONTEXT(2) 
PARAMETRIC_REPRESENTATION_CONTEXT() REPRESENTATION_CONTEXT('2D SPACE',''
  ) );
#1866 = ORIENTED_EDGE('',*,*,#550,.T.);
#1867 = ORIENTED_EDGE('',*,*,#1845,.T.);
#1868 = ORIENTED_EDGE('',*,*,#1869,.F.);
#1869 = EDGE_CURVE('',#1846,#1846,#1870,.T.);
#1870 = SURFACE_CURVE('',#1871,(#1876,#1883),.PCURVE_S1.);
#1871 = CIRCLE('',#1872,14.);
#1872 = AXIS2_PLACEMENT_3D('',#1873,#1874,#1875);
#1873 = CARTESIAN_POINT('',(67.5,-1.,23.5));
#1874 = DIRECTION('',(0.,1.,0.));
#1875 = DIRECTION('',(0.,-0.,1.));
#1876 = PCURVE('',#567,#1877);
#1877 = DEFINITIONAL_REPRESENTATION('',(#1878),#1882);
#1878 = LINE('',#1879,#1880);
#1879 = CARTESIAN_POINT('',(0.,3.14159265359));
#1880 = VECTOR('',#1881,1.);
#1881 = DIRECTION('',(1.,0.));
#1882 = ( GEOMETRIC_REPRESENTATION_CONTEXT(2) 
PARAMETRIC_REPRESENTATION_CONTEXT() REPRESENTATION_CONTEXT('2D SPACE',''
  ) );
#1883 = PCURVE('',#1884,#1889);
#1884 = CYLINDRICAL_SURFACE('',#1885,14.);
#1885 = AXIS2_PLACEMENT_3D('',#1886,#1887,#1888);
#1886 = CARTESIAN_POINT('',(67.5,-6.,23.5));
#1887 = DIRECTION('',(0.,1.,0.));
#1888 = DIRECTION('',(0.,-0.,1.));
#1889 = DEFINITIONAL_REPRESENTATION('',(#1890),#1894);
#1890 = LINE('',#1891,#1892);
#1891 = CARTESIAN_POINT('',(0.,5.));
#1892 = VECTOR('',#1893,1.);
#1893 = DIRECTION('',(1.,0.));
#1894 = ( GEOMETRIC_REPRESENTATION_CONTEXT(2) 
PARAMETRIC_REPRESENTATION_CONTEXT() REPRESENTATION_CONTEXT('2D SPACE',''
  ) );
#1895 = ADVANCED_FACE('',(#1896),#598,.F.);
#1896 = FACE_BOUND('',#1897,.F.);
#1897 = EDGE_LOOP('',(#1898,#1920,#1921,#1922));
#1898 = ORIENTED_EDGE('',*,*,#1899,.F.);
#1899 = EDGE_CURVE('',#582,#1900,#1902,.T.);
#1900 = VERTEX_POINT('',#1901);
#1901 = CARTESIAN_POINT('',(112.5,-1.,37.5));
#1902 = SEAM_CURVE('',#1903,(#1908,#1914),.PCURVE_S1.);
#1903 = CIRCLE('',#1904,1.);
#1904 = AXIS2_PLACEMENT_3D('',#1905,#1906,#1907);
#1905 = CARTESIAN_POINT('',(112.5,-1.,38.5));
#1906 = DIRECTION('',(-1.,0.,0.));
#1907 = DIRECTION('',(0.,0.,1.));
#1908 = PCURVE('',#598,#1909);
#1909 = DEFINITIONAL_REPRESENTATION('',(#1910),#1913);
#1910 = B_SPLINE_CURVE_WITH_KNOTS('',1,(#1911,#1912),.UNSPECIFIED.,.F.,
  .F.,(2,2),(1.570796326795,3.14159265359),.PIECEWISE_BEZIER_KNOTS.);
#1911 = CARTESIAN_POINT('',(0.,1.570796326795));
#1912 = CARTESIAN_POINT('',(0.,3.14159265359));
#1913 = ( GEOMETRIC_REPRESENTATION_CONTEXT(2) 
PARAMETRIC_REPRESENTATION_CONTEXT() REPRESENTATION_CONTEXT('2D SPACE',''
  ) );
#1914 = PCURVE('',#598,#1915);
#1915 = DEFINITIONAL_REPRESENTATION('',(#1916),#1919);
#1916 = B_SPLINE_CURVE_WITH_KNOTS('',1,(#1917,#1918),.UNSPECIFIED.,.F.,
  .F.,(2,2),(1.570796326795,3.14159265359),.PIECEWISE_BEZIER_KNOTS.);
#1917 = CARTESIAN_POINT('',(6.28318530718,1.570796326795));
#1918 = CARTESIAN_POINT('',(6.28318530718,3.14159265359));
#1919 = ( GEOMETRIC_REPRESENTATION_CONTEXT(2) 
PARAMETRIC_REPRESENTATION_CONTEXT() REPRESENTATION_CONTEXT('2D SPACE',''
  ) );
#1920 = ORIENTED_EDGE('',*,*,#581,.T.);
#1921 = ORIENTED_EDGE('',*,*,#1899,.T.);
#1922 = ORIENTED_EDGE('',*,*,#1923,.F.);
#1923 = EDGE_CURVE('',#1900,#1900,#1924,.T.);
#1924 = SURFACE_CURVE('',#1925,(#1930,#1937),.PCURVE_S1.);
#1925 = CIRCLE('',#1926,14.);
#1926 = AXIS2_PLACEMENT_3D('',#1927,#1928,#1929);
#1927 = CARTESIAN_POINT('',(112.5,-1.,23.5));
#1928 = DIRECTION('',(0.,1.,0.));
#1929 = DIRECTION('',(0.,-0.,1.));
#1930 = PCURVE('',#598,#1931);
#1931 = DEFINITIONAL_REPRESENTATION('',(#1932),#1936);
#1932 = LINE('',#1933,#1934);
#1933 = CARTESIAN_POINT('',(0.,3.14159265359));
#1934 = VECTOR('',#1935,1.);
#1935 = DIRECTION('',(1.,0.));
#1936 = ( GEOMETRIC_REPRESENTATION_CONTEXT(2) 
PARAMETRIC_REPRESENTATION_CONTEXT() REPRESENTATION_CONTEXT('2D SPACE',''
  ) );
#1937 = PCURVE('',#1938,#1943);
#1938 = CYLINDRICAL_SURFACE('',#1939,14.);
#1939 = AXIS2_PLACEMENT_3D('',#1940,#1941,#1942);
#1940 = CARTESIAN_POINT('',(112.5,-6.,23.5));
#1941 = DIRECTION('',(0.,1.,0.));
#1942 = DIRECTION('',(0.,-0.,1.));
#1943 = DEFINITIONAL_REPRESENTATION('',(#1944),#1948);
#1944 = LINE('',#1945,#1946);
#1945 = CARTESIAN_POINT('',(0.,5.));
#1946 = VECTOR('',#1947,1.);
#1947 = DIRECTION('',(1.,0.));
#1948 = ( GEOMETRIC_REPRESENTATION_CONTEXT(2) 
PARAMETRIC_REPRESENTATION_CONTEXT() REPRESENTATION_CONTEXT('2D SPACE',''
  ) );
#1949 = ADVANCED_FACE('',(#1950),#629,.F.);
#1950 = FACE_BOUND('',#1951,.F.);
#1951 = EDGE_LOOP('',(#1952,#1981,#2002,#2003));
#1952 = ORIENTED_EDGE('',*,*,#1953,.F.);
#1953 = EDGE_CURVE('',#1954,#1954,#1956,.T.);
#1954 = VERTEX_POINT('',#1955);
#1955 = CARTESIAN_POINT('',(178.,14.,8.65));
#1956 = SURFACE_CURVE('',#1957,(#1962,#1969),.PCURVE_S1.);
#1957 = CIRCLE('',#1958,1.65);
#1958 = AXIS2_PLACEMENT_3D('',#1959,#1960,#1961);
#1959 = CARTESIAN_POINT('',(178.,14.,7.));
#1960 = DIRECTION('',(0.,1.,0.));
#1961 = DIRECTION('',(0.,-0.,1.));
#1962 = PCURVE('',#629,#1963);
#1963 = DEFINITIONAL_REPRESENTATION('',(#1964),#1968);
#1964 = LINE('',#1965,#1966);
#1965 = CARTESIAN_POINT('',(0.,14.));
#1966 = VECTOR('',#1967,1.);
#1967 = DIRECTION('',(1.,0.));
#1968 = ( GEOMETRIC_REPRESENTATION_CONTEXT(2) 
PARAMETRIC_REPRESENTATION_CONTEXT() REPRESENTATION_CONTEXT('2D SPACE',''
  ) );
#1969 = PCURVE('',#1970,#1975);
#1970 = PLANE('',#1971);
#1971 = AXIS2_PLACEMENT_3D('',#1972,#1973,#1974);
#1972 = CARTESIAN_POINT('',(178.,14.,7.));
#1973 = DIRECTION('',(0.,1.,0.));
#1974 = DIRECTION('',(0.,-0.,1.));
#1975 = DEFINITIONAL_REPRESENTATION('',(#1976),#1980);
#1976 = CIRCLE('',#1977,1.65);
#1977 = AXIS2_PLACEMENT_2D('',#1978,#1979);
#1978 = CARTESIAN_POINT('',(0.,0.));
#1979 = DIRECTION('',(1.,0.));
#1980 = ( GEOMETRIC_REPRESENTATION_CONTEXT(2) 
PARAMETRIC_REPRESENTATION_CONTEXT() REPRESENTATION_CONTEXT('2D SPACE',''
  ) );
#1981 = ORIENTED_EDGE('',*,*,#1982,.F.);
#1982 = EDGE_CURVE('',#613,#1954,#1983,.T.);
#1983 = SEAM_CURVE('',#1984,(#1988,#1995),.PCURVE_S1.);
#1984 = LINE('',#1985,#1986);
#1985 = CARTESIAN_POINT('',(178.,0.,8.65));
#1986 = VECTOR('',#1987,1.);
#1987 = DIRECTION('',(0.,1.,0.));
#1988 = PCURVE('',#629,#1989);
#1989 = DEFINITIONAL_REPRESENTATION('',(#1990),#1994);
#1990 = LINE('',#1991,#1992);
#1991 = CARTESIAN_POINT('',(6.28318530718,-0.));
#1992 = VECTOR('',#1993,1.);
#1993 = DIRECTION('',(0.,1.));
#1994 = ( GEOMETRIC_REPRESENTATION_CONTEXT(2) 
PARAMETRIC_REPRESENTATION_CONTEXT() REPRESENTATION_CONTEXT('2D SPACE',''
  ) );
#1995 = PCURVE('',#629,#1996);
#1996 = DEFINITIONAL_REPRESENTATION('',(#1997),#2001);
#1997 = LINE('',#1998,#1999);
#1998 = CARTESIAN_POINT('',(0.,-0.));
#1999 = VECTOR('',#2000,1.);
#2000 = DIRECTION('',(0.,1.));
#2001 = ( GEOMETRIC_REPRESENTATION_CONTEXT(2) 
PARAMETRIC_REPRESENTATION_CONTEXT() REPRESENTATION_CONTEXT('2D SPACE',''
  ) );
#2002 = ORIENTED_EDGE('',*,*,#612,.T.);
#2003 = ORIENTED_EDGE('',*,*,#1982,.T.);
#2004 = ADVANCED_FACE('',(#2005),#660,.F.);
#2005 = FACE_BOUND('',#2006,.F.);
#2006 = EDGE_LOOP('',(#2007,#2029,#2030,#2031));
#2007 = ORIENTED_EDGE('',*,*,#2008,.F.);
#2008 = EDGE_CURVE('',#644,#2009,#2011,.T.);
#2009 = VERTEX_POINT('',#2010);
#2010 = CARTESIAN_POINT('',(157.5,-1.,37.5));
#2011 = SEAM_CURVE('',#2012,(#2017,#2023),.PCURVE_S1.);
#2012 = CIRCLE('',#2013,1.);
#2013 = AXIS2_PLACEMENT_3D('',#2014,#2015,#2016);
#2014 = CARTESIAN_POINT('',(157.5,-1.,38.5));
#2015 = DIRECTION('',(-1.,0.,0.));
#2016 = DIRECTION('',(0.,0.,1.));
#2017 = PCURVE('',#660,#2018);
#2018 = DEFINITIONAL_REPRESENTATION('',(#2019),#2022);
#2019 = B_SPLINE_CURVE_WITH_KNOTS('',1,(#2020,#2021),.UNSPECIFIED.,.F.,
  .F.,(2,2),(1.570796326795,3.14159265359),.PIECEWISE_BEZIER_KNOTS.);
#2020 = CARTESIAN_POINT('',(0.,1.570796326795));
#2021 = CARTESIAN_POINT('',(0.,3.14159265359));
#2022 = ( GEOMETRIC_REPRESENTATION_CONTEXT(2) 
PARAMETRIC_REPRESENTATION_CONTEXT() REPRESENTATION_CONTEXT('2D SPACE',''
  ) );
#2023 = PCURVE('',#660,#2024);
#2024 = DEFINITIONAL_REPRESENTATION('',(#2025),#2028);
#2025 = B_SPLINE_CURVE_WITH_KNOTS('',1,(#2026,#2027),.UNSPECIFIED.,.F.,
  .F.,(2,2),(1.570796326795,3.14159265359),.PIECEWISE_BEZIER_KNOTS.);
#2026 = CARTESIAN_POINT('',(6.28318530718,1.570796326795));
#2027 = CARTESIAN_POINT('',(6.28318530718,3.14159265359));
#2028 = ( GEOMETRIC_REPRESENTATION_CONTEXT(2) 
PARAMETRIC_REPRESENTATION_CONTEXT() REPRESENTATION_CONTEXT('2D SPACE',''
  ) );
#2029 = ORIENTED_EDGE('',*,*,#643,.T.);
#2030 = ORIENTED_EDGE('',*,*,#2008,.T.);
#2031 = ORIENTED_EDGE('',*,*,#2032,.F.);
#2032 = EDGE_CURVE('',#2009,#2009,#2033,.T.);
#2033 = SURFACE_CURVE('',#2034,(#2039,#2046),.PCURVE_S1.);
#2034 = CIRCLE('',#2035,14.);
#2035 = AXIS2_PLACEMENT_3D('',#2036,#2037,#2038);
#2036 = CARTESIAN_POINT('',(157.5,-1.,23.5));
#2037 = DIRECTION('',(0.,1.,0.));
#2038 = DIRECTION('',(0.,-0.,1.));
#2039 = PCURVE('',#660,#2040);
#2040 = DEFINITIONAL_REPRESENTATION('',(#2041),#2045);
#2041 = LINE('',#2042,#2043);
#2042 = CARTESIAN_POINT('',(0.,3.14159265359));
#2043 = VECTOR('',#2044,1.);
#2044 = DIRECTION('',(1.,0.));
#2045 = ( GEOMETRIC_REPRESENTATION_CONTEXT(2) 
PARAMETRIC_REPRESENTATION_CONTEXT() REPRESENTATION_CONTEXT('2D SPACE',''
  ) );
#2046 = PCURVE('',#2047,#2052);
#2047 = CYLINDRICAL_SURFACE('',#2048,14.);
#2048 = AXIS2_PLACEMENT_3D('',#2049,#2050,#2051);
#2049 = CARTESIAN_POINT('',(157.5,-6.,23.5));
#2050 = DIRECTION('',(0.,1.,0.));
#2051 = DIRECTION('',(0.,-0.,1.));
#2052 = DEFINITIONAL_REPRESENTATION('',(#2053),#2057);
#2053 = LINE('',#2054,#2055);
#2054 = CARTESIAN_POINT('',(0.,5.));
#2055 = VECTOR('',#2056,1.);
#2056 = DIRECTION('',(1.,0.));
#2057 = ( GEOMETRIC_REPRESENTATION_CONTEXT(2) 
PARAMETRIC_REPRESENTATION_CONTEXT() REPRESENTATION_CONTEXT('2D SPACE',''
  ) );
#2058 = ADVANCED_FACE('',(#2059),#691,.F.);
#2059 = FACE_BOUND('',#2060,.F.);
#2060 = EDGE_LOOP('',(#2061,#2083,#2084,#2085));
#2061 = ORIENTED_EDGE('',*,*,#2062,.F.);
#2062 = EDGE_CURVE('',#675,#2063,#2065,.T.);
#2063 = VERTEX_POINT('',#2064);
#2064 = CARTESIAN_POINT('',(22.5,-1.,77.5));
#2065 = SEAM_CURVE('',#2066,(#2071,#2077),.PCURVE_S1.);
#2066 = CIRCLE('',#2067,1.);
#2067 = AXIS2_PLACEMENT_3D('',#2068,#2069,#2070);
#2068 = CARTESIAN_POINT('',(22.5,-1.,78.5));
#2069 = DIRECTION('',(-1.,0.,0.));
#2070 = DIRECTION('',(0.,0.,1.));
#2071 = PCURVE('',#691,#2072);
#2072 = DEFINITIONAL_REPRESENTATION('',(#2073),#2076);
#2073 = B_SPLINE_CURVE_WITH_KNOTS('',1,(#2074,#2075),.UNSPECIFIED.,.F.,
  .F.,(2,2),(1.570796326795,3.14159265359),.PIECEWISE_BEZIER_KNOTS.);
#2074 = CARTESIAN_POINT('',(0.,1.570796326795));
#2075 = CARTESIAN_POINT('',(0.,3.14159265359));
#2076 = ( GEOMETRIC_REPRESENTATION_CONTEXT(2) 
PARAMETRIC_REPRESENTATION_CONTEXT() REPRESENTATION_CONTEXT('2D SPACE',''
  ) );
#2077 = PCURVE('',#691,#2078);
#2078 = DEFINITIONAL_REPRESENTATION('',(#2079),#2082);
#2079 = B_SPLINE_CURVE_WITH_KNOTS('',1,(#2080,#2081),.UNSPECIFIED.,.F.,
  .F.,(2,2),(1.570796326795,3.14159265359),.PIECEWISE_BEZIER_KNOTS.);
#2080 = CARTESIAN_POINT('',(6.28318530718,1.570796326795));
#2081 = CARTESIAN_POINT('',(6.28318530718,3.14159265359));
#2082 = ( GEOMETRIC_REPRESENTATION_CONTEXT(2) 
PARAMETRIC_REPRESENTATION_CONTEXT() REPRESENTATION_CONTEXT('2D SPACE',''
  ) );
#2083 = ORIENTED_EDGE('',*,*,#674,.T.);
#2084 = ORIENTED_EDGE('',*,*,#2062,.T.);
#2085 = ORIENTED_EDGE('',*,*,#2086,.F.);
#2086 = EDGE_CURVE('',#2063,#2063,#2087,.T.);
#2087 = SURFACE_CURVE('',#2088,(#2093,#2100),.PCURVE_S1.);
#2088 = CIRCLE('',#2089,14.);
#2089 = AXIS2_PLACEMENT_3D('',#2090,#2091,#2092);
#2090 = CARTESIAN_POINT('',(22.5,-1.,63.5));
#2091 = DIRECTION('',(0.,1.,0.));
#2092 = DIRECTION('',(0.,-0.,1.));
#2093 = PCURVE('',#691,#2094);
#2094 = DEFINITIONAL_REPRESENTATION('',(#2095),#2099);
#2095 = LINE('',#2096,#2097);
#2096 = CARTESIAN_POINT('',(0.,3.14159265359));
#2097 = VECTOR('',#2098,1.);
#2098 = DIRECTION('',(1.,0.));
#2099 = ( GEOMETRIC_REPRESENTATION_CONTEXT(2) 
PARAMETRIC_REPRESENTATION_CONTEXT() REPRESENTATION_CONTEXT('2D SPACE',''
  ) );
#2100 = PCURVE('',#2101,#2106);
#2101 = CYLINDRICAL_SURFACE('',#2102,14.);
#2102 = AXIS2_PLACEMENT_3D('',#2103,#2104,#2105);
#2103 = CARTESIAN_POINT('',(22.5,-6.,63.5));
#2104 = DIRECTION('',(0.,1.,0.));
#2105 = DIRECTION('',(0.,-0.,1.));
#2106 = DEFINITIONAL_REPRESENTATION('',(#2107),#2111);
#2107 = LINE('',#2108,#2109);
#2108 = CARTESIAN_POINT('',(0.,5.));
#2109 = VECTOR('',#2110,1.);
#2110 = DIRECTION('',(1.,0.));
#2111 = ( GEOMETRIC_REPRESENTATION_CONTEXT(2) 
PARAMETRIC_REPRESENTATION_CONTEXT() REPRESENTATION_CONTEXT('2D SPACE',''
  ) );
#2112 = ADVANCED_FACE('',(#2113),#722,.F.);
#2113 = FACE_BOUND('',#2114,.F.);
#2114 = EDGE_LOOP('',(#2115,#2144,#2165,#2166));
#2115 = ORIENTED_EDGE('',*,*,#2116,.F.);
#2116 = EDGE_CURVE('',#2117,#2117,#2119,.T.);
#2117 = VERTEX_POINT('',#2118);
#2118 = CARTESIAN_POINT('',(-4.041334437186E-16,14.,81.65));
#2119 = SURFACE_CURVE('',#2120,(#2125,#2132),.PCURVE_S1.);
#2120 = CIRCLE('',#2121,1.65);
#2121 = AXIS2_PLACEMENT_3D('',#2122,#2123,#2124);
#2122 = CARTESIAN_POINT('',(0.,14.,80.));
#2123 = DIRECTION('',(0.,1.,0.));
#2124 = DIRECTION('',(0.,-0.,1.));
#2125 = PCURVE('',#722,#2126);
#2126 = DEFINITIONAL_REPRESENTATION('',(#2127),#2131);
#2127 = LINE('',#2128,#2129);
#2128 = CARTESIAN_POINT('',(0.,14.));
#2129 = VECTOR('',#2130,1.);
#2130 = DIRECTION('',(1.,0.));
#2131 = ( GEOMETRIC_REPRESENTATION_CONTEXT(2) 
PARAMETRIC_REPRESENTATION_CONTEXT() REPRESENTATION_CONTEXT('2D SPACE',''
  ) );
#2132 = PCURVE('',#2133,#2138);
#2133 = PLANE('',#2134);
#2134 = AXIS2_PLACEMENT_3D('',#2135,#2136,#2137);
#2135 = CARTESIAN_POINT('',(0.,14.,80.));
#2136 = DIRECTION('',(0.,1.,0.));
#2137 = DIRECTION('',(0.,-0.,1.));
#2138 = DEFINITIONAL_REPRESENTATION('',(#2139),#2143);
#2139 = CIRCLE('',#2140,1.65);
#2140 = AXIS2_PLACEMENT_2D('',#2141,#2142);
#2141 = CARTESIAN_POINT('',(0.,0.));
#2142 = DIRECTION('',(1.,0.));
#2143 = ( GEOMETRIC_REPRESENTATION_CONTEXT(2) 
PARAMETRIC_REPRESENTATION_CONTEXT() REPRESENTATION_CONTEXT('2D SPACE',''
  ) );
#2144 = ORIENTED_EDGE('',*,*,#2145,.F.);
#2145 = EDGE_CURVE('',#706,#2117,#2146,.T.);
#2146 = SEAM_CURVE('',#2147,(#2151,#2158),.PCURVE_S1.);
#2147 = LINE('',#2148,#2149);
#2148 = CARTESIAN_POINT('',(-4.041334437186E-16,0.,81.65));
#2149 = VECTOR('',#2150,1.);
#2150 = DIRECTION('',(0.,1.,0.));
#2151 = PCURVE('',#722,#2152);
#2152 = DEFINITIONAL_REPRESENTATION('',(#2153),#2157);
#2153 = LINE('',#2154,#2155);
#2154 = CARTESIAN_POINT('',(6.28318530718,-0.));
#2155 = VECTOR('',#2156,1.);
#2156 = DIRECTION('',(0.,1.));
#2157 = ( GEOMETRIC_REPRESENTATION_CONTEXT(2) 
PARAMETRIC_REPRESENTATION_CONTEXT() REPRESENTATION_CONTEXT('2D SPACE',''
  ) );
#2158 = PCURVE('',#722,#2159);
#2159 = DEFINITIONAL_REPRESENTATION('',(#2160),#2164);
#2160 = LINE('',#2161,#2162);
#2161 = CARTESIAN_POINT('',(0.,-0.));
#2162 = VECTOR('',#2163,1.);
#2163 = DIRECTION('',(0.,1.));
#2164 = ( GEOMETRIC_REPRESENTATION_CONTEXT(2) 
PARAMETRIC_REPRESENTATION_CONTEXT() REPRESENTATION_CONTEXT('2D SPACE',''
  ) );
#2165 = ORIENTED_EDGE('',*,*,#705,.T.);
#2166 = ORIENTED_EDGE('',*,*,#2145,.T.);
#2167 = ADVANCED_FACE('',(#2168),#753,.F.);
#2168 = FACE_BOUND('',#2169,.F.);
#2169 = EDGE_LOOP('',(#2170,#2192,#2193,#2194));
#2170 = ORIENTED_EDGE('',*,*,#2171,.F.);
#2171 = EDGE_CURVE('',#737,#2172,#2174,.T.);
#2172 = VERTEX_POINT('',#2173);
#2173 = CARTESIAN_POINT('',(67.5,-1.,77.5));
#2174 = SEAM_CURVE('',#2175,(#2180,#2186),.PCURVE_S1.);
#2175 = CIRCLE('',#2176,1.);
#2176 = AXIS2_PLACEMENT_3D('',#2177,#2178,#2179);
#2177 = CARTESIAN_POINT('',(67.5,-1.,78.5));
#2178 = DIRECTION('',(-1.,0.,0.));
#2179 = DIRECTION('',(0.,0.,1.));
#2180 = PCURVE('',#753,#2181);
#2181 = DEFINITIONAL_REPRESENTATION('',(#2182),#2185);
#2182 = B_SPLINE_CURVE_WITH_KNOTS('',1,(#2183,#2184),.UNSPECIFIED.,.F.,
  .F.,(2,2),(1.570796326795,3.14159265359),.PIECEWISE_BEZIER_KNOTS.);
#2183 = CARTESIAN_POINT('',(0.,1.570796326795));
#2184 = CARTESIAN_POINT('',(0.,3.14159265359));
#2185 = ( GEOMETRIC_REPRESENTATION_CONTEXT(2) 
PARAMETRIC_REPRESENTATION_CONTEXT() REPRESENTATION_CONTEXT('2D SPACE',''
  ) );
#2186 = PCURVE('',#753,#2187);
#2187 = DEFINITIONAL_REPRESENTATION('',(#2188),#2191);
#2188 = B_SPLINE_CURVE_WITH_KNOTS('',1,(#2189,#2190),.UNSPECIFIED.,.F.,
  .F.,(2,2),(1.570796326795,3.14159265359),.PIECEWISE_BEZIER_KNOTS.);
#2189 = CARTESIAN_POINT('',(6.28318530718,1.570796326795));
#2190 = CARTESIAN_POINT('',(6.28318530718,3.14159265359));
#2191 = ( GEOMETRIC_REPRESENTATION_CONTEXT(2) 
PARAMETRIC_REPRESENTATION_CONTEXT() REPRESENTATION_CONTEXT('2D SPACE',''
  ) );
#2192 = ORIENTED_EDGE('',*,*,#736,.T.);
#2193 = ORIENTED_EDGE('',*,*,#2171,.T.);
#2194 = ORIENTED_EDGE('',*,*,#2195,.F.);
#2195 = EDGE_CURVE('',#2172,#2172,#2196,.T.);
#2196 = SURFACE_CURVE('',#2197,(#2202,#2209),.PCURVE_S1.);
#2197 = CIRCLE('',#2198,14.);
#2198 = AXIS2_PLACEMENT_3D('',#2199,#2200,#2201);
#2199 = CARTESIAN_POINT('',(67.5,-1.,63.5));
#2200 = DIRECTION('',(0.,1.,0.));
#2201 = DIRECTION('',(0.,-0.,1.));
#2202 = PCURVE('',#753,#2203);
#2203 = DEFINITIONAL_REPRESENTATION('',(#2204),#2208);
#2204 = LINE('',#2205,#2206);
#2205 = CARTESIAN_POINT('',(0.,3.14159265359));
#2206 = VECTOR('',#2207,1.);
#2207 = DIRECTION('',(1.,0.));
#2208 = ( GEOMETRIC_REPRESENTATION_CONTEXT(2) 
PARAMETRIC_REPRESENTATION_CONTEXT() REPRESENTATION_CONTEXT('2D SPACE',''
  ) );
#2209 = PCURVE('',#2210,#2215);
#2210 = CYLINDRICAL_SURFACE('',#2211,14.);
#2211 = AXIS2_PLACEMENT_3D('',#2212,#2213,#2214);
#2212 = CARTESIAN_POINT('',(67.5,-6.,63.5));
#2213 = DIRECTION('',(0.,1.,0.));
#2214 = DIRECTION('',(0.,-0.,1.));
#2215 = DEFINITIONAL_REPRESENTATION('',(#2216),#2220);
#2216 = LINE('',#2217,#2218);
#2217 = CARTESIAN_POINT('',(0.,5.));
#2218 = VECTOR('',#2219,1.);
#2219 = DIRECTION('',(1.,0.));
#2220 = ( GEOMETRIC_REPRESENTATION_CONTEXT(2) 
PARAMETRIC_REPRESENTATION_CONTEXT() REPRESENTATION_CONTEXT('2D SPACE',''
  ) );
#2221 = ADVANCED_FACE('',(#2222),#784,.F.);
#2222 = FACE_BOUND('',#2223,.F.);
#2223 = EDGE_LOOP('',(#2224,#2246,#2247,#2248));
#2224 = ORIENTED_EDGE('',*,*,#2225,.F.);
#2225 = EDGE_CURVE('',#768,#2226,#2228,.T.);
#2226 = VERTEX_POINT('',#2227);
#2227 = CARTESIAN_POINT('',(112.5,-1.,77.5));
#2228 = SEAM_CURVE('',#2229,(#2234,#2240),.PCURVE_S1.);
#2229 = CIRCLE('',#2230,1.);
#2230 = AXIS2_PLACEMENT_3D('',#2231,#2232,#2233);
#2231 = CARTESIAN_POINT('',(112.5,-1.,78.5));
#2232 = DIRECTION('',(-1.,0.,0.));
#2233 = DIRECTION('',(0.,0.,1.));
#2234 = PCURVE('',#784,#2235);
#2235 = DEFINITIONAL_REPRESENTATION('',(#2236),#2239);
#2236 = B_SPLINE_CURVE_WITH_KNOTS('',1,(#2237,#2238),.UNSPECIFIED.,.F.,
  .F.,(2,2),(1.570796326795,3.14159265359),.PIECEWISE_BEZIER_KNOTS.);
#2237 = CARTESIAN_POINT('',(0.,1.570796326795));
#2238 = CARTESIAN_POINT('',(0.,3.14159265359));
#2239 = ( GEOMETRIC_REPRESENTATION_CONTEXT(2) 
PARAMETRIC_REPRESENTATION_CONTEXT() REPRESENTATION_CONTEXT('2D SPACE',''
  ) );
#2240 = PCURVE('',#784,#2241);
#2241 = DEFINITIONAL_REPRESENTATION('',(#2242),#2245);
#2242 = B_SPLINE_CURVE_WITH_KNOTS('',1,(#2243,#2244),.UNSPECIFIED.,.F.,
  .F.,(2,2),(1.570796326795,3.14159265359),.PIECEWISE_BEZIER_KNOTS.);
#2243 = CARTESIAN_POINT('',(6.28318530718,1.570796326795));
#2244 = CARTESIAN_POINT('',(6.28318530718,3.14159265359));
#2245 = ( GEOMETRIC_REPRESENTATION_CONTEXT(2) 
PARAMETRIC_REPRESENTATION_CONTEXT() REPRESENTATION_CONTEXT('2D SPACE',''
  ) );
#2246 = ORIENTED_EDGE('',*,*,#767,.T.);
#2247 = ORIENTED_EDGE('',*,*,#2225,.T.);
#2248 = ORIENTED_EDGE('',*,*,#2249,.F.);
#2249 = EDGE_CURVE('',#2226,#2226,#2250,.T.);
#2250 = SURFACE_CURVE('',#2251,(#2256,#2263),.PCURVE_S1.);
#2251 = CIRCLE('',#2252,14.);
#2252 = AXIS2_PLACEMENT_3D('',#2253,#2254,#2255);
#2253 = CARTESIAN_POINT('',(112.5,-1.,63.5));
#2254 = DIRECTION('',(0.,1.,0.));
#2255 = DIRECTION('',(0.,-0.,1.));
#2256 = PCURVE('',#784,#2257);
#2257 = DEFINITIONAL_REPRESENTATION('',(#2258),#2262);
#2258 = LINE('',#2259,#2260);
#2259 = CARTESIAN_POINT('',(0.,3.14159265359));
#2260 = VECTOR('',#2261,1.);
#2261 = DIRECTION('',(1.,0.));
#2262 = ( GEOMETRIC_REPRESENTATION_CONTEXT(2) 
PARAMETRIC_REPRESENTATION_CONTEXT() REPRESENTATION_CONTEXT('2D SPACE',''
  ) );
#2263 = PCURVE('',#2264,#2269);
#2264 = CYLINDRICAL_SURFACE('',#2265,14.);
#2265 = AXIS2_PLACEMENT_3D('',#2266,#2267,#2268);
#2266 = CARTESIAN_POINT('',(112.5,-6.,63.5));
#2267 = DIRECTION('',(0.,1.,0.));
#2268 = DIRECTION('',(0.,-0.,1.));
#2269 = DEFINITIONAL_REPRESENTATION('',(#2270),#2274);
#2270 = LINE('',#2271,#2272);
#2271 = CARTESIAN_POINT('',(0.,5.));
#2272 = VECTOR('',#2273,1.);
#2273 = DIRECTION('',(1.,0.));
#2274 = ( GEOMETRIC_REPRESENTATION_CONTEXT(2) 
PARAMETRIC_REPRESENTATION_CONTEXT() REPRESENTATION_CONTEXT('2D SPACE',''
  ) );
#2275 = ADVANCED_FACE('',(#2276),#815,.F.);
#2276 = FACE_BOUND('',#2277,.F.);
#2277 = EDGE_LOOP('',(#2278,#2300,#2301,#2302));
#2278 = ORIENTED_EDGE('',*,*,#2279,.F.);
#2279 = EDGE_CURVE('',#799,#2280,#2282,.T.);
#2280 = VERTEX_POINT('',#2281);
#2281 = CARTESIAN_POINT('',(157.5,-1.,77.5));
#2282 = SEAM_CURVE('',#2283,(#2288,#2294),.PCURVE_S1.);
#2283 = CIRCLE('',#2284,1.);
#2284 = AXIS2_PLACEMENT_3D('',#2285,#2286,#2287);
#2285 = CARTESIAN_POINT('',(157.5,-1.,78.5));
#2286 = DIRECTION('',(-1.,0.,0.));
#2287 = DIRECTION('',(0.,0.,1.));
#2288 = PCURVE('',#815,#2289);
#2289 = DEFINITIONAL_REPRESENTATION('',(#2290),#2293);
#2290 = B_SPLINE_CURVE_WITH_KNOTS('',1,(#2291,#2292),.UNSPECIFIED.,.F.,
  .F.,(2,2),(1.570796326795,3.14159265359),.PIECEWISE_BEZIER_KNOTS.);
#2291 = CARTESIAN_POINT('',(0.,1.570796326795));
#2292 = CARTESIAN_POINT('',(0.,3.14159265359));
#2293 = ( GEOMETRIC_REPRESENTATION_CONTEXT(2) 
PARAMETRIC_REPRESENTATION_CONTEXT() REPRESENTATION_CONTEXT('2D SPACE',''
  ) );
#2294 = PCURVE('',#815,#2295);
#2295 = DEFINITIONAL_REPRESENTATION('',(#2296),#2299);
#2296 = B_SPLINE_CURVE_WITH_KNOTS('',1,(#2297,#2298),.UNSPECIFIED.,.F.,
  .F.,(2,2),(1.570796326795,3.14159265359),.PIECEWISE_BEZIER_KNOTS.);
#2297 = CARTESIAN_POINT('',(6.28318530718,1.570796326795));
#2298 = CARTESIAN_POINT('',(6.28318530718,3.14159265359));
#2299 = ( GEOMETRIC_REPRESENTATION_CONTEXT(2) 
PARAMETRIC_REPRESENTATION_CONTEXT() REPRESENTATION_CONTEXT('2D SPACE',''
  ) );
#2300 = ORIENTED_EDGE('',*,*,#798,.T.);
#2301 = ORIENTED_EDGE('',*,*,#2279,.T.);
#2302 = ORIENTED_EDGE('',*,*,#2303,.F.);
#2303 = EDGE_CURVE('',#2280,#2280,#2304,.T.);
#2304 = SURFACE_CURVE('',#2305,(#2310,#2317),.PCURVE_S1.);
#2305 = CIRCLE('',#2306,14.);
#2306 = AXIS2_PLACEMENT_3D('',#2307,#2308,#2309);
#2307 = CARTESIAN_POINT('',(157.5,-1.,63.5));
#2308 = DIRECTION('',(0.,1.,0.));
#2309 = DIRECTION('',(0.,-0.,1.));
#2310 = PCURVE('',#815,#2311);
#2311 = DEFINITIONAL_REPRESENTATION('',(#2312),#2316);
#2312 = LINE('',#2313,#2314);
#2313 = CARTESIAN_POINT('',(0.,3.14159265359));
#2314 = VECTOR('',#2315,1.);
#2315 = DIRECTION('',(1.,0.));
#2316 = ( GEOMETRIC_REPRESENTATION_CONTEXT(2) 
PARAMETRIC_REPRESENTATION_CONTEXT() REPRESENTATION_CONTEXT('2D SPACE',''
  ) );
#2317 = PCURVE('',#2318,#2323);
#2318 = CYLINDRICAL_SURFACE('',#2319,14.);
#2319 = AXIS2_PLACEMENT_3D('',#2320,#2321,#2322);
#2320 = CARTESIAN_POINT('',(157.5,-6.,63.5));
#2321 = DIRECTION('',(0.,1.,0.));
#2322 = DIRECTION('',(0.,-0.,1.));
#2323 = DEFINITIONAL_REPRESENTATION('',(#2324),#2328);
#2324 = LINE('',#2325,#2326);
#2325 = CARTESIAN_POINT('',(0.,5.));
#2326 = VECTOR('',#2327,1.);
#2327 = DIRECTION('',(1.,0.));
#2328 = ( GEOMETRIC_REPRESENTATION_CONTEXT(2) 
PARAMETRIC_REPRESENTATION_CONTEXT() REPRESENTATION_CONTEXT('2D SPACE',''
  ) );
#2329 = ADVANCED_FACE('',(#2330),#846,.F.);
#2330 = FACE_BOUND('',#2331,.F.);
#2331 = EDGE_LOOP('',(#2332,#2361,#2382,#2383));
#2332 = ORIENTED_EDGE('',*,*,#2333,.F.);
#2333 = EDGE_CURVE('',#2334,#2334,#2336,.T.);
#2334 = VERTEX_POINT('',#2335);
#2335 = CARTESIAN_POINT('',(178.,14.,81.65));
#2336 = SURFACE_CURVE('',#2337,(#2342,#2349),.PCURVE_S1.);
#2337 = CIRCLE('',#2338,1.65);
#2338 = AXIS2_PLACEMENT_3D('',#2339,#2340,#2341);
#2339 = CARTESIAN_POINT('',(178.,14.,80.));
#2340 = DIRECTION('',(0.,1.,0.));
#2341 = DIRECTION('',(0.,-0.,1.));
#2342 = PCURVE('',#846,#2343);
#2343 = DEFINITIONAL_REPRESENTATION('',(#2344),#2348);
#2344 = LINE('',#2345,#2346);
#2345 = CARTESIAN_POINT('',(0.,14.));
#2346 = VECTOR('',#2347,1.);
#2347 = DIRECTION('',(1.,0.));
#2348 = ( GEOMETRIC_REPRESENTATION_CONTEXT(2) 
PARAMETRIC_REPRESENTATION_CONTEXT() REPRESENTATION_CONTEXT('2D SPACE',''
  ) );
#2349 = PCURVE('',#2350,#2355);
#2350 = PLANE('',#2351);
#2351 = AXIS2_PLACEMENT_3D('',#2352,#2353,#2354);
#2352 = CARTESIAN_POINT('',(178.,14.,80.));
#2353 = DIRECTION('',(0.,1.,0.));
#2354 = DIRECTION('',(0.,-0.,1.));
#2355 = DEFINITIONAL_REPRESENTATION('',(#2356),#2360);
#2356 = CIRCLE('',#2357,1.65);
#2357 = AXIS2_PLACEMENT_2D('',#2358,#2359);
#2358 = CARTESIAN_POINT('',(0.,0.));
#2359 = DIRECTION('',(1.,0.));
#2360 = ( GEOMETRIC_REPRESENTATION_CONTEXT(2) 
PARAMETRIC_REPRESENTATION_CONTEXT() REPRESENTATION_CONTEXT('2D SPACE',''
  ) );
#2361 = ORIENTED_EDGE('',*,*,#2362,.F.);
#2362 = EDGE_CURVE('',#830,#2334,#2363,.T.);
#2363 = SEAM_CURVE('',#2364,(#2368,#2375),.PCURVE_S1.);
#2364 = LINE('',#2365,#2366);
#2365 = CARTESIAN_POINT('',(178.,0.,81.65));
#2366 = VECTOR('',#2367,1.);
#2367 = DIRECTION('',(0.,1.,0.));
#2368 = PCURVE('',#846,#2369);
#2369 = DEFINITIONAL_REPRESENTATION('',(#2370),#2374);
#2370 = LINE('',#2371,#2372);
#2371 = CARTESIAN_POINT('',(6.28318530718,-0.));
#2372 = VECTOR('',#2373,1.);
#2373 = DIRECTION('',(0.,1.));
#2374 = ( GEOMETRIC_REPRESENTATION_CONTEXT(2) 
PARAMETRIC_REPRESENTATION_CONTEXT() REPRESENTATION_CONTEXT('2D SPACE',''
  ) );
#2375 = PCURVE('',#846,#2376);
#2376 = DEFINITIONAL_REPRESENTATION('',(#2377),#2381);
#2377 = LINE('',#2378,#2379);
#2378 = CARTESIAN_POINT('',(0.,-0.));
#2379 = VECTOR('',#2380,1.);
#2380 = DIRECTION('',(0.,1.));
#2381 = ( GEOMETRIC_REPRESENTATION_CONTEXT(2) 
PARAMETRIC_REPRESENTATION_CONTEXT() REPRESENTATION_CONTEXT('2D SPACE',''
  ) );
#2382 = ORIENTED_EDGE('',*,*,#829,.T.);
#2383 = ORIENTED_EDGE('',*,*,#2362,.T.);
#2384 = ADVANCED_FACE('',(#2385),#922,.T.);
#2385 = FACE_BOUND('',#2386,.T.);
#2386 = EDGE_LOOP('',(#2387,#2388,#2389,#2390));
#2387 = ORIENTED_EDGE('',*,*,#908,.F.);
#2388 = ORIENTED_EDGE('',*,*,#1058,.T.);
#2389 = ORIENTED_EDGE('',*,*,#1170,.T.);
#2390 = ORIENTED_EDGE('',*,*,#939,.F.);
#2391 = ADVANCED_FACE('',(#2392),#1006,.F.);
#2392 = FACE_BOUND('',#2393,.F.);
#2393 = EDGE_LOOP('',(#2394,#2417,#2446,#2468,#2469));
#2394 = ORIENTED_EDGE('',*,*,#2395,.T.);
#2395 = EDGE_CURVE('',#986,#2396,#2398,.T.);
#2396 = VERTEX_POINT('',#2397);
#2397 = CARTESIAN_POINT('',(194.,26.,17.6));
#2398 = SEAM_CURVE('',#2399,(#2403,#2410),.PCURVE_S1.);
#2399 = LINE('',#2400,#2401);
#2400 = CARTESIAN_POINT('',(195.,26.,16.6));
#2401 = VECTOR('',#2402,1.);
#2402 = DIRECTION('',(-0.707106781187,-1.731912112471E-16,0.707106781187
    ));
#2403 = PCURVE('',#1006,#2404);
#2404 = DEFINITIONAL_REPRESENTATION('',(#2405),#2409);
#2405 = LINE('',#2406,#2407);
#2406 = CARTESIAN_POINT('',(-6.28318530718,0.));
#2407 = VECTOR('',#2408,1.);
#2408 = DIRECTION('',(-0.,-1.));
#2409 = ( GEOMETRIC_REPRESENTATION_CONTEXT(2) 
PARAMETRIC_REPRESENTATION_CONTEXT() REPRESENTATION_CONTEXT('2D SPACE',''
  ) );
#2410 = PCURVE('',#1006,#2411);
#2411 = DEFINITIONAL_REPRESENTATION('',(#2412),#2416);
#2412 = LINE('',#2413,#2414);
#2413 = CARTESIAN_POINT('',(0.,-0.));
#2414 = VECTOR('',#2415,1.);
#2415 = DIRECTION('',(-0.,-1.));
#2416 = ( GEOMETRIC_REPRESENTATION_CONTEXT(2) 
PARAMETRIC_REPRESENTATION_CONTEXT() REPRESENTATION_CONTEXT('2D SPACE',''
  ) );
#2417 = ORIENTED_EDGE('',*,*,#2418,.F.);
#2418 = EDGE_CURVE('',#2419,#2396,#2421,.T.);
#2419 = VERTEX_POINT('',#2420);
#2420 = CARTESIAN_POINT('',(194.,26.,29.4));
#2421 = SURFACE_CURVE('',#2422,(#2427,#2434),.PCURVE_S1.);
#2422 = CIRCLE('',#2423,5.9);
#2423 = AXIS2_PLACEMENT_3D('',#2424,#2425,#2426);
#2424 = CARTESIAN_POINT('',(194.,26.,23.5));
#2425 = DIRECTION('',(-1.,0.,0.));
#2426 = DIRECTION('',(0.,0.,-1.));
#2427 = PCURVE('',#1006,#2428);
#2428 = DEFINITIONAL_REPRESENTATION('',(#2429),#2433);
#2429 = LINE('',#2430,#2431);
#2430 = CARTESIAN_POINT('',(-0.,-1.));
#2431 = VECTOR('',#2432,1.);
#2432 = DIRECTION('',(-1.,-0.));
#2433 = ( GEOMETRIC_REPRESENTATION_CONTEXT(2) 
PARAMETRIC_REPRESENTATION_CONTEXT() REPRESENTATION_CONTEXT('2D SPACE',''
  ) );
#2434 = PCURVE('',#2435,#2440);
#2435 = CYLINDRICAL_SURFACE('',#2436,5.9);
#2436 = AXIS2_PLACEMENT_3D('',#2437,#2438,#2439);
#2437 = CARTESIAN_POINT('',(-195.,26.,23.5));
#2438 = DIRECTION('',(1.,0.,0.));
#2439 = DIRECTION('',(-0.,0.,1.));
#2440 = DEFINITIONAL_REPRESENTATION('',(#2441),#2445);
#2441 = LINE('',#2442,#2443);
#2442 = CARTESIAN_POINT('',(9.424777960769,389.));
#2443 = VECTOR('',#2444,1.);
#2444 = DIRECTION('',(-1.,0.));
#2445 = ( GEOMETRIC_REPRESENTATION_CONTEXT(2) 
PARAMETRIC_REPRESENTATION_CONTEXT() REPRESENTATION_CONTEXT('2D SPACE',''
  ) );
#2446 = ORIENTED_EDGE('',*,*,#2447,.F.);
#2447 = EDGE_CURVE('',#2396,#2419,#2448,.T.);
#2448 = SURFACE_CURVE('',#2449,(#2454,#2461),.PCURVE_S1.);
#2449 = CIRCLE('',#2450,5.9);
#2450 = AXIS2_PLACEMENT_3D('',#2451,#2452,#2453);
#2451 = CARTESIAN_POINT('',(194.,26.,23.5));
#2452 = DIRECTION('',(-1.,0.,0.));
#2453 = DIRECTION('',(0.,0.,-1.));
#2454 = PCURVE('',#1006,#2455);
#2455 = DEFINITIONAL_REPRESENTATION('',(#2456),#2460);
#2456 = LINE('',#2457,#2458);
#2457 = CARTESIAN_POINT('',(-0.,-1.));
#2458 = VECTOR('',#2459,1.);
#2459 = DIRECTION('',(-1.,-0.));
#2460 = ( GEOMETRIC_REPRESENTATION_CONTEXT(2) 
PARAMETRIC_REPRESENTATION_CONTEXT() REPRESENTATION_CONTEXT('2D SPACE',''
  ) );
#2461 = PCURVE('',#2435,#2462);
#2462 = DEFINITIONAL_REPRESENTATION('',(#2463),#2467);
#2463 = LINE('',#2464,#2465);
#2464 = CARTESIAN_POINT('',(3.14159265359,389.));
#2465 = VECTOR('',#2466,1.);
#2466 = DIRECTION('',(-1.,0.));
#2467 = ( GEOMETRIC_REPRESENTATION_CONTEXT(2) 
PARAMETRIC_REPRESENTATION_CONTEXT() REPRESENTATION_CONTEXT('2D SPACE',''
  ) );
#2468 = ORIENTED_EDGE('',*,*,#2395,.F.);
#2469 = ORIENTED_EDGE('',*,*,#985,.T.);
#2470 = ADVANCED_FACE('',(#2471),#1041,.F.);
#2471 = FACE_BOUND('',#2472,.F.);
#2472 = EDGE_LOOP('',(#2473,#2496,#2525,#2547,#2548));
#2473 = ORIENTED_EDGE('',*,*,#2474,.T.);
#2474 = EDGE_CURVE('',#1021,#2475,#2477,.T.);
#2475 = VERTEX_POINT('',#2476);
#2476 = CARTESIAN_POINT('',(194.,26.,57.6));
#2477 = SEAM_CURVE('',#2478,(#2482,#2489),.PCURVE_S1.);
#2478 = LINE('',#2479,#2480);
#2479 = CARTESIAN_POINT('',(195.,26.,56.6));
#2480 = VECTOR('',#2481,1.);
#2481 = DIRECTION('',(-0.707106781187,-1.731912112471E-16,0.707106781187
    ));
#2482 = PCURVE('',#1041,#2483);
#2483 = DEFINITIONAL_REPRESENTATION('',(#2484),#2488);
#2484 = LINE('',#2485,#2486);
#2485 = CARTESIAN_POINT('',(-6.28318530718,0.));
#2486 = VECTOR('',#2487,1.);
#2487 = DIRECTION('',(-0.,-1.));
#2488 = ( GEOMETRIC_REPRESENTATION_CONTEXT(2) 
PARAMETRIC_REPRESENTATION_CONTEXT() REPRESENTATION_CONTEXT('2D SPACE',''
  ) );
#2489 = PCURVE('',#1041,#2490);
#2490 = DEFINITIONAL_REPRESENTATION('',(#2491),#2495);
#2491 = LINE('',#2492,#2493);
#2492 = CARTESIAN_POINT('',(0.,-0.));
#2493 = VECTOR('',#2494,1.);
#2494 = DIRECTION('',(-0.,-1.));
#2495 = ( GEOMETRIC_REPRESENTATION_CONTEXT(2) 
PARAMETRIC_REPRESENTATION_CONTEXT() REPRESENTATION_CONTEXT('2D SPACE',''
  ) );
#2496 = ORIENTED_EDGE('',*,*,#2497,.F.);
#2497 = EDGE_CURVE('',#2498,#2475,#2500,.T.);
#2498 = VERTEX_POINT('',#2499);
#2499 = CARTESIAN_POINT('',(194.,26.,69.4));
#2500 = SURFACE_CURVE('',#2501,(#2506,#2513),.PCURVE_S1.);
#2501 = CIRCLE('',#2502,5.9);
#2502 = AXIS2_PLACEMENT_3D('',#2503,#2504,#2505);
#2503 = CARTESIAN_POINT('',(194.,26.,63.5));
#2504 = DIRECTION('',(-1.,0.,0.));
#2505 = DIRECTION('',(0.,0.,-1.));
#2506 = PCURVE('',#1041,#2507);
#2507 = DEFINITIONAL_REPRESENTATION('',(#2508),#2512);
#2508 = LINE('',#2509,#2510);
#2509 = CARTESIAN_POINT('',(-0.,-1.));
#2510 = VECTOR('',#2511,1.);
#2511 = DIRECTION('',(-1.,-0.));
#2512 = ( GEOMETRIC_REPRESENTATION_CONTEXT(2) 
PARAMETRIC_REPRESENTATION_CONTEXT() REPRESENTATION_CONTEXT('2D SPACE',''
  ) );
#2513 = PCURVE('',#2514,#2519);
#2514 = CYLINDRICAL_SURFACE('',#2515,5.9);
#2515 = AXIS2_PLACEMENT_3D('',#2516,#2517,#2518);
#2516 = CARTESIAN_POINT('',(-195.,26.,63.5));
#2517 = DIRECTION('',(1.,0.,0.));
#2518 = DIRECTION('',(-0.,0.,1.));
#2519 = DEFINITIONAL_REPRESENTATION('',(#2520),#2524);
#2520 = LINE('',#2521,#2522);
#2521 = CARTESIAN_POINT('',(9.424777960769,389.));
#2522 = VECTOR('',#2523,1.);
#2523 = DIRECTION('',(-1.,0.));
#2524 = ( GEOMETRIC_REPRESENTATION_CONTEXT(2) 
PARAMETRIC_REPRESENTATION_CONTEXT() REPRESENTATION_CONTEXT('2D SPACE',''
  ) );
#2525 = ORIENTED_EDGE('',*,*,#2526,.F.);
#2526 = EDGE_CURVE('',#2475,#2498,#2527,.T.);
#2527 = SURFACE_CURVE('',#2528,(#2533,#2540),.PCURVE_S1.);
#2528 = CIRCLE('',#2529,5.9);
#2529 = AXIS2_PLACEMENT_3D('',#2530,#2531,#2532);
#2530 = CARTESIAN_POINT('',(194.,26.,63.5));
#2531 = DIRECTION('',(-1.,0.,0.));
#2532 = DIRECTION('',(0.,0.,-1.));
#2533 = PCURVE('',#1041,#2534);
#2534 = DEFINITIONAL_REPRESENTATION('',(#2535),#2539);
#2535 = LINE('',#2536,#2537);
#2536 = CARTESIAN_POINT('',(-0.,-1.));
#2537 = VECTOR('',#2538,1.);
#2538 = DIRECTION('',(-1.,-0.));
#2539 = ( GEOMETRIC_REPRESENTATION_CONTEXT(2) 
PARAMETRIC_REPRESENTATION_CONTEXT() REPRESENTATION_CONTEXT('2D SPACE',''
  ) );
#2540 = PCURVE('',#2514,#2541);
#2541 = DEFINITIONAL_REPRESENTATION('',(#2542),#2546);
#2542 = LINE('',#2543,#2544);
#2543 = CARTESIAN_POINT('',(3.14159265359,389.));
#2544 = VECTOR('',#2545,1.);
#2545 = DIRECTION('',(-1.,0.));
#2546 = ( GEOMETRIC_REPRESENTATION_CONTEXT(2) 
PARAMETRIC_REPRESENTATION_CONTEXT() REPRESENTATION_CONTEXT('2D SPACE',''
  ) );
#2547 = ORIENTED_EDGE('',*,*,#2474,.F.);
#2548 = ORIENTED_EDGE('',*,*,#1020,.T.);
#2549 = ADVANCED_FACE('',(#2550),#1121,.F.);
#2550 = FACE_BOUND('',#2551,.F.);
#2551 = EDGE_LOOP('',(#2552,#2576,#2597,#2598));
#2552 = ORIENTED_EDGE('',*,*,#2553,.F.);
#2553 = EDGE_CURVE('',#2554,#2554,#2556,.T.);
#2554 = VERTEX_POINT('',#2555);
#2555 = CARTESIAN_POINT('',(-194.,26.,29.4));
#2556 = SURFACE_CURVE('',#2557,(#2562,#2569),.PCURVE_S1.);
#2557 = CIRCLE('',#2558,5.9);
#2558 = AXIS2_PLACEMENT_3D('',#2559,#2560,#2561);
#2559 = CARTESIAN_POINT('',(-194.,26.,23.5));
#2560 = DIRECTION('',(1.,0.,0.));
#2561 = DIRECTION('',(-0.,0.,1.));
#2562 = PCURVE('',#1121,#2563);
#2563 = DEFINITIONAL_REPRESENTATION('',(#2564),#2568);
#2564 = LINE('',#2565,#2566);
#2565 = CARTESIAN_POINT('',(-0.,-1.));
#2566 = VECTOR('',#2567,1.);
#2567 = DIRECTION('',(-1.,-0.));
#2568 = ( GEOMETRIC_REPRESENTATION_CONTEXT(2) 
PARAMETRIC_REPRESENTATION_CONTEXT() REPRESENTATION_CONTEXT('2D SPACE',''
  ) );
#2569 = PCURVE('',#2435,#2570);
#2570 = DEFINITIONAL_REPRESENTATION('',(#2571),#2575);
#2571 = LINE('',#2572,#2573);
#2572 = CARTESIAN_POINT('',(0.,1.));
#2573 = VECTOR('',#2574,1.);
#2574 = DIRECTION('',(1.,0.));
#2575 = ( GEOMETRIC_REPRESENTATION_CONTEXT(2) 
PARAMETRIC_REPRESENTATION_CONTEXT() REPRESENTATION_CONTEXT('2D SPACE',''
  ) );
#2576 = ORIENTED_EDGE('',*,*,#2577,.F.);
#2577 = EDGE_CURVE('',#1105,#2554,#2578,.T.);
#2578 = SEAM_CURVE('',#2579,(#2583,#2590),.PCURVE_S1.);
#2579 = LINE('',#2580,#2581);
#2580 = CARTESIAN_POINT('',(-195.,26.,30.4));
#2581 = VECTOR('',#2582,1.);
#2582 = DIRECTION('',(0.707106781187,-1.731912112471E-16,-0.707106781187
    ));
#2583 = PCURVE('',#1121,#2584);
#2584 = DEFINITIONAL_REPRESENTATION('',(#2585),#2589);
#2585 = LINE('',#2586,#2587);
#2586 = CARTESIAN_POINT('',(-6.28318530718,0.));
#2587 = VECTOR('',#2588,1.);
#2588 = DIRECTION('',(-0.,-1.));
#2589 = ( GEOMETRIC_REPRESENTATION_CONTEXT(2) 
PARAMETRIC_REPRESENTATION_CONTEXT() REPRESENTATION_CONTEXT('2D SPACE',''
  ) );
#2590 = PCURVE('',#1121,#2591);
#2591 = DEFINITIONAL_REPRESENTATION('',(#2592),#2596);
#2592 = LINE('',#2593,#2594);
#2593 = CARTESIAN_POINT('',(0.,-0.));
#2594 = VECTOR('',#2595,1.);
#2595 = DIRECTION('',(-0.,-1.));
#2596 = ( GEOMETRIC_REPRESENTATION_CONTEXT(2) 
PARAMETRIC_REPRESENTATION_CONTEXT() REPRESENTATION_CONTEXT('2D SPACE',''
  ) );
#2597 = ORIENTED_EDGE('',*,*,#1104,.T.);
#2598 = ORIENTED_EDGE('',*,*,#2577,.T.);
#2599 = ADVANCED_FACE('',(#2600),#1152,.F.);
#2600 = FACE_BOUND('',#2601,.F.);
#2601 = EDGE_LOOP('',(#2602,#2626,#2647,#2648));
#2602 = ORIENTED_EDGE('',*,*,#2603,.F.);
#2603 = EDGE_CURVE('',#2604,#2604,#2606,.T.);
#2604 = VERTEX_POINT('',#2605);
#2605 = CARTESIAN_POINT('',(-194.,26.,69.4));
#2606 = SURFACE_CURVE('',#2607,(#2612,#2619),.PCURVE_S1.);
#2607 = CIRCLE('',#2608,5.9);
#2608 = AXIS2_PLACEMENT_3D('',#2609,#2610,#2611);
#2609 = CARTESIAN_POINT('',(-194.,26.,63.5));
#2610 = DIRECTION('',(1.,0.,0.));
#2611 = DIRECTION('',(-0.,0.,1.));
#2612 = PCURVE('',#1152,#2613);
#2613 = DEFINITIONAL_REPRESENTATION('',(#2614),#2618);
#2614 = LINE('',#2615,#2616);
#2615 = CARTESIAN_POINT('',(-0.,-1.));
#2616 = VECTOR('',#2617,1.);
#2617 = DIRECTION('',(-1.,-0.));
#2618 = ( GEOMETRIC_REPRESENTATION_CONTEXT(2) 
PARAMETRIC_REPRESENTATION_CONTEXT() REPRESENTATION_CONTEXT('2D SPACE',''
  ) );
#2619 = PCURVE('',#2514,#2620);
#2620 = DEFINITIONAL_REPRESENTATION('',(#2621),#2625);
#2621 = LINE('',#2622,#2623);
#2622 = CARTESIAN_POINT('',(0.,1.));
#2623 = VECTOR('',#2624,1.);
#2624 = DIRECTION('',(1.,0.));
#2625 = ( GEOMETRIC_REPRESENTATION_CONTEXT(2) 
PARAMETRIC_REPRESENTATION_CONTEXT() REPRESENTATION_CONTEXT('2D SPACE',''
  ) );
#2626 = ORIENTED_EDGE('',*,*,#2627,.F.);
#2627 = EDGE_CURVE('',#1136,#2604,#2628,.T.);
#2628 = SEAM_CURVE('',#2629,(#2633,#2640),.PCURVE_S1.);
#2629 = LINE('',#2630,#2631);
#2630 = CARTESIAN_POINT('',(-195.,26.,70.4));
#2631 = VECTOR('',#2632,1.);
#2632 = DIRECTION('',(0.707106781187,-1.731912112471E-16,-0.707106781187
    ));
#2633 = PCURVE('',#1152,#2634);
#2634 = DEFINITIONAL_REPRESENTATION('',(#2635),#2639);
#2635 = LINE('',#2636,#2637);
#2636 = CARTESIAN_POINT('',(-6.28318530718,0.));
#2637 = VECTOR('',#2638,1.);
#2638 = DIRECTION('',(-0.,-1.));
#2639 = ( GEOMETRIC_REPRESENTATION_CONTEXT(2) 
PARAMETRIC_REPRESENTATION_CONTEXT() REPRESENTATION_CONTEXT('2D SPACE',''
  ) );
#2640 = PCURVE('',#1152,#2641);
#2641 = DEFINITIONAL_REPRESENTATION('',(#2642),#2646);
#2642 = LINE('',#2643,#2644);
#2643 = CARTESIAN_POINT('',(0.,-0.));
#2644 = VECTOR('',#2645,1.);
#2645 = DIRECTION('',(-0.,-1.));
#2646 = ( GEOMETRIC_REPRESENTATION_CONTEXT(2) 
PARAMETRIC_REPRESENTATION_CONTEXT() REPRESENTATION_CONTEXT('2D SPACE',''
  ) );
#2647 = ORIENTED_EDGE('',*,*,#1135,.T.);
#2648 = ORIENTED_EDGE('',*,*,#2627,.T.);
#2649 = ADVANCED_FACE('',(#2650),#1211,.F.);
#2650 = FACE_BOUND('',#2651,.F.);
#2651 = EDGE_LOOP('',(#2652));
#2652 = ORIENTED_EDGE('',*,*,#1194,.T.);
#2653 = ADVANCED_FACE('',(#2654),#1288,.T.);
#2654 = FACE_BOUND('',#2655,.T.);
#2655 = EDGE_LOOP('',(#2656,#2679,#2680,#2681));
#2656 = ORIENTED_EDGE('',*,*,#2657,.T.);
#2657 = EDGE_CURVE('',#2658,#1250,#2660,.T.);
#2658 = VERTEX_POINT('',#2659);
#2659 = CARTESIAN_POINT('',(-157.5,-6.,37.5));
#2660 = SEAM_CURVE('',#2661,(#2665,#2672),.PCURVE_S1.);
#2661 = LINE('',#2662,#2663);
#2662 = CARTESIAN_POINT('',(-157.5,-6.,37.5));
#2663 = VECTOR('',#2664,1.);
#2664 = DIRECTION('',(0.,1.,0.));
#2665 = PCURVE('',#1288,#2666);
#2666 = DEFINITIONAL_REPRESENTATION('',(#2667),#2671);
#2667 = LINE('',#2668,#2669);
#2668 = CARTESIAN_POINT('',(6.28318530718,-0.));
#2669 = VECTOR('',#2670,1.);
#2670 = DIRECTION('',(0.,1.));
#2671 = ( GEOMETRIC_REPRESENTATION_CONTEXT(2) 
PARAMETRIC_REPRESENTATION_CONTEXT() REPRESENTATION_CONTEXT('2D SPACE',''
  ) );
#2672 = PCURVE('',#1288,#2673);
#2673 = DEFINITIONAL_REPRESENTATION('',(#2674),#2678);
#2674 = LINE('',#2675,#2676);
#2675 = CARTESIAN_POINT('',(0.,-0.));
#2676 = VECTOR('',#2677,1.);
#2677 = DIRECTION('',(0.,1.));
#2678 = ( GEOMETRIC_REPRESENTATION_CONTEXT(2) 
PARAMETRIC_REPRESENTATION_CONTEXT() REPRESENTATION_CONTEXT('2D SPACE',''
  ) );
#2679 = ORIENTED_EDGE('',*,*,#1273,.F.);
#2680 = ORIENTED_EDGE('',*,*,#2657,.F.);
#2681 = ORIENTED_EDGE('',*,*,#2682,.T.);
#2682 = EDGE_CURVE('',#2658,#2658,#2683,.T.);
#2683 = SURFACE_CURVE('',#2684,(#2689,#2696),.PCURVE_S1.);
#2684 = CIRCLE('',#2685,14.);
#2685 = AXIS2_PLACEMENT_3D('',#2686,#2687,#2688);
#2686 = CARTESIAN_POINT('',(-157.5,-6.,23.5));
#2687 = DIRECTION('',(0.,1.,0.));
#2688 = DIRECTION('',(0.,-0.,1.));
#2689 = PCURVE('',#1288,#2690);
#2690 = DEFINITIONAL_REPRESENTATION('',(#2691),#2695);
#2691 = LINE('',#2692,#2693);
#2692 = CARTESIAN_POINT('',(0.,0.));
#2693 = VECTOR('',#2694,1.);
#2694 = DIRECTION('',(1.,0.));
#2695 = ( GEOMETRIC_REPRESENTATION_CONTEXT(2) 
PARAMETRIC_REPRESENTATION_CONTEXT() REPRESENTATION_CONTEXT('2D SPACE',''
  ) );
#2696 = PCURVE('',#2697,#2702);
#2697 = PLANE('',#2698);
#2698 = AXIS2_PLACEMENT_3D('',#2699,#2700,#2701);
#2699 = CARTESIAN_POINT('',(-157.5,-6.,23.5));
#2700 = DIRECTION('',(0.,1.,0.));
#2701 = DIRECTION('',(0.,-0.,1.));
#2702 = DEFINITIONAL_REPRESENTATION('',(#2703),#2707);
#2703 = CIRCLE('',#2704,14.);
#2704 = AXIS2_PLACEMENT_2D('',#2705,#2706);
#2705 = CARTESIAN_POINT('',(0.,0.));
#2706 = DIRECTION('',(1.,0.));
#2707 = ( GEOMETRIC_REPRESENTATION_CONTEXT(2) 
PARAMETRIC_REPRESENTATION_CONTEXT() REPRESENTATION_CONTEXT('2D SPACE',''
  ) );
#2708 = ADVANCED_FACE('',(#2709),#1342,.T.);
#2709 = FACE_BOUND('',#2710,.T.);
#2710 = EDGE_LOOP('',(#2711,#2734,#2735,#2736));
#2711 = ORIENTED_EDGE('',*,*,#2712,.T.);
#2712 = EDGE_CURVE('',#2713,#1304,#2715,.T.);
#2713 = VERTEX_POINT('',#2714);
#2714 = CARTESIAN_POINT('',(-112.5,-6.,37.5));
#2715 = SEAM_CURVE('',#2716,(#2720,#2727),.PCURVE_S1.);
#2716 = LINE('',#2717,#2718);
#2717 = CARTESIAN_POINT('',(-112.5,-6.,37.5));
#2718 = VECTOR('',#2719,1.);
#2719 = DIRECTION('',(0.,1.,0.));
#2720 = PCURVE('',#1342,#2721);
#2721 = DEFINITIONAL_REPRESENTATION('',(#2722),#2726);
#2722 = LINE('',#2723,#2724);
#2723 = CARTESIAN_POINT('',(6.28318530718,-0.));
#2724 = VECTOR('',#2725,1.);
#2725 = DIRECTION('',(0.,1.));
#2726 = ( GEOMETRIC_REPRESENTATION_CONTEXT(2) 
PARAMETRIC_REPRESENTATION_CONTEXT() REPRESENTATION_CONTEXT('2D SPACE',''
  ) );
#2727 = PCURVE('',#1342,#2728);
#2728 = DEFINITIONAL_REPRESENTATION('',(#2729),#2733);
#2729 = LINE('',#2730,#2731);
#2730 = CARTESIAN_POINT('',(0.,-0.));
#2731 = VECTOR('',#2732,1.);
#2732 = DIRECTION('',(0.,1.));
#2733 = ( GEOMETRIC_REPRESENTATION_CONTEXT(2) 
PARAMETRIC_REPRESENTATION_CONTEXT() REPRESENTATION_CONTEXT('2D SPACE',''
  ) );
#2734 = ORIENTED_EDGE('',*,*,#1327,.F.);
#2735 = ORIENTED_EDGE('',*,*,#2712,.F.);
#2736 = ORIENTED_EDGE('',*,*,#2737,.T.);
#2737 = EDGE_CURVE('',#2713,#2713,#2738,.T.);
#2738 = SURFACE_CURVE('',#2739,(#2744,#2751),.PCURVE_S1.);
#2739 = CIRCLE('',#2740,14.);
#2740 = AXIS2_PLACEMENT_3D('',#2741,#2742,#2743);
#2741 = CARTESIAN_POINT('',(-112.5,-6.,23.5));
#2742 = DIRECTION('',(0.,1.,0.));
#2743 = DIRECTION('',(0.,-0.,1.));
#2744 = PCURVE('',#1342,#2745);
#2745 = DEFINITIONAL_REPRESENTATION('',(#2746),#2750);
#2746 = LINE('',#2747,#2748);
#2747 = CARTESIAN_POINT('',(0.,0.));
#2748 = VECTOR('',#2749,1.);
#2749 = DIRECTION('',(1.,0.));
#2750 = ( GEOMETRIC_REPRESENTATION_CONTEXT(2) 
PARAMETRIC_REPRESENTATION_CONTEXT() REPRESENTATION_CONTEXT('2D SPACE',''
  ) );
#2751 = PCURVE('',#2752,#2757);
#2752 = PLANE('',#2753);
#2753 = AXIS2_PLACEMENT_3D('',#2754,#2755,#2756);
#2754 = CARTESIAN_POINT('',(-112.5,-6.,23.5));
#2755 = DIRECTION('',(0.,1.,0.));
#2756 = DIRECTION('',(0.,-0.,1.));
#2757 = DEFINITIONAL_REPRESENTATION('',(#2758),#2762);
#2758 = CIRCLE('',#2759,14.);
#2759 = AXIS2_PLACEMENT_2D('',#2760,#2761);
#2760 = CARTESIAN_POINT('',(0.,0.));
#2761 = DIRECTION('',(1.,0.));
#2762 = ( GEOMETRIC_REPRESENTATION_CONTEXT(2) 
PARAMETRIC_REPRESENTATION_CONTEXT() REPRESENTATION_CONTEXT('2D SPACE',''
  ) );
#2763 = ADVANCED_FACE('',(#2764),#1396,.T.);
#2764 = FACE_BOUND('',#2765,.T.);
#2765 = EDGE_LOOP('',(#2766,#2789,#2790,#2791));
#2766 = ORIENTED_EDGE('',*,*,#2767,.T.);
#2767 = EDGE_CURVE('',#2768,#1358,#2770,.T.);
#2768 = VERTEX_POINT('',#2769);
#2769 = CARTESIAN_POINT('',(-67.5,-6.,37.5));
#2770 = SEAM_CURVE('',#2771,(#2775,#2782),.PCURVE_S1.);
#2771 = LINE('',#2772,#2773);
#2772 = CARTESIAN_POINT('',(-67.5,-6.,37.5));
#2773 = VECTOR('',#2774,1.);
#2774 = DIRECTION('',(0.,1.,0.));
#2775 = PCURVE('',#1396,#2776);
#2776 = DEFINITIONAL_REPRESENTATION('',(#2777),#2781);
#2777 = LINE('',#2778,#2779);
#2778 = CARTESIAN_POINT('',(6.28318530718,-0.));
#2779 = VECTOR('',#2780,1.);
#2780 = DIRECTION('',(0.,1.));
#2781 = ( GEOMETRIC_REPRESENTATION_CONTEXT(2) 
PARAMETRIC_REPRESENTATION_CONTEXT() REPRESENTATION_CONTEXT('2D SPACE',''
  ) );
#2782 = PCURVE('',#1396,#2783);
#2783 = DEFINITIONAL_REPRESENTATION('',(#2784),#2788);
#2784 = LINE('',#2785,#2786);
#2785 = CARTESIAN_POINT('',(0.,-0.));
#2786 = VECTOR('',#2787,1.);
#2787 = DIRECTION('',(0.,1.));
#2788 = ( GEOMETRIC_REPRESENTATION_CONTEXT(2) 
PARAMETRIC_REPRESENTATION_CONTEXT() REPRESENTATION_CONTEXT('2D SPACE',''
  ) );
#2789 = ORIENTED_EDGE('',*,*,#1381,.F.);
#2790 = ORIENTED_EDGE('',*,*,#2767,.F.);
#2791 = ORIENTED_EDGE('',*,*,#2792,.T.);
#2792 = EDGE_CURVE('',#2768,#2768,#2793,.T.);
#2793 = SURFACE_CURVE('',#2794,(#2799,#2806),.PCURVE_S1.);
#2794 = CIRCLE('',#2795,14.);
#2795 = AXIS2_PLACEMENT_3D('',#2796,#2797,#2798);
#2796 = CARTESIAN_POINT('',(-67.5,-6.,23.5));
#2797 = DIRECTION('',(0.,1.,0.));
#2798 = DIRECTION('',(0.,-0.,1.));
#2799 = PCURVE('',#1396,#2800);
#2800 = DEFINITIONAL_REPRESENTATION('',(#2801),#2805);
#2801 = LINE('',#2802,#2803);
#2802 = CARTESIAN_POINT('',(0.,0.));
#2803 = VECTOR('',#2804,1.);
#2804 = DIRECTION('',(1.,0.));
#2805 = ( GEOMETRIC_REPRESENTATION_CONTEXT(2) 
PARAMETRIC_REPRESENTATION_CONTEXT() REPRESENTATION_CONTEXT('2D SPACE',''
  ) );
#2806 = PCURVE('',#2807,#2812);
#2807 = PLANE('',#2808);
#2808 = AXIS2_PLACEMENT_3D('',#2809,#2810,#2811);
#2809 = CARTESIAN_POINT('',(-67.5,-6.,23.5));
#2810 = DIRECTION('',(0.,1.,0.));
#2811 = DIRECTION('',(0.,-0.,1.));
#2812 = DEFINITIONAL_REPRESENTATION('',(#2813),#2817);
#2813 = CIRCLE('',#2814,14.);
#2814 = AXIS2_PLACEMENT_2D('',#2815,#2816);
#2815 = CARTESIAN_POINT('',(0.,0.));
#2816 = DIRECTION('',(1.,0.));
#2817 = ( GEOMETRIC_REPRESENTATION_CONTEXT(2) 
PARAMETRIC_REPRESENTATION_CONTEXT() REPRESENTATION_CONTEXT('2D SPACE',''
  ) );
#2818 = ADVANCED_FACE('',(#2819),#1450,.T.);
#2819 = FACE_BOUND('',#2820,.T.);
#2820 = EDGE_LOOP('',(#2821,#2844,#2845,#2846));
#2821 = ORIENTED_EDGE('',*,*,#2822,.T.);
#2822 = EDGE_CURVE('',#2823,#1412,#2825,.T.);
#2823 = VERTEX_POINT('',#2824);
#2824 = CARTESIAN_POINT('',(-22.5,-6.,37.5));
#2825 = SEAM_CURVE('',#2826,(#2830,#2837),.PCURVE_S1.);
#2826 = LINE('',#2827,#2828);
#2827 = CARTESIAN_POINT('',(-22.5,-6.,37.5));
#2828 = VECTOR('',#2829,1.);
#2829 = DIRECTION('',(0.,1.,0.));
#2830 = PCURVE('',#1450,#2831);
#2831 = DEFINITIONAL_REPRESENTATION('',(#2832),#2836);
#2832 = LINE('',#2833,#2834);
#2833 = CARTESIAN_POINT('',(6.28318530718,-0.));
#2834 = VECTOR('',#2835,1.);
#2835 = DIRECTION('',(0.,1.));
#2836 = ( GEOMETRIC_REPRESENTATION_CONTEXT(2) 
PARAMETRIC_REPRESENTATION_CONTEXT() REPRESENTATION_CONTEXT('2D SPACE',''
  ) );
#2837 = PCURVE('',#1450,#2838);
#2838 = DEFINITIONAL_REPRESENTATION('',(#2839),#2843);
#2839 = LINE('',#2840,#2841);
#2840 = CARTESIAN_POINT('',(0.,-0.));
#2841 = VECTOR('',#2842,1.);
#2842 = DIRECTION('',(0.,1.));
#2843 = ( GEOMETRIC_REPRESENTATION_CONTEXT(2) 
PARAMETRIC_REPRESENTATION_CONTEXT() REPRESENTATION_CONTEXT('2D SPACE',''
  ) );
#2844 = ORIENTED_EDGE('',*,*,#1435,.F.);
#2845 = ORIENTED_EDGE('',*,*,#2822,.F.);
#2846 = ORIENTED_EDGE('',*,*,#2847,.T.);
#2847 = EDGE_CURVE('',#2823,#2823,#2848,.T.);
#2848 = SURFACE_CURVE('',#2849,(#2854,#2861),.PCURVE_S1.);
#2849 = CIRCLE('',#2850,14.);
#2850 = AXIS2_PLACEMENT_3D('',#2851,#2852,#2853);
#2851 = CARTESIAN_POINT('',(-22.5,-6.,23.5));
#2852 = DIRECTION('',(0.,1.,0.));
#2853 = DIRECTION('',(0.,-0.,1.));
#2854 = PCURVE('',#1450,#2855);
#2855 = DEFINITIONAL_REPRESENTATION('',(#2856),#2860);
#2856 = LINE('',#2857,#2858);
#2857 = CARTESIAN_POINT('',(0.,0.));
#2858 = VECTOR('',#2859,1.);
#2859 = DIRECTION('',(1.,0.));
#2860 = ( GEOMETRIC_REPRESENTATION_CONTEXT(2) 
PARAMETRIC_REPRESENTATION_CONTEXT() REPRESENTATION_CONTEXT('2D SPACE',''
  ) );
#2861 = PCURVE('',#2862,#2867);
#2862 = PLANE('',#2863);
#2863 = AXIS2_PLACEMENT_3D('',#2864,#2865,#2866);
#2864 = CARTESIAN_POINT('',(-22.5,-6.,23.5));
#2865 = DIRECTION('',(0.,1.,0.));
#2866 = DIRECTION('',(0.,-0.,1.));
#2867 = DEFINITIONAL_REPRESENTATION('',(#2868),#2872);
#2868 = CIRCLE('',#2869,14.);
#2869 = AXIS2_PLACEMENT_2D('',#2870,#2871);
#2870 = CARTESIAN_POINT('',(0.,0.));
#2871 = DIRECTION('',(1.,0.));
#2872 = ( GEOMETRIC_REPRESENTATION_CONTEXT(2) 
PARAMETRIC_REPRESENTATION_CONTEXT() REPRESENTATION_CONTEXT('2D SPACE',''
  ) );
#2873 = ADVANCED_FACE('',(#2874),#1504,.T.);
#2874 = FACE_BOUND('',#2875,.T.);
#2875 = EDGE_LOOP('',(#2876,#2899,#2900,#2901));
#2876 = ORIENTED_EDGE('',*,*,#2877,.T.);
#2877 = EDGE_CURVE('',#2878,#1466,#2880,.T.);
#2878 = VERTEX_POINT('',#2879);
#2879 = CARTESIAN_POINT('',(-157.5,-6.,77.5));
#2880 = SEAM_CURVE('',#2881,(#2885,#2892),.PCURVE_S1.);
#2881 = LINE('',#2882,#2883);
#2882 = CARTESIAN_POINT('',(-157.5,-6.,77.5));
#2883 = VECTOR('',#2884,1.);
#2884 = DIRECTION('',(0.,1.,0.));
#2885 = PCURVE('',#1504,#2886);
#2886 = DEFINITIONAL_REPRESENTATION('',(#2887),#2891);
#2887 = LINE('',#2888,#2889);
#2888 = CARTESIAN_POINT('',(6.28318530718,-0.));
#2889 = VECTOR('',#2890,1.);
#2890 = DIRECTION('',(0.,1.));
#2891 = ( GEOMETRIC_REPRESENTATION_CONTEXT(2) 
PARAMETRIC_REPRESENTATION_CONTEXT() REPRESENTATION_CONTEXT('2D SPACE',''
  ) );
#2892 = PCURVE('',#1504,#2893);
#2893 = DEFINITIONAL_REPRESENTATION('',(#2894),#2898);
#2894 = LINE('',#2895,#2896);
#2895 = CARTESIAN_POINT('',(0.,-0.));
#2896 = VECTOR('',#2897,1.);
#2897 = DIRECTION('',(0.,1.));
#2898 = ( GEOMETRIC_REPRESENTATION_CONTEXT(2) 
PARAMETRIC_REPRESENTATION_CONTEXT() REPRESENTATION_CONTEXT('2D SPACE',''
  ) );
#2899 = ORIENTED_EDGE('',*,*,#1489,.F.);
#2900 = ORIENTED_EDGE('',*,*,#2877,.F.);
#2901 = ORIENTED_EDGE('',*,*,#2902,.T.);
#2902 = EDGE_CURVE('',#2878,#2878,#2903,.T.);
#2903 = SURFACE_CURVE('',#2904,(#2909,#2916),.PCURVE_S1.);
#2904 = CIRCLE('',#2905,14.);
#2905 = AXIS2_PLACEMENT_3D('',#2906,#2907,#2908);
#2906 = CARTESIAN_POINT('',(-157.5,-6.,63.5));
#2907 = DIRECTION('',(0.,1.,0.));
#2908 = DIRECTION('',(0.,-0.,1.));
#2909 = PCURVE('',#1504,#2910);
#2910 = DEFINITIONAL_REPRESENTATION('',(#2911),#2915);
#2911 = LINE('',#2912,#2913);
#2912 = CARTESIAN_POINT('',(0.,0.));
#2913 = VECTOR('',#2914,1.);
#2914 = DIRECTION('',(1.,0.));
#2915 = ( GEOMETRIC_REPRESENTATION_CONTEXT(2) 
PARAMETRIC_REPRESENTATION_CONTEXT() REPRESENTATION_CONTEXT('2D SPACE',''
  ) );
#2916 = PCURVE('',#2917,#2922);
#2917 = PLANE('',#2918);
#2918 = AXIS2_PLACEMENT_3D('',#2919,#2920,#2921);
#2919 = CARTESIAN_POINT('',(-157.5,-6.,63.5));
#2920 = DIRECTION('',(0.,1.,0.));
#2921 = DIRECTION('',(0.,-0.,1.));
#2922 = DEFINITIONAL_REPRESENTATION('',(#2923),#2927);
#2923 = CIRCLE('',#2924,14.);
#2924 = AXIS2_PLACEMENT_2D('',#2925,#2926);
#2925 = CARTESIAN_POINT('',(0.,0.));
#2926 = DIRECTION('',(1.,0.));
#2927 = ( GEOMETRIC_REPRESENTATION_CONTEXT(2) 
PARAMETRIC_REPRESENTATION_CONTEXT() REPRESENTATION_CONTEXT('2D SPACE',''
  ) );
#2928 = ADVANCED_FACE('',(#2929),#1536,.F.);
#2929 = FACE_BOUND('',#2930,.F.);
#2930 = EDGE_LOOP('',(#2931));
#2931 = ORIENTED_EDGE('',*,*,#1519,.T.);
#2932 = ADVANCED_FACE('',(#2933),#1613,.T.);
#2933 = FACE_BOUND('',#2934,.T.);
#2934 = EDGE_LOOP('',(#2935,#2958,#2959,#2960));
#2935 = ORIENTED_EDGE('',*,*,#2936,.T.);
#2936 = EDGE_CURVE('',#2937,#1575,#2939,.T.);
#2937 = VERTEX_POINT('',#2938);
#2938 = CARTESIAN_POINT('',(-112.5,-6.,77.5));
#2939 = SEAM_CURVE('',#2940,(#2944,#2951),.PCURVE_S1.);
#2940 = LINE('',#2941,#2942);
#2941 = CARTESIAN_POINT('',(-112.5,-6.,77.5));
#2942 = VECTOR('',#2943,1.);
#2943 = DIRECTION('',(0.,1.,0.));
#2944 = PCURVE('',#1613,#2945);
#2945 = DEFINITIONAL_REPRESENTATION('',(#2946),#2950);
#2946 = LINE('',#2947,#2948);
#2947 = CARTESIAN_POINT('',(6.28318530718,-0.));
#2948 = VECTOR('',#2949,1.);
#2949 = DIRECTION('',(0.,1.));
#2950 = ( GEOMETRIC_REPRESENTATION_CONTEXT(2) 
PARAMETRIC_REPRESENTATION_CONTEXT() REPRESENTATION_CONTEXT('2D SPACE',''
  ) );
#2951 = PCURVE('',#1613,#2952);
#2952 = DEFINITIONAL_REPRESENTATION('',(#2953),#2957);
#2953 = LINE('',#2954,#2955);
#2954 = CARTESIAN_POINT('',(0.,-0.));
#2955 = VECTOR('',#2956,1.);
#2956 = DIRECTION('',(0.,1.));
#2957 = ( GEOMETRIC_REPRESENTATION_CONTEXT(2) 
PARAMETRIC_REPRESENTATION_CONTEXT() REPRESENTATION_CONTEXT('2D SPACE',''
  ) );
#2958 = ORIENTED_EDGE('',*,*,#1598,.F.);
#2959 = ORIENTED_EDGE('',*,*,#2936,.F.);
#2960 = ORIENTED_EDGE('',*,*,#2961,.T.);
#2961 = EDGE_CURVE('',#2937,#2937,#2962,.T.);
#2962 = SURFACE_CURVE('',#2963,(#2968,#2975),.PCURVE_S1.);
#2963 = CIRCLE('',#2964,14.);
#2964 = AXIS2_PLACEMENT_3D('',#2965,#2966,#2967);
#2965 = CARTESIAN_POINT('',(-112.5,-6.,63.5));
#2966 = DIRECTION('',(0.,1.,0.));
#2967 = DIRECTION('',(0.,-0.,1.));
#2968 = PCURVE('',#1613,#2969);
#2969 = DEFINITIONAL_REPRESENTATION('',(#2970),#2974);
#2970 = LINE('',#2971,#2972);
#2971 = CARTESIAN_POINT('',(0.,0.));
#2972 = VECTOR('',#2973,1.);
#2973 = DIRECTION('',(1.,0.));
#2974 = ( GEOMETRIC_REPRESENTATION_CONTEXT(2) 
PARAMETRIC_REPRESENTATION_CONTEXT() REPRESENTATION_CONTEXT('2D SPACE',''
  ) );
#2975 = PCURVE('',#2976,#2981);
#2976 = PLANE('',#2977);
#2977 = AXIS2_PLACEMENT_3D('',#2978,#2979,#2980);
#2978 = CARTESIAN_POINT('',(-112.5,-6.,63.5));
#2979 = DIRECTION('',(0.,1.,0.));
#2980 = DIRECTION('',(0.,-0.,1.));
#2981 = DEFINITIONAL_REPRESENTATION('',(#2982),#2986);
#2982 = CIRCLE('',#2983,14.);
#2983 = AXIS2_PLACEMENT_2D('',#2984,#2985);
#2984 = CARTESIAN_POINT('',(0.,0.));
#2985 = DIRECTION('',(1.,0.));
#2986 = ( GEOMETRIC_REPRESENTATION_CONTEXT(2) 
PARAMETRIC_REPRESENTATION_CONTEXT() REPRESENTATION_CONTEXT('2D SPACE',''
  ) );
#2987 = ADVANCED_FACE('',(#2988),#1667,.T.);
#2988 = FACE_BOUND('',#2989,.T.);
#2989 = EDGE_LOOP('',(#2990,#3013,#3014,#3015));
#2990 = ORIENTED_EDGE('',*,*,#2991,.T.);
#2991 = EDGE_CURVE('',#2992,#1629,#2994,.T.);
#2992 = VERTEX_POINT('',#2993);
#2993 = CARTESIAN_POINT('',(-67.5,-6.,77.5));
#2994 = SEAM_CURVE('',#2995,(#2999,#3006),.PCURVE_S1.);
#2995 = LINE('',#2996,#2997);
#2996 = CARTESIAN_POINT('',(-67.5,-6.,77.5));
#2997 = VECTOR('',#2998,1.);
#2998 = DIRECTION('',(0.,1.,0.));
#2999 = PCURVE('',#1667,#3000);
#3000 = DEFINITIONAL_REPRESENTATION('',(#3001),#3005);
#3001 = LINE('',#3002,#3003);
#3002 = CARTESIAN_POINT('',(6.28318530718,-0.));
#3003 = VECTOR('',#3004,1.);
#3004 = DIRECTION('',(0.,1.));
#3005 = ( GEOMETRIC_REPRESENTATION_CONTEXT(2) 
PARAMETRIC_REPRESENTATION_CONTEXT() REPRESENTATION_CONTEXT('2D SPACE',''
  ) );
#3006 = PCURVE('',#1667,#3007);
#3007 = DEFINITIONAL_REPRESENTATION('',(#3008),#3012);
#3008 = LINE('',#3009,#3010);
#3009 = CARTESIAN_POINT('',(0.,-0.));
#3010 = VECTOR('',#3011,1.);
#3011 = DIRECTION('',(0.,1.));
#3012 = ( GEOMETRIC_REPRESENTATION_CONTEXT(2) 
PARAMETRIC_REPRESENTATION_CONTEXT() REPRESENTATION_CONTEXT('2D SPACE',''
  ) );
#3013 = ORIENTED_EDGE('',*,*,#1652,.F.);
#3014 = ORIENTED_EDGE('',*,*,#2991,.F.);
#3015 = ORIENTED_EDGE('',*,*,#3016,.T.);
#3016 = EDGE_CURVE('',#2992,#2992,#3017,.T.);
#3017 = SURFACE_CURVE('',#3018,(#3023,#3030),.PCURVE_S1.);
#3018 = CIRCLE('',#3019,14.);
#3019 = AXIS2_PLACEMENT_3D('',#3020,#3021,#3022);
#3020 = CARTESIAN_POINT('',(-67.5,-6.,63.5));
#3021 = DIRECTION('',(0.,1.,0.));
#3022 = DIRECTION('',(0.,-0.,1.));
#3023 = PCURVE('',#1667,#3024);
#3024 = DEFINITIONAL_REPRESENTATION('',(#3025),#3029);
#3025 = LINE('',#3026,#3027);
#3026 = CARTESIAN_POINT('',(0.,0.));
#3027 = VECTOR('',#3028,1.);
#3028 = DIRECTION('',(1.,0.));
#3029 = ( GEOMETRIC_REPRESENTATION_CONTEXT(2) 
PARAMETRIC_REPRESENTATION_CONTEXT() REPRESENTATION_CONTEXT('2D SPACE',''
  ) );
#3030 = PCURVE('',#3031,#3036);
#3031 = PLANE('',#3032);
#3032 = AXIS2_PLACEMENT_3D('',#3033,#3034,#3035);
#3033 = CARTESIAN_POINT('',(-67.5,-6.,63.5));
#3034 = DIRECTION('',(0.,1.,0.));
#3035 = DIRECTION('',(0.,-0.,1.));
#3036 = DEFINITIONAL_REPRESENTATION('',(#3037),#3041);
#3037 = CIRCLE('',#3038,14.);
#3038 = AXIS2_PLACEMENT_2D('',#3039,#3040);
#3039 = CARTESIAN_POINT('',(0.,0.));
#3040 = DIRECTION('',(1.,0.));
#3041 = ( GEOMETRIC_REPRESENTATION_CONTEXT(2) 
PARAMETRIC_REPRESENTATION_CONTEXT() REPRESENTATION_CONTEXT('2D SPACE',''
  ) );
#3042 = ADVANCED_FACE('',(#3043),#1721,.T.);
#3043 = FACE_BOUND('',#3044,.T.);
#3044 = EDGE_LOOP('',(#3045,#3068,#3069,#3070));
#3045 = ORIENTED_EDGE('',*,*,#3046,.T.);
#3046 = EDGE_CURVE('',#3047,#1683,#3049,.T.);
#3047 = VERTEX_POINT('',#3048);
#3048 = CARTESIAN_POINT('',(-22.5,-6.,77.5));
#3049 = SEAM_CURVE('',#3050,(#3054,#3061),.PCURVE_S1.);
#3050 = LINE('',#3051,#3052);
#3051 = CARTESIAN_POINT('',(-22.5,-6.,77.5));
#3052 = VECTOR('',#3053,1.);
#3053 = DIRECTION('',(0.,1.,0.));
#3054 = PCURVE('',#1721,#3055);
#3055 = DEFINITIONAL_REPRESENTATION('',(#3056),#3060);
#3056 = LINE('',#3057,#3058);
#3057 = CARTESIAN_POINT('',(6.28318530718,-0.));
#3058 = VECTOR('',#3059,1.);
#3059 = DIRECTION('',(0.,1.));
#3060 = ( GEOMETRIC_REPRESENTATION_CONTEXT(2) 
PARAMETRIC_REPRESENTATION_CONTEXT() REPRESENTATION_CONTEXT('2D SPACE',''
  ) );
#3061 = PCURVE('',#1721,#3062);
#3062 = DEFINITIONAL_REPRESENTATION('',(#3063),#3067);
#3063 = LINE('',#3064,#3065);
#3064 = CARTESIAN_POINT('',(0.,-0.));
#3065 = VECTOR('',#3066,1.);
#3066 = DIRECTION('',(0.,1.));
#3067 = ( GEOMETRIC_REPRESENTATION_CONTEXT(2) 
PARAMETRIC_REPRESENTATION_CONTEXT() REPRESENTATION_CONTEXT('2D SPACE',''
  ) );
#3068 = ORIENTED_EDGE('',*,*,#1706,.F.);
#3069 = ORIENTED_EDGE('',*,*,#3046,.F.);
#3070 = ORIENTED_EDGE('',*,*,#3071,.T.);
#3071 = EDGE_CURVE('',#3047,#3047,#3072,.T.);
#3072 = SURFACE_CURVE('',#3073,(#3078,#3085),.PCURVE_S1.);
#3073 = CIRCLE('',#3074,14.);
#3074 = AXIS2_PLACEMENT_3D('',#3075,#3076,#3077);
#3075 = CARTESIAN_POINT('',(-22.5,-6.,63.5));
#3076 = DIRECTION('',(0.,1.,0.));
#3077 = DIRECTION('',(0.,-0.,1.));
#3078 = PCURVE('',#1721,#3079);
#3079 = DEFINITIONAL_REPRESENTATION('',(#3080),#3084);
#3080 = LINE('',#3081,#3082);
#3081 = CARTESIAN_POINT('',(0.,0.));
#3082 = VECTOR('',#3083,1.);
#3083 = DIRECTION('',(1.,0.));
#3084 = ( GEOMETRIC_REPRESENTATION_CONTEXT(2) 
PARAMETRIC_REPRESENTATION_CONTEXT() REPRESENTATION_CONTEXT('2D SPACE',''
  ) );
#3085 = PCURVE('',#3086,#3091);
#3086 = PLANE('',#3087);
#3087 = AXIS2_PLACEMENT_3D('',#3088,#3089,#3090);
#3088 = CARTESIAN_POINT('',(-22.5,-6.,63.5));
#3089 = DIRECTION('',(0.,1.,0.));
#3090 = DIRECTION('',(0.,-0.,1.));
#3091 = DEFINITIONAL_REPRESENTATION('',(#3092),#3096);
#3092 = CIRCLE('',#3093,14.);
#3093 = AXIS2_PLACEMENT_2D('',#3094,#3095);
#3094 = CARTESIAN_POINT('',(0.,0.));
#3095 = DIRECTION('',(1.,0.));
#3096 = ( GEOMETRIC_REPRESENTATION_CONTEXT(2) 
PARAMETRIC_REPRESENTATION_CONTEXT() REPRESENTATION_CONTEXT('2D SPACE',''
  ) );
#3097 = ADVANCED_FACE('',(#3098),#1753,.F.);
#3098 = FACE_BOUND('',#3099,.F.);
#3099 = EDGE_LOOP('',(#3100));
#3100 = ORIENTED_EDGE('',*,*,#1736,.T.);
#3101 = ADVANCED_FACE('',(#3102),#1830,.T.);
#3102 = FACE_BOUND('',#3103,.T.);
#3103 = EDGE_LOOP('',(#3104,#3127,#3128,#3129));
#3104 = ORIENTED_EDGE('',*,*,#3105,.T.);
#3105 = EDGE_CURVE('',#3106,#1792,#3108,.T.);
#3106 = VERTEX_POINT('',#3107);
#3107 = CARTESIAN_POINT('',(22.5,-6.,37.5));
#3108 = SEAM_CURVE('',#3109,(#3113,#3120),.PCURVE_S1.);
#3109 = LINE('',#3110,#3111);
#3110 = CARTESIAN_POINT('',(22.5,-6.,37.5));
#3111 = VECTOR('',#3112,1.);
#3112 = DIRECTION('',(0.,1.,0.));
#3113 = PCURVE('',#1830,#3114);
#3114 = DEFINITIONAL_REPRESENTATION('',(#3115),#3119);
#3115 = LINE('',#3116,#3117);
#3116 = CARTESIAN_POINT('',(6.28318530718,-0.));
#3117 = VECTOR('',#3118,1.);
#3118 = DIRECTION('',(0.,1.));
#3119 = ( GEOMETRIC_REPRESENTATION_CONTEXT(2) 
PARAMETRIC_REPRESENTATION_CONTEXT() REPRESENTATION_CONTEXT('2D SPACE',''
  ) );
#3120 = PCURVE('',#1830,#3121);
#3121 = DEFINITIONAL_REPRESENTATION('',(#3122),#3126);
#3122 = LINE('',#3123,#3124);
#3123 = CARTESIAN_POINT('',(0.,-0.));
#3124 = VECTOR('',#3125,1.);
#3125 = DIRECTION('',(0.,1.));
#3126 = ( GEOMETRIC_REPRESENTATION_CONTEXT(2) 
PARAMETRIC_REPRESENTATION_CONTEXT() REPRESENTATION_CONTEXT('2D SPACE',''
  ) );
#3127 = ORIENTED_EDGE('',*,*,#1815,.F.);
#3128 = ORIENTED_EDGE('',*,*,#3105,.F.);
#3129 = ORIENTED_EDGE('',*,*,#3130,.T.);
#3130 = EDGE_CURVE('',#3106,#3106,#3131,.T.);
#3131 = SURFACE_CURVE('',#3132,(#3137,#3144),.PCURVE_S1.);
#3132 = CIRCLE('',#3133,14.);
#3133 = AXIS2_PLACEMENT_3D('',#3134,#3135,#3136);
#3134 = CARTESIAN_POINT('',(22.5,-6.,23.5));
#3135 = DIRECTION('',(0.,1.,0.));
#3136 = DIRECTION('',(0.,-0.,1.));
#3137 = PCURVE('',#1830,#3138);
#3138 = DEFINITIONAL_REPRESENTATION('',(#3139),#3143);
#3139 = LINE('',#3140,#3141);
#3140 = CARTESIAN_POINT('',(0.,0.));
#3141 = VECTOR('',#3142,1.);
#3142 = DIRECTION('',(1.,0.));
#3143 = ( GEOMETRIC_REPRESENTATION_CONTEXT(2) 
PARAMETRIC_REPRESENTATION_CONTEXT() REPRESENTATION_CONTEXT('2D SPACE',''
  ) );
#3144 = PCURVE('',#3145,#3150);
#3145 = PLANE('',#3146);
#3146 = AXIS2_PLACEMENT_3D('',#3147,#3148,#3149);
#3147 = CARTESIAN_POINT('',(22.5,-6.,23.5));
#3148 = DIRECTION('',(0.,1.,0.));
#3149 = DIRECTION('',(0.,-0.,1.));
#3150 = DEFINITIONAL_REPRESENTATION('',(#3151),#3155);
#3151 = CIRCLE('',#3152,14.);
#3152 = AXIS2_PLACEMENT_2D('',#3153,#3154);
#3153 = CARTESIAN_POINT('',(0.,0.));
#3154 = DIRECTION('',(1.,0.));
#3155 = ( GEOMETRIC_REPRESENTATION_CONTEXT(2) 
PARAMETRIC_REPRESENTATION_CONTEXT() REPRESENTATION_CONTEXT('2D SPACE',''
  ) );
#3156 = ADVANCED_FACE('',(#3157),#1884,.T.);
#3157 = FACE_BOUND('',#3158,.T.);
#3158 = EDGE_LOOP('',(#3159,#3182,#3183,#3184));
#3159 = ORIENTED_EDGE('',*,*,#3160,.T.);
#3160 = EDGE_CURVE('',#3161,#1846,#3163,.T.);
#3161 = VERTEX_POINT('',#3162);
#3162 = CARTESIAN_POINT('',(67.5,-6.,37.5));
#3163 = SEAM_CURVE('',#3164,(#3168,#3175),.PCURVE_S1.);
#3164 = LINE('',#3165,#3166);
#3165 = CARTESIAN_POINT('',(67.5,-6.,37.5));
#3166 = VECTOR('',#3167,1.);
#3167 = DIRECTION('',(0.,1.,0.));
#3168 = PCURVE('',#1884,#3169);
#3169 = DEFINITIONAL_REPRESENTATION('',(#3170),#3174);
#3170 = LINE('',#3171,#3172);
#3171 = CARTESIAN_POINT('',(6.28318530718,-0.));
#3172 = VECTOR('',#3173,1.);
#3173 = DIRECTION('',(0.,1.));
#3174 = ( GEOMETRIC_REPRESENTATION_CONTEXT(2) 
PARAMETRIC_REPRESENTATION_CONTEXT() REPRESENTATION_CONTEXT('2D SPACE',''
  ) );
#3175 = PCURVE('',#1884,#3176);
#3176 = DEFINITIONAL_REPRESENTATION('',(#3177),#3181);
#3177 = LINE('',#3178,#3179);
#3178 = CARTESIAN_POINT('',(0.,-0.));
#3179 = VECTOR('',#3180,1.);
#3180 = DIRECTION('',(0.,1.));
#3181 = ( GEOMETRIC_REPRESENTATION_CONTEXT(2) 
PARAMETRIC_REPRESENTATION_CONTEXT() REPRESENTATION_CONTEXT('2D SPACE',''
  ) );
#3182 = ORIENTED_EDGE('',*,*,#1869,.F.);
#3183 = ORIENTED_EDGE('',*,*,#3160,.F.);
#3184 = ORIENTED_EDGE('',*,*,#3185,.T.);
#3185 = EDGE_CURVE('',#3161,#3161,#3186,.T.);
#3186 = SURFACE_CURVE('',#3187,(#3192,#3199),.PCURVE_S1.);
#3187 = CIRCLE('',#3188,14.);
#3188 = AXIS2_PLACEMENT_3D('',#3189,#3190,#3191);
#3189 = CARTESIAN_POINT('',(67.5,-6.,23.5));
#3190 = DIRECTION('',(0.,1.,0.));
#3191 = DIRECTION('',(0.,-0.,1.));
#3192 = PCURVE('',#1884,#3193);
#3193 = DEFINITIONAL_REPRESENTATION('',(#3194),#3198);
#3194 = LINE('',#3195,#3196);
#3195 = CARTESIAN_POINT('',(0.,0.));
#3196 = VECTOR('',#3197,1.);
#3197 = DIRECTION('',(1.,0.));
#3198 = ( GEOMETRIC_REPRESENTATION_CONTEXT(2) 
PARAMETRIC_REPRESENTATION_CONTEXT() REPRESENTATION_CONTEXT('2D SPACE',''
  ) );
#3199 = PCURVE('',#3200,#3205);
#3200 = PLANE('',#3201);
#3201 = AXIS2_PLACEMENT_3D('',#3202,#3203,#3204);
#3202 = CARTESIAN_POINT('',(67.5,-6.,23.5));
#3203 = DIRECTION('',(0.,1.,0.));
#3204 = DIRECTION('',(0.,-0.,1.));
#3205 = DEFINITIONAL_REPRESENTATION('',(#3206),#3210);
#3206 = CIRCLE('',#3207,14.);
#3207 = AXIS2_PLACEMENT_2D('',#3208,#3209);
#3208 = CARTESIAN_POINT('',(0.,0.));
#3209 = DIRECTION('',(1.,0.));
#3210 = ( GEOMETRIC_REPRESENTATION_CONTEXT(2) 
PARAMETRIC_REPRESENTATION_CONTEXT() REPRESENTATION_CONTEXT('2D SPACE',''
  ) );
#3211 = ADVANCED_FACE('',(#3212),#1938,.T.);
#3212 = FACE_BOUND('',#3213,.T.);
#3213 = EDGE_LOOP('',(#3214,#3237,#3238,#3239));
#3214 = ORIENTED_EDGE('',*,*,#3215,.T.);
#3215 = EDGE_CURVE('',#3216,#1900,#3218,.T.);
#3216 = VERTEX_POINT('',#3217);
#3217 = CARTESIAN_POINT('',(112.5,-6.,37.5));
#3218 = SEAM_CURVE('',#3219,(#3223,#3230),.PCURVE_S1.);
#3219 = LINE('',#3220,#3221);
#3220 = CARTESIAN_POINT('',(112.5,-6.,37.5));
#3221 = VECTOR('',#3222,1.);
#3222 = DIRECTION('',(0.,1.,0.));
#3223 = PCURVE('',#1938,#3224);
#3224 = DEFINITIONAL_REPRESENTATION('',(#3225),#3229);
#3225 = LINE('',#3226,#3227);
#3226 = CARTESIAN_POINT('',(6.28318530718,-0.));
#3227 = VECTOR('',#3228,1.);
#3228 = DIRECTION('',(0.,1.));
#3229 = ( GEOMETRIC_REPRESENTATION_CONTEXT(2) 
PARAMETRIC_REPRESENTATION_CONTEXT() REPRESENTATION_CONTEXT('2D SPACE',''
  ) );
#3230 = PCURVE('',#1938,#3231);
#3231 = DEFINITIONAL_REPRESENTATION('',(#3232),#3236);
#3232 = LINE('',#3233,#3234);
#3233 = CARTESIAN_POINT('',(0.,-0.));
#3234 = VECTOR('',#3235,1.);
#3235 = DIRECTION('',(0.,1.));
#3236 = ( GEOMETRIC_REPRESENTATION_CONTEXT(2) 
PARAMETRIC_REPRESENTATION_CONTEXT() REPRESENTATION_CONTEXT('2D SPACE',''
  ) );
#3237 = ORIENTED_EDGE('',*,*,#1923,.F.);
#3238 = ORIENTED_EDGE('',*,*,#3215,.F.);
#3239 = ORIENTED_EDGE('',*,*,#3240,.T.);
#3240 = EDGE_CURVE('',#3216,#3216,#3241,.T.);
#3241 = SURFACE_CURVE('',#3242,(#3247,#3254),.PCURVE_S1.);
#3242 = CIRCLE('',#3243,14.);
#3243 = AXIS2_PLACEMENT_3D('',#3244,#3245,#3246);
#3244 = CARTESIAN_POINT('',(112.5,-6.,23.5));
#3245 = DIRECTION('',(0.,1.,0.));
#3246 = DIRECTION('',(0.,-0.,1.));
#3247 = PCURVE('',#1938,#3248);
#3248 = DEFINITIONAL_REPRESENTATION('',(#3249),#3253);
#3249 = LINE('',#3250,#3251);
#3250 = CARTESIAN_POINT('',(0.,0.));
#3251 = VECTOR('',#3252,1.);
#3252 = DIRECTION('',(1.,0.));
#3253 = ( GEOMETRIC_REPRESENTATION_CONTEXT(2) 
PARAMETRIC_REPRESENTATION_CONTEXT() REPRESENTATION_CONTEXT('2D SPACE',''
  ) );
#3254 = PCURVE('',#3255,#3260);
#3255 = PLANE('',#3256);
#3256 = AXIS2_PLACEMENT_3D('',#3257,#3258,#3259);
#3257 = CARTESIAN_POINT('',(112.5,-6.,23.5));
#3258 = DIRECTION('',(0.,1.,0.));
#3259 = DIRECTION('',(0.,-0.,1.));
#3260 = DEFINITIONAL_REPRESENTATION('',(#3261),#3265);
#3261 = CIRCLE('',#3262,14.);
#3262 = AXIS2_PLACEMENT_2D('',#3263,#3264);
#3263 = CARTESIAN_POINT('',(0.,0.));
#3264 = DIRECTION('',(1.,0.));
#3265 = ( GEOMETRIC_REPRESENTATION_CONTEXT(2) 
PARAMETRIC_REPRESENTATION_CONTEXT() REPRESENTATION_CONTEXT('2D SPACE',''
  ) );
#3266 = ADVANCED_FACE('',(#3267),#1970,.F.);
#3267 = FACE_BOUND('',#3268,.F.);
#3268 = EDGE_LOOP('',(#3269));
#3269 = ORIENTED_EDGE('',*,*,#1953,.T.);
#3270 = ADVANCED_FACE('',(#3271),#2047,.T.);
#3271 = FACE_BOUND('',#3272,.T.);
#3272 = EDGE_LOOP('',(#3273,#3296,#3297,#3298));
#3273 = ORIENTED_EDGE('',*,*,#3274,.T.);
#3274 = EDGE_CURVE('',#3275,#2009,#3277,.T.);
#3275 = VERTEX_POINT('',#3276);
#3276 = CARTESIAN_POINT('',(157.5,-6.,37.5));
#3277 = SEAM_CURVE('',#3278,(#3282,#3289),.PCURVE_S1.);
#3278 = LINE('',#3279,#3280);
#3279 = CARTESIAN_POINT('',(157.5,-6.,37.5));
#3280 = VECTOR('',#3281,1.);
#3281 = DIRECTION('',(0.,1.,0.));
#3282 = PCURVE('',#2047,#3283);
#3283 = DEFINITIONAL_REPRESENTATION('',(#3284),#3288);
#3284 = LINE('',#3285,#3286);
#3285 = CARTESIAN_POINT('',(6.28318530718,-0.));
#3286 = VECTOR('',#3287,1.);
#3287 = DIRECTION('',(0.,1.));
#3288 = ( GEOMETRIC_REPRESENTATION_CONTEXT(2) 
PARAMETRIC_REPRESENTATION_CONTEXT() REPRESENTATION_CONTEXT('2D SPACE',''
  ) );
#3289 = PCURVE('',#2047,#3290);
#3290 = DEFINITIONAL_REPRESENTATION('',(#3291),#3295);
#3291 = LINE('',#3292,#3293);
#3292 = CARTESIAN_POINT('',(0.,-0.));
#3293 = VECTOR('',#3294,1.);
#3294 = DIRECTION('',(0.,1.));
#3295 = ( GEOMETRIC_REPRESENTATION_CONTEXT(2) 
PARAMETRIC_REPRESENTATION_CONTEXT() REPRESENTATION_CONTEXT('2D SPACE',''
  ) );
#3296 = ORIENTED_EDGE('',*,*,#2032,.F.);
#3297 = ORIENTED_EDGE('',*,*,#3274,.F.);
#3298 = ORIENTED_EDGE('',*,*,#3299,.T.);
#3299 = EDGE_CURVE('',#3275,#3275,#3300,.T.);
#3300 = SURFACE_CURVE('',#3301,(#3306,#3313),.PCURVE_S1.);
#3301 = CIRCLE('',#3302,14.);
#3302 = AXIS2_PLACEMENT_3D('',#3303,#3304,#3305);
#3303 = CARTESIAN_POINT('',(157.5,-6.,23.5));
#3304 = DIRECTION('',(0.,1.,0.));
#3305 = DIRECTION('',(0.,-0.,1.));
#3306 = PCURVE('',#2047,#3307);
#3307 = DEFINITIONAL_REPRESENTATION('',(#3308),#3312);
#3308 = LINE('',#3309,#3310);
#3309 = CARTESIAN_POINT('',(0.,0.));
#3310 = VECTOR('',#3311,1.);
#3311 = DIRECTION('',(1.,0.));
#3312 = ( GEOMETRIC_REPRESENTATION_CONTEXT(2) 
PARAMETRIC_REPRESENTATION_CONTEXT() REPRESENTATION_CONTEXT('2D SPACE',''
  ) );
#3313 = PCURVE('',#3314,#3319);
#3314 = PLANE('',#3315);
#3315 = AXIS2_PLACEMENT_3D('',#3316,#3317,#3318);
#3316 = CARTESIAN_POINT('',(157.5,-6.,23.5));
#3317 = DIRECTION('',(0.,1.,0.));
#3318 = DIRECTION('',(0.,-0.,1.));
#3319 = DEFINITIONAL_REPRESENTATION('',(#3320),#3324);
#3320 = CIRCLE('',#3321,14.);
#3321 = AXIS2_PLACEMENT_2D('',#3322,#3323);
#3322 = CARTESIAN_POINT('',(0.,0.));
#3323 = DIRECTION('',(1.,0.));
#3324 = ( GEOMETRIC_REPRESENTATION_CONTEXT(2) 
PARAMETRIC_REPRESENTATION_CONTEXT() REPRESENTATION_CONTEXT('2D SPACE',''
  ) );
#3325 = ADVANCED_FACE('',(#3326),#2101,.T.);
#3326 = FACE_BOUND('',#3327,.T.);
#3327 = EDGE_LOOP('',(#3328,#3351,#3352,#3353));
#3328 = ORIENTED_EDGE('',*,*,#3329,.T.);
#3329 = EDGE_CURVE('',#3330,#2063,#3332,.T.);
#3330 = VERTEX_POINT('',#3331);
#3331 = CARTESIAN_POINT('',(22.5,-6.,77.5));
#3332 = SEAM_CURVE('',#3333,(#3337,#3344),.PCURVE_S1.);
#3333 = LINE('',#3334,#3335);
#3334 = CARTESIAN_POINT('',(22.5,-6.,77.5));
#3335 = VECTOR('',#3336,1.);
#3336 = DIRECTION('',(0.,1.,0.));
#3337 = PCURVE('',#2101,#3338);
#3338 = DEFINITIONAL_REPRESENTATION('',(#3339),#3343);
#3339 = LINE('',#3340,#3341);
#3340 = CARTESIAN_POINT('',(6.28318530718,-0.));
#3341 = VECTOR('',#3342,1.);
#3342 = DIRECTION('',(0.,1.));
#3343 = ( GEOMETRIC_REPRESENTATION_CONTEXT(2) 
PARAMETRIC_REPRESENTATION_CONTEXT() REPRESENTATION_CONTEXT('2D SPACE',''
  ) );
#3344 = PCURVE('',#2101,#3345);
#3345 = DEFINITIONAL_REPRESENTATION('',(#3346),#3350);
#3346 = LINE('',#3347,#3348);
#3347 = CARTESIAN_POINT('',(0.,-0.));
#3348 = VECTOR('',#3349,1.);
#3349 = DIRECTION('',(0.,1.));
#3350 = ( GEOMETRIC_REPRESENTATION_CONTEXT(2) 
PARAMETRIC_REPRESENTATION_CONTEXT() REPRESENTATION_CONTEXT('2D SPACE',''
  ) );
#3351 = ORIENTED_EDGE('',*,*,#2086,.F.);
#3352 = ORIENTED_EDGE('',*,*,#3329,.F.);
#3353 = ORIENTED_EDGE('',*,*,#3354,.T.);
#3354 = EDGE_CURVE('',#3330,#3330,#3355,.T.);
#3355 = SURFACE_CURVE('',#3356,(#3361,#3368),.PCURVE_S1.);
#3356 = CIRCLE('',#3357,14.);
#3357 = AXIS2_PLACEMENT_3D('',#3358,#3359,#3360);
#3358 = CARTESIAN_POINT('',(22.5,-6.,63.5));
#3359 = DIRECTION('',(0.,1.,0.));
#3360 = DIRECTION('',(0.,-0.,1.));
#3361 = PCURVE('',#2101,#3362);
#3362 = DEFINITIONAL_REPRESENTATION('',(#3363),#3367);
#3363 = LINE('',#3364,#3365);
#3364 = CARTESIAN_POINT('',(0.,0.));
#3365 = VECTOR('',#3366,1.);
#3366 = DIRECTION('',(1.,0.));
#3367 = ( GEOMETRIC_REPRESENTATION_CONTEXT(2) 
PARAMETRIC_REPRESENTATION_CONTEXT() REPRESENTATION_CONTEXT('2D SPACE',''
  ) );
#3368 = PCURVE('',#3369,#3374);
#3369 = PLANE('',#3370);
#3370 = AXIS2_PLACEMENT_3D('',#3371,#3372,#3373);
#3371 = CARTESIAN_POINT('',(22.5,-6.,63.5));
#3372 = DIRECTION('',(0.,1.,0.));
#3373 = DIRECTION('',(0.,-0.,1.));
#3374 = DEFINITIONAL_REPRESENTATION('',(#3375),#3379);
#3375 = CIRCLE('',#3376,14.);
#3376 = AXIS2_PLACEMENT_2D('',#3377,#3378);
#3377 = CARTESIAN_POINT('',(0.,0.));
#3378 = DIRECTION('',(1.,0.));
#3379 = ( GEOMETRIC_REPRESENTATION_CONTEXT(2) 
PARAMETRIC_REPRESENTATION_CONTEXT() REPRESENTATION_CONTEXT('2D SPACE',''
  ) );
#3380 = ADVANCED_FACE('',(#3381),#2133,.F.);
#3381 = FACE_BOUND('',#3382,.F.);
#3382 = EDGE_LOOP('',(#3383));
#3383 = ORIENTED_EDGE('',*,*,#2116,.T.);
#3384 = ADVANCED_FACE('',(#3385),#2210,.T.);
#3385 = FACE_BOUND('',#3386,.T.);
#3386 = EDGE_LOOP('',(#3387,#3410,#3411,#3412));
#3387 = ORIENTED_EDGE('',*,*,#3388,.T.);
#3388 = EDGE_CURVE('',#3389,#2172,#3391,.T.);
#3389 = VERTEX_POINT('',#3390);
#3390 = CARTESIAN_POINT('',(67.5,-6.,77.5));
#3391 = SEAM_CURVE('',#3392,(#3396,#3403),.PCURVE_S1.);
#3392 = LINE('',#3393,#3394);
#3393 = CARTESIAN_POINT('',(67.5,-6.,77.5));
#3394 = VECTOR('',#3395,1.);
#3395 = DIRECTION('',(0.,1.,0.));
#3396 = PCURVE('',#2210,#3397);
#3397 = DEFINITIONAL_REPRESENTATION('',(#3398),#3402);
#3398 = LINE('',#3399,#3400);
#3399 = CARTESIAN_POINT('',(6.28318530718,-0.));
#3400 = VECTOR('',#3401,1.);
#3401 = DIRECTION('',(0.,1.));
#3402 = ( GEOMETRIC_REPRESENTATION_CONTEXT(2) 
PARAMETRIC_REPRESENTATION_CONTEXT() REPRESENTATION_CONTEXT('2D SPACE',''
  ) );
#3403 = PCURVE('',#2210,#3404);
#3404 = DEFINITIONAL_REPRESENTATION('',(#3405),#3409);
#3405 = LINE('',#3406,#3407);
#3406 = CARTESIAN_POINT('',(0.,-0.));
#3407 = VECTOR('',#3408,1.);
#3408 = DIRECTION('',(0.,1.));
#3409 = ( GEOMETRIC_REPRESENTATION_CONTEXT(2) 
PARAMETRIC_REPRESENTATION_CONTEXT() REPRESENTATION_CONTEXT('2D SPACE',''
  ) );
#3410 = ORIENTED_EDGE('',*,*,#2195,.F.);
#3411 = ORIENTED_EDGE('',*,*,#3388,.F.);
#3412 = ORIENTED_EDGE('',*,*,#3413,.T.);
#3413 = EDGE_CURVE('',#3389,#3389,#3414,.T.);
#3414 = SURFACE_CURVE('',#3415,(#3420,#3427),.PCURVE_S1.);
#3415 = CIRCLE('',#3416,14.);
#3416 = AXIS2_PLACEMENT_3D('',#3417,#3418,#3419);
#3417 = CARTESIAN_POINT('',(67.5,-6.,63.5));
#3418 = DIRECTION('',(0.,1.,0.));
#3419 = DIRECTION('',(0.,-0.,1.));
#3420 = PCURVE('',#2210,#3421);
#3421 = DEFINITIONAL_REPRESENTATION('',(#3422),#3426);
#3422 = LINE('',#3423,#3424);
#3423 = CARTESIAN_POINT('',(0.,0.));
#3424 = VECTOR('',#3425,1.);
#3425 = DIRECTION('',(1.,0.));
#3426 = ( GEOMETRIC_REPRESENTATION_CONTEXT(2) 
PARAMETRIC_REPRESENTATION_CONTEXT() REPRESENTATION_CONTEXT('2D SPACE',''
  ) );
#3427 = PCURVE('',#3428,#3433);
#3428 = PLANE('',#3429);
#3429 = AXIS2_PLACEMENT_3D('',#3430,#3431,#3432);
#3430 = CARTESIAN_POINT('',(67.5,-6.,63.5));
#3431 = DIRECTION('',(0.,1.,0.));
#3432 = DIRECTION('',(0.,-0.,1.));
#3433 = DEFINITIONAL_REPRESENTATION('',(#3434),#3438);
#3434 = CIRCLE('',#3435,14.);
#3435 = AXIS2_PLACEMENT_2D('',#3436,#3437);
#3436 = CARTESIAN_POINT('',(0.,0.));
#3437 = DIRECTION('',(1.,0.));
#3438 = ( GEOMETRIC_REPRESENTATION_CONTEXT(2) 
PARAMETRIC_REPRESENTATION_CONTEXT() REPRESENTATION_CONTEXT('2D SPACE',''
  ) );
#3439 = ADVANCED_FACE('',(#3440),#2264,.T.);
#3440 = FACE_BOUND('',#3441,.T.);
#3441 = EDGE_LOOP('',(#3442,#3465,#3466,#3467));
#3442 = ORIENTED_EDGE('',*,*,#3443,.T.);
#3443 = EDGE_CURVE('',#3444,#2226,#3446,.T.);
#3444 = VERTEX_POINT('',#3445);
#3445 = CARTESIAN_POINT('',(112.5,-6.,77.5));
#3446 = SEAM_CURVE('',#3447,(#3451,#3458),.PCURVE_S1.);
#3447 = LINE('',#3448,#3449);
#3448 = CARTESIAN_POINT('',(112.5,-6.,77.5));
#3449 = VECTOR('',#3450,1.);
#3450 = DIRECTION('',(0.,1.,0.));
#3451 = PCURVE('',#2264,#3452);
#3452 = DEFINITIONAL_REPRESENTATION('',(#3453),#3457);
#3453 = LINE('',#3454,#3455);
#3454 = CARTESIAN_POINT('',(6.28318530718,-0.));
#3455 = VECTOR('',#3456,1.);
#3456 = DIRECTION('',(0.,1.));
#3457 = ( GEOMETRIC_REPRESENTATION_CONTEXT(2) 
PARAMETRIC_REPRESENTATION_CONTEXT() REPRESENTATION_CONTEXT('2D SPACE',''
  ) );
#3458 = PCURVE('',#2264,#3459);
#3459 = DEFINITIONAL_REPRESENTATION('',(#3460),#3464);
#3460 = LINE('',#3461,#3462);
#3461 = CARTESIAN_POINT('',(0.,-0.));
#3462 = VECTOR('',#3463,1.);
#3463 = DIRECTION('',(0.,1.));
#3464 = ( GEOMETRIC_REPRESENTATION_CONTEXT(2) 
PARAMETRIC_REPRESENTATION_CONTEXT() REPRESENTATION_CONTEXT('2D SPACE',''
  ) );
#3465 = ORIENTED_EDGE('',*,*,#2249,.F.);
#3466 = ORIENTED_EDGE('',*,*,#3443,.F.);
#3467 = ORIENTED_EDGE('',*,*,#3468,.T.);
#3468 = EDGE_CURVE('',#3444,#3444,#3469,.T.);
#3469 = SURFACE_CURVE('',#3470,(#3475,#3482),.PCURVE_S1.);
#3470 = CIRCLE('',#3471,14.);
#3471 = AXIS2_PLACEMENT_3D('',#3472,#3473,#3474);
#3472 = CARTESIAN_POINT('',(112.5,-6.,63.5));
#3473 = DIRECTION('',(0.,1.,0.));
#3474 = DIRECTION('',(0.,-0.,1.));
#3475 = PCURVE('',#2264,#3476);
#3476 = DEFINITIONAL_REPRESENTATION('',(#3477),#3481);
#3477 = LINE('',#3478,#3479);
#3478 = CARTESIAN_POINT('',(0.,0.));
#3479 = VECTOR('',#3480,1.);
#3480 = DIRECTION('',(1.,0.));
#3481 = ( GEOMETRIC_REPRESENTATION_CONTEXT(2) 
PARAMETRIC_REPRESENTATION_CONTEXT() REPRESENTATION_CONTEXT('2D SPACE',''
  ) );
#3482 = PCURVE('',#3483,#3488);
#3483 = PLANE('',#3484);
#3484 = AXIS2_PLACEMENT_3D('',#3485,#3486,#3487);
#3485 = CARTESIAN_POINT('',(112.5,-6.,63.5));
#3486 = DIRECTION('',(0.,1.,0.));
#3487 = DIRECTION('',(0.,-0.,1.));
#3488 = DEFINITIONAL_REPRESENTATION('',(#3489),#3493);
#3489 = CIRCLE('',#3490,14.);
#3490 = AXIS2_PLACEMENT_2D('',#3491,#3492);
#3491 = CARTESIAN_POINT('',(0.,0.));
#3492 = DIRECTION('',(1.,0.));
#3493 = ( GEOMETRIC_REPRESENTATION_CONTEXT(2) 
PARAMETRIC_REPRESENTATION_CONTEXT() REPRESENTATION_CONTEXT('2D SPACE',''
  ) );
#3494 = ADVANCED_FACE('',(#3495),#2318,.T.);
#3495 = FACE_BOUND('',#3496,.T.);
#3496 = EDGE_LOOP('',(#3497,#3520,#3521,#3522));
#3497 = ORIENTED_EDGE('',*,*,#3498,.T.);
#3498 = EDGE_CURVE('',#3499,#2280,#3501,.T.);
#3499 = VERTEX_POINT('',#3500);
#3500 = CARTESIAN_POINT('',(157.5,-6.,77.5));
#3501 = SEAM_CURVE('',#3502,(#3506,#3513),.PCURVE_S1.);
#3502 = LINE('',#3503,#3504);
#3503 = CARTESIAN_POINT('',(157.5,-6.,77.5));
#3504 = VECTOR('',#3505,1.);
#3505 = DIRECTION('',(0.,1.,0.));
#3506 = PCURVE('',#2318,#3507);
#3507 = DEFINITIONAL_REPRESENTATION('',(#3508),#3512);
#3508 = LINE('',#3509,#3510);
#3509 = CARTESIAN_POINT('',(6.28318530718,-0.));
#3510 = VECTOR('',#3511,1.);
#3511 = DIRECTION('',(0.,1.));
#3512 = ( GEOMETRIC_REPRESENTATION_CONTEXT(2) 
PARAMETRIC_REPRESENTATION_CONTEXT() REPRESENTATION_CONTEXT('2D SPACE',''
  ) );
#3513 = PCURVE('',#2318,#3514);
#3514 = DEFINITIONAL_REPRESENTATION('',(#3515),#3519);
#3515 = LINE('',#3516,#3517);
#3516 = CARTESIAN_POINT('',(0.,-0.));
#3517 = VECTOR('',#3518,1.);
#3518 = DIRECTION('',(0.,1.));
#3519 = ( GEOMETRIC_REPRESENTATION_CONTEXT(2) 
PARAMETRIC_REPRESENTATION_CONTEXT() REPRESENTATION_CONTEXT('2D SPACE',''
  ) );
#3520 = ORIENTED_EDGE('',*,*,#2303,.F.);
#3521 = ORIENTED_EDGE('',*,*,#3498,.F.);
#3522 = ORIENTED_EDGE('',*,*,#3523,.T.);
#3523 = EDGE_CURVE('',#3499,#3499,#3524,.T.);
#3524 = SURFACE_CURVE('',#3525,(#3530,#3537),.PCURVE_S1.);
#3525 = CIRCLE('',#3526,14.);
#3526 = AXIS2_PLACEMENT_3D('',#3527,#3528,#3529);
#3527 = CARTESIAN_POINT('',(157.5,-6.,63.5));
#3528 = DIRECTION('',(0.,1.,0.));
#3529 = DIRECTION('',(0.,-0.,1.));
#3530 = PCURVE('',#2318,#3531);
#3531 = DEFINITIONAL_REPRESENTATION('',(#3532),#3536);
#3532 = LINE('',#3533,#3534);
#3533 = CARTESIAN_POINT('',(0.,0.));
#3534 = VECTOR('',#3535,1.);
#3535 = DIRECTION('',(1.,0.));
#3536 = ( GEOMETRIC_REPRESENTATION_CONTEXT(2) 
PARAMETRIC_REPRESENTATION_CONTEXT() REPRESENTATION_CONTEXT('2D SPACE',''
  ) );
#3537 = PCURVE('',#3538,#3543);
#3538 = PLANE('',#3539);
#3539 = AXIS2_PLACEMENT_3D('',#3540,#3541,#3542);
#3540 = CARTESIAN_POINT('',(157.5,-6.,63.5));
#3541 = DIRECTION('',(0.,1.,0.));
#3542 = DIRECTION('',(0.,-0.,1.));
#3543 = DEFINITIONAL_REPRESENTATION('',(#3544),#3548);
#3544 = CIRCLE('',#3545,14.);
#3545 = AXIS2_PLACEMENT_2D('',#3546,#3547);
#3546 = CARTESIAN_POINT('',(0.,0.));
#3547 = DIRECTION('',(1.,0.));
#3548 = ( GEOMETRIC_REPRESENTATION_CONTEXT(2) 
PARAMETRIC_REPRESENTATION_CONTEXT() REPRESENTATION_CONTEXT('2D SPACE',''
  ) );
#3549 = ADVANCED_FACE('',(#3550),#2350,.F.);
#3550 = FACE_BOUND('',#3551,.F.);
#3551 = EDGE_LOOP('',(#3552));
#3552 = ORIENTED_EDGE('',*,*,#2333,.T.);
#3553 = ADVANCED_FACE('',(#3554,#3773,#3902,#4031,#4160,#4289,#4418,
    #4547,#4676),#2435,.F.);
#3554 = FACE_BOUND('',#3555,.F.);
#3555 = EDGE_LOOP('',(#3556,#3579,#3580,#3581,#3604,#3627,#3650,#3673,
    #3696,#3719,#3742,#3763,#3764,#3765,#3766,#3767,#3768,#3769,#3770,
    #3771,#3772));
#3556 = ORIENTED_EDGE('',*,*,#3557,.F.);
#3557 = EDGE_CURVE('',#2554,#3558,#3560,.T.);
#3558 = VERTEX_POINT('',#3559);
#3559 = CARTESIAN_POINT('',(-157.5,26.,29.4));
#3560 = SEAM_CURVE('',#3561,(#3565,#3572),.PCURVE_S1.);
#3561 = LINE('',#3562,#3563);
#3562 = CARTESIAN_POINT('',(-195.,26.,29.4));
#3563 = VECTOR('',#3564,1.);
#3564 = DIRECTION('',(1.,0.,0.));
#3565 = PCURVE('',#2435,#3566);
#3566 = DEFINITIONAL_REPRESENTATION('',(#3567),#3571);
#3567 = LINE('',#3568,#3569);
#3568 = CARTESIAN_POINT('',(0.,-0.));
#3569 = VECTOR('',#3570,1.);
#3570 = DIRECTION('',(0.,1.));
#3571 = ( GEOMETRIC_REPRESENTATION_CONTEXT(2) 
PARAMETRIC_REPRESENTATION_CONTEXT() REPRESENTATION_CONTEXT('2D SPACE',''
  ) );
#3572 = PCURVE('',#2435,#3573);
#3573 = DEFINITIONAL_REPRESENTATION('',(#3574),#3578);
#3574 = LINE('',#3575,#3576);
#3575 = CARTESIAN_POINT('',(6.28318530718,-0.));
#3576 = VECTOR('',#3577,1.);
#3577 = DIRECTION('',(0.,1.));
#3578 = ( GEOMETRIC_REPRESENTATION_CONTEXT(2) 
PARAMETRIC_REPRESENTATION_CONTEXT() REPRESENTATION_CONTEXT('2D SPACE',''
  ) );
#3579 = ORIENTED_EDGE('',*,*,#2553,.T.);
#3580 = ORIENTED_EDGE('',*,*,#3557,.T.);
#3581 = ORIENTED_EDGE('',*,*,#3582,.T.);
#3582 = EDGE_CURVE('',#3558,#3583,#3585,.T.);
#3583 = VERTEX_POINT('',#3584);
#3584 = CARTESIAN_POINT('',(-112.5,26.,29.4));
#3585 = SEAM_CURVE('',#3586,(#3590,#3597),.PCURVE_S1.);
#3586 = LINE('',#3587,#3588);
#3587 = CARTESIAN_POINT('',(-195.,26.,29.4));
#3588 = VECTOR('',#3589,1.);
#3589 = DIRECTION('',(1.,0.,0.));
#3590 = PCURVE('',#2435,#3591);
#3591 = DEFINITIONAL_REPRESENTATION('',(#3592),#3596);
#3592 = LINE('',#3593,#3594);
#3593 = CARTESIAN_POINT('',(0.,-0.));
#3594 = VECTOR('',#3595,1.);
#3595 = DIRECTION('',(0.,1.));
#3596 = ( GEOMETRIC_REPRESENTATION_CONTEXT(2) 
PARAMETRIC_REPRESENTATION_CONTEXT() REPRESENTATION_CONTEXT('2D SPACE',''
  ) );
#3597 = PCURVE('',#2435,#3598);
#3598 = DEFINITIONAL_REPRESENTATION('',(#3599),#3603);
#3599 = LINE('',#3600,#3601);
#3600 = CARTESIAN_POINT('',(6.28318530718,-0.));
#3601 = VECTOR('',#3602,1.);
#3602 = DIRECTION('',(0.,1.));
#3603 = ( GEOMETRIC_REPRESENTATION_CONTEXT(2) 
PARAMETRIC_REPRESENTATION_CONTEXT() REPRESENTATION_CONTEXT('2D SPACE',''
  ) );
#3604 = ORIENTED_EDGE('',*,*,#3605,.T.);
#3605 = EDGE_CURVE('',#3583,#3606,#3608,.T.);
#3606 = VERTEX_POINT('',#3607);
#3607 = CARTESIAN_POINT('',(-67.5,26.,29.4));
#3608 = SEAM_CURVE('',#3609,(#3613,#3620),.PCURVE_S1.);
#3609 = LINE('',#3610,#3611);
#3610 = CARTESIAN_POINT('',(-195.,26.,29.4));
#3611 = VECTOR('',#3612,1.);
#3612 = DIRECTION('',(1.,0.,0.));
#3613 = PCURVE('',#2435,#3614);
#3614 = DEFINITIONAL_REPRESENTATION('',(#3615),#3619);
#3615 = LINE('',#3616,#3617);
#3616 = CARTESIAN_POINT('',(0.,-0.));
#3617 = VECTOR('',#3618,1.);
#3618 = DIRECTION('',(0.,1.));
#3619 = ( GEOMETRIC_REPRESENTATION_CONTEXT(2) 
PARAMETRIC_REPRESENTATION_CONTEXT() REPRESENTATION_CONTEXT('2D SPACE',''
  ) );
#3620 = PCURVE('',#2435,#3621);
#3621 = DEFINITIONAL_REPRESENTATION('',(#3622),#3626);
#3622 = LINE('',#3623,#3624);
#3623 = CARTESIAN_POINT('',(6.28318530718,-0.));
#3624 = VECTOR('',#3625,1.);
#3625 = DIRECTION('',(0.,1.));
#3626 = ( GEOMETRIC_REPRESENTATION_CONTEXT(2) 
PARAMETRIC_REPRESENTATION_CONTEXT() REPRESENTATION_CONTEXT('2D SPACE',''
  ) );
#3627 = ORIENTED_EDGE('',*,*,#3628,.T.);
#3628 = EDGE_CURVE('',#3606,#3629,#3631,.T.);
#3629 = VERTEX_POINT('',#3630);
#3630 = CARTESIAN_POINT('',(-22.5,26.,29.4));
#3631 = SEAM_CURVE('',#3632,(#3636,#3643),.PCURVE_S1.);
#3632 = LINE('',#3633,#3634);
#3633 = CARTESIAN_POINT('',(-195.,26.,29.4));
#3634 = VECTOR('',#3635,1.);
#3635 = DIRECTION('',(1.,0.,0.));
#3636 = PCURVE('',#2435,#3637);
#3637 = DEFINITIONAL_REPRESENTATION('',(#3638),#3642);
#3638 = LINE('',#3639,#3640);
#3639 = CARTESIAN_POINT('',(0.,-0.));
#3640 = VECTOR('',#3641,1.);
#3641 = DIRECTION('',(0.,1.));
#3642 = ( GEOMETRIC_REPRESENTATION_CONTEXT(2) 
PARAMETRIC_REPRESENTATION_CONTEXT() REPRESENTATION_CONTEXT('2D SPACE',''
  ) );
#3643 = PCURVE('',#2435,#3644);
#3644 = DEFINITIONAL_REPRESENTATION('',(#3645),#3649);
#3645 = LINE('',#3646,#3647);
#3646 = CARTESIAN_POINT('',(6.28318530718,-0.));
#3647 = VECTOR('',#3648,1.);
#3648 = DIRECTION('',(0.,1.));
#3649 = ( GEOMETRIC_REPRESENTATION_CONTEXT(2) 
PARAMETRIC_REPRESENTATION_CONTEXT() REPRESENTATION_CONTEXT('2D SPACE',''
  ) );
#3650 = ORIENTED_EDGE('',*,*,#3651,.T.);
#3651 = EDGE_CURVE('',#3629,#3652,#3654,.T.);
#3652 = VERTEX_POINT('',#3653);
#3653 = CARTESIAN_POINT('',(22.5,26.,29.4));
#3654 = SEAM_CURVE('',#3655,(#3659,#3666),.PCURVE_S1.);
#3655 = LINE('',#3656,#3657);
#3656 = CARTESIAN_POINT('',(-195.,26.,29.4));
#3657 = VECTOR('',#3658,1.);
#3658 = DIRECTION('',(1.,0.,0.));
#3659 = PCURVE('',#2435,#3660);
#3660 = DEFINITIONAL_REPRESENTATION('',(#3661),#3665);
#3661 = LINE('',#3662,#3663);
#3662 = CARTESIAN_POINT('',(0.,-0.));
#3663 = VECTOR('',#3664,1.);
#3664 = DIRECTION('',(0.,1.));
#3665 = ( GEOMETRIC_REPRESENTATION_CONTEXT(2) 
PARAMETRIC_REPRESENTATION_CONTEXT() REPRESENTATION_CONTEXT('2D SPACE',''
  ) );
#3666 = PCURVE('',#2435,#3667);
#3667 = DEFINITIONAL_REPRESENTATION('',(#3668),#3672);
#3668 = LINE('',#3669,#3670);
#3669 = CARTESIAN_POINT('',(6.28318530718,-0.));
#3670 = VECTOR('',#3671,1.);
#3671 = DIRECTION('',(0.,1.));
#3672 = ( GEOMETRIC_REPRESENTATION_CONTEXT(2) 
PARAMETRIC_REPRESENTATION_CONTEXT() REPRESENTATION_CONTEXT('2D SPACE',''
  ) );
#3673 = ORIENTED_EDGE('',*,*,#3674,.T.);
#3674 = EDGE_CURVE('',#3652,#3675,#3677,.T.);
#3675 = VERTEX_POINT('',#3676);
#3676 = CARTESIAN_POINT('',(67.5,26.,29.4));
#3677 = SEAM_CURVE('',#3678,(#3682,#3689),.PCURVE_S1.);
#3678 = LINE('',#3679,#3680);
#3679 = CARTESIAN_POINT('',(-195.,26.,29.4));
#3680 = VECTOR('',#3681,1.);
#3681 = DIRECTION('',(1.,0.,0.));
#3682 = PCURVE('',#2435,#3683);
#3683 = DEFINITIONAL_REPRESENTATION('',(#3684),#3688);
#3684 = LINE('',#3685,#3686);
#3685 = CARTESIAN_POINT('',(0.,-0.));
#3686 = VECTOR('',#3687,1.);
#3687 = DIRECTION('',(0.,1.));
#3688 = ( GEOMETRIC_REPRESENTATION_CONTEXT(2) 
PARAMETRIC_REPRESENTATION_CONTEXT() REPRESENTATION_CONTEXT('2D SPACE',''
  ) );
#3689 = PCURVE('',#2435,#3690);
#3690 = DEFINITIONAL_REPRESENTATION('',(#3691),#3695);
#3691 = LINE('',#3692,#3693);
#3692 = CARTESIAN_POINT('',(6.28318530718,-0.));
#3693 = VECTOR('',#3694,1.);
#3694 = DIRECTION('',(0.,1.));
#3695 = ( GEOMETRIC_REPRESENTATION_CONTEXT(2) 
PARAMETRIC_REPRESENTATION_CONTEXT() REPRESENTATION_CONTEXT('2D SPACE',''
  ) );
#3696 = ORIENTED_EDGE('',*,*,#3697,.T.);
#3697 = EDGE_CURVE('',#3675,#3698,#3700,.T.);
#3698 = VERTEX_POINT('',#3699);
#3699 = CARTESIAN_POINT('',(112.5,26.,29.4));
#3700 = SEAM_CURVE('',#3701,(#3705,#3712),.PCURVE_S1.);
#3701 = LINE('',#3702,#3703);
#3702 = CARTESIAN_POINT('',(-195.,26.,29.4));
#3703 = VECTOR('',#3704,1.);
#3704 = DIRECTION('',(1.,0.,0.));
#3705 = PCURVE('',#2435,#3706);
#3706 = DEFINITIONAL_REPRESENTATION('',(#3707),#3711);
#3707 = LINE('',#3708,#3709);
#3708 = CARTESIAN_POINT('',(0.,-0.));
#3709 = VECTOR('',#3710,1.);
#3710 = DIRECTION('',(0.,1.));
#3711 = ( GEOMETRIC_REPRESENTATION_CONTEXT(2) 
PARAMETRIC_REPRESENTATION_CONTEXT() REPRESENTATION_CONTEXT('2D SPACE',''
  ) );
#3712 = PCURVE('',#2435,#3713);
#3713 = DEFINITIONAL_REPRESENTATION('',(#3714),#3718);
#3714 = LINE('',#3715,#3716);
#3715 = CARTESIAN_POINT('',(6.28318530718,-0.));
#3716 = VECTOR('',#3717,1.);
#3717 = DIRECTION('',(0.,1.));
#3718 = ( GEOMETRIC_REPRESENTATION_CONTEXT(2) 
PARAMETRIC_REPRESENTATION_CONTEXT() REPRESENTATION_CONTEXT('2D SPACE',''
  ) );
#3719 = ORIENTED_EDGE('',*,*,#3720,.T.);
#3720 = EDGE_CURVE('',#3698,#3721,#3723,.T.);
#3721 = VERTEX_POINT('',#3722);
#3722 = CARTESIAN_POINT('',(157.5,26.,29.4));
#3723 = SEAM_CURVE('',#3724,(#3728,#3735),.PCURVE_S1.);
#3724 = LINE('',#3725,#3726);
#3725 = CARTESIAN_POINT('',(-195.,26.,29.4));
#3726 = VECTOR('',#3727,1.);
#3727 = DIRECTION('',(1.,0.,0.));
#3728 = PCURVE('',#2435,#3729);
#3729 = DEFINITIONAL_REPRESENTATION('',(#3730),#3734);
#3730 = LINE('',#3731,#3732);
#3731 = CARTESIAN_POINT('',(0.,-0.));
#3732 = VECTOR('',#3733,1.);
#3733 = DIRECTION('',(0.,1.));
#3734 = ( GEOMETRIC_REPRESENTATION_CONTEXT(2) 
PARAMETRIC_REPRESENTATION_CONTEXT() REPRESENTATION_CONTEXT('2D SPACE',''
  ) );
#3735 = PCURVE('',#2435,#3736);
#3736 = DEFINITIONAL_REPRESENTATION('',(#3737),#3741);
#3737 = LINE('',#3738,#3739);
#3738 = CARTESIAN_POINT('',(6.28318530718,-0.));
#3739 = VECTOR('',#3740,1.);
#3740 = DIRECTION('',(0.,1.));
#3741 = ( GEOMETRIC_REPRESENTATION_CONTEXT(2) 
PARAMETRIC_REPRESENTATION_CONTEXT() REPRESENTATION_CONTEXT('2D SPACE',''
  ) );
#3742 = ORIENTED_EDGE('',*,*,#3743,.T.);
#3743 = EDGE_CURVE('',#3721,#2419,#3744,.T.);
#3744 = SEAM_CURVE('',#3745,(#3749,#3756),.PCURVE_S1.);
#3745 = LINE('',#3746,#3747);
#3746 = CARTESIAN_POINT('',(-195.,26.,29.4));
#3747 = VECTOR('',#3748,1.);
#3748 = DIRECTION('',(1.,0.,0.));
#3749 = PCURVE('',#2435,#3750);
#3750 = DEFINITIONAL_REPRESENTATION('',(#3751),#3755);
#3751 = LINE('',#3752,#3753);
#3752 = CARTESIAN_POINT('',(0.,-0.));
#3753 = VECTOR('',#3754,1.);
#3754 = DIRECTION('',(0.,1.));
#3755 = ( GEOMETRIC_REPRESENTATION_CONTEXT(2) 
PARAMETRIC_REPRESENTATION_CONTEXT() REPRESENTATION_CONTEXT('2D SPACE',''
  ) );
#3756 = PCURVE('',#2435,#3757);
#3757 = DEFINITIONAL_REPRESENTATION('',(#3758),#3762);
#3758 = LINE('',#3759,#3760);
#3759 = CARTESIAN_POINT('',(6.28318530718,-0.));
#3760 = VECTOR('',#3761,1.);
#3761 = DIRECTION('',(0.,1.));
#3762 = ( GEOMETRIC_REPRESENTATION_CONTEXT(2) 
PARAMETRIC_REPRESENTATION_CONTEXT() REPRESENTATION_CONTEXT('2D SPACE',''
  ) );
#3763 = ORIENTED_EDGE('',*,*,#2418,.T.);
#3764 = ORIENTED_EDGE('',*,*,#2447,.T.);
#3765 = ORIENTED_EDGE('',*,*,#3743,.F.);
#3766 = ORIENTED_EDGE('',*,*,#3720,.F.);
#3767 = ORIENTED_EDGE('',*,*,#3697,.F.);
#3768 = ORIENTED_EDGE('',*,*,#3674,.F.);
#3769 = ORIENTED_EDGE('',*,*,#3651,.F.);
#3770 = ORIENTED_EDGE('',*,*,#3628,.F.);
#3771 = ORIENTED_EDGE('',*,*,#3605,.F.);
#3772 = ORIENTED_EDGE('',*,*,#3582,.F.);
#3773 = FACE_BOUND('',#3774,.F.);
#3774 = EDGE_LOOP('',(#3775,#3832,#3868));
#3775 = ORIENTED_EDGE('',*,*,#3776,.F.);
#3776 = EDGE_CURVE('',#3777,#3779,#3781,.T.);
#3777 = VERTEX_POINT('',#3778);
#3778 = CARTESIAN_POINT('',(-157.5,26.,29.4));
#3779 = VERTEX_POINT('',#3780);
#3780 = CARTESIAN_POINT('',(-157.4999997615,26.,17.6));
#3781 = SURFACE_CURVE('',#3782,(#3787,#3807),.PCURVE_S1.);
#3782 = ELLIPSE('',#3783,8.343860018001,5.9);
#3783 = AXIS2_PLACEMENT_3D('',#3784,#3785,#3786);
#3784 = CARTESIAN_POINT('',(-157.5,26.,23.5));
#3785 = DIRECTION('',(0.707106781187,-0.707106781187,0.));
#3786 = DIRECTION('',(0.707106781187,0.707106781187,0.));
#3787 = PCURVE('',#2435,#3788);
#3788 = DEFINITIONAL_REPRESENTATION('',(#3789),#3806);
#3789 = B_SPLINE_CURVE_WITH_KNOTS('',8,(#3790,#3791,#3792,#3793,#3794,
    #3795,#3796,#3797,#3798,#3799,#3800,#3801,#3802,#3803,#3804,#3805),
  .UNSPECIFIED.,.F.,.F.,(9,7,9),(1.570796255742,3.141592633385,
    4.712389011027),.UNSPECIFIED.);
#3790 = CARTESIAN_POINT('',(-7.1052421724E-08,37.500000419209));
#3791 = CARTESIAN_POINT('',(0.196349476153,36.341538090698));
#3792 = CARTESIAN_POINT('',(0.392699023358,35.183075468625));
#3793 = CARTESIAN_POINT('',(0.589048570562,34.092672016846));
#3794 = CARTESIAN_POINT('',(0.785398117769,33.138373557735));
#3795 = CARTESIAN_POINT('',(0.981747664972,32.379873646021));
#3796 = CARTESIAN_POINT('',(1.178097212179,31.859958641923));
#3797 = CARTESIAN_POINT('',(1.374446759385,31.600000023407));
#3798 = CARTESIAN_POINT('',(1.767145853795,31.599999976593));
#3799 = CARTESIAN_POINT('',(1.963495400999,31.859958548351));
#3800 = CARTESIAN_POINT('',(2.15984494821,32.379873508159));
#3801 = CARTESIAN_POINT('',(2.356194495404,33.138373381715));
#3802 = CARTESIAN_POINT('',(2.552544042622,34.092671809777));
#3803 = CARTESIAN_POINT('',(2.748893589819,35.183075240763));
#3804 = CARTESIAN_POINT('',(2.945243137027,36.341537852279));
#3805 = CARTESIAN_POINT('',(3.141592684232,37.500000180791));
#3806 = ( GEOMETRIC_REPRESENTATION_CONTEXT(2) 
PARAMETRIC_REPRESENTATION_CONTEXT() REPRESENTATION_CONTEXT('2D SPACE',''
  ) );
#3807 = PCURVE('',#3808,#3813);
#3808 = CYLINDRICAL_SURFACE('',#3809,5.9);
#3809 = AXIS2_PLACEMENT_3D('',#3810,#3811,#3812);
#3810 = CARTESIAN_POINT('',(-157.5,-6.,23.5));
#3811 = DIRECTION('',(0.,1.,0.));
#3812 = DIRECTION('',(0.,-0.,1.));
#3813 = DEFINITIONAL_REPRESENTATION('',(#3814),#3831);
#3814 = B_SPLINE_CURVE_WITH_KNOTS('',8,(#3815,#3816,#3817,#3818,#3819,
    #3820,#3821,#3822,#3823,#3824,#3825,#3826,#3827,#3828,#3829,#3830),
  .UNSPECIFIED.,.F.,.F.,(9,7,9),(1.570796255742,3.141592633385,
    4.712389011027),.UNSPECIFIED.);
#3815 = CARTESIAN_POINT('',(6.283185378232,32.000000419209));
#3816 = CARTESIAN_POINT('',(6.086835831027,30.841538090698));
#3817 = CARTESIAN_POINT('',(5.890486283821,29.683075468614));
#3818 = CARTESIAN_POINT('',(5.694136736617,28.592672016822));
#3819 = CARTESIAN_POINT('',(5.497787189412,27.638373557751));
#3820 = CARTESIAN_POINT('',(5.301437642207,26.879873645972));
#3821 = CARTESIAN_POINT('',(5.105088095,26.359958641925));
#3822 = CARTESIAN_POINT('',(4.908738547795,26.100000023407));
#3823 = CARTESIAN_POINT('',(4.516039453384,26.099999976593));
#3824 = CARTESIAN_POINT('',(4.319689906177,26.359958548316));
#3825 = CARTESIAN_POINT('',(4.123340358985,26.879873508247));
#3826 = CARTESIAN_POINT('',(3.926990811757,27.63837338161));
#3827 = CARTESIAN_POINT('',(3.730641264574,28.592671809821));
#3828 = CARTESIAN_POINT('',(3.534291717356,29.683075240739));
#3829 = CARTESIAN_POINT('',(3.337942170153,30.841537852279));
#3830 = CARTESIAN_POINT('',(3.141592622947,32.000000180791));
#3831 = ( GEOMETRIC_REPRESENTATION_CONTEXT(2) 
PARAMETRIC_REPRESENTATION_CONTEXT() REPRESENTATION_CONTEXT('2D SPACE',''
  ) );
#3832 = ORIENTED_EDGE('',*,*,#3833,.T.);
#3833 = EDGE_CURVE('',#3777,#3834,#3836,.T.);
#3834 = VERTEX_POINT('',#3835);
#3835 = CARTESIAN_POINT('',(-151.6,20.1,23.5));
#3836 = SURFACE_CURVE('',#3837,(#3842,#3855),.PCURVE_S1.);
#3837 = ELLIPSE('',#3838,8.343860018001,5.9);
#3838 = AXIS2_PLACEMENT_3D('',#3839,#3840,#3841);
#3839 = CARTESIAN_POINT('',(-157.5,26.,23.5));
#3840 = DIRECTION('',(0.707106781187,0.707106781187,0.));
#3841 = DIRECTION('',(0.707106781187,-0.707106781187,0.));
#3842 = PCURVE('',#2435,#3843);
#3843 = DEFINITIONAL_REPRESENTATION('',(#3844),#3854);
#3844 = B_SPLINE_CURVE_WITH_KNOTS('',8,(#3845,#3846,#3847,#3848,#3849,
    #3850,#3851,#3852,#3853),.UNSPECIFIED.,.F.,.F.,(9,9),(4.712388909332
    ,6.28318530718),.PIECEWISE_BEZIER_KNOTS.);
#3845 = CARTESIAN_POINT('',(-7.1052421724E-08,37.499999580791));
#3846 = CARTESIAN_POINT('',(0.196349478678,38.658461924203));
#3847 = CARTESIAN_POINT('',(0.392699028409,39.816924561118));
#3848 = CARTESIAN_POINT('',(0.589048578139,40.907328025329));
#3849 = CARTESIAN_POINT('',(0.78539812787,41.861626491143));
#3850 = CARTESIAN_POINT('',(0.9817476776,42.620126402864));
#3851 = CARTESIAN_POINT('',(1.178097227333,43.140041398138));
#3852 = CARTESIAN_POINT('',(1.374446777064,43.4));
#3853 = CARTESIAN_POINT('',(1.570796326795,43.4));
#3854 = ( GEOMETRIC_REPRESENTATION_CONTEXT(2) 
PARAMETRIC_REPRESENTATION_CONTEXT() REPRESENTATION_CONTEXT('2D SPACE',''
  ) );
#3855 = PCURVE('',#3808,#3856);
#3856 = DEFINITIONAL_REPRESENTATION('',(#3857),#3867);
#3857 = B_SPLINE_CURVE_WITH_KNOTS('',8,(#3858,#3859,#3860,#3861,#3862,
    #3863,#3864,#3865,#3866),.UNSPECIFIED.,.F.,.F.,(9,9),(4.712388909332
    ,6.28318530718),.PIECEWISE_BEZIER_KNOTS.);
#3858 = CARTESIAN_POINT('',(-7.105242350036E-08,32.000000419209));
#3859 = CARTESIAN_POINT('',(0.196349478678,30.841538075797));
#3860 = CARTESIAN_POINT('',(0.392699028409,29.683075438851));
#3861 = CARTESIAN_POINT('',(0.589048578141,28.59267197467));
#3862 = CARTESIAN_POINT('',(0.785398127867,27.638373508712));
#3863 = CARTESIAN_POINT('',(0.981747677602,26.879873597141));
#3864 = CARTESIAN_POINT('',(1.178097227332,26.359958601826));
#3865 = CARTESIAN_POINT('',(1.374446777064,26.1));
#3866 = CARTESIAN_POINT('',(1.570796326795,26.1));
#3867 = ( GEOMETRIC_REPRESENTATION_CONTEXT(2) 
PARAMETRIC_REPRESENTATION_CONTEXT() REPRESENTATION_CONTEXT('2D SPACE',''
  ) );
#3868 = ORIENTED_EDGE('',*,*,#3869,.T.);
#3869 = EDGE_CURVE('',#3834,#3779,#3870,.T.);
#3870 = SURFACE_CURVE('',#3871,(#3876,#3889),.PCURVE_S1.);
#3871 = ELLIPSE('',#3872,8.343860018001,5.9);
#3872 = AXIS2_PLACEMENT_3D('',#3873,#3874,#3875);
#3873 = CARTESIAN_POINT('',(-157.5,26.,23.5));
#3874 = DIRECTION('',(0.707106781187,0.707106781187,0.));
#3875 = DIRECTION('',(0.707106781187,-0.707106781187,0.));
#3876 = PCURVE('',#2435,#3877);
#3877 = DEFINITIONAL_REPRESENTATION('',(#3878),#3888);
#3878 = B_SPLINE_CURVE_WITH_KNOTS('',8,(#3879,#3880,#3881,#3882,#3883,
    #3884,#3885,#3886,#3887),.UNSPECIFIED.,.F.,.F.,(9,9),(0.,
    1.570796397847),.PIECEWISE_BEZIER_KNOTS.);
#3879 = CARTESIAN_POINT('',(1.570796326795,43.4));
#3880 = CARTESIAN_POINT('',(1.767145876526,43.4));
#3881 = CARTESIAN_POINT('',(1.963495426256,43.14004139815));
#3882 = CARTESIAN_POINT('',(2.159844975984,42.620126402859));
#3883 = CARTESIAN_POINT('',(2.356194525716,41.861626491095));
#3884 = CARTESIAN_POINT('',(2.552544075447,40.907328025284));
#3885 = CARTESIAN_POINT('',(2.74889362518,39.816924561125));
#3886 = CARTESIAN_POINT('',(2.945243174911,38.658461924203));
#3887 = CARTESIAN_POINT('',(3.141592724642,37.499999580791));
#3888 = ( GEOMETRIC_REPRESENTATION_CONTEXT(2) 
PARAMETRIC_REPRESENTATION_CONTEXT() REPRESENTATION_CONTEXT('2D SPACE',''
  ) );
#3889 = PCURVE('',#3808,#3890);
#3890 = DEFINITIONAL_REPRESENTATION('',(#3891),#3901);
#3891 = B_SPLINE_CURVE_WITH_KNOTS('',8,(#3892,#3893,#3894,#3895,#3896,
    #3897,#3898,#3899,#3900),.UNSPECIFIED.,.F.,.F.,(9,9),(0.,
    1.570796397847),.PIECEWISE_BEZIER_KNOTS.);
#3892 = CARTESIAN_POINT('',(1.570796326795,26.1));
#3893 = CARTESIAN_POINT('',(1.767145876526,26.1));
#3894 = CARTESIAN_POINT('',(1.963495426254,26.359958601837));
#3895 = CARTESIAN_POINT('',(2.159844975991,26.879873597122));
#3896 = CARTESIAN_POINT('',(2.356194525707,27.638373508855));
#3897 = CARTESIAN_POINT('',(2.552544075454,28.592671974625));
#3898 = CARTESIAN_POINT('',(2.748893625177,29.683075438861));
#3899 = CARTESIAN_POINT('',(2.945243174911,30.841538075797));
#3900 = CARTESIAN_POINT('',(3.141592724642,32.000000419209));
#3901 = ( GEOMETRIC_REPRESENTATION_CONTEXT(2) 
PARAMETRIC_REPRESENTATION_CONTEXT() REPRESENTATION_CONTEXT('2D SPACE',''
  ) );
#3902 = FACE_BOUND('',#3903,.F.);
#3903 = EDGE_LOOP('',(#3904,#3961,#3997));
#3904 = ORIENTED_EDGE('',*,*,#3905,.F.);
#3905 = EDGE_CURVE('',#3906,#3908,#3910,.T.);
#3906 = VERTEX_POINT('',#3907);
#3907 = CARTESIAN_POINT('',(-112.5,26.,29.4));
#3908 = VERTEX_POINT('',#3909);
#3909 = CARTESIAN_POINT('',(-112.4999997615,26.,17.6));
#3910 = SURFACE_CURVE('',#3911,(#3916,#3936),.PCURVE_S1.);
#3911 = ELLIPSE('',#3912,8.343860018001,5.9);
#3912 = AXIS2_PLACEMENT_3D('',#3913,#3914,#3915);
#3913 = CARTESIAN_POINT('',(-112.5,26.,23.5));
#3914 = DIRECTION('',(0.707106781187,-0.707106781187,0.));
#3915 = DIRECTION('',(0.707106781187,0.707106781187,0.));
#3916 = PCURVE('',#2435,#3917);
#3917 = DEFINITIONAL_REPRESENTATION('',(#3918),#3935);
#3918 = B_SPLINE_CURVE_WITH_KNOTS('',8,(#3919,#3920,#3921,#3922,#3923,
    #3924,#3925,#3926,#3927,#3928,#3929,#3930,#3931,#3932,#3933,#3934),
  .UNSPECIFIED.,.F.,.F.,(9,7,9),(1.570796255742,3.141592633385,
    4.712389011027),.UNSPECIFIED.);
#3919 = CARTESIAN_POINT('',(-7.1052421724E-08,82.500000419209));
#3920 = CARTESIAN_POINT('',(0.196349476153,81.341538090698));
#3921 = CARTESIAN_POINT('',(0.392699023358,80.183075468573));
#3922 = CARTESIAN_POINT('',(0.589048570562,79.09267201673));
#3923 = CARTESIAN_POINT('',(0.785398117769,78.138373557487));
#3924 = CARTESIAN_POINT('',(0.981747664972,77.37987364591));
#3925 = CARTESIAN_POINT('',(1.178097212179,76.859958641887));
#3926 = CARTESIAN_POINT('',(1.374446759385,76.600000023407));
#3927 = CARTESIAN_POINT('',(1.767145853795,76.599999976593));
#3928 = CARTESIAN_POINT('',(1.963495400999,76.859958548393));
#3929 = CARTESIAN_POINT('',(2.15984494821,77.379873507854));
#3930 = CARTESIAN_POINT('',(2.356194495404,78.138373382194));
#3931 = CARTESIAN_POINT('',(2.552544042622,79.092671809506));
#3932 = CARTESIAN_POINT('',(2.748893589819,80.183075240781));
#3933 = CARTESIAN_POINT('',(2.945243137027,81.341537852279));
#3934 = CARTESIAN_POINT('',(3.141592684232,82.500000180791));
#3935 = ( GEOMETRIC_REPRESENTATION_CONTEXT(2) 
PARAMETRIC_REPRESENTATION_CONTEXT() REPRESENTATION_CONTEXT('2D SPACE',''
  ) );
#3936 = PCURVE('',#3937,#3942);
#3937 = CYLINDRICAL_SURFACE('',#3938,5.9);
#3938 = AXIS2_PLACEMENT_3D('',#3939,#3940,#3941);
#3939 = CARTESIAN_POINT('',(-112.5,-6.,23.5));
#3940 = DIRECTION('',(0.,1.,0.));
#3941 = DIRECTION('',(0.,-0.,1.));
#3942 = DEFINITIONAL_REPRESENTATION('',(#3943),#3960);
#3943 = B_SPLINE_CURVE_WITH_KNOTS('',8,(#3944,#3945,#3946,#3947,#3948,
    #3949,#3950,#3951,#3952,#3953,#3954,#3955,#3956,#3957,#3958,#3959),
  .UNSPECIFIED.,.F.,.F.,(9,7,9),(1.570796255742,3.141592633385,
    4.712389011027),.UNSPECIFIED.);
#3944 = CARTESIAN_POINT('',(6.283185378232,32.000000419209));
#3945 = CARTESIAN_POINT('',(6.086835831027,30.841538090698));
#3946 = CARTESIAN_POINT('',(5.890486283822,29.683075468614));
#3947 = CARTESIAN_POINT('',(5.694136736618,28.592672016822));
#3948 = CARTESIAN_POINT('',(5.497787189413,27.638373557751));
#3949 = CARTESIAN_POINT('',(5.301437642207,26.879873645972));
#3950 = CARTESIAN_POINT('',(5.105088095001,26.359958641925));
#3951 = CARTESIAN_POINT('',(4.908738547795,26.100000023407));
#3952 = CARTESIAN_POINT('',(4.516039453384,26.099999976593));
#3953 = CARTESIAN_POINT('',(4.319689906176,26.359958548316));
#3954 = CARTESIAN_POINT('',(4.123340358989,26.879873508247));
#3955 = CARTESIAN_POINT('',(3.926990811752,27.63837338161));
#3956 = CARTESIAN_POINT('',(3.730641264577,28.592671809821));
#3957 = CARTESIAN_POINT('',(3.534291717356,29.683075240739));
#3958 = CARTESIAN_POINT('',(3.337942170153,30.841537852279));
#3959 = CARTESIAN_POINT('',(3.141592622947,32.000000180791));
#3960 = ( GEOMETRIC_REPRESENTATION_CONTEXT(2) 
PARAMETRIC_REPRESENTATION_CONTEXT() REPRESENTATION_CONTEXT('2D SPACE',''
  ) );
#3961 = ORIENTED_EDGE('',*,*,#3962,.T.);
#3962 = EDGE_CURVE('',#3906,#3963,#3965,.T.);
#3963 = VERTEX_POINT('',#3964);
#3964 = CARTESIAN_POINT('',(-106.6,20.1,23.5));
#3965 = SURFACE_CURVE('',#3966,(#3971,#3984),.PCURVE_S1.);
#3966 = ELLIPSE('',#3967,8.343860018001,5.9);
#3967 = AXIS2_PLACEMENT_3D('',#3968,#3969,#3970);
#3968 = CARTESIAN_POINT('',(-112.5,26.,23.5));
#3969 = DIRECTION('',(0.707106781187,0.707106781187,0.));
#3970 = DIRECTION('',(0.707106781187,-0.707106781187,0.));
#3971 = PCURVE('',#2435,#3972);
#3972 = DEFINITIONAL_REPRESENTATION('',(#3973),#3983);
#3973 = B_SPLINE_CURVE_WITH_KNOTS('',8,(#3974,#3975,#3976,#3977,#3978,
    #3979,#3980,#3981,#3982),.UNSPECIFIED.,.F.,.F.,(9,9),(4.712388909332
    ,6.28318530718),.PIECEWISE_BEZIER_KNOTS.);
#3974 = CARTESIAN_POINT('',(-7.1052421724E-08,82.499999580791));
#3975 = CARTESIAN_POINT('',(0.196349478678,83.658461924203));
#3976 = CARTESIAN_POINT('',(0.392699028409,84.816924561211));
#3977 = CARTESIAN_POINT('',(0.589048578139,85.907328025024));
#3978 = CARTESIAN_POINT('',(0.78539812787,86.861626491302));
#3979 = CARTESIAN_POINT('',(0.9817476776,87.620126402476));
#3980 = CARTESIAN_POINT('',(1.178097227333,88.140041398216));
#3981 = CARTESIAN_POINT('',(1.374446777064,88.4));
#3982 = CARTESIAN_POINT('',(1.570796326795,88.4));
#3983 = ( GEOMETRIC_REPRESENTATION_CONTEXT(2) 
PARAMETRIC_REPRESENTATION_CONTEXT() REPRESENTATION_CONTEXT('2D SPACE',''
  ) );
#3984 = PCURVE('',#3937,#3985);
#3985 = DEFINITIONAL_REPRESENTATION('',(#3986),#3996);
#3986 = B_SPLINE_CURVE_WITH_KNOTS('',8,(#3987,#3988,#3989,#3990,#3991,
    #3992,#3993,#3994,#3995),.UNSPECIFIED.,.F.,.F.,(9,9),(4.712388909332
    ,6.28318530718),.PIECEWISE_BEZIER_KNOTS.);
#3987 = CARTESIAN_POINT('',(-7.1052421724E-08,32.000000419209));
#3988 = CARTESIAN_POINT('',(0.196349478678,30.841538075797));
#3989 = CARTESIAN_POINT('',(0.392699028409,29.683075438851));
#3990 = CARTESIAN_POINT('',(0.589048578139,28.59267197467));
#3991 = CARTESIAN_POINT('',(0.785398127869,27.638373508712));
#3992 = CARTESIAN_POINT('',(0.981747677601,26.879873597141));
#3993 = CARTESIAN_POINT('',(1.178097227333,26.359958601826));
#3994 = CARTESIAN_POINT('',(1.374446777064,26.1));
#3995 = CARTESIAN_POINT('',(1.570796326795,26.1));
#3996 = ( GEOMETRIC_REPRESENTATION_CONTEXT(2) 
PARAMETRIC_REPRESENTATION_CONTEXT() REPRESENTATION_CONTEXT('2D SPACE',''
  ) );
#3997 = ORIENTED_EDGE('',*,*,#3998,.T.);
#3998 = EDGE_CURVE('',#3963,#3908,#3999,.T.);
#3999 = SURFACE_CURVE('',#4000,(#4005,#4018),.PCURVE_S1.);
#4000 = ELLIPSE('',#4001,8.343860018001,5.9);
#4001 = AXIS2_PLACEMENT_3D('',#4002,#4003,#4004);
#4002 = CARTESIAN_POINT('',(-112.5,26.,23.5));
#4003 = DIRECTION('',(0.707106781187,0.707106781187,0.));
#4004 = DIRECTION('',(0.707106781187,-0.707106781187,0.));
#4005 = PCURVE('',#2435,#4006);
#4006 = DEFINITIONAL_REPRESENTATION('',(#4007),#4017);
#4007 = B_SPLINE_CURVE_WITH_KNOTS('',8,(#4008,#4009,#4010,#4011,#4012,
    #4013,#4014,#4015,#4016),.UNSPECIFIED.,.F.,.F.,(9,9),(0.,
    1.570796397847),.PIECEWISE_BEZIER_KNOTS.);
#4008 = CARTESIAN_POINT('',(1.570796326795,88.4));
#4009 = CARTESIAN_POINT('',(1.767145876526,88.4));
#4010 = CARTESIAN_POINT('',(1.963495426256,88.140041398054));
#4011 = CARTESIAN_POINT('',(2.159844975984,87.620126403066));
#4012 = CARTESIAN_POINT('',(2.356194525716,86.861626490794));
#4013 = CARTESIAN_POINT('',(2.552544075447,85.907328025581));
#4014 = CARTESIAN_POINT('',(2.74889362518,84.816924561027));
#4015 = CARTESIAN_POINT('',(2.945243174911,83.658461924203));
#4016 = CARTESIAN_POINT('',(3.141592724642,82.499999580791));
#4017 = ( GEOMETRIC_REPRESENTATION_CONTEXT(2) 
PARAMETRIC_REPRESENTATION_CONTEXT() REPRESENTATION_CONTEXT('2D SPACE',''
  ) );
#4018 = PCURVE('',#3937,#4019);
#4019 = DEFINITIONAL_REPRESENTATION('',(#4020),#4030);
#4020 = B_SPLINE_CURVE_WITH_KNOTS('',8,(#4021,#4022,#4023,#4024,#4025,
    #4026,#4027,#4028,#4029),.UNSPECIFIED.,.F.,.F.,(9,9),(0.,
    1.570796397847),.PIECEWISE_BEZIER_KNOTS.);
#4021 = CARTESIAN_POINT('',(1.570796326795,26.1));
#4022 = CARTESIAN_POINT('',(1.767145876526,26.1));
#4023 = CARTESIAN_POINT('',(1.963495426256,26.359958601837));
#4024 = CARTESIAN_POINT('',(2.159844975984,26.879873597122));
#4025 = CARTESIAN_POINT('',(2.356194525716,27.638373508855));
#4026 = CARTESIAN_POINT('',(2.552544075447,28.592671974625));
#4027 = CARTESIAN_POINT('',(2.74889362518,29.683075438861));
#4028 = CARTESIAN_POINT('',(2.945243174911,30.841538075797));
#4029 = CARTESIAN_POINT('',(3.141592724642,32.000000419209));
#4030 = ( GEOMETRIC_REPRESENTATION_CONTEXT(2) 
PARAMETRIC_REPRESENTATION_CONTEXT() REPRESENTATION_CONTEXT('2D SPACE',''
  ) );
#4031 = FACE_BOUND('',#4032,.F.);
#4032 = EDGE_LOOP('',(#4033,#4090,#4126));
#4033 = ORIENTED_EDGE('',*,*,#4034,.F.);
#4034 = EDGE_CURVE('',#4035,#4037,#4039,.T.);
#4035 = VERTEX_POINT('',#4036);
#4036 = CARTESIAN_POINT('',(-67.5,26.,29.4));
#4037 = VERTEX_POINT('',#4038);
#4038 = CARTESIAN_POINT('',(-67.49999976158,26.,17.6));
#4039 = SURFACE_CURVE('',#4040,(#4045,#4065),.PCURVE_S1.);
#4040 = ELLIPSE('',#4041,8.343860018001,5.9);
#4041 = AXIS2_PLACEMENT_3D('',#4042,#4043,#4044);
#4042 = CARTESIAN_POINT('',(-67.5,26.,23.5));
#4043 = DIRECTION('',(0.707106781187,-0.707106781187,0.));
#4044 = DIRECTION('',(0.707106781187,0.707106781187,0.));
#4045 = PCURVE('',#2435,#4046);
#4046 = DEFINITIONAL_REPRESENTATION('',(#4047),#4064);
#4047 = B_SPLINE_CURVE_WITH_KNOTS('',8,(#4048,#4049,#4050,#4051,#4052,
    #4053,#4054,#4055,#4056,#4057,#4058,#4059,#4060,#4061,#4062,#4063),
  .UNSPECIFIED.,.F.,.F.,(9,7,9),(1.570796255742,3.141592633385,
    4.712389011027),.UNSPECIFIED.);
#4048 = CARTESIAN_POINT('',(-7.1052421724E-08,127.5000004192));
#4049 = CARTESIAN_POINT('',(0.196349476153,126.34153809069));
#4050 = CARTESIAN_POINT('',(0.392699023358,125.18307546848));
#4051 = CARTESIAN_POINT('',(0.589048570562,124.09267201709));
#4052 = CARTESIAN_POINT('',(0.785398117769,123.13837355673));
#4053 = CARTESIAN_POINT('',(0.981747664972,122.37987364633));
#4054 = CARTESIAN_POINT('',(1.178097212179,121.85995864176));
#4055 = CARTESIAN_POINT('',(1.374446759385,121.6000000234));
#4056 = CARTESIAN_POINT('',(1.767145853795,121.59999997659));
#4057 = CARTESIAN_POINT('',(1.963495400999,121.85995854835));
#4058 = CARTESIAN_POINT('',(2.15984494821,122.3798735079));
#4059 = CARTESIAN_POINT('',(2.356194495404,123.13837338184));
#4060 = CARTESIAN_POINT('',(2.552544042622,124.09267180957));
#4061 = CARTESIAN_POINT('',(2.748893589819,125.18307524077));
#4062 = CARTESIAN_POINT('',(2.945243137027,126.34153785227));
#4063 = CARTESIAN_POINT('',(3.141592684232,127.50000018079));
#4064 = ( GEOMETRIC_REPRESENTATION_CONTEXT(2) 
PARAMETRIC_REPRESENTATION_CONTEXT() REPRESENTATION_CONTEXT('2D SPACE',''
  ) );
#4065 = PCURVE('',#4066,#4071);
#4066 = CYLINDRICAL_SURFACE('',#4067,5.9);
#4067 = AXIS2_PLACEMENT_3D('',#4068,#4069,#4070);
#4068 = CARTESIAN_POINT('',(-67.5,-6.,23.5));
#4069 = DIRECTION('',(0.,1.,0.));
#4070 = DIRECTION('',(0.,-0.,1.));
#4071 = DEFINITIONAL_REPRESENTATION('',(#4072),#4089);
#4072 = B_SPLINE_CURVE_WITH_KNOTS('',8,(#4073,#4074,#4075,#4076,#4077,
    #4078,#4079,#4080,#4081,#4082,#4083,#4084,#4085,#4086,#4087,#4088),
  .UNSPECIFIED.,.F.,.F.,(9,7,9),(1.570796255742,3.141592633385,
    4.712389011027),.UNSPECIFIED.);
#4073 = CARTESIAN_POINT('',(6.283185378232,32.000000419209));
#4074 = CARTESIAN_POINT('',(6.086835831027,30.841538090698));
#4075 = CARTESIAN_POINT('',(5.890486283822,29.683075468614));
#4076 = CARTESIAN_POINT('',(5.694136736618,28.592672016822));
#4077 = CARTESIAN_POINT('',(5.497787189413,27.638373557751));
#4078 = CARTESIAN_POINT('',(5.301437642207,26.879873645972));
#4079 = CARTESIAN_POINT('',(5.105088095001,26.359958641925));
#4080 = CARTESIAN_POINT('',(4.908738547795,26.100000023407));
#4081 = CARTESIAN_POINT('',(4.516039453384,26.099999976593));
#4082 = CARTESIAN_POINT('',(4.319689906176,26.359958548316));
#4083 = CARTESIAN_POINT('',(4.123340358989,26.879873508247));
#4084 = CARTESIAN_POINT('',(3.926990811752,27.63837338161));
#4085 = CARTESIAN_POINT('',(3.730641264577,28.592671809821));
#4086 = CARTESIAN_POINT('',(3.534291717356,29.683075240739));
#4087 = CARTESIAN_POINT('',(3.337942170153,30.841537852279));
#4088 = CARTESIAN_POINT('',(3.141592622947,32.000000180791));
#4089 = ( GEOMETRIC_REPRESENTATION_CONTEXT(2) 
PARAMETRIC_REPRESENTATION_CONTEXT() REPRESENTATION_CONTEXT('2D SPACE',''
  ) );
#4090 = ORIENTED_EDGE('',*,*,#4091,.T.);
#4091 = EDGE_CURVE('',#4035,#4092,#4094,.T.);
#4092 = VERTEX_POINT('',#4093);
#4093 = CARTESIAN_POINT('',(-61.6,20.1,23.5));
#4094 = SURFACE_CURVE('',#4095,(#4100,#4113),.PCURVE_S1.);
#4095 = ELLIPSE('',#4096,8.343860018001,5.9);
#4096 = AXIS2_PLACEMENT_3D('',#4097,#4098,#4099);
#4097 = CARTESIAN_POINT('',(-67.5,26.,23.5));
#4098 = DIRECTION('',(0.707106781187,0.707106781187,0.));
#4099 = DIRECTION('',(0.707106781187,-0.707106781187,0.));
#4100 = PCURVE('',#2435,#4101);
#4101 = DEFINITIONAL_REPRESENTATION('',(#4102),#4112);
#4102 = B_SPLINE_CURVE_WITH_KNOTS('',8,(#4103,#4104,#4105,#4106,#4107,
    #4108,#4109,#4110,#4111),.UNSPECIFIED.,.F.,.F.,(9,9),(4.712388909332
    ,6.28318530718),.PIECEWISE_BEZIER_KNOTS.);
#4103 = CARTESIAN_POINT('',(-7.1052421724E-08,127.49999958079));
#4104 = CARTESIAN_POINT('',(0.196349478678,128.6584619242));
#4105 = CARTESIAN_POINT('',(0.392699028409,129.81692456119));
#4106 = CARTESIAN_POINT('',(0.589048578139,130.90732802496));
#4107 = CARTESIAN_POINT('',(0.78539812787,131.86162649125));
#4108 = CARTESIAN_POINT('',(0.9817476776,132.62012640238));
#4109 = CARTESIAN_POINT('',(1.178097227333,133.14004139816));
#4110 = CARTESIAN_POINT('',(1.374446777064,133.4));
#4111 = CARTESIAN_POINT('',(1.570796326795,133.4));
#4112 = ( GEOMETRIC_REPRESENTATION_CONTEXT(2) 
PARAMETRIC_REPRESENTATION_CONTEXT() REPRESENTATION_CONTEXT('2D SPACE',''
  ) );
#4113 = PCURVE('',#4066,#4114);
#4114 = DEFINITIONAL_REPRESENTATION('',(#4115),#4125);
#4115 = B_SPLINE_CURVE_WITH_KNOTS('',8,(#4116,#4117,#4118,#4119,#4120,
    #4121,#4122,#4123,#4124),.UNSPECIFIED.,.F.,.F.,(9,9),(4.712388909332
    ,6.28318530718),.PIECEWISE_BEZIER_KNOTS.);
#4116 = CARTESIAN_POINT('',(-7.1052421724E-08,32.000000419209));
#4117 = CARTESIAN_POINT('',(0.196349478678,30.841538075797));
#4118 = CARTESIAN_POINT('',(0.392699028409,29.683075438851));
#4119 = CARTESIAN_POINT('',(0.58904857814,28.59267197467));
#4120 = CARTESIAN_POINT('',(0.78539812787,27.638373508712));
#4121 = CARTESIAN_POINT('',(0.981747677603,26.879873597141));
#4122 = CARTESIAN_POINT('',(1.178097227333,26.359958601826));
#4123 = CARTESIAN_POINT('',(1.374446777064,26.1));
#4124 = CARTESIAN_POINT('',(1.570796326795,26.1));
#4125 = ( GEOMETRIC_REPRESENTATION_CONTEXT(2) 
PARAMETRIC_REPRESENTATION_CONTEXT() REPRESENTATION_CONTEXT('2D SPACE',''
  ) );
#4126 = ORIENTED_EDGE('',*,*,#4127,.T.);
#4127 = EDGE_CURVE('',#4092,#4037,#4128,.T.);
#4128 = SURFACE_CURVE('',#4129,(#4134,#4147),.PCURVE_S1.);
#4129 = ELLIPSE('',#4130,8.343860018001,5.9);
#4130 = AXIS2_PLACEMENT_3D('',#4131,#4132,#4133);
#4131 = CARTESIAN_POINT('',(-67.5,26.,23.5));
#4132 = DIRECTION('',(0.707106781187,0.707106781187,0.));
#4133 = DIRECTION('',(0.707106781187,-0.707106781187,0.));
#4134 = PCURVE('',#2435,#4135);
#4135 = DEFINITIONAL_REPRESENTATION('',(#4136),#4146);
#4136 = B_SPLINE_CURVE_WITH_KNOTS('',8,(#4137,#4138,#4139,#4140,#4141,
    #4142,#4143,#4144,#4145),.UNSPECIFIED.,.F.,.F.,(9,9),(0.,
    1.570796397847),.PIECEWISE_BEZIER_KNOTS.);
#4137 = CARTESIAN_POINT('',(1.570796326795,133.4));
#4138 = CARTESIAN_POINT('',(1.767145876526,133.4));
#4139 = CARTESIAN_POINT('',(1.963495426256,133.14004139817));
#4140 = CARTESIAN_POINT('',(2.159844975984,132.62012640264));
#4141 = CARTESIAN_POINT('',(2.356194525716,131.86162649114));
#4142 = CARTESIAN_POINT('',(2.552544075447,130.90732802524));
#4143 = CARTESIAN_POINT('',(2.74889362518,129.81692456111));
#4144 = CARTESIAN_POINT('',(2.945243174911,128.6584619242));
#4145 = CARTESIAN_POINT('',(3.141592724642,127.49999958079));
#4146 = ( GEOMETRIC_REPRESENTATION_CONTEXT(2) 
PARAMETRIC_REPRESENTATION_CONTEXT() REPRESENTATION_CONTEXT('2D SPACE',''
  ) );
#4147 = PCURVE('',#4066,#4148);
#4148 = DEFINITIONAL_REPRESENTATION('',(#4149),#4159);
#4149 = B_SPLINE_CURVE_WITH_KNOTS('',8,(#4150,#4151,#4152,#4153,#4154,
    #4155,#4156,#4157,#4158),.UNSPECIFIED.,.F.,.F.,(9,9),(0.,
    1.570796397847),.PIECEWISE_BEZIER_KNOTS.);
#4150 = CARTESIAN_POINT('',(1.570796326795,26.1));
#4151 = CARTESIAN_POINT('',(1.767145876526,26.1));
#4152 = CARTESIAN_POINT('',(1.963495426255,26.359958601837));
#4153 = CARTESIAN_POINT('',(2.159844975987,26.879873597122));
#4154 = CARTESIAN_POINT('',(2.356194525714,27.638373508855));
#4155 = CARTESIAN_POINT('',(2.552544075451,28.592671974625));
#4156 = CARTESIAN_POINT('',(2.748893625179,29.683075438861));
#4157 = CARTESIAN_POINT('',(2.945243174911,30.841538075797));
#4158 = CARTESIAN_POINT('',(3.141592724642,32.000000419209));
#4159 = ( GEOMETRIC_REPRESENTATION_CONTEXT(2) 
PARAMETRIC_REPRESENTATION_CONTEXT() REPRESENTATION_CONTEXT('2D SPACE',''
  ) );
#4160 = FACE_BOUND('',#4161,.F.);
#4161 = EDGE_LOOP('',(#4162,#4219,#4255));
#4162 = ORIENTED_EDGE('',*,*,#4163,.F.);
#4163 = EDGE_CURVE('',#4164,#4166,#4168,.T.);
#4164 = VERTEX_POINT('',#4165);
#4165 = CARTESIAN_POINT('',(-22.5,26.,29.4));
#4166 = VERTEX_POINT('',#4167);
#4167 = CARTESIAN_POINT('',(-22.49999976158,26.,17.6));
#4168 = SURFACE_CURVE('',#4169,(#4174,#4194),.PCURVE_S1.);
#4169 = ELLIPSE('',#4170,8.343860018001,5.9);
#4170 = AXIS2_PLACEMENT_3D('',#4171,#4172,#4173);
#4171 = CARTESIAN_POINT('',(-22.5,26.,23.5));
#4172 = DIRECTION('',(0.707106781187,-0.707106781187,0.));
#4173 = DIRECTION('',(0.707106781187,0.707106781187,0.));
#4174 = PCURVE('',#2435,#4175);
#4175 = DEFINITIONAL_REPRESENTATION('',(#4176),#4193);
#4176 = B_SPLINE_CURVE_WITH_KNOTS('',8,(#4177,#4178,#4179,#4180,#4181,
    #4182,#4183,#4184,#4185,#4186,#4187,#4188,#4189,#4190,#4191,#4192),
  .UNSPECIFIED.,.F.,.F.,(9,7,9),(1.570796255742,3.141592633385,
    4.712389011027),.UNSPECIFIED.);
#4177 = CARTESIAN_POINT('',(-7.1052421724E-08,172.5000004192));
#4178 = CARTESIAN_POINT('',(0.196349476153,171.34153809069));
#4179 = CARTESIAN_POINT('',(0.392699023358,170.18307546854));
#4180 = CARTESIAN_POINT('',(0.589048570562,169.09267201703));
#4181 = CARTESIAN_POINT('',(0.785398117769,168.13837355726));
#4182 = CARTESIAN_POINT('',(0.981747664972,167.37987364605));
#4183 = CARTESIAN_POINT('',(1.178097212179,166.85995864185));
#4184 = CARTESIAN_POINT('',(1.374446759385,166.6000000234));
#4185 = CARTESIAN_POINT('',(1.767145853795,166.59999997659));
#4186 = CARTESIAN_POINT('',(1.963495400999,166.85995854815));
#4187 = CARTESIAN_POINT('',(2.15984494821,167.37987350839));
#4188 = CARTESIAN_POINT('',(2.356194495404,168.13837338096));
#4189 = CARTESIAN_POINT('',(2.552544042622,169.09267180993));
#4190 = CARTESIAN_POINT('',(2.748893589819,170.18307524058));
#4191 = CARTESIAN_POINT('',(2.945243137027,171.34153785227));
#4192 = CARTESIAN_POINT('',(3.141592684232,172.50000018079));
#4193 = ( GEOMETRIC_REPRESENTATION_CONTEXT(2) 
PARAMETRIC_REPRESENTATION_CONTEXT() REPRESENTATION_CONTEXT('2D SPACE',''
  ) );
#4194 = PCURVE('',#4195,#4200);
#4195 = CYLINDRICAL_SURFACE('',#4196,5.9);
#4196 = AXIS2_PLACEMENT_3D('',#4197,#4198,#4199);
#4197 = CARTESIAN_POINT('',(-22.5,-6.,23.5));
#4198 = DIRECTION('',(0.,1.,0.));
#4199 = DIRECTION('',(0.,-0.,1.));
#4200 = DEFINITIONAL_REPRESENTATION('',(#4201),#4218);
#4201 = B_SPLINE_CURVE_WITH_KNOTS('',8,(#4202,#4203,#4204,#4205,#4206,
    #4207,#4208,#4209,#4210,#4211,#4212,#4213,#4214,#4215,#4216,#4217),
  .UNSPECIFIED.,.F.,.F.,(9,7,9),(1.570796255742,3.141592633385,
    4.712389011027),.UNSPECIFIED.);
#4202 = CARTESIAN_POINT('',(6.283185378232,32.000000419209));
#4203 = CARTESIAN_POINT('',(6.086835831027,30.841538090698));
#4204 = CARTESIAN_POINT('',(5.890486283822,29.683075468614));
#4205 = CARTESIAN_POINT('',(5.694136736617,28.592672016822));
#4206 = CARTESIAN_POINT('',(5.497787189411,27.638373557751));
#4207 = CARTESIAN_POINT('',(5.301437642207,26.879873645972));
#4208 = CARTESIAN_POINT('',(5.105088095,26.359958641925));
#4209 = CARTESIAN_POINT('',(4.908738547795,26.100000023407));
#4210 = CARTESIAN_POINT('',(4.516039453384,26.099999976593));
#4211 = CARTESIAN_POINT('',(4.319689906178,26.359958548316));
#4212 = CARTESIAN_POINT('',(4.123340358984,26.879873508247));
#4213 = CARTESIAN_POINT('',(3.926990811761,27.63837338161));
#4214 = CARTESIAN_POINT('',(3.730641264572,28.592671809821));
#4215 = CARTESIAN_POINT('',(3.534291717357,29.683075240739));
#4216 = CARTESIAN_POINT('',(3.337942170153,30.841537852279));
#4217 = CARTESIAN_POINT('',(3.141592622947,32.000000180791));
#4218 = ( GEOMETRIC_REPRESENTATION_CONTEXT(2) 
PARAMETRIC_REPRESENTATION_CONTEXT() REPRESENTATION_CONTEXT('2D SPACE',''
  ) );
#4219 = ORIENTED_EDGE('',*,*,#4220,.T.);
#4220 = EDGE_CURVE('',#4164,#4221,#4223,.T.);
#4221 = VERTEX_POINT('',#4222);
#4222 = CARTESIAN_POINT('',(-16.6,20.1,23.5));
#4223 = SURFACE_CURVE('',#4224,(#4229,#4242),.PCURVE_S1.);
#4224 = ELLIPSE('',#4225,8.343860018001,5.9);
#4225 = AXIS2_PLACEMENT_3D('',#4226,#4227,#4228);
#4226 = CARTESIAN_POINT('',(-22.5,26.,23.5));
#4227 = DIRECTION('',(0.707106781187,0.707106781187,0.));
#4228 = DIRECTION('',(0.707106781187,-0.707106781187,0.));
#4229 = PCURVE('',#2435,#4230);
#4230 = DEFINITIONAL_REPRESENTATION('',(#4231),#4241);
#4231 = B_SPLINE_CURVE_WITH_KNOTS('',8,(#4232,#4233,#4234,#4235,#4236,
    #4237,#4238,#4239,#4240),.UNSPECIFIED.,.F.,.F.,(9,9),(4.712388909332
    ,6.28318530718),.PIECEWISE_BEZIER_KNOTS.);
#4232 = CARTESIAN_POINT('',(-7.105242261218E-08,172.49999958079));
#4233 = CARTESIAN_POINT('',(0.196349478678,173.6584619242));
#4234 = CARTESIAN_POINT('',(0.392699028409,174.81692456089));
#4235 = CARTESIAN_POINT('',(0.589048578139,175.90732802564));
#4236 = CARTESIAN_POINT('',(0.785398127871,176.86162648979));
#4237 = CARTESIAN_POINT('',(0.9817476776,177.62012640314));
#4238 = CARTESIAN_POINT('',(1.178097227333,178.14004139794));
#4239 = CARTESIAN_POINT('',(1.374446777064,178.4));
#4240 = CARTESIAN_POINT('',(1.570796326795,178.4));
#4241 = ( GEOMETRIC_REPRESENTATION_CONTEXT(2) 
PARAMETRIC_REPRESENTATION_CONTEXT() REPRESENTATION_CONTEXT('2D SPACE',''
  ) );
#4242 = PCURVE('',#4195,#4243);
#4243 = DEFINITIONAL_REPRESENTATION('',(#4244),#4254);
#4244 = B_SPLINE_CURVE_WITH_KNOTS('',8,(#4245,#4246,#4247,#4248,#4249,
    #4250,#4251,#4252,#4253),.UNSPECIFIED.,.F.,.F.,(9,9),(4.712388909332
    ,6.28318530718),.PIECEWISE_BEZIER_KNOTS.);
#4245 = CARTESIAN_POINT('',(-7.105242261218E-08,32.000000419209));
#4246 = CARTESIAN_POINT('',(0.196349478678,30.841538075797));
#4247 = CARTESIAN_POINT('',(0.392699028409,29.68307543884));
#4248 = CARTESIAN_POINT('',(0.589048578139,28.592671974714));
#4249 = CARTESIAN_POINT('',(0.785398127871,27.638373508755));
#4250 = CARTESIAN_POINT('',(0.9817476776,26.879873597185));
#4251 = CARTESIAN_POINT('',(1.178097227333,26.359958601815));
#4252 = CARTESIAN_POINT('',(1.374446777064,26.1));
#4253 = CARTESIAN_POINT('',(1.570796326795,26.1));
#4254 = ( GEOMETRIC_REPRESENTATION_CONTEXT(2) 
PARAMETRIC_REPRESENTATION_CONTEXT() REPRESENTATION_CONTEXT('2D SPACE',''
  ) );
#4255 = ORIENTED_EDGE('',*,*,#4256,.T.);
#4256 = EDGE_CURVE('',#4221,#4166,#4257,.T.);
#4257 = SURFACE_CURVE('',#4258,(#4263,#4276),.PCURVE_S1.);
#4258 = ELLIPSE('',#4259,8.343860018001,5.9);
#4259 = AXIS2_PLACEMENT_3D('',#4260,#4261,#4262);
#4260 = CARTESIAN_POINT('',(-22.5,26.,23.5));
#4261 = DIRECTION('',(0.707106781187,0.707106781187,0.));
#4262 = DIRECTION('',(0.707106781187,-0.707106781187,0.));
#4263 = PCURVE('',#2435,#4264);
#4264 = DEFINITIONAL_REPRESENTATION('',(#4265),#4275);
#4265 = B_SPLINE_CURVE_WITH_KNOTS('',8,(#4266,#4267,#4268,#4269,#4270,
    #4271,#4272,#4273,#4274),.UNSPECIFIED.,.F.,.F.,(9,9),(0.,
    1.570796397847),.PIECEWISE_BEZIER_KNOTS.);
#4266 = CARTESIAN_POINT('',(1.570796326795,178.4));
#4267 = CARTESIAN_POINT('',(1.767145876526,178.4));
#4268 = CARTESIAN_POINT('',(1.963495426256,178.14004139793));
#4269 = CARTESIAN_POINT('',(2.159844975984,177.62012640323));
#4270 = CARTESIAN_POINT('',(2.356194525716,176.86162649005));
#4271 = CARTESIAN_POINT('',(2.552544075447,175.90732802559));
#4272 = CARTESIAN_POINT('',(2.74889362518,174.81692456094));
#4273 = CARTESIAN_POINT('',(2.945243174911,173.6584619242));
#4274 = CARTESIAN_POINT('',(3.141592724642,172.49999958079));
#4275 = ( GEOMETRIC_REPRESENTATION_CONTEXT(2) 
PARAMETRIC_REPRESENTATION_CONTEXT() REPRESENTATION_CONTEXT('2D SPACE',''
  ) );
#4276 = PCURVE('',#4195,#4277);
#4277 = DEFINITIONAL_REPRESENTATION('',(#4278),#4288);
#4278 = B_SPLINE_CURVE_WITH_KNOTS('',8,(#4279,#4280,#4281,#4282,#4283,
    #4284,#4285,#4286,#4287),.UNSPECIFIED.,.F.,.F.,(9,9),(0.,
    1.570796397847),.PIECEWISE_BEZIER_KNOTS.);
#4279 = CARTESIAN_POINT('',(1.570796326795,26.1));
#4280 = CARTESIAN_POINT('',(1.767145876526,26.1));
#4281 = CARTESIAN_POINT('',(1.963495426256,26.359958601837));
#4282 = CARTESIAN_POINT('',(2.159844975984,26.879873597122));
#4283 = CARTESIAN_POINT('',(2.356194525716,27.638373508855));
#4284 = CARTESIAN_POINT('',(2.552544075447,28.592671974625));
#4285 = CARTESIAN_POINT('',(2.74889362518,29.683075438861));
#4286 = CARTESIAN_POINT('',(2.945243174911,30.841538075797));
#4287 = CARTESIAN_POINT('',(3.141592724642,32.000000419209));
#4288 = ( GEOMETRIC_REPRESENTATION_CONTEXT(2) 
PARAMETRIC_REPRESENTATION_CONTEXT() REPRESENTATION_CONTEXT('2D SPACE',''
  ) );
#4289 = FACE_BOUND('',#4290,.F.);
#4290 = EDGE_LOOP('',(#4291,#4348,#4384));
#4291 = ORIENTED_EDGE('',*,*,#4292,.F.);
#4292 = EDGE_CURVE('',#4293,#4295,#4297,.T.);
#4293 = VERTEX_POINT('',#4294);
#4294 = CARTESIAN_POINT('',(22.5,26.,29.4));
#4295 = VERTEX_POINT('',#4296);
#4296 = CARTESIAN_POINT('',(22.500000238419,26.,17.6));
#4297 = SURFACE_CURVE('',#4298,(#4303,#4323),.PCURVE_S1.);
#4298 = ELLIPSE('',#4299,8.343860018001,5.9);
#4299 = AXIS2_PLACEMENT_3D('',#4300,#4301,#4302);
#4300 = CARTESIAN_POINT('',(22.5,26.,23.5));
#4301 = DIRECTION('',(0.707106781187,-0.707106781187,0.));
#4302 = DIRECTION('',(0.707106781187,0.707106781187,0.));
#4303 = PCURVE('',#2435,#4304);
#4304 = DEFINITIONAL_REPRESENTATION('',(#4305),#4322);
#4305 = B_SPLINE_CURVE_WITH_KNOTS('',8,(#4306,#4307,#4308,#4309,#4310,
    #4311,#4312,#4313,#4314,#4315,#4316,#4317,#4318,#4319,#4320,#4321),
  .UNSPECIFIED.,.F.,.F.,(9,7,9),(1.570796255742,3.141592633385,
    4.712389011027),.UNSPECIFIED.);
#4306 = CARTESIAN_POINT('',(-7.1052421724E-08,217.5000004192));
#4307 = CARTESIAN_POINT('',(0.196349476153,216.34153809069));
#4308 = CARTESIAN_POINT('',(0.392699023358,215.18307546858));
#4309 = CARTESIAN_POINT('',(0.589048570562,214.09267201628));
#4310 = CARTESIAN_POINT('',(0.785398117769,213.13837355815));
#4311 = CARTESIAN_POINT('',(0.981747664972,212.37987364567));
#4312 = CARTESIAN_POINT('',(1.178097212179,211.85995864193));
#4313 = CARTESIAN_POINT('',(1.374446759385,211.6000000234));
#4314 = CARTESIAN_POINT('',(1.767145853795,211.59999997659));
#4315 = CARTESIAN_POINT('',(1.963495400999,211.85995854839));
#4316 = CARTESIAN_POINT('',(2.15984494821,212.37987350737));
#4317 = CARTESIAN_POINT('',(2.356194495404,213.13837338245));
#4318 = CARTESIAN_POINT('',(2.552544042622,214.09267180909));
#4319 = CARTESIAN_POINT('',(2.748893589819,215.1830752409));
#4320 = CARTESIAN_POINT('',(2.945243137027,216.34153785227));
#4321 = CARTESIAN_POINT('',(3.141592684232,217.50000018079));
#4322 = ( GEOMETRIC_REPRESENTATION_CONTEXT(2) 
PARAMETRIC_REPRESENTATION_CONTEXT() REPRESENTATION_CONTEXT('2D SPACE',''
  ) );
#4323 = PCURVE('',#4324,#4329);
#4324 = CYLINDRICAL_SURFACE('',#4325,5.9);
#4325 = AXIS2_PLACEMENT_3D('',#4326,#4327,#4328);
#4326 = CARTESIAN_POINT('',(22.5,-6.,23.5));
#4327 = DIRECTION('',(0.,1.,0.));
#4328 = DIRECTION('',(0.,-0.,1.));
#4329 = DEFINITIONAL_REPRESENTATION('',(#4330),#4347);
#4330 = B_SPLINE_CURVE_WITH_KNOTS('',8,(#4331,#4332,#4333,#4334,#4335,
    #4336,#4337,#4338,#4339,#4340,#4341,#4342,#4343,#4344,#4345,#4346),
  .UNSPECIFIED.,.F.,.F.,(9,7,9),(1.570796255742,3.141592633385,
    4.712389011027),.UNSPECIFIED.);
#4331 = CARTESIAN_POINT('',(6.283185378232,32.000000419209));
#4332 = CARTESIAN_POINT('',(6.086835831027,30.841538090698));
#4333 = CARTESIAN_POINT('',(5.890486283822,29.683075468614));
#4334 = CARTESIAN_POINT('',(5.694136736617,28.592672016822));
#4335 = CARTESIAN_POINT('',(5.497787189411,27.638373557751));
#4336 = CARTESIAN_POINT('',(5.301437642207,26.879873645972));
#4337 = CARTESIAN_POINT('',(5.105088095,26.359958641925));
#4338 = CARTESIAN_POINT('',(4.908738547795,26.100000023407));
#4339 = CARTESIAN_POINT('',(4.516039453384,26.099999976593));
#4340 = CARTESIAN_POINT('',(4.319689906178,26.359958548316));
#4341 = CARTESIAN_POINT('',(4.123340358984,26.879873508247));
#4342 = CARTESIAN_POINT('',(3.926990811761,27.63837338161));
#4343 = CARTESIAN_POINT('',(3.730641264572,28.592671809821));
#4344 = CARTESIAN_POINT('',(3.534291717357,29.683075240739));
#4345 = CARTESIAN_POINT('',(3.337942170153,30.841537852279));
#4346 = CARTESIAN_POINT('',(3.141592622947,32.000000180791));
#4347 = ( GEOMETRIC_REPRESENTATION_CONTEXT(2) 
PARAMETRIC_REPRESENTATION_CONTEXT() REPRESENTATION_CONTEXT('2D SPACE',''
  ) );
#4348 = ORIENTED_EDGE('',*,*,#4349,.T.);
#4349 = EDGE_CURVE('',#4293,#4350,#4352,.T.);
#4350 = VERTEX_POINT('',#4351);
#4351 = CARTESIAN_POINT('',(28.4,20.1,23.5));
#4352 = SURFACE_CURVE('',#4353,(#4358,#4371),.PCURVE_S1.);
#4353 = ELLIPSE('',#4354,8.343860018001,5.9);
#4354 = AXIS2_PLACEMENT_3D('',#4355,#4356,#4357);
#4355 = CARTESIAN_POINT('',(22.5,26.,23.5));
#4356 = DIRECTION('',(0.707106781187,0.707106781187,0.));
#4357 = DIRECTION('',(0.707106781187,-0.707106781187,0.));
#4358 = PCURVE('',#2435,#4359);
#4359 = DEFINITIONAL_REPRESENTATION('',(#4360),#4370);
#4360 = B_SPLINE_CURVE_WITH_KNOTS('',8,(#4361,#4362,#4363,#4364,#4365,
    #4366,#4367,#4368,#4369),.UNSPECIFIED.,.F.,.F.,(9,9),(4.712388909332
    ,6.28318530718),.PIECEWISE_BEZIER_KNOTS.);
#4361 = CARTESIAN_POINT('',(-7.105242261218E-08,217.49999958079));
#4362 = CARTESIAN_POINT('',(0.196349478678,218.6584619242));
#4363 = CARTESIAN_POINT('',(0.392699028409,219.81692456089));
#4364 = CARTESIAN_POINT('',(0.589048578139,220.90732802581));
#4365 = CARTESIAN_POINT('',(0.785398127871,221.86162649033));
#4366 = CARTESIAN_POINT('',(0.9817476776,222.6201264031));
#4367 = CARTESIAN_POINT('',(1.178097227333,223.14004139785));
#4368 = CARTESIAN_POINT('',(1.374446777064,223.4));
#4369 = CARTESIAN_POINT('',(1.570796326795,223.4));
#4370 = ( GEOMETRIC_REPRESENTATION_CONTEXT(2) 
PARAMETRIC_REPRESENTATION_CONTEXT() REPRESENTATION_CONTEXT('2D SPACE',''
  ) );
#4371 = PCURVE('',#4324,#4372);
#4372 = DEFINITIONAL_REPRESENTATION('',(#4373),#4383);
#4373 = B_SPLINE_CURVE_WITH_KNOTS('',8,(#4374,#4375,#4376,#4377,#4378,
    #4379,#4380,#4381,#4382),.UNSPECIFIED.,.F.,.F.,(9,9),(4.712388909332
    ,6.28318530718),.PIECEWISE_BEZIER_KNOTS.);
#4374 = CARTESIAN_POINT('',(-7.105242261218E-08,32.000000419209));
#4375 = CARTESIAN_POINT('',(0.196349478678,30.841538075797));
#4376 = CARTESIAN_POINT('',(0.392699028409,29.68307543884));
#4377 = CARTESIAN_POINT('',(0.589048578139,28.592671974714));
#4378 = CARTESIAN_POINT('',(0.785398127871,27.638373508755));
#4379 = CARTESIAN_POINT('',(0.9817476776,26.879873597185));
#4380 = CARTESIAN_POINT('',(1.178097227333,26.359958601815));
#4381 = CARTESIAN_POINT('',(1.374446777064,26.1));
#4382 = CARTESIAN_POINT('',(1.570796326795,26.1));
#4383 = ( GEOMETRIC_REPRESENTATION_CONTEXT(2) 
PARAMETRIC_REPRESENTATION_CONTEXT() REPRESENTATION_CONTEXT('2D SPACE',''
  ) );
#4384 = ORIENTED_EDGE('',*,*,#4385,.T.);
#4385 = EDGE_CURVE('',#4350,#4295,#4386,.T.);
#4386 = SURFACE_CURVE('',#4387,(#4392,#4405),.PCURVE_S1.);
#4387 = ELLIPSE('',#4388,8.343860018001,5.9);
#4388 = AXIS2_PLACEMENT_3D('',#4389,#4390,#4391);
#4389 = CARTESIAN_POINT('',(22.5,26.,23.5));
#4390 = DIRECTION('',(0.707106781187,0.707106781187,0.));
#4391 = DIRECTION('',(0.707106781187,-0.707106781187,0.));
#4392 = PCURVE('',#2435,#4393);
#4393 = DEFINITIONAL_REPRESENTATION('',(#4394),#4404);
#4394 = B_SPLINE_CURVE_WITH_KNOTS('',8,(#4395,#4396,#4397,#4398,#4399,
    #4400,#4401,#4402,#4403),.UNSPECIFIED.,.F.,.F.,(9,9),(0.,
    1.570796397847),.PIECEWISE_BEZIER_KNOTS.);
#4395 = CARTESIAN_POINT('',(1.570796326795,223.4));
#4396 = CARTESIAN_POINT('',(1.767145876526,223.4));
#4397 = CARTESIAN_POINT('',(1.963495426256,223.14004139783));
#4398 = CARTESIAN_POINT('',(2.159844975984,222.62012640335));
#4399 = CARTESIAN_POINT('',(2.356194525716,221.86162648984));
#4400 = CARTESIAN_POINT('',(2.552544075447,220.90732802552));
#4401 = CARTESIAN_POINT('',(2.74889362518,219.81692456085));
#4402 = CARTESIAN_POINT('',(2.945243174911,218.6584619242));
#4403 = CARTESIAN_POINT('',(3.141592724642,217.49999958079));
#4404 = ( GEOMETRIC_REPRESENTATION_CONTEXT(2) 
PARAMETRIC_REPRESENTATION_CONTEXT() REPRESENTATION_CONTEXT('2D SPACE',''
  ) );
#4405 = PCURVE('',#4324,#4406);
#4406 = DEFINITIONAL_REPRESENTATION('',(#4407),#4417);
#4407 = B_SPLINE_CURVE_WITH_KNOTS('',8,(#4408,#4409,#4410,#4411,#4412,
    #4413,#4414,#4415,#4416),.UNSPECIFIED.,.F.,.F.,(9,9),(0.,
    1.570796397847),.PIECEWISE_BEZIER_KNOTS.);
#4408 = CARTESIAN_POINT('',(1.570796326795,26.1));
#4409 = CARTESIAN_POINT('',(1.767145876526,26.1));
#4410 = CARTESIAN_POINT('',(1.963495426256,26.359958601837));
#4411 = CARTESIAN_POINT('',(2.159844975984,26.879873597122));
#4412 = CARTESIAN_POINT('',(2.356194525716,27.638373508855));
#4413 = CARTESIAN_POINT('',(2.552544075447,28.592671974625));
#4414 = CARTESIAN_POINT('',(2.74889362518,29.683075438861));
#4415 = CARTESIAN_POINT('',(2.945243174911,30.841538075797));
#4416 = CARTESIAN_POINT('',(3.141592724642,32.000000419209));
#4417 = ( GEOMETRIC_REPRESENTATION_CONTEXT(2) 
PARAMETRIC_REPRESENTATION_CONTEXT() REPRESENTATION_CONTEXT('2D SPACE',''
  ) );
#4418 = FACE_BOUND('',#4419,.F.);
#4419 = EDGE_LOOP('',(#4420,#4477,#4513));
#4420 = ORIENTED_EDGE('',*,*,#4421,.F.);
#4421 = EDGE_CURVE('',#4422,#4424,#4426,.T.);
#4422 = VERTEX_POINT('',#4423);
#4423 = CARTESIAN_POINT('',(67.5,26.,29.4));
#4424 = VERTEX_POINT('',#4425);
#4425 = CARTESIAN_POINT('',(67.500000238419,26.,17.6));
#4426 = SURFACE_CURVE('',#4427,(#4432,#4452),.PCURVE_S1.);
#4427 = ELLIPSE('',#4428,8.343860018001,5.9);
#4428 = AXIS2_PLACEMENT_3D('',#4429,#4430,#4431);
#4429 = CARTESIAN_POINT('',(67.5,26.,23.5));
#4430 = DIRECTION('',(0.707106781187,-0.707106781187,0.));
#4431 = DIRECTION('',(0.707106781187,0.707106781187,0.));
#4432 = PCURVE('',#2435,#4433);
#4433 = DEFINITIONAL_REPRESENTATION('',(#4434),#4451);
#4434 = B_SPLINE_CURVE_WITH_KNOTS('',8,(#4435,#4436,#4437,#4438,#4439,
    #4440,#4441,#4442,#4443,#4444,#4445,#4446,#4447,#4448,#4449,#4450),
  .UNSPECIFIED.,.F.,.F.,(9,7,9),(1.570796255742,3.141592633385,
    4.712389011027),.UNSPECIFIED.);
#4435 = CARTESIAN_POINT('',(-7.1052421724E-08,262.5000004192));
#4436 = CARTESIAN_POINT('',(0.196349476153,261.34153809069));
#4437 = CARTESIAN_POINT('',(0.392699023358,260.18307546846));
#4438 = CARTESIAN_POINT('',(0.589048570562,259.09267201622));
#4439 = CARTESIAN_POINT('',(0.785398117769,258.13837355776));
#4440 = CARTESIAN_POINT('',(0.981747664972,257.3798736454));
#4441 = CARTESIAN_POINT('',(1.178097212179,256.85995864181));
#4442 = CARTESIAN_POINT('',(1.374446759385,256.6000000234));
#4443 = CARTESIAN_POINT('',(1.767145853795,256.59999997659));
#4444 = CARTESIAN_POINT('',(1.963495400999,256.85995854829));
#4445 = CARTESIAN_POINT('',(2.15984494821,257.37987350816));
#4446 = CARTESIAN_POINT('',(2.356194495404,258.13837338162));
#4447 = CARTESIAN_POINT('',(2.552544042622,259.0926718093));
#4448 = CARTESIAN_POINT('',(2.748893589819,260.18307524078));
#4449 = CARTESIAN_POINT('',(2.945243137027,261.34153785227));
#4450 = CARTESIAN_POINT('',(3.141592684232,262.50000018079));
#4451 = ( GEOMETRIC_REPRESENTATION_CONTEXT(2) 
PARAMETRIC_REPRESENTATION_CONTEXT() REPRESENTATION_CONTEXT('2D SPACE',''
  ) );
#4452 = PCURVE('',#4453,#4458);
#4453 = CYLINDRICAL_SURFACE('',#4454,5.9);
#4454 = AXIS2_PLACEMENT_3D('',#4455,#4456,#4457);
#4455 = CARTESIAN_POINT('',(67.5,-6.,23.5));
#4456 = DIRECTION('',(0.,1.,0.));
#4457 = DIRECTION('',(0.,-0.,1.));
#4458 = DEFINITIONAL_REPRESENTATION('',(#4459),#4476);
#4459 = B_SPLINE_CURVE_WITH_KNOTS('',8,(#4460,#4461,#4462,#4463,#4464,
    #4465,#4466,#4467,#4468,#4469,#4470,#4471,#4472,#4473,#4474,#4475),
  .UNSPECIFIED.,.F.,.F.,(9,7,9),(1.570796255742,3.141592633385,
    4.712389011027),.UNSPECIFIED.);
#4460 = CARTESIAN_POINT('',(6.283185378232,32.000000419209));
#4461 = CARTESIAN_POINT('',(6.086835831027,30.841538090698));
#4462 = CARTESIAN_POINT('',(5.890486283822,29.683075468614));
#4463 = CARTESIAN_POINT('',(5.694136736616,28.592672016822));
#4464 = CARTESIAN_POINT('',(5.497787189413,27.638373557751));
#4465 = CARTESIAN_POINT('',(5.301437642206,26.879873645972));
#4466 = CARTESIAN_POINT('',(5.105088095001,26.359958641925));
#4467 = CARTESIAN_POINT('',(4.908738547795,26.100000023407));
#4468 = CARTESIAN_POINT('',(4.516039453384,26.099999976593));
#4469 = CARTESIAN_POINT('',(4.319689906179,26.359958548316));
#4470 = CARTESIAN_POINT('',(4.123340358975,26.879873508247));
#4471 = CARTESIAN_POINT('',(3.926990811769,27.63837338161));
#4472 = CARTESIAN_POINT('',(3.730641264565,28.592671809821));
#4473 = CARTESIAN_POINT('',(3.534291717359,29.683075240739));
#4474 = CARTESIAN_POINT('',(3.337942170153,30.841537852279));
#4475 = CARTESIAN_POINT('',(3.141592622947,32.000000180791));
#4476 = ( GEOMETRIC_REPRESENTATION_CONTEXT(2) 
PARAMETRIC_REPRESENTATION_CONTEXT() REPRESENTATION_CONTEXT('2D SPACE',''
  ) );
#4477 = ORIENTED_EDGE('',*,*,#4478,.T.);
#4478 = EDGE_CURVE('',#4422,#4479,#4481,.T.);
#4479 = VERTEX_POINT('',#4480);
#4480 = CARTESIAN_POINT('',(73.4,20.1,23.5));
#4481 = SURFACE_CURVE('',#4482,(#4487,#4500),.PCURVE_S1.);
#4482 = ELLIPSE('',#4483,8.343860018001,5.9);
#4483 = AXIS2_PLACEMENT_3D('',#4484,#4485,#4486);
#4484 = CARTESIAN_POINT('',(67.5,26.,23.5));
#4485 = DIRECTION('',(0.707106781187,0.707106781187,0.));
#4486 = DIRECTION('',(0.707106781187,-0.707106781187,0.));
#4487 = PCURVE('',#2435,#4488);
#4488 = DEFINITIONAL_REPRESENTATION('',(#4489),#4499);
#4489 = B_SPLINE_CURVE_WITH_KNOTS('',8,(#4490,#4491,#4492,#4493,#4494,
    #4495,#4496,#4497,#4498),.UNSPECIFIED.,.F.,.F.,(9,9),(4.712388909332
    ,6.28318530718),.PIECEWISE_BEZIER_KNOTS.);
#4490 = CARTESIAN_POINT('',(-7.1052421724E-08,262.49999958079));
#4491 = CARTESIAN_POINT('',(0.196349478678,263.6584619242));
#4492 = CARTESIAN_POINT('',(0.392699028409,264.81692456137));
#4493 = CARTESIAN_POINT('',(0.589048578139,265.90732802383));
#4494 = CARTESIAN_POINT('',(0.78539812787,266.86162649231));
#4495 = CARTESIAN_POINT('',(0.9817476776,267.62012640134));
#4496 = CARTESIAN_POINT('',(1.178097227333,268.14004139834));
#4497 = CARTESIAN_POINT('',(1.374446777064,268.4));
#4498 = CARTESIAN_POINT('',(1.570796326795,268.4));
#4499 = ( GEOMETRIC_REPRESENTATION_CONTEXT(2) 
PARAMETRIC_REPRESENTATION_CONTEXT() REPRESENTATION_CONTEXT('2D SPACE',''
  ) );
#4500 = PCURVE('',#4453,#4501);
#4501 = DEFINITIONAL_REPRESENTATION('',(#4502),#4512);
#4502 = B_SPLINE_CURVE_WITH_KNOTS('',8,(#4503,#4504,#4505,#4506,#4507,
    #4508,#4509,#4510,#4511),.UNSPECIFIED.,.F.,.F.,(9,9),(4.712388909332
    ,6.28318530718),.PIECEWISE_BEZIER_KNOTS.);
#4503 = CARTESIAN_POINT('',(-7.1052421724E-08,32.000000419209));
#4504 = CARTESIAN_POINT('',(0.196349478678,30.841538075797));
#4505 = CARTESIAN_POINT('',(0.392699028409,29.683075438851));
#4506 = CARTESIAN_POINT('',(0.589048578139,28.59267197467));
#4507 = CARTESIAN_POINT('',(0.785398127869,27.638373508712));
#4508 = CARTESIAN_POINT('',(0.981747677601,26.879873597141));
#4509 = CARTESIAN_POINT('',(1.178097227333,26.359958601826));
#4510 = CARTESIAN_POINT('',(1.374446777064,26.1));
#4511 = CARTESIAN_POINT('',(1.570796326795,26.1));
#4512 = ( GEOMETRIC_REPRESENTATION_CONTEXT(2) 
PARAMETRIC_REPRESENTATION_CONTEXT() REPRESENTATION_CONTEXT('2D SPACE',''
  ) );
#4513 = ORIENTED_EDGE('',*,*,#4514,.T.);
#4514 = EDGE_CURVE('',#4479,#4424,#4515,.T.);
#4515 = SURFACE_CURVE('',#4516,(#4521,#4534),.PCURVE_S1.);
#4516 = ELLIPSE('',#4517,8.343860018001,5.9);
#4517 = AXIS2_PLACEMENT_3D('',#4518,#4519,#4520);
#4518 = CARTESIAN_POINT('',(67.5,26.,23.5));
#4519 = DIRECTION('',(0.707106781187,0.707106781187,0.));
#4520 = DIRECTION('',(0.707106781187,-0.707106781187,0.));
#4521 = PCURVE('',#2435,#4522);
#4522 = DEFINITIONAL_REPRESENTATION('',(#4523),#4533);
#4523 = B_SPLINE_CURVE_WITH_KNOTS('',8,(#4524,#4525,#4526,#4527,#4528,
    #4529,#4530,#4531,#4532),.UNSPECIFIED.,.F.,.F.,(9,9),(0.,
    1.570796397847),.PIECEWISE_BEZIER_KNOTS.);
#4524 = CARTESIAN_POINT('',(1.570796326795,268.4));
#4525 = CARTESIAN_POINT('',(1.767145876526,268.4));
#4526 = CARTESIAN_POINT('',(1.963495426256,268.14004139806));
#4527 = CARTESIAN_POINT('',(2.159844975984,267.62012640283));
#4528 = CARTESIAN_POINT('',(2.356194525716,266.86162649038));
#4529 = CARTESIAN_POINT('',(2.552544075447,265.90732802537));
#4530 = CARTESIAN_POINT('',(2.74889362518,264.81692456108));
#4531 = CARTESIAN_POINT('',(2.945243174911,263.6584619242));
#4532 = CARTESIAN_POINT('',(3.141592724642,262.49999958079));
#4533 = ( GEOMETRIC_REPRESENTATION_CONTEXT(2) 
PARAMETRIC_REPRESENTATION_CONTEXT() REPRESENTATION_CONTEXT('2D SPACE',''
  ) );
#4534 = PCURVE('',#4453,#4535);
#4535 = DEFINITIONAL_REPRESENTATION('',(#4536),#4546);
#4536 = B_SPLINE_CURVE_WITH_KNOTS('',8,(#4537,#4538,#4539,#4540,#4541,
    #4542,#4543,#4544,#4545),.UNSPECIFIED.,.F.,.F.,(9,9),(0.,
    1.570796397847),.PIECEWISE_BEZIER_KNOTS.);
#4537 = CARTESIAN_POINT('',(1.570796326795,26.1));
#4538 = CARTESIAN_POINT('',(1.767145876526,26.1));
#4539 = CARTESIAN_POINT('',(1.963495426256,26.359958601837));
#4540 = CARTESIAN_POINT('',(2.159844975984,26.879873597122));
#4541 = CARTESIAN_POINT('',(2.356194525716,27.638373508855));
#4542 = CARTESIAN_POINT('',(2.552544075447,28.592671974625));
#4543 = CARTESIAN_POINT('',(2.74889362518,29.683075438861));
#4544 = CARTESIAN_POINT('',(2.945243174911,30.841538075797));
#4545 = CARTESIAN_POINT('',(3.141592724642,32.000000419209));
#4546 = ( GEOMETRIC_REPRESENTATION_CONTEXT(2) 
PARAMETRIC_REPRESENTATION_CONTEXT() REPRESENTATION_CONTEXT('2D SPACE',''
  ) );
#4547 = FACE_BOUND('',#4548,.F.);
#4548 = EDGE_LOOP('',(#4549,#4606,#4642));
#4549 = ORIENTED_EDGE('',*,*,#4550,.F.);
#4550 = EDGE_CURVE('',#4551,#4553,#4555,.T.);
#4551 = VERTEX_POINT('',#4552);
#4552 = CARTESIAN_POINT('',(112.5,26.,29.4));
#4553 = VERTEX_POINT('',#4554);
#4554 = CARTESIAN_POINT('',(112.50000023841,26.,17.6));
#4555 = SURFACE_CURVE('',#4556,(#4561,#4581),.PCURVE_S1.);
#4556 = ELLIPSE('',#4557,8.343860018001,5.9);
#4557 = AXIS2_PLACEMENT_3D('',#4558,#4559,#4560);
#4558 = CARTESIAN_POINT('',(112.5,26.,23.5));
#4559 = DIRECTION('',(0.707106781187,-0.707106781187,0.));
#4560 = DIRECTION('',(0.707106781187,0.707106781187,0.));
#4561 = PCURVE('',#2435,#4562);
#4562 = DEFINITIONAL_REPRESENTATION('',(#4563),#4580);
#4563 = B_SPLINE_CURVE_WITH_KNOTS('',8,(#4564,#4565,#4566,#4567,#4568,
    #4569,#4570,#4571,#4572,#4573,#4574,#4575,#4576,#4577,#4578,#4579),
  .UNSPECIFIED.,.F.,.F.,(9,7,9),(1.570796255742,3.141592633385,
    4.712389011027),.UNSPECIFIED.);
#4564 = CARTESIAN_POINT('',(-7.1052421724E-08,307.5000004192));
#4565 = CARTESIAN_POINT('',(0.196349476153,306.34153809069));
#4566 = CARTESIAN_POINT('',(0.392699023358,305.18307546862));
#4567 = CARTESIAN_POINT('',(0.589048570562,304.09267201555));
#4568 = CARTESIAN_POINT('',(0.785398117769,303.13837355862));
#4569 = CARTESIAN_POINT('',(0.981747664972,302.37987364511));
#4570 = CARTESIAN_POINT('',(1.178097212179,301.85995864198));
#4571 = CARTESIAN_POINT('',(1.374446759385,301.6000000234));
#4572 = CARTESIAN_POINT('',(1.767145853795,301.59999997659));
#4573 = CARTESIAN_POINT('',(1.963495400999,301.85995854822));
#4574 = CARTESIAN_POINT('',(2.15984494821,302.37987350837));
#4575 = CARTESIAN_POINT('',(2.356194495404,303.13837338127));
#4576 = CARTESIAN_POINT('',(2.552544042622,304.09267180992));
#4577 = CARTESIAN_POINT('',(2.748893589819,305.1830752406));
#4578 = CARTESIAN_POINT('',(2.945243137027,306.34153785227));
#4579 = CARTESIAN_POINT('',(3.141592684232,307.50000018079));
#4580 = ( GEOMETRIC_REPRESENTATION_CONTEXT(2) 
PARAMETRIC_REPRESENTATION_CONTEXT() REPRESENTATION_CONTEXT('2D SPACE',''
  ) );
#4581 = PCURVE('',#4582,#4587);
#4582 = CYLINDRICAL_SURFACE('',#4583,5.9);
#4583 = AXIS2_PLACEMENT_3D('',#4584,#4585,#4586);
#4584 = CARTESIAN_POINT('',(112.5,-6.,23.5));
#4585 = DIRECTION('',(0.,1.,0.));
#4586 = DIRECTION('',(0.,-0.,1.));
#4587 = DEFINITIONAL_REPRESENTATION('',(#4588),#4605);
#4588 = B_SPLINE_CURVE_WITH_KNOTS('',8,(#4589,#4590,#4591,#4592,#4593,
    #4594,#4595,#4596,#4597,#4598,#4599,#4600,#4601,#4602,#4603,#4604),
  .UNSPECIFIED.,.F.,.F.,(9,7,9),(1.570796255742,3.141592633385,
    4.712389011027),.UNSPECIFIED.);
#4589 = CARTESIAN_POINT('',(6.283185378232,32.000000419209));
#4590 = CARTESIAN_POINT('',(6.086835831027,30.841538090698));
#4591 = CARTESIAN_POINT('',(5.890486283822,29.683075468614));
#4592 = CARTESIAN_POINT('',(5.694136736618,28.592672016822));
#4593 = CARTESIAN_POINT('',(5.497787189413,27.638373557751));
#4594 = CARTESIAN_POINT('',(5.301437642207,26.879873645972));
#4595 = CARTESIAN_POINT('',(5.105088095001,26.359958641925));
#4596 = CARTESIAN_POINT('',(4.908738547795,26.100000023407));
#4597 = CARTESIAN_POINT('',(4.516039453384,26.099999976593));
#4598 = CARTESIAN_POINT('',(4.319689906176,26.359958548316));
#4599 = CARTESIAN_POINT('',(4.123340358989,26.879873508247));
#4600 = CARTESIAN_POINT('',(3.926990811752,27.63837338161));
#4601 = CARTESIAN_POINT('',(3.730641264577,28.592671809821));
#4602 = CARTESIAN_POINT('',(3.534291717356,29.683075240739));
#4603 = CARTESIAN_POINT('',(3.337942170153,30.841537852279));
#4604 = CARTESIAN_POINT('',(3.141592622947,32.000000180791));
#4605 = ( GEOMETRIC_REPRESENTATION_CONTEXT(2) 
PARAMETRIC_REPRESENTATION_CONTEXT() REPRESENTATION_CONTEXT('2D SPACE',''
  ) );
#4606 = ORIENTED_EDGE('',*,*,#4607,.T.);
#4607 = EDGE_CURVE('',#4551,#4608,#4610,.T.);
#4608 = VERTEX_POINT('',#4609);
#4609 = CARTESIAN_POINT('',(118.4,20.1,23.5));
#4610 = SURFACE_CURVE('',#4611,(#4616,#4629),.PCURVE_S1.);
#4611 = ELLIPSE('',#4612,8.343860018001,5.9);
#4612 = AXIS2_PLACEMENT_3D('',#4613,#4614,#4615);
#4613 = CARTESIAN_POINT('',(112.5,26.,23.5));
#4614 = DIRECTION('',(0.707106781187,0.707106781187,0.));
#4615 = DIRECTION('',(0.707106781187,-0.707106781187,0.));
#4616 = PCURVE('',#2435,#4617);
#4617 = DEFINITIONAL_REPRESENTATION('',(#4618),#4628);
#4618 = B_SPLINE_CURVE_WITH_KNOTS('',8,(#4619,#4620,#4621,#4622,#4623,
    #4624,#4625,#4626,#4627),.UNSPECIFIED.,.F.,.F.,(9,9),(4.712388909332
    ,6.28318530718),.PIECEWISE_BEZIER_KNOTS.);
#4619 = CARTESIAN_POINT('',(-7.1052421724E-08,307.49999958079));
#4620 = CARTESIAN_POINT('',(0.196349478678,308.6584619242));
#4621 = CARTESIAN_POINT('',(0.392699028409,309.81692456083));
#4622 = CARTESIAN_POINT('',(0.589048578139,310.90732802581));
#4623 = CARTESIAN_POINT('',(0.78539812787,311.86162648977));
#4624 = CARTESIAN_POINT('',(0.9817476776,312.62012640314));
#4625 = CARTESIAN_POINT('',(1.178097227333,313.14004139796));
#4626 = CARTESIAN_POINT('',(1.374446777064,313.4));
#4627 = CARTESIAN_POINT('',(1.570796326795,313.4));
#4628 = ( GEOMETRIC_REPRESENTATION_CONTEXT(2) 
PARAMETRIC_REPRESENTATION_CONTEXT() REPRESENTATION_CONTEXT('2D SPACE',''
  ) );
#4629 = PCURVE('',#4582,#4630);
#4630 = DEFINITIONAL_REPRESENTATION('',(#4631),#4641);
#4631 = B_SPLINE_CURVE_WITH_KNOTS('',8,(#4632,#4633,#4634,#4635,#4636,
    #4637,#4638,#4639,#4640),.UNSPECIFIED.,.F.,.F.,(9,9),(4.712388909332
    ,6.28318530718),.PIECEWISE_BEZIER_KNOTS.);
#4632 = CARTESIAN_POINT('',(-7.1052421724E-08,32.000000419209));
#4633 = CARTESIAN_POINT('',(0.196349478678,30.841538075797));
#4634 = CARTESIAN_POINT('',(0.392699028409,29.683075438851));
#4635 = CARTESIAN_POINT('',(0.589048578139,28.59267197467));
#4636 = CARTESIAN_POINT('',(0.785398127869,27.638373508712));
#4637 = CARTESIAN_POINT('',(0.981747677601,26.879873597141));
#4638 = CARTESIAN_POINT('',(1.178097227333,26.359958601826));
#4639 = CARTESIAN_POINT('',(1.374446777064,26.1));
#4640 = CARTESIAN_POINT('',(1.570796326795,26.1));
#4641 = ( GEOMETRIC_REPRESENTATION_CONTEXT(2) 
PARAMETRIC_REPRESENTATION_CONTEXT() REPRESENTATION_CONTEXT('2D SPACE',''
  ) );
#4642 = ORIENTED_EDGE('',*,*,#4643,.T.);
#4643 = EDGE_CURVE('',#4608,#4553,#4644,.T.);
#4644 = SURFACE_CURVE('',#4645,(#4650,#4663),.PCURVE_S1.);
#4645 = ELLIPSE('',#4646,8.343860018001,5.9);
#4646 = AXIS2_PLACEMENT_3D('',#4647,#4648,#4649);
#4647 = CARTESIAN_POINT('',(112.5,26.,23.5));
#4648 = DIRECTION('',(0.707106781187,0.707106781187,0.));
#4649 = DIRECTION('',(0.707106781187,-0.707106781187,0.));
#4650 = PCURVE('',#2435,#4651);
#4651 = DEFINITIONAL_REPRESENTATION('',(#4652),#4662);
#4652 = B_SPLINE_CURVE_WITH_KNOTS('',8,(#4653,#4654,#4655,#4656,#4657,
    #4658,#4659,#4660,#4661),.UNSPECIFIED.,.F.,.F.,(9,9),(0.,
    1.570796397847),.PIECEWISE_BEZIER_KNOTS.);
#4653 = CARTESIAN_POINT('',(1.570796326795,313.4));
#4654 = CARTESIAN_POINT('',(1.767145876526,313.4));
#4655 = CARTESIAN_POINT('',(1.963495426256,313.1400413979));
#4656 = CARTESIAN_POINT('',(2.159844975984,312.62012640295));
#4657 = CARTESIAN_POINT('',(2.356194525716,311.86162649087));
#4658 = CARTESIAN_POINT('',(2.552544075447,310.9073280253));
#4659 = CARTESIAN_POINT('',(2.74889362518,309.81692456093));
#4660 = CARTESIAN_POINT('',(2.945243174911,308.6584619242));
#4661 = CARTESIAN_POINT('',(3.141592724642,307.49999958079));
#4662 = ( GEOMETRIC_REPRESENTATION_CONTEXT(2) 
PARAMETRIC_REPRESENTATION_CONTEXT() REPRESENTATION_CONTEXT('2D SPACE',''
  ) );
#4663 = PCURVE('',#4582,#4664);
#4664 = DEFINITIONAL_REPRESENTATION('',(#4665),#4675);
#4665 = B_SPLINE_CURVE_WITH_KNOTS('',8,(#4666,#4667,#4668,#4669,#4670,
    #4671,#4672,#4673,#4674),.UNSPECIFIED.,.F.,.F.,(9,9),(0.,
    1.570796397847),.PIECEWISE_BEZIER_KNOTS.);
#4666 = CARTESIAN_POINT('',(1.570796326795,26.1));
#4667 = CARTESIAN_POINT('',(1.767145876526,26.1));
#4668 = CARTESIAN_POINT('',(1.963495426256,26.359958601837));
#4669 = CARTESIAN_POINT('',(2.159844975984,26.879873597122));
#4670 = CARTESIAN_POINT('',(2.356194525716,27.638373508855));
#4671 = CARTESIAN_POINT('',(2.552544075447,28.592671974625));
#4672 = CARTESIAN_POINT('',(2.74889362518,29.683075438861));
#4673 = CARTESIAN_POINT('',(2.945243174911,30.841538075797));
#4674 = CARTESIAN_POINT('',(3.141592724642,32.000000419209));
#4675 = ( GEOMETRIC_REPRESENTATION_CONTEXT(2) 
PARAMETRIC_REPRESENTATION_CONTEXT() REPRESENTATION_CONTEXT('2D SPACE',''
  ) );
#4676 = FACE_BOUND('',#4677,.F.);
#4677 = EDGE_LOOP('',(#4678,#4735,#4771));
#4678 = ORIENTED_EDGE('',*,*,#4679,.F.);
#4679 = EDGE_CURVE('',#4680,#4682,#4684,.T.);
#4680 = VERTEX_POINT('',#4681);
#4681 = CARTESIAN_POINT('',(157.5,26.,29.4));
#4682 = VERTEX_POINT('',#4683);
#4683 = CARTESIAN_POINT('',(157.50000023841,26.,17.6));
#4684 = SURFACE_CURVE('',#4685,(#4690,#4710),.PCURVE_S1.);
#4685 = ELLIPSE('',#4686,8.343860018001,5.9);
#4686 = AXIS2_PLACEMENT_3D('',#4687,#4688,#4689);
#4687 = CARTESIAN_POINT('',(157.5,26.,23.5));
#4688 = DIRECTION('',(0.707106781187,-0.707106781187,0.));
#4689 = DIRECTION('',(0.707106781187,0.707106781187,0.));
#4690 = PCURVE('',#2435,#4691);
#4691 = DEFINITIONAL_REPRESENTATION('',(#4692),#4709);
#4692 = B_SPLINE_CURVE_WITH_KNOTS('',8,(#4693,#4694,#4695,#4696,#4697,
    #4698,#4699,#4700,#4701,#4702,#4703,#4704,#4705,#4706,#4707,#4708),
  .UNSPECIFIED.,.F.,.F.,(9,7,9),(1.570796255742,3.141592633385,
    4.712389011027),.UNSPECIFIED.);
#4693 = CARTESIAN_POINT('',(-7.1052421724E-08,352.5000004192));
#4694 = CARTESIAN_POINT('',(0.196349476153,351.34153809069));
#4695 = CARTESIAN_POINT('',(0.392699023358,350.18307546873));
#4696 = CARTESIAN_POINT('',(0.589048570562,349.09267201561));
#4697 = CARTESIAN_POINT('',(0.785398117769,348.13837355869));
#4698 = CARTESIAN_POINT('',(0.981747664972,347.37987364484));
#4699 = CARTESIAN_POINT('',(1.178097212179,346.85995864195));
#4700 = CARTESIAN_POINT('',(1.374446759385,346.6000000234));
#4701 = CARTESIAN_POINT('',(1.767145853795,346.59999997659));
#4702 = CARTESIAN_POINT('',(1.963495400999,346.85995854804));
#4703 = CARTESIAN_POINT('',(2.15984494821,347.37987350871));
#4704 = CARTESIAN_POINT('',(2.356194495404,348.13837338046));
#4705 = CARTESIAN_POINT('',(2.552544042622,349.09267181049));
#4706 = CARTESIAN_POINT('',(2.748893589819,350.18307524051));
#4707 = CARTESIAN_POINT('',(2.945243137027,351.34153785227));
#4708 = CARTESIAN_POINT('',(3.141592684232,352.50000018079));
#4709 = ( GEOMETRIC_REPRESENTATION_CONTEXT(2) 
PARAMETRIC_REPRESENTATION_CONTEXT() REPRESENTATION_CONTEXT('2D SPACE',''
  ) );
#4710 = PCURVE('',#4711,#4716);
#4711 = CYLINDRICAL_SURFACE('',#4712,5.9);
#4712 = AXIS2_PLACEMENT_3D('',#4713,#4714,#4715);
#4713 = CARTESIAN_POINT('',(157.5,-6.,23.5));
#4714 = DIRECTION('',(0.,1.,0.));
#4715 = DIRECTION('',(0.,-0.,1.));
#4716 = DEFINITIONAL_REPRESENTATION('',(#4717),#4734);
#4717 = B_SPLINE_CURVE_WITH_KNOTS('',8,(#4718,#4719,#4720,#4721,#4722,
    #4723,#4724,#4725,#4726,#4727,#4728,#4729,#4730,#4731,#4732,#4733),
  .UNSPECIFIED.,.F.,.F.,(9,7,9),(1.570796255742,3.141592633385,
    4.712389011027),.UNSPECIFIED.);
#4718 = CARTESIAN_POINT('',(6.283185378232,32.000000419209));
#4719 = CARTESIAN_POINT('',(6.086835831027,30.841538090698));
#4720 = CARTESIAN_POINT('',(5.890486283821,29.683075468614));
#4721 = CARTESIAN_POINT('',(5.694136736617,28.592672016822));
#4722 = CARTESIAN_POINT('',(5.497787189412,27.638373557751));
#4723 = CARTESIAN_POINT('',(5.301437642207,26.879873645972));
#4724 = CARTESIAN_POINT('',(5.105088095,26.359958641925));
#4725 = CARTESIAN_POINT('',(4.908738547795,26.100000023407));
#4726 = CARTESIAN_POINT('',(4.516039453384,26.099999976593));
#4727 = CARTESIAN_POINT('',(4.319689906177,26.359958548316));
#4728 = CARTESIAN_POINT('',(4.123340358985,26.879873508247));
#4729 = CARTESIAN_POINT('',(3.926990811757,27.63837338161));
#4730 = CARTESIAN_POINT('',(3.730641264574,28.592671809821));
#4731 = CARTESIAN_POINT('',(3.534291717356,29.683075240739));
#4732 = CARTESIAN_POINT('',(3.337942170153,30.841537852279));
#4733 = CARTESIAN_POINT('',(3.141592622947,32.000000180791));
#4734 = ( GEOMETRIC_REPRESENTATION_CONTEXT(2) 
PARAMETRIC_REPRESENTATION_CONTEXT() REPRESENTATION_CONTEXT('2D SPACE',''
  ) );
#4735 = ORIENTED_EDGE('',*,*,#4736,.T.);
#4736 = EDGE_CURVE('',#4680,#4737,#4739,.T.);
#4737 = VERTEX_POINT('',#4738);
#4738 = CARTESIAN_POINT('',(163.4,20.1,23.5));
#4739 = SURFACE_CURVE('',#4740,(#4745,#4758),.PCURVE_S1.);
#4740 = ELLIPSE('',#4741,8.343860018001,5.9);
#4741 = AXIS2_PLACEMENT_3D('',#4742,#4743,#4744);
#4742 = CARTESIAN_POINT('',(157.5,26.,23.5));
#4743 = DIRECTION('',(0.707106781187,0.707106781187,0.));
#4744 = DIRECTION('',(0.707106781187,-0.707106781187,0.));
#4745 = PCURVE('',#2435,#4746);
#4746 = DEFINITIONAL_REPRESENTATION('',(#4747),#4757);
#4747 = B_SPLINE_CURVE_WITH_KNOTS('',8,(#4748,#4749,#4750,#4751,#4752,
    #4753,#4754,#4755,#4756),.UNSPECIFIED.,.F.,.F.,(9,9),(4.712388909332
    ,6.28318530718),.PIECEWISE_BEZIER_KNOTS.);
#4748 = CARTESIAN_POINT('',(-7.1052421724E-08,352.49999958079));
#4749 = CARTESIAN_POINT('',(0.196349478678,353.6584619242));
#4750 = CARTESIAN_POINT('',(0.392699028409,354.81692456111));
#4751 = CARTESIAN_POINT('',(0.589048578139,355.90732802464));
#4752 = CARTESIAN_POINT('',(0.78539812787,356.86162649106));
#4753 = CARTESIAN_POINT('',(0.9817476776,357.62012640232));
#4754 = CARTESIAN_POINT('',(1.178097227333,358.14004139811));
#4755 = CARTESIAN_POINT('',(1.374446777064,358.4));
#4756 = CARTESIAN_POINT('',(1.570796326795,358.4));
#4757 = ( GEOMETRIC_REPRESENTATION_CONTEXT(2) 
PARAMETRIC_REPRESENTATION_CONTEXT() REPRESENTATION_CONTEXT('2D SPACE',''
  ) );
#4758 = PCURVE('',#4711,#4759);
#4759 = DEFINITIONAL_REPRESENTATION('',(#4760),#4770);
#4760 = B_SPLINE_CURVE_WITH_KNOTS('',8,(#4761,#4762,#4763,#4764,#4765,
    #4766,#4767,#4768,#4769),.UNSPECIFIED.,.F.,.F.,(9,9),(4.712388909332
    ,6.28318530718),.PIECEWISE_BEZIER_KNOTS.);
#4761 = CARTESIAN_POINT('',(-7.105242350036E-08,32.000000419209));
#4762 = CARTESIAN_POINT('',(0.196349478678,30.841538075797));
#4763 = CARTESIAN_POINT('',(0.392699028409,29.683075438851));
#4764 = CARTESIAN_POINT('',(0.589048578141,28.59267197467));
#4765 = CARTESIAN_POINT('',(0.785398127867,27.638373508712));
#4766 = CARTESIAN_POINT('',(0.981747677602,26.879873597141));
#4767 = CARTESIAN_POINT('',(1.178097227332,26.359958601826));
#4768 = CARTESIAN_POINT('',(1.374446777064,26.1));
#4769 = CARTESIAN_POINT('',(1.570796326795,26.1));
#4770 = ( GEOMETRIC_REPRESENTATION_CONTEXT(2) 
PARAMETRIC_REPRESENTATION_CONTEXT() REPRESENTATION_CONTEXT('2D SPACE',''
  ) );
#4771 = ORIENTED_EDGE('',*,*,#4772,.T.);
#4772 = EDGE_CURVE('',#4737,#4682,#4773,.T.);
#4773 = SURFACE_CURVE('',#4774,(#4779,#4792),.PCURVE_S1.);
#4774 = ELLIPSE('',#4775,8.343860018001,5.9);
#4775 = AXIS2_PLACEMENT_3D('',#4776,#4777,#4778);
#4776 = CARTESIAN_POINT('',(157.5,26.,23.5));
#4777 = DIRECTION('',(0.707106781187,0.707106781187,0.));
#4778 = DIRECTION('',(0.707106781187,-0.707106781187,0.));
#4779 = PCURVE('',#2435,#4780);
#4780 = DEFINITIONAL_REPRESENTATION('',(#4781),#4791);
#4781 = B_SPLINE_CURVE_WITH_KNOTS('',8,(#4782,#4783,#4784,#4785,#4786,
    #4787,#4788,#4789,#4790),.UNSPECIFIED.,.F.,.F.,(9,9),(0.,
    1.570796397847),.PIECEWISE_BEZIER_KNOTS.);
#4782 = CARTESIAN_POINT('',(1.570796326795,358.4));
#4783 = CARTESIAN_POINT('',(1.767145876526,358.4));
#4784 = CARTESIAN_POINT('',(1.963495426256,358.1400413976));
#4785 = CARTESIAN_POINT('',(2.159844975984,357.62012640348));
#4786 = CARTESIAN_POINT('',(2.356194525716,356.86162648884));
#4787 = CARTESIAN_POINT('',(2.552544075447,355.90732802631));
#4788 = CARTESIAN_POINT('',(2.74889362518,354.81692456061));
#4789 = CARTESIAN_POINT('',(2.945243174911,353.6584619242));
#4790 = CARTESIAN_POINT('',(3.141592724642,352.49999958079));
#4791 = ( GEOMETRIC_REPRESENTATION_CONTEXT(2) 
PARAMETRIC_REPRESENTATION_CONTEXT() REPRESENTATION_CONTEXT('2D SPACE',''
  ) );
#4792 = PCURVE('',#4711,#4793);
#4793 = DEFINITIONAL_REPRESENTATION('',(#4794),#4804);
#4794 = B_SPLINE_CURVE_WITH_KNOTS('',8,(#4795,#4796,#4797,#4798,#4799,
    #4800,#4801,#4802,#4803),.UNSPECIFIED.,.F.,.F.,(9,9),(0.,
    1.570796397847),.PIECEWISE_BEZIER_KNOTS.);
#4795 = CARTESIAN_POINT('',(1.570796326795,26.1));
#4796 = CARTESIAN_POINT('',(1.767145876526,26.1));
#4797 = CARTESIAN_POINT('',(1.963495426254,26.359958601837));
#4798 = CARTESIAN_POINT('',(2.159844975991,26.879873597122));
#4799 = CARTESIAN_POINT('',(2.356194525707,27.638373508855));
#4800 = CARTESIAN_POINT('',(2.552544075454,28.592671974625));
#4801 = CARTESIAN_POINT('',(2.748893625177,29.683075438861));
#4802 = CARTESIAN_POINT('',(2.945243174911,30.841538075797));
#4803 = CARTESIAN_POINT('',(3.141592724642,32.000000419209));
#4804 = ( GEOMETRIC_REPRESENTATION_CONTEXT(2) 
PARAMETRIC_REPRESENTATION_CONTEXT() REPRESENTATION_CONTEXT('2D SPACE',''
  ) );
#4805 = ADVANCED_FACE('',(#4806,#5025,#5154,#5283,#5412,#5541,#5670,
    #5799,#5928),#2514,.F.);
#4806 = FACE_BOUND('',#4807,.F.);
#4807 = EDGE_LOOP('',(#4808,#4831,#4832,#4833,#4856,#4879,#4902,#4925,
    #4948,#4971,#4994,#5015,#5016,#5017,#5018,#5019,#5020,#5021,#5022,
    #5023,#5024));
#4808 = ORIENTED_EDGE('',*,*,#4809,.F.);
#4809 = EDGE_CURVE('',#2604,#4810,#4812,.T.);
#4810 = VERTEX_POINT('',#4811);
#4811 = CARTESIAN_POINT('',(-157.5,26.,69.4));
#4812 = SEAM_CURVE('',#4813,(#4817,#4824),.PCURVE_S1.);
#4813 = LINE('',#4814,#4815);
#4814 = CARTESIAN_POINT('',(-195.,26.,69.4));
#4815 = VECTOR('',#4816,1.);
#4816 = DIRECTION('',(1.,0.,0.));
#4817 = PCURVE('',#2514,#4818);
#4818 = DEFINITIONAL_REPRESENTATION('',(#4819),#4823);
#4819 = LINE('',#4820,#4821);
#4820 = CARTESIAN_POINT('',(0.,-0.));
#4821 = VECTOR('',#4822,1.);
#4822 = DIRECTION('',(0.,1.));
#4823 = ( GEOMETRIC_REPRESENTATION_CONTEXT(2) 
PARAMETRIC_REPRESENTATION_CONTEXT() REPRESENTATION_CONTEXT('2D SPACE',''
  ) );
#4824 = PCURVE('',#2514,#4825);
#4825 = DEFINITIONAL_REPRESENTATION('',(#4826),#4830);
#4826 = LINE('',#4827,#4828);
#4827 = CARTESIAN_POINT('',(6.28318530718,-0.));
#4828 = VECTOR('',#4829,1.);
#4829 = DIRECTION('',(0.,1.));
#4830 = ( GEOMETRIC_REPRESENTATION_CONTEXT(2) 
PARAMETRIC_REPRESENTATION_CONTEXT() REPRESENTATION_CONTEXT('2D SPACE',''
  ) );
#4831 = ORIENTED_EDGE('',*,*,#2603,.T.);
#4832 = ORIENTED_EDGE('',*,*,#4809,.T.);
#4833 = ORIENTED_EDGE('',*,*,#4834,.T.);
#4834 = EDGE_CURVE('',#4810,#4835,#4837,.T.);
#4835 = VERTEX_POINT('',#4836);
#4836 = CARTESIAN_POINT('',(-112.5,26.,69.4));
#4837 = SEAM_CURVE('',#4838,(#4842,#4849),.PCURVE_S1.);
#4838 = LINE('',#4839,#4840);
#4839 = CARTESIAN_POINT('',(-195.,26.,69.4));
#4840 = VECTOR('',#4841,1.);
#4841 = DIRECTION('',(1.,0.,0.));
#4842 = PCURVE('',#2514,#4843);
#4843 = DEFINITIONAL_REPRESENTATION('',(#4844),#4848);
#4844 = LINE('',#4845,#4846);
#4845 = CARTESIAN_POINT('',(0.,-0.));
#4846 = VECTOR('',#4847,1.);
#4847 = DIRECTION('',(0.,1.));
#4848 = ( GEOMETRIC_REPRESENTATION_CONTEXT(2) 
PARAMETRIC_REPRESENTATION_CONTEXT() REPRESENTATION_CONTEXT('2D SPACE',''
  ) );
#4849 = PCURVE('',#2514,#4850);
#4850 = DEFINITIONAL_REPRESENTATION('',(#4851),#4855);
#4851 = LINE('',#4852,#4853);
#4852 = CARTESIAN_POINT('',(6.28318530718,-0.));
#4853 = VECTOR('',#4854,1.);
#4854 = DIRECTION('',(0.,1.));
#4855 = ( GEOMETRIC_REPRESENTATION_CONTEXT(2) 
PARAMETRIC_REPRESENTATION_CONTEXT() REPRESENTATION_CONTEXT('2D SPACE',''
  ) );
#4856 = ORIENTED_EDGE('',*,*,#4857,.T.);
#4857 = EDGE_CURVE('',#4835,#4858,#4860,.T.);
#4858 = VERTEX_POINT('',#4859);
#4859 = CARTESIAN_POINT('',(-67.5,26.,69.4));
#4860 = SEAM_CURVE('',#4861,(#4865,#4872),.PCURVE_S1.);
#4861 = LINE('',#4862,#4863);
#4862 = CARTESIAN_POINT('',(-195.,26.,69.4));
#4863 = VECTOR('',#4864,1.);
#4864 = DIRECTION('',(1.,0.,0.));
#4865 = PCURVE('',#2514,#4866);
#4866 = DEFINITIONAL_REPRESENTATION('',(#4867),#4871);
#4867 = LINE('',#4868,#4869);
#4868 = CARTESIAN_POINT('',(0.,-0.));
#4869 = VECTOR('',#4870,1.);
#4870 = DIRECTION('',(0.,1.));
#4871 = ( GEOMETRIC_REPRESENTATION_CONTEXT(2) 
PARAMETRIC_REPRESENTATION_CONTEXT() REPRESENTATION_CONTEXT('2D SPACE',''
  ) );
#4872 = PCURVE('',#2514,#4873);
#4873 = DEFINITIONAL_REPRESENTATION('',(#4874),#4878);
#4874 = LINE('',#4875,#4876);
#4875 = CARTESIAN_POINT('',(6.28318530718,-0.));
#4876 = VECTOR('',#4877,1.);
#4877 = DIRECTION('',(0.,1.));
#4878 = ( GEOMETRIC_REPRESENTATION_CONTEXT(2) 
PARAMETRIC_REPRESENTATION_CONTEXT() REPRESENTATION_CONTEXT('2D SPACE',''
  ) );
#4879 = ORIENTED_EDGE('',*,*,#4880,.T.);
#4880 = EDGE_CURVE('',#4858,#4881,#4883,.T.);
#4881 = VERTEX_POINT('',#4882);
#4882 = CARTESIAN_POINT('',(-22.5,26.,69.4));
#4883 = SEAM_CURVE('',#4884,(#4888,#4895),.PCURVE_S1.);
#4884 = LINE('',#4885,#4886);
#4885 = CARTESIAN_POINT('',(-195.,26.,69.4));
#4886 = VECTOR('',#4887,1.);
#4887 = DIRECTION('',(1.,0.,0.));
#4888 = PCURVE('',#2514,#4889);
#4889 = DEFINITIONAL_REPRESENTATION('',(#4890),#4894);
#4890 = LINE('',#4891,#4892);
#4891 = CARTESIAN_POINT('',(0.,-0.));
#4892 = VECTOR('',#4893,1.);
#4893 = DIRECTION('',(0.,1.));
#4894 = ( GEOMETRIC_REPRESENTATION_CONTEXT(2) 
PARAMETRIC_REPRESENTATION_CONTEXT() REPRESENTATION_CONTEXT('2D SPACE',''
  ) );
#4895 = PCURVE('',#2514,#4896);
#4896 = DEFINITIONAL_REPRESENTATION('',(#4897),#4901);
#4897 = LINE('',#4898,#4899);
#4898 = CARTESIAN_POINT('',(6.28318530718,-0.));
#4899 = VECTOR('',#4900,1.);
#4900 = DIRECTION('',(0.,1.));
#4901 = ( GEOMETRIC_REPRESENTATION_CONTEXT(2) 
PARAMETRIC_REPRESENTATION_CONTEXT() REPRESENTATION_CONTEXT('2D SPACE',''
  ) );
#4902 = ORIENTED_EDGE('',*,*,#4903,.T.);
#4903 = EDGE_CURVE('',#4881,#4904,#4906,.T.);
#4904 = VERTEX_POINT('',#4905);
#4905 = CARTESIAN_POINT('',(22.5,26.,69.4));
#4906 = SEAM_CURVE('',#4907,(#4911,#4918),.PCURVE_S1.);
#4907 = LINE('',#4908,#4909);
#4908 = CARTESIAN_POINT('',(-195.,26.,69.4));
#4909 = VECTOR('',#4910,1.);
#4910 = DIRECTION('',(1.,0.,0.));
#4911 = PCURVE('',#2514,#4912);
#4912 = DEFINITIONAL_REPRESENTATION('',(#4913),#4917);
#4913 = LINE('',#4914,#4915);
#4914 = CARTESIAN_POINT('',(0.,-0.));
#4915 = VECTOR('',#4916,1.);
#4916 = DIRECTION('',(0.,1.));
#4917 = ( GEOMETRIC_REPRESENTATION_CONTEXT(2) 
PARAMETRIC_REPRESENTATION_CONTEXT() REPRESENTATION_CONTEXT('2D SPACE',''
  ) );
#4918 = PCURVE('',#2514,#4919);
#4919 = DEFINITIONAL_REPRESENTATION('',(#4920),#4924);
#4920 = LINE('',#4921,#4922);
#4921 = CARTESIAN_POINT('',(6.28318530718,-0.));
#4922 = VECTOR('',#4923,1.);
#4923 = DIRECTION('',(0.,1.));
#4924 = ( GEOMETRIC_REPRESENTATION_CONTEXT(2) 
PARAMETRIC_REPRESENTATION_CONTEXT() REPRESENTATION_CONTEXT('2D SPACE',''
  ) );
#4925 = ORIENTED_EDGE('',*,*,#4926,.T.);
#4926 = EDGE_CURVE('',#4904,#4927,#4929,.T.);
#4927 = VERTEX_POINT('',#4928);
#4928 = CARTESIAN_POINT('',(67.5,26.,69.4));
#4929 = SEAM_CURVE('',#4930,(#4934,#4941),.PCURVE_S1.);
#4930 = LINE('',#4931,#4932);
#4931 = CARTESIAN_POINT('',(-195.,26.,69.4));
#4932 = VECTOR('',#4933,1.);
#4933 = DIRECTION('',(1.,0.,0.));
#4934 = PCURVE('',#2514,#4935);
#4935 = DEFINITIONAL_REPRESENTATION('',(#4936),#4940);
#4936 = LINE('',#4937,#4938);
#4937 = CARTESIAN_POINT('',(0.,-0.));
#4938 = VECTOR('',#4939,1.);
#4939 = DIRECTION('',(0.,1.));
#4940 = ( GEOMETRIC_REPRESENTATION_CONTEXT(2) 
PARAMETRIC_REPRESENTATION_CONTEXT() REPRESENTATION_CONTEXT('2D SPACE',''
  ) );
#4941 = PCURVE('',#2514,#4942);
#4942 = DEFINITIONAL_REPRESENTATION('',(#4943),#4947);
#4943 = LINE('',#4944,#4945);
#4944 = CARTESIAN_POINT('',(6.28318530718,-0.));
#4945 = VECTOR('',#4946,1.);
#4946 = DIRECTION('',(0.,1.));
#4947 = ( GEOMETRIC_REPRESENTATION_CONTEXT(2) 
PARAMETRIC_REPRESENTATION_CONTEXT() REPRESENTATION_CONTEXT('2D SPACE',''
  ) );
#4948 = ORIENTED_EDGE('',*,*,#4949,.T.);
#4949 = EDGE_CURVE('',#4927,#4950,#4952,.T.);
#4950 = VERTEX_POINT('',#4951);
#4951 = CARTESIAN_POINT('',(112.5,26.,69.4));
#4952 = SEAM_CURVE('',#4953,(#4957,#4964),.PCURVE_S1.);
#4953 = LINE('',#4954,#4955);
#4954 = CARTESIAN_POINT('',(-195.,26.,69.4));
#4955 = VECTOR('',#4956,1.);
#4956 = DIRECTION('',(1.,0.,0.));
#4957 = PCURVE('',#2514,#4958);
#4958 = DEFINITIONAL_REPRESENTATION('',(#4959),#4963);
#4959 = LINE('',#4960,#4961);
#4960 = CARTESIAN_POINT('',(0.,-0.));
#4961 = VECTOR('',#4962,1.);
#4962 = DIRECTION('',(0.,1.));
#4963 = ( GEOMETRIC_REPRESENTATION_CONTEXT(2) 
PARAMETRIC_REPRESENTATION_CONTEXT() REPRESENTATION_CONTEXT('2D SPACE',''
  ) );
#4964 = PCURVE('',#2514,#4965);
#4965 = DEFINITIONAL_REPRESENTATION('',(#4966),#4970);
#4966 = LINE('',#4967,#4968);
#4967 = CARTESIAN_POINT('',(6.28318530718,-0.));
#4968 = VECTOR('',#4969,1.);
#4969 = DIRECTION('',(0.,1.));
#4970 = ( GEOMETRIC_REPRESENTATION_CONTEXT(2) 
PARAMETRIC_REPRESENTATION_CONTEXT() REPRESENTATION_CONTEXT('2D SPACE',''
  ) );
#4971 = ORIENTED_EDGE('',*,*,#4972,.T.);
#4972 = EDGE_CURVE('',#4950,#4973,#4975,.T.);
#4973 = VERTEX_POINT('',#4974);
#4974 = CARTESIAN_POINT('',(157.5,26.,69.4));
#4975 = SEAM_CURVE('',#4976,(#4980,#4987),.PCURVE_S1.);
#4976 = LINE('',#4977,#4978);
#4977 = CARTESIAN_POINT('',(-195.,26.,69.4));
#4978 = VECTOR('',#4979,1.);
#4979 = DIRECTION('',(1.,0.,0.));
#4980 = PCURVE('',#2514,#4981);
#4981 = DEFINITIONAL_REPRESENTATION('',(#4982),#4986);
#4982 = LINE('',#4983,#4984);
#4983 = CARTESIAN_POINT('',(0.,-0.));
#4984 = VECTOR('',#4985,1.);
#4985 = DIRECTION('',(0.,1.));
#4986 = ( GEOMETRIC_REPRESENTATION_CONTEXT(2) 
PARAMETRIC_REPRESENTATION_CONTEXT() REPRESENTATION_CONTEXT('2D SPACE',''
  ) );
#4987 = PCURVE('',#2514,#4988);
#4988 = DEFINITIONAL_REPRESENTATION('',(#4989),#4993);
#4989 = LINE('',#4990,#4991);
#4990 = CARTESIAN_POINT('',(6.28318530718,-0.));
#4991 = VECTOR('',#4992,1.);
#4992 = DIRECTION('',(0.,1.));
#4993 = ( GEOMETRIC_REPRESENTATION_CONTEXT(2) 
PARAMETRIC_REPRESENTATION_CONTEXT() REPRESENTATION_CONTEXT('2D SPACE',''
  ) );
#4994 = ORIENTED_EDGE('',*,*,#4995,.T.);
#4995 = EDGE_CURVE('',#4973,#2498,#4996,.T.);
#4996 = SEAM_CURVE('',#4997,(#5001,#5008),.PCURVE_S1.);
#4997 = LINE('',#4998,#4999);
#4998 = CARTESIAN_POINT('',(-195.,26.,69.4));
#4999 = VECTOR('',#5000,1.);
#5000 = DIRECTION('',(1.,0.,0.));
#5001 = PCURVE('',#2514,#5002);
#5002 = DEFINITIONAL_REPRESENTATION('',(#5003),#5007);
#5003 = LINE('',#5004,#5005);
#5004 = CARTESIAN_POINT('',(0.,-0.));
#5005 = VECTOR('',#5006,1.);
#5006 = DIRECTION('',(0.,1.));
#5007 = ( GEOMETRIC_REPRESENTATION_CONTEXT(2) 
PARAMETRIC_REPRESENTATION_CONTEXT() REPRESENTATION_CONTEXT('2D SPACE',''
  ) );
#5008 = PCURVE('',#2514,#5009);
#5009 = DEFINITIONAL_REPRESENTATION('',(#5010),#5014);
#5010 = LINE('',#5011,#5012);
#5011 = CARTESIAN_POINT('',(6.28318530718,-0.));
#5012 = VECTOR('',#5013,1.);
#5013 = DIRECTION('',(0.,1.));
#5014 = ( GEOMETRIC_REPRESENTATION_CONTEXT(2) 
PARAMETRIC_REPRESENTATION_CONTEXT() REPRESENTATION_CONTEXT('2D SPACE',''
  ) );
#5015 = ORIENTED_EDGE('',*,*,#2497,.T.);
#5016 = ORIENTED_EDGE('',*,*,#2526,.T.);
#5017 = ORIENTED_EDGE('',*,*,#4995,.F.);
#5018 = ORIENTED_EDGE('',*,*,#4972,.F.);
#5019 = ORIENTED_EDGE('',*,*,#4949,.F.);
#5020 = ORIENTED_EDGE('',*,*,#4926,.F.);
#5021 = ORIENTED_EDGE('',*,*,#4903,.F.);
#5022 = ORIENTED_EDGE('',*,*,#4880,.F.);
#5023 = ORIENTED_EDGE('',*,*,#4857,.F.);
#5024 = ORIENTED_EDGE('',*,*,#4834,.F.);
#5025 = FACE_BOUND('',#5026,.F.);
#5026 = EDGE_LOOP('',(#5027,#5084,#5120));
#5027 = ORIENTED_EDGE('',*,*,#5028,.F.);
#5028 = EDGE_CURVE('',#5029,#5031,#5033,.T.);
#5029 = VERTEX_POINT('',#5030);
#5030 = CARTESIAN_POINT('',(-22.5,26.,69.4));
#5031 = VERTEX_POINT('',#5032);
#5032 = CARTESIAN_POINT('',(-22.5,26.,57.6));
#5033 = SURFACE_CURVE('',#5034,(#5039,#5059),.PCURVE_S1.);
#5034 = ELLIPSE('',#5035,8.343860018001,5.9);
#5035 = AXIS2_PLACEMENT_3D('',#5036,#5037,#5038);
#5036 = CARTESIAN_POINT('',(-22.5,26.,63.5));
#5037 = DIRECTION('',(0.707106781187,-0.707106781187,0.));
#5038 = DIRECTION('',(0.707106781187,0.707106781187,0.));
#5039 = PCURVE('',#2514,#5040);
#5040 = DEFINITIONAL_REPRESENTATION('',(#5041),#5058);
#5041 = B_SPLINE_CURVE_WITH_KNOTS('',8,(#5042,#5043,#5044,#5045,#5046,
    #5047,#5048,#5049,#5050,#5051,#5052,#5053,#5054,#5055,#5056,#5057),
  .UNSPECIFIED.,.F.,.F.,(9,7,9),(1.570796215333,3.141592592975,
    4.712388970617),.UNSPECIFIED.);
#5042 = CARTESIAN_POINT('',(-1.114623504606E-07,172.50000065762));
#5043 = CARTESIAN_POINT('',(0.196349435743,171.34153832911));
#5044 = CARTESIAN_POINT('',(0.392698982948,170.18307569652));
#5045 = CARTESIAN_POINT('',(0.589048530153,169.09267222355));
#5046 = CARTESIAN_POINT('',(0.785398077356,168.13837373387));
#5047 = CARTESIAN_POINT('',(0.981747624563,167.37987378341));
#5048 = CARTESIAN_POINT('',(1.178097171769,166.85995873556));
#5049 = CARTESIAN_POINT('',(1.374446718975,166.60000007022));
#5050 = CARTESIAN_POINT('',(1.767145813385,166.59999992978));
#5051 = CARTESIAN_POINT('',(1.963495360591,166.85995845446));
#5052 = CARTESIAN_POINT('',(2.15984490779,167.37987337117));
#5053 = CARTESIAN_POINT('',(2.356194455005,168.13837320412));
#5054 = CARTESIAN_POINT('',(2.552544002202,169.09267160363));
#5055 = CARTESIAN_POINT('',(2.748893549412,170.1830750126));
#5056 = CARTESIAN_POINT('',(2.945243096617,171.34153761386));
#5057 = CARTESIAN_POINT('',(3.141592643822,172.49999994237));
#5058 = ( GEOMETRIC_REPRESENTATION_CONTEXT(2) 
PARAMETRIC_REPRESENTATION_CONTEXT() REPRESENTATION_CONTEXT('2D SPACE',''
  ) );
#5059 = PCURVE('',#5060,#5065);
#5060 = CYLINDRICAL_SURFACE('',#5061,5.9);
#5061 = AXIS2_PLACEMENT_3D('',#5062,#5063,#5064);
#5062 = CARTESIAN_POINT('',(-22.5,-6.,63.5));
#5063 = DIRECTION('',(0.,1.,0.));
#5064 = DIRECTION('',(0.,-0.,1.));
#5065 = DEFINITIONAL_REPRESENTATION('',(#5066),#5083);
#5066 = B_SPLINE_CURVE_WITH_KNOTS('',8,(#5067,#5068,#5069,#5070,#5071,
    #5072,#5073,#5074,#5075,#5076,#5077,#5078,#5079,#5080,#5081,#5082),
  .UNSPECIFIED.,.F.,.F.,(9,7,9),(1.570796215333,3.141592592975,
    4.712388970617),.UNSPECIFIED.);
#5067 = CARTESIAN_POINT('',(6.283185418642,32.000000657628));
#5068 = CARTESIAN_POINT('',(6.086835871437,30.841538329117));
#5069 = CARTESIAN_POINT('',(5.890486324232,29.68307569656));
#5070 = CARTESIAN_POINT('',(5.694136777026,28.592672223622));
#5071 = CARTESIAN_POINT('',(5.497787229825,27.63837373414));
#5072 = CARTESIAN_POINT('',(5.301437682614,26.879873783592));
#5073 = CARTESIAN_POINT('',(5.105088135411,26.359958735573));
#5074 = CARTESIAN_POINT('',(4.908738588205,26.10000007022));
#5075 = CARTESIAN_POINT('',(4.516039493794,26.09999992978));
#5076 = CARTESIAN_POINT('',(4.319689946588,26.359958454723));
#5077 = CARTESIAN_POINT('',(4.123340399389,26.879873370438));
#5078 = CARTESIAN_POINT('',(3.926990852175,27.63837320547));
#5079 = CARTESIAN_POINT('',(3.730641304978,28.592671602825));
#5080 = CARTESIAN_POINT('',(3.534291757768,29.683075012844));
#5081 = CARTESIAN_POINT('',(3.337942210563,30.841537613861));
#5082 = CARTESIAN_POINT('',(3.141592663357,31.999999942372));
#5083 = ( GEOMETRIC_REPRESENTATION_CONTEXT(2) 
PARAMETRIC_REPRESENTATION_CONTEXT() REPRESENTATION_CONTEXT('2D SPACE',''
  ) );
#5084 = ORIENTED_EDGE('',*,*,#5085,.T.);
#5085 = EDGE_CURVE('',#5029,#5086,#5088,.T.);
#5086 = VERTEX_POINT('',#5087);
#5087 = CARTESIAN_POINT('',(-16.6,20.1,63.5));
#5088 = SURFACE_CURVE('',#5089,(#5094,#5107),.PCURVE_S1.);
#5089 = ELLIPSE('',#5090,8.343860018001,5.9);
#5090 = AXIS2_PLACEMENT_3D('',#5091,#5092,#5093);
#5091 = CARTESIAN_POINT('',(-22.5,26.,63.5));
#5092 = DIRECTION('',(0.707106781187,0.707106781187,0.));
#5093 = DIRECTION('',(0.707106781187,-0.707106781187,0.));
#5094 = PCURVE('',#2514,#5095);
#5095 = DEFINITIONAL_REPRESENTATION('',(#5096),#5106);
#5096 = B_SPLINE_CURVE_WITH_KNOTS('',8,(#5097,#5098,#5099,#5100,#5101,
    #5102,#5103,#5104,#5105),.UNSPECIFIED.,.F.,.F.,(9,9),(4.712388868922
    ,6.28318530718),.PIECEWISE_BEZIER_KNOTS.);
#5097 = CARTESIAN_POINT('',(-1.114623504606E-07,172.49999934237));
#5098 = CARTESIAN_POINT('',(0.19634944332,173.65846171558));
#5099 = CARTESIAN_POINT('',(0.392698998101,174.81692439289));
#5100 = CARTESIAN_POINT('',(0.589048552885,175.90732790163));
#5101 = CARTESIAN_POINT('',(0.785398107662,176.86162641396));
#5102 = CARTESIAN_POINT('',(0.981747662448,177.62012636175));
#5103 = CARTESIAN_POINT('',(1.17809721723,178.14004138487));
#5104 = CARTESIAN_POINT('',(1.374446772013,178.4));
#5105 = CARTESIAN_POINT('',(1.570796326795,178.4));
#5106 = ( GEOMETRIC_REPRESENTATION_CONTEXT(2) 
PARAMETRIC_REPRESENTATION_CONTEXT() REPRESENTATION_CONTEXT('2D SPACE',''
  ) );
#5107 = PCURVE('',#5060,#5108);
#5108 = DEFINITIONAL_REPRESENTATION('',(#5109),#5119);
#5109 = B_SPLINE_CURVE_WITH_KNOTS('',8,(#5110,#5111,#5112,#5113,#5114,
    #5115,#5116,#5117,#5118),.UNSPECIFIED.,.F.,.F.,(9,9),(4.712388868922
    ,6.28318530718),.PIECEWISE_BEZIER_KNOTS.);
#5110 = CARTESIAN_POINT('',(-1.114623504606E-07,32.000000657628));
#5111 = CARTESIAN_POINT('',(0.19634944332,30.841538284413));
#5112 = CARTESIAN_POINT('',(0.392698998101,29.68307560713));
#5113 = CARTESIAN_POINT('',(0.589048552885,28.592672097416));
#5114 = CARTESIAN_POINT('',(0.785398107662,27.638373586732));
#5115 = CARTESIAN_POINT('',(0.981747662448,26.879873637282));
#5116 = CARTESIAN_POINT('',(1.17809721723,26.35995861518));
#5117 = CARTESIAN_POINT('',(1.374446772013,26.1));
#5118 = CARTESIAN_POINT('',(1.570796326795,26.1));
#5119 = ( GEOMETRIC_REPRESENTATION_CONTEXT(2) 
PARAMETRIC_REPRESENTATION_CONTEXT() REPRESENTATION_CONTEXT('2D SPACE',''
  ) );
#5120 = ORIENTED_EDGE('',*,*,#5121,.T.);
#5121 = EDGE_CURVE('',#5086,#5031,#5122,.T.);
#5122 = SURFACE_CURVE('',#5123,(#5128,#5141),.PCURVE_S1.);
#5123 = ELLIPSE('',#5124,8.343860018001,5.9);
#5124 = AXIS2_PLACEMENT_3D('',#5125,#5126,#5127);
#5125 = CARTESIAN_POINT('',(-22.5,26.,63.5));
#5126 = DIRECTION('',(0.707106781187,0.707106781187,0.));
#5127 = DIRECTION('',(0.707106781187,-0.707106781187,0.));
#5128 = PCURVE('',#2514,#5129);
#5129 = DEFINITIONAL_REPRESENTATION('',(#5130),#5140);
#5130 = B_SPLINE_CURVE_WITH_KNOTS('',8,(#5131,#5132,#5133,#5134,#5135,
    #5136,#5137,#5138,#5139),.UNSPECIFIED.,.F.,.F.,(9,9),(0.,
    1.570796438257),.PIECEWISE_BEZIER_KNOTS.);
#5131 = CARTESIAN_POINT('',(1.570796326795,178.4));
#5132 = CARTESIAN_POINT('',(1.767145881577,178.4));
#5133 = CARTESIAN_POINT('',(1.963495436358,178.14004138453));
#5134 = CARTESIAN_POINT('',(2.159844991139,177.62012636327));
#5135 = CARTESIAN_POINT('',(2.356194545919,176.8616264115));
#5136 = CARTESIAN_POINT('',(2.552544100704,175.90732790294));
#5137 = CARTESIAN_POINT('',(2.748893655487,174.81692439259));
#5138 = CARTESIAN_POINT('',(2.94524321027,173.65846171558));
#5139 = CARTESIAN_POINT('',(3.141592765052,172.49999934237));
#5140 = ( GEOMETRIC_REPRESENTATION_CONTEXT(2) 
PARAMETRIC_REPRESENTATION_CONTEXT() REPRESENTATION_CONTEXT('2D SPACE',''
  ) );
#5141 = PCURVE('',#5060,#5142);
#5142 = DEFINITIONAL_REPRESENTATION('',(#5143),#5153);
#5143 = B_SPLINE_CURVE_WITH_KNOTS('',8,(#5144,#5145,#5146,#5147,#5148,
    #5149,#5150,#5151,#5152),.UNSPECIFIED.,.F.,.F.,(9,9),(0.,
    1.570796438257),.PIECEWISE_BEZIER_KNOTS.);
#5144 = CARTESIAN_POINT('',(1.570796326795,26.1));
#5145 = CARTESIAN_POINT('',(1.767145881577,26.1));
#5146 = CARTESIAN_POINT('',(1.963495436358,26.359958615176));
#5147 = CARTESIAN_POINT('',(2.159844991139,26.879873637305));
#5148 = CARTESIAN_POINT('',(2.356194545919,27.638373586769));
#5149 = CARTESIAN_POINT('',(2.552544100704,28.59267209748));
#5150 = CARTESIAN_POINT('',(2.748893655487,29.683075607145));
#5151 = CARTESIAN_POINT('',(2.94524321027,30.841538284413));
#5152 = CARTESIAN_POINT('',(3.141592765052,32.000000657628));
#5153 = ( GEOMETRIC_REPRESENTATION_CONTEXT(2) 
PARAMETRIC_REPRESENTATION_CONTEXT() REPRESENTATION_CONTEXT('2D SPACE',''
  ) );
#5154 = FACE_BOUND('',#5155,.F.);
#5155 = EDGE_LOOP('',(#5156,#5213,#5249));
#5156 = ORIENTED_EDGE('',*,*,#5157,.F.);
#5157 = EDGE_CURVE('',#5158,#5160,#5162,.T.);
#5158 = VERTEX_POINT('',#5159);
#5159 = CARTESIAN_POINT('',(-157.5,26.,69.4));
#5160 = VERTEX_POINT('',#5161);
#5161 = CARTESIAN_POINT('',(-157.5,26.,57.6));
#5162 = SURFACE_CURVE('',#5163,(#5168,#5188),.PCURVE_S1.);
#5163 = ELLIPSE('',#5164,8.343860018001,5.9);
#5164 = AXIS2_PLACEMENT_3D('',#5165,#5166,#5167);
#5165 = CARTESIAN_POINT('',(-157.5,26.,63.5));
#5166 = DIRECTION('',(0.707106781187,-0.707106781187,0.));
#5167 = DIRECTION('',(0.707106781187,0.707106781187,0.));
#5168 = PCURVE('',#2514,#5169);
#5169 = DEFINITIONAL_REPRESENTATION('',(#5170),#5187);
#5170 = B_SPLINE_CURVE_WITH_KNOTS('',8,(#5171,#5172,#5173,#5174,#5175,
    #5176,#5177,#5178,#5179,#5180,#5181,#5182,#5183,#5184,#5185,#5186),
  .UNSPECIFIED.,.F.,.F.,(9,7,9),(1.570796215333,3.141592592975,
    4.712388970617),.UNSPECIFIED.);
#5171 = CARTESIAN_POINT('',(-1.114623504606E-07,37.500000657628));
#5172 = CARTESIAN_POINT('',(0.196349435743,36.341538329117));
#5173 = CARTESIAN_POINT('',(0.392698982948,35.183075696586));
#5174 = CARTESIAN_POINT('',(0.589048530153,34.092672223512));
#5175 = CARTESIAN_POINT('',(0.785398077356,33.138373734324));
#5176 = CARTESIAN_POINT('',(0.981747624563,32.379873783465));
#5177 = CARTESIAN_POINT('',(1.178097171769,31.859958735596));
#5178 = CARTESIAN_POINT('',(1.374446718975,31.60000007022));
#5179 = CARTESIAN_POINT('',(1.767145813385,31.59999992978));
#5180 = CARTESIAN_POINT('',(1.963495360591,31.859958454681));
#5181 = CARTESIAN_POINT('',(2.15984490779,32.379873370601));
#5182 = CARTESIAN_POINT('',(2.356194455005,33.138373205302));
#5183 = CARTESIAN_POINT('',(2.552544002202,34.092671603031));
#5184 = CARTESIAN_POINT('',(2.748893549412,35.183075012806));
#5185 = CARTESIAN_POINT('',(2.945243096617,36.341537613861));
#5186 = CARTESIAN_POINT('',(3.141592643822,37.499999942372));
#5187 = ( GEOMETRIC_REPRESENTATION_CONTEXT(2) 
PARAMETRIC_REPRESENTATION_CONTEXT() REPRESENTATION_CONTEXT('2D SPACE',''
  ) );
#5188 = PCURVE('',#5189,#5194);
#5189 = CYLINDRICAL_SURFACE('',#5190,5.9);
#5190 = AXIS2_PLACEMENT_3D('',#5191,#5192,#5193);
#5191 = CARTESIAN_POINT('',(-157.5,-6.,63.5));
#5192 = DIRECTION('',(0.,1.,0.));
#5193 = DIRECTION('',(0.,-0.,1.));
#5194 = DEFINITIONAL_REPRESENTATION('',(#5195),#5212);
#5195 = B_SPLINE_CURVE_WITH_KNOTS('',8,(#5196,#5197,#5198,#5199,#5200,
    #5201,#5202,#5203,#5204,#5205,#5206,#5207,#5208,#5209,#5210,#5211),
  .UNSPECIFIED.,.F.,.F.,(9,7,9),(1.570796215333,3.141592592975,
    4.712388970617),.UNSPECIFIED.);
#5196 = CARTESIAN_POINT('',(6.283185418642,32.000000657628));
#5197 = CARTESIAN_POINT('',(6.086835871437,30.841538329117));
#5198 = CARTESIAN_POINT('',(5.890486324231,29.68307569656));
#5199 = CARTESIAN_POINT('',(5.69413677703,28.592672223622));
#5200 = CARTESIAN_POINT('',(5.497787229819,27.63837373414));
#5201 = CARTESIAN_POINT('',(5.301437682618,26.879873783592));
#5202 = CARTESIAN_POINT('',(5.10508813541,26.359958735573));
#5203 = CARTESIAN_POINT('',(4.908738588205,26.10000007022));
#5204 = CARTESIAN_POINT('',(4.516039493794,26.09999992978));
#5205 = CARTESIAN_POINT('',(4.319689946587,26.359958454723));
#5206 = CARTESIAN_POINT('',(4.123340399393,26.879873370438));
#5207 = CARTESIAN_POINT('',(3.92699085217,27.63837320547));
#5208 = CARTESIAN_POINT('',(3.730641304982,28.592671602825));
#5209 = CARTESIAN_POINT('',(3.534291757767,29.683075012844));
#5210 = CARTESIAN_POINT('',(3.337942210563,30.841537613861));
#5211 = CARTESIAN_POINT('',(3.141592663357,31.999999942372));
#5212 = ( GEOMETRIC_REPRESENTATION_CONTEXT(2) 
PARAMETRIC_REPRESENTATION_CONTEXT() REPRESENTATION_CONTEXT('2D SPACE',''
  ) );
#5213 = ORIENTED_EDGE('',*,*,#5214,.T.);
#5214 = EDGE_CURVE('',#5158,#5215,#5217,.T.);
#5215 = VERTEX_POINT('',#5216);
#5216 = CARTESIAN_POINT('',(-151.6,20.1,63.5));
#5217 = SURFACE_CURVE('',#5218,(#5223,#5236),.PCURVE_S1.);
#5218 = ELLIPSE('',#5219,8.343860018001,5.9);
#5219 = AXIS2_PLACEMENT_3D('',#5220,#5221,#5222);
#5220 = CARTESIAN_POINT('',(-157.5,26.,63.5));
#5221 = DIRECTION('',(0.707106781187,0.707106781187,0.));
#5222 = DIRECTION('',(0.707106781187,-0.707106781187,0.));
#5223 = PCURVE('',#2514,#5224);
#5224 = DEFINITIONAL_REPRESENTATION('',(#5225),#5235);
#5225 = B_SPLINE_CURVE_WITH_KNOTS('',8,(#5226,#5227,#5228,#5229,#5230,
    #5231,#5232,#5233,#5234),.UNSPECIFIED.,.F.,.F.,(9,9),(4.712388868922
    ,6.28318530718),.PIECEWISE_BEZIER_KNOTS.);
#5226 = CARTESIAN_POINT('',(-1.114623504606E-07,37.499999342372));
#5227 = CARTESIAN_POINT('',(0.19634944332,38.658461715587));
#5228 = CARTESIAN_POINT('',(0.392698998101,39.816924392812));
#5229 = CARTESIAN_POINT('',(0.589048552885,40.907327902533));
#5230 = CARTESIAN_POINT('',(0.785398107662,41.86162641307));
#5231 = CARTESIAN_POINT('',(0.981747662448,42.620126362697));
#5232 = CARTESIAN_POINT('',(1.17809721723,43.140041384773));
#5233 = CARTESIAN_POINT('',(1.374446772013,43.4));
#5234 = CARTESIAN_POINT('',(1.570796326795,43.4));
#5235 = ( GEOMETRIC_REPRESENTATION_CONTEXT(2) 
PARAMETRIC_REPRESENTATION_CONTEXT() REPRESENTATION_CONTEXT('2D SPACE',''
  ) );
#5236 = PCURVE('',#5189,#5237);
#5237 = DEFINITIONAL_REPRESENTATION('',(#5238),#5248);
#5238 = B_SPLINE_CURVE_WITH_KNOTS('',8,(#5239,#5240,#5241,#5242,#5243,
    #5244,#5245,#5246,#5247),.UNSPECIFIED.,.F.,.F.,(9,9),(4.712388868922
    ,6.28318530718),.PIECEWISE_BEZIER_KNOTS.);
#5239 = CARTESIAN_POINT('',(-1.114623522369E-07,32.000000657628));
#5240 = CARTESIAN_POINT('',(0.19634944332,30.841538284413));
#5241 = CARTESIAN_POINT('',(0.392698998102,29.68307560713));
#5242 = CARTESIAN_POINT('',(0.589048552883,28.592672097416));
#5243 = CARTESIAN_POINT('',(0.785398107667,27.638373586732));
#5244 = CARTESIAN_POINT('',(0.981747662446,26.879873637282));
#5245 = CARTESIAN_POINT('',(1.17809721723,26.35995861518));
#5246 = CARTESIAN_POINT('',(1.374446772013,26.1));
#5247 = CARTESIAN_POINT('',(1.570796326795,26.1));
#5248 = ( GEOMETRIC_REPRESENTATION_CONTEXT(2) 
PARAMETRIC_REPRESENTATION_CONTEXT() REPRESENTATION_CONTEXT('2D SPACE',''
  ) );
#5249 = ORIENTED_EDGE('',*,*,#5250,.T.);
#5250 = EDGE_CURVE('',#5215,#5160,#5251,.T.);
#5251 = SURFACE_CURVE('',#5252,(#5257,#5270),.PCURVE_S1.);
#5252 = ELLIPSE('',#5253,8.343860018001,5.9);
#5253 = AXIS2_PLACEMENT_3D('',#5254,#5255,#5256);
#5254 = CARTESIAN_POINT('',(-157.5,26.,63.5));
#5255 = DIRECTION('',(0.707106781187,0.707106781187,0.));
#5256 = DIRECTION('',(0.707106781187,-0.707106781187,0.));
#5257 = PCURVE('',#2514,#5258);
#5258 = DEFINITIONAL_REPRESENTATION('',(#5259),#5269);
#5259 = B_SPLINE_CURVE_WITH_KNOTS('',8,(#5260,#5261,#5262,#5263,#5264,
    #5265,#5266,#5267,#5268),.UNSPECIFIED.,.F.,.F.,(9,9),(0.,
    1.570796438257),.PIECEWISE_BEZIER_KNOTS.);
#5260 = CARTESIAN_POINT('',(1.570796326795,43.4));
#5261 = CARTESIAN_POINT('',(1.767145881577,43.4));
#5262 = CARTESIAN_POINT('',(1.963495436358,43.140041384784));
#5263 = CARTESIAN_POINT('',(2.15984499114,42.620126362687));
#5264 = CARTESIAN_POINT('',(2.35619454592,41.861626413048));
#5265 = CARTESIAN_POINT('',(2.552544100701,40.907327902485));
#5266 = CARTESIAN_POINT('',(2.748893655487,39.816924392823));
#5267 = CARTESIAN_POINT('',(2.94524321027,38.658461715587));
#5268 = CARTESIAN_POINT('',(3.141592765052,37.499999342372));
#5269 = ( GEOMETRIC_REPRESENTATION_CONTEXT(2) 
PARAMETRIC_REPRESENTATION_CONTEXT() REPRESENTATION_CONTEXT('2D SPACE',''
  ) );
#5270 = PCURVE('',#5189,#5271);
#5271 = DEFINITIONAL_REPRESENTATION('',(#5272),#5282);
#5272 = B_SPLINE_CURVE_WITH_KNOTS('',8,(#5273,#5274,#5275,#5276,#5277,
    #5278,#5279,#5280,#5281),.UNSPECIFIED.,.F.,.F.,(9,9),(0.,
    1.570796438257),.PIECEWISE_BEZIER_KNOTS.);
#5273 = CARTESIAN_POINT('',(1.570796326795,26.1));
#5274 = CARTESIAN_POINT('',(1.767145881577,26.1));
#5275 = CARTESIAN_POINT('',(1.963495436358,26.359958615168));
#5276 = CARTESIAN_POINT('',(2.159844991142,26.879873637337));
#5277 = CARTESIAN_POINT('',(2.356194545915,27.638373586699));
#5278 = CARTESIAN_POINT('',(2.552544100708,28.592672097511));
#5279 = CARTESIAN_POINT('',(2.748893655486,29.683075607137));
#5280 = CARTESIAN_POINT('',(2.94524321027,30.841538284413));
#5281 = CARTESIAN_POINT('',(3.141592765052,32.000000657628));
#5282 = ( GEOMETRIC_REPRESENTATION_CONTEXT(2) 
PARAMETRIC_REPRESENTATION_CONTEXT() REPRESENTATION_CONTEXT('2D SPACE',''
  ) );
#5283 = FACE_BOUND('',#5284,.F.);
#5284 = EDGE_LOOP('',(#5285,#5342,#5378));
#5285 = ORIENTED_EDGE('',*,*,#5286,.F.);
#5286 = EDGE_CURVE('',#5287,#5289,#5291,.T.);
#5287 = VERTEX_POINT('',#5288);
#5288 = CARTESIAN_POINT('',(-112.5,26.,69.4));
#5289 = VERTEX_POINT('',#5290);
#5290 = CARTESIAN_POINT('',(-112.5,26.,57.6));
#5291 = SURFACE_CURVE('',#5292,(#5297,#5317),.PCURVE_S1.);
#5292 = ELLIPSE('',#5293,8.343860018001,5.9);
#5293 = AXIS2_PLACEMENT_3D('',#5294,#5295,#5296);
#5294 = CARTESIAN_POINT('',(-112.5,26.,63.5));
#5295 = DIRECTION('',(0.707106781187,-0.707106781187,0.));
#5296 = DIRECTION('',(0.707106781187,0.707106781187,0.));
#5297 = PCURVE('',#2514,#5298);
#5298 = DEFINITIONAL_REPRESENTATION('',(#5299),#5316);
#5299 = B_SPLINE_CURVE_WITH_KNOTS('',8,(#5300,#5301,#5302,#5303,#5304,
    #5305,#5306,#5307,#5308,#5309,#5310,#5311,#5312,#5313,#5314,#5315),
  .UNSPECIFIED.,.F.,.F.,(9,7,9),(1.570796215333,3.141592592975,
    4.712388970617),.UNSPECIFIED.);
#5300 = CARTESIAN_POINT('',(-1.114623504606E-07,82.500000657628));
#5301 = CARTESIAN_POINT('',(0.196349435743,81.341538329117));
#5302 = CARTESIAN_POINT('',(0.392698982948,80.183075696432));
#5303 = CARTESIAN_POINT('',(0.589048530153,79.09267222399));
#5304 = CARTESIAN_POINT('',(0.785398077356,78.138373733406));
#5305 = CARTESIAN_POINT('',(0.981747624563,77.379873783971));
#5306 = CARTESIAN_POINT('',(1.178097171769,76.859958735466));
#5307 = CARTESIAN_POINT('',(1.374446718975,76.60000007022));
#5308 = CARTESIAN_POINT('',(1.767145813385,76.59999992978));
#5309 = CARTESIAN_POINT('',(1.963495360591,76.859958454554));
#5310 = CARTESIAN_POINT('',(2.15984490779,77.379873370916));
#5311 = CARTESIAN_POINT('',(2.356194455005,78.138373204599));
#5312 = CARTESIAN_POINT('',(2.552544002202,79.092671603287));
#5313 = CARTESIAN_POINT('',(2.748893549412,80.183075012672));
#5314 = CARTESIAN_POINT('',(2.945243096617,81.341537613861));
#5315 = CARTESIAN_POINT('',(3.141592643822,82.499999942372));
#5316 = ( GEOMETRIC_REPRESENTATION_CONTEXT(2) 
PARAMETRIC_REPRESENTATION_CONTEXT() REPRESENTATION_CONTEXT('2D SPACE',''
  ) );
#5317 = PCURVE('',#5318,#5323);
#5318 = CYLINDRICAL_SURFACE('',#5319,5.9);
#5319 = AXIS2_PLACEMENT_3D('',#5320,#5321,#5322);
#5320 = CARTESIAN_POINT('',(-112.5,-6.,63.5));
#5321 = DIRECTION('',(0.,1.,0.));
#5322 = DIRECTION('',(0.,-0.,1.));
#5323 = DEFINITIONAL_REPRESENTATION('',(#5324),#5341);
#5324 = B_SPLINE_CURVE_WITH_KNOTS('',8,(#5325,#5326,#5327,#5328,#5329,
    #5330,#5331,#5332,#5333,#5334,#5335,#5336,#5337,#5338,#5339,#5340),
  .UNSPECIFIED.,.F.,.F.,(9,7,9),(1.570796215333,3.141592592975,
    4.712388970617),.UNSPECIFIED.);
#5325 = CARTESIAN_POINT('',(6.283185418642,32.000000657628));
#5326 = CARTESIAN_POINT('',(6.086835871437,30.841538329117));
#5327 = CARTESIAN_POINT('',(5.890486324232,29.68307569656));
#5328 = CARTESIAN_POINT('',(5.694136777026,28.592672223622));
#5329 = CARTESIAN_POINT('',(5.497787229823,27.63837373414));
#5330 = CARTESIAN_POINT('',(5.301437682614,26.879873783592));
#5331 = CARTESIAN_POINT('',(5.105088135411,26.359958735573));
#5332 = CARTESIAN_POINT('',(4.908738588205,26.10000007022));
#5333 = CARTESIAN_POINT('',(4.516039493794,26.09999992978));
#5334 = CARTESIAN_POINT('',(4.319689946588,26.359958454723));
#5335 = CARTESIAN_POINT('',(4.123340399391,26.879873370438));
#5336 = CARTESIAN_POINT('',(3.926990852172,27.63837320547));
#5337 = CARTESIAN_POINT('',(3.730641304979,28.592671602825));
#5338 = CARTESIAN_POINT('',(3.534291757767,29.683075012844));
#5339 = CARTESIAN_POINT('',(3.337942210563,30.841537613861));
#5340 = CARTESIAN_POINT('',(3.141592663357,31.999999942372));
#5341 = ( GEOMETRIC_REPRESENTATION_CONTEXT(2) 
PARAMETRIC_REPRESENTATION_CONTEXT() REPRESENTATION_CONTEXT('2D SPACE',''
  ) );
#5342 = ORIENTED_EDGE('',*,*,#5343,.T.);
#5343 = EDGE_CURVE('',#5287,#5344,#5346,.T.);
#5344 = VERTEX_POINT('',#5345);
#5345 = CARTESIAN_POINT('',(-106.6,20.1,63.5));
#5346 = SURFACE_CURVE('',#5347,(#5352,#5365),.PCURVE_S1.);
#5347 = ELLIPSE('',#5348,8.343860018001,5.9);
#5348 = AXIS2_PLACEMENT_3D('',#5349,#5350,#5351);
#5349 = CARTESIAN_POINT('',(-112.5,26.,63.5));
#5350 = DIRECTION('',(0.707106781187,0.707106781187,0.));
#5351 = DIRECTION('',(0.707106781187,-0.707106781187,0.));
#5352 = PCURVE('',#2514,#5353);
#5353 = DEFINITIONAL_REPRESENTATION('',(#5354),#5364);
#5354 = B_SPLINE_CURVE_WITH_KNOTS('',8,(#5355,#5356,#5357,#5358,#5359,
    #5360,#5361,#5362,#5363),.UNSPECIFIED.,.F.,.F.,(9,9),(4.712388868922
    ,6.28318530718),.PIECEWISE_BEZIER_KNOTS.);
#5355 = CARTESIAN_POINT('',(-1.114623504606E-07,82.499999342372));
#5356 = CARTESIAN_POINT('',(0.19634944332,83.658461715587));
#5357 = CARTESIAN_POINT('',(0.392698998101,84.816924392905));
#5358 = CARTESIAN_POINT('',(0.589048552885,85.907327902113));
#5359 = CARTESIAN_POINT('',(0.785398107662,86.861626413538));
#5360 = CARTESIAN_POINT('',(0.981747662448,87.620126362245));
#5361 = CARTESIAN_POINT('',(1.17809721723,88.140041384865));
#5362 = CARTESIAN_POINT('',(1.374446772013,88.4));
#5363 = CARTESIAN_POINT('',(1.570796326795,88.4));
#5364 = ( GEOMETRIC_REPRESENTATION_CONTEXT(2) 
PARAMETRIC_REPRESENTATION_CONTEXT() REPRESENTATION_CONTEXT('2D SPACE',''
  ) );
#5365 = PCURVE('',#5318,#5366);
#5366 = DEFINITIONAL_REPRESENTATION('',(#5367),#5377);
#5367 = B_SPLINE_CURVE_WITH_KNOTS('',8,(#5368,#5369,#5370,#5371,#5372,
    #5373,#5374,#5375,#5376),.UNSPECIFIED.,.F.,.F.,(9,9),(4.712388868922
    ,6.28318530718),.PIECEWISE_BEZIER_KNOTS.);
#5368 = CARTESIAN_POINT('',(-1.114623495724E-07,32.000000657628));
#5369 = CARTESIAN_POINT('',(0.19634944332,30.841538284413));
#5370 = CARTESIAN_POINT('',(0.392698998102,29.68307560713));
#5371 = CARTESIAN_POINT('',(0.589048552884,28.592672097416));
#5372 = CARTESIAN_POINT('',(0.785398107665,27.638373586732));
#5373 = CARTESIAN_POINT('',(0.981747662448,26.879873637282));
#5374 = CARTESIAN_POINT('',(1.17809721723,26.35995861518));
#5375 = CARTESIAN_POINT('',(1.374446772013,26.1));
#5376 = CARTESIAN_POINT('',(1.570796326795,26.1));
#5377 = ( GEOMETRIC_REPRESENTATION_CONTEXT(2) 
PARAMETRIC_REPRESENTATION_CONTEXT() REPRESENTATION_CONTEXT('2D SPACE',''
  ) );
#5378 = ORIENTED_EDGE('',*,*,#5379,.T.);
#5379 = EDGE_CURVE('',#5344,#5289,#5380,.T.);
#5380 = SURFACE_CURVE('',#5381,(#5386,#5399),.PCURVE_S1.);
#5381 = ELLIPSE('',#5382,8.343860018001,5.9);
#5382 = AXIS2_PLACEMENT_3D('',#5383,#5384,#5385);
#5383 = CARTESIAN_POINT('',(-112.5,26.,63.5));
#5384 = DIRECTION('',(0.707106781187,0.707106781187,0.));
#5385 = DIRECTION('',(0.707106781187,-0.707106781187,0.));
#5386 = PCURVE('',#2514,#5387);
#5387 = DEFINITIONAL_REPRESENTATION('',(#5388),#5398);
#5388 = B_SPLINE_CURVE_WITH_KNOTS('',8,(#5389,#5390,#5391,#5392,#5393,
    #5394,#5395,#5396,#5397),.UNSPECIFIED.,.F.,.F.,(9,9),(0.,
    1.570796438257),.PIECEWISE_BEZIER_KNOTS.);
#5389 = CARTESIAN_POINT('',(1.570796326795,88.4));
#5390 = CARTESIAN_POINT('',(1.767145881577,88.4));
#5391 = CARTESIAN_POINT('',(1.963495436358,88.140041384812));
#5392 = CARTESIAN_POINT('',(2.15984499114,87.620126362353));
#5393 = CARTESIAN_POINT('',(2.35619454592,86.861626413411));
#5394 = CARTESIAN_POINT('',(2.552544100701,85.907327902272));
#5395 = CARTESIAN_POINT('',(2.748893655487,84.816924392849));
#5396 = CARTESIAN_POINT('',(2.94524321027,83.658461715587));
#5397 = CARTESIAN_POINT('',(3.141592765052,82.499999342372));
#5398 = ( GEOMETRIC_REPRESENTATION_CONTEXT(2) 
PARAMETRIC_REPRESENTATION_CONTEXT() REPRESENTATION_CONTEXT('2D SPACE',''
  ) );
#5399 = PCURVE('',#5318,#5400);
#5400 = DEFINITIONAL_REPRESENTATION('',(#5401),#5411);
#5401 = B_SPLINE_CURVE_WITH_KNOTS('',8,(#5402,#5403,#5404,#5405,#5406,
    #5407,#5408,#5409,#5410),.UNSPECIFIED.,.F.,.F.,(9,9),(0.,
    1.570796438257),.PIECEWISE_BEZIER_KNOTS.);
#5402 = CARTESIAN_POINT('',(1.570796326795,26.1));
#5403 = CARTESIAN_POINT('',(1.767145881577,26.1));
#5404 = CARTESIAN_POINT('',(1.96349543636,26.359958615168));
#5405 = CARTESIAN_POINT('',(2.159844991134,26.879873637337));
#5406 = CARTESIAN_POINT('',(2.356194545922,27.638373586699));
#5407 = CARTESIAN_POINT('',(2.552544100699,28.592672097511));
#5408 = CARTESIAN_POINT('',(2.748893655488,29.683075607137));
#5409 = CARTESIAN_POINT('',(2.94524321027,30.841538284413));
#5410 = CARTESIAN_POINT('',(3.141592765052,32.000000657628));
#5411 = ( GEOMETRIC_REPRESENTATION_CONTEXT(2) 
PARAMETRIC_REPRESENTATION_CONTEXT() REPRESENTATION_CONTEXT('2D SPACE',''
  ) );
#5412 = FACE_BOUND('',#5413,.F.);
#5413 = EDGE_LOOP('',(#5414,#5471,#5507));
#5414 = ORIENTED_EDGE('',*,*,#5415,.F.);
#5415 = EDGE_CURVE('',#5416,#5418,#5420,.T.);
#5416 = VERTEX_POINT('',#5417);
#5417 = CARTESIAN_POINT('',(-67.5,26.,69.4));
#5418 = VERTEX_POINT('',#5419);
#5419 = CARTESIAN_POINT('',(-67.5,26.,57.6));
#5420 = SURFACE_CURVE('',#5421,(#5426,#5446),.PCURVE_S1.);
#5421 = ELLIPSE('',#5422,8.343860018001,5.9);
#5422 = AXIS2_PLACEMENT_3D('',#5423,#5424,#5425);
#5423 = CARTESIAN_POINT('',(-67.5,26.,63.5));
#5424 = DIRECTION('',(0.707106781187,-0.707106781187,0.));
#5425 = DIRECTION('',(0.707106781187,0.707106781187,0.));
#5426 = PCURVE('',#2514,#5427);
#5427 = DEFINITIONAL_REPRESENTATION('',(#5428),#5445);
#5428 = B_SPLINE_CURVE_WITH_KNOTS('',8,(#5429,#5430,#5431,#5432,#5433,
    #5434,#5435,#5436,#5437,#5438,#5439,#5440,#5441,#5442,#5443,#5444),
  .UNSPECIFIED.,.F.,.F.,(9,7,9),(1.570796215333,3.141592592975,
    4.712388970617),.UNSPECIFIED.);
#5429 = CARTESIAN_POINT('',(-1.114623504606E-07,127.50000065762));
#5430 = CARTESIAN_POINT('',(0.196349435743,126.34153832911));
#5431 = CARTESIAN_POINT('',(0.392698982948,125.18307569655));
#5432 = CARTESIAN_POINT('',(0.589048530153,124.09267222357));
#5433 = CARTESIAN_POINT('',(0.785398077356,123.13837373387));
#5434 = CARTESIAN_POINT('',(0.981747624563,122.37987378357));
#5435 = CARTESIAN_POINT('',(1.178097171769,121.85995873553));
#5436 = CARTESIAN_POINT('',(1.374446718975,121.60000007022));
#5437 = CARTESIAN_POINT('',(1.767145813385,121.59999992978));
#5438 = CARTESIAN_POINT('',(1.963495360591,121.85995845473));
#5439 = CARTESIAN_POINT('',(2.15984490779,122.37987337023));
#5440 = CARTESIAN_POINT('',(2.356194455005,123.13837320538));
#5441 = CARTESIAN_POINT('',(2.552544002202,124.09267160279));
#5442 = CARTESIAN_POINT('',(2.748893549412,125.18307501281));
#5443 = CARTESIAN_POINT('',(2.945243096617,126.34153761386));
#5444 = CARTESIAN_POINT('',(3.141592643822,127.49999994237));
#5445 = ( GEOMETRIC_REPRESENTATION_CONTEXT(2) 
PARAMETRIC_REPRESENTATION_CONTEXT() REPRESENTATION_CONTEXT('2D SPACE',''
  ) );
#5446 = PCURVE('',#5447,#5452);
#5447 = CYLINDRICAL_SURFACE('',#5448,5.9);
#5448 = AXIS2_PLACEMENT_3D('',#5449,#5450,#5451);
#5449 = CARTESIAN_POINT('',(-67.5,-6.,63.5));
#5450 = DIRECTION('',(0.,1.,0.));
#5451 = DIRECTION('',(0.,-0.,1.));
#5452 = DEFINITIONAL_REPRESENTATION('',(#5453),#5470);
#5453 = B_SPLINE_CURVE_WITH_KNOTS('',8,(#5454,#5455,#5456,#5457,#5458,
    #5459,#5460,#5461,#5462,#5463,#5464,#5465,#5466,#5467,#5468,#5469),
  .UNSPECIFIED.,.F.,.F.,(9,7,9),(1.570796215333,3.141592592975,
    4.712388970617),.UNSPECIFIED.);
#5454 = CARTESIAN_POINT('',(6.283185418642,32.000000657628));
#5455 = CARTESIAN_POINT('',(6.086835871437,30.841538329117));
#5456 = CARTESIAN_POINT('',(5.890486324232,29.68307569656));
#5457 = CARTESIAN_POINT('',(5.694136777026,28.592672223622));
#5458 = CARTESIAN_POINT('',(5.497787229823,27.63837373414));
#5459 = CARTESIAN_POINT('',(5.301437682614,26.879873783592));
#5460 = CARTESIAN_POINT('',(5.105088135411,26.359958735573));
#5461 = CARTESIAN_POINT('',(4.908738588205,26.10000007022));
#5462 = CARTESIAN_POINT('',(4.516039493794,26.09999992978));
#5463 = CARTESIAN_POINT('',(4.319689946588,26.359958454723));
#5464 = CARTESIAN_POINT('',(4.123340399391,26.879873370438));
#5465 = CARTESIAN_POINT('',(3.926990852172,27.63837320547));
#5466 = CARTESIAN_POINT('',(3.730641304979,28.592671602825));
#5467 = CARTESIAN_POINT('',(3.534291757767,29.683075012844));
#5468 = CARTESIAN_POINT('',(3.337942210563,30.841537613861));
#5469 = CARTESIAN_POINT('',(3.141592663357,31.999999942372));
#5470 = ( GEOMETRIC_REPRESENTATION_CONTEXT(2) 
PARAMETRIC_REPRESENTATION_CONTEXT() REPRESENTATION_CONTEXT('2D SPACE',''
  ) );
#5471 = ORIENTED_EDGE('',*,*,#5472,.T.);
#5472 = EDGE_CURVE('',#5416,#5473,#5475,.T.);
#5473 = VERTEX_POINT('',#5474);
#5474 = CARTESIAN_POINT('',(-61.6,20.1,63.5));
#5475 = SURFACE_CURVE('',#5476,(#5481,#5494),.PCURVE_S1.);
#5476 = ELLIPSE('',#5477,8.343860018001,5.9);
#5477 = AXIS2_PLACEMENT_3D('',#5478,#5479,#5480);
#5478 = CARTESIAN_POINT('',(-67.5,26.,63.5));
#5479 = DIRECTION('',(0.707106781187,0.707106781187,0.));
#5480 = DIRECTION('',(0.707106781187,-0.707106781187,0.));
#5481 = PCURVE('',#2514,#5482);
#5482 = DEFINITIONAL_REPRESENTATION('',(#5483),#5493);
#5483 = B_SPLINE_CURVE_WITH_KNOTS('',8,(#5484,#5485,#5486,#5487,#5488,
    #5489,#5490,#5491,#5492),.UNSPECIFIED.,.F.,.F.,(9,9),(4.712388868922
    ,6.28318530718),.PIECEWISE_BEZIER_KNOTS.);
#5484 = CARTESIAN_POINT('',(-1.114623504606E-07,127.49999934237));
#5485 = CARTESIAN_POINT('',(0.19634944332,128.65846171558));
#5486 = CARTESIAN_POINT('',(0.392698998101,129.81692439281));
#5487 = CARTESIAN_POINT('',(0.589048552885,130.90732790221));
#5488 = CARTESIAN_POINT('',(0.785398107662,131.86162641319));
#5489 = CARTESIAN_POINT('',(0.981747662448,132.62012636231));
#5490 = CARTESIAN_POINT('',(1.17809721723,133.14004138478));
#5491 = CARTESIAN_POINT('',(1.374446772013,133.4));
#5492 = CARTESIAN_POINT('',(1.570796326795,133.4));
#5493 = ( GEOMETRIC_REPRESENTATION_CONTEXT(2) 
PARAMETRIC_REPRESENTATION_CONTEXT() REPRESENTATION_CONTEXT('2D SPACE',''
  ) );
#5494 = PCURVE('',#5447,#5495);
#5495 = DEFINITIONAL_REPRESENTATION('',(#5496),#5506);
#5496 = B_SPLINE_CURVE_WITH_KNOTS('',8,(#5497,#5498,#5499,#5500,#5501,
    #5502,#5503,#5504,#5505),.UNSPECIFIED.,.F.,.F.,(9,9),(4.712388868922
    ,6.28318530718),.PIECEWISE_BEZIER_KNOTS.);
#5497 = CARTESIAN_POINT('',(-1.114623495724E-07,32.000000657628));
#5498 = CARTESIAN_POINT('',(0.19634944332,30.841538284413));
#5499 = CARTESIAN_POINT('',(0.392698998102,29.68307560713));
#5500 = CARTESIAN_POINT('',(0.589048552883,28.592672097416));
#5501 = CARTESIAN_POINT('',(0.785398107666,27.638373586732));
#5502 = CARTESIAN_POINT('',(0.981747662447,26.879873637282));
#5503 = CARTESIAN_POINT('',(1.17809721723,26.35995861518));
#5504 = CARTESIAN_POINT('',(1.374446772013,26.1));
#5505 = CARTESIAN_POINT('',(1.570796326795,26.1));
#5506 = ( GEOMETRIC_REPRESENTATION_CONTEXT(2) 
PARAMETRIC_REPRESENTATION_CONTEXT() REPRESENTATION_CONTEXT('2D SPACE',''
  ) );
#5507 = ORIENTED_EDGE('',*,*,#5508,.T.);
#5508 = EDGE_CURVE('',#5473,#5418,#5509,.T.);
#5509 = SURFACE_CURVE('',#5510,(#5515,#5528),.PCURVE_S1.);
#5510 = ELLIPSE('',#5511,8.343860018001,5.9);
#5511 = AXIS2_PLACEMENT_3D('',#5512,#5513,#5514);
#5512 = CARTESIAN_POINT('',(-67.5,26.,63.5));
#5513 = DIRECTION('',(0.707106781187,0.707106781187,0.));
#5514 = DIRECTION('',(0.707106781187,-0.707106781187,0.));
#5515 = PCURVE('',#2514,#5516);
#5516 = DEFINITIONAL_REPRESENTATION('',(#5517),#5527);
#5517 = B_SPLINE_CURVE_WITH_KNOTS('',8,(#5518,#5519,#5520,#5521,#5522,
    #5523,#5524,#5525,#5526),.UNSPECIFIED.,.F.,.F.,(9,9),(0.,
    1.570796438257),.PIECEWISE_BEZIER_KNOTS.);
#5518 = CARTESIAN_POINT('',(1.570796326795,133.4));
#5519 = CARTESIAN_POINT('',(1.767145881577,133.4));
#5520 = CARTESIAN_POINT('',(1.963495436358,133.14004138456));
#5521 = CARTESIAN_POINT('',(2.15984499114,132.62012636325));
#5522 = CARTESIAN_POINT('',(2.35619454592,131.86162641182));
#5523 = CARTESIAN_POINT('',(2.552544100701,130.90732790309));
#5524 = CARTESIAN_POINT('',(2.748893655487,129.81692439261));
#5525 = CARTESIAN_POINT('',(2.94524321027,128.65846171558));
#5526 = CARTESIAN_POINT('',(3.141592765052,127.49999934237));
#5527 = ( GEOMETRIC_REPRESENTATION_CONTEXT(2) 
PARAMETRIC_REPRESENTATION_CONTEXT() REPRESENTATION_CONTEXT('2D SPACE',''
  ) );
#5528 = PCURVE('',#5447,#5529);
#5529 = DEFINITIONAL_REPRESENTATION('',(#5530),#5540);
#5530 = B_SPLINE_CURVE_WITH_KNOTS('',8,(#5531,#5532,#5533,#5534,#5535,
    #5536,#5537,#5538,#5539),.UNSPECIFIED.,.F.,.F.,(9,9),(0.,
    1.570796438257),.PIECEWISE_BEZIER_KNOTS.);
#5531 = CARTESIAN_POINT('',(1.570796326795,26.1));
#5532 = CARTESIAN_POINT('',(1.767145881577,26.1));
#5533 = CARTESIAN_POINT('',(1.963495436358,26.359958615168));
#5534 = CARTESIAN_POINT('',(2.159844991142,26.879873637337));
#5535 = CARTESIAN_POINT('',(2.356194545915,27.638373586699));
#5536 = CARTESIAN_POINT('',(2.552544100706,28.592672097511));
#5537 = CARTESIAN_POINT('',(2.748893655486,29.683075607137));
#5538 = CARTESIAN_POINT('',(2.94524321027,30.841538284413));
#5539 = CARTESIAN_POINT('',(3.141592765052,32.000000657628));
#5540 = ( GEOMETRIC_REPRESENTATION_CONTEXT(2) 
PARAMETRIC_REPRESENTATION_CONTEXT() REPRESENTATION_CONTEXT('2D SPACE',''
  ) );
#5541 = FACE_BOUND('',#5542,.F.);
#5542 = EDGE_LOOP('',(#5543,#5600,#5636));
#5543 = ORIENTED_EDGE('',*,*,#5544,.F.);
#5544 = EDGE_CURVE('',#5545,#5547,#5549,.T.);
#5545 = VERTEX_POINT('',#5546);
#5546 = CARTESIAN_POINT('',(22.5,26.,69.4));
#5547 = VERTEX_POINT('',#5548);
#5548 = CARTESIAN_POINT('',(22.5,26.,57.6));
#5549 = SURFACE_CURVE('',#5550,(#5555,#5575),.PCURVE_S1.);
#5550 = ELLIPSE('',#5551,8.343860018001,5.9);
#5551 = AXIS2_PLACEMENT_3D('',#5552,#5553,#5554);
#5552 = CARTESIAN_POINT('',(22.5,26.,63.5));
#5553 = DIRECTION('',(0.707106781187,-0.707106781187,0.));
#5554 = DIRECTION('',(0.707106781187,0.707106781187,0.));
#5555 = PCURVE('',#2514,#5556);
#5556 = DEFINITIONAL_REPRESENTATION('',(#5557),#5574);
#5557 = B_SPLINE_CURVE_WITH_KNOTS('',8,(#5558,#5559,#5560,#5561,#5562,
    #5563,#5564,#5565,#5566,#5567,#5568,#5569,#5570,#5571,#5572,#5573),
  .UNSPECIFIED.,.F.,.F.,(9,7,9),(1.570796215333,3.141592592975,
    4.712388970617),.UNSPECIFIED.);
#5558 = CARTESIAN_POINT('',(-1.114623504606E-07,217.50000065762));
#5559 = CARTESIAN_POINT('',(0.196349435743,216.34153832911));
#5560 = CARTESIAN_POINT('',(0.392698982948,215.18307569664));
#5561 = CARTESIAN_POINT('',(0.589048530153,214.09267222341));
#5562 = CARTESIAN_POINT('',(0.785398077356,213.1383737349));
#5563 = CARTESIAN_POINT('',(0.981747624563,212.37987378315));
#5564 = CARTESIAN_POINT('',(1.178097171769,211.85995873564));
#5565 = CARTESIAN_POINT('',(1.374446718975,211.60000007022));
#5566 = CARTESIAN_POINT('',(1.767145813385,211.59999992978));
#5567 = CARTESIAN_POINT('',(1.963495360591,211.85995845461));
#5568 = CARTESIAN_POINT('',(2.15984490779,212.37987337027));
#5569 = CARTESIAN_POINT('',(2.356194455005,213.13837320557));
#5570 = CARTESIAN_POINT('',(2.552544002202,214.09267160276));
#5571 = CARTESIAN_POINT('',(2.748893549412,215.1830750128));
#5572 = CARTESIAN_POINT('',(2.945243096617,216.34153761386));
#5573 = CARTESIAN_POINT('',(3.141592643822,217.49999994237));
#5574 = ( GEOMETRIC_REPRESENTATION_CONTEXT(2) 
PARAMETRIC_REPRESENTATION_CONTEXT() REPRESENTATION_CONTEXT('2D SPACE',''
  ) );
#5575 = PCURVE('',#5576,#5581);
#5576 = CYLINDRICAL_SURFACE('',#5577,5.9);
#5577 = AXIS2_PLACEMENT_3D('',#5578,#5579,#5580);
#5578 = CARTESIAN_POINT('',(22.5,-6.,63.5));
#5579 = DIRECTION('',(0.,1.,0.));
#5580 = DIRECTION('',(0.,-0.,1.));
#5581 = DEFINITIONAL_REPRESENTATION('',(#5582),#5599);
#5582 = B_SPLINE_CURVE_WITH_KNOTS('',8,(#5583,#5584,#5585,#5586,#5587,
    #5588,#5589,#5590,#5591,#5592,#5593,#5594,#5595,#5596,#5597,#5598),
  .UNSPECIFIED.,.F.,.F.,(9,7,9),(1.570796215333,3.141592592975,
    4.712388970617),.UNSPECIFIED.);
#5583 = CARTESIAN_POINT('',(6.283185418642,32.000000657628));
#5584 = CARTESIAN_POINT('',(6.086835871437,30.841538329117));
#5585 = CARTESIAN_POINT('',(5.890486324232,29.68307569656));
#5586 = CARTESIAN_POINT('',(5.694136777026,28.592672223622));
#5587 = CARTESIAN_POINT('',(5.497787229825,27.63837373414));
#5588 = CARTESIAN_POINT('',(5.301437682614,26.879873783592));
#5589 = CARTESIAN_POINT('',(5.105088135411,26.359958735573));
#5590 = CARTESIAN_POINT('',(4.908738588205,26.10000007022));
#5591 = CARTESIAN_POINT('',(4.516039493794,26.09999992978));
#5592 = CARTESIAN_POINT('',(4.319689946588,26.359958454723));
#5593 = CARTESIAN_POINT('',(4.123340399389,26.879873370438));
#5594 = CARTESIAN_POINT('',(3.926990852175,27.63837320547));
#5595 = CARTESIAN_POINT('',(3.730641304978,28.592671602825));
#5596 = CARTESIAN_POINT('',(3.534291757768,29.683075012844));
#5597 = CARTESIAN_POINT('',(3.337942210563,30.841537613861));
#5598 = CARTESIAN_POINT('',(3.141592663357,31.999999942372));
#5599 = ( GEOMETRIC_REPRESENTATION_CONTEXT(2) 
PARAMETRIC_REPRESENTATION_CONTEXT() REPRESENTATION_CONTEXT('2D SPACE',''
  ) );
#5600 = ORIENTED_EDGE('',*,*,#5601,.T.);
#5601 = EDGE_CURVE('',#5545,#5602,#5604,.T.);
#5602 = VERTEX_POINT('',#5603);
#5603 = CARTESIAN_POINT('',(28.4,20.1,63.5));
#5604 = SURFACE_CURVE('',#5605,(#5610,#5623),.PCURVE_S1.);
#5605 = ELLIPSE('',#5606,8.343860018001,5.9);
#5606 = AXIS2_PLACEMENT_3D('',#5607,#5608,#5609);
#5607 = CARTESIAN_POINT('',(22.5,26.,63.5));
#5608 = DIRECTION('',(0.707106781187,0.707106781187,0.));
#5609 = DIRECTION('',(0.707106781187,-0.707106781187,0.));
#5610 = PCURVE('',#2514,#5611);
#5611 = DEFINITIONAL_REPRESENTATION('',(#5612),#5622);
#5612 = B_SPLINE_CURVE_WITH_KNOTS('',8,(#5613,#5614,#5615,#5616,#5617,
    #5618,#5619,#5620,#5621),.UNSPECIFIED.,.F.,.F.,(9,9),(4.712388868922
    ,6.28318530718),.PIECEWISE_BEZIER_KNOTS.);
#5613 = CARTESIAN_POINT('',(-1.114623504606E-07,217.49999934237));
#5614 = CARTESIAN_POINT('',(0.19634944332,218.65846171558));
#5615 = CARTESIAN_POINT('',(0.392698998101,219.81692439268));
#5616 = CARTESIAN_POINT('',(0.589048552885,220.90732790309));
#5617 = CARTESIAN_POINT('',(0.785398107662,221.86162641263));
#5618 = CARTESIAN_POINT('',(0.981747662448,222.62012636322));
#5619 = CARTESIAN_POINT('',(1.17809721723,223.1400413846));
#5620 = CARTESIAN_POINT('',(1.374446772013,223.4));
#5621 = CARTESIAN_POINT('',(1.570796326795,223.4));
#5622 = ( GEOMETRIC_REPRESENTATION_CONTEXT(2) 
PARAMETRIC_REPRESENTATION_CONTEXT() REPRESENTATION_CONTEXT('2D SPACE',''
  ) );
#5623 = PCURVE('',#5576,#5624);
#5624 = DEFINITIONAL_REPRESENTATION('',(#5625),#5635);
#5625 = B_SPLINE_CURVE_WITH_KNOTS('',8,(#5626,#5627,#5628,#5629,#5630,
    #5631,#5632,#5633,#5634),.UNSPECIFIED.,.F.,.F.,(9,9),(4.712388868922
    ,6.28318530718),.PIECEWISE_BEZIER_KNOTS.);
#5626 = CARTESIAN_POINT('',(-1.114623504606E-07,32.000000657628));
#5627 = CARTESIAN_POINT('',(0.19634944332,30.841538284413));
#5628 = CARTESIAN_POINT('',(0.392698998101,29.68307560713));
#5629 = CARTESIAN_POINT('',(0.589048552885,28.592672097416));
#5630 = CARTESIAN_POINT('',(0.785398107662,27.638373586732));
#5631 = CARTESIAN_POINT('',(0.981747662448,26.879873637282));
#5632 = CARTESIAN_POINT('',(1.17809721723,26.35995861518));
#5633 = CARTESIAN_POINT('',(1.374446772013,26.1));
#5634 = CARTESIAN_POINT('',(1.570796326795,26.1));
#5635 = ( GEOMETRIC_REPRESENTATION_CONTEXT(2) 
PARAMETRIC_REPRESENTATION_CONTEXT() REPRESENTATION_CONTEXT('2D SPACE',''
  ) );
#5636 = ORIENTED_EDGE('',*,*,#5637,.T.);
#5637 = EDGE_CURVE('',#5602,#5547,#5638,.T.);
#5638 = SURFACE_CURVE('',#5639,(#5644,#5657),.PCURVE_S1.);
#5639 = ELLIPSE('',#5640,8.343860018001,5.9);
#5640 = AXIS2_PLACEMENT_3D('',#5641,#5642,#5643);
#5641 = CARTESIAN_POINT('',(22.5,26.,63.5));
#5642 = DIRECTION('',(0.707106781187,0.707106781187,0.));
#5643 = DIRECTION('',(0.707106781187,-0.707106781187,0.));
#5644 = PCURVE('',#2514,#5645);
#5645 = DEFINITIONAL_REPRESENTATION('',(#5646),#5656);
#5646 = B_SPLINE_CURVE_WITH_KNOTS('',8,(#5647,#5648,#5649,#5650,#5651,
    #5652,#5653,#5654,#5655),.UNSPECIFIED.,.F.,.F.,(9,9),(0.,
    1.570796438257),.PIECEWISE_BEZIER_KNOTS.);
#5647 = CARTESIAN_POINT('',(1.570796326795,223.4));
#5648 = CARTESIAN_POINT('',(1.767145881577,223.4));
#5649 = CARTESIAN_POINT('',(1.963495436358,223.14004138459));
#5650 = CARTESIAN_POINT('',(2.159844991139,222.62012636251));
#5651 = CARTESIAN_POINT('',(2.356194545919,221.86162641192));
#5652 = CARTESIAN_POINT('',(2.552544100704,220.90732790267));
#5653 = CARTESIAN_POINT('',(2.748893655487,219.81692439265));
#5654 = CARTESIAN_POINT('',(2.94524321027,218.65846171558));
#5655 = CARTESIAN_POINT('',(3.141592765052,217.49999934237));
#5656 = ( GEOMETRIC_REPRESENTATION_CONTEXT(2) 
PARAMETRIC_REPRESENTATION_CONTEXT() REPRESENTATION_CONTEXT('2D SPACE',''
  ) );
#5657 = PCURVE('',#5576,#5658);
#5658 = DEFINITIONAL_REPRESENTATION('',(#5659),#5669);
#5659 = B_SPLINE_CURVE_WITH_KNOTS('',8,(#5660,#5661,#5662,#5663,#5664,
    #5665,#5666,#5667,#5668),.UNSPECIFIED.,.F.,.F.,(9,9),(0.,
    1.570796438257),.PIECEWISE_BEZIER_KNOTS.);
#5660 = CARTESIAN_POINT('',(1.570796326795,26.1));
#5661 = CARTESIAN_POINT('',(1.767145881577,26.1));
#5662 = CARTESIAN_POINT('',(1.963495436358,26.359958615176));
#5663 = CARTESIAN_POINT('',(2.159844991139,26.879873637305));
#5664 = CARTESIAN_POINT('',(2.356194545919,27.638373586769));
#5665 = CARTESIAN_POINT('',(2.552544100704,28.59267209748));
#5666 = CARTESIAN_POINT('',(2.748893655487,29.683075607145));
#5667 = CARTESIAN_POINT('',(2.94524321027,30.841538284413));
#5668 = CARTESIAN_POINT('',(3.141592765052,32.000000657628));
#5669 = ( GEOMETRIC_REPRESENTATION_CONTEXT(2) 
PARAMETRIC_REPRESENTATION_CONTEXT() REPRESENTATION_CONTEXT('2D SPACE',''
  ) );
#5670 = FACE_BOUND('',#5671,.F.);
#5671 = EDGE_LOOP('',(#5672,#5729,#5765));
#5672 = ORIENTED_EDGE('',*,*,#5673,.F.);
#5673 = EDGE_CURVE('',#5674,#5676,#5678,.T.);
#5674 = VERTEX_POINT('',#5675);
#5675 = CARTESIAN_POINT('',(67.5,26.,69.4));
#5676 = VERTEX_POINT('',#5677);
#5677 = CARTESIAN_POINT('',(67.5,26.,57.6));
#5678 = SURFACE_CURVE('',#5679,(#5684,#5704),.PCURVE_S1.);
#5679 = ELLIPSE('',#5680,8.343860018001,5.9);
#5680 = AXIS2_PLACEMENT_3D('',#5681,#5682,#5683);
#5681 = CARTESIAN_POINT('',(67.5,26.,63.5));
#5682 = DIRECTION('',(0.707106781187,-0.707106781187,0.));
#5683 = DIRECTION('',(0.707106781187,0.707106781187,0.));
#5684 = PCURVE('',#2514,#5685);
#5685 = DEFINITIONAL_REPRESENTATION('',(#5686),#5703);
#5686 = B_SPLINE_CURVE_WITH_KNOTS('',8,(#5687,#5688,#5689,#5690,#5691,
    #5692,#5693,#5694,#5695,#5696,#5697,#5698,#5699,#5700,#5701,#5702),
  .UNSPECIFIED.,.F.,.F.,(9,7,9),(1.570796215333,3.141592592975,
    4.712388970617),.UNSPECIFIED.);
#5687 = CARTESIAN_POINT('',(-1.114623504606E-07,262.50000065762));
#5688 = CARTESIAN_POINT('',(0.196349435743,261.34153832911));
#5689 = CARTESIAN_POINT('',(0.392698982948,260.18307569688));
#5690 = CARTESIAN_POINT('',(0.589048530153,259.09267222192));
#5691 = CARTESIAN_POINT('',(0.785398077356,258.13837373588));
#5692 = CARTESIAN_POINT('',(0.981747624563,257.37987378194));
#5693 = CARTESIAN_POINT('',(1.178097171769,256.8599587359));
#5694 = CARTESIAN_POINT('',(1.374446718975,256.60000007022));
#5695 = CARTESIAN_POINT('',(1.767145813385,256.59999992978));
#5696 = CARTESIAN_POINT('',(1.963495360591,256.85995845474));
#5697 = CARTESIAN_POINT('',(2.15984490779,257.37987337016));
#5698 = CARTESIAN_POINT('',(2.356194455005,258.13837320582));
#5699 = CARTESIAN_POINT('',(2.552544002202,259.09267160246));
#5700 = CARTESIAN_POINT('',(2.748893549412,260.18307501283));
#5701 = CARTESIAN_POINT('',(2.945243096617,261.34153761386));
#5702 = CARTESIAN_POINT('',(3.141592643822,262.49999994237));
#5703 = ( GEOMETRIC_REPRESENTATION_CONTEXT(2) 
PARAMETRIC_REPRESENTATION_CONTEXT() REPRESENTATION_CONTEXT('2D SPACE',''
  ) );
#5704 = PCURVE('',#5705,#5710);
#5705 = CYLINDRICAL_SURFACE('',#5706,5.9);
#5706 = AXIS2_PLACEMENT_3D('',#5707,#5708,#5709);
#5707 = CARTESIAN_POINT('',(67.5,-6.,63.5));
#5708 = DIRECTION('',(0.,1.,0.));
#5709 = DIRECTION('',(0.,-0.,1.));
#5710 = DEFINITIONAL_REPRESENTATION('',(#5711),#5728);
#5711 = B_SPLINE_CURVE_WITH_KNOTS('',8,(#5712,#5713,#5714,#5715,#5716,
    #5717,#5718,#5719,#5720,#5721,#5722,#5723,#5724,#5725,#5726,#5727),
  .UNSPECIFIED.,.F.,.F.,(9,7,9),(1.570796215333,3.141592592975,
    4.712388970617),.UNSPECIFIED.);
#5712 = CARTESIAN_POINT('',(6.283185418642,32.000000657628));
#5713 = CARTESIAN_POINT('',(6.086835871437,30.841538329117));
#5714 = CARTESIAN_POINT('',(5.890486324232,29.68307569656));
#5715 = CARTESIAN_POINT('',(5.694136777024,28.592672223622));
#5716 = CARTESIAN_POINT('',(5.497787229826,27.63837373414));
#5717 = CARTESIAN_POINT('',(5.301437682613,26.879873783592));
#5718 = CARTESIAN_POINT('',(5.105088135411,26.359958735573));
#5719 = CARTESIAN_POINT('',(4.908738588205,26.10000007022));
#5720 = CARTESIAN_POINT('',(4.516039493794,26.09999992978));
#5721 = CARTESIAN_POINT('',(4.319689946588,26.359958454723));
#5722 = CARTESIAN_POINT('',(4.123340399391,26.879873370438));
#5723 = CARTESIAN_POINT('',(3.926990852172,27.63837320547));
#5724 = CARTESIAN_POINT('',(3.730641304979,28.592671602825));
#5725 = CARTESIAN_POINT('',(3.534291757767,29.683075012844));
#5726 = CARTESIAN_POINT('',(3.337942210563,30.841537613861));
#5727 = CARTESIAN_POINT('',(3.141592663357,31.999999942372));
#5728 = ( GEOMETRIC_REPRESENTATION_CONTEXT(2) 
PARAMETRIC_REPRESENTATION_CONTEXT() REPRESENTATION_CONTEXT('2D SPACE',''
  ) );
#5729 = ORIENTED_EDGE('',*,*,#5730,.T.);
#5730 = EDGE_CURVE('',#5674,#5731,#5733,.T.);
#5731 = VERTEX_POINT('',#5732);
#5732 = CARTESIAN_POINT('',(73.4,20.1,63.5));
#5733 = SURFACE_CURVE('',#5734,(#5739,#5752),.PCURVE_S1.);
#5734 = ELLIPSE('',#5735,8.343860018001,5.9);
#5735 = AXIS2_PLACEMENT_3D('',#5736,#5737,#5738);
#5736 = CARTESIAN_POINT('',(67.5,26.,63.5));
#5737 = DIRECTION('',(0.707106781187,0.707106781187,0.));
#5738 = DIRECTION('',(0.707106781187,-0.707106781187,0.));
#5739 = PCURVE('',#2514,#5740);
#5740 = DEFINITIONAL_REPRESENTATION('',(#5741),#5751);
#5741 = B_SPLINE_CURVE_WITH_KNOTS('',8,(#5742,#5743,#5744,#5745,#5746,
    #5747,#5748,#5749,#5750),.UNSPECIFIED.,.F.,.F.,(9,9),(4.712388868922
    ,6.28318530718),.PIECEWISE_BEZIER_KNOTS.);
#5742 = CARTESIAN_POINT('',(-1.114623504606E-07,262.49999934237));
#5743 = CARTESIAN_POINT('',(0.19634944332,263.65846171558));
#5744 = CARTESIAN_POINT('',(0.392698998101,264.81692439256));
#5745 = CARTESIAN_POINT('',(0.589048552885,265.90732790256));
#5746 = CARTESIAN_POINT('',(0.785398107662,266.86162641224));
#5747 = CARTESIAN_POINT('',(0.981747662448,267.6201263626));
#5748 = CARTESIAN_POINT('',(1.17809721723,268.1400413846));
#5749 = CARTESIAN_POINT('',(1.374446772013,268.4));
#5750 = CARTESIAN_POINT('',(1.570796326795,268.4));
#5751 = ( GEOMETRIC_REPRESENTATION_CONTEXT(2) 
PARAMETRIC_REPRESENTATION_CONTEXT() REPRESENTATION_CONTEXT('2D SPACE',''
  ) );
#5752 = PCURVE('',#5705,#5753);
#5753 = DEFINITIONAL_REPRESENTATION('',(#5754),#5764);
#5754 = B_SPLINE_CURVE_WITH_KNOTS('',8,(#5755,#5756,#5757,#5758,#5759,
    #5760,#5761,#5762,#5763),.UNSPECIFIED.,.F.,.F.,(9,9),(4.712388868922
    ,6.28318530718),.PIECEWISE_BEZIER_KNOTS.);
#5755 = CARTESIAN_POINT('',(-1.114623495724E-07,32.000000657628));
#5756 = CARTESIAN_POINT('',(0.19634944332,30.841538284413));
#5757 = CARTESIAN_POINT('',(0.392698998102,29.68307560713));
#5758 = CARTESIAN_POINT('',(0.589048552884,28.592672097416));
#5759 = CARTESIAN_POINT('',(0.785398107665,27.638373586732));
#5760 = CARTESIAN_POINT('',(0.981747662448,26.879873637282));
#5761 = CARTESIAN_POINT('',(1.17809721723,26.35995861518));
#5762 = CARTESIAN_POINT('',(1.374446772013,26.1));
#5763 = CARTESIAN_POINT('',(1.570796326795,26.1));
#5764 = ( GEOMETRIC_REPRESENTATION_CONTEXT(2) 
PARAMETRIC_REPRESENTATION_CONTEXT() REPRESENTATION_CONTEXT('2D SPACE',''
  ) );
#5765 = ORIENTED_EDGE('',*,*,#5766,.T.);
#5766 = EDGE_CURVE('',#5731,#5676,#5767,.T.);
#5767 = SURFACE_CURVE('',#5768,(#5773,#5786),.PCURVE_S1.);
#5768 = ELLIPSE('',#5769,8.343860018001,5.9);
#5769 = AXIS2_PLACEMENT_3D('',#5770,#5771,#5772);
#5770 = CARTESIAN_POINT('',(67.5,26.,63.5));
#5771 = DIRECTION('',(0.707106781187,0.707106781187,0.));
#5772 = DIRECTION('',(0.707106781187,-0.707106781187,0.));
#5773 = PCURVE('',#2514,#5774);
#5774 = DEFINITIONAL_REPRESENTATION('',(#5775),#5785);
#5775 = B_SPLINE_CURVE_WITH_KNOTS('',8,(#5776,#5777,#5778,#5779,#5780,
    #5781,#5782,#5783,#5784),.UNSPECIFIED.,.F.,.F.,(9,9),(0.,
    1.570796438257),.PIECEWISE_BEZIER_KNOTS.);
#5776 = CARTESIAN_POINT('',(1.570796326795,268.4));
#5777 = CARTESIAN_POINT('',(1.767145881577,268.4));
#5778 = CARTESIAN_POINT('',(1.963495436358,268.14004138509));
#5779 = CARTESIAN_POINT('',(2.15984499114,267.62012636091));
#5780 = CARTESIAN_POINT('',(2.35619454592,266.86162641418));
#5781 = CARTESIAN_POINT('',(2.552544100701,265.90732790087));
#5782 = CARTESIAN_POINT('',(2.748893655487,264.81692439314));
#5783 = CARTESIAN_POINT('',(2.94524321027,263.65846171558));
#5784 = CARTESIAN_POINT('',(3.141592765052,262.49999934237));
#5785 = ( GEOMETRIC_REPRESENTATION_CONTEXT(2) 
PARAMETRIC_REPRESENTATION_CONTEXT() REPRESENTATION_CONTEXT('2D SPACE',''
  ) );
#5786 = PCURVE('',#5705,#5787);
#5787 = DEFINITIONAL_REPRESENTATION('',(#5788),#5798);
#5788 = B_SPLINE_CURVE_WITH_KNOTS('',8,(#5789,#5790,#5791,#5792,#5793,
    #5794,#5795,#5796,#5797),.UNSPECIFIED.,.F.,.F.,(9,9),(0.,
    1.570796438257),.PIECEWISE_BEZIER_KNOTS.);
#5789 = CARTESIAN_POINT('',(1.570796326795,26.1));
#5790 = CARTESIAN_POINT('',(1.767145881577,26.1));
#5791 = CARTESIAN_POINT('',(1.96349543636,26.359958615168));
#5792 = CARTESIAN_POINT('',(2.159844991134,26.879873637337));
#5793 = CARTESIAN_POINT('',(2.356194545922,27.638373586699));
#5794 = CARTESIAN_POINT('',(2.552544100699,28.592672097511));
#5795 = CARTESIAN_POINT('',(2.748893655488,29.683075607137));
#5796 = CARTESIAN_POINT('',(2.94524321027,30.841538284413));
#5797 = CARTESIAN_POINT('',(3.141592765052,32.000000657628));
#5798 = ( GEOMETRIC_REPRESENTATION_CONTEXT(2) 
PARAMETRIC_REPRESENTATION_CONTEXT() REPRESENTATION_CONTEXT('2D SPACE',''
  ) );
#5799 = FACE_BOUND('',#5800,.F.);
#5800 = EDGE_LOOP('',(#5801,#5858,#5894));
#5801 = ORIENTED_EDGE('',*,*,#5802,.F.);
#5802 = EDGE_CURVE('',#5803,#5805,#5807,.T.);
#5803 = VERTEX_POINT('',#5804);
#5804 = CARTESIAN_POINT('',(112.5,26.,69.4));
#5805 = VERTEX_POINT('',#5806);
#5806 = CARTESIAN_POINT('',(112.5,26.,57.6));
#5807 = SURFACE_CURVE('',#5808,(#5813,#5833),.PCURVE_S1.);
#5808 = ELLIPSE('',#5809,8.343860018001,5.9);
#5809 = AXIS2_PLACEMENT_3D('',#5810,#5811,#5812);
#5810 = CARTESIAN_POINT('',(112.5,26.,63.5));
#5811 = DIRECTION('',(0.707106781187,-0.707106781187,0.));
#5812 = DIRECTION('',(0.707106781187,0.707106781187,0.));
#5813 = PCURVE('',#2514,#5814);
#5814 = DEFINITIONAL_REPRESENTATION('',(#5815),#5832);
#5815 = B_SPLINE_CURVE_WITH_KNOTS('',8,(#5816,#5817,#5818,#5819,#5820,
    #5821,#5822,#5823,#5824,#5825,#5826,#5827,#5828,#5829,#5830,#5831),
  .UNSPECIFIED.,.F.,.F.,(9,7,9),(1.570796215333,3.141592592975,
    4.712388970617),.UNSPECIFIED.);
#5816 = CARTESIAN_POINT('',(-1.114623504606E-07,307.50000065762));
#5817 = CARTESIAN_POINT('',(0.196349435743,306.34153832911));
#5818 = CARTESIAN_POINT('',(0.392698982948,305.18307569681));
#5819 = CARTESIAN_POINT('',(0.589048530153,304.09267222227));
#5820 = CARTESIAN_POINT('',(0.785398077356,303.1383737346));
#5821 = CARTESIAN_POINT('',(0.981747624563,302.37987378193));
#5822 = CARTESIAN_POINT('',(1.178097171769,301.85995873584));
#5823 = CARTESIAN_POINT('',(1.374446718975,301.60000007022));
#5824 = CARTESIAN_POINT('',(1.767145813385,301.59999992978));
#5825 = CARTESIAN_POINT('',(1.963495360591,301.85995845497));
#5826 = CARTESIAN_POINT('',(2.15984490779,302.3798733687));
#5827 = CARTESIAN_POINT('',(2.356194455005,303.13837320716));
#5828 = CARTESIAN_POINT('',(2.552544002202,304.0926716012));
#5829 = CARTESIAN_POINT('',(2.748893549412,305.18307501306));
#5830 = CARTESIAN_POINT('',(2.945243096617,306.34153761386));
#5831 = CARTESIAN_POINT('',(3.141592643822,307.49999994237));
#5832 = ( GEOMETRIC_REPRESENTATION_CONTEXT(2) 
PARAMETRIC_REPRESENTATION_CONTEXT() REPRESENTATION_CONTEXT('2D SPACE',''
  ) );
#5833 = PCURVE('',#5834,#5839);
#5834 = CYLINDRICAL_SURFACE('',#5835,5.9);
#5835 = AXIS2_PLACEMENT_3D('',#5836,#5837,#5838);
#5836 = CARTESIAN_POINT('',(112.5,-6.,63.5));
#5837 = DIRECTION('',(0.,1.,0.));
#5838 = DIRECTION('',(0.,-0.,1.));
#5839 = DEFINITIONAL_REPRESENTATION('',(#5840),#5857);
#5840 = B_SPLINE_CURVE_WITH_KNOTS('',8,(#5841,#5842,#5843,#5844,#5845,
    #5846,#5847,#5848,#5849,#5850,#5851,#5852,#5853,#5854,#5855,#5856),
  .UNSPECIFIED.,.F.,.F.,(9,7,9),(1.570796215333,3.141592592975,
    4.712388970617),.UNSPECIFIED.);
#5841 = CARTESIAN_POINT('',(6.283185418642,32.000000657628));
#5842 = CARTESIAN_POINT('',(6.086835871437,30.841538329117));
#5843 = CARTESIAN_POINT('',(5.890486324232,29.68307569656));
#5844 = CARTESIAN_POINT('',(5.694136777026,28.592672223622));
#5845 = CARTESIAN_POINT('',(5.497787229823,27.63837373414));
#5846 = CARTESIAN_POINT('',(5.301437682614,26.879873783592));
#5847 = CARTESIAN_POINT('',(5.105088135411,26.359958735573));
#5848 = CARTESIAN_POINT('',(4.908738588205,26.10000007022));
#5849 = CARTESIAN_POINT('',(4.516039493794,26.09999992978));
#5850 = CARTESIAN_POINT('',(4.319689946588,26.359958454723));
#5851 = CARTESIAN_POINT('',(4.123340399391,26.879873370438));
#5852 = CARTESIAN_POINT('',(3.926990852172,27.63837320547));
#5853 = CARTESIAN_POINT('',(3.730641304979,28.592671602825));
#5854 = CARTESIAN_POINT('',(3.534291757767,29.683075012844));
#5855 = CARTESIAN_POINT('',(3.337942210563,30.841537613861));
#5856 = CARTESIAN_POINT('',(3.141592663357,31.999999942372));
#5857 = ( GEOMETRIC_REPRESENTATION_CONTEXT(2) 
PARAMETRIC_REPRESENTATION_CONTEXT() REPRESENTATION_CONTEXT('2D SPACE',''
  ) );
#5858 = ORIENTED_EDGE('',*,*,#5859,.T.);
#5859 = EDGE_CURVE('',#5803,#5860,#5862,.T.);
#5860 = VERTEX_POINT('',#5861);
#5861 = CARTESIAN_POINT('',(118.4,20.1,63.5));
#5862 = SURFACE_CURVE('',#5863,(#5868,#5881),.PCURVE_S1.);
#5863 = ELLIPSE('',#5864,8.343860018001,5.9);
#5864 = AXIS2_PLACEMENT_3D('',#5865,#5866,#5867);
#5865 = CARTESIAN_POINT('',(112.5,26.,63.5));
#5866 = DIRECTION('',(0.707106781187,0.707106781187,0.));
#5867 = DIRECTION('',(0.707106781187,-0.707106781187,0.));
#5868 = PCURVE('',#2514,#5869);
#5869 = DEFINITIONAL_REPRESENTATION('',(#5870),#5880);
#5870 = B_SPLINE_CURVE_WITH_KNOTS('',8,(#5871,#5872,#5873,#5874,#5875,
    #5876,#5877,#5878,#5879),.UNSPECIFIED.,.F.,.F.,(9,9),(4.712388868922
    ,6.28318530718),.PIECEWISE_BEZIER_KNOTS.);
#5871 = CARTESIAN_POINT('',(-1.114623504606E-07,307.49999934237));
#5872 = CARTESIAN_POINT('',(0.19634944332,308.65846171558));
#5873 = CARTESIAN_POINT('',(0.392698998101,309.81692439261));
#5874 = CARTESIAN_POINT('',(0.589048552885,310.90732790279));
#5875 = CARTESIAN_POINT('',(0.785398107662,311.86162641143));
#5876 = CARTESIAN_POINT('',(0.981747662448,312.62012636318));
#5877 = CARTESIAN_POINT('',(1.17809721723,313.14004138451));
#5878 = CARTESIAN_POINT('',(1.374446772013,313.4));
#5879 = CARTESIAN_POINT('',(1.570796326795,313.4));
#5880 = ( GEOMETRIC_REPRESENTATION_CONTEXT(2) 
PARAMETRIC_REPRESENTATION_CONTEXT() REPRESENTATION_CONTEXT('2D SPACE',''
  ) );
#5881 = PCURVE('',#5834,#5882);
#5882 = DEFINITIONAL_REPRESENTATION('',(#5883),#5893);
#5883 = B_SPLINE_CURVE_WITH_KNOTS('',8,(#5884,#5885,#5886,#5887,#5888,
    #5889,#5890,#5891,#5892),.UNSPECIFIED.,.F.,.F.,(9,9),(4.712388868922
    ,6.28318530718),.PIECEWISE_BEZIER_KNOTS.);
#5884 = CARTESIAN_POINT('',(-1.114623495724E-07,32.000000657628));
#5885 = CARTESIAN_POINT('',(0.19634944332,30.841538284413));
#5886 = CARTESIAN_POINT('',(0.392698998102,29.68307560713));
#5887 = CARTESIAN_POINT('',(0.589048552884,28.592672097416));
#5888 = CARTESIAN_POINT('',(0.785398107665,27.638373586732));
#5889 = CARTESIAN_POINT('',(0.981747662448,26.879873637282));
#5890 = CARTESIAN_POINT('',(1.17809721723,26.35995861518));
#5891 = CARTESIAN_POINT('',(1.374446772013,26.1));
#5892 = CARTESIAN_POINT('',(1.570796326795,26.1));
#5893 = ( GEOMETRIC_REPRESENTATION_CONTEXT(2) 
PARAMETRIC_REPRESENTATION_CONTEXT() REPRESENTATION_CONTEXT('2D SPACE',''
  ) );
#5894 = ORIENTED_EDGE('',*,*,#5895,.T.);
#5895 = EDGE_CURVE('',#5860,#5805,#5896,.T.);
#5896 = SURFACE_CURVE('',#5897,(#5902,#5915),.PCURVE_S1.);
#5897 = ELLIPSE('',#5898,8.343860018001,5.9);
#5898 = AXIS2_PLACEMENT_3D('',#5899,#5900,#5901);
#5899 = CARTESIAN_POINT('',(112.5,26.,63.5));
#5900 = DIRECTION('',(0.707106781187,0.707106781187,0.));
#5901 = DIRECTION('',(0.707106781187,-0.707106781187,0.));
#5902 = PCURVE('',#2514,#5903);
#5903 = DEFINITIONAL_REPRESENTATION('',(#5904),#5914);
#5904 = B_SPLINE_CURVE_WITH_KNOTS('',8,(#5905,#5906,#5907,#5908,#5909,
    #5910,#5911,#5912,#5913),.UNSPECIFIED.,.F.,.F.,(9,9),(0.,
    1.570796438257),.PIECEWISE_BEZIER_KNOTS.);
#5905 = CARTESIAN_POINT('',(1.570796326795,313.4));
#5906 = CARTESIAN_POINT('',(1.767145881577,313.4));
#5907 = CARTESIAN_POINT('',(1.963495436358,313.14004138438));
#5908 = CARTESIAN_POINT('',(2.15984499114,312.62012636324));
#5909 = CARTESIAN_POINT('',(2.35619454592,311.86162641104));
#5910 = CARTESIAN_POINT('',(2.552544100701,310.90732790319));
#5911 = CARTESIAN_POINT('',(2.748893655487,309.81692439241));
#5912 = CARTESIAN_POINT('',(2.94524321027,308.65846171558));
#5913 = CARTESIAN_POINT('',(3.141592765052,307.49999934237));
#5914 = ( GEOMETRIC_REPRESENTATION_CONTEXT(2) 
PARAMETRIC_REPRESENTATION_CONTEXT() REPRESENTATION_CONTEXT('2D SPACE',''
  ) );
#5915 = PCURVE('',#5834,#5916);
#5916 = DEFINITIONAL_REPRESENTATION('',(#5917),#5927);
#5917 = B_SPLINE_CURVE_WITH_KNOTS('',8,(#5918,#5919,#5920,#5921,#5922,
    #5923,#5924,#5925,#5926),.UNSPECIFIED.,.F.,.F.,(9,9),(0.,
    1.570796438257),.PIECEWISE_BEZIER_KNOTS.);
#5918 = CARTESIAN_POINT('',(1.570796326795,26.1));
#5919 = CARTESIAN_POINT('',(1.767145881577,26.1));
#5920 = CARTESIAN_POINT('',(1.96349543636,26.359958615168));
#5921 = CARTESIAN_POINT('',(2.159844991134,26.879873637337));
#5922 = CARTESIAN_POINT('',(2.356194545922,27.638373586699));
#5923 = CARTESIAN_POINT('',(2.552544100699,28.592672097511));
#5924 = CARTESIAN_POINT('',(2.748893655488,29.683075607137));
#5925 = CARTESIAN_POINT('',(2.94524321027,30.841538284413));
#5926 = CARTESIAN_POINT('',(3.141592765052,32.000000657628));
#5927 = ( GEOMETRIC_REPRESENTATION_CONTEXT(2) 
PARAMETRIC_REPRESENTATION_CONTEXT() REPRESENTATION_CONTEXT('2D SPACE',''
  ) );
#5928 = FACE_BOUND('',#5929,.F.);
#5929 = EDGE_LOOP('',(#5930,#5987,#6023));
#5930 = ORIENTED_EDGE('',*,*,#5931,.F.);
#5931 = EDGE_CURVE('',#5932,#5934,#5936,.T.);
#5932 = VERTEX_POINT('',#5933);
#5933 = CARTESIAN_POINT('',(157.5,26.,69.4));
#5934 = VERTEX_POINT('',#5935);
#5935 = CARTESIAN_POINT('',(157.5,26.,57.6));
#5936 = SURFACE_CURVE('',#5937,(#5942,#5962),.PCURVE_S1.);
#5937 = ELLIPSE('',#5938,8.343860018001,5.9);
#5938 = AXIS2_PLACEMENT_3D('',#5939,#5940,#5941);
#5939 = CARTESIAN_POINT('',(157.5,26.,63.5));
#5940 = DIRECTION('',(0.707106781187,-0.707106781187,0.));
#5941 = DIRECTION('',(0.707106781187,0.707106781187,0.));
#5942 = PCURVE('',#2514,#5943);
#5943 = DEFINITIONAL_REPRESENTATION('',(#5944),#5961);
#5944 = B_SPLINE_CURVE_WITH_KNOTS('',8,(#5945,#5946,#5947,#5948,#5949,
    #5950,#5951,#5952,#5953,#5954,#5955,#5956,#5957,#5958,#5959,#5960),
  .UNSPECIFIED.,.F.,.F.,(9,7,9),(1.570796215333,3.141592592975,
    4.712388970617),.UNSPECIFIED.);
#5945 = CARTESIAN_POINT('',(-1.114623504606E-07,352.50000065762));
#5946 = CARTESIAN_POINT('',(0.196349435743,351.34153832911));
#5947 = CARTESIAN_POINT('',(0.392698982948,350.18307569672));
#5948 = CARTESIAN_POINT('',(0.589048530153,349.09267222257));
#5949 = CARTESIAN_POINT('',(0.785398077356,348.13837373504));
#5950 = CARTESIAN_POINT('',(0.981747624563,347.37987378253));
#5951 = CARTESIAN_POINT('',(1.178097171769,346.85995873581));
#5952 = CARTESIAN_POINT('',(1.374446718975,346.60000007022));
#5953 = CARTESIAN_POINT('',(1.767145813385,346.59999992978));
#5954 = CARTESIAN_POINT('',(1.963495360591,346.8599584542));
#5955 = CARTESIAN_POINT('',(2.15984490779,347.37987337115));
#5956 = CARTESIAN_POINT('',(2.356194455005,348.13837320322));
#5957 = CARTESIAN_POINT('',(2.552544002202,349.09267160346));
#5958 = CARTESIAN_POINT('',(2.748893549412,350.18307501233));
#5959 = CARTESIAN_POINT('',(2.945243096617,351.34153761386));
#5960 = CARTESIAN_POINT('',(3.141592643822,352.49999994237));
#5961 = ( GEOMETRIC_REPRESENTATION_CONTEXT(2) 
PARAMETRIC_REPRESENTATION_CONTEXT() REPRESENTATION_CONTEXT('2D SPACE',''
  ) );
#5962 = PCURVE('',#5963,#5968);
#5963 = CYLINDRICAL_SURFACE('',#5964,5.9);
#5964 = AXIS2_PLACEMENT_3D('',#5965,#5966,#5967);
#5965 = CARTESIAN_POINT('',(157.5,-6.,63.5));
#5966 = DIRECTION('',(0.,1.,0.));
#5967 = DIRECTION('',(0.,-0.,1.));
#5968 = DEFINITIONAL_REPRESENTATION('',(#5969),#5986);
#5969 = B_SPLINE_CURVE_WITH_KNOTS('',8,(#5970,#5971,#5972,#5973,#5974,
    #5975,#5976,#5977,#5978,#5979,#5980,#5981,#5982,#5983,#5984,#5985),
  .UNSPECIFIED.,.F.,.F.,(9,7,9),(1.570796215333,3.141592592975,
    4.712388970617),.UNSPECIFIED.);
#5970 = CARTESIAN_POINT('',(6.283185418642,32.000000657628));
#5971 = CARTESIAN_POINT('',(6.086835871437,30.841538329117));
#5972 = CARTESIAN_POINT('',(5.890486324231,29.68307569656));
#5973 = CARTESIAN_POINT('',(5.69413677703,28.592672223622));
#5974 = CARTESIAN_POINT('',(5.497787229819,27.63837373414));
#5975 = CARTESIAN_POINT('',(5.301437682618,26.879873783592));
#5976 = CARTESIAN_POINT('',(5.10508813541,26.359958735573));
#5977 = CARTESIAN_POINT('',(4.908738588205,26.10000007022));
#5978 = CARTESIAN_POINT('',(4.516039493794,26.09999992978));
#5979 = CARTESIAN_POINT('',(4.319689946587,26.359958454723));
#5980 = CARTESIAN_POINT('',(4.123340399393,26.879873370438));
#5981 = CARTESIAN_POINT('',(3.92699085217,27.63837320547));
#5982 = CARTESIAN_POINT('',(3.730641304982,28.592671602825));
#5983 = CARTESIAN_POINT('',(3.534291757767,29.683075012844));
#5984 = CARTESIAN_POINT('',(3.337942210563,30.841537613861));
#5985 = CARTESIAN_POINT('',(3.141592663357,31.999999942372));
#5986 = ( GEOMETRIC_REPRESENTATION_CONTEXT(2) 
PARAMETRIC_REPRESENTATION_CONTEXT() REPRESENTATION_CONTEXT('2D SPACE',''
  ) );
#5987 = ORIENTED_EDGE('',*,*,#5988,.T.);
#5988 = EDGE_CURVE('',#5932,#5989,#5991,.T.);
#5989 = VERTEX_POINT('',#5990);
#5990 = CARTESIAN_POINT('',(163.4,20.1,63.5));
#5991 = SURFACE_CURVE('',#5992,(#5997,#6010),.PCURVE_S1.);
#5992 = ELLIPSE('',#5993,8.343860018001,5.9);
#5993 = AXIS2_PLACEMENT_3D('',#5994,#5995,#5996);
#5994 = CARTESIAN_POINT('',(157.5,26.,63.5));
#5995 = DIRECTION('',(0.707106781187,0.707106781187,0.));
#5996 = DIRECTION('',(0.707106781187,-0.707106781187,0.));
#5997 = PCURVE('',#2514,#5998);
#5998 = DEFINITIONAL_REPRESENTATION('',(#5999),#6009);
#5999 = B_SPLINE_CURVE_WITH_KNOTS('',8,(#6000,#6001,#6002,#6003,#6004,
    #6005,#6006,#6007,#6008),.UNSPECIFIED.,.F.,.F.,(9,9),(4.712388868922
    ,6.28318530718),.PIECEWISE_BEZIER_KNOTS.);
#6000 = CARTESIAN_POINT('',(-1.114623504606E-07,352.49999934237));
#6001 = CARTESIAN_POINT('',(0.19634944332,353.65846171558));
#6002 = CARTESIAN_POINT('',(0.392698998101,354.81692439281));
#6003 = CARTESIAN_POINT('',(0.589048552885,355.9073279018));
#6004 = CARTESIAN_POINT('',(0.785398107662,356.86162641429));
#6005 = CARTESIAN_POINT('',(0.981747662448,357.62012636139));
#6006 = CARTESIAN_POINT('',(1.17809721723,358.14004138483));
#6007 = CARTESIAN_POINT('',(1.374446772013,358.4));
#6008 = CARTESIAN_POINT('',(1.570796326795,358.4));
#6009 = ( GEOMETRIC_REPRESENTATION_CONTEXT(2) 
PARAMETRIC_REPRESENTATION_CONTEXT() REPRESENTATION_CONTEXT('2D SPACE',''
  ) );
#6010 = PCURVE('',#5963,#6011);
#6011 = DEFINITIONAL_REPRESENTATION('',(#6012),#6022);
#6012 = B_SPLINE_CURVE_WITH_KNOTS('',8,(#6013,#6014,#6015,#6016,#6017,
    #6018,#6019,#6020,#6021),.UNSPECIFIED.,.F.,.F.,(9,9),(4.712388868922
    ,6.28318530718),.PIECEWISE_BEZIER_KNOTS.);
#6013 = CARTESIAN_POINT('',(-1.114623522369E-07,32.000000657628));
#6014 = CARTESIAN_POINT('',(0.19634944332,30.841538284413));
#6015 = CARTESIAN_POINT('',(0.392698998102,29.68307560713));
#6016 = CARTESIAN_POINT('',(0.589048552883,28.592672097416));
#6017 = CARTESIAN_POINT('',(0.785398107667,27.638373586732));
#6018 = CARTESIAN_POINT('',(0.981747662446,26.879873637282));
#6019 = CARTESIAN_POINT('',(1.17809721723,26.35995861518));
#6020 = CARTESIAN_POINT('',(1.374446772013,26.1));
#6021 = CARTESIAN_POINT('',(1.570796326795,26.1));
#6022 = ( GEOMETRIC_REPRESENTATION_CONTEXT(2) 
PARAMETRIC_REPRESENTATION_CONTEXT() REPRESENTATION_CONTEXT('2D SPACE',''
  ) );
#6023 = ORIENTED_EDGE('',*,*,#6024,.T.);
#6024 = EDGE_CURVE('',#5989,#5934,#6025,.T.);
#6025 = SURFACE_CURVE('',#6026,(#6031,#6044),.PCURVE_S1.);
#6026 = ELLIPSE('',#6027,8.343860018001,5.9);
#6027 = AXIS2_PLACEMENT_3D('',#6028,#6029,#6030);
#6028 = CARTESIAN_POINT('',(157.5,26.,63.5));
#6029 = DIRECTION('',(0.707106781187,0.707106781187,0.));
#6030 = DIRECTION('',(0.707106781187,-0.707106781187,0.));
#6031 = PCURVE('',#2514,#6032);
#6032 = DEFINITIONAL_REPRESENTATION('',(#6033),#6043);
#6033 = B_SPLINE_CURVE_WITH_KNOTS('',8,(#6034,#6035,#6036,#6037,#6038,
    #6039,#6040,#6041,#6042),.UNSPECIFIED.,.F.,.F.,(9,9),(0.,
    1.570796438257),.PIECEWISE_BEZIER_KNOTS.);
#6034 = CARTESIAN_POINT('',(1.570796326795,358.4));
#6035 = CARTESIAN_POINT('',(1.767145881577,358.4));
#6036 = CARTESIAN_POINT('',(1.963495436358,358.14004138477));
#6037 = CARTESIAN_POINT('',(2.15984499114,357.62012636208));
#6038 = CARTESIAN_POINT('',(2.35619454592,356.86162641293));
#6039 = CARTESIAN_POINT('',(2.552544100701,355.90732790161));
#6040 = CARTESIAN_POINT('',(2.748893655487,354.81692439284));
#6041 = CARTESIAN_POINT('',(2.94524321027,353.65846171558));
#6042 = CARTESIAN_POINT('',(3.141592765052,352.49999934237));
#6043 = ( GEOMETRIC_REPRESENTATION_CONTEXT(2) 
PARAMETRIC_REPRESENTATION_CONTEXT() REPRESENTATION_CONTEXT('2D SPACE',''
  ) );
#6044 = PCURVE('',#5963,#6045);
#6045 = DEFINITIONAL_REPRESENTATION('',(#6046),#6056);
#6046 = B_SPLINE_CURVE_WITH_KNOTS('',8,(#6047,#6048,#6049,#6050,#6051,
    #6052,#6053,#6054,#6055),.UNSPECIFIED.,.F.,.F.,(9,9),(0.,
    1.570796438257),.PIECEWISE_BEZIER_KNOTS.);
#6047 = CARTESIAN_POINT('',(1.570796326795,26.1));
#6048 = CARTESIAN_POINT('',(1.767145881577,26.1));
#6049 = CARTESIAN_POINT('',(1.963495436358,26.359958615168));
#6050 = CARTESIAN_POINT('',(2.159844991142,26.879873637337));
#6051 = CARTESIAN_POINT('',(2.356194545915,27.638373586699));
#6052 = CARTESIAN_POINT('',(2.552544100708,28.592672097511));
#6053 = CARTESIAN_POINT('',(2.748893655486,29.683075607137));
#6054 = CARTESIAN_POINT('',(2.94524321027,30.841538284413));
#6055 = CARTESIAN_POINT('',(3.141592765052,32.000000657628));
#6056 = ( GEOMETRIC_REPRESENTATION_CONTEXT(2) 
PARAMETRIC_REPRESENTATION_CONTEXT() REPRESENTATION_CONTEXT('2D SPACE',''
  ) );
#6057 = ADVANCED_FACE('',(#6058,#6061),#2697,.F.);
#6058 = FACE_BOUND('',#6059,.F.);
#6059 = EDGE_LOOP('',(#6060));
#6060 = ORIENTED_EDGE('',*,*,#2682,.T.);
#6061 = FACE_BOUND('',#6062,.F.);
#6062 = EDGE_LOOP('',(#6063));
#6063 = ORIENTED_EDGE('',*,*,#6064,.F.);
#6064 = EDGE_CURVE('',#6065,#6065,#6067,.T.);
#6065 = VERTEX_POINT('',#6066);
#6066 = CARTESIAN_POINT('',(-157.5,-6.,30.4));
#6067 = SURFACE_CURVE('',#6068,(#6073,#6080),.PCURVE_S1.);
#6068 = CIRCLE('',#6069,6.9);
#6069 = AXIS2_PLACEMENT_3D('',#6070,#6071,#6072);
#6070 = CARTESIAN_POINT('',(-157.5,-6.,23.5));
#6071 = DIRECTION('',(0.,1.,0.));
#6072 = DIRECTION('',(0.,-0.,1.));
#6073 = PCURVE('',#2697,#6074);
#6074 = DEFINITIONAL_REPRESENTATION('',(#6075),#6079);
#6075 = CIRCLE('',#6076,6.9);
#6076 = AXIS2_PLACEMENT_2D('',#6077,#6078);
#6077 = CARTESIAN_POINT('',(0.,0.));
#6078 = DIRECTION('',(1.,0.));
#6079 = ( GEOMETRIC_REPRESENTATION_CONTEXT(2) 
PARAMETRIC_REPRESENTATION_CONTEXT() REPRESENTATION_CONTEXT('2D SPACE',''
  ) );
#6080 = PCURVE('',#6081,#6086);
#6081 = CONICAL_SURFACE('',#6082,6.9,0.785398163397);
#6082 = AXIS2_PLACEMENT_3D('',#6083,#6084,#6085);
#6083 = CARTESIAN_POINT('',(-157.5,-6.,23.5));
#6084 = DIRECTION('',(-0.,-1.,-0.));
#6085 = DIRECTION('',(0.,-0.,1.));
#6086 = DEFINITIONAL_REPRESENTATION('',(#6087),#6091);
#6087 = LINE('',#6088,#6089);
#6088 = CARTESIAN_POINT('',(-0.,-0.));
#6089 = VECTOR('',#6090,1.);
#6090 = DIRECTION('',(-1.,-0.));
#6091 = ( GEOMETRIC_REPRESENTATION_CONTEXT(2) 
PARAMETRIC_REPRESENTATION_CONTEXT() REPRESENTATION_CONTEXT('2D SPACE',''
  ) );
#6092 = ADVANCED_FACE('',(#6093,#6096),#2752,.F.);
#6093 = FACE_BOUND('',#6094,.F.);
#6094 = EDGE_LOOP('',(#6095));
#6095 = ORIENTED_EDGE('',*,*,#2737,.T.);
#6096 = FACE_BOUND('',#6097,.F.);
#6097 = EDGE_LOOP('',(#6098));
#6098 = ORIENTED_EDGE('',*,*,#6099,.F.);
#6099 = EDGE_CURVE('',#6100,#6100,#6102,.T.);
#6100 = VERTEX_POINT('',#6101);
#6101 = CARTESIAN_POINT('',(-112.5,-6.,30.4));
#6102 = SURFACE_CURVE('',#6103,(#6108,#6115),.PCURVE_S1.);
#6103 = CIRCLE('',#6104,6.9);
#6104 = AXIS2_PLACEMENT_3D('',#6105,#6106,#6107);
#6105 = CARTESIAN_POINT('',(-112.5,-6.,23.5));
#6106 = DIRECTION('',(0.,1.,0.));
#6107 = DIRECTION('',(0.,-0.,1.));
#6108 = PCURVE('',#2752,#6109);
#6109 = DEFINITIONAL_REPRESENTATION('',(#6110),#6114);
#6110 = CIRCLE('',#6111,6.9);
#6111 = AXIS2_PLACEMENT_2D('',#6112,#6113);
#6112 = CARTESIAN_POINT('',(0.,0.));
#6113 = DIRECTION('',(1.,0.));
#6114 = ( GEOMETRIC_REPRESENTATION_CONTEXT(2) 
PARAMETRIC_REPRESENTATION_CONTEXT() REPRESENTATION_CONTEXT('2D SPACE',''
  ) );
#6115 = PCURVE('',#6116,#6121);
#6116 = CONICAL_SURFACE('',#6117,6.9,0.785398163397);
#6117 = AXIS2_PLACEMENT_3D('',#6118,#6119,#6120);
#6118 = CARTESIAN_POINT('',(-112.5,-6.,23.5));
#6119 = DIRECTION('',(-0.,-1.,-0.));
#6120 = DIRECTION('',(0.,-0.,1.));
#6121 = DEFINITIONAL_REPRESENTATION('',(#6122),#6126);
#6122 = LINE('',#6123,#6124);
#6123 = CARTESIAN_POINT('',(-0.,-0.));
#6124 = VECTOR('',#6125,1.);
#6125 = DIRECTION('',(-1.,-0.));
#6126 = ( GEOMETRIC_REPRESENTATION_CONTEXT(2) 
PARAMETRIC_REPRESENTATION_CONTEXT() REPRESENTATION_CONTEXT('2D SPACE',''
  ) );
#6127 = ADVANCED_FACE('',(#6128,#6131),#2807,.F.);
#6128 = FACE_BOUND('',#6129,.F.);
#6129 = EDGE_LOOP('',(#6130));
#6130 = ORIENTED_EDGE('',*,*,#2792,.T.);
#6131 = FACE_BOUND('',#6132,.F.);
#6132 = EDGE_LOOP('',(#6133));
#6133 = ORIENTED_EDGE('',*,*,#6134,.F.);
#6134 = EDGE_CURVE('',#6135,#6135,#6137,.T.);
#6135 = VERTEX_POINT('',#6136);
#6136 = CARTESIAN_POINT('',(-67.5,-6.,30.4));
#6137 = SURFACE_CURVE('',#6138,(#6143,#6150),.PCURVE_S1.);
#6138 = CIRCLE('',#6139,6.9);
#6139 = AXIS2_PLACEMENT_3D('',#6140,#6141,#6142);
#6140 = CARTESIAN_POINT('',(-67.5,-6.,23.5));
#6141 = DIRECTION('',(0.,1.,0.));
#6142 = DIRECTION('',(0.,-0.,1.));
#6143 = PCURVE('',#2807,#6144);
#6144 = DEFINITIONAL_REPRESENTATION('',(#6145),#6149);
#6145 = CIRCLE('',#6146,6.9);
#6146 = AXIS2_PLACEMENT_2D('',#6147,#6148);
#6147 = CARTESIAN_POINT('',(0.,0.));
#6148 = DIRECTION('',(1.,0.));
#6149 = ( GEOMETRIC_REPRESENTATION_CONTEXT(2) 
PARAMETRIC_REPRESENTATION_CONTEXT() REPRESENTATION_CONTEXT('2D SPACE',''
  ) );
#6150 = PCURVE('',#6151,#6156);
#6151 = CONICAL_SURFACE('',#6152,6.9,0.785398163397);
#6152 = AXIS2_PLACEMENT_3D('',#6153,#6154,#6155);
#6153 = CARTESIAN_POINT('',(-67.5,-6.,23.5));
#6154 = DIRECTION('',(-0.,-1.,-0.));
#6155 = DIRECTION('',(0.,-0.,1.));
#6156 = DEFINITIONAL_REPRESENTATION('',(#6157),#6161);
#6157 = LINE('',#6158,#6159);
#6158 = CARTESIAN_POINT('',(-0.,-0.));
#6159 = VECTOR('',#6160,1.);
#6160 = DIRECTION('',(-1.,-0.));
#6161 = ( GEOMETRIC_REPRESENTATION_CONTEXT(2) 
PARAMETRIC_REPRESENTATION_CONTEXT() REPRESENTATION_CONTEXT('2D SPACE',''
  ) );
#6162 = ADVANCED_FACE('',(#6163,#6166),#2862,.F.);
#6163 = FACE_BOUND('',#6164,.F.);
#6164 = EDGE_LOOP('',(#6165));
#6165 = ORIENTED_EDGE('',*,*,#2847,.T.);
#6166 = FACE_BOUND('',#6167,.F.);
#6167 = EDGE_LOOP('',(#6168));
#6168 = ORIENTED_EDGE('',*,*,#6169,.F.);
#6169 = EDGE_CURVE('',#6170,#6170,#6172,.T.);
#6170 = VERTEX_POINT('',#6171);
#6171 = CARTESIAN_POINT('',(-22.5,-6.,30.4));
#6172 = SURFACE_CURVE('',#6173,(#6178,#6185),.PCURVE_S1.);
#6173 = CIRCLE('',#6174,6.9);
#6174 = AXIS2_PLACEMENT_3D('',#6175,#6176,#6177);
#6175 = CARTESIAN_POINT('',(-22.5,-6.,23.5));
#6176 = DIRECTION('',(0.,1.,0.));
#6177 = DIRECTION('',(0.,-0.,1.));
#6178 = PCURVE('',#2862,#6179);
#6179 = DEFINITIONAL_REPRESENTATION('',(#6180),#6184);
#6180 = CIRCLE('',#6181,6.9);
#6181 = AXIS2_PLACEMENT_2D('',#6182,#6183);
#6182 = CARTESIAN_POINT('',(0.,0.));
#6183 = DIRECTION('',(1.,0.));
#6184 = ( GEOMETRIC_REPRESENTATION_CONTEXT(2) 
PARAMETRIC_REPRESENTATION_CONTEXT() REPRESENTATION_CONTEXT('2D SPACE',''
  ) );
#6185 = PCURVE('',#6186,#6191);
#6186 = CONICAL_SURFACE('',#6187,6.9,0.785398163397);
#6187 = AXIS2_PLACEMENT_3D('',#6188,#6189,#6190);
#6188 = CARTESIAN_POINT('',(-22.5,-6.,23.5));
#6189 = DIRECTION('',(-0.,-1.,-0.));
#6190 = DIRECTION('',(0.,-0.,1.));
#6191 = DEFINITIONAL_REPRESENTATION('',(#6192),#6196);
#6192 = LINE('',#6193,#6194);
#6193 = CARTESIAN_POINT('',(-0.,-0.));
#6194 = VECTOR('',#6195,1.);
#6195 = DIRECTION('',(-1.,-0.));
#6196 = ( GEOMETRIC_REPRESENTATION_CONTEXT(2) 
PARAMETRIC_REPRESENTATION_CONTEXT() REPRESENTATION_CONTEXT('2D SPACE',''
  ) );
#6197 = ADVANCED_FACE('',(#6198,#6201),#2917,.F.);
#6198 = FACE_BOUND('',#6199,.F.);
#6199 = EDGE_LOOP('',(#6200));
#6200 = ORIENTED_EDGE('',*,*,#2902,.T.);
#6201 = FACE_BOUND('',#6202,.F.);
#6202 = EDGE_LOOP('',(#6203));
#6203 = ORIENTED_EDGE('',*,*,#6204,.F.);
#6204 = EDGE_CURVE('',#6205,#6205,#6207,.T.);
#6205 = VERTEX_POINT('',#6206);
#6206 = CARTESIAN_POINT('',(-157.5,-6.,70.4));
#6207 = SURFACE_CURVE('',#6208,(#6213,#6220),.PCURVE_S1.);
#6208 = CIRCLE('',#6209,6.9);
#6209 = AXIS2_PLACEMENT_3D('',#6210,#6211,#6212);
#6210 = CARTESIAN_POINT('',(-157.5,-6.,63.5));
#6211 = DIRECTION('',(0.,1.,0.));
#6212 = DIRECTION('',(0.,-0.,1.));
#6213 = PCURVE('',#2917,#6214);
#6214 = DEFINITIONAL_REPRESENTATION('',(#6215),#6219);
#6215 = CIRCLE('',#6216,6.9);
#6216 = AXIS2_PLACEMENT_2D('',#6217,#6218);
#6217 = CARTESIAN_POINT('',(0.,0.));
#6218 = DIRECTION('',(1.,0.));
#6219 = ( GEOMETRIC_REPRESENTATION_CONTEXT(2) 
PARAMETRIC_REPRESENTATION_CONTEXT() REPRESENTATION_CONTEXT('2D SPACE',''
  ) );
#6220 = PCURVE('',#6221,#6226);
#6221 = CONICAL_SURFACE('',#6222,6.9,0.785398163397);
#6222 = AXIS2_PLACEMENT_3D('',#6223,#6224,#6225);
#6223 = CARTESIAN_POINT('',(-157.5,-6.,63.5));
#6224 = DIRECTION('',(-0.,-1.,-0.));
#6225 = DIRECTION('',(0.,-0.,1.));
#6226 = DEFINITIONAL_REPRESENTATION('',(#6227),#6231);
#6227 = LINE('',#6228,#6229);
#6228 = CARTESIAN_POINT('',(-0.,-0.));
#6229 = VECTOR('',#6230,1.);
#6230 = DIRECTION('',(-1.,-0.));
#6231 = ( GEOMETRIC_REPRESENTATION_CONTEXT(2) 
PARAMETRIC_REPRESENTATION_CONTEXT() REPRESENTATION_CONTEXT('2D SPACE',''
  ) );
#6232 = ADVANCED_FACE('',(#6233,#6236),#2976,.F.);
#6233 = FACE_BOUND('',#6234,.F.);
#6234 = EDGE_LOOP('',(#6235));
#6235 = ORIENTED_EDGE('',*,*,#2961,.T.);
#6236 = FACE_BOUND('',#6237,.F.);
#6237 = EDGE_LOOP('',(#6238));
#6238 = ORIENTED_EDGE('',*,*,#6239,.F.);
#6239 = EDGE_CURVE('',#6240,#6240,#6242,.T.);
#6240 = VERTEX_POINT('',#6241);
#6241 = CARTESIAN_POINT('',(-112.5,-6.,70.4));
#6242 = SURFACE_CURVE('',#6243,(#6248,#6255),.PCURVE_S1.);
#6243 = CIRCLE('',#6244,6.9);
#6244 = AXIS2_PLACEMENT_3D('',#6245,#6246,#6247);
#6245 = CARTESIAN_POINT('',(-112.5,-6.,63.5));
#6246 = DIRECTION('',(0.,1.,0.));
#6247 = DIRECTION('',(0.,-0.,1.));
#6248 = PCURVE('',#2976,#6249);
#6249 = DEFINITIONAL_REPRESENTATION('',(#6250),#6254);
#6250 = CIRCLE('',#6251,6.9);
#6251 = AXIS2_PLACEMENT_2D('',#6252,#6253);
#6252 = CARTESIAN_POINT('',(0.,0.));
#6253 = DIRECTION('',(1.,0.));
#6254 = ( GEOMETRIC_REPRESENTATION_CONTEXT(2) 
PARAMETRIC_REPRESENTATION_CONTEXT() REPRESENTATION_CONTEXT('2D SPACE',''
  ) );
#6255 = PCURVE('',#6256,#6261);
#6256 = CONICAL_SURFACE('',#6257,6.9,0.785398163397);
#6257 = AXIS2_PLACEMENT_3D('',#6258,#6259,#6260);
#6258 = CARTESIAN_POINT('',(-112.5,-6.,63.5));
#6259 = DIRECTION('',(-0.,-1.,-0.));
#6260 = DIRECTION('',(0.,-0.,1.));
#6261 = DEFINITIONAL_REPRESENTATION('',(#6262),#6266);
#6262 = LINE('',#6263,#6264);
#6263 = CARTESIAN_POINT('',(-0.,-0.));
#6264 = VECTOR('',#6265,1.);
#6265 = DIRECTION('',(-1.,-0.));
#6266 = ( GEOMETRIC_REPRESENTATION_CONTEXT(2) 
PARAMETRIC_REPRESENTATION_CONTEXT() REPRESENTATION_CONTEXT('2D SPACE',''
  ) );
#6267 = ADVANCED_FACE('',(#6268,#6271),#3031,.F.);
#6268 = FACE_BOUND('',#6269,.F.);
#6269 = EDGE_LOOP('',(#6270));
#6270 = ORIENTED_EDGE('',*,*,#3016,.T.);
#6271 = FACE_BOUND('',#6272,.F.);
#6272 = EDGE_LOOP('',(#6273));
#6273 = ORIENTED_EDGE('',*,*,#6274,.F.);
#6274 = EDGE_CURVE('',#6275,#6275,#6277,.T.);
#6275 = VERTEX_POINT('',#6276);
#6276 = CARTESIAN_POINT('',(-67.5,-6.,70.4));
#6277 = SURFACE_CURVE('',#6278,(#6283,#6290),.PCURVE_S1.);
#6278 = CIRCLE('',#6279,6.9);
#6279 = AXIS2_PLACEMENT_3D('',#6280,#6281,#6282);
#6280 = CARTESIAN_POINT('',(-67.5,-6.,63.5));
#6281 = DIRECTION('',(0.,1.,0.));
#6282 = DIRECTION('',(0.,-0.,1.));
#6283 = PCURVE('',#3031,#6284);
#6284 = DEFINITIONAL_REPRESENTATION('',(#6285),#6289);
#6285 = CIRCLE('',#6286,6.9);
#6286 = AXIS2_PLACEMENT_2D('',#6287,#6288);
#6287 = CARTESIAN_POINT('',(0.,0.));
#6288 = DIRECTION('',(1.,0.));
#6289 = ( GEOMETRIC_REPRESENTATION_CONTEXT(2) 
PARAMETRIC_REPRESENTATION_CONTEXT() REPRESENTATION_CONTEXT('2D SPACE',''
  ) );
#6290 = PCURVE('',#6291,#6296);
#6291 = CONICAL_SURFACE('',#6292,6.9,0.785398163397);
#6292 = AXIS2_PLACEMENT_3D('',#6293,#6294,#6295);
#6293 = CARTESIAN_POINT('',(-67.5,-6.,63.5));
#6294 = DIRECTION('',(-0.,-1.,-0.));
#6295 = DIRECTION('',(0.,-0.,1.));
#6296 = DEFINITIONAL_REPRESENTATION('',(#6297),#6301);
#6297 = LINE('',#6298,#6299);
#6298 = CARTESIAN_POINT('',(-0.,-0.));
#6299 = VECTOR('',#6300,1.);
#6300 = DIRECTION('',(-1.,-0.));
#6301 = ( GEOMETRIC_REPRESENTATION_CONTEXT(2) 
PARAMETRIC_REPRESENTATION_CONTEXT() REPRESENTATION_CONTEXT('2D SPACE',''
  ) );
#6302 = ADVANCED_FACE('',(#6303,#6306),#3086,.F.);
#6303 = FACE_BOUND('',#6304,.F.);
#6304 = EDGE_LOOP('',(#6305));
#6305 = ORIENTED_EDGE('',*,*,#3071,.T.);
#6306 = FACE_BOUND('',#6307,.F.);
#6307 = EDGE_LOOP('',(#6308));
#6308 = ORIENTED_EDGE('',*,*,#6309,.F.);
#6309 = EDGE_CURVE('',#6310,#6310,#6312,.T.);
#6310 = VERTEX_POINT('',#6311);
#6311 = CARTESIAN_POINT('',(-22.5,-6.,70.4));
#6312 = SURFACE_CURVE('',#6313,(#6318,#6325),.PCURVE_S1.);
#6313 = CIRCLE('',#6314,6.9);
#6314 = AXIS2_PLACEMENT_3D('',#6315,#6316,#6317);
#6315 = CARTESIAN_POINT('',(-22.5,-6.,63.5));
#6316 = DIRECTION('',(0.,1.,0.));
#6317 = DIRECTION('',(0.,-0.,1.));
#6318 = PCURVE('',#3086,#6319);
#6319 = DEFINITIONAL_REPRESENTATION('',(#6320),#6324);
#6320 = CIRCLE('',#6321,6.9);
#6321 = AXIS2_PLACEMENT_2D('',#6322,#6323);
#6322 = CARTESIAN_POINT('',(0.,0.));
#6323 = DIRECTION('',(1.,0.));
#6324 = ( GEOMETRIC_REPRESENTATION_CONTEXT(2) 
PARAMETRIC_REPRESENTATION_CONTEXT() REPRESENTATION_CONTEXT('2D SPACE',''
  ) );
#6325 = PCURVE('',#6326,#6331);
#6326 = CONICAL_SURFACE('',#6327,6.9,0.785398163397);
#6327 = AXIS2_PLACEMENT_3D('',#6328,#6329,#6330);
#6328 = CARTESIAN_POINT('',(-22.5,-6.,63.5));
#6329 = DIRECTION('',(-0.,-1.,-0.));
#6330 = DIRECTION('',(0.,-0.,1.));
#6331 = DEFINITIONAL_REPRESENTATION('',(#6332),#6336);
#6332 = LINE('',#6333,#6334);
#6333 = CARTESIAN_POINT('',(-0.,-0.));
#6334 = VECTOR('',#6335,1.);
#6335 = DIRECTION('',(-1.,-0.));
#6336 = ( GEOMETRIC_REPRESENTATION_CONTEXT(2) 
PARAMETRIC_REPRESENTATION_CONTEXT() REPRESENTATION_CONTEXT('2D SPACE',''
  ) );
#6337 = ADVANCED_FACE('',(#6338,#6341),#3145,.F.);
#6338 = FACE_BOUND('',#6339,.F.);
#6339 = EDGE_LOOP('',(#6340));
#6340 = ORIENTED_EDGE('',*,*,#3130,.T.);
#6341 = FACE_BOUND('',#6342,.F.);
#6342 = EDGE_LOOP('',(#6343));
#6343 = ORIENTED_EDGE('',*,*,#6344,.F.);
#6344 = EDGE_CURVE('',#6345,#6345,#6347,.T.);
#6345 = VERTEX_POINT('',#6346);
#6346 = CARTESIAN_POINT('',(22.5,-6.,30.4));
#6347 = SURFACE_CURVE('',#6348,(#6353,#6360),.PCURVE_S1.);
#6348 = CIRCLE('',#6349,6.9);
#6349 = AXIS2_PLACEMENT_3D('',#6350,#6351,#6352);
#6350 = CARTESIAN_POINT('',(22.5,-6.,23.5));
#6351 = DIRECTION('',(0.,1.,0.));
#6352 = DIRECTION('',(0.,-0.,1.));
#6353 = PCURVE('',#3145,#6354);
#6354 = DEFINITIONAL_REPRESENTATION('',(#6355),#6359);
#6355 = CIRCLE('',#6356,6.9);
#6356 = AXIS2_PLACEMENT_2D('',#6357,#6358);
#6357 = CARTESIAN_POINT('',(0.,0.));
#6358 = DIRECTION('',(1.,0.));
#6359 = ( GEOMETRIC_REPRESENTATION_CONTEXT(2) 
PARAMETRIC_REPRESENTATION_CONTEXT() REPRESENTATION_CONTEXT('2D SPACE',''
  ) );
#6360 = PCURVE('',#6361,#6366);
#6361 = CONICAL_SURFACE('',#6362,6.9,0.785398163397);
#6362 = AXIS2_PLACEMENT_3D('',#6363,#6364,#6365);
#6363 = CARTESIAN_POINT('',(22.5,-6.,23.5));
#6364 = DIRECTION('',(-0.,-1.,-0.));
#6365 = DIRECTION('',(0.,-0.,1.));
#6366 = DEFINITIONAL_REPRESENTATION('',(#6367),#6371);
#6367 = LINE('',#6368,#6369);
#6368 = CARTESIAN_POINT('',(-0.,-0.));
#6369 = VECTOR('',#6370,1.);
#6370 = DIRECTION('',(-1.,-0.));
#6371 = ( GEOMETRIC_REPRESENTATION_CONTEXT(2) 
PARAMETRIC_REPRESENTATION_CONTEXT() REPRESENTATION_CONTEXT('2D SPACE',''
  ) );
#6372 = ADVANCED_FACE('',(#6373,#6376),#3200,.F.);
#6373 = FACE_BOUND('',#6374,.F.);
#6374 = EDGE_LOOP('',(#6375));
#6375 = ORIENTED_EDGE('',*,*,#3185,.T.);
#6376 = FACE_BOUND('',#6377,.F.);
#6377 = EDGE_LOOP('',(#6378));
#6378 = ORIENTED_EDGE('',*,*,#6379,.F.);
#6379 = EDGE_CURVE('',#6380,#6380,#6382,.T.);
#6380 = VERTEX_POINT('',#6381);
#6381 = CARTESIAN_POINT('',(67.5,-6.,30.4));
#6382 = SURFACE_CURVE('',#6383,(#6388,#6395),.PCURVE_S1.);
#6383 = CIRCLE('',#6384,6.9);
#6384 = AXIS2_PLACEMENT_3D('',#6385,#6386,#6387);
#6385 = CARTESIAN_POINT('',(67.5,-6.,23.5));
#6386 = DIRECTION('',(0.,1.,0.));
#6387 = DIRECTION('',(0.,-0.,1.));
#6388 = PCURVE('',#3200,#6389);
#6389 = DEFINITIONAL_REPRESENTATION('',(#6390),#6394);
#6390 = CIRCLE('',#6391,6.9);
#6391 = AXIS2_PLACEMENT_2D('',#6392,#6393);
#6392 = CARTESIAN_POINT('',(0.,0.));
#6393 = DIRECTION('',(1.,0.));
#6394 = ( GEOMETRIC_REPRESENTATION_CONTEXT(2) 
PARAMETRIC_REPRESENTATION_CONTEXT() REPRESENTATION_CONTEXT('2D SPACE',''
  ) );
#6395 = PCURVE('',#6396,#6401);
#6396 = CONICAL_SURFACE('',#6397,6.9,0.785398163397);
#6397 = AXIS2_PLACEMENT_3D('',#6398,#6399,#6400);
#6398 = CARTESIAN_POINT('',(67.5,-6.,23.5));
#6399 = DIRECTION('',(-0.,-1.,-0.));
#6400 = DIRECTION('',(0.,-0.,1.));
#6401 = DEFINITIONAL_REPRESENTATION('',(#6402),#6406);
#6402 = LINE('',#6403,#6404);
#6403 = CARTESIAN_POINT('',(-0.,-0.));
#6404 = VECTOR('',#6405,1.);
#6405 = DIRECTION('',(-1.,-0.));
#6406 = ( GEOMETRIC_REPRESENTATION_CONTEXT(2) 
PARAMETRIC_REPRESENTATION_CONTEXT() REPRESENTATION_CONTEXT('2D SPACE',''
  ) );
#6407 = ADVANCED_FACE('',(#6408,#6411),#3255,.F.);
#6408 = FACE_BOUND('',#6409,.F.);
#6409 = EDGE_LOOP('',(#6410));
#6410 = ORIENTED_EDGE('',*,*,#3240,.T.);
#6411 = FACE_BOUND('',#6412,.F.);
#6412 = EDGE_LOOP('',(#6413));
#6413 = ORIENTED_EDGE('',*,*,#6414,.F.);
#6414 = EDGE_CURVE('',#6415,#6415,#6417,.T.);
#6415 = VERTEX_POINT('',#6416);
#6416 = CARTESIAN_POINT('',(112.5,-6.,30.4));
#6417 = SURFACE_CURVE('',#6418,(#6423,#6430),.PCURVE_S1.);
#6418 = CIRCLE('',#6419,6.9);
#6419 = AXIS2_PLACEMENT_3D('',#6420,#6421,#6422);
#6420 = CARTESIAN_POINT('',(112.5,-6.,23.5));
#6421 = DIRECTION('',(0.,1.,0.));
#6422 = DIRECTION('',(0.,-0.,1.));
#6423 = PCURVE('',#3255,#6424);
#6424 = DEFINITIONAL_REPRESENTATION('',(#6425),#6429);
#6425 = CIRCLE('',#6426,6.9);
#6426 = AXIS2_PLACEMENT_2D('',#6427,#6428);
#6427 = CARTESIAN_POINT('',(0.,0.));
#6428 = DIRECTION('',(1.,0.));
#6429 = ( GEOMETRIC_REPRESENTATION_CONTEXT(2) 
PARAMETRIC_REPRESENTATION_CONTEXT() REPRESENTATION_CONTEXT('2D SPACE',''
  ) );
#6430 = PCURVE('',#6431,#6436);
#6431 = CONICAL_SURFACE('',#6432,6.9,0.785398163397);
#6432 = AXIS2_PLACEMENT_3D('',#6433,#6434,#6435);
#6433 = CARTESIAN_POINT('',(112.5,-6.,23.5));
#6434 = DIRECTION('',(-0.,-1.,-0.));
#6435 = DIRECTION('',(0.,-0.,1.));
#6436 = DEFINITIONAL_REPRESENTATION('',(#6437),#6441);
#6437 = LINE('',#6438,#6439);
#6438 = CARTESIAN_POINT('',(-0.,-0.));
#6439 = VECTOR('',#6440,1.);
#6440 = DIRECTION('',(-1.,-0.));
#6441 = ( GEOMETRIC_REPRESENTATION_CONTEXT(2) 
PARAMETRIC_REPRESENTATION_CONTEXT() REPRESENTATION_CONTEXT('2D SPACE',''
  ) );
#6442 = ADVANCED_FACE('',(#6443,#6446),#3314,.F.);
#6443 = FACE_BOUND('',#6444,.F.);
#6444 = EDGE_LOOP('',(#6445));
#6445 = ORIENTED_EDGE('',*,*,#3299,.T.);
#6446 = FACE_BOUND('',#6447,.F.);
#6447 = EDGE_LOOP('',(#6448));
#6448 = ORIENTED_EDGE('',*,*,#6449,.F.);
#6449 = EDGE_CURVE('',#6450,#6450,#6452,.T.);
#6450 = VERTEX_POINT('',#6451);
#6451 = CARTESIAN_POINT('',(157.5,-6.,30.4));
#6452 = SURFACE_CURVE('',#6453,(#6458,#6465),.PCURVE_S1.);
#6453 = CIRCLE('',#6454,6.9);
#6454 = AXIS2_PLACEMENT_3D('',#6455,#6456,#6457);
#6455 = CARTESIAN_POINT('',(157.5,-6.,23.5));
#6456 = DIRECTION('',(0.,1.,0.));
#6457 = DIRECTION('',(0.,-0.,1.));
#6458 = PCURVE('',#3314,#6459);
#6459 = DEFINITIONAL_REPRESENTATION('',(#6460),#6464);
#6460 = CIRCLE('',#6461,6.9);
#6461 = AXIS2_PLACEMENT_2D('',#6462,#6463);
#6462 = CARTESIAN_POINT('',(0.,0.));
#6463 = DIRECTION('',(1.,0.));
#6464 = ( GEOMETRIC_REPRESENTATION_CONTEXT(2) 
PARAMETRIC_REPRESENTATION_CONTEXT() REPRESENTATION_CONTEXT('2D SPACE',''
  ) );
#6465 = PCURVE('',#6466,#6471);
#6466 = CONICAL_SURFACE('',#6467,6.9,0.785398163397);
#6467 = AXIS2_PLACEMENT_3D('',#6468,#6469,#6470);
#6468 = CARTESIAN_POINT('',(157.5,-6.,23.5));
#6469 = DIRECTION('',(-0.,-1.,-0.));
#6470 = DIRECTION('',(0.,-0.,1.));
#6471 = DEFINITIONAL_REPRESENTATION('',(#6472),#6476);
#6472 = LINE('',#6473,#6474);
#6473 = CARTESIAN_POINT('',(-0.,-0.));
#6474 = VECTOR('',#6475,1.);
#6475 = DIRECTION('',(-1.,-0.));
#6476 = ( GEOMETRIC_REPRESENTATION_CONTEXT(2) 
PARAMETRIC_REPRESENTATION_CONTEXT() REPRESENTATION_CONTEXT('2D SPACE',''
  ) );
#6477 = ADVANCED_FACE('',(#6478,#6481),#3369,.F.);
#6478 = FACE_BOUND('',#6479,.F.);
#6479 = EDGE_LOOP('',(#6480));
#6480 = ORIENTED_EDGE('',*,*,#3354,.T.);
#6481 = FACE_BOUND('',#6482,.F.);
#6482 = EDGE_LOOP('',(#6483));
#6483 = ORIENTED_EDGE('',*,*,#6484,.F.);
#6484 = EDGE_CURVE('',#6485,#6485,#6487,.T.);
#6485 = VERTEX_POINT('',#6486);
#6486 = CARTESIAN_POINT('',(22.5,-6.,70.4));
#6487 = SURFACE_CURVE('',#6488,(#6493,#6500),.PCURVE_S1.);
#6488 = CIRCLE('',#6489,6.9);
#6489 = AXIS2_PLACEMENT_3D('',#6490,#6491,#6492);
#6490 = CARTESIAN_POINT('',(22.5,-6.,63.5));
#6491 = DIRECTION('',(0.,1.,0.));
#6492 = DIRECTION('',(0.,-0.,1.));
#6493 = PCURVE('',#3369,#6494);
#6494 = DEFINITIONAL_REPRESENTATION('',(#6495),#6499);
#6495 = CIRCLE('',#6496,6.9);
#6496 = AXIS2_PLACEMENT_2D('',#6497,#6498);
#6497 = CARTESIAN_POINT('',(0.,0.));
#6498 = DIRECTION('',(1.,0.));
#6499 = ( GEOMETRIC_REPRESENTATION_CONTEXT(2) 
PARAMETRIC_REPRESENTATION_CONTEXT() REPRESENTATION_CONTEXT('2D SPACE',''
  ) );
#6500 = PCURVE('',#6501,#6506);
#6501 = CONICAL_SURFACE('',#6502,6.9,0.785398163397);
#6502 = AXIS2_PLACEMENT_3D('',#6503,#6504,#6505);
#6503 = CARTESIAN_POINT('',(22.5,-6.,63.5));
#6504 = DIRECTION('',(-0.,-1.,-0.));
#6505 = DIRECTION('',(0.,-0.,1.));
#6506 = DEFINITIONAL_REPRESENTATION('',(#6507),#6511);
#6507 = LINE('',#6508,#6509);
#6508 = CARTESIAN_POINT('',(-0.,-0.));
#6509 = VECTOR('',#6510,1.);
#6510 = DIRECTION('',(-1.,-0.));
#6511 = ( GEOMETRIC_REPRESENTATION_CONTEXT(2) 
PARAMETRIC_REPRESENTATION_CONTEXT() REPRESENTATION_CONTEXT('2D SPACE',''
  ) );
#6512 = ADVANCED_FACE('',(#6513,#6516),#3428,.F.);
#6513 = FACE_BOUND('',#6514,.F.);
#6514 = EDGE_LOOP('',(#6515));
#6515 = ORIENTED_EDGE('',*,*,#3413,.T.);
#6516 = FACE_BOUND('',#6517,.F.);
#6517 = EDGE_LOOP('',(#6518));
#6518 = ORIENTED_EDGE('',*,*,#6519,.F.);
#6519 = EDGE_CURVE('',#6520,#6520,#6522,.T.);
#6520 = VERTEX_POINT('',#6521);
#6521 = CARTESIAN_POINT('',(67.5,-6.,70.4));
#6522 = SURFACE_CURVE('',#6523,(#6528,#6535),.PCURVE_S1.);
#6523 = CIRCLE('',#6524,6.9);
#6524 = AXIS2_PLACEMENT_3D('',#6525,#6526,#6527);
#6525 = CARTESIAN_POINT('',(67.5,-6.,63.5));
#6526 = DIRECTION('',(0.,1.,0.));
#6527 = DIRECTION('',(0.,-0.,1.));
#6528 = PCURVE('',#3428,#6529);
#6529 = DEFINITIONAL_REPRESENTATION('',(#6530),#6534);
#6530 = CIRCLE('',#6531,6.9);
#6531 = AXIS2_PLACEMENT_2D('',#6532,#6533);
#6532 = CARTESIAN_POINT('',(0.,0.));
#6533 = DIRECTION('',(1.,0.));
#6534 = ( GEOMETRIC_REPRESENTATION_CONTEXT(2) 
PARAMETRIC_REPRESENTATION_CONTEXT() REPRESENTATION_CONTEXT('2D SPACE',''
  ) );
#6535 = PCURVE('',#6536,#6541);
#6536 = CONICAL_SURFACE('',#6537,6.9,0.785398163397);
#6537 = AXIS2_PLACEMENT_3D('',#6538,#6539,#6540);
#6538 = CARTESIAN_POINT('',(67.5,-6.,63.5));
#6539 = DIRECTION('',(-0.,-1.,-0.));
#6540 = DIRECTION('',(0.,-0.,1.));
#6541 = DEFINITIONAL_REPRESENTATION('',(#6542),#6546);
#6542 = LINE('',#6543,#6544);
#6543 = CARTESIAN_POINT('',(-0.,-0.));
#6544 = VECTOR('',#6545,1.);
#6545 = DIRECTION('',(-1.,-0.));
#6546 = ( GEOMETRIC_REPRESENTATION_CONTEXT(2) 
PARAMETRIC_REPRESENTATION_CONTEXT() REPRESENTATION_CONTEXT('2D SPACE',''
  ) );
#6547 = ADVANCED_FACE('',(#6548,#6551),#3483,.F.);
#6548 = FACE_BOUND('',#6549,.F.);
#6549 = EDGE_LOOP('',(#6550));
#6550 = ORIENTED_EDGE('',*,*,#3468,.T.);
#6551 = FACE_BOUND('',#6552,.F.);
#6552 = EDGE_LOOP('',(#6553));
#6553 = ORIENTED_EDGE('',*,*,#6554,.F.);
#6554 = EDGE_CURVE('',#6555,#6555,#6557,.T.);
#6555 = VERTEX_POINT('',#6556);
#6556 = CARTESIAN_POINT('',(112.5,-6.,70.4));
#6557 = SURFACE_CURVE('',#6558,(#6563,#6570),.PCURVE_S1.);
#6558 = CIRCLE('',#6559,6.9);
#6559 = AXIS2_PLACEMENT_3D('',#6560,#6561,#6562);
#6560 = CARTESIAN_POINT('',(112.5,-6.,63.5));
#6561 = DIRECTION('',(0.,1.,0.));
#6562 = DIRECTION('',(0.,-0.,1.));
#6563 = PCURVE('',#3483,#6564);
#6564 = DEFINITIONAL_REPRESENTATION('',(#6565),#6569);
#6565 = CIRCLE('',#6566,6.9);
#6566 = AXIS2_PLACEMENT_2D('',#6567,#6568);
#6567 = CARTESIAN_POINT('',(0.,0.));
#6568 = DIRECTION('',(1.,0.));
#6569 = ( GEOMETRIC_REPRESENTATION_CONTEXT(2) 
PARAMETRIC_REPRESENTATION_CONTEXT() REPRESENTATION_CONTEXT('2D SPACE',''
  ) );
#6570 = PCURVE('',#6571,#6576);
#6571 = CONICAL_SURFACE('',#6572,6.9,0.785398163397);
#6572 = AXIS2_PLACEMENT_3D('',#6573,#6574,#6575);
#6573 = CARTESIAN_POINT('',(112.5,-6.,63.5));
#6574 = DIRECTION('',(-0.,-1.,-0.));
#6575 = DIRECTION('',(0.,-0.,1.));
#6576 = DEFINITIONAL_REPRESENTATION('',(#6577),#6581);
#6577 = LINE('',#6578,#6579);
#6578 = CARTESIAN_POINT('',(-0.,-0.));
#6579 = VECTOR('',#6580,1.);
#6580 = DIRECTION('',(-1.,-0.));
#6581 = ( GEOMETRIC_REPRESENTATION_CONTEXT(2) 
PARAMETRIC_REPRESENTATION_CONTEXT() REPRESENTATION_CONTEXT('2D SPACE',''
  ) );
#6582 = ADVANCED_FACE('',(#6583,#6586),#3538,.F.);
#6583 = FACE_BOUND('',#6584,.F.);
#6584 = EDGE_LOOP('',(#6585));
#6585 = ORIENTED_EDGE('',*,*,#3523,.T.);
#6586 = FACE_BOUND('',#6587,.F.);
#6587 = EDGE_LOOP('',(#6588));
#6588 = ORIENTED_EDGE('',*,*,#6589,.F.);
#6589 = EDGE_CURVE('',#6590,#6590,#6592,.T.);
#6590 = VERTEX_POINT('',#6591);
#6591 = CARTESIAN_POINT('',(157.5,-6.,70.4));
#6592 = SURFACE_CURVE('',#6593,(#6598,#6605),.PCURVE_S1.);
#6593 = CIRCLE('',#6594,6.9);
#6594 = AXIS2_PLACEMENT_3D('',#6595,#6596,#6597);
#6595 = CARTESIAN_POINT('',(157.5,-6.,63.5));
#6596 = DIRECTION('',(0.,1.,0.));
#6597 = DIRECTION('',(0.,-0.,1.));
#6598 = PCURVE('',#3538,#6599);
#6599 = DEFINITIONAL_REPRESENTATION('',(#6600),#6604);
#6600 = CIRCLE('',#6601,6.9);
#6601 = AXIS2_PLACEMENT_2D('',#6602,#6603);
#6602 = CARTESIAN_POINT('',(0.,0.));
#6603 = DIRECTION('',(1.,0.));
#6604 = ( GEOMETRIC_REPRESENTATION_CONTEXT(2) 
PARAMETRIC_REPRESENTATION_CONTEXT() REPRESENTATION_CONTEXT('2D SPACE',''
  ) );
#6605 = PCURVE('',#6606,#6611);
#6606 = CONICAL_SURFACE('',#6607,6.9,0.785398163397);
#6607 = AXIS2_PLACEMENT_3D('',#6608,#6609,#6610);
#6608 = CARTESIAN_POINT('',(157.5,-6.,63.5));
#6609 = DIRECTION('',(-0.,-1.,-0.));
#6610 = DIRECTION('',(0.,-0.,1.));
#6611 = DEFINITIONAL_REPRESENTATION('',(#6612),#6616);
#6612 = LINE('',#6613,#6614);
#6613 = CARTESIAN_POINT('',(-0.,-0.));
#6614 = VECTOR('',#6615,1.);
#6615 = DIRECTION('',(-1.,-0.));
#6616 = ( GEOMETRIC_REPRESENTATION_CONTEXT(2) 
PARAMETRIC_REPRESENTATION_CONTEXT() REPRESENTATION_CONTEXT('2D SPACE',''
  ) );
#6617 = ADVANCED_FACE('',(#6618),#3808,.F.);
#6618 = FACE_BOUND('',#6619,.F.);
#6619 = EDGE_LOOP('',(#6620,#6644,#6665,#6666,#6667,#6668));
#6620 = ORIENTED_EDGE('',*,*,#6621,.T.);
#6621 = EDGE_CURVE('',#6622,#6622,#6624,.T.);
#6622 = VERTEX_POINT('',#6623);
#6623 = CARTESIAN_POINT('',(-157.5,-5.,29.4));
#6624 = SURFACE_CURVE('',#6625,(#6630,#6637),.PCURVE_S1.);
#6625 = CIRCLE('',#6626,5.9);
#6626 = AXIS2_PLACEMENT_3D('',#6627,#6628,#6629);
#6627 = CARTESIAN_POINT('',(-157.5,-5.,23.5));
#6628 = DIRECTION('',(0.,1.,0.));
#6629 = DIRECTION('',(0.,-0.,1.));
#6630 = PCURVE('',#3808,#6631);
#6631 = DEFINITIONAL_REPRESENTATION('',(#6632),#6636);
#6632 = LINE('',#6633,#6634);
#6633 = CARTESIAN_POINT('',(0.,1.));
#6634 = VECTOR('',#6635,1.);
#6635 = DIRECTION('',(1.,0.));
#6636 = ( GEOMETRIC_REPRESENTATION_CONTEXT(2) 
PARAMETRIC_REPRESENTATION_CONTEXT() REPRESENTATION_CONTEXT('2D SPACE',''
  ) );
#6637 = PCURVE('',#6081,#6638);
#6638 = DEFINITIONAL_REPRESENTATION('',(#6639),#6643);
#6639 = LINE('',#6640,#6641);
#6640 = CARTESIAN_POINT('',(-0.,-1.));
#6641 = VECTOR('',#6642,1.);
#6642 = DIRECTION('',(-1.,-0.));
#6643 = ( GEOMETRIC_REPRESENTATION_CONTEXT(2) 
PARAMETRIC_REPRESENTATION_CONTEXT() REPRESENTATION_CONTEXT('2D SPACE',''
  ) );
#6644 = ORIENTED_EDGE('',*,*,#6645,.T.);
#6645 = EDGE_CURVE('',#6622,#3558,#6646,.T.);
#6646 = SEAM_CURVE('',#6647,(#6651,#6658),.PCURVE_S1.);
#6647 = LINE('',#6648,#6649);
#6648 = CARTESIAN_POINT('',(-157.5,-6.,29.4));
#6649 = VECTOR('',#6650,1.);
#6650 = DIRECTION('',(0.,1.,0.));
#6651 = PCURVE('',#3808,#6652);
#6652 = DEFINITIONAL_REPRESENTATION('',(#6653),#6657);
#6653 = LINE('',#6654,#6655);
#6654 = CARTESIAN_POINT('',(0.,-0.));
#6655 = VECTOR('',#6656,1.);
#6656 = DIRECTION('',(0.,1.));
#6657 = ( GEOMETRIC_REPRESENTATION_CONTEXT(2) 
PARAMETRIC_REPRESENTATION_CONTEXT() REPRESENTATION_CONTEXT('2D SPACE',''
  ) );
#6658 = PCURVE('',#3808,#6659);
#6659 = DEFINITIONAL_REPRESENTATION('',(#6660),#6664);
#6660 = LINE('',#6661,#6662);
#6661 = CARTESIAN_POINT('',(6.28318530718,-0.));
#6662 = VECTOR('',#6663,1.);
#6663 = DIRECTION('',(0.,1.));
#6664 = ( GEOMETRIC_REPRESENTATION_CONTEXT(2) 
PARAMETRIC_REPRESENTATION_CONTEXT() REPRESENTATION_CONTEXT('2D SPACE',''
  ) );
#6665 = ORIENTED_EDGE('',*,*,#3776,.T.);
#6666 = ORIENTED_EDGE('',*,*,#3869,.F.);
#6667 = ORIENTED_EDGE('',*,*,#3833,.F.);
#6668 = ORIENTED_EDGE('',*,*,#6645,.F.);
#6669 = ADVANCED_FACE('',(#6670),#3937,.F.);
#6670 = FACE_BOUND('',#6671,.F.);
#6671 = EDGE_LOOP('',(#6672,#6696,#6717,#6718,#6719,#6720));
#6672 = ORIENTED_EDGE('',*,*,#6673,.T.);
#6673 = EDGE_CURVE('',#6674,#6674,#6676,.T.);
#6674 = VERTEX_POINT('',#6675);
#6675 = CARTESIAN_POINT('',(-112.5,-5.,29.4));
#6676 = SURFACE_CURVE('',#6677,(#6682,#6689),.PCURVE_S1.);
#6677 = CIRCLE('',#6678,5.9);
#6678 = AXIS2_PLACEMENT_3D('',#6679,#6680,#6681);
#6679 = CARTESIAN_POINT('',(-112.5,-5.,23.5));
#6680 = DIRECTION('',(0.,1.,0.));
#6681 = DIRECTION('',(0.,-0.,1.));
#6682 = PCURVE('',#3937,#6683);
#6683 = DEFINITIONAL_REPRESENTATION('',(#6684),#6688);
#6684 = LINE('',#6685,#6686);
#6685 = CARTESIAN_POINT('',(0.,1.));
#6686 = VECTOR('',#6687,1.);
#6687 = DIRECTION('',(1.,0.));
#6688 = ( GEOMETRIC_REPRESENTATION_CONTEXT(2) 
PARAMETRIC_REPRESENTATION_CONTEXT() REPRESENTATION_CONTEXT('2D SPACE',''
  ) );
#6689 = PCURVE('',#6116,#6690);
#6690 = DEFINITIONAL_REPRESENTATION('',(#6691),#6695);
#6691 = LINE('',#6692,#6693);
#6692 = CARTESIAN_POINT('',(-0.,-1.));
#6693 = VECTOR('',#6694,1.);
#6694 = DIRECTION('',(-1.,-0.));
#6695 = ( GEOMETRIC_REPRESENTATION_CONTEXT(2) 
PARAMETRIC_REPRESENTATION_CONTEXT() REPRESENTATION_CONTEXT('2D SPACE',''
  ) );
#6696 = ORIENTED_EDGE('',*,*,#6697,.T.);
#6697 = EDGE_CURVE('',#6674,#3583,#6698,.T.);
#6698 = SEAM_CURVE('',#6699,(#6703,#6710),.PCURVE_S1.);
#6699 = LINE('',#6700,#6701);
#6700 = CARTESIAN_POINT('',(-112.5,-6.,29.4));
#6701 = VECTOR('',#6702,1.);
#6702 = DIRECTION('',(0.,1.,0.));
#6703 = PCURVE('',#3937,#6704);
#6704 = DEFINITIONAL_REPRESENTATION('',(#6705),#6709);
#6705 = LINE('',#6706,#6707);
#6706 = CARTESIAN_POINT('',(0.,-0.));
#6707 = VECTOR('',#6708,1.);
#6708 = DIRECTION('',(0.,1.));
#6709 = ( GEOMETRIC_REPRESENTATION_CONTEXT(2) 
PARAMETRIC_REPRESENTATION_CONTEXT() REPRESENTATION_CONTEXT('2D SPACE',''
  ) );
#6710 = PCURVE('',#3937,#6711);
#6711 = DEFINITIONAL_REPRESENTATION('',(#6712),#6716);
#6712 = LINE('',#6713,#6714);
#6713 = CARTESIAN_POINT('',(6.28318530718,-0.));
#6714 = VECTOR('',#6715,1.);
#6715 = DIRECTION('',(0.,1.));
#6716 = ( GEOMETRIC_REPRESENTATION_CONTEXT(2) 
PARAMETRIC_REPRESENTATION_CONTEXT() REPRESENTATION_CONTEXT('2D SPACE',''
  ) );
#6717 = ORIENTED_EDGE('',*,*,#3905,.T.);
#6718 = ORIENTED_EDGE('',*,*,#3998,.F.);
#6719 = ORIENTED_EDGE('',*,*,#3962,.F.);
#6720 = ORIENTED_EDGE('',*,*,#6697,.F.);
#6721 = ADVANCED_FACE('',(#6722),#4066,.F.);
#6722 = FACE_BOUND('',#6723,.F.);
#6723 = EDGE_LOOP('',(#6724,#6748,#6769,#6770,#6771,#6772));
#6724 = ORIENTED_EDGE('',*,*,#6725,.T.);
#6725 = EDGE_CURVE('',#6726,#6726,#6728,.T.);
#6726 = VERTEX_POINT('',#6727);
#6727 = CARTESIAN_POINT('',(-67.5,-5.,29.4));
#6728 = SURFACE_CURVE('',#6729,(#6734,#6741),.PCURVE_S1.);
#6729 = CIRCLE('',#6730,5.9);
#6730 = AXIS2_PLACEMENT_3D('',#6731,#6732,#6733);
#6731 = CARTESIAN_POINT('',(-67.5,-5.,23.5));
#6732 = DIRECTION('',(0.,1.,0.));
#6733 = DIRECTION('',(0.,-0.,1.));
#6734 = PCURVE('',#4066,#6735);
#6735 = DEFINITIONAL_REPRESENTATION('',(#6736),#6740);
#6736 = LINE('',#6737,#6738);
#6737 = CARTESIAN_POINT('',(0.,1.));
#6738 = VECTOR('',#6739,1.);
#6739 = DIRECTION('',(1.,0.));
#6740 = ( GEOMETRIC_REPRESENTATION_CONTEXT(2) 
PARAMETRIC_REPRESENTATION_CONTEXT() REPRESENTATION_CONTEXT('2D SPACE',''
  ) );
#6741 = PCURVE('',#6151,#6742);
#6742 = DEFINITIONAL_REPRESENTATION('',(#6743),#6747);
#6743 = LINE('',#6744,#6745);
#6744 = CARTESIAN_POINT('',(-0.,-1.));
#6745 = VECTOR('',#6746,1.);
#6746 = DIRECTION('',(-1.,-0.));
#6747 = ( GEOMETRIC_REPRESENTATION_CONTEXT(2) 
PARAMETRIC_REPRESENTATION_CONTEXT() REPRESENTATION_CONTEXT('2D SPACE',''
  ) );
#6748 = ORIENTED_EDGE('',*,*,#6749,.T.);
#6749 = EDGE_CURVE('',#6726,#3606,#6750,.T.);
#6750 = SEAM_CURVE('',#6751,(#6755,#6762),.PCURVE_S1.);
#6751 = LINE('',#6752,#6753);
#6752 = CARTESIAN_POINT('',(-67.5,-6.,29.4));
#6753 = VECTOR('',#6754,1.);
#6754 = DIRECTION('',(0.,1.,0.));
#6755 = PCURVE('',#4066,#6756);
#6756 = DEFINITIONAL_REPRESENTATION('',(#6757),#6761);
#6757 = LINE('',#6758,#6759);
#6758 = CARTESIAN_POINT('',(0.,-0.));
#6759 = VECTOR('',#6760,1.);
#6760 = DIRECTION('',(0.,1.));
#6761 = ( GEOMETRIC_REPRESENTATION_CONTEXT(2) 
PARAMETRIC_REPRESENTATION_CONTEXT() REPRESENTATION_CONTEXT('2D SPACE',''
  ) );
#6762 = PCURVE('',#4066,#6763);
#6763 = DEFINITIONAL_REPRESENTATION('',(#6764),#6768);
#6764 = LINE('',#6765,#6766);
#6765 = CARTESIAN_POINT('',(6.28318530718,-0.));
#6766 = VECTOR('',#6767,1.);
#6767 = DIRECTION('',(0.,1.));
#6768 = ( GEOMETRIC_REPRESENTATION_CONTEXT(2) 
PARAMETRIC_REPRESENTATION_CONTEXT() REPRESENTATION_CONTEXT('2D SPACE',''
  ) );
#6769 = ORIENTED_EDGE('',*,*,#4034,.T.);
#6770 = ORIENTED_EDGE('',*,*,#4127,.F.);
#6771 = ORIENTED_EDGE('',*,*,#4091,.F.);
#6772 = ORIENTED_EDGE('',*,*,#6749,.F.);
#6773 = ADVANCED_FACE('',(#6774),#4195,.F.);
#6774 = FACE_BOUND('',#6775,.F.);
#6775 = EDGE_LOOP('',(#6776,#6800,#6821,#6822,#6823,#6824));
#6776 = ORIENTED_EDGE('',*,*,#6777,.T.);
#6777 = EDGE_CURVE('',#6778,#6778,#6780,.T.);
#6778 = VERTEX_POINT('',#6779);
#6779 = CARTESIAN_POINT('',(-22.5,-5.,29.4));
#6780 = SURFACE_CURVE('',#6781,(#6786,#6793),.PCURVE_S1.);
#6781 = CIRCLE('',#6782,5.9);
#6782 = AXIS2_PLACEMENT_3D('',#6783,#6784,#6785);
#6783 = CARTESIAN_POINT('',(-22.5,-5.,23.5));
#6784 = DIRECTION('',(0.,1.,0.));
#6785 = DIRECTION('',(0.,-0.,1.));
#6786 = PCURVE('',#4195,#6787);
#6787 = DEFINITIONAL_REPRESENTATION('',(#6788),#6792);
#6788 = LINE('',#6789,#6790);
#6789 = CARTESIAN_POINT('',(0.,1.));
#6790 = VECTOR('',#6791,1.);
#6791 = DIRECTION('',(1.,0.));
#6792 = ( GEOMETRIC_REPRESENTATION_CONTEXT(2) 
PARAMETRIC_REPRESENTATION_CONTEXT() REPRESENTATION_CONTEXT('2D SPACE',''
  ) );
#6793 = PCURVE('',#6186,#6794);
#6794 = DEFINITIONAL_REPRESENTATION('',(#6795),#6799);
#6795 = LINE('',#6796,#6797);
#6796 = CARTESIAN_POINT('',(-0.,-1.));
#6797 = VECTOR('',#6798,1.);
#6798 = DIRECTION('',(-1.,-0.));
#6799 = ( GEOMETRIC_REPRESENTATION_CONTEXT(2) 
PARAMETRIC_REPRESENTATION_CONTEXT() REPRESENTATION_CONTEXT('2D SPACE',''
  ) );
#6800 = ORIENTED_EDGE('',*,*,#6801,.T.);
#6801 = EDGE_CURVE('',#6778,#3629,#6802,.T.);
#6802 = SEAM_CURVE('',#6803,(#6807,#6814),.PCURVE_S1.);
#6803 = LINE('',#6804,#6805);
#6804 = CARTESIAN_POINT('',(-22.5,-6.,29.4));
#6805 = VECTOR('',#6806,1.);
#6806 = DIRECTION('',(0.,1.,0.));
#6807 = PCURVE('',#4195,#6808);
#6808 = DEFINITIONAL_REPRESENTATION('',(#6809),#6813);
#6809 = LINE('',#6810,#6811);
#6810 = CARTESIAN_POINT('',(0.,-0.));
#6811 = VECTOR('',#6812,1.);
#6812 = DIRECTION('',(0.,1.));
#6813 = ( GEOMETRIC_REPRESENTATION_CONTEXT(2) 
PARAMETRIC_REPRESENTATION_CONTEXT() REPRESENTATION_CONTEXT('2D SPACE',''
  ) );
#6814 = PCURVE('',#4195,#6815);
#6815 = DEFINITIONAL_REPRESENTATION('',(#6816),#6820);
#6816 = LINE('',#6817,#6818);
#6817 = CARTESIAN_POINT('',(6.28318530718,-0.));
#6818 = VECTOR('',#6819,1.);
#6819 = DIRECTION('',(0.,1.));
#6820 = ( GEOMETRIC_REPRESENTATION_CONTEXT(2) 
PARAMETRIC_REPRESENTATION_CONTEXT() REPRESENTATION_CONTEXT('2D SPACE',''
  ) );
#6821 = ORIENTED_EDGE('',*,*,#4163,.T.);
#6822 = ORIENTED_EDGE('',*,*,#4256,.F.);
#6823 = ORIENTED_EDGE('',*,*,#4220,.F.);
#6824 = ORIENTED_EDGE('',*,*,#6801,.F.);
#6825 = ADVANCED_FACE('',(#6826),#4324,.F.);
#6826 = FACE_BOUND('',#6827,.F.);
#6827 = EDGE_LOOP('',(#6828,#6852,#6873,#6874,#6875,#6876));
#6828 = ORIENTED_EDGE('',*,*,#6829,.T.);
#6829 = EDGE_CURVE('',#6830,#6830,#6832,.T.);
#6830 = VERTEX_POINT('',#6831);
#6831 = CARTESIAN_POINT('',(22.5,-5.,29.4));
#6832 = SURFACE_CURVE('',#6833,(#6838,#6845),.PCURVE_S1.);
#6833 = CIRCLE('',#6834,5.9);
#6834 = AXIS2_PLACEMENT_3D('',#6835,#6836,#6837);
#6835 = CARTESIAN_POINT('',(22.5,-5.,23.5));
#6836 = DIRECTION('',(0.,1.,0.));
#6837 = DIRECTION('',(0.,-0.,1.));
#6838 = PCURVE('',#4324,#6839);
#6839 = DEFINITIONAL_REPRESENTATION('',(#6840),#6844);
#6840 = LINE('',#6841,#6842);
#6841 = CARTESIAN_POINT('',(0.,1.));
#6842 = VECTOR('',#6843,1.);
#6843 = DIRECTION('',(1.,0.));
#6844 = ( GEOMETRIC_REPRESENTATION_CONTEXT(2) 
PARAMETRIC_REPRESENTATION_CONTEXT() REPRESENTATION_CONTEXT('2D SPACE',''
  ) );
#6845 = PCURVE('',#6361,#6846);
#6846 = DEFINITIONAL_REPRESENTATION('',(#6847),#6851);
#6847 = LINE('',#6848,#6849);
#6848 = CARTESIAN_POINT('',(-0.,-1.));
#6849 = VECTOR('',#6850,1.);
#6850 = DIRECTION('',(-1.,-0.));
#6851 = ( GEOMETRIC_REPRESENTATION_CONTEXT(2) 
PARAMETRIC_REPRESENTATION_CONTEXT() REPRESENTATION_CONTEXT('2D SPACE',''
  ) );
#6852 = ORIENTED_EDGE('',*,*,#6853,.T.);
#6853 = EDGE_CURVE('',#6830,#3652,#6854,.T.);
#6854 = SEAM_CURVE('',#6855,(#6859,#6866),.PCURVE_S1.);
#6855 = LINE('',#6856,#6857);
#6856 = CARTESIAN_POINT('',(22.5,-6.,29.4));
#6857 = VECTOR('',#6858,1.);
#6858 = DIRECTION('',(0.,1.,0.));
#6859 = PCURVE('',#4324,#6860);
#6860 = DEFINITIONAL_REPRESENTATION('',(#6861),#6865);
#6861 = LINE('',#6862,#6863);
#6862 = CARTESIAN_POINT('',(0.,-0.));
#6863 = VECTOR('',#6864,1.);
#6864 = DIRECTION('',(0.,1.));
#6865 = ( GEOMETRIC_REPRESENTATION_CONTEXT(2) 
PARAMETRIC_REPRESENTATION_CONTEXT() REPRESENTATION_CONTEXT('2D SPACE',''
  ) );
#6866 = PCURVE('',#4324,#6867);
#6867 = DEFINITIONAL_REPRESENTATION('',(#6868),#6872);
#6868 = LINE('',#6869,#6870);
#6869 = CARTESIAN_POINT('',(6.28318530718,-0.));
#6870 = VECTOR('',#6871,1.);
#6871 = DIRECTION('',(0.,1.));
#6872 = ( GEOMETRIC_REPRESENTATION_CONTEXT(2) 
PARAMETRIC_REPRESENTATION_CONTEXT() REPRESENTATION_CONTEXT('2D SPACE',''
  ) );
#6873 = ORIENTED_EDGE('',*,*,#4292,.T.);
#6874 = ORIENTED_EDGE('',*,*,#4385,.F.);
#6875 = ORIENTED_EDGE('',*,*,#4349,.F.);
#6876 = ORIENTED_EDGE('',*,*,#6853,.F.);
#6877 = ADVANCED_FACE('',(#6878),#4453,.F.);
#6878 = FACE_BOUND('',#6879,.F.);
#6879 = EDGE_LOOP('',(#6880,#6904,#6925,#6926,#6927,#6928));
#6880 = ORIENTED_EDGE('',*,*,#6881,.T.);
#6881 = EDGE_CURVE('',#6882,#6882,#6884,.T.);
#6882 = VERTEX_POINT('',#6883);
#6883 = CARTESIAN_POINT('',(67.5,-5.,29.4));
#6884 = SURFACE_CURVE('',#6885,(#6890,#6897),.PCURVE_S1.);
#6885 = CIRCLE('',#6886,5.9);
#6886 = AXIS2_PLACEMENT_3D('',#6887,#6888,#6889);
#6887 = CARTESIAN_POINT('',(67.5,-5.,23.5));
#6888 = DIRECTION('',(0.,1.,0.));
#6889 = DIRECTION('',(0.,-0.,1.));
#6890 = PCURVE('',#4453,#6891);
#6891 = DEFINITIONAL_REPRESENTATION('',(#6892),#6896);
#6892 = LINE('',#6893,#6894);
#6893 = CARTESIAN_POINT('',(0.,1.));
#6894 = VECTOR('',#6895,1.);
#6895 = DIRECTION('',(1.,0.));
#6896 = ( GEOMETRIC_REPRESENTATION_CONTEXT(2) 
PARAMETRIC_REPRESENTATION_CONTEXT() REPRESENTATION_CONTEXT('2D SPACE',''
  ) );
#6897 = PCURVE('',#6396,#6898);
#6898 = DEFINITIONAL_REPRESENTATION('',(#6899),#6903);
#6899 = LINE('',#6900,#6901);
#6900 = CARTESIAN_POINT('',(-0.,-1.));
#6901 = VECTOR('',#6902,1.);
#6902 = DIRECTION('',(-1.,-0.));
#6903 = ( GEOMETRIC_REPRESENTATION_CONTEXT(2) 
PARAMETRIC_REPRESENTATION_CONTEXT() REPRESENTATION_CONTEXT('2D SPACE',''
  ) );
#6904 = ORIENTED_EDGE('',*,*,#6905,.T.);
#6905 = EDGE_CURVE('',#6882,#3675,#6906,.T.);
#6906 = SEAM_CURVE('',#6907,(#6911,#6918),.PCURVE_S1.);
#6907 = LINE('',#6908,#6909);
#6908 = CARTESIAN_POINT('',(67.5,-6.,29.4));
#6909 = VECTOR('',#6910,1.);
#6910 = DIRECTION('',(0.,1.,0.));
#6911 = PCURVE('',#4453,#6912);
#6912 = DEFINITIONAL_REPRESENTATION('',(#6913),#6917);
#6913 = LINE('',#6914,#6915);
#6914 = CARTESIAN_POINT('',(0.,-0.));
#6915 = VECTOR('',#6916,1.);
#6916 = DIRECTION('',(0.,1.));
#6917 = ( GEOMETRIC_REPRESENTATION_CONTEXT(2) 
PARAMETRIC_REPRESENTATION_CONTEXT() REPRESENTATION_CONTEXT('2D SPACE',''
  ) );
#6918 = PCURVE('',#4453,#6919);
#6919 = DEFINITIONAL_REPRESENTATION('',(#6920),#6924);
#6920 = LINE('',#6921,#6922);
#6921 = CARTESIAN_POINT('',(6.28318530718,-0.));
#6922 = VECTOR('',#6923,1.);
#6923 = DIRECTION('',(0.,1.));
#6924 = ( GEOMETRIC_REPRESENTATION_CONTEXT(2) 
PARAMETRIC_REPRESENTATION_CONTEXT() REPRESENTATION_CONTEXT('2D SPACE',''
  ) );
#6925 = ORIENTED_EDGE('',*,*,#4421,.T.);
#6926 = ORIENTED_EDGE('',*,*,#4514,.F.);
#6927 = ORIENTED_EDGE('',*,*,#4478,.F.);
#6928 = ORIENTED_EDGE('',*,*,#6905,.F.);
#6929 = ADVANCED_FACE('',(#6930),#4582,.F.);
#6930 = FACE_BOUND('',#6931,.F.);
#6931 = EDGE_LOOP('',(#6932,#6956,#6977,#6978,#6979,#6980));
#6932 = ORIENTED_EDGE('',*,*,#6933,.T.);
#6933 = EDGE_CURVE('',#6934,#6934,#6936,.T.);
#6934 = VERTEX_POINT('',#6935);
#6935 = CARTESIAN_POINT('',(112.5,-5.,29.4));
#6936 = SURFACE_CURVE('',#6937,(#6942,#6949),.PCURVE_S1.);
#6937 = CIRCLE('',#6938,5.9);
#6938 = AXIS2_PLACEMENT_3D('',#6939,#6940,#6941);
#6939 = CARTESIAN_POINT('',(112.5,-5.,23.5));
#6940 = DIRECTION('',(0.,1.,0.));
#6941 = DIRECTION('',(0.,-0.,1.));
#6942 = PCURVE('',#4582,#6943);
#6943 = DEFINITIONAL_REPRESENTATION('',(#6944),#6948);
#6944 = LINE('',#6945,#6946);
#6945 = CARTESIAN_POINT('',(0.,1.));
#6946 = VECTOR('',#6947,1.);
#6947 = DIRECTION('',(1.,0.));
#6948 = ( GEOMETRIC_REPRESENTATION_CONTEXT(2) 
PARAMETRIC_REPRESENTATION_CONTEXT() REPRESENTATION_CONTEXT('2D SPACE',''
  ) );
#6949 = PCURVE('',#6431,#6950);
#6950 = DEFINITIONAL_REPRESENTATION('',(#6951),#6955);
#6951 = LINE('',#6952,#6953);
#6952 = CARTESIAN_POINT('',(-0.,-1.));
#6953 = VECTOR('',#6954,1.);
#6954 = DIRECTION('',(-1.,-0.));
#6955 = ( GEOMETRIC_REPRESENTATION_CONTEXT(2) 
PARAMETRIC_REPRESENTATION_CONTEXT() REPRESENTATION_CONTEXT('2D SPACE',''
  ) );
#6956 = ORIENTED_EDGE('',*,*,#6957,.T.);
#6957 = EDGE_CURVE('',#6934,#3698,#6958,.T.);
#6958 = SEAM_CURVE('',#6959,(#6963,#6970),.PCURVE_S1.);
#6959 = LINE('',#6960,#6961);
#6960 = CARTESIAN_POINT('',(112.5,-6.,29.4));
#6961 = VECTOR('',#6962,1.);
#6962 = DIRECTION('',(0.,1.,0.));
#6963 = PCURVE('',#4582,#6964);
#6964 = DEFINITIONAL_REPRESENTATION('',(#6965),#6969);
#6965 = LINE('',#6966,#6967);
#6966 = CARTESIAN_POINT('',(0.,-0.));
#6967 = VECTOR('',#6968,1.);
#6968 = DIRECTION('',(0.,1.));
#6969 = ( GEOMETRIC_REPRESENTATION_CONTEXT(2) 
PARAMETRIC_REPRESENTATION_CONTEXT() REPRESENTATION_CONTEXT('2D SPACE',''
  ) );
#6970 = PCURVE('',#4582,#6971);
#6971 = DEFINITIONAL_REPRESENTATION('',(#6972),#6976);
#6972 = LINE('',#6973,#6974);
#6973 = CARTESIAN_POINT('',(6.28318530718,-0.));
#6974 = VECTOR('',#6975,1.);
#6975 = DIRECTION('',(0.,1.));
#6976 = ( GEOMETRIC_REPRESENTATION_CONTEXT(2) 
PARAMETRIC_REPRESENTATION_CONTEXT() REPRESENTATION_CONTEXT('2D SPACE',''
  ) );
#6977 = ORIENTED_EDGE('',*,*,#4550,.T.);
#6978 = ORIENTED_EDGE('',*,*,#4643,.F.);
#6979 = ORIENTED_EDGE('',*,*,#4607,.F.);
#6980 = ORIENTED_EDGE('',*,*,#6957,.F.);
#6981 = ADVANCED_FACE('',(#6982),#4711,.F.);
#6982 = FACE_BOUND('',#6983,.F.);
#6983 = EDGE_LOOP('',(#6984,#7008,#7029,#7030,#7031,#7032));
#6984 = ORIENTED_EDGE('',*,*,#6985,.T.);
#6985 = EDGE_CURVE('',#6986,#6986,#6988,.T.);
#6986 = VERTEX_POINT('',#6987);
#6987 = CARTESIAN_POINT('',(157.5,-5.,29.4));
#6988 = SURFACE_CURVE('',#6989,(#6994,#7001),.PCURVE_S1.);
#6989 = CIRCLE('',#6990,5.9);
#6990 = AXIS2_PLACEMENT_3D('',#6991,#6992,#6993);
#6991 = CARTESIAN_POINT('',(157.5,-5.,23.5));
#6992 = DIRECTION('',(0.,1.,0.));
#6993 = DIRECTION('',(0.,-0.,1.));
#6994 = PCURVE('',#4711,#6995);
#6995 = DEFINITIONAL_REPRESENTATION('',(#6996),#7000);
#6996 = LINE('',#6997,#6998);
#6997 = CARTESIAN_POINT('',(0.,1.));
#6998 = VECTOR('',#6999,1.);
#6999 = DIRECTION('',(1.,0.));
#7000 = ( GEOMETRIC_REPRESENTATION_CONTEXT(2) 
PARAMETRIC_REPRESENTATION_CONTEXT() REPRESENTATION_CONTEXT('2D SPACE',''
  ) );
#7001 = PCURVE('',#6466,#7002);
#7002 = DEFINITIONAL_REPRESENTATION('',(#7003),#7007);
#7003 = LINE('',#7004,#7005);
#7004 = CARTESIAN_POINT('',(-0.,-1.));
#7005 = VECTOR('',#7006,1.);
#7006 = DIRECTION('',(-1.,-0.));
#7007 = ( GEOMETRIC_REPRESENTATION_CONTEXT(2) 
PARAMETRIC_REPRESENTATION_CONTEXT() REPRESENTATION_CONTEXT('2D SPACE',''
  ) );
#7008 = ORIENTED_EDGE('',*,*,#7009,.T.);
#7009 = EDGE_CURVE('',#6986,#3721,#7010,.T.);
#7010 = SEAM_CURVE('',#7011,(#7015,#7022),.PCURVE_S1.);
#7011 = LINE('',#7012,#7013);
#7012 = CARTESIAN_POINT('',(157.5,-6.,29.4));
#7013 = VECTOR('',#7014,1.);
#7014 = DIRECTION('',(0.,1.,0.));
#7015 = PCURVE('',#4711,#7016);
#7016 = DEFINITIONAL_REPRESENTATION('',(#7017),#7021);
#7017 = LINE('',#7018,#7019);
#7018 = CARTESIAN_POINT('',(0.,-0.));
#7019 = VECTOR('',#7020,1.);
#7020 = DIRECTION('',(0.,1.));
#7021 = ( GEOMETRIC_REPRESENTATION_CONTEXT(2) 
PARAMETRIC_REPRESENTATION_CONTEXT() REPRESENTATION_CONTEXT('2D SPACE',''
  ) );
#7022 = PCURVE('',#4711,#7023);
#7023 = DEFINITIONAL_REPRESENTATION('',(#7024),#7028);
#7024 = LINE('',#7025,#7026);
#7025 = CARTESIAN_POINT('',(6.28318530718,-0.));
#7026 = VECTOR('',#7027,1.);
#7027 = DIRECTION('',(0.,1.));
#7028 = ( GEOMETRIC_REPRESENTATION_CONTEXT(2) 
PARAMETRIC_REPRESENTATION_CONTEXT() REPRESENTATION_CONTEXT('2D SPACE',''
  ) );
#7029 = ORIENTED_EDGE('',*,*,#4679,.T.);
#7030 = ORIENTED_EDGE('',*,*,#4772,.F.);
#7031 = ORIENTED_EDGE('',*,*,#4736,.F.);
#7032 = ORIENTED_EDGE('',*,*,#7009,.F.);
#7033 = ADVANCED_FACE('',(#7034),#5060,.F.);
#7034 = FACE_BOUND('',#7035,.F.);
#7035 = EDGE_LOOP('',(#7036,#7060,#7081,#7082,#7083,#7084));
#7036 = ORIENTED_EDGE('',*,*,#7037,.T.);
#7037 = EDGE_CURVE('',#7038,#7038,#7040,.T.);
#7038 = VERTEX_POINT('',#7039);
#7039 = CARTESIAN_POINT('',(-22.5,-5.,69.4));
#7040 = SURFACE_CURVE('',#7041,(#7046,#7053),.PCURVE_S1.);
#7041 = CIRCLE('',#7042,5.9);
#7042 = AXIS2_PLACEMENT_3D('',#7043,#7044,#7045);
#7043 = CARTESIAN_POINT('',(-22.5,-5.,63.5));
#7044 = DIRECTION('',(0.,1.,0.));
#7045 = DIRECTION('',(0.,-0.,1.));
#7046 = PCURVE('',#5060,#7047);
#7047 = DEFINITIONAL_REPRESENTATION('',(#7048),#7052);
#7048 = LINE('',#7049,#7050);
#7049 = CARTESIAN_POINT('',(0.,1.));
#7050 = VECTOR('',#7051,1.);
#7051 = DIRECTION('',(1.,0.));
#7052 = ( GEOMETRIC_REPRESENTATION_CONTEXT(2) 
PARAMETRIC_REPRESENTATION_CONTEXT() REPRESENTATION_CONTEXT('2D SPACE',''
  ) );
#7053 = PCURVE('',#6326,#7054);
#7054 = DEFINITIONAL_REPRESENTATION('',(#7055),#7059);
#7055 = LINE('',#7056,#7057);
#7056 = CARTESIAN_POINT('',(-0.,-1.));
#7057 = VECTOR('',#7058,1.);
#7058 = DIRECTION('',(-1.,-0.));
#7059 = ( GEOMETRIC_REPRESENTATION_CONTEXT(2) 
PARAMETRIC_REPRESENTATION_CONTEXT() REPRESENTATION_CONTEXT('2D SPACE',''
  ) );
#7060 = ORIENTED_EDGE('',*,*,#7061,.T.);
#7061 = EDGE_CURVE('',#7038,#4881,#7062,.T.);
#7062 = SEAM_CURVE('',#7063,(#7067,#7074),.PCURVE_S1.);
#7063 = LINE('',#7064,#7065);
#7064 = CARTESIAN_POINT('',(-22.5,-6.,69.4));
#7065 = VECTOR('',#7066,1.);
#7066 = DIRECTION('',(0.,1.,0.));
#7067 = PCURVE('',#5060,#7068);
#7068 = DEFINITIONAL_REPRESENTATION('',(#7069),#7073);
#7069 = LINE('',#7070,#7071);
#7070 = CARTESIAN_POINT('',(0.,-0.));
#7071 = VECTOR('',#7072,1.);
#7072 = DIRECTION('',(0.,1.));
#7073 = ( GEOMETRIC_REPRESENTATION_CONTEXT(2) 
PARAMETRIC_REPRESENTATION_CONTEXT() REPRESENTATION_CONTEXT('2D SPACE',''
  ) );
#7074 = PCURVE('',#5060,#7075);
#7075 = DEFINITIONAL_REPRESENTATION('',(#7076),#7080);
#7076 = LINE('',#7077,#7078);
#7077 = CARTESIAN_POINT('',(6.28318530718,-0.));
#7078 = VECTOR('',#7079,1.);
#7079 = DIRECTION('',(0.,1.));
#7080 = ( GEOMETRIC_REPRESENTATION_CONTEXT(2) 
PARAMETRIC_REPRESENTATION_CONTEXT() REPRESENTATION_CONTEXT('2D SPACE',''
  ) );
#7081 = ORIENTED_EDGE('',*,*,#5028,.T.);
#7082 = ORIENTED_EDGE('',*,*,#5121,.F.);
#7083 = ORIENTED_EDGE('',*,*,#5085,.F.);
#7084 = ORIENTED_EDGE('',*,*,#7061,.F.);
#7085 = ADVANCED_FACE('',(#7086),#5189,.F.);
#7086 = FACE_BOUND('',#7087,.F.);
#7087 = EDGE_LOOP('',(#7088,#7112,#7133,#7134,#7135,#7136));
#7088 = ORIENTED_EDGE('',*,*,#7089,.T.);
#7089 = EDGE_CURVE('',#7090,#7090,#7092,.T.);
#7090 = VERTEX_POINT('',#7091);
#7091 = CARTESIAN_POINT('',(-157.5,-5.,69.4));
#7092 = SURFACE_CURVE('',#7093,(#7098,#7105),.PCURVE_S1.);
#7093 = CIRCLE('',#7094,5.9);
#7094 = AXIS2_PLACEMENT_3D('',#7095,#7096,#7097);
#7095 = CARTESIAN_POINT('',(-157.5,-5.,63.5));
#7096 = DIRECTION('',(0.,1.,0.));
#7097 = DIRECTION('',(0.,-0.,1.));
#7098 = PCURVE('',#5189,#7099);
#7099 = DEFINITIONAL_REPRESENTATION('',(#7100),#7104);
#7100 = LINE('',#7101,#7102);
#7101 = CARTESIAN_POINT('',(0.,1.));
#7102 = VECTOR('',#7103,1.);
#7103 = DIRECTION('',(1.,0.));
#7104 = ( GEOMETRIC_REPRESENTATION_CONTEXT(2) 
PARAMETRIC_REPRESENTATION_CONTEXT() REPRESENTATION_CONTEXT('2D SPACE',''
  ) );
#7105 = PCURVE('',#6221,#7106);
#7106 = DEFINITIONAL_REPRESENTATION('',(#7107),#7111);
#7107 = LINE('',#7108,#7109);
#7108 = CARTESIAN_POINT('',(-0.,-1.));
#7109 = VECTOR('',#7110,1.);
#7110 = DIRECTION('',(-1.,-0.));
#7111 = ( GEOMETRIC_REPRESENTATION_CONTEXT(2) 
PARAMETRIC_REPRESENTATION_CONTEXT() REPRESENTATION_CONTEXT('2D SPACE',''
  ) );
#7112 = ORIENTED_EDGE('',*,*,#7113,.T.);
#7113 = EDGE_CURVE('',#7090,#4810,#7114,.T.);
#7114 = SEAM_CURVE('',#7115,(#7119,#7126),.PCURVE_S1.);
#7115 = LINE('',#7116,#7117);
#7116 = CARTESIAN_POINT('',(-157.5,-6.,69.4));
#7117 = VECTOR('',#7118,1.);
#7118 = DIRECTION('',(0.,1.,0.));
#7119 = PCURVE('',#5189,#7120);
#7120 = DEFINITIONAL_REPRESENTATION('',(#7121),#7125);
#7121 = LINE('',#7122,#7123);
#7122 = CARTESIAN_POINT('',(0.,-0.));
#7123 = VECTOR('',#7124,1.);
#7124 = DIRECTION('',(0.,1.));
#7125 = ( GEOMETRIC_REPRESENTATION_CONTEXT(2) 
PARAMETRIC_REPRESENTATION_CONTEXT() REPRESENTATION_CONTEXT('2D SPACE',''
  ) );
#7126 = PCURVE('',#5189,#7127);
#7127 = DEFINITIONAL_REPRESENTATION('',(#7128),#7132);
#7128 = LINE('',#7129,#7130);
#7129 = CARTESIAN_POINT('',(6.28318530718,-0.));
#7130 = VECTOR('',#7131,1.);
#7131 = DIRECTION('',(0.,1.));
#7132 = ( GEOMETRIC_REPRESENTATION_CONTEXT(2) 
PARAMETRIC_REPRESENTATION_CONTEXT() REPRESENTATION_CONTEXT('2D SPACE',''
  ) );
#7133 = ORIENTED_EDGE('',*,*,#5157,.T.);
#7134 = ORIENTED_EDGE('',*,*,#5250,.F.);
#7135 = ORIENTED_EDGE('',*,*,#5214,.F.);
#7136 = ORIENTED_EDGE('',*,*,#7113,.F.);
#7137 = ADVANCED_FACE('',(#7138),#5318,.F.);
#7138 = FACE_BOUND('',#7139,.F.);
#7139 = EDGE_LOOP('',(#7140,#7164,#7185,#7186,#7187,#7188));
#7140 = ORIENTED_EDGE('',*,*,#7141,.T.);
#7141 = EDGE_CURVE('',#7142,#7142,#7144,.T.);
#7142 = VERTEX_POINT('',#7143);
#7143 = CARTESIAN_POINT('',(-112.5,-5.,69.4));
#7144 = SURFACE_CURVE('',#7145,(#7150,#7157),.PCURVE_S1.);
#7145 = CIRCLE('',#7146,5.9);
#7146 = AXIS2_PLACEMENT_3D('',#7147,#7148,#7149);
#7147 = CARTESIAN_POINT('',(-112.5,-5.,63.5));
#7148 = DIRECTION('',(0.,1.,0.));
#7149 = DIRECTION('',(0.,-0.,1.));
#7150 = PCURVE('',#5318,#7151);
#7151 = DEFINITIONAL_REPRESENTATION('',(#7152),#7156);
#7152 = LINE('',#7153,#7154);
#7153 = CARTESIAN_POINT('',(0.,1.));
#7154 = VECTOR('',#7155,1.);
#7155 = DIRECTION('',(1.,0.));
#7156 = ( GEOMETRIC_REPRESENTATION_CONTEXT(2) 
PARAMETRIC_REPRESENTATION_CONTEXT() REPRESENTATION_CONTEXT('2D SPACE',''
  ) );
#7157 = PCURVE('',#6256,#7158);
#7158 = DEFINITIONAL_REPRESENTATION('',(#7159),#7163);
#7159 = LINE('',#7160,#7161);
#7160 = CARTESIAN_POINT('',(-0.,-1.));
#7161 = VECTOR('',#7162,1.);
#7162 = DIRECTION('',(-1.,-0.));
#7163 = ( GEOMETRIC_REPRESENTATION_CONTEXT(2) 
PARAMETRIC_REPRESENTATION_CONTEXT() REPRESENTATION_CONTEXT('2D SPACE',''
  ) );
#7164 = ORIENTED_EDGE('',*,*,#7165,.T.);
#7165 = EDGE_CURVE('',#7142,#4835,#7166,.T.);
#7166 = SEAM_CURVE('',#7167,(#7171,#7178),.PCURVE_S1.);
#7167 = LINE('',#7168,#7169);
#7168 = CARTESIAN_POINT('',(-112.5,-6.,69.4));
#7169 = VECTOR('',#7170,1.);
#7170 = DIRECTION('',(0.,1.,0.));
#7171 = PCURVE('',#5318,#7172);
#7172 = DEFINITIONAL_REPRESENTATION('',(#7173),#7177);
#7173 = LINE('',#7174,#7175);
#7174 = CARTESIAN_POINT('',(0.,-0.));
#7175 = VECTOR('',#7176,1.);
#7176 = DIRECTION('',(0.,1.));
#7177 = ( GEOMETRIC_REPRESENTATION_CONTEXT(2) 
PARAMETRIC_REPRESENTATION_CONTEXT() REPRESENTATION_CONTEXT('2D SPACE',''
  ) );
#7178 = PCURVE('',#5318,#7179);
#7179 = DEFINITIONAL_REPRESENTATION('',(#7180),#7184);
#7180 = LINE('',#7181,#7182);
#7181 = CARTESIAN_POINT('',(6.28318530718,-0.));
#7182 = VECTOR('',#7183,1.);
#7183 = DIRECTION('',(0.,1.));
#7184 = ( GEOMETRIC_REPRESENTATION_CONTEXT(2) 
PARAMETRIC_REPRESENTATION_CONTEXT() REPRESENTATION_CONTEXT('2D SPACE',''
  ) );
#7185 = ORIENTED_EDGE('',*,*,#5286,.T.);
#7186 = ORIENTED_EDGE('',*,*,#5379,.F.);
#7187 = ORIENTED_EDGE('',*,*,#5343,.F.);
#7188 = ORIENTED_EDGE('',*,*,#7165,.F.);
#7189 = ADVANCED_FACE('',(#7190),#5447,.F.);
#7190 = FACE_BOUND('',#7191,.F.);
#7191 = EDGE_LOOP('',(#7192,#7216,#7237,#7238,#7239,#7240));
#7192 = ORIENTED_EDGE('',*,*,#7193,.T.);
#7193 = EDGE_CURVE('',#7194,#7194,#7196,.T.);
#7194 = VERTEX_POINT('',#7195);
#7195 = CARTESIAN_POINT('',(-67.5,-5.,69.4));
#7196 = SURFACE_CURVE('',#7197,(#7202,#7209),.PCURVE_S1.);
#7197 = CIRCLE('',#7198,5.9);
#7198 = AXIS2_PLACEMENT_3D('',#7199,#7200,#7201);
#7199 = CARTESIAN_POINT('',(-67.5,-5.,63.5));
#7200 = DIRECTION('',(0.,1.,0.));
#7201 = DIRECTION('',(0.,-0.,1.));
#7202 = PCURVE('',#5447,#7203);
#7203 = DEFINITIONAL_REPRESENTATION('',(#7204),#7208);
#7204 = LINE('',#7205,#7206);
#7205 = CARTESIAN_POINT('',(0.,1.));
#7206 = VECTOR('',#7207,1.);
#7207 = DIRECTION('',(1.,0.));
#7208 = ( GEOMETRIC_REPRESENTATION_CONTEXT(2) 
PARAMETRIC_REPRESENTATION_CONTEXT() REPRESENTATION_CONTEXT('2D SPACE',''
  ) );
#7209 = PCURVE('',#6291,#7210);
#7210 = DEFINITIONAL_REPRESENTATION('',(#7211),#7215);
#7211 = LINE('',#7212,#7213);
#7212 = CARTESIAN_POINT('',(-0.,-1.));
#7213 = VECTOR('',#7214,1.);
#7214 = DIRECTION('',(-1.,-0.));
#7215 = ( GEOMETRIC_REPRESENTATION_CONTEXT(2) 
PARAMETRIC_REPRESENTATION_CONTEXT() REPRESENTATION_CONTEXT('2D SPACE',''
  ) );
#7216 = ORIENTED_EDGE('',*,*,#7217,.T.);
#7217 = EDGE_CURVE('',#7194,#4858,#7218,.T.);
#7218 = SEAM_CURVE('',#7219,(#7223,#7230),.PCURVE_S1.);
#7219 = LINE('',#7220,#7221);
#7220 = CARTESIAN_POINT('',(-67.5,-6.,69.4));
#7221 = VECTOR('',#7222,1.);
#7222 = DIRECTION('',(0.,1.,0.));
#7223 = PCURVE('',#5447,#7224);
#7224 = DEFINITIONAL_REPRESENTATION('',(#7225),#7229);
#7225 = LINE('',#7226,#7227);
#7226 = CARTESIAN_POINT('',(0.,-0.));
#7227 = VECTOR('',#7228,1.);
#7228 = DIRECTION('',(0.,1.));
#7229 = ( GEOMETRIC_REPRESENTATION_CONTEXT(2) 
PARAMETRIC_REPRESENTATION_CONTEXT() REPRESENTATION_CONTEXT('2D SPACE',''
  ) );
#7230 = PCURVE('',#5447,#7231);
#7231 = DEFINITIONAL_REPRESENTATION('',(#7232),#7236);
#7232 = LINE('',#7233,#7234);
#7233 = CARTESIAN_POINT('',(6.28318530718,-0.));
#7234 = VECTOR('',#7235,1.);
#7235 = DIRECTION('',(0.,1.));
#7236 = ( GEOMETRIC_REPRESENTATION_CONTEXT(2) 
PARAMETRIC_REPRESENTATION_CONTEXT() REPRESENTATION_CONTEXT('2D SPACE',''
  ) );
#7237 = ORIENTED_EDGE('',*,*,#5415,.T.);
#7238 = ORIENTED_EDGE('',*,*,#5508,.F.);
#7239 = ORIENTED_EDGE('',*,*,#5472,.F.);
#7240 = ORIENTED_EDGE('',*,*,#7217,.F.);
#7241 = ADVANCED_FACE('',(#7242),#5576,.F.);
#7242 = FACE_BOUND('',#7243,.F.);
#7243 = EDGE_LOOP('',(#7244,#7268,#7289,#7290,#7291,#7292));
#7244 = ORIENTED_EDGE('',*,*,#7245,.T.);
#7245 = EDGE_CURVE('',#7246,#7246,#7248,.T.);
#7246 = VERTEX_POINT('',#7247);
#7247 = CARTESIAN_POINT('',(22.5,-5.,69.4));
#7248 = SURFACE_CURVE('',#7249,(#7254,#7261),.PCURVE_S1.);
#7249 = CIRCLE('',#7250,5.9);
#7250 = AXIS2_PLACEMENT_3D('',#7251,#7252,#7253);
#7251 = CARTESIAN_POINT('',(22.5,-5.,63.5));
#7252 = DIRECTION('',(0.,1.,0.));
#7253 = DIRECTION('',(0.,-0.,1.));
#7254 = PCURVE('',#5576,#7255);
#7255 = DEFINITIONAL_REPRESENTATION('',(#7256),#7260);
#7256 = LINE('',#7257,#7258);
#7257 = CARTESIAN_POINT('',(0.,1.));
#7258 = VECTOR('',#7259,1.);
#7259 = DIRECTION('',(1.,0.));
#7260 = ( GEOMETRIC_REPRESENTATION_CONTEXT(2) 
PARAMETRIC_REPRESENTATION_CONTEXT() REPRESENTATION_CONTEXT('2D SPACE',''
  ) );
#7261 = PCURVE('',#6501,#7262);
#7262 = DEFINITIONAL_REPRESENTATION('',(#7263),#7267);
#7263 = LINE('',#7264,#7265);
#7264 = CARTESIAN_POINT('',(-0.,-1.));
#7265 = VECTOR('',#7266,1.);
#7266 = DIRECTION('',(-1.,-0.));
#7267 = ( GEOMETRIC_REPRESENTATION_CONTEXT(2) 
PARAMETRIC_REPRESENTATION_CONTEXT() REPRESENTATION_CONTEXT('2D SPACE',''
  ) );
#7268 = ORIENTED_EDGE('',*,*,#7269,.T.);
#7269 = EDGE_CURVE('',#7246,#4904,#7270,.T.);
#7270 = SEAM_CURVE('',#7271,(#7275,#7282),.PCURVE_S1.);
#7271 = LINE('',#7272,#7273);
#7272 = CARTESIAN_POINT('',(22.5,-6.,69.4));
#7273 = VECTOR('',#7274,1.);
#7274 = DIRECTION('',(0.,1.,0.));
#7275 = PCURVE('',#5576,#7276);
#7276 = DEFINITIONAL_REPRESENTATION('',(#7277),#7281);
#7277 = LINE('',#7278,#7279);
#7278 = CARTESIAN_POINT('',(0.,-0.));
#7279 = VECTOR('',#7280,1.);
#7280 = DIRECTION('',(0.,1.));
#7281 = ( GEOMETRIC_REPRESENTATION_CONTEXT(2) 
PARAMETRIC_REPRESENTATION_CONTEXT() REPRESENTATION_CONTEXT('2D SPACE',''
  ) );
#7282 = PCURVE('',#5576,#7283);
#7283 = DEFINITIONAL_REPRESENTATION('',(#7284),#7288);
#7284 = LINE('',#7285,#7286);
#7285 = CARTESIAN_POINT('',(6.28318530718,-0.));
#7286 = VECTOR('',#7287,1.);
#7287 = DIRECTION('',(0.,1.));
#7288 = ( GEOMETRIC_REPRESENTATION_CONTEXT(2) 
PARAMETRIC_REPRESENTATION_CONTEXT() REPRESENTATION_CONTEXT('2D SPACE',''
  ) );
#7289 = ORIENTED_EDGE('',*,*,#5544,.T.);
#7290 = ORIENTED_EDGE('',*,*,#5637,.F.);
#7291 = ORIENTED_EDGE('',*,*,#5601,.F.);
#7292 = ORIENTED_EDGE('',*,*,#7269,.F.);
#7293 = ADVANCED_FACE('',(#7294),#5705,.F.);
#7294 = FACE_BOUND('',#7295,.F.);
#7295 = EDGE_LOOP('',(#7296,#7320,#7341,#7342,#7343,#7344));
#7296 = ORIENTED_EDGE('',*,*,#7297,.T.);
#7297 = EDGE_CURVE('',#7298,#7298,#7300,.T.);
#7298 = VERTEX_POINT('',#7299);
#7299 = CARTESIAN_POINT('',(67.5,-5.,69.4));
#7300 = SURFACE_CURVE('',#7301,(#7306,#7313),.PCURVE_S1.);
#7301 = CIRCLE('',#7302,5.9);
#7302 = AXIS2_PLACEMENT_3D('',#7303,#7304,#7305);
#7303 = CARTESIAN_POINT('',(67.5,-5.,63.5));
#7304 = DIRECTION('',(0.,1.,0.));
#7305 = DIRECTION('',(0.,-0.,1.));
#7306 = PCURVE('',#5705,#7307);
#7307 = DEFINITIONAL_REPRESENTATION('',(#7308),#7312);
#7308 = LINE('',#7309,#7310);
#7309 = CARTESIAN_POINT('',(0.,1.));
#7310 = VECTOR('',#7311,1.);
#7311 = DIRECTION('',(1.,0.));
#7312 = ( GEOMETRIC_REPRESENTATION_CONTEXT(2) 
PARAMETRIC_REPRESENTATION_CONTEXT() REPRESENTATION_CONTEXT('2D SPACE',''
  ) );
#7313 = PCURVE('',#6536,#7314);
#7314 = DEFINITIONAL_REPRESENTATION('',(#7315),#7319);
#7315 = LINE('',#7316,#7317);
#7316 = CARTESIAN_POINT('',(-0.,-1.));
#7317 = VECTOR('',#7318,1.);
#7318 = DIRECTION('',(-1.,-0.));
#7319 = ( GEOMETRIC_REPRESENTATION_CONTEXT(2) 
PARAMETRIC_REPRESENTATION_CONTEXT() REPRESENTATION_CONTEXT('2D SPACE',''
  ) );
#7320 = ORIENTED_EDGE('',*,*,#7321,.T.);
#7321 = EDGE_CURVE('',#7298,#4927,#7322,.T.);
#7322 = SEAM_CURVE('',#7323,(#7327,#7334),.PCURVE_S1.);
#7323 = LINE('',#7324,#7325);
#7324 = CARTESIAN_POINT('',(67.5,-6.,69.4));
#7325 = VECTOR('',#7326,1.);
#7326 = DIRECTION('',(0.,1.,0.));
#7327 = PCURVE('',#5705,#7328);
#7328 = DEFINITIONAL_REPRESENTATION('',(#7329),#7333);
#7329 = LINE('',#7330,#7331);
#7330 = CARTESIAN_POINT('',(0.,-0.));
#7331 = VECTOR('',#7332,1.);
#7332 = DIRECTION('',(0.,1.));
#7333 = ( GEOMETRIC_REPRESENTATION_CONTEXT(2) 
PARAMETRIC_REPRESENTATION_CONTEXT() REPRESENTATION_CONTEXT('2D SPACE',''
  ) );
#7334 = PCURVE('',#5705,#7335);
#7335 = DEFINITIONAL_REPRESENTATION('',(#7336),#7340);
#7336 = LINE('',#7337,#7338);
#7337 = CARTESIAN_POINT('',(6.28318530718,-0.));
#7338 = VECTOR('',#7339,1.);
#7339 = DIRECTION('',(0.,1.));
#7340 = ( GEOMETRIC_REPRESENTATION_CONTEXT(2) 
PARAMETRIC_REPRESENTATION_CONTEXT() REPRESENTATION_CONTEXT('2D SPACE',''
  ) );
#7341 = ORIENTED_EDGE('',*,*,#5673,.T.);
#7342 = ORIENTED_EDGE('',*,*,#5766,.F.);
#7343 = ORIENTED_EDGE('',*,*,#5730,.F.);
#7344 = ORIENTED_EDGE('',*,*,#7321,.F.);
#7345 = ADVANCED_FACE('',(#7346),#5834,.F.);
#7346 = FACE_BOUND('',#7347,.F.);
#7347 = EDGE_LOOP('',(#7348,#7372,#7393,#7394,#7395,#7396));
#7348 = ORIENTED_EDGE('',*,*,#7349,.T.);
#7349 = EDGE_CURVE('',#7350,#7350,#7352,.T.);
#7350 = VERTEX_POINT('',#7351);
#7351 = CARTESIAN_POINT('',(112.5,-5.,69.4));
#7352 = SURFACE_CURVE('',#7353,(#7358,#7365),.PCURVE_S1.);
#7353 = CIRCLE('',#7354,5.9);
#7354 = AXIS2_PLACEMENT_3D('',#7355,#7356,#7357);
#7355 = CARTESIAN_POINT('',(112.5,-5.,63.5));
#7356 = DIRECTION('',(0.,1.,0.));
#7357 = DIRECTION('',(0.,-0.,1.));
#7358 = PCURVE('',#5834,#7359);
#7359 = DEFINITIONAL_REPRESENTATION('',(#7360),#7364);
#7360 = LINE('',#7361,#7362);
#7361 = CARTESIAN_POINT('',(0.,1.));
#7362 = VECTOR('',#7363,1.);
#7363 = DIRECTION('',(1.,0.));
#7364 = ( GEOMETRIC_REPRESENTATION_CONTEXT(2) 
PARAMETRIC_REPRESENTATION_CONTEXT() REPRESENTATION_CONTEXT('2D SPACE',''
  ) );
#7365 = PCURVE('',#6571,#7366);
#7366 = DEFINITIONAL_REPRESENTATION('',(#7367),#7371);
#7367 = LINE('',#7368,#7369);
#7368 = CARTESIAN_POINT('',(-0.,-1.));
#7369 = VECTOR('',#7370,1.);
#7370 = DIRECTION('',(-1.,-0.));
#7371 = ( GEOMETRIC_REPRESENTATION_CONTEXT(2) 
PARAMETRIC_REPRESENTATION_CONTEXT() REPRESENTATION_CONTEXT('2D SPACE',''
  ) );
#7372 = ORIENTED_EDGE('',*,*,#7373,.T.);
#7373 = EDGE_CURVE('',#7350,#4950,#7374,.T.);
#7374 = SEAM_CURVE('',#7375,(#7379,#7386),.PCURVE_S1.);
#7375 = LINE('',#7376,#7377);
#7376 = CARTESIAN_POINT('',(112.5,-6.,69.4));
#7377 = VECTOR('',#7378,1.);
#7378 = DIRECTION('',(0.,1.,0.));
#7379 = PCURVE('',#5834,#7380);
#7380 = DEFINITIONAL_REPRESENTATION('',(#7381),#7385);
#7381 = LINE('',#7382,#7383);
#7382 = CARTESIAN_POINT('',(0.,-0.));
#7383 = VECTOR('',#7384,1.);
#7384 = DIRECTION('',(0.,1.));
#7385 = ( GEOMETRIC_REPRESENTATION_CONTEXT(2) 
PARAMETRIC_REPRESENTATION_CONTEXT() REPRESENTATION_CONTEXT('2D SPACE',''
  ) );
#7386 = PCURVE('',#5834,#7387);
#7387 = DEFINITIONAL_REPRESENTATION('',(#7388),#7392);
#7388 = LINE('',#7389,#7390);
#7389 = CARTESIAN_POINT('',(6.28318530718,-0.));
#7390 = VECTOR('',#7391,1.);
#7391 = DIRECTION('',(0.,1.));
#7392 = ( GEOMETRIC_REPRESENTATION_CONTEXT(2) 
PARAMETRIC_REPRESENTATION_CONTEXT() REPRESENTATION_CONTEXT('2D SPACE',''
  ) );
#7393 = ORIENTED_EDGE('',*,*,#5802,.T.);
#7394 = ORIENTED_EDGE('',*,*,#5895,.F.);
#7395 = ORIENTED_EDGE('',*,*,#5859,.F.);
#7396 = ORIENTED_EDGE('',*,*,#7373,.F.);
#7397 = ADVANCED_FACE('',(#7398),#5963,.F.);
#7398 = FACE_BOUND('',#7399,.F.);
#7399 = EDGE_LOOP('',(#7400,#7424,#7445,#7446,#7447,#7448));
#7400 = ORIENTED_EDGE('',*,*,#7401,.T.);
#7401 = EDGE_CURVE('',#7402,#7402,#7404,.T.);
#7402 = VERTEX_POINT('',#7403);
#7403 = CARTESIAN_POINT('',(157.5,-5.,69.4));
#7404 = SURFACE_CURVE('',#7405,(#7410,#7417),.PCURVE_S1.);
#7405 = CIRCLE('',#7406,5.9);
#7406 = AXIS2_PLACEMENT_3D('',#7407,#7408,#7409);
#7407 = CARTESIAN_POINT('',(157.5,-5.,63.5));
#7408 = DIRECTION('',(0.,1.,0.));
#7409 = DIRECTION('',(0.,-0.,1.));
#7410 = PCURVE('',#5963,#7411);
#7411 = DEFINITIONAL_REPRESENTATION('',(#7412),#7416);
#7412 = LINE('',#7413,#7414);
#7413 = CARTESIAN_POINT('',(0.,1.));
#7414 = VECTOR('',#7415,1.);
#7415 = DIRECTION('',(1.,0.));
#7416 = ( GEOMETRIC_REPRESENTATION_CONTEXT(2) 
PARAMETRIC_REPRESENTATION_CONTEXT() REPRESENTATION_CONTEXT('2D SPACE',''
  ) );
#7417 = PCURVE('',#6606,#7418);
#7418 = DEFINITIONAL_REPRESENTATION('',(#7419),#7423);
#7419 = LINE('',#7420,#7421);
#7420 = CARTESIAN_POINT('',(-0.,-1.));
#7421 = VECTOR('',#7422,1.);
#7422 = DIRECTION('',(-1.,-0.));
#7423 = ( GEOMETRIC_REPRESENTATION_CONTEXT(2) 
PARAMETRIC_REPRESENTATION_CONTEXT() REPRESENTATION_CONTEXT('2D SPACE',''
  ) );
#7424 = ORIENTED_EDGE('',*,*,#7425,.T.);
#7425 = EDGE_CURVE('',#7402,#4973,#7426,.T.);
#7426 = SEAM_CURVE('',#7427,(#7431,#7438),.PCURVE_S1.);
#7427 = LINE('',#7428,#7429);
#7428 = CARTESIAN_POINT('',(157.5,-6.,69.4));
#7429 = VECTOR('',#7430,1.);
#7430 = DIRECTION('',(0.,1.,0.));
#7431 = PCURVE('',#5963,#7432);
#7432 = DEFINITIONAL_REPRESENTATION('',(#7433),#7437);
#7433 = LINE('',#7434,#7435);
#7434 = CARTESIAN_POINT('',(0.,-0.));
#7435 = VECTOR('',#7436,1.);
#7436 = DIRECTION('',(0.,1.));
#7437 = ( GEOMETRIC_REPRESENTATION_CONTEXT(2) 
PARAMETRIC_REPRESENTATION_CONTEXT() REPRESENTATION_CONTEXT('2D SPACE',''
  ) );
#7438 = PCURVE('',#5963,#7439);
#7439 = DEFINITIONAL_REPRESENTATION('',(#7440),#7444);
#7440 = LINE('',#7441,#7442);
#7441 = CARTESIAN_POINT('',(6.28318530718,-0.));
#7442 = VECTOR('',#7443,1.);
#7443 = DIRECTION('',(0.,1.));
#7444 = ( GEOMETRIC_REPRESENTATION_CONTEXT(2) 
PARAMETRIC_REPRESENTATION_CONTEXT() REPRESENTATION_CONTEXT('2D SPACE',''
  ) );
#7445 = ORIENTED_EDGE('',*,*,#5931,.T.);
#7446 = ORIENTED_EDGE('',*,*,#6024,.F.);
#7447 = ORIENTED_EDGE('',*,*,#5988,.F.);
#7448 = ORIENTED_EDGE('',*,*,#7425,.F.);
#7449 = ADVANCED_FACE('',(#7450),#6081,.F.);
#7450 = FACE_BOUND('',#7451,.F.);
#7451 = EDGE_LOOP('',(#7452,#7453,#7474,#7475));
#7452 = ORIENTED_EDGE('',*,*,#6621,.F.);
#7453 = ORIENTED_EDGE('',*,*,#7454,.F.);
#7454 = EDGE_CURVE('',#6065,#6622,#7455,.T.);
#7455 = SEAM_CURVE('',#7456,(#7460,#7467),.PCURVE_S1.);
#7456 = LINE('',#7457,#7458);
#7457 = CARTESIAN_POINT('',(-157.5,-6.,30.4));
#7458 = VECTOR('',#7459,1.);
#7459 = DIRECTION('',(1.731912112471E-16,0.707106781187,-0.707106781187)
  );
#7460 = PCURVE('',#6081,#7461);
#7461 = DEFINITIONAL_REPRESENTATION('',(#7462),#7466);
#7462 = LINE('',#7463,#7464);
#7463 = CARTESIAN_POINT('',(-6.28318530718,0.));
#7464 = VECTOR('',#7465,1.);
#7465 = DIRECTION('',(-0.,-1.));
#7466 = ( GEOMETRIC_REPRESENTATION_CONTEXT(2) 
PARAMETRIC_REPRESENTATION_CONTEXT() REPRESENTATION_CONTEXT('2D SPACE',''
  ) );
#7467 = PCURVE('',#6081,#7468);
#7468 = DEFINITIONAL_REPRESENTATION('',(#7469),#7473);
#7469 = LINE('',#7470,#7471);
#7470 = CARTESIAN_POINT('',(0.,-0.));
#7471 = VECTOR('',#7472,1.);
#7472 = DIRECTION('',(-0.,-1.));
#7473 = ( GEOMETRIC_REPRESENTATION_CONTEXT(2) 
PARAMETRIC_REPRESENTATION_CONTEXT() REPRESENTATION_CONTEXT('2D SPACE',''
  ) );
#7474 = ORIENTED_EDGE('',*,*,#6064,.T.);
#7475 = ORIENTED_EDGE('',*,*,#7454,.T.);
#7476 = ADVANCED_FACE('',(#7477),#6116,.F.);
#7477 = FACE_BOUND('',#7478,.F.);
#7478 = EDGE_LOOP('',(#7479,#7480,#7501,#7502));
#7479 = ORIENTED_EDGE('',*,*,#6673,.F.);
#7480 = ORIENTED_EDGE('',*,*,#7481,.F.);
#7481 = EDGE_CURVE('',#6100,#6674,#7482,.T.);
#7482 = SEAM_CURVE('',#7483,(#7487,#7494),.PCURVE_S1.);
#7483 = LINE('',#7484,#7485);
#7484 = CARTESIAN_POINT('',(-112.5,-6.,30.4));
#7485 = VECTOR('',#7486,1.);
#7486 = DIRECTION('',(1.731912112471E-16,0.707106781187,-0.707106781187)
  );
#7487 = PCURVE('',#6116,#7488);
#7488 = DEFINITIONAL_REPRESENTATION('',(#7489),#7493);
#7489 = LINE('',#7490,#7491);
#7490 = CARTESIAN_POINT('',(-6.28318530718,0.));
#7491 = VECTOR('',#7492,1.);
#7492 = DIRECTION('',(-0.,-1.));
#7493 = ( GEOMETRIC_REPRESENTATION_CONTEXT(2) 
PARAMETRIC_REPRESENTATION_CONTEXT() REPRESENTATION_CONTEXT('2D SPACE',''
  ) );
#7494 = PCURVE('',#6116,#7495);
#7495 = DEFINITIONAL_REPRESENTATION('',(#7496),#7500);
#7496 = LINE('',#7497,#7498);
#7497 = CARTESIAN_POINT('',(0.,-0.));
#7498 = VECTOR('',#7499,1.);
#7499 = DIRECTION('',(-0.,-1.));
#7500 = ( GEOMETRIC_REPRESENTATION_CONTEXT(2) 
PARAMETRIC_REPRESENTATION_CONTEXT() REPRESENTATION_CONTEXT('2D SPACE',''
  ) );
#7501 = ORIENTED_EDGE('',*,*,#6099,.T.);
#7502 = ORIENTED_EDGE('',*,*,#7481,.T.);
#7503 = ADVANCED_FACE('',(#7504),#6151,.F.);
#7504 = FACE_BOUND('',#7505,.F.);
#7505 = EDGE_LOOP('',(#7506,#7507,#7528,#7529));
#7506 = ORIENTED_EDGE('',*,*,#6725,.F.);
#7507 = ORIENTED_EDGE('',*,*,#7508,.F.);
#7508 = EDGE_CURVE('',#6135,#6726,#7509,.T.);
#7509 = SEAM_CURVE('',#7510,(#7514,#7521),.PCURVE_S1.);
#7510 = LINE('',#7511,#7512);
#7511 = CARTESIAN_POINT('',(-67.5,-6.,30.4));
#7512 = VECTOR('',#7513,1.);
#7513 = DIRECTION('',(1.731912112471E-16,0.707106781187,-0.707106781187)
  );
#7514 = PCURVE('',#6151,#7515);
#7515 = DEFINITIONAL_REPRESENTATION('',(#7516),#7520);
#7516 = LINE('',#7517,#7518);
#7517 = CARTESIAN_POINT('',(-6.28318530718,0.));
#7518 = VECTOR('',#7519,1.);
#7519 = DIRECTION('',(-0.,-1.));
#7520 = ( GEOMETRIC_REPRESENTATION_CONTEXT(2) 
PARAMETRIC_REPRESENTATION_CONTEXT() REPRESENTATION_CONTEXT('2D SPACE',''
  ) );
#7521 = PCURVE('',#6151,#7522);
#7522 = DEFINITIONAL_REPRESENTATION('',(#7523),#7527);
#7523 = LINE('',#7524,#7525);
#7524 = CARTESIAN_POINT('',(0.,-0.));
#7525 = VECTOR('',#7526,1.);
#7526 = DIRECTION('',(-0.,-1.));
#7527 = ( GEOMETRIC_REPRESENTATION_CONTEXT(2) 
PARAMETRIC_REPRESENTATION_CONTEXT() REPRESENTATION_CONTEXT('2D SPACE',''
  ) );
#7528 = ORIENTED_EDGE('',*,*,#6134,.T.);
#7529 = ORIENTED_EDGE('',*,*,#7508,.T.);
#7530 = ADVANCED_FACE('',(#7531),#6186,.F.);
#7531 = FACE_BOUND('',#7532,.F.);
#7532 = EDGE_LOOP('',(#7533,#7534,#7555,#7556));
#7533 = ORIENTED_EDGE('',*,*,#6777,.F.);
#7534 = ORIENTED_EDGE('',*,*,#7535,.F.);
#7535 = EDGE_CURVE('',#6170,#6778,#7536,.T.);
#7536 = SEAM_CURVE('',#7537,(#7541,#7548),.PCURVE_S1.);
#7537 = LINE('',#7538,#7539);
#7538 = CARTESIAN_POINT('',(-22.5,-6.,30.4));
#7539 = VECTOR('',#7540,1.);
#7540 = DIRECTION('',(1.731912112471E-16,0.707106781187,-0.707106781187)
  );
#7541 = PCURVE('',#6186,#7542);
#7542 = DEFINITIONAL_REPRESENTATION('',(#7543),#7547);
#7543 = LINE('',#7544,#7545);
#7544 = CARTESIAN_POINT('',(-6.28318530718,0.));
#7545 = VECTOR('',#7546,1.);
#7546 = DIRECTION('',(-0.,-1.));
#7547 = ( GEOMETRIC_REPRESENTATION_CONTEXT(2) 
PARAMETRIC_REPRESENTATION_CONTEXT() REPRESENTATION_CONTEXT('2D SPACE',''
  ) );
#7548 = PCURVE('',#6186,#7549);
#7549 = DEFINITIONAL_REPRESENTATION('',(#7550),#7554);
#7550 = LINE('',#7551,#7552);
#7551 = CARTESIAN_POINT('',(0.,-0.));
#7552 = VECTOR('',#7553,1.);
#7553 = DIRECTION('',(-0.,-1.));
#7554 = ( GEOMETRIC_REPRESENTATION_CONTEXT(2) 
PARAMETRIC_REPRESENTATION_CONTEXT() REPRESENTATION_CONTEXT('2D SPACE',''
  ) );
#7555 = ORIENTED_EDGE('',*,*,#6169,.T.);
#7556 = ORIENTED_EDGE('',*,*,#7535,.T.);
#7557 = ADVANCED_FACE('',(#7558),#6221,.F.);
#7558 = FACE_BOUND('',#7559,.F.);
#7559 = EDGE_LOOP('',(#7560,#7561,#7582,#7583));
#7560 = ORIENTED_EDGE('',*,*,#7089,.F.);
#7561 = ORIENTED_EDGE('',*,*,#7562,.F.);
#7562 = EDGE_CURVE('',#6205,#7090,#7563,.T.);
#7563 = SEAM_CURVE('',#7564,(#7568,#7575),.PCURVE_S1.);
#7564 = LINE('',#7565,#7566);
#7565 = CARTESIAN_POINT('',(-157.5,-6.,70.4));
#7566 = VECTOR('',#7567,1.);
#7567 = DIRECTION('',(1.731912112471E-16,0.707106781187,-0.707106781187)
  );
#7568 = PCURVE('',#6221,#7569);
#7569 = DEFINITIONAL_REPRESENTATION('',(#7570),#7574);
#7570 = LINE('',#7571,#7572);
#7571 = CARTESIAN_POINT('',(-6.28318530718,0.));
#7572 = VECTOR('',#7573,1.);
#7573 = DIRECTION('',(-0.,-1.));
#7574 = ( GEOMETRIC_REPRESENTATION_CONTEXT(2) 
PARAMETRIC_REPRESENTATION_CONTEXT() REPRESENTATION_CONTEXT('2D SPACE',''
  ) );
#7575 = PCURVE('',#6221,#7576);
#7576 = DEFINITIONAL_REPRESENTATION('',(#7577),#7581);
#7577 = LINE('',#7578,#7579);
#7578 = CARTESIAN_POINT('',(0.,-0.));
#7579 = VECTOR('',#7580,1.);
#7580 = DIRECTION('',(-0.,-1.));
#7581 = ( GEOMETRIC_REPRESENTATION_CONTEXT(2) 
PARAMETRIC_REPRESENTATION_CONTEXT() REPRESENTATION_CONTEXT('2D SPACE',''
  ) );
#7582 = ORIENTED_EDGE('',*,*,#6204,.T.);
#7583 = ORIENTED_EDGE('',*,*,#7562,.T.);
#7584 = ADVANCED_FACE('',(#7585),#6256,.F.);
#7585 = FACE_BOUND('',#7586,.F.);
#7586 = EDGE_LOOP('',(#7587,#7588,#7609,#7610));
#7587 = ORIENTED_EDGE('',*,*,#7141,.F.);
#7588 = ORIENTED_EDGE('',*,*,#7589,.F.);
#7589 = EDGE_CURVE('',#6240,#7142,#7590,.T.);
#7590 = SEAM_CURVE('',#7591,(#7595,#7602),.PCURVE_S1.);
#7591 = LINE('',#7592,#7593);
#7592 = CARTESIAN_POINT('',(-112.5,-6.,70.4));
#7593 = VECTOR('',#7594,1.);
#7594 = DIRECTION('',(1.731912112471E-16,0.707106781187,-0.707106781187)
  );
#7595 = PCURVE('',#6256,#7596);
#7596 = DEFINITIONAL_REPRESENTATION('',(#7597),#7601);
#7597 = LINE('',#7598,#7599);
#7598 = CARTESIAN_POINT('',(-6.28318530718,0.));
#7599 = VECTOR('',#7600,1.);
#7600 = DIRECTION('',(-0.,-1.));
#7601 = ( GEOMETRIC_REPRESENTATION_CONTEXT(2) 
PARAMETRIC_REPRESENTATION_CONTEXT() REPRESENTATION_CONTEXT('2D SPACE',''
  ) );
#7602 = PCURVE('',#6256,#7603);
#7603 = DEFINITIONAL_REPRESENTATION('',(#7604),#7608);
#7604 = LINE('',#7605,#7606);
#7605 = CARTESIAN_POINT('',(0.,-0.));
#7606 = VECTOR('',#7607,1.);
#7607 = DIRECTION('',(-0.,-1.));
#7608 = ( GEOMETRIC_REPRESENTATION_CONTEXT(2) 
PARAMETRIC_REPRESENTATION_CONTEXT() REPRESENTATION_CONTEXT('2D SPACE',''
  ) );
#7609 = ORIENTED_EDGE('',*,*,#6239,.T.);
#7610 = ORIENTED_EDGE('',*,*,#7589,.T.);
#7611 = ADVANCED_FACE('',(#7612),#6291,.F.);
#7612 = FACE_BOUND('',#7613,.F.);
#7613 = EDGE_LOOP('',(#7614,#7615,#7636,#7637));
#7614 = ORIENTED_EDGE('',*,*,#7193,.F.);
#7615 = ORIENTED_EDGE('',*,*,#7616,.F.);
#7616 = EDGE_CURVE('',#6275,#7194,#7617,.T.);
#7617 = SEAM_CURVE('',#7618,(#7622,#7629),.PCURVE_S1.);
#7618 = LINE('',#7619,#7620);
#7619 = CARTESIAN_POINT('',(-67.5,-6.,70.4));
#7620 = VECTOR('',#7621,1.);
#7621 = DIRECTION('',(1.731912112471E-16,0.707106781187,-0.707106781187)
  );
#7622 = PCURVE('',#6291,#7623);
#7623 = DEFINITIONAL_REPRESENTATION('',(#7624),#7628);
#7624 = LINE('',#7625,#7626);
#7625 = CARTESIAN_POINT('',(-6.28318530718,0.));
#7626 = VECTOR('',#7627,1.);
#7627 = DIRECTION('',(-0.,-1.));
#7628 = ( GEOMETRIC_REPRESENTATION_CONTEXT(2) 
PARAMETRIC_REPRESENTATION_CONTEXT() REPRESENTATION_CONTEXT('2D SPACE',''
  ) );
#7629 = PCURVE('',#6291,#7630);
#7630 = DEFINITIONAL_REPRESENTATION('',(#7631),#7635);
#7631 = LINE('',#7632,#7633);
#7632 = CARTESIAN_POINT('',(0.,-0.));
#7633 = VECTOR('',#7634,1.);
#7634 = DIRECTION('',(-0.,-1.));
#7635 = ( GEOMETRIC_REPRESENTATION_CONTEXT(2) 
PARAMETRIC_REPRESENTATION_CONTEXT() REPRESENTATION_CONTEXT('2D SPACE',''
  ) );
#7636 = ORIENTED_EDGE('',*,*,#6274,.T.);
#7637 = ORIENTED_EDGE('',*,*,#7616,.T.);
#7638 = ADVANCED_FACE('',(#7639),#6326,.F.);
#7639 = FACE_BOUND('',#7640,.F.);
#7640 = EDGE_LOOP('',(#7641,#7642,#7663,#7664));
#7641 = ORIENTED_EDGE('',*,*,#7037,.F.);
#7642 = ORIENTED_EDGE('',*,*,#7643,.F.);
#7643 = EDGE_CURVE('',#6310,#7038,#7644,.T.);
#7644 = SEAM_CURVE('',#7645,(#7649,#7656),.PCURVE_S1.);
#7645 = LINE('',#7646,#7647);
#7646 = CARTESIAN_POINT('',(-22.5,-6.,70.4));
#7647 = VECTOR('',#7648,1.);
#7648 = DIRECTION('',(1.731912112471E-16,0.707106781187,-0.707106781187)
  );
#7649 = PCURVE('',#6326,#7650);
#7650 = DEFINITIONAL_REPRESENTATION('',(#7651),#7655);
#7651 = LINE('',#7652,#7653);
#7652 = CARTESIAN_POINT('',(-6.28318530718,0.));
#7653 = VECTOR('',#7654,1.);
#7654 = DIRECTION('',(-0.,-1.));
#7655 = ( GEOMETRIC_REPRESENTATION_CONTEXT(2) 
PARAMETRIC_REPRESENTATION_CONTEXT() REPRESENTATION_CONTEXT('2D SPACE',''
  ) );
#7656 = PCURVE('',#6326,#7657);
#7657 = DEFINITIONAL_REPRESENTATION('',(#7658),#7662);
#7658 = LINE('',#7659,#7660);
#7659 = CARTESIAN_POINT('',(0.,-0.));
#7660 = VECTOR('',#7661,1.);
#7661 = DIRECTION('',(-0.,-1.));
#7662 = ( GEOMETRIC_REPRESENTATION_CONTEXT(2) 
PARAMETRIC_REPRESENTATION_CONTEXT() REPRESENTATION_CONTEXT('2D SPACE',''
  ) );
#7663 = ORIENTED_EDGE('',*,*,#6309,.T.);
#7664 = ORIENTED_EDGE('',*,*,#7643,.T.);
#7665 = ADVANCED_FACE('',(#7666),#6361,.F.);
#7666 = FACE_BOUND('',#7667,.F.);
#7667 = EDGE_LOOP('',(#7668,#7669,#7690,#7691));
#7668 = ORIENTED_EDGE('',*,*,#6829,.F.);
#7669 = ORIENTED_EDGE('',*,*,#7670,.F.);
#7670 = EDGE_CURVE('',#6345,#6830,#7671,.T.);
#7671 = SEAM_CURVE('',#7672,(#7676,#7683),.PCURVE_S1.);
#7672 = LINE('',#7673,#7674);
#7673 = CARTESIAN_POINT('',(22.5,-6.,30.4));
#7674 = VECTOR('',#7675,1.);
#7675 = DIRECTION('',(1.731912112471E-16,0.707106781187,-0.707106781187)
  );
#7676 = PCURVE('',#6361,#7677);
#7677 = DEFINITIONAL_REPRESENTATION('',(#7678),#7682);
#7678 = LINE('',#7679,#7680);
#7679 = CARTESIAN_POINT('',(-6.28318530718,0.));
#7680 = VECTOR('',#7681,1.);
#7681 = DIRECTION('',(-0.,-1.));
#7682 = ( GEOMETRIC_REPRESENTATION_CONTEXT(2) 
PARAMETRIC_REPRESENTATION_CONTEXT() REPRESENTATION_CONTEXT('2D SPACE',''
  ) );
#7683 = PCURVE('',#6361,#7684);
#7684 = DEFINITIONAL_REPRESENTATION('',(#7685),#7689);
#7685 = LINE('',#7686,#7687);
#7686 = CARTESIAN_POINT('',(0.,-0.));
#7687 = VECTOR('',#7688,1.);
#7688 = DIRECTION('',(-0.,-1.));
#7689 = ( GEOMETRIC_REPRESENTATION_CONTEXT(2) 
PARAMETRIC_REPRESENTATION_CONTEXT() REPRESENTATION_CONTEXT('2D SPACE',''
  ) );
#7690 = ORIENTED_EDGE('',*,*,#6344,.T.);
#7691 = ORIENTED_EDGE('',*,*,#7670,.T.);
#7692 = ADVANCED_FACE('',(#7693),#6396,.F.);
#7693 = FACE_BOUND('',#7694,.F.);
#7694 = EDGE_LOOP('',(#7695,#7696,#7717,#7718));
#7695 = ORIENTED_EDGE('',*,*,#6881,.F.);
#7696 = ORIENTED_EDGE('',*,*,#7697,.F.);
#7697 = EDGE_CURVE('',#6380,#6882,#7698,.T.);
#7698 = SEAM_CURVE('',#7699,(#7703,#7710),.PCURVE_S1.);
#7699 = LINE('',#7700,#7701);
#7700 = CARTESIAN_POINT('',(67.5,-6.,30.4));
#7701 = VECTOR('',#7702,1.);
#7702 = DIRECTION('',(1.731912112471E-16,0.707106781187,-0.707106781187)
  );
#7703 = PCURVE('',#6396,#7704);
#7704 = DEFINITIONAL_REPRESENTATION('',(#7705),#7709);
#7705 = LINE('',#7706,#7707);
#7706 = CARTESIAN_POINT('',(-6.28318530718,0.));
#7707 = VECTOR('',#7708,1.);
#7708 = DIRECTION('',(-0.,-1.));
#7709 = ( GEOMETRIC_REPRESENTATION_CONTEXT(2) 
PARAMETRIC_REPRESENTATION_CONTEXT() REPRESENTATION_CONTEXT('2D SPACE',''
  ) );
#7710 = PCURVE('',#6396,#7711);
#7711 = DEFINITIONAL_REPRESENTATION('',(#7712),#7716);
#7712 = LINE('',#7713,#7714);
#7713 = CARTESIAN_POINT('',(0.,-0.));
#7714 = VECTOR('',#7715,1.);
#7715 = DIRECTION('',(-0.,-1.));
#7716 = ( GEOMETRIC_REPRESENTATION_CONTEXT(2) 
PARAMETRIC_REPRESENTATION_CONTEXT() REPRESENTATION_CONTEXT('2D SPACE',''
  ) );
#7717 = ORIENTED_EDGE('',*,*,#6379,.T.);
#7718 = ORIENTED_EDGE('',*,*,#7697,.T.);
#7719 = ADVANCED_FACE('',(#7720),#6431,.F.);
#7720 = FACE_BOUND('',#7721,.F.);
#7721 = EDGE_LOOP('',(#7722,#7723,#7744,#7745));
#7722 = ORIENTED_EDGE('',*,*,#6933,.F.);
#7723 = ORIENTED_EDGE('',*,*,#7724,.F.);
#7724 = EDGE_CURVE('',#6415,#6934,#7725,.T.);
#7725 = SEAM_CURVE('',#7726,(#7730,#7737),.PCURVE_S1.);
#7726 = LINE('',#7727,#7728);
#7727 = CARTESIAN_POINT('',(112.5,-6.,30.4));
#7728 = VECTOR('',#7729,1.);
#7729 = DIRECTION('',(1.731912112471E-16,0.707106781187,-0.707106781187)
  );
#7730 = PCURVE('',#6431,#7731);
#7731 = DEFINITIONAL_REPRESENTATION('',(#7732),#7736);
#7732 = LINE('',#7733,#7734);
#7733 = CARTESIAN_POINT('',(-6.28318530718,0.));
#7734 = VECTOR('',#7735,1.);
#7735 = DIRECTION('',(-0.,-1.));
#7736 = ( GEOMETRIC_REPRESENTATION_CONTEXT(2) 
PARAMETRIC_REPRESENTATION_CONTEXT() REPRESENTATION_CONTEXT('2D SPACE',''
  ) );
#7737 = PCURVE('',#6431,#7738);
#7738 = DEFINITIONAL_REPRESENTATION('',(#7739),#7743);
#7739 = LINE('',#7740,#7741);
#7740 = CARTESIAN_POINT('',(0.,-0.));
#7741 = VECTOR('',#7742,1.);
#7742 = DIRECTION('',(-0.,-1.));
#7743 = ( GEOMETRIC_REPRESENTATION_CONTEXT(2) 
PARAMETRIC_REPRESENTATION_CONTEXT() REPRESENTATION_CONTEXT('2D SPACE',''
  ) );
#7744 = ORIENTED_EDGE('',*,*,#6414,.T.);
#7745 = ORIENTED_EDGE('',*,*,#7724,.T.);
#7746 = ADVANCED_FACE('',(#7747),#6466,.F.);
#7747 = FACE_BOUND('',#7748,.F.);
#7748 = EDGE_LOOP('',(#7749,#7750,#7771,#7772));
#7749 = ORIENTED_EDGE('',*,*,#6985,.F.);
#7750 = ORIENTED_EDGE('',*,*,#7751,.F.);
#7751 = EDGE_CURVE('',#6450,#6986,#7752,.T.);
#7752 = SEAM_CURVE('',#7753,(#7757,#7764),.PCURVE_S1.);
#7753 = LINE('',#7754,#7755);
#7754 = CARTESIAN_POINT('',(157.5,-6.,30.4));
#7755 = VECTOR('',#7756,1.);
#7756 = DIRECTION('',(1.731912112471E-16,0.707106781187,-0.707106781187)
  );
#7757 = PCURVE('',#6466,#7758);
#7758 = DEFINITIONAL_REPRESENTATION('',(#7759),#7763);
#7759 = LINE('',#7760,#7761);
#7760 = CARTESIAN_POINT('',(-6.28318530718,0.));
#7761 = VECTOR('',#7762,1.);
#7762 = DIRECTION('',(-0.,-1.));
#7763 = ( GEOMETRIC_REPRESENTATION_CONTEXT(2) 
PARAMETRIC_REPRESENTATION_CONTEXT() REPRESENTATION_CONTEXT('2D SPACE',''
  ) );
#7764 = PCURVE('',#6466,#7765);
#7765 = DEFINITIONAL_REPRESENTATION('',(#7766),#7770);
#7766 = LINE('',#7767,#7768);
#7767 = CARTESIAN_POINT('',(0.,-0.));
#7768 = VECTOR('',#7769,1.);
#7769 = DIRECTION('',(-0.,-1.));
#7770 = ( GEOMETRIC_REPRESENTATION_CONTEXT(2) 
PARAMETRIC_REPRESENTATION_CONTEXT() REPRESENTATION_CONTEXT('2D SPACE',''
  ) );
#7771 = ORIENTED_EDGE('',*,*,#6449,.T.);
#7772 = ORIENTED_EDGE('',*,*,#7751,.T.);
#7773 = ADVANCED_FACE('',(#7774),#6501,.F.);
#7774 = FACE_BOUND('',#7775,.F.);
#7775 = EDGE_LOOP('',(#7776,#7777,#7798,#7799));
#7776 = ORIENTED_EDGE('',*,*,#7245,.F.);
#7777 = ORIENTED_EDGE('',*,*,#7778,.F.);
#7778 = EDGE_CURVE('',#6485,#7246,#7779,.T.);
#7779 = SEAM_CURVE('',#7780,(#7784,#7791),.PCURVE_S1.);
#7780 = LINE('',#7781,#7782);
#7781 = CARTESIAN_POINT('',(22.5,-6.,70.4));
#7782 = VECTOR('',#7783,1.);
#7783 = DIRECTION('',(1.731912112471E-16,0.707106781187,-0.707106781187)
  );
#7784 = PCURVE('',#6501,#7785);
#7785 = DEFINITIONAL_REPRESENTATION('',(#7786),#7790);
#7786 = LINE('',#7787,#7788);
#7787 = CARTESIAN_POINT('',(-6.28318530718,0.));
#7788 = VECTOR('',#7789,1.);
#7789 = DIRECTION('',(-0.,-1.));
#7790 = ( GEOMETRIC_REPRESENTATION_CONTEXT(2) 
PARAMETRIC_REPRESENTATION_CONTEXT() REPRESENTATION_CONTEXT('2D SPACE',''
  ) );
#7791 = PCURVE('',#6501,#7792);
#7792 = DEFINITIONAL_REPRESENTATION('',(#7793),#7797);
#7793 = LINE('',#7794,#7795);
#7794 = CARTESIAN_POINT('',(0.,-0.));
#7795 = VECTOR('',#7796,1.);
#7796 = DIRECTION('',(-0.,-1.));
#7797 = ( GEOMETRIC_REPRESENTATION_CONTEXT(2) 
PARAMETRIC_REPRESENTATION_CONTEXT() REPRESENTATION_CONTEXT('2D SPACE',''
  ) );
#7798 = ORIENTED_EDGE('',*,*,#6484,.T.);
#7799 = ORIENTED_EDGE('',*,*,#7778,.T.);
#7800 = ADVANCED_FACE('',(#7801),#6536,.F.);
#7801 = FACE_BOUND('',#7802,.F.);
#7802 = EDGE_LOOP('',(#7803,#7804,#7825,#7826));
#7803 = ORIENTED_EDGE('',*,*,#7297,.F.);
#7804 = ORIENTED_EDGE('',*,*,#7805,.F.);
#7805 = EDGE_CURVE('',#6520,#7298,#7806,.T.);
#7806 = SEAM_CURVE('',#7807,(#7811,#7818),.PCURVE_S1.);
#7807 = LINE('',#7808,#7809);
#7808 = CARTESIAN_POINT('',(67.5,-6.,70.4));
#7809 = VECTOR('',#7810,1.);
#7810 = DIRECTION('',(1.731912112471E-16,0.707106781187,-0.707106781187)
  );
#7811 = PCURVE('',#6536,#7812);
#7812 = DEFINITIONAL_REPRESENTATION('',(#7813),#7817);
#7813 = LINE('',#7814,#7815);
#7814 = CARTESIAN_POINT('',(-6.28318530718,0.));
#7815 = VECTOR('',#7816,1.);
#7816 = DIRECTION('',(-0.,-1.));
#7817 = ( GEOMETRIC_REPRESENTATION_CONTEXT(2) 
PARAMETRIC_REPRESENTATION_CONTEXT() REPRESENTATION_CONTEXT('2D SPACE',''
  ) );
#7818 = PCURVE('',#6536,#7819);
#7819 = DEFINITIONAL_REPRESENTATION('',(#7820),#7824);
#7820 = LINE('',#7821,#7822);
#7821 = CARTESIAN_POINT('',(0.,-0.));
#7822 = VECTOR('',#7823,1.);
#7823 = DIRECTION('',(-0.,-1.));
#7824 = ( GEOMETRIC_REPRESENTATION_CONTEXT(2) 
PARAMETRIC_REPRESENTATION_CONTEXT() REPRESENTATION_CONTEXT('2D SPACE',''
  ) );
#7825 = ORIENTED_EDGE('',*,*,#6519,.T.);
#7826 = ORIENTED_EDGE('',*,*,#7805,.T.);
#7827 = ADVANCED_FACE('',(#7828),#6571,.F.);
#7828 = FACE_BOUND('',#7829,.F.);
#7829 = EDGE_LOOP('',(#7830,#7831,#7852,#7853));
#7830 = ORIENTED_EDGE('',*,*,#7349,.F.);
#7831 = ORIENTED_EDGE('',*,*,#7832,.F.);
#7832 = EDGE_CURVE('',#6555,#7350,#7833,.T.);
#7833 = SEAM_CURVE('',#7834,(#7838,#7845),.PCURVE_S1.);
#7834 = LINE('',#7835,#7836);
#7835 = CARTESIAN_POINT('',(112.5,-6.,70.4));
#7836 = VECTOR('',#7837,1.);
#7837 = DIRECTION('',(1.731912112471E-16,0.707106781187,-0.707106781187)
  );
#7838 = PCURVE('',#6571,#7839);
#7839 = DEFINITIONAL_REPRESENTATION('',(#7840),#7844);
#7840 = LINE('',#7841,#7842);
#7841 = CARTESIAN_POINT('',(-6.28318530718,0.));
#7842 = VECTOR('',#7843,1.);
#7843 = DIRECTION('',(-0.,-1.));
#7844 = ( GEOMETRIC_REPRESENTATION_CONTEXT(2) 
PARAMETRIC_REPRESENTATION_CONTEXT() REPRESENTATION_CONTEXT('2D SPACE',''
  ) );
#7845 = PCURVE('',#6571,#7846);
#7846 = DEFINITIONAL_REPRESENTATION('',(#7847),#7851);
#7847 = LINE('',#7848,#7849);
#7848 = CARTESIAN_POINT('',(0.,-0.));
#7849 = VECTOR('',#7850,1.);
#7850 = DIRECTION('',(-0.,-1.));
#7851 = ( GEOMETRIC_REPRESENTATION_CONTEXT(2) 
PARAMETRIC_REPRESENTATION_CONTEXT() REPRESENTATION_CONTEXT('2D SPACE',''
  ) );
#7852 = ORIENTED_EDGE('',*,*,#6554,.T.);
#7853 = ORIENTED_EDGE('',*,*,#7832,.T.);
#7854 = ADVANCED_FACE('',(#7855),#6606,.F.);
#7855 = FACE_BOUND('',#7856,.F.);
#7856 = EDGE_LOOP('',(#7857,#7858,#7879,#7880));
#7857 = ORIENTED_EDGE('',*,*,#7401,.F.);
#7858 = ORIENTED_EDGE('',*,*,#7859,.F.);
#7859 = EDGE_CURVE('',#6590,#7402,#7860,.T.);
#7860 = SEAM_CURVE('',#7861,(#7865,#7872),.PCURVE_S1.);
#7861 = LINE('',#7862,#7863);
#7862 = CARTESIAN_POINT('',(157.5,-6.,70.4));
#7863 = VECTOR('',#7864,1.);
#7864 = DIRECTION('',(1.731912112471E-16,0.707106781187,-0.707106781187)
  );
#7865 = PCURVE('',#6606,#7866);
#7866 = DEFINITIONAL_REPRESENTATION('',(#7867),#7871);
#7867 = LINE('',#7868,#7869);
#7868 = CARTESIAN_POINT('',(-6.28318530718,0.));
#7869 = VECTOR('',#7870,1.);
#7870 = DIRECTION('',(-0.,-1.));
#7871 = ( GEOMETRIC_REPRESENTATION_CONTEXT(2) 
PARAMETRIC_REPRESENTATION_CONTEXT() REPRESENTATION_CONTEXT('2D SPACE',''
  ) );
#7872 = PCURVE('',#6606,#7873);
#7873 = DEFINITIONAL_REPRESENTATION('',(#7874),#7878);
#7874 = LINE('',#7875,#7876);
#7875 = CARTESIAN_POINT('',(0.,-0.));
#7876 = VECTOR('',#7877,1.);
#7877 = DIRECTION('',(-0.,-1.));
#7878 = ( GEOMETRIC_REPRESENTATION_CONTEXT(2) 
PARAMETRIC_REPRESENTATION_CONTEXT() REPRESENTATION_CONTEXT('2D SPACE',''
  ) );
#7879 = ORIENTED_EDGE('',*,*,#6589,.T.);
#7880 = ORIENTED_EDGE('',*,*,#7859,.T.);
#7881 = ( GEOMETRIC_REPRESENTATION_CONTEXT(3) 
GLOBAL_UNCERTAINTY_ASSIGNED_CONTEXT((#7885)) 
GLOBAL_UNIT_ASSIGNED_CONTEXT((#7882,#7883,#7884)) REPRESENTATION_CONTEXT
('Context #1','3D Context with UNIT and UNCERTAINTY') );
#7882 = ( LENGTH_UNIT() NAMED_UNIT(*) SI_UNIT(.MILLI.,.METRE.) );
#7883 = ( NAMED_UNIT(*) PLANE_ANGLE_UNIT() SI_UNIT($,.RADIAN.) );
#7884 = ( NAMED_UNIT(*) SI_UNIT($,.STERADIAN.) SOLID_ANGLE_UNIT() );
#7885 = UNCERTAINTY_MEASURE_WITH_UNIT(LENGTH_MEASURE(1.E-07),#7882,
  'distance_accuracy_value','confusion accuracy');
#7886 = CONTEXT_DEPENDENT_SHAPE_REPRESENTATION(#7887,#7889);
#7887 = ( REPRESENTATION_RELATIONSHIP('','',#52,#10) 
REPRESENTATION_RELATIONSHIP_WITH_TRANSFORMATION(#7888) 
SHAPE_REPRESENTATION_RELATIONSHIP() );
#7888 = ITEM_DEFINED_TRANSFORMATION('','',#11,#15);
#7889 = PRODUCT_DEFINITION_SHAPE('Placement','Placement of an item',
  #7890);
#7890 = NEXT_ASSEMBLY_USAGE_OCCURRENCE('7','body','',#5,#47,$);
#7891 = PRODUCT_RELATED_PRODUCT_CATEGORY('part',$,(#49));
#7892 = SHAPE_DEFINITION_REPRESENTATION(#7893,#7899);
#7893 = PRODUCT_DEFINITION_SHAPE('','',#7894);
#7894 = PRODUCT_DEFINITION('design','',#7895,#7898);
#7895 = PRODUCT_DEFINITION_FORMATION('','',#7896);
#7896 = PRODUCT('faceplate','faceplate','',(#7897));
#7897 = PRODUCT_CONTEXT('',#2,'mechanical');
#7898 = PRODUCT_DEFINITION_CONTEXT('part definition',#2,'design');
#7899 = ADVANCED_BREP_SHAPE_REPRESENTATION('',(#11,#7900),#11656);
#7900 = MANIFOLD_SOLID_BREP('',#7901);
#7901 = CLOSED_SHELL('',(#7902,#8022,#9228,#9277,#10296,#10323,#10330,
    #10377,#10404,#10431,#10438,#10488,#10515,#10565,#10592,#10619,
    #10646,#10673,#10720,#10747,#10774,#10781,#10831,#10858,#10885,
    #10912,#10962,#10989,#11016,#11043,#11093,#11140,#11167,#11194,
    #11201,#11228,#11255,#11282,#11309,#11336,#11386,#11433,#11460,
    #11487,#11494,#11521,#11548,#11575,#11602,#11629));
#7902 = ADVANCED_FACE('',(#7903),#7917,.F.);
#7903 = FACE_BOUND('',#7904,.F.);
#7904 = EDGE_LOOP('',(#7905,#7940,#7968,#7996));
#7905 = ORIENTED_EDGE('',*,*,#7906,.F.);
#7906 = EDGE_CURVE('',#7907,#7909,#7911,.T.);
#7907 = VERTEX_POINT('',#7908);
#7908 = CARTESIAN_POINT('',(-241.3,-3.,0.));
#7909 = VERTEX_POINT('',#7910);
#7910 = CARTESIAN_POINT('',(-241.3,-3.,87.));
#7911 = SURFACE_CURVE('',#7912,(#7916,#7928),.PCURVE_S1.);
#7912 = LINE('',#7913,#7914);
#7913 = CARTESIAN_POINT('',(-241.3,-3.,0.));
#7914 = VECTOR('',#7915,1.);
#7915 = DIRECTION('',(0.,0.,1.));
#7916 = PCURVE('',#7917,#7922);
#7917 = PLANE('',#7918);
#7918 = AXIS2_PLACEMENT_3D('',#7919,#7920,#7921);
#7919 = CARTESIAN_POINT('',(-241.3,-3.,0.));
#7920 = DIRECTION('',(1.,0.,0.));
#7921 = DIRECTION('',(0.,0.,1.));
#7922 = DEFINITIONAL_REPRESENTATION('',(#7923),#7927);
#7923 = LINE('',#7924,#7925);
#7924 = CARTESIAN_POINT('',(0.,0.));
#7925 = VECTOR('',#7926,1.);
#7926 = DIRECTION('',(1.,0.));
#7927 = ( GEOMETRIC_REPRESENTATION_CONTEXT(2) 
PARAMETRIC_REPRESENTATION_CONTEXT() REPRESENTATION_CONTEXT('2D SPACE',''
  ) );
#7928 = PCURVE('',#7929,#7934);
#7929 = PLANE('',#7930);
#7930 = AXIS2_PLACEMENT_3D('',#7931,#7932,#7933);
#7931 = CARTESIAN_POINT('',(-241.3,-3.,0.));
#7932 = DIRECTION('',(0.,1.,0.));
#7933 = DIRECTION('',(0.,0.,1.));
#7934 = DEFINITIONAL_REPRESENTATION('',(#7935),#7939);
#7935 = LINE('',#7936,#7937);
#7936 = CARTESIAN_POINT('',(0.,0.));
#7937 = VECTOR('',#7938,1.);
#7938 = DIRECTION('',(1.,0.));
#7939 = ( GEOMETRIC_REPRESENTATION_CONTEXT(2) 
PARAMETRIC_REPRESENTATION_CONTEXT() REPRESENTATION_CONTEXT('2D SPACE',''
  ) );
#7940 = ORIENTED_EDGE('',*,*,#7941,.T.);
#7941 = EDGE_CURVE('',#7907,#7942,#7944,.T.);
#7942 = VERTEX_POINT('',#7943);
#7943 = CARTESIAN_POINT('',(-241.3,0.,0.));
#7944 = SURFACE_CURVE('',#7945,(#7949,#7956),.PCURVE_S1.);
#7945 = LINE('',#7946,#7947);
#7946 = CARTESIAN_POINT('',(-241.3,-3.,0.));
#7947 = VECTOR('',#7948,1.);
#7948 = DIRECTION('',(0.,1.,0.));
#7949 = PCURVE('',#7917,#7950);
#7950 = DEFINITIONAL_REPRESENTATION('',(#7951),#7955);
#7951 = LINE('',#7952,#7953);
#7952 = CARTESIAN_POINT('',(0.,0.));
#7953 = VECTOR('',#7954,1.);
#7954 = DIRECTION('',(0.,-1.));
#7955 = ( GEOMETRIC_REPRESENTATION_CONTEXT(2) 
PARAMETRIC_REPRESENTATION_CONTEXT() REPRESENTATION_CONTEXT('2D SPACE',''
  ) );
#7956 = PCURVE('',#7957,#7962);
#7957 = PLANE('',#7958);
#7958 = AXIS2_PLACEMENT_3D('',#7959,#7960,#7961);
#7959 = CARTESIAN_POINT('',(-241.3,-3.,0.));
#7960 = DIRECTION('',(0.,0.,1.));
#7961 = DIRECTION('',(1.,0.,0.));
#7962 = DEFINITIONAL_REPRESENTATION('',(#7963),#7967);
#7963 = LINE('',#7964,#7965);
#7964 = CARTESIAN_POINT('',(0.,0.));
#7965 = VECTOR('',#7966,1.);
#7966 = DIRECTION('',(0.,1.));
#7967 = ( GEOMETRIC_REPRESENTATION_CONTEXT(2) 
PARAMETRIC_REPRESENTATION_CONTEXT() REPRESENTATION_CONTEXT('2D SPACE',''
  ) );
#7968 = ORIENTED_EDGE('',*,*,#7969,.T.);
#7969 = EDGE_CURVE('',#7942,#7970,#7972,.T.);
#7970 = VERTEX_POINT('',#7971);
#7971 = CARTESIAN_POINT('',(-241.3,0.,87.));
#7972 = SURFACE_CURVE('',#7973,(#7977,#7984),.PCURVE_S1.);
#7973 = LINE('',#7974,#7975);
#7974 = CARTESIAN_POINT('',(-241.3,0.,0.));
#7975 = VECTOR('',#7976,1.);
#7976 = DIRECTION('',(0.,0.,1.));
#7977 = PCURVE('',#7917,#7978);
#7978 = DEFINITIONAL_REPRESENTATION('',(#7979),#7983);
#7979 = LINE('',#7980,#7981);
#7980 = CARTESIAN_POINT('',(0.,-3.));
#7981 = VECTOR('',#7982,1.);
#7982 = DIRECTION('',(1.,0.));
#7983 = ( GEOMETRIC_REPRESENTATION_CONTEXT(2) 
PARAMETRIC_REPRESENTATION_CONTEXT() REPRESENTATION_CONTEXT('2D SPACE',''
  ) );
#7984 = PCURVE('',#7985,#7990);
#7985 = PLANE('',#7986);
#7986 = AXIS2_PLACEMENT_3D('',#7987,#7988,#7989);
#7987 = CARTESIAN_POINT('',(-241.3,0.,0.));
#7988 = DIRECTION('',(0.,1.,0.));
#7989 = DIRECTION('',(0.,0.,1.));
#7990 = DEFINITIONAL_REPRESENTATION('',(#7991),#7995);
#7991 = LINE('',#7992,#7993);
#7992 = CARTESIAN_POINT('',(0.,0.));
#7993 = VECTOR('',#7994,1.);
#7994 = DIRECTION('',(1.,0.));
#7995 = ( GEOMETRIC_REPRESENTATION_CONTEXT(2) 
PARAMETRIC_REPRESENTATION_CONTEXT() REPRESENTATION_CONTEXT('2D SPACE',''
  ) );
#7996 = ORIENTED_EDGE('',*,*,#7997,.F.);
#7997 = EDGE_CURVE('',#7909,#7970,#7998,.T.);
#7998 = SURFACE_CURVE('',#7999,(#8003,#8010),.PCURVE_S1.);
#7999 = LINE('',#8000,#8001);
#8000 = CARTESIAN_POINT('',(-241.3,-3.,87.));
#8001 = VECTOR('',#8002,1.);
#8002 = DIRECTION('',(0.,1.,0.));
#8003 = PCURVE('',#7917,#8004);
#8004 = DEFINITIONAL_REPRESENTATION('',(#8005),#8009);
#8005 = LINE('',#8006,#8007);
#8006 = CARTESIAN_POINT('',(87.,0.));
#8007 = VECTOR('',#8008,1.);
#8008 = DIRECTION('',(0.,-1.));
#8009 = ( GEOMETRIC_REPRESENTATION_CONTEXT(2) 
PARAMETRIC_REPRESENTATION_CONTEXT() REPRESENTATION_CONTEXT('2D SPACE',''
  ) );
#8010 = PCURVE('',#8011,#8016);
#8011 = PLANE('',#8012);
#8012 = AXIS2_PLACEMENT_3D('',#8013,#8014,#8015);
#8013 = CARTESIAN_POINT('',(-241.3,-3.,87.));
#8014 = DIRECTION('',(0.,0.,1.));
#8015 = DIRECTION('',(1.,0.,0.));
#8016 = DEFINITIONAL_REPRESENTATION('',(#8017),#8021);
#8017 = LINE('',#8018,#8019);
#8018 = CARTESIAN_POINT('',(0.,0.));
#8019 = VECTOR('',#8020,1.);
#8020 = DIRECTION('',(0.,1.));
#8021 = ( GEOMETRIC_REPRESENTATION_CONTEXT(2) 
PARAMETRIC_REPRESENTATION_CONTEXT() REPRESENTATION_CONTEXT('2D SPACE',''
  ) );
#8022 = ADVANCED_FACE('',(#8023,#8098,#8210,#8241,#8272,#8303,#8334,
    #8365,#8396,#8427,#8539,#8570,#8601,#8632,#8663,#8694,#8725,#8756,
    #8787,#8818,#8930,#8961,#8992,#9023,#9054,#9085,#9116),#7929,.F.);
#8023 = FACE_BOUND('',#8024,.F.);
#8024 = EDGE_LOOP('',(#8025,#8048,#8049,#8072));
#8025 = ORIENTED_EDGE('',*,*,#8026,.F.);
#8026 = EDGE_CURVE('',#7907,#8027,#8029,.T.);
#8027 = VERTEX_POINT('',#8028);
#8028 = CARTESIAN_POINT('',(241.3,-3.,0.));
#8029 = SURFACE_CURVE('',#8030,(#8034,#8041),.PCURVE_S1.);
#8030 = LINE('',#8031,#8032);
#8031 = CARTESIAN_POINT('',(-241.3,-3.,0.));
#8032 = VECTOR('',#8033,1.);
#8033 = DIRECTION('',(1.,0.,0.));
#8034 = PCURVE('',#7929,#8035);
#8035 = DEFINITIONAL_REPRESENTATION('',(#8036),#8040);
#8036 = LINE('',#8037,#8038);
#8037 = CARTESIAN_POINT('',(0.,0.));
#8038 = VECTOR('',#8039,1.);
#8039 = DIRECTION('',(0.,1.));
#8040 = ( GEOMETRIC_REPRESENTATION_CONTEXT(2) 
PARAMETRIC_REPRESENTATION_CONTEXT() REPRESENTATION_CONTEXT('2D SPACE',''
  ) );
#8041 = PCURVE('',#7957,#8042);
#8042 = DEFINITIONAL_REPRESENTATION('',(#8043),#8047);
#8043 = LINE('',#8044,#8045);
#8044 = CARTESIAN_POINT('',(0.,0.));
#8045 = VECTOR('',#8046,1.);
#8046 = DIRECTION('',(1.,0.));
#8047 = ( GEOMETRIC_REPRESENTATION_CONTEXT(2) 
PARAMETRIC_REPRESENTATION_CONTEXT() REPRESENTATION_CONTEXT('2D SPACE',''
  ) );
#8048 = ORIENTED_EDGE('',*,*,#7906,.T.);
#8049 = ORIENTED_EDGE('',*,*,#8050,.T.);
#8050 = EDGE_CURVE('',#7909,#8051,#8053,.T.);
#8051 = VERTEX_POINT('',#8052);
#8052 = CARTESIAN_POINT('',(241.3,-3.,87.));
#8053 = SURFACE_CURVE('',#8054,(#8058,#8065),.PCURVE_S1.);
#8054 = LINE('',#8055,#8056);
#8055 = CARTESIAN_POINT('',(-241.3,-3.,87.));
#8056 = VECTOR('',#8057,1.);
#8057 = DIRECTION('',(1.,0.,0.));
#8058 = PCURVE('',#7929,#8059);
#8059 = DEFINITIONAL_REPRESENTATION('',(#8060),#8064);
#8060 = LINE('',#8061,#8062);
#8061 = CARTESIAN_POINT('',(87.,0.));
#8062 = VECTOR('',#8063,1.);
#8063 = DIRECTION('',(0.,1.));
#8064 = ( GEOMETRIC_REPRESENTATION_CONTEXT(2) 
PARAMETRIC_REPRESENTATION_CONTEXT() REPRESENTATION_CONTEXT('2D SPACE',''
  ) );
#8065 = PCURVE('',#8011,#8066);
#8066 = DEFINITIONAL_REPRESENTATION('',(#8067),#8071);
#8067 = LINE('',#8068,#8069);
#8068 = CARTESIAN_POINT('',(0.,0.));
#8069 = VECTOR('',#8070,1.);
#8070 = DIRECTION('',(1.,0.));
#8071 = ( GEOMETRIC_REPRESENTATION_CONTEXT(2) 
PARAMETRIC_REPRESENTATION_CONTEXT() REPRESENTATION_CONTEXT('2D SPACE',''
  ) );
#8072 = ORIENTED_EDGE('',*,*,#8073,.F.);
#8073 = EDGE_CURVE('',#8027,#8051,#8074,.T.);
#8074 = SURFACE_CURVE('',#8075,(#8079,#8086),.PCURVE_S1.);
#8075 = LINE('',#8076,#8077);
#8076 = CARTESIAN_POINT('',(241.3,-3.,0.));
#8077 = VECTOR('',#8078,1.);
#8078 = DIRECTION('',(0.,0.,1.));
#8079 = PCURVE('',#7929,#8080);
#8080 = DEFINITIONAL_REPRESENTATION('',(#8081),#8085);
#8081 = LINE('',#8082,#8083);
#8082 = CARTESIAN_POINT('',(0.,482.6));
#8083 = VECTOR('',#8084,1.);
#8084 = DIRECTION('',(1.,0.));
#8085 = ( GEOMETRIC_REPRESENTATION_CONTEXT(2) 
PARAMETRIC_REPRESENTATION_CONTEXT() REPRESENTATION_CONTEXT('2D SPACE',''
  ) );
#8086 = PCURVE('',#8087,#8092);
#8087 = PLANE('',#8088);
#8088 = AXIS2_PLACEMENT_3D('',#8089,#8090,#8091);
#8089 = CARTESIAN_POINT('',(241.3,-3.,0.));
#8090 = DIRECTION('',(1.,0.,0.));
#8091 = DIRECTION('',(0.,0.,1.));
#8092 = DEFINITIONAL_REPRESENTATION('',(#8093),#8097);
#8093 = LINE('',#8094,#8095);
#8094 = CARTESIAN_POINT('',(0.,0.));
#8095 = VECTOR('',#8096,1.);
#8096 = DIRECTION('',(1.,0.));
#8097 = ( GEOMETRIC_REPRESENTATION_CONTEXT(2) 
PARAMETRIC_REPRESENTATION_CONTEXT() REPRESENTATION_CONTEXT('2D SPACE',''
  ) );
#8098 = FACE_BOUND('',#8099,.F.);
#8099 = EDGE_LOOP('',(#8100,#8128,#8157,#8183));
#8100 = ORIENTED_EDGE('',*,*,#8101,.F.);
#8101 = EDGE_CURVE('',#8102,#8104,#8106,.T.);
#8102 = VERTEX_POINT('',#8103);
#8103 = CARTESIAN_POINT('',(-234.05,-3.,8.9));
#8104 = VERTEX_POINT('',#8105);
#8105 = CARTESIAN_POINT('',(-231.05,-3.,8.9));
#8106 = SURFACE_CURVE('',#8107,(#8111,#8117),.PCURVE_S1.);
#8107 = LINE('',#8108,#8109);
#8108 = CARTESIAN_POINT('',(-237.675,-3.,8.9));
#8109 = VECTOR('',#8110,1.);
#8110 = DIRECTION('',(1.,-0.,0.));
#8111 = PCURVE('',#7929,#8112);
#8112 = DEFINITIONAL_REPRESENTATION('',(#8113),#8116);
#8113 = B_SPLINE_CURVE_WITH_KNOTS('',1,(#8114,#8115),.UNSPECIFIED.,.F.,
  .F.,(2,2),(3.625,6.625),.PIECEWISE_BEZIER_KNOTS.);
#8114 = CARTESIAN_POINT('',(8.9,7.25));
#8115 = CARTESIAN_POINT('',(8.9,10.25));
#8116 = ( GEOMETRIC_REPRESENTATION_CONTEXT(2) 
PARAMETRIC_REPRESENTATION_CONTEXT() REPRESENTATION_CONTEXT('2D SPACE',''
  ) );
#8117 = PCURVE('',#8118,#8123);
#8118 = PLANE('',#8119);
#8119 = AXIS2_PLACEMENT_3D('',#8120,#8121,#8122);
#8120 = CARTESIAN_POINT('',(-234.05,0.1,8.9));
#8121 = DIRECTION('',(-0.,0.,1.));
#8122 = DIRECTION('',(1.,0.,0.));
#8123 = DEFINITIONAL_REPRESENTATION('',(#8124),#8127);
#8124 = B_SPLINE_CURVE_WITH_KNOTS('',1,(#8125,#8126),.UNSPECIFIED.,.F.,
  .F.,(2,2),(3.625,6.625),.PIECEWISE_BEZIER_KNOTS.);
#8125 = CARTESIAN_POINT('',(0.,-3.1));
#8126 = CARTESIAN_POINT('',(3.,-3.1));
#8127 = ( GEOMETRIC_REPRESENTATION_CONTEXT(2) 
PARAMETRIC_REPRESENTATION_CONTEXT() REPRESENTATION_CONTEXT('2D SPACE',''
  ) );
#8128 = ORIENTED_EDGE('',*,*,#8129,.F.);
#8129 = EDGE_CURVE('',#8130,#8102,#8132,.T.);
#8130 = VERTEX_POINT('',#8131);
#8131 = CARTESIAN_POINT('',(-234.05,-3.,1.9));
#8132 = SURFACE_CURVE('',#8133,(#8138,#8145),.PCURVE_S1.);
#8133 = CIRCLE('',#8134,3.5);
#8134 = AXIS2_PLACEMENT_3D('',#8135,#8136,#8137);
#8135 = CARTESIAN_POINT('',(-234.05,-3.,5.4));
#8136 = DIRECTION('',(0.,1.,0.));
#8137 = DIRECTION('',(-6.344131569287E-17,0.,-1.));
#8138 = PCURVE('',#7929,#8139);
#8139 = DEFINITIONAL_REPRESENTATION('',(#8140),#8144);
#8140 = CIRCLE('',#8141,3.5);
#8141 = AXIS2_PLACEMENT_2D('',#8142,#8143);
#8142 = CARTESIAN_POINT('',(5.4,7.25));
#8143 = DIRECTION('',(-1.,-6.344131569287E-17));
#8144 = ( GEOMETRIC_REPRESENTATION_CONTEXT(2) 
PARAMETRIC_REPRESENTATION_CONTEXT() REPRESENTATION_CONTEXT('2D SPACE',''
  ) );
#8145 = PCURVE('',#8146,#8151);
#8146 = CYLINDRICAL_SURFACE('',#8147,3.5);
#8147 = AXIS2_PLACEMENT_3D('',#8148,#8149,#8150);
#8148 = CARTESIAN_POINT('',(-234.05,0.1,5.4));
#8149 = DIRECTION('',(0.,1.,0.));
#8150 = DIRECTION('',(-6.344131569287E-17,0.,-1.));
#8151 = DEFINITIONAL_REPRESENTATION('',(#8152),#8156);
#8152 = LINE('',#8153,#8154);
#8153 = CARTESIAN_POINT('',(0.,-3.1));
#8154 = VECTOR('',#8155,1.);
#8155 = DIRECTION('',(1.,0.));
#8156 = ( GEOMETRIC_REPRESENTATION_CONTEXT(2) 
PARAMETRIC_REPRESENTATION_CONTEXT() REPRESENTATION_CONTEXT('2D SPACE',''
  ) );
#8157 = ORIENTED_EDGE('',*,*,#8158,.F.);
#8158 = EDGE_CURVE('',#8159,#8130,#8161,.T.);
#8159 = VERTEX_POINT('',#8160);
#8160 = CARTESIAN_POINT('',(-231.05,-3.,1.9));
#8161 = SURFACE_CURVE('',#8162,(#8166,#8172),.PCURVE_S1.);
#8162 = LINE('',#8163,#8164);
#8163 = CARTESIAN_POINT('',(-236.175,-3.,1.9));
#8164 = VECTOR('',#8165,1.);
#8165 = DIRECTION('',(-1.,0.,0.));
#8166 = PCURVE('',#7929,#8167);
#8167 = DEFINITIONAL_REPRESENTATION('',(#8168),#8171);
#8168 = B_SPLINE_CURVE_WITH_KNOTS('',1,(#8169,#8170),.UNSPECIFIED.,.F.,
  .F.,(2,2),(-5.125,-2.125),.PIECEWISE_BEZIER_KNOTS.);
#8169 = CARTESIAN_POINT('',(1.9,10.25));
#8170 = CARTESIAN_POINT('',(1.9,7.25));
#8171 = ( GEOMETRIC_REPRESENTATION_CONTEXT(2) 
PARAMETRIC_REPRESENTATION_CONTEXT() REPRESENTATION_CONTEXT('2D SPACE',''
  ) );
#8172 = PCURVE('',#8173,#8178);
#8173 = PLANE('',#8174);
#8174 = AXIS2_PLACEMENT_3D('',#8175,#8176,#8177);
#8175 = CARTESIAN_POINT('',(-231.05,0.1,1.9));
#8176 = DIRECTION('',(-0.,-0.,-1.));
#8177 = DIRECTION('',(-1.,0.,0.));
#8178 = DEFINITIONAL_REPRESENTATION('',(#8179),#8182);
#8179 = B_SPLINE_CURVE_WITH_KNOTS('',1,(#8180,#8181),.UNSPECIFIED.,.F.,
  .F.,(2,2),(-5.125,-2.125),.PIECEWISE_BEZIER_KNOTS.);
#8180 = CARTESIAN_POINT('',(0.,-3.1));
#8181 = CARTESIAN_POINT('',(3.,-3.1));
#8182 = ( GEOMETRIC_REPRESENTATION_CONTEXT(2) 
PARAMETRIC_REPRESENTATION_CONTEXT() REPRESENTATION_CONTEXT('2D SPACE',''
  ) );
#8183 = ORIENTED_EDGE('',*,*,#8184,.F.);
#8184 = EDGE_CURVE('',#8104,#8159,#8185,.T.);
#8185 = SURFACE_CURVE('',#8186,(#8191,#8198),.PCURVE_S1.);
#8186 = CIRCLE('',#8187,3.5);
#8187 = AXIS2_PLACEMENT_3D('',#8188,#8189,#8190);
#8188 = CARTESIAN_POINT('',(-231.05,-3.,5.4));
#8189 = DIRECTION('',(-0.,1.,0.));
#8190 = DIRECTION('',(6.344131569287E-17,0.,1.));
#8191 = PCURVE('',#7929,#8192);
#8192 = DEFINITIONAL_REPRESENTATION('',(#8193),#8197);
#8193 = CIRCLE('',#8194,3.5);
#8194 = AXIS2_PLACEMENT_2D('',#8195,#8196);
#8195 = CARTESIAN_POINT('',(5.4,10.25));
#8196 = DIRECTION('',(1.,6.344131569287E-17));
#8197 = ( GEOMETRIC_REPRESENTATION_CONTEXT(2) 
PARAMETRIC_REPRESENTATION_CONTEXT() REPRESENTATION_CONTEXT('2D SPACE',''
  ) );
#8198 = PCURVE('',#8199,#8204);
#8199 = CYLINDRICAL_SURFACE('',#8200,3.5);
#8200 = AXIS2_PLACEMENT_3D('',#8201,#8202,#8203);
#8201 = CARTESIAN_POINT('',(-231.05,0.1,5.4));
#8202 = DIRECTION('',(-0.,1.,0.));
#8203 = DIRECTION('',(6.344131569287E-17,0.,1.));
#8204 = DEFINITIONAL_REPRESENTATION('',(#8205),#8209);
#8205 = LINE('',#8206,#8207);
#8206 = CARTESIAN_POINT('',(0.,-3.1));
#8207 = VECTOR('',#8208,1.);
#8208 = DIRECTION('',(1.,0.));
#8209 = ( GEOMETRIC_REPRESENTATION_CONTEXT(2) 
PARAMETRIC_REPRESENTATION_CONTEXT() REPRESENTATION_CONTEXT('2D SPACE',''
  ) );
#8210 = FACE_BOUND('',#8211,.F.);
#8211 = EDGE_LOOP('',(#8212));
#8212 = ORIENTED_EDGE('',*,*,#8213,.F.);
#8213 = EDGE_CURVE('',#8214,#8214,#8216,.T.);
#8214 = VERTEX_POINT('',#8215);
#8215 = CARTESIAN_POINT('',(-178.,-3.,11.));
#8216 = SURFACE_CURVE('',#8217,(#8222,#8229),.PCURVE_S1.);
#8217 = CIRCLE('',#8218,4.);
#8218 = AXIS2_PLACEMENT_3D('',#8219,#8220,#8221);
#8219 = CARTESIAN_POINT('',(-178.,-3.,7.));
#8220 = DIRECTION('',(0.,1.,0.));
#8221 = DIRECTION('',(0.,-0.,1.));
#8222 = PCURVE('',#7929,#8223);
#8223 = DEFINITIONAL_REPRESENTATION('',(#8224),#8228);
#8224 = CIRCLE('',#8225,4.);
#8225 = AXIS2_PLACEMENT_2D('',#8226,#8227);
#8226 = CARTESIAN_POINT('',(7.,63.3));
#8227 = DIRECTION('',(1.,0.));
#8228 = ( GEOMETRIC_REPRESENTATION_CONTEXT(2) 
PARAMETRIC_REPRESENTATION_CONTEXT() REPRESENTATION_CONTEXT('2D SPACE',''
  ) );
#8229 = PCURVE('',#8230,#8235);
#8230 = CONICAL_SURFACE('',#8231,4.,0.785398163397);
#8231 = AXIS2_PLACEMENT_3D('',#8232,#8233,#8234);
#8232 = CARTESIAN_POINT('',(-178.,-3.,7.));
#8233 = DIRECTION('',(-0.,-1.,-0.));
#8234 = DIRECTION('',(0.,-0.,1.));
#8235 = DEFINITIONAL_REPRESENTATION('',(#8236),#8240);
#8236 = LINE('',#8237,#8238);
#8237 = CARTESIAN_POINT('',(-0.,-0.));
#8238 = VECTOR('',#8239,1.);
#8239 = DIRECTION('',(-1.,-0.));
#8240 = ( GEOMETRIC_REPRESENTATION_CONTEXT(2) 
PARAMETRIC_REPRESENTATION_CONTEXT() REPRESENTATION_CONTEXT('2D SPACE',''
  ) );
#8241 = FACE_BOUND('',#8242,.F.);
#8242 = EDGE_LOOP('',(#8243));
#8243 = ORIENTED_EDGE('',*,*,#8244,.F.);
#8244 = EDGE_CURVE('',#8245,#8245,#8247,.T.);
#8245 = VERTEX_POINT('',#8246);
#8246 = CARTESIAN_POINT('',(-157.5,-3.,39.5));
#8247 = SURFACE_CURVE('',#8248,(#8253,#8260),.PCURVE_S1.);
#8248 = CIRCLE('',#8249,16.);
#8249 = AXIS2_PLACEMENT_3D('',#8250,#8251,#8252);
#8250 = CARTESIAN_POINT('',(-157.5,-3.,23.5));
#8251 = DIRECTION('',(0.,1.,0.));
#8252 = DIRECTION('',(0.,-0.,1.));
#8253 = PCURVE('',#7929,#8254);
#8254 = DEFINITIONAL_REPRESENTATION('',(#8255),#8259);
#8255 = CIRCLE('',#8256,16.);
#8256 = AXIS2_PLACEMENT_2D('',#8257,#8258);
#8257 = CARTESIAN_POINT('',(23.5,83.8));
#8258 = DIRECTION('',(1.,0.));
#8259 = ( GEOMETRIC_REPRESENTATION_CONTEXT(2) 
PARAMETRIC_REPRESENTATION_CONTEXT() REPRESENTATION_CONTEXT('2D SPACE',''
  ) );
#8260 = PCURVE('',#8261,#8266);
#8261 = CYLINDRICAL_SURFACE('',#8262,16.);
#8262 = AXIS2_PLACEMENT_3D('',#8263,#8264,#8265);
#8263 = CARTESIAN_POINT('',(-157.5,-3.1,23.5));
#8264 = DIRECTION('',(0.,1.,0.));
#8265 = DIRECTION('',(0.,-0.,1.));
#8266 = DEFINITIONAL_REPRESENTATION('',(#8267),#8271);
#8267 = LINE('',#8268,#8269);
#8268 = CARTESIAN_POINT('',(0.,0.1));
#8269 = VECTOR('',#8270,1.);
#8270 = DIRECTION('',(1.,0.));
#8271 = ( GEOMETRIC_REPRESENTATION_CONTEXT(2) 
PARAMETRIC_REPRESENTATION_CONTEXT() REPRESENTATION_CONTEXT('2D SPACE',''
  ) );
#8272 = FACE_BOUND('',#8273,.F.);
#8273 = EDGE_LOOP('',(#8274));
#8274 = ORIENTED_EDGE('',*,*,#8275,.F.);
#8275 = EDGE_CURVE('',#8276,#8276,#8278,.T.);
#8276 = VERTEX_POINT('',#8277);
#8277 = CARTESIAN_POINT('',(-9.797174393179E-16,-3.,11.));
#8278 = SURFACE_CURVE('',#8279,(#8284,#8291),.PCURVE_S1.);
#8279 = CIRCLE('',#8280,4.);
#8280 = AXIS2_PLACEMENT_3D('',#8281,#8282,#8283);
#8281 = CARTESIAN_POINT('',(0.,-3.,7.));
#8282 = DIRECTION('',(0.,1.,0.));
#8283 = DIRECTION('',(0.,-0.,1.));
#8284 = PCURVE('',#7929,#8285);
#8285 = DEFINITIONAL_REPRESENTATION('',(#8286),#8290);
#8286 = CIRCLE('',#8287,4.);
#8287 = AXIS2_PLACEMENT_2D('',#8288,#8289);
#8288 = CARTESIAN_POINT('',(7.,241.3));
#8289 = DIRECTION('',(1.,0.));
#8290 = ( GEOMETRIC_REPRESENTATION_CONTEXT(2) 
PARAMETRIC_REPRESENTATION_CONTEXT() REPRESENTATION_CONTEXT('2D SPACE',''
  ) );
#8291 = PCURVE('',#8292,#8297);
#8292 = CONICAL_SURFACE('',#8293,4.,0.785398163397);
#8293 = AXIS2_PLACEMENT_3D('',#8294,#8295,#8296);
#8294 = CARTESIAN_POINT('',(0.,-3.,7.));
#8295 = DIRECTION('',(-0.,-1.,-0.));
#8296 = DIRECTION('',(0.,-0.,1.));
#8297 = DEFINITIONAL_REPRESENTATION('',(#8298),#8302);
#8298 = LINE('',#8299,#8300);
#8299 = CARTESIAN_POINT('',(-0.,-0.));
#8300 = VECTOR('',#8301,1.);
#8301 = DIRECTION('',(-1.,-0.));
#8302 = ( GEOMETRIC_REPRESENTATION_CONTEXT(2) 
PARAMETRIC_REPRESENTATION_CONTEXT() REPRESENTATION_CONTEXT('2D SPACE',''
  ) );
#8303 = FACE_BOUND('',#8304,.F.);
#8304 = EDGE_LOOP('',(#8305));
#8305 = ORIENTED_EDGE('',*,*,#8306,.F.);
#8306 = EDGE_CURVE('',#8307,#8307,#8309,.T.);
#8307 = VERTEX_POINT('',#8308);
#8308 = CARTESIAN_POINT('',(-112.5,-3.,39.5));
#8309 = SURFACE_CURVE('',#8310,(#8315,#8322),.PCURVE_S1.);
#8310 = CIRCLE('',#8311,16.);
#8311 = AXIS2_PLACEMENT_3D('',#8312,#8313,#8314);
#8312 = CARTESIAN_POINT('',(-112.5,-3.,23.5));
#8313 = DIRECTION('',(0.,1.,0.));
#8314 = DIRECTION('',(0.,-0.,1.));
#8315 = PCURVE('',#7929,#8316);
#8316 = DEFINITIONAL_REPRESENTATION('',(#8317),#8321);
#8317 = CIRCLE('',#8318,16.);
#8318 = AXIS2_PLACEMENT_2D('',#8319,#8320);
#8319 = CARTESIAN_POINT('',(23.5,128.8));
#8320 = DIRECTION('',(1.,0.));
#8321 = ( GEOMETRIC_REPRESENTATION_CONTEXT(2) 
PARAMETRIC_REPRESENTATION_CONTEXT() REPRESENTATION_CONTEXT('2D SPACE',''
  ) );
#8322 = PCURVE('',#8323,#8328);
#8323 = CYLINDRICAL_SURFACE('',#8324,16.);
#8324 = AXIS2_PLACEMENT_3D('',#8325,#8326,#8327);
#8325 = CARTESIAN_POINT('',(-112.5,-3.1,23.5));
#8326 = DIRECTION('',(0.,1.,0.));
#8327 = DIRECTION('',(0.,-0.,1.));
#8328 = DEFINITIONAL_REPRESENTATION('',(#8329),#8333);
#8329 = LINE('',#8330,#8331);
#8330 = CARTESIAN_POINT('',(0.,0.1));
#8331 = VECTOR('',#8332,1.);
#8332 = DIRECTION('',(1.,0.));
#8333 = ( GEOMETRIC_REPRESENTATION_CONTEXT(2) 
PARAMETRIC_REPRESENTATION_CONTEXT() REPRESENTATION_CONTEXT('2D SPACE',''
  ) );
#8334 = FACE_BOUND('',#8335,.F.);
#8335 = EDGE_LOOP('',(#8336));
#8336 = ORIENTED_EDGE('',*,*,#8337,.F.);
#8337 = EDGE_CURVE('',#8338,#8338,#8340,.T.);
#8338 = VERTEX_POINT('',#8339);
#8339 = CARTESIAN_POINT('',(-67.5,-3.,39.5));
#8340 = SURFACE_CURVE('',#8341,(#8346,#8353),.PCURVE_S1.);
#8341 = CIRCLE('',#8342,16.);
#8342 = AXIS2_PLACEMENT_3D('',#8343,#8344,#8345);
#8343 = CARTESIAN_POINT('',(-67.5,-3.,23.5));
#8344 = DIRECTION('',(0.,1.,0.));
#8345 = DIRECTION('',(0.,-0.,1.));
#8346 = PCURVE('',#7929,#8347);
#8347 = DEFINITIONAL_REPRESENTATION('',(#8348),#8352);
#8348 = CIRCLE('',#8349,16.);
#8349 = AXIS2_PLACEMENT_2D('',#8350,#8351);
#8350 = CARTESIAN_POINT('',(23.5,173.8));
#8351 = DIRECTION('',(1.,0.));
#8352 = ( GEOMETRIC_REPRESENTATION_CONTEXT(2) 
PARAMETRIC_REPRESENTATION_CONTEXT() REPRESENTATION_CONTEXT('2D SPACE',''
  ) );
#8353 = PCURVE('',#8354,#8359);
#8354 = CYLINDRICAL_SURFACE('',#8355,16.);
#8355 = AXIS2_PLACEMENT_3D('',#8356,#8357,#8358);
#8356 = CARTESIAN_POINT('',(-67.5,-3.1,23.5));
#8357 = DIRECTION('',(0.,1.,0.));
#8358 = DIRECTION('',(0.,-0.,1.));
#8359 = DEFINITIONAL_REPRESENTATION('',(#8360),#8364);
#8360 = LINE('',#8361,#8362);
#8361 = CARTESIAN_POINT('',(0.,0.1));
#8362 = VECTOR('',#8363,1.);
#8363 = DIRECTION('',(1.,0.));
#8364 = ( GEOMETRIC_REPRESENTATION_CONTEXT(2) 
PARAMETRIC_REPRESENTATION_CONTEXT() REPRESENTATION_CONTEXT('2D SPACE',''
  ) );
#8365 = FACE_BOUND('',#8366,.F.);
#8366 = EDGE_LOOP('',(#8367));
#8367 = ORIENTED_EDGE('',*,*,#8368,.F.);
#8368 = EDGE_CURVE('',#8369,#8369,#8371,.T.);
#8369 = VERTEX_POINT('',#8370);
#8370 = CARTESIAN_POINT('',(-22.5,-3.,39.5));
#8371 = SURFACE_CURVE('',#8372,(#8377,#8384),.PCURVE_S1.);
#8372 = CIRCLE('',#8373,16.);
#8373 = AXIS2_PLACEMENT_3D('',#8374,#8375,#8376);
#8374 = CARTESIAN_POINT('',(-22.5,-3.,23.5));
#8375 = DIRECTION('',(0.,1.,0.));
#8376 = DIRECTION('',(0.,-0.,1.));
#8377 = PCURVE('',#7929,#8378);
#8378 = DEFINITIONAL_REPRESENTATION('',(#8379),#8383);
#8379 = CIRCLE('',#8380,16.);
#8380 = AXIS2_PLACEMENT_2D('',#8381,#8382);
#8381 = CARTESIAN_POINT('',(23.5,218.8));
#8382 = DIRECTION('',(1.,0.));
#8383 = ( GEOMETRIC_REPRESENTATION_CONTEXT(2) 
PARAMETRIC_REPRESENTATION_CONTEXT() REPRESENTATION_CONTEXT('2D SPACE',''
  ) );
#8384 = PCURVE('',#8385,#8390);
#8385 = CYLINDRICAL_SURFACE('',#8386,16.);
#8386 = AXIS2_PLACEMENT_3D('',#8387,#8388,#8389);
#8387 = CARTESIAN_POINT('',(-22.5,-3.1,23.5));
#8388 = DIRECTION('',(0.,1.,0.));
#8389 = DIRECTION('',(0.,-0.,1.));
#8390 = DEFINITIONAL_REPRESENTATION('',(#8391),#8395);
#8391 = LINE('',#8392,#8393);
#8392 = CARTESIAN_POINT('',(0.,0.1));
#8393 = VECTOR('',#8394,1.);
#8394 = DIRECTION('',(1.,0.));
#8395 = ( GEOMETRIC_REPRESENTATION_CONTEXT(2) 
PARAMETRIC_REPRESENTATION_CONTEXT() REPRESENTATION_CONTEXT('2D SPACE',''
  ) );
#8396 = FACE_BOUND('',#8397,.F.);
#8397 = EDGE_LOOP('',(#8398));
#8398 = ORIENTED_EDGE('',*,*,#8399,.F.);
#8399 = EDGE_CURVE('',#8400,#8400,#8402,.T.);
#8400 = VERTEX_POINT('',#8401);
#8401 = CARTESIAN_POINT('',(-157.5,-3.,79.5));
#8402 = SURFACE_CURVE('',#8403,(#8408,#8415),.PCURVE_S1.);
#8403 = CIRCLE('',#8404,16.);
#8404 = AXIS2_PLACEMENT_3D('',#8405,#8406,#8407);
#8405 = CARTESIAN_POINT('',(-157.5,-3.,63.5));
#8406 = DIRECTION('',(0.,1.,0.));
#8407 = DIRECTION('',(0.,-0.,1.));
#8408 = PCURVE('',#7929,#8409);
#8409 = DEFINITIONAL_REPRESENTATION('',(#8410),#8414);
#8410 = CIRCLE('',#8411,16.);
#8411 = AXIS2_PLACEMENT_2D('',#8412,#8413);
#8412 = CARTESIAN_POINT('',(63.5,83.8));
#8413 = DIRECTION('',(1.,0.));
#8414 = ( GEOMETRIC_REPRESENTATION_CONTEXT(2) 
PARAMETRIC_REPRESENTATION_CONTEXT() REPRESENTATION_CONTEXT('2D SPACE',''
  ) );
#8415 = PCURVE('',#8416,#8421);
#8416 = CYLINDRICAL_SURFACE('',#8417,16.);
#8417 = AXIS2_PLACEMENT_3D('',#8418,#8419,#8420);
#8418 = CARTESIAN_POINT('',(-157.5,-3.1,63.5));
#8419 = DIRECTION('',(0.,1.,0.));
#8420 = DIRECTION('',(0.,-0.,1.));
#8421 = DEFINITIONAL_REPRESENTATION('',(#8422),#8426);
#8422 = LINE('',#8423,#8424);
#8423 = CARTESIAN_POINT('',(0.,0.1));
#8424 = VECTOR('',#8425,1.);
#8425 = DIRECTION('',(1.,0.));
#8426 = ( GEOMETRIC_REPRESENTATION_CONTEXT(2) 
PARAMETRIC_REPRESENTATION_CONTEXT() REPRESENTATION_CONTEXT('2D SPACE',''
  ) );
#8427 = FACE_BOUND('',#8428,.F.);
#8428 = EDGE_LOOP('',(#8429,#8457,#8486,#8512));
#8429 = ORIENTED_EDGE('',*,*,#8430,.F.);
#8430 = EDGE_CURVE('',#8431,#8433,#8435,.T.);
#8431 = VERTEX_POINT('',#8432);
#8432 = CARTESIAN_POINT('',(-234.05,-3.,85.1));
#8433 = VERTEX_POINT('',#8434);
#8434 = CARTESIAN_POINT('',(-231.05,-3.,85.1));
#8435 = SURFACE_CURVE('',#8436,(#8440,#8446),.PCURVE_S1.);
#8436 = LINE('',#8437,#8438);
#8437 = CARTESIAN_POINT('',(-237.675,-3.,85.1));
#8438 = VECTOR('',#8439,1.);
#8439 = DIRECTION('',(1.,-0.,0.));
#8440 = PCURVE('',#7929,#8441);
#8441 = DEFINITIONAL_REPRESENTATION('',(#8442),#8445);
#8442 = B_SPLINE_CURVE_WITH_KNOTS('',1,(#8443,#8444),.UNSPECIFIED.,.F.,
  .F.,(2,2),(3.625,6.625),.PIECEWISE_BEZIER_KNOTS.);
#8443 = CARTESIAN_POINT('',(85.1,7.25));
#8444 = CARTESIAN_POINT('',(85.1,10.25));
#8445 = ( GEOMETRIC_REPRESENTATION_CONTEXT(2) 
PARAMETRIC_REPRESENTATION_CONTEXT() REPRESENTATION_CONTEXT('2D SPACE',''
  ) );
#8446 = PCURVE('',#8447,#8452);
#8447 = PLANE('',#8448);
#8448 = AXIS2_PLACEMENT_3D('',#8449,#8450,#8451);
#8449 = CARTESIAN_POINT('',(-234.05,0.1,85.1));
#8450 = DIRECTION('',(-0.,0.,1.));
#8451 = DIRECTION('',(1.,0.,0.));
#8452 = DEFINITIONAL_REPRESENTATION('',(#8453),#8456);
#8453 = B_SPLINE_CURVE_WITH_KNOTS('',1,(#8454,#8455),.UNSPECIFIED.,.F.,
  .F.,(2,2),(3.625,6.625),.PIECEWISE_BEZIER_KNOTS.);
#8454 = CARTESIAN_POINT('',(0.,-3.1));
#8455 = CARTESIAN_POINT('',(3.,-3.1));
#8456 = ( GEOMETRIC_REPRESENTATION_CONTEXT(2) 
PARAMETRIC_REPRESENTATION_CONTEXT() REPRESENTATION_CONTEXT('2D SPACE',''
  ) );
#8457 = ORIENTED_EDGE('',*,*,#8458,.F.);
#8458 = EDGE_CURVE('',#8459,#8431,#8461,.T.);
#8459 = VERTEX_POINT('',#8460);
#8460 = CARTESIAN_POINT('',(-234.05,-3.,78.1));
#8461 = SURFACE_CURVE('',#8462,(#8467,#8474),.PCURVE_S1.);
#8462 = CIRCLE('',#8463,3.5);
#8463 = AXIS2_PLACEMENT_3D('',#8464,#8465,#8466);
#8464 = CARTESIAN_POINT('',(-234.05,-3.,81.6));
#8465 = DIRECTION('',(0.,1.,0.));
#8466 = DIRECTION('',(-6.344131569287E-17,0.,-1.));
#8467 = PCURVE('',#7929,#8468);
#8468 = DEFINITIONAL_REPRESENTATION('',(#8469),#8473);
#8469 = CIRCLE('',#8470,3.5);
#8470 = AXIS2_PLACEMENT_2D('',#8471,#8472);
#8471 = CARTESIAN_POINT('',(81.6,7.25));
#8472 = DIRECTION('',(-1.,-6.344131569287E-17));
#8473 = ( GEOMETRIC_REPRESENTATION_CONTEXT(2) 
PARAMETRIC_REPRESENTATION_CONTEXT() REPRESENTATION_CONTEXT('2D SPACE',''
  ) );
#8474 = PCURVE('',#8475,#8480);
#8475 = CYLINDRICAL_SURFACE('',#8476,3.5);
#8476 = AXIS2_PLACEMENT_3D('',#8477,#8478,#8479);
#8477 = CARTESIAN_POINT('',(-234.05,0.1,81.6));
#8478 = DIRECTION('',(0.,1.,0.));
#8479 = DIRECTION('',(-6.344131569287E-17,0.,-1.));
#8480 = DEFINITIONAL_REPRESENTATION('',(#8481),#8485);
#8481 = LINE('',#8482,#8483);
#8482 = CARTESIAN_POINT('',(0.,-3.1));
#8483 = VECTOR('',#8484,1.);
#8484 = DIRECTION('',(1.,0.));
#8485 = ( GEOMETRIC_REPRESENTATION_CONTEXT(2) 
PARAMETRIC_REPRESENTATION_CONTEXT() REPRESENTATION_CONTEXT('2D SPACE',''
  ) );
#8486 = ORIENTED_EDGE('',*,*,#8487,.F.);
#8487 = EDGE_CURVE('',#8488,#8459,#8490,.T.);
#8488 = VERTEX_POINT('',#8489);
#8489 = CARTESIAN_POINT('',(-231.05,-3.,78.1));
#8490 = SURFACE_CURVE('',#8491,(#8495,#8501),.PCURVE_S1.);
#8491 = LINE('',#8492,#8493);
#8492 = CARTESIAN_POINT('',(-236.175,-3.,78.1));
#8493 = VECTOR('',#8494,1.);
#8494 = DIRECTION('',(-1.,0.,0.));
#8495 = PCURVE('',#7929,#8496);
#8496 = DEFINITIONAL_REPRESENTATION('',(#8497),#8500);
#8497 = B_SPLINE_CURVE_WITH_KNOTS('',1,(#8498,#8499),.UNSPECIFIED.,.F.,
  .F.,(2,2),(-5.125,-2.125),.PIECEWISE_BEZIER_KNOTS.);
#8498 = CARTESIAN_POINT('',(78.1,10.25));
#8499 = CARTESIAN_POINT('',(78.1,7.25));
#8500 = ( GEOMETRIC_REPRESENTATION_CONTEXT(2) 
PARAMETRIC_REPRESENTATION_CONTEXT() REPRESENTATION_CONTEXT('2D SPACE',''
  ) );
#8501 = PCURVE('',#8502,#8507);
#8502 = PLANE('',#8503);
#8503 = AXIS2_PLACEMENT_3D('',#8504,#8505,#8506);
#8504 = CARTESIAN_POINT('',(-231.05,0.1,78.1));
#8505 = DIRECTION('',(-0.,-0.,-1.));
#8506 = DIRECTION('',(-1.,0.,0.));
#8507 = DEFINITIONAL_REPRESENTATION('',(#8508),#8511);
#8508 = B_SPLINE_CURVE_WITH_KNOTS('',1,(#8509,#8510),.UNSPECIFIED.,.F.,
  .F.,(2,2),(-5.125,-2.125),.PIECEWISE_BEZIER_KNOTS.);
#8509 = CARTESIAN_POINT('',(0.,-3.1));
#8510 = CARTESIAN_POINT('',(3.,-3.1));
#8511 = ( GEOMETRIC_REPRESENTATION_CONTEXT(2) 
PARAMETRIC_REPRESENTATION_CONTEXT() REPRESENTATION_CONTEXT('2D SPACE',''
  ) );
#8512 = ORIENTED_EDGE('',*,*,#8513,.F.);
#8513 = EDGE_CURVE('',#8433,#8488,#8514,.T.);
#8514 = SURFACE_CURVE('',#8515,(#8520,#8527),.PCURVE_S1.);
#8515 = CIRCLE('',#8516,3.5);
#8516 = AXIS2_PLACEMENT_3D('',#8517,#8518,#8519);
#8517 = CARTESIAN_POINT('',(-231.05,-3.,81.6));
#8518 = DIRECTION('',(-0.,1.,0.));
#8519 = DIRECTION('',(6.344131569287E-17,0.,1.));
#8520 = PCURVE('',#7929,#8521);
#8521 = DEFINITIONAL_REPRESENTATION('',(#8522),#8526);
#8522 = CIRCLE('',#8523,3.5);
#8523 = AXIS2_PLACEMENT_2D('',#8524,#8525);
#8524 = CARTESIAN_POINT('',(81.6,10.25));
#8525 = DIRECTION('',(1.,6.344131569287E-17));
#8526 = ( GEOMETRIC_REPRESENTATION_CONTEXT(2) 
PARAMETRIC_REPRESENTATION_CONTEXT() REPRESENTATION_CONTEXT('2D SPACE',''
  ) );
#8527 = PCURVE('',#8528,#8533);
#8528 = CYLINDRICAL_SURFACE('',#8529,3.5);
#8529 = AXIS2_PLACEMENT_3D('',#8530,#8531,#8532);
#8530 = CARTESIAN_POINT('',(-231.05,0.1,81.6));
#8531 = DIRECTION('',(-0.,1.,0.));
#8532 = DIRECTION('',(6.344131569287E-17,0.,1.));
#8533 = DEFINITIONAL_REPRESENTATION('',(#8534),#8538);
#8534 = LINE('',#8535,#8536);
#8535 = CARTESIAN_POINT('',(0.,-3.1));
#8536 = VECTOR('',#8537,1.);
#8537 = DIRECTION('',(1.,0.));
#8538 = ( GEOMETRIC_REPRESENTATION_CONTEXT(2) 
PARAMETRIC_REPRESENTATION_CONTEXT() REPRESENTATION_CONTEXT('2D SPACE',''
  ) );
#8539 = FACE_BOUND('',#8540,.F.);
#8540 = EDGE_LOOP('',(#8541));
#8541 = ORIENTED_EDGE('',*,*,#8542,.F.);
#8542 = EDGE_CURVE('',#8543,#8543,#8545,.T.);
#8543 = VERTEX_POINT('',#8544);
#8544 = CARTESIAN_POINT('',(-178.,-3.,84.));
#8545 = SURFACE_CURVE('',#8546,(#8551,#8558),.PCURVE_S1.);
#8546 = CIRCLE('',#8547,4.);
#8547 = AXIS2_PLACEMENT_3D('',#8548,#8549,#8550);
#8548 = CARTESIAN_POINT('',(-178.,-3.,80.));
#8549 = DIRECTION('',(0.,1.,0.));
#8550 = DIRECTION('',(0.,-0.,1.));
#8551 = PCURVE('',#7929,#8552);
#8552 = DEFINITIONAL_REPRESENTATION('',(#8553),#8557);
#8553 = CIRCLE('',#8554,4.);
#8554 = AXIS2_PLACEMENT_2D('',#8555,#8556);
#8555 = CARTESIAN_POINT('',(80.,63.3));
#8556 = DIRECTION('',(1.,0.));
#8557 = ( GEOMETRIC_REPRESENTATION_CONTEXT(2) 
PARAMETRIC_REPRESENTATION_CONTEXT() REPRESENTATION_CONTEXT('2D SPACE',''
  ) );
#8558 = PCURVE('',#8559,#8564);
#8559 = CONICAL_SURFACE('',#8560,4.,0.785398163397);
#8560 = AXIS2_PLACEMENT_3D('',#8561,#8562,#8563);
#8561 = CARTESIAN_POINT('',(-178.,-3.,80.));
#8562 = DIRECTION('',(-0.,-1.,-0.));
#8563 = DIRECTION('',(0.,-0.,1.));
#8564 = DEFINITIONAL_REPRESENTATION('',(#8565),#8569);
#8565 = LINE('',#8566,#8567);
#8566 = CARTESIAN_POINT('',(-0.,-0.));
#8567 = VECTOR('',#8568,1.);
#8568 = DIRECTION('',(-1.,-0.));
#8569 = ( GEOMETRIC_REPRESENTATION_CONTEXT(2) 
PARAMETRIC_REPRESENTATION_CONTEXT() REPRESENTATION_CONTEXT('2D SPACE',''
  ) );
#8570 = FACE_BOUND('',#8571,.F.);
#8571 = EDGE_LOOP('',(#8572));
#8572 = ORIENTED_EDGE('',*,*,#8573,.F.);
#8573 = EDGE_CURVE('',#8574,#8574,#8576,.T.);
#8574 = VERTEX_POINT('',#8575);
#8575 = CARTESIAN_POINT('',(-112.5,-3.,79.5));
#8576 = SURFACE_CURVE('',#8577,(#8582,#8589),.PCURVE_S1.);
#8577 = CIRCLE('',#8578,16.);
#8578 = AXIS2_PLACEMENT_3D('',#8579,#8580,#8581);
#8579 = CARTESIAN_POINT('',(-112.5,-3.,63.5));
#8580 = DIRECTION('',(0.,1.,0.));
#8581 = DIRECTION('',(0.,-0.,1.));
#8582 = PCURVE('',#7929,#8583);
#8583 = DEFINITIONAL_REPRESENTATION('',(#8584),#8588);
#8584 = CIRCLE('',#8585,16.);
#8585 = AXIS2_PLACEMENT_2D('',#8586,#8587);
#8586 = CARTESIAN_POINT('',(63.5,128.8));
#8587 = DIRECTION('',(1.,0.));
#8588 = ( GEOMETRIC_REPRESENTATION_CONTEXT(2) 
PARAMETRIC_REPRESENTATION_CONTEXT() REPRESENTATION_CONTEXT('2D SPACE',''
  ) );
#8589 = PCURVE('',#8590,#8595);
#8590 = CYLINDRICAL_SURFACE('',#8591,16.);
#8591 = AXIS2_PLACEMENT_3D('',#8592,#8593,#8594);
#8592 = CARTESIAN_POINT('',(-112.5,-3.1,63.5));
#8593 = DIRECTION('',(0.,1.,0.));
#8594 = DIRECTION('',(0.,-0.,1.));
#8595 = DEFINITIONAL_REPRESENTATION('',(#8596),#8600);
#8596 = LINE('',#8597,#8598);
#8597 = CARTESIAN_POINT('',(0.,0.1));
#8598 = VECTOR('',#8599,1.);
#8599 = DIRECTION('',(1.,0.));
#8600 = ( GEOMETRIC_REPRESENTATION_CONTEXT(2) 
PARAMETRIC_REPRESENTATION_CONTEXT() REPRESENTATION_CONTEXT('2D SPACE',''
  ) );
#8601 = FACE_BOUND('',#8602,.F.);
#8602 = EDGE_LOOP('',(#8603));
#8603 = ORIENTED_EDGE('',*,*,#8604,.F.);
#8604 = EDGE_CURVE('',#8605,#8605,#8607,.T.);
#8605 = VERTEX_POINT('',#8606);
#8606 = CARTESIAN_POINT('',(-67.5,-3.,79.5));
#8607 = SURFACE_CURVE('',#8608,(#8613,#8620),.PCURVE_S1.);
#8608 = CIRCLE('',#8609,16.);
#8609 = AXIS2_PLACEMENT_3D('',#8610,#8611,#8612);
#8610 = CARTESIAN_POINT('',(-67.5,-3.,63.5));
#8611 = DIRECTION('',(0.,1.,0.));
#8612 = DIRECTION('',(0.,-0.,1.));
#8613 = PCURVE('',#7929,#8614);
#8614 = DEFINITIONAL_REPRESENTATION('',(#8615),#8619);
#8615 = CIRCLE('',#8616,16.);
#8616 = AXIS2_PLACEMENT_2D('',#8617,#8618);
#8617 = CARTESIAN_POINT('',(63.5,173.8));
#8618 = DIRECTION('',(1.,0.));
#8619 = ( GEOMETRIC_REPRESENTATION_CONTEXT(2) 
PARAMETRIC_REPRESENTATION_CONTEXT() REPRESENTATION_CONTEXT('2D SPACE',''
  ) );
#8620 = PCURVE('',#8621,#8626);
#8621 = CYLINDRICAL_SURFACE('',#8622,16.);
#8622 = AXIS2_PLACEMENT_3D('',#8623,#8624,#8625);
#8623 = CARTESIAN_POINT('',(-67.5,-3.1,63.5));
#8624 = DIRECTION('',(0.,1.,0.));
#8625 = DIRECTION('',(0.,-0.,1.));
#8626 = DEFINITIONAL_REPRESENTATION('',(#8627),#8631);
#8627 = LINE('',#8628,#8629);
#8628 = CARTESIAN_POINT('',(0.,0.1));
#8629 = VECTOR('',#8630,1.);
#8630 = DIRECTION('',(1.,0.));
#8631 = ( GEOMETRIC_REPRESENTATION_CONTEXT(2) 
PARAMETRIC_REPRESENTATION_CONTEXT() REPRESENTATION_CONTEXT('2D SPACE',''
  ) );
#8632 = FACE_BOUND('',#8633,.F.);
#8633 = EDGE_LOOP('',(#8634));
#8634 = ORIENTED_EDGE('',*,*,#8635,.F.);
#8635 = EDGE_CURVE('',#8636,#8636,#8638,.T.);
#8636 = VERTEX_POINT('',#8637);
#8637 = CARTESIAN_POINT('',(-22.5,-3.,79.5));
#8638 = SURFACE_CURVE('',#8639,(#8644,#8651),.PCURVE_S1.);
#8639 = CIRCLE('',#8640,16.);
#8640 = AXIS2_PLACEMENT_3D('',#8641,#8642,#8643);
#8641 = CARTESIAN_POINT('',(-22.5,-3.,63.5));
#8642 = DIRECTION('',(0.,1.,0.));
#8643 = DIRECTION('',(0.,-0.,1.));
#8644 = PCURVE('',#7929,#8645);
#8645 = DEFINITIONAL_REPRESENTATION('',(#8646),#8650);
#8646 = CIRCLE('',#8647,16.);
#8647 = AXIS2_PLACEMENT_2D('',#8648,#8649);
#8648 = CARTESIAN_POINT('',(63.5,218.8));
#8649 = DIRECTION('',(1.,0.));
#8650 = ( GEOMETRIC_REPRESENTATION_CONTEXT(2) 
PARAMETRIC_REPRESENTATION_CONTEXT() REPRESENTATION_CONTEXT('2D SPACE',''
  ) );
#8651 = PCURVE('',#8652,#8657);
#8652 = CYLINDRICAL_SURFACE('',#8653,16.);
#8653 = AXIS2_PLACEMENT_3D('',#8654,#8655,#8656);
#8654 = CARTESIAN_POINT('',(-22.5,-3.1,63.5));
#8655 = DIRECTION('',(0.,1.,0.));
#8656 = DIRECTION('',(0.,-0.,1.));
#8657 = DEFINITIONAL_REPRESENTATION('',(#8658),#8662);
#8658 = LINE('',#8659,#8660);
#8659 = CARTESIAN_POINT('',(0.,0.1));
#8660 = VECTOR('',#8661,1.);
#8661 = DIRECTION('',(1.,0.));
#8662 = ( GEOMETRIC_REPRESENTATION_CONTEXT(2) 
PARAMETRIC_REPRESENTATION_CONTEXT() REPRESENTATION_CONTEXT('2D SPACE',''
  ) );
#8663 = FACE_BOUND('',#8664,.F.);
#8664 = EDGE_LOOP('',(#8665));
#8665 = ORIENTED_EDGE('',*,*,#8666,.F.);
#8666 = EDGE_CURVE('',#8667,#8667,#8669,.T.);
#8667 = VERTEX_POINT('',#8668);
#8668 = CARTESIAN_POINT('',(-9.797174393179E-16,-3.,84.));
#8669 = SURFACE_CURVE('',#8670,(#8675,#8682),.PCURVE_S1.);
#8670 = CIRCLE('',#8671,4.);
#8671 = AXIS2_PLACEMENT_3D('',#8672,#8673,#8674);
#8672 = CARTESIAN_POINT('',(0.,-3.,80.));
#8673 = DIRECTION('',(0.,1.,0.));
#8674 = DIRECTION('',(0.,-0.,1.));
#8675 = PCURVE('',#7929,#8676);
#8676 = DEFINITIONAL_REPRESENTATION('',(#8677),#8681);
#8677 = CIRCLE('',#8678,4.);
#8678 = AXIS2_PLACEMENT_2D('',#8679,#8680);
#8679 = CARTESIAN_POINT('',(80.,241.3));
#8680 = DIRECTION('',(1.,0.));
#8681 = ( GEOMETRIC_REPRESENTATION_CONTEXT(2) 
PARAMETRIC_REPRESENTATION_CONTEXT() REPRESENTATION_CONTEXT('2D SPACE',''
  ) );
#8682 = PCURVE('',#8683,#8688);
#8683 = CONICAL_SURFACE('',#8684,4.,0.785398163397);
#8684 = AXIS2_PLACEMENT_3D('',#8685,#8686,#8687);
#8685 = CARTESIAN_POINT('',(0.,-3.,80.));
#8686 = DIRECTION('',(-0.,-1.,-0.));
#8687 = DIRECTION('',(0.,-0.,1.));
#8688 = DEFINITIONAL_REPRESENTATION('',(#8689),#8693);
#8689 = LINE('',#8690,#8691);
#8690 = CARTESIAN_POINT('',(-0.,-0.));
#8691 = VECTOR('',#8692,1.);
#8692 = DIRECTION('',(-1.,-0.));
#8693 = ( GEOMETRIC_REPRESENTATION_CONTEXT(2) 
PARAMETRIC_REPRESENTATION_CONTEXT() REPRESENTATION_CONTEXT('2D SPACE',''
  ) );
#8694 = FACE_BOUND('',#8695,.F.);
#8695 = EDGE_LOOP('',(#8696));
#8696 = ORIENTED_EDGE('',*,*,#8697,.F.);
#8697 = EDGE_CURVE('',#8698,#8698,#8700,.T.);
#8698 = VERTEX_POINT('',#8699);
#8699 = CARTESIAN_POINT('',(22.5,-3.,39.5));
#8700 = SURFACE_CURVE('',#8701,(#8706,#8713),.PCURVE_S1.);
#8701 = CIRCLE('',#8702,16.);
#8702 = AXIS2_PLACEMENT_3D('',#8703,#8704,#8705);
#8703 = CARTESIAN_POINT('',(22.5,-3.,23.5));
#8704 = DIRECTION('',(0.,1.,0.));
#8705 = DIRECTION('',(0.,-0.,1.));
#8706 = PCURVE('',#7929,#8707);
#8707 = DEFINITIONAL_REPRESENTATION('',(#8708),#8712);
#8708 = CIRCLE('',#8709,16.);
#8709 = AXIS2_PLACEMENT_2D('',#8710,#8711);
#8710 = CARTESIAN_POINT('',(23.5,263.8));
#8711 = DIRECTION('',(1.,0.));
#8712 = ( GEOMETRIC_REPRESENTATION_CONTEXT(2) 
PARAMETRIC_REPRESENTATION_CONTEXT() REPRESENTATION_CONTEXT('2D SPACE',''
  ) );
#8713 = PCURVE('',#8714,#8719);
#8714 = CYLINDRICAL_SURFACE('',#8715,16.);
#8715 = AXIS2_PLACEMENT_3D('',#8716,#8717,#8718);
#8716 = CARTESIAN_POINT('',(22.5,-3.1,23.5));
#8717 = DIRECTION('',(0.,1.,0.));
#8718 = DIRECTION('',(0.,-0.,1.));
#8719 = DEFINITIONAL_REPRESENTATION('',(#8720),#8724);
#8720 = LINE('',#8721,#8722);
#8721 = CARTESIAN_POINT('',(0.,0.1));
#8722 = VECTOR('',#8723,1.);
#8723 = DIRECTION('',(1.,0.));
#8724 = ( GEOMETRIC_REPRESENTATION_CONTEXT(2) 
PARAMETRIC_REPRESENTATION_CONTEXT() REPRESENTATION_CONTEXT('2D SPACE',''
  ) );
#8725 = FACE_BOUND('',#8726,.F.);
#8726 = EDGE_LOOP('',(#8727));
#8727 = ORIENTED_EDGE('',*,*,#8728,.F.);
#8728 = EDGE_CURVE('',#8729,#8729,#8731,.T.);
#8729 = VERTEX_POINT('',#8730);
#8730 = CARTESIAN_POINT('',(67.5,-3.,39.5));
#8731 = SURFACE_CURVE('',#8732,(#8737,#8744),.PCURVE_S1.);
#8732 = CIRCLE('',#8733,16.);
#8733 = AXIS2_PLACEMENT_3D('',#8734,#8735,#8736);
#8734 = CARTESIAN_POINT('',(67.5,-3.,23.5));
#8735 = DIRECTION('',(0.,1.,0.));
#8736 = DIRECTION('',(0.,-0.,1.));
#8737 = PCURVE('',#7929,#8738);
#8738 = DEFINITIONAL_REPRESENTATION('',(#8739),#8743);
#8739 = CIRCLE('',#8740,16.);
#8740 = AXIS2_PLACEMENT_2D('',#8741,#8742);
#8741 = CARTESIAN_POINT('',(23.5,308.8));
#8742 = DIRECTION('',(1.,0.));
#8743 = ( GEOMETRIC_REPRESENTATION_CONTEXT(2) 
PARAMETRIC_REPRESENTATION_CONTEXT() REPRESENTATION_CONTEXT('2D SPACE',''
  ) );
#8744 = PCURVE('',#8745,#8750);
#8745 = CYLINDRICAL_SURFACE('',#8746,16.);
#8746 = AXIS2_PLACEMENT_3D('',#8747,#8748,#8749);
#8747 = CARTESIAN_POINT('',(67.5,-3.1,23.5));
#8748 = DIRECTION('',(0.,1.,0.));
#8749 = DIRECTION('',(0.,-0.,1.));
#8750 = DEFINITIONAL_REPRESENTATION('',(#8751),#8755);
#8751 = LINE('',#8752,#8753);
#8752 = CARTESIAN_POINT('',(0.,0.1));
#8753 = VECTOR('',#8754,1.);
#8754 = DIRECTION('',(1.,0.));
#8755 = ( GEOMETRIC_REPRESENTATION_CONTEXT(2) 
PARAMETRIC_REPRESENTATION_CONTEXT() REPRESENTATION_CONTEXT('2D SPACE',''
  ) );
#8756 = FACE_BOUND('',#8757,.F.);
#8757 = EDGE_LOOP('',(#8758));
#8758 = ORIENTED_EDGE('',*,*,#8759,.F.);
#8759 = EDGE_CURVE('',#8760,#8760,#8762,.T.);
#8760 = VERTEX_POINT('',#8761);
#8761 = CARTESIAN_POINT('',(112.5,-3.,39.5));
#8762 = SURFACE_CURVE('',#8763,(#8768,#8775),.PCURVE_S1.);
#8763 = CIRCLE('',#8764,16.);
#8764 = AXIS2_PLACEMENT_3D('',#8765,#8766,#8767);
#8765 = CARTESIAN_POINT('',(112.5,-3.,23.5));
#8766 = DIRECTION('',(0.,1.,0.));
#8767 = DIRECTION('',(0.,-0.,1.));
#8768 = PCURVE('',#7929,#8769);
#8769 = DEFINITIONAL_REPRESENTATION('',(#8770),#8774);
#8770 = CIRCLE('',#8771,16.);
#8771 = AXIS2_PLACEMENT_2D('',#8772,#8773);
#8772 = CARTESIAN_POINT('',(23.5,353.8));
#8773 = DIRECTION('',(1.,0.));
#8774 = ( GEOMETRIC_REPRESENTATION_CONTEXT(2) 
PARAMETRIC_REPRESENTATION_CONTEXT() REPRESENTATION_CONTEXT('2D SPACE',''
  ) );
#8775 = PCURVE('',#8776,#8781);
#8776 = CYLINDRICAL_SURFACE('',#8777,16.);
#8777 = AXIS2_PLACEMENT_3D('',#8778,#8779,#8780);
#8778 = CARTESIAN_POINT('',(112.5,-3.1,23.5));
#8779 = DIRECTION('',(0.,1.,0.));
#8780 = DIRECTION('',(0.,-0.,1.));
#8781 = DEFINITIONAL_REPRESENTATION('',(#8782),#8786);
#8782 = LINE('',#8783,#8784);
#8783 = CARTESIAN_POINT('',(0.,0.1));
#8784 = VECTOR('',#8785,1.);
#8785 = DIRECTION('',(1.,0.));
#8786 = ( GEOMETRIC_REPRESENTATION_CONTEXT(2) 
PARAMETRIC_REPRESENTATION_CONTEXT() REPRESENTATION_CONTEXT('2D SPACE',''
  ) );
#8787 = FACE_BOUND('',#8788,.F.);
#8788 = EDGE_LOOP('',(#8789));
#8789 = ORIENTED_EDGE('',*,*,#8790,.F.);
#8790 = EDGE_CURVE('',#8791,#8791,#8793,.T.);
#8791 = VERTEX_POINT('',#8792);
#8792 = CARTESIAN_POINT('',(178.,-3.,11.));
#8793 = SURFACE_CURVE('',#8794,(#8799,#8806),.PCURVE_S1.);
#8794 = CIRCLE('',#8795,4.);
#8795 = AXIS2_PLACEMENT_3D('',#8796,#8797,#8798);
#8796 = CARTESIAN_POINT('',(178.,-3.,7.));
#8797 = DIRECTION('',(0.,1.,0.));
#8798 = DIRECTION('',(0.,-0.,1.));
#8799 = PCURVE('',#7929,#8800);
#8800 = DEFINITIONAL_REPRESENTATION('',(#8801),#8805);
#8801 = CIRCLE('',#8802,4.);
#8802 = AXIS2_PLACEMENT_2D('',#8803,#8804);
#8803 = CARTESIAN_POINT('',(7.,419.3));
#8804 = DIRECTION('',(1.,0.));
#8805 = ( GEOMETRIC_REPRESENTATION_CONTEXT(2) 
PARAMETRIC_REPRESENTATION_CONTEXT() REPRESENTATION_CONTEXT('2D SPACE',''
  ) );
#8806 = PCURVE('',#8807,#8812);
#8807 = CONICAL_SURFACE('',#8808,4.,0.785398163397);
#8808 = AXIS2_PLACEMENT_3D('',#8809,#8810,#8811);
#8809 = CARTESIAN_POINT('',(178.,-3.,7.));
#8810 = DIRECTION('',(-0.,-1.,-0.));
#8811 = DIRECTION('',(0.,-0.,1.));
#8812 = DEFINITIONAL_REPRESENTATION('',(#8813),#8817);
#8813 = LINE('',#8814,#8815);
#8814 = CARTESIAN_POINT('',(-0.,-0.));
#8815 = VECTOR('',#8816,1.);
#8816 = DIRECTION('',(-1.,-0.));
#8817 = ( GEOMETRIC_REPRESENTATION_CONTEXT(2) 
PARAMETRIC_REPRESENTATION_CONTEXT() REPRESENTATION_CONTEXT('2D SPACE',''
  ) );
#8818 = FACE_BOUND('',#8819,.F.);
#8819 = EDGE_LOOP('',(#8820,#8848,#8877,#8903));
#8820 = ORIENTED_EDGE('',*,*,#8821,.F.);
#8821 = EDGE_CURVE('',#8822,#8824,#8826,.T.);
#8822 = VERTEX_POINT('',#8823);
#8823 = CARTESIAN_POINT('',(231.05,-3.,8.9));
#8824 = VERTEX_POINT('',#8825);
#8825 = CARTESIAN_POINT('',(234.05,-3.,8.9));
#8826 = SURFACE_CURVE('',#8827,(#8831,#8837),.PCURVE_S1.);
#8827 = LINE('',#8828,#8829);
#8828 = CARTESIAN_POINT('',(-5.125,-3.,8.9));
#8829 = VECTOR('',#8830,1.);
#8830 = DIRECTION('',(1.,-0.,0.));
#8831 = PCURVE('',#7929,#8832);
#8832 = DEFINITIONAL_REPRESENTATION('',(#8833),#8836);
#8833 = B_SPLINE_CURVE_WITH_KNOTS('',1,(#8834,#8835),.UNSPECIFIED.,.F.,
  .F.,(2,2),(236.175,239.175),.PIECEWISE_BEZIER_KNOTS.);
#8834 = CARTESIAN_POINT('',(8.9,472.35));
#8835 = CARTESIAN_POINT('',(8.9,475.35));
#8836 = ( GEOMETRIC_REPRESENTATION_CONTEXT(2) 
PARAMETRIC_REPRESENTATION_CONTEXT() REPRESENTATION_CONTEXT('2D SPACE',''
  ) );
#8837 = PCURVE('',#8838,#8843);
#8838 = PLANE('',#8839);
#8839 = AXIS2_PLACEMENT_3D('',#8840,#8841,#8842);
#8840 = CARTESIAN_POINT('',(231.05,0.1,8.9));
#8841 = DIRECTION('',(-0.,0.,1.));
#8842 = DIRECTION('',(1.,0.,0.));
#8843 = DEFINITIONAL_REPRESENTATION('',(#8844),#8847);
#8844 = B_SPLINE_CURVE_WITH_KNOTS('',1,(#8845,#8846),.UNSPECIFIED.,.F.,
  .F.,(2,2),(236.175,239.175),.PIECEWISE_BEZIER_KNOTS.);
#8845 = CARTESIAN_POINT('',(0.,-3.1));
#8846 = CARTESIAN_POINT('',(3.,-3.1));
#8847 = ( GEOMETRIC_REPRESENTATION_CONTEXT(2) 
PARAMETRIC_REPRESENTATION_CONTEXT() REPRESENTATION_CONTEXT('2D SPACE',''
  ) );
#8848 = ORIENTED_EDGE('',*,*,#8849,.F.);
#8849 = EDGE_CURVE('',#8850,#8822,#8852,.T.);
#8850 = VERTEX_POINT('',#8851);
#8851 = CARTESIAN_POINT('',(231.05,-3.,1.9));
#8852 = SURFACE_CURVE('',#8853,(#8858,#8865),.PCURVE_S1.);
#8853 = CIRCLE('',#8854,3.5);
#8854 = AXIS2_PLACEMENT_3D('',#8855,#8856,#8857);
#8855 = CARTESIAN_POINT('',(231.05,-3.,5.4));
#8856 = DIRECTION('',(0.,1.,0.));
#8857 = DIRECTION('',(-6.344131569287E-17,0.,-1.));
#8858 = PCURVE('',#7929,#8859);
#8859 = DEFINITIONAL_REPRESENTATION('',(#8860),#8864);
#8860 = CIRCLE('',#8861,3.5);
#8861 = AXIS2_PLACEMENT_2D('',#8862,#8863);
#8862 = CARTESIAN_POINT('',(5.4,472.35));
#8863 = DIRECTION('',(-1.,-6.344131569287E-17));
#8864 = ( GEOMETRIC_REPRESENTATION_CONTEXT(2) 
PARAMETRIC_REPRESENTATION_CONTEXT() REPRESENTATION_CONTEXT('2D SPACE',''
  ) );
#8865 = PCURVE('',#8866,#8871);
#8866 = CYLINDRICAL_SURFACE('',#8867,3.5);
#8867 = AXIS2_PLACEMENT_3D('',#8868,#8869,#8870);
#8868 = CARTESIAN_POINT('',(231.05,0.1,5.4));
#8869 = DIRECTION('',(0.,1.,0.));
#8870 = DIRECTION('',(-6.344131569287E-17,0.,-1.));
#8871 = DEFINITIONAL_REPRESENTATION('',(#8872),#8876);
#8872 = LINE('',#8873,#8874);
#8873 = CARTESIAN_POINT('',(0.,-3.1));
#8874 = VECTOR('',#8875,1.);
#8875 = DIRECTION('',(1.,0.));
#8876 = ( GEOMETRIC_REPRESENTATION_CONTEXT(2) 
PARAMETRIC_REPRESENTATION_CONTEXT() REPRESENTATION_CONTEXT('2D SPACE',''
  ) );
#8877 = ORIENTED_EDGE('',*,*,#8878,.F.);
#8878 = EDGE_CURVE('',#8879,#8850,#8881,.T.);
#8879 = VERTEX_POINT('',#8880);
#8880 = CARTESIAN_POINT('',(234.05,-3.,1.9));
#8881 = SURFACE_CURVE('',#8882,(#8886,#8892),.PCURVE_S1.);
#8882 = LINE('',#8883,#8884);
#8883 = CARTESIAN_POINT('',(-3.625,-3.,1.9));
#8884 = VECTOR('',#8885,1.);
#8885 = DIRECTION('',(-1.,0.,0.));
#8886 = PCURVE('',#7929,#8887);
#8887 = DEFINITIONAL_REPRESENTATION('',(#8888),#8891);
#8888 = B_SPLINE_CURVE_WITH_KNOTS('',1,(#8889,#8890),.UNSPECIFIED.,.F.,
  .F.,(2,2),(-237.675,-234.675),.PIECEWISE_BEZIER_KNOTS.);
#8889 = CARTESIAN_POINT('',(1.9,475.35));
#8890 = CARTESIAN_POINT('',(1.9,472.35));
#8891 = ( GEOMETRIC_REPRESENTATION_CONTEXT(2) 
PARAMETRIC_REPRESENTATION_CONTEXT() REPRESENTATION_CONTEXT('2D SPACE',''
  ) );
#8892 = PCURVE('',#8893,#8898);
#8893 = PLANE('',#8894);
#8894 = AXIS2_PLACEMENT_3D('',#8895,#8896,#8897);
#8895 = CARTESIAN_POINT('',(234.05,0.1,1.9));
#8896 = DIRECTION('',(-0.,-0.,-1.));
#8897 = DIRECTION('',(-1.,0.,0.));
#8898 = DEFINITIONAL_REPRESENTATION('',(#8899),#8902);
#8899 = B_SPLINE_CURVE_WITH_KNOTS('',1,(#8900,#8901),.UNSPECIFIED.,.F.,
  .F.,(2,2),(-237.675,-234.675),.PIECEWISE_BEZIER_KNOTS.);
#8900 = CARTESIAN_POINT('',(0.,-3.1));
#8901 = CARTESIAN_POINT('',(3.,-3.1));
#8902 = ( GEOMETRIC_REPRESENTATION_CONTEXT(2) 
PARAMETRIC_REPRESENTATION_CONTEXT() REPRESENTATION_CONTEXT('2D SPACE',''
  ) );
#8903 = ORIENTED_EDGE('',*,*,#8904,.F.);
#8904 = EDGE_CURVE('',#8824,#8879,#8905,.T.);
#8905 = SURFACE_CURVE('',#8906,(#8911,#8918),.PCURVE_S1.);
#8906 = CIRCLE('',#8907,3.5);
#8907 = AXIS2_PLACEMENT_3D('',#8908,#8909,#8910);
#8908 = CARTESIAN_POINT('',(234.05,-3.,5.4));
#8909 = DIRECTION('',(-0.,1.,0.));
#8910 = DIRECTION('',(6.344131569287E-17,0.,1.));
#8911 = PCURVE('',#7929,#8912);
#8912 = DEFINITIONAL_REPRESENTATION('',(#8913),#8917);
#8913 = CIRCLE('',#8914,3.5);
#8914 = AXIS2_PLACEMENT_2D('',#8915,#8916);
#8915 = CARTESIAN_POINT('',(5.4,475.35));
#8916 = DIRECTION('',(1.,6.344131569287E-17));
#8917 = ( GEOMETRIC_REPRESENTATION_CONTEXT(2) 
PARAMETRIC_REPRESENTATION_CONTEXT() REPRESENTATION_CONTEXT('2D SPACE',''
  ) );
#8918 = PCURVE('',#8919,#8924);
#8919 = CYLINDRICAL_SURFACE('',#8920,3.5);
#8920 = AXIS2_PLACEMENT_3D('',#8921,#8922,#8923);
#8921 = CARTESIAN_POINT('',(234.05,0.1,5.4));
#8922 = DIRECTION('',(-0.,1.,0.));
#8923 = DIRECTION('',(6.344131569287E-17,0.,1.));
#8924 = DEFINITIONAL_REPRESENTATION('',(#8925),#8929);
#8925 = LINE('',#8926,#8927);
#8926 = CARTESIAN_POINT('',(0.,-3.1));
#8927 = VECTOR('',#8928,1.);
#8928 = DIRECTION('',(1.,0.));
#8929 = ( GEOMETRIC_REPRESENTATION_CONTEXT(2) 
PARAMETRIC_REPRESENTATION_CONTEXT() REPRESENTATION_CONTEXT('2D SPACE',''
  ) );
#8930 = FACE_BOUND('',#8931,.F.);
#8931 = EDGE_LOOP('',(#8932));
#8932 = ORIENTED_EDGE('',*,*,#8933,.F.);
#8933 = EDGE_CURVE('',#8934,#8934,#8936,.T.);
#8934 = VERTEX_POINT('',#8935);
#8935 = CARTESIAN_POINT('',(157.5,-3.,39.5));
#8936 = SURFACE_CURVE('',#8937,(#8942,#8949),.PCURVE_S1.);
#8937 = CIRCLE('',#8938,16.);
#8938 = AXIS2_PLACEMENT_3D('',#8939,#8940,#8941);
#8939 = CARTESIAN_POINT('',(157.5,-3.,23.5));
#8940 = DIRECTION('',(0.,1.,0.));
#8941 = DIRECTION('',(0.,-0.,1.));
#8942 = PCURVE('',#7929,#8943);
#8943 = DEFINITIONAL_REPRESENTATION('',(#8944),#8948);
#8944 = CIRCLE('',#8945,16.);
#8945 = AXIS2_PLACEMENT_2D('',#8946,#8947);
#8946 = CARTESIAN_POINT('',(23.5,398.8));
#8947 = DIRECTION('',(1.,0.));
#8948 = ( GEOMETRIC_REPRESENTATION_CONTEXT(2) 
PARAMETRIC_REPRESENTATION_CONTEXT() REPRESENTATION_CONTEXT('2D SPACE',''
  ) );
#8949 = PCURVE('',#8950,#8955);
#8950 = CYLINDRICAL_SURFACE('',#8951,16.);
#8951 = AXIS2_PLACEMENT_3D('',#8952,#8953,#8954);
#8952 = CARTESIAN_POINT('',(157.5,-3.1,23.5));
#8953 = DIRECTION('',(0.,1.,0.));
#8954 = DIRECTION('',(0.,-0.,1.));
#8955 = DEFINITIONAL_REPRESENTATION('',(#8956),#8960);
#8956 = LINE('',#8957,#8958);
#8957 = CARTESIAN_POINT('',(0.,0.1));
#8958 = VECTOR('',#8959,1.);
#8959 = DIRECTION('',(1.,0.));
#8960 = ( GEOMETRIC_REPRESENTATION_CONTEXT(2) 
PARAMETRIC_REPRESENTATION_CONTEXT() REPRESENTATION_CONTEXT('2D SPACE',''
  ) );
#8961 = FACE_BOUND('',#8962,.F.);
#8962 = EDGE_LOOP('',(#8963));
#8963 = ORIENTED_EDGE('',*,*,#8964,.F.);
#8964 = EDGE_CURVE('',#8965,#8965,#8967,.T.);
#8965 = VERTEX_POINT('',#8966);
#8966 = CARTESIAN_POINT('',(22.5,-3.,79.5));
#8967 = SURFACE_CURVE('',#8968,(#8973,#8980),.PCURVE_S1.);
#8968 = CIRCLE('',#8969,16.);
#8969 = AXIS2_PLACEMENT_3D('',#8970,#8971,#8972);
#8970 = CARTESIAN_POINT('',(22.5,-3.,63.5));
#8971 = DIRECTION('',(0.,1.,0.));
#8972 = DIRECTION('',(0.,-0.,1.));
#8973 = PCURVE('',#7929,#8974);
#8974 = DEFINITIONAL_REPRESENTATION('',(#8975),#8979);
#8975 = CIRCLE('',#8976,16.);
#8976 = AXIS2_PLACEMENT_2D('',#8977,#8978);
#8977 = CARTESIAN_POINT('',(63.5,263.8));
#8978 = DIRECTION('',(1.,0.));
#8979 = ( GEOMETRIC_REPRESENTATION_CONTEXT(2) 
PARAMETRIC_REPRESENTATION_CONTEXT() REPRESENTATION_CONTEXT('2D SPACE',''
  ) );
#8980 = PCURVE('',#8981,#8986);
#8981 = CYLINDRICAL_SURFACE('',#8982,16.);
#8982 = AXIS2_PLACEMENT_3D('',#8983,#8984,#8985);
#8983 = CARTESIAN_POINT('',(22.5,-3.1,63.5));
#8984 = DIRECTION('',(0.,1.,0.));
#8985 = DIRECTION('',(0.,-0.,1.));
#8986 = DEFINITIONAL_REPRESENTATION('',(#8987),#8991);
#8987 = LINE('',#8988,#8989);
#8988 = CARTESIAN_POINT('',(0.,0.1));
#8989 = VECTOR('',#8990,1.);
#8990 = DIRECTION('',(1.,0.));
#8991 = ( GEOMETRIC_REPRESENTATION_CONTEXT(2) 
PARAMETRIC_REPRESENTATION_CONTEXT() REPRESENTATION_CONTEXT('2D SPACE',''
  ) );
#8992 = FACE_BOUND('',#8993,.F.);
#8993 = EDGE_LOOP('',(#8994));
#8994 = ORIENTED_EDGE('',*,*,#8995,.F.);
#8995 = EDGE_CURVE('',#8996,#8996,#8998,.T.);
#8996 = VERTEX_POINT('',#8997);
#8997 = CARTESIAN_POINT('',(67.5,-3.,79.5));
#8998 = SURFACE_CURVE('',#8999,(#9004,#9011),.PCURVE_S1.);
#8999 = CIRCLE('',#9000,16.);
#9000 = AXIS2_PLACEMENT_3D('',#9001,#9002,#9003);
#9001 = CARTESIAN_POINT('',(67.5,-3.,63.5));
#9002 = DIRECTION('',(0.,1.,0.));
#9003 = DIRECTION('',(0.,-0.,1.));
#9004 = PCURVE('',#7929,#9005);
#9005 = DEFINITIONAL_REPRESENTATION('',(#9006),#9010);
#9006 = CIRCLE('',#9007,16.);
#9007 = AXIS2_PLACEMENT_2D('',#9008,#9009);
#9008 = CARTESIAN_POINT('',(63.5,308.8));
#9009 = DIRECTION('',(1.,0.));
#9010 = ( GEOMETRIC_REPRESENTATION_CONTEXT(2) 
PARAMETRIC_REPRESENTATION_CONTEXT() REPRESENTATION_CONTEXT('2D SPACE',''
  ) );
#9011 = PCURVE('',#9012,#9017);
#9012 = CYLINDRICAL_SURFACE('',#9013,16.);
#9013 = AXIS2_PLACEMENT_3D('',#9014,#9015,#9016);
#9014 = CARTESIAN_POINT('',(67.5,-3.1,63.5));
#9015 = DIRECTION('',(0.,1.,0.));
#9016 = DIRECTION('',(0.,-0.,1.));
#9017 = DEFINITIONAL_REPRESENTATION('',(#9018),#9022);
#9018 = LINE('',#9019,#9020);
#9019 = CARTESIAN_POINT('',(0.,0.1));
#9020 = VECTOR('',#9021,1.);
#9021 = DIRECTION('',(1.,0.));
#9022 = ( GEOMETRIC_REPRESENTATION_CONTEXT(2) 
PARAMETRIC_REPRESENTATION_CONTEXT() REPRESENTATION_CONTEXT('2D SPACE',''
  ) );
#9023 = FACE_BOUND('',#9024,.F.);
#9024 = EDGE_LOOP('',(#9025));
#9025 = ORIENTED_EDGE('',*,*,#9026,.F.);
#9026 = EDGE_CURVE('',#9027,#9027,#9029,.T.);
#9027 = VERTEX_POINT('',#9028);
#9028 = CARTESIAN_POINT('',(112.5,-3.,79.5));
#9029 = SURFACE_CURVE('',#9030,(#9035,#9042),.PCURVE_S1.);
#9030 = CIRCLE('',#9031,16.);
#9031 = AXIS2_PLACEMENT_3D('',#9032,#9033,#9034);
#9032 = CARTESIAN_POINT('',(112.5,-3.,63.5));
#9033 = DIRECTION('',(0.,1.,0.));
#9034 = DIRECTION('',(0.,-0.,1.));
#9035 = PCURVE('',#7929,#9036);
#9036 = DEFINITIONAL_REPRESENTATION('',(#9037),#9041);
#9037 = CIRCLE('',#9038,16.);
#9038 = AXIS2_PLACEMENT_2D('',#9039,#9040);
#9039 = CARTESIAN_POINT('',(63.5,353.8));
#9040 = DIRECTION('',(1.,0.));
#9041 = ( GEOMETRIC_REPRESENTATION_CONTEXT(2) 
PARAMETRIC_REPRESENTATION_CONTEXT() REPRESENTATION_CONTEXT('2D SPACE',''
  ) );
#9042 = PCURVE('',#9043,#9048);
#9043 = CYLINDRICAL_SURFACE('',#9044,16.);
#9044 = AXIS2_PLACEMENT_3D('',#9045,#9046,#9047);
#9045 = CARTESIAN_POINT('',(112.5,-3.1,63.5));
#9046 = DIRECTION('',(0.,1.,0.));
#9047 = DIRECTION('',(0.,-0.,1.));
#9048 = DEFINITIONAL_REPRESENTATION('',(#9049),#9053);
#9049 = LINE('',#9050,#9051);
#9050 = CARTESIAN_POINT('',(0.,0.1));
#9051 = VECTOR('',#9052,1.);
#9052 = DIRECTION('',(1.,0.));
#9053 = ( GEOMETRIC_REPRESENTATION_CONTEXT(2) 
PARAMETRIC_REPRESENTATION_CONTEXT() REPRESENTATION_CONTEXT('2D SPACE',''
  ) );
#9054 = FACE_BOUND('',#9055,.F.);
#9055 = EDGE_LOOP('',(#9056));
#9056 = ORIENTED_EDGE('',*,*,#9057,.F.);
#9057 = EDGE_CURVE('',#9058,#9058,#9060,.T.);
#9058 = VERTEX_POINT('',#9059);
#9059 = CARTESIAN_POINT('',(157.5,-3.,79.5));
#9060 = SURFACE_CURVE('',#9061,(#9066,#9073),.PCURVE_S1.);
#9061 = CIRCLE('',#9062,16.);
#9062 = AXIS2_PLACEMENT_3D('',#9063,#9064,#9065);
#9063 = CARTESIAN_POINT('',(157.5,-3.,63.5));
#9064 = DIRECTION('',(0.,1.,0.));
#9065 = DIRECTION('',(0.,-0.,1.));
#9066 = PCURVE('',#7929,#9067);
#9067 = DEFINITIONAL_REPRESENTATION('',(#9068),#9072);
#9068 = CIRCLE('',#9069,16.);
#9069 = AXIS2_PLACEMENT_2D('',#9070,#9071);
#9070 = CARTESIAN_POINT('',(63.5,398.8));
#9071 = DIRECTION('',(1.,0.));
#9072 = ( GEOMETRIC_REPRESENTATION_CONTEXT(2) 
PARAMETRIC_REPRESENTATION_CONTEXT() REPRESENTATION_CONTEXT('2D SPACE',''
  ) );
#9073 = PCURVE('',#9074,#9079);
#9074 = CYLINDRICAL_SURFACE('',#9075,16.);
#9075 = AXIS2_PLACEMENT_3D('',#9076,#9077,#9078);
#9076 = CARTESIAN_POINT('',(157.5,-3.1,63.5));
#9077 = DIRECTION('',(0.,1.,0.));
#9078 = DIRECTION('',(0.,-0.,1.));
#9079 = DEFINITIONAL_REPRESENTATION('',(#9080),#9084);
#9080 = LINE('',#9081,#9082);
#9081 = CARTESIAN_POINT('',(0.,0.1));
#9082 = VECTOR('',#9083,1.);
#9083 = DIRECTION('',(1.,0.));
#9084 = ( GEOMETRIC_REPRESENTATION_CONTEXT(2) 
PARAMETRIC_REPRESENTATION_CONTEXT() REPRESENTATION_CONTEXT('2D SPACE',''
  ) );
#9085 = FACE_BOUND('',#9086,.F.);
#9086 = EDGE_LOOP('',(#9087));
#9087 = ORIENTED_EDGE('',*,*,#9088,.F.);
#9088 = EDGE_CURVE('',#9089,#9089,#9091,.T.);
#9089 = VERTEX_POINT('',#9090);
#9090 = CARTESIAN_POINT('',(178.,-3.,84.));
#9091 = SURFACE_CURVE('',#9092,(#9097,#9104),.PCURVE_S1.);
#9092 = CIRCLE('',#9093,4.);
#9093 = AXIS2_PLACEMENT_3D('',#9094,#9095,#9096);
#9094 = CARTESIAN_POINT('',(178.,-3.,80.));
#9095 = DIRECTION('',(0.,1.,0.));
#9096 = DIRECTION('',(0.,-0.,1.));
#9097 = PCURVE('',#7929,#9098);
#9098 = DEFINITIONAL_REPRESENTATION('',(#9099),#9103);
#9099 = CIRCLE('',#9100,4.);
#9100 = AXIS2_PLACEMENT_2D('',#9101,#9102);
#9101 = CARTESIAN_POINT('',(80.,419.3));
#9102 = DIRECTION('',(1.,0.));
#9103 = ( GEOMETRIC_REPRESENTATION_CONTEXT(2) 
PARAMETRIC_REPRESENTATION_CONTEXT() REPRESENTATION_CONTEXT('2D SPACE',''
  ) );
#9104 = PCURVE('',#9105,#9110);
#9105 = CONICAL_SURFACE('',#9106,4.,0.785398163397);
#9106 = AXIS2_PLACEMENT_3D('',#9107,#9108,#9109);
#9107 = CARTESIAN_POINT('',(178.,-3.,80.));
#9108 = DIRECTION('',(-0.,-1.,-0.));
#9109 = DIRECTION('',(0.,-0.,1.));
#9110 = DEFINITIONAL_REPRESENTATION('',(#9111),#9115);
#9111 = LINE('',#9112,#9113);
#9112 = CARTESIAN_POINT('',(-0.,-0.));
#9113 = VECTOR('',#9114,1.);
#9114 = DIRECTION('',(-1.,-0.));
#9115 = ( GEOMETRIC_REPRESENTATION_CONTEXT(2) 
PARAMETRIC_REPRESENTATION_CONTEXT() REPRESENTATION_CONTEXT('2D SPACE',''
  ) );
#9116 = FACE_BOUND('',#9117,.F.);
#9117 = EDGE_LOOP('',(#9118,#9146,#9175,#9201));
#9118 = ORIENTED_EDGE('',*,*,#9119,.F.);
#9119 = EDGE_CURVE('',#9120,#9122,#9124,.T.);
#9120 = VERTEX_POINT('',#9121);
#9121 = CARTESIAN_POINT('',(231.05,-3.,85.1));
#9122 = VERTEX_POINT('',#9123);
#9123 = CARTESIAN_POINT('',(234.05,-3.,85.1));
#9124 = SURFACE_CURVE('',#9125,(#9129,#9135),.PCURVE_S1.);
#9125 = LINE('',#9126,#9127);
#9126 = CARTESIAN_POINT('',(-5.125,-3.,85.1));
#9127 = VECTOR('',#9128,1.);
#9128 = DIRECTION('',(1.,-0.,0.));
#9129 = PCURVE('',#7929,#9130);
#9130 = DEFINITIONAL_REPRESENTATION('',(#9131),#9134);
#9131 = B_SPLINE_CURVE_WITH_KNOTS('',1,(#9132,#9133),.UNSPECIFIED.,.F.,
  .F.,(2,2),(236.175,239.175),.PIECEWISE_BEZIER_KNOTS.);
#9132 = CARTESIAN_POINT('',(85.1,472.35));
#9133 = CARTESIAN_POINT('',(85.1,475.35));
#9134 = ( GEOMETRIC_REPRESENTATION_CONTEXT(2) 
PARAMETRIC_REPRESENTATION_CONTEXT() REPRESENTATION_CONTEXT('2D SPACE',''
  ) );
#9135 = PCURVE('',#9136,#9141);
#9136 = PLANE('',#9137);
#9137 = AXIS2_PLACEMENT_3D('',#9138,#9139,#9140);
#9138 = CARTESIAN_POINT('',(231.05,0.1,85.1));
#9139 = DIRECTION('',(-0.,0.,1.));
#9140 = DIRECTION('',(1.,0.,0.));
#9141 = DEFINITIONAL_REPRESENTATION('',(#9142),#9145);
#9142 = B_SPLINE_CURVE_WITH_KNOTS('',1,(#9143,#9144),.UNSPECIFIED.,.F.,
  .F.,(2,2),(236.175,239.175),.PIECEWISE_BEZIER_KNOTS.);
#9143 = CARTESIAN_POINT('',(0.,-3.1));
#9144 = CARTESIAN_POINT('',(3.,-3.1));
#9145 = ( GEOMETRIC_REPRESENTATION_CONTEXT(2) 
PARAMETRIC_REPRESENTATION_CONTEXT() REPRESENTATION_CONTEXT('2D SPACE',''
  ) );
#9146 = ORIENTED_EDGE('',*,*,#9147,.F.);
#9147 = EDGE_CURVE('',#9148,#9120,#9150,.T.);
#9148 = VERTEX_POINT('',#9149);
#9149 = CARTESIAN_POINT('',(231.05,-3.,78.1));
#9150 = SURFACE_CURVE('',#9151,(#9156,#9163),.PCURVE_S1.);
#9151 = CIRCLE('',#9152,3.5);
#9152 = AXIS2_PLACEMENT_3D('',#9153,#9154,#9155);
#9153 = CARTESIAN_POINT('',(231.05,-3.,81.6));
#9154 = DIRECTION('',(0.,1.,0.));
#9155 = DIRECTION('',(-6.344131569287E-17,0.,-1.));
#9156 = PCURVE('',#7929,#9157);
#9157 = DEFINITIONAL_REPRESENTATION('',(#9158),#9162);
#9158 = CIRCLE('',#9159,3.5);
#9159 = AXIS2_PLACEMENT_2D('',#9160,#9161);
#9160 = CARTESIAN_POINT('',(81.6,472.35));
#9161 = DIRECTION('',(-1.,-6.344131569287E-17));
#9162 = ( GEOMETRIC_REPRESENTATION_CONTEXT(2) 
PARAMETRIC_REPRESENTATION_CONTEXT() REPRESENTATION_CONTEXT('2D SPACE',''
  ) );
#9163 = PCURVE('',#9164,#9169);
#9164 = CYLINDRICAL_SURFACE('',#9165,3.5);
#9165 = AXIS2_PLACEMENT_3D('',#9166,#9167,#9168);
#9166 = CARTESIAN_POINT('',(231.05,0.1,81.6));
#9167 = DIRECTION('',(0.,1.,0.));
#9168 = DIRECTION('',(-6.344131569287E-17,0.,-1.));
#9169 = DEFINITIONAL_REPRESENTATION('',(#9170),#9174);
#9170 = LINE('',#9171,#9172);
#9171 = CARTESIAN_POINT('',(0.,-3.1));
#9172 = VECTOR('',#9173,1.);
#9173 = DIRECTION('',(1.,0.));
#9174 = ( GEOMETRIC_REPRESENTATION_CONTEXT(2) 
PARAMETRIC_REPRESENTATION_CONTEXT() REPRESENTATION_CONTEXT('2D SPACE',''
  ) );
#9175 = ORIENTED_EDGE('',*,*,#9176,.F.);
#9176 = EDGE_CURVE('',#9177,#9148,#9179,.T.);
#9177 = VERTEX_POINT('',#9178);
#9178 = CARTESIAN_POINT('',(234.05,-3.,78.1));
#9179 = SURFACE_CURVE('',#9180,(#9184,#9190),.PCURVE_S1.);
#9180 = LINE('',#9181,#9182);
#9181 = CARTESIAN_POINT('',(-3.625,-3.,78.1));
#9182 = VECTOR('',#9183,1.);
#9183 = DIRECTION('',(-1.,0.,0.));
#9184 = PCURVE('',#7929,#9185);
#9185 = DEFINITIONAL_REPRESENTATION('',(#9186),#9189);
#9186 = B_SPLINE_CURVE_WITH_KNOTS('',1,(#9187,#9188),.UNSPECIFIED.,.F.,
  .F.,(2,2),(-237.675,-234.675),.PIECEWISE_BEZIER_KNOTS.);
#9187 = CARTESIAN_POINT('',(78.1,475.35));
#9188 = CARTESIAN_POINT('',(78.1,472.35));
#9189 = ( GEOMETRIC_REPRESENTATION_CONTEXT(2) 
PARAMETRIC_REPRESENTATION_CONTEXT() REPRESENTATION_CONTEXT('2D SPACE',''
  ) );
#9190 = PCURVE('',#9191,#9196);
#9191 = PLANE('',#9192);
#9192 = AXIS2_PLACEMENT_3D('',#9193,#9194,#9195);
#9193 = CARTESIAN_POINT('',(234.05,0.1,78.1));
#9194 = DIRECTION('',(-0.,-0.,-1.));
#9195 = DIRECTION('',(-1.,0.,0.));
#9196 = DEFINITIONAL_REPRESENTATION('',(#9197),#9200);
#9197 = B_SPLINE_CURVE_WITH_KNOTS('',1,(#9198,#9199),.UNSPECIFIED.,.F.,
  .F.,(2,2),(-237.675,-234.675),.PIECEWISE_BEZIER_KNOTS.);
#9198 = CARTESIAN_POINT('',(0.,-3.1));
#9199 = CARTESIAN_POINT('',(3.,-3.1));
#9200 = ( GEOMETRIC_REPRESENTATION_CONTEXT(2) 
PARAMETRIC_REPRESENTATION_CONTEXT() REPRESENTATION_CONTEXT('2D SPACE',''
  ) );
#9201 = ORIENTED_EDGE('',*,*,#9202,.F.);
#9202 = EDGE_CURVE('',#9122,#9177,#9203,.T.);
#9203 = SURFACE_CURVE('',#9204,(#9209,#9216),.PCURVE_S1.);
#9204 = CIRCLE('',#9205,3.5);
#9205 = AXIS2_PLACEMENT_3D('',#9206,#9207,#9208);
#9206 = CARTESIAN_POINT('',(234.05,-3.,81.6));
#9207 = DIRECTION('',(-0.,1.,0.));
#9208 = DIRECTION('',(6.344131569287E-17,0.,1.));
#9209 = PCURVE('',#7929,#9210);
#9210 = DEFINITIONAL_REPRESENTATION('',(#9211),#9215);
#9211 = CIRCLE('',#9212,3.5);
#9212 = AXIS2_PLACEMENT_2D('',#9213,#9214);
#9213 = CARTESIAN_POINT('',(81.6,475.35));
#9214 = DIRECTION('',(1.,6.344131569287E-17));
#9215 = ( GEOMETRIC_REPRESENTATION_CONTEXT(2) 
PARAMETRIC_REPRESENTATION_CONTEXT() REPRESENTATION_CONTEXT('2D SPACE',''
  ) );
#9216 = PCURVE('',#9217,#9222);
#9217 = CYLINDRICAL_SURFACE('',#9218,3.5);
#9218 = AXIS2_PLACEMENT_3D('',#9219,#9220,#9221);
#9219 = CARTESIAN_POINT('',(234.05,0.1,81.6));
#9220 = DIRECTION('',(-0.,1.,0.));
#9221 = DIRECTION('',(6.344131569287E-17,0.,1.));
#9222 = DEFINITIONAL_REPRESENTATION('',(#9223),#9227);
#9223 = LINE('',#9224,#9225);
#9224 = CARTESIAN_POINT('',(0.,-3.1));
#9225 = VECTOR('',#9226,1.);
#9226 = DIRECTION('',(1.,0.));
#9227 = ( GEOMETRIC_REPRESENTATION_CONTEXT(2) 
PARAMETRIC_REPRESENTATION_CONTEXT() REPRESENTATION_CONTEXT('2D SPACE',''
  ) );
#9228 = ADVANCED_FACE('',(#9229),#8011,.T.);
#9229 = FACE_BOUND('',#9230,.T.);
#9230 = EDGE_LOOP('',(#9231,#9232,#9233,#9256));
#9231 = ORIENTED_EDGE('',*,*,#7997,.F.);
#9232 = ORIENTED_EDGE('',*,*,#8050,.T.);
#9233 = ORIENTED_EDGE('',*,*,#9234,.T.);
#9234 = EDGE_CURVE('',#8051,#9235,#9237,.T.);
#9235 = VERTEX_POINT('',#9236);
#9236 = CARTESIAN_POINT('',(241.3,0.,87.));
#9237 = SURFACE_CURVE('',#9238,(#9242,#9249),.PCURVE_S1.);
#9238 = LINE('',#9239,#9240);
#9239 = CARTESIAN_POINT('',(241.3,-3.,87.));
#9240 = VECTOR('',#9241,1.);
#9241 = DIRECTION('',(0.,1.,0.));
#9242 = PCURVE('',#8011,#9243);
#9243 = DEFINITIONAL_REPRESENTATION('',(#9244),#9248);
#9244 = LINE('',#9245,#9246);
#9245 = CARTESIAN_POINT('',(482.6,0.));
#9246 = VECTOR('',#9247,1.);
#9247 = DIRECTION('',(0.,1.));
#9248 = ( GEOMETRIC_REPRESENTATION_CONTEXT(2) 
PARAMETRIC_REPRESENTATION_CONTEXT() REPRESENTATION_CONTEXT('2D SPACE',''
  ) );
#9249 = PCURVE('',#8087,#9250);
#9250 = DEFINITIONAL_REPRESENTATION('',(#9251),#9255);
#9251 = LINE('',#9252,#9253);
#9252 = CARTESIAN_POINT('',(87.,0.));
#9253 = VECTOR('',#9254,1.);
#9254 = DIRECTION('',(0.,-1.));
#9255 = ( GEOMETRIC_REPRESENTATION_CONTEXT(2) 
PARAMETRIC_REPRESENTATION_CONTEXT() REPRESENTATION_CONTEXT('2D SPACE',''
  ) );
#9256 = ORIENTED_EDGE('',*,*,#9257,.F.);
#9257 = EDGE_CURVE('',#7970,#9235,#9258,.T.);
#9258 = SURFACE_CURVE('',#9259,(#9263,#9270),.PCURVE_S1.);
#9259 = LINE('',#9260,#9261);
#9260 = CARTESIAN_POINT('',(-241.3,0.,87.));
#9261 = VECTOR('',#9262,1.);
#9262 = DIRECTION('',(1.,0.,0.));
#9263 = PCURVE('',#8011,#9264);
#9264 = DEFINITIONAL_REPRESENTATION('',(#9265),#9269);
#9265 = LINE('',#9266,#9267);
#9266 = CARTESIAN_POINT('',(0.,3.));
#9267 = VECTOR('',#9268,1.);
#9268 = DIRECTION('',(1.,0.));
#9269 = ( GEOMETRIC_REPRESENTATION_CONTEXT(2) 
PARAMETRIC_REPRESENTATION_CONTEXT() REPRESENTATION_CONTEXT('2D SPACE',''
  ) );
#9270 = PCURVE('',#7985,#9271);
#9271 = DEFINITIONAL_REPRESENTATION('',(#9272),#9276);
#9272 = LINE('',#9273,#9274);
#9273 = CARTESIAN_POINT('',(87.,0.));
#9274 = VECTOR('',#9275,1.);
#9275 = DIRECTION('',(0.,1.));
#9276 = ( GEOMETRIC_REPRESENTATION_CONTEXT(2) 
PARAMETRIC_REPRESENTATION_CONTEXT() REPRESENTATION_CONTEXT('2D SPACE',''
  ) );
#9277 = ADVANCED_FACE('',(#9278,#9326,#9418,#9449,#9475,#9506,#9532,
    #9558,#9584,#9610,#9702,#9733,#9759,#9785,#9811,#9842,#9868,#9894,
    #9920,#9951,#10043,#10069,#10095,#10121,#10147,#10173,#10204),#7985,
  .T.);
#9278 = FACE_BOUND('',#9279,.T.);
#9279 = EDGE_LOOP('',(#9280,#9303,#9304,#9305));
#9280 = ORIENTED_EDGE('',*,*,#9281,.F.);
#9281 = EDGE_CURVE('',#7942,#9282,#9284,.T.);
#9282 = VERTEX_POINT('',#9283);
#9283 = CARTESIAN_POINT('',(241.3,0.,0.));
#9284 = SURFACE_CURVE('',#9285,(#9289,#9296),.PCURVE_S1.);
#9285 = LINE('',#9286,#9287);
#9286 = CARTESIAN_POINT('',(-241.3,0.,0.));
#9287 = VECTOR('',#9288,1.);
#9288 = DIRECTION('',(1.,0.,0.));
#9289 = PCURVE('',#7985,#9290);
#9290 = DEFINITIONAL_REPRESENTATION('',(#9291),#9295);
#9291 = LINE('',#9292,#9293);
#9292 = CARTESIAN_POINT('',(0.,0.));
#9293 = VECTOR('',#9294,1.);
#9294 = DIRECTION('',(0.,1.));
#9295 = ( GEOMETRIC_REPRESENTATION_CONTEXT(2) 
PARAMETRIC_REPRESENTATION_CONTEXT() REPRESENTATION_CONTEXT('2D SPACE',''
  ) );
#9296 = PCURVE('',#7957,#9297);
#9297 = DEFINITIONAL_REPRESENTATION('',(#9298),#9302);
#9298 = LINE('',#9299,#9300);
#9299 = CARTESIAN_POINT('',(0.,3.));
#9300 = VECTOR('',#9301,1.);
#9301 = DIRECTION('',(1.,0.));
#9302 = ( GEOMETRIC_REPRESENTATION_CONTEXT(2) 
PARAMETRIC_REPRESENTATION_CONTEXT() REPRESENTATION_CONTEXT('2D SPACE',''
  ) );
#9303 = ORIENTED_EDGE('',*,*,#7969,.T.);
#9304 = ORIENTED_EDGE('',*,*,#9257,.T.);
#9305 = ORIENTED_EDGE('',*,*,#9306,.F.);
#9306 = EDGE_CURVE('',#9282,#9235,#9307,.T.);
#9307 = SURFACE_CURVE('',#9308,(#9312,#9319),.PCURVE_S1.);
#9308 = LINE('',#9309,#9310);
#9309 = CARTESIAN_POINT('',(241.3,0.,0.));
#9310 = VECTOR('',#9311,1.);
#9311 = DIRECTION('',(0.,0.,1.));
#9312 = PCURVE('',#7985,#9313);
#9313 = DEFINITIONAL_REPRESENTATION('',(#9314),#9318);
#9314 = LINE('',#9315,#9316);
#9315 = CARTESIAN_POINT('',(0.,482.6));
#9316 = VECTOR('',#9317,1.);
#9317 = DIRECTION('',(1.,0.));
#9318 = ( GEOMETRIC_REPRESENTATION_CONTEXT(2) 
PARAMETRIC_REPRESENTATION_CONTEXT() REPRESENTATION_CONTEXT('2D SPACE',''
  ) );
#9319 = PCURVE('',#8087,#9320);
#9320 = DEFINITIONAL_REPRESENTATION('',(#9321),#9325);
#9321 = LINE('',#9322,#9323);
#9322 = CARTESIAN_POINT('',(0.,-3.));
#9323 = VECTOR('',#9324,1.);
#9324 = DIRECTION('',(1.,0.));
#9325 = ( GEOMETRIC_REPRESENTATION_CONTEXT(2) 
PARAMETRIC_REPRESENTATION_CONTEXT() REPRESENTATION_CONTEXT('2D SPACE',''
  ) );
#9326 = FACE_BOUND('',#9327,.T.);
#9327 = EDGE_LOOP('',(#9328,#9351,#9375,#9396));
#9328 = ORIENTED_EDGE('',*,*,#9329,.F.);
#9329 = EDGE_CURVE('',#9330,#9332,#9334,.T.);
#9330 = VERTEX_POINT('',#9331);
#9331 = CARTESIAN_POINT('',(-234.05,0.,8.9));
#9332 = VERTEX_POINT('',#9333);
#9333 = CARTESIAN_POINT('',(-231.05,0.,8.9));
#9334 = SURFACE_CURVE('',#9335,(#9339,#9345),.PCURVE_S1.);
#9335 = LINE('',#9336,#9337);
#9336 = CARTESIAN_POINT('',(-237.675,0.,8.9));
#9337 = VECTOR('',#9338,1.);
#9338 = DIRECTION('',(1.,-0.,0.));
#9339 = PCURVE('',#7985,#9340);
#9340 = DEFINITIONAL_REPRESENTATION('',(#9341),#9344);
#9341 = B_SPLINE_CURVE_WITH_KNOTS('',1,(#9342,#9343),.UNSPECIFIED.,.F.,
  .F.,(2,2),(3.625,6.625),.PIECEWISE_BEZIER_KNOTS.);
#9342 = CARTESIAN_POINT('',(8.9,7.25));
#9343 = CARTESIAN_POINT('',(8.9,10.25));
#9344 = ( GEOMETRIC_REPRESENTATION_CONTEXT(2) 
PARAMETRIC_REPRESENTATION_CONTEXT() REPRESENTATION_CONTEXT('2D SPACE',''
  ) );
#9345 = PCURVE('',#8118,#9346);
#9346 = DEFINITIONAL_REPRESENTATION('',(#9347),#9350);
#9347 = B_SPLINE_CURVE_WITH_KNOTS('',1,(#9348,#9349),.UNSPECIFIED.,.F.,
  .F.,(2,2),(3.625,6.625),.PIECEWISE_BEZIER_KNOTS.);
#9348 = CARTESIAN_POINT('',(0.,-0.1));
#9349 = CARTESIAN_POINT('',(3.,-0.1));
#9350 = ( GEOMETRIC_REPRESENTATION_CONTEXT(2) 
PARAMETRIC_REPRESENTATION_CONTEXT() REPRESENTATION_CONTEXT('2D SPACE',''
  ) );
#9351 = ORIENTED_EDGE('',*,*,#9352,.F.);
#9352 = EDGE_CURVE('',#9353,#9330,#9355,.T.);
#9353 = VERTEX_POINT('',#9354);
#9354 = CARTESIAN_POINT('',(-234.05,0.,1.9));
#9355 = SURFACE_CURVE('',#9356,(#9361,#9368),.PCURVE_S1.);
#9356 = CIRCLE('',#9357,3.5);
#9357 = AXIS2_PLACEMENT_3D('',#9358,#9359,#9360);
#9358 = CARTESIAN_POINT('',(-234.05,0.,5.4));
#9359 = DIRECTION('',(0.,1.,0.));
#9360 = DIRECTION('',(-6.344131569287E-17,0.,-1.));
#9361 = PCURVE('',#7985,#9362);
#9362 = DEFINITIONAL_REPRESENTATION('',(#9363),#9367);
#9363 = CIRCLE('',#9364,3.5);
#9364 = AXIS2_PLACEMENT_2D('',#9365,#9366);
#9365 = CARTESIAN_POINT('',(5.4,7.25));
#9366 = DIRECTION('',(-1.,-6.344131569287E-17));
#9367 = ( GEOMETRIC_REPRESENTATION_CONTEXT(2) 
PARAMETRIC_REPRESENTATION_CONTEXT() REPRESENTATION_CONTEXT('2D SPACE',''
  ) );
#9368 = PCURVE('',#8146,#9369);
#9369 = DEFINITIONAL_REPRESENTATION('',(#9370),#9374);
#9370 = LINE('',#9371,#9372);
#9371 = CARTESIAN_POINT('',(0.,-0.1));
#9372 = VECTOR('',#9373,1.);
#9373 = DIRECTION('',(1.,0.));
#9374 = ( GEOMETRIC_REPRESENTATION_CONTEXT(2) 
PARAMETRIC_REPRESENTATION_CONTEXT() REPRESENTATION_CONTEXT('2D SPACE',''
  ) );
#9375 = ORIENTED_EDGE('',*,*,#9376,.F.);
#9376 = EDGE_CURVE('',#9377,#9353,#9379,.T.);
#9377 = VERTEX_POINT('',#9378);
#9378 = CARTESIAN_POINT('',(-231.05,0.,1.9));
#9379 = SURFACE_CURVE('',#9380,(#9384,#9390),.PCURVE_S1.);
#9380 = LINE('',#9381,#9382);
#9381 = CARTESIAN_POINT('',(-236.175,0.,1.9));
#9382 = VECTOR('',#9383,1.);
#9383 = DIRECTION('',(-1.,0.,0.));
#9384 = PCURVE('',#7985,#9385);
#9385 = DEFINITIONAL_REPRESENTATION('',(#9386),#9389);
#9386 = B_SPLINE_CURVE_WITH_KNOTS('',1,(#9387,#9388),.UNSPECIFIED.,.F.,
  .F.,(2,2),(-5.125,-2.125),.PIECEWISE_BEZIER_KNOTS.);
#9387 = CARTESIAN_POINT('',(1.9,10.25));
#9388 = CARTESIAN_POINT('',(1.9,7.25));
#9389 = ( GEOMETRIC_REPRESENTATION_CONTEXT(2) 
PARAMETRIC_REPRESENTATION_CONTEXT() REPRESENTATION_CONTEXT('2D SPACE',''
  ) );
#9390 = PCURVE('',#8173,#9391);
#9391 = DEFINITIONAL_REPRESENTATION('',(#9392),#9395);
#9392 = B_SPLINE_CURVE_WITH_KNOTS('',1,(#9393,#9394),.UNSPECIFIED.,.F.,
  .F.,(2,2),(-5.125,-2.125),.PIECEWISE_BEZIER_KNOTS.);
#9393 = CARTESIAN_POINT('',(0.,-0.1));
#9394 = CARTESIAN_POINT('',(3.,-0.1));
#9395 = ( GEOMETRIC_REPRESENTATION_CONTEXT(2) 
PARAMETRIC_REPRESENTATION_CONTEXT() REPRESENTATION_CONTEXT('2D SPACE',''
  ) );
#9396 = ORIENTED_EDGE('',*,*,#9397,.F.);
#9397 = EDGE_CURVE('',#9332,#9377,#9398,.T.);
#9398 = SURFACE_CURVE('',#9399,(#9404,#9411),.PCURVE_S1.);
#9399 = CIRCLE('',#9400,3.5);
#9400 = AXIS2_PLACEMENT_3D('',#9401,#9402,#9403);
#9401 = CARTESIAN_POINT('',(-231.05,0.,5.4));
#9402 = DIRECTION('',(-0.,1.,0.));
#9403 = DIRECTION('',(6.344131569287E-17,0.,1.));
#9404 = PCURVE('',#7985,#9405);
#9405 = DEFINITIONAL_REPRESENTATION('',(#9406),#9410);
#9406 = CIRCLE('',#9407,3.5);
#9407 = AXIS2_PLACEMENT_2D('',#9408,#9409);
#9408 = CARTESIAN_POINT('',(5.4,10.25));
#9409 = DIRECTION('',(1.,6.344131569287E-17));
#9410 = ( GEOMETRIC_REPRESENTATION_CONTEXT(2) 
PARAMETRIC_REPRESENTATION_CONTEXT() REPRESENTATION_CONTEXT('2D SPACE',''
  ) );
#9411 = PCURVE('',#8199,#9412);
#9412 = DEFINITIONAL_REPRESENTATION('',(#9413),#9417);
#9413 = LINE('',#9414,#9415);
#9414 = CARTESIAN_POINT('',(0.,-0.1));
#9415 = VECTOR('',#9416,1.);
#9416 = DIRECTION('',(1.,0.));
#9417 = ( GEOMETRIC_REPRESENTATION_CONTEXT(2) 
PARAMETRIC_REPRESENTATION_CONTEXT() REPRESENTATION_CONTEXT('2D SPACE',''
  ) );
#9418 = FACE_BOUND('',#9419,.T.);
#9419 = EDGE_LOOP('',(#9420));
#9420 = ORIENTED_EDGE('',*,*,#9421,.F.);
#9421 = EDGE_CURVE('',#9422,#9422,#9424,.T.);
#9422 = VERTEX_POINT('',#9423);
#9423 = CARTESIAN_POINT('',(-178.,0.,9.25));
#9424 = SURFACE_CURVE('',#9425,(#9430,#9437),.PCURVE_S1.);
#9425 = CIRCLE('',#9426,2.25);
#9426 = AXIS2_PLACEMENT_3D('',#9427,#9428,#9429);
#9427 = CARTESIAN_POINT('',(-178.,0.,7.));
#9428 = DIRECTION('',(0.,1.,0.));
#9429 = DIRECTION('',(0.,-0.,1.));
#9430 = PCURVE('',#7985,#9431);
#9431 = DEFINITIONAL_REPRESENTATION('',(#9432),#9436);
#9432 = CIRCLE('',#9433,2.25);
#9433 = AXIS2_PLACEMENT_2D('',#9434,#9435);
#9434 = CARTESIAN_POINT('',(7.,63.3));
#9435 = DIRECTION('',(1.,0.));
#9436 = ( GEOMETRIC_REPRESENTATION_CONTEXT(2) 
PARAMETRIC_REPRESENTATION_CONTEXT() REPRESENTATION_CONTEXT('2D SPACE',''
  ) );
#9437 = PCURVE('',#9438,#9443);
#9438 = CYLINDRICAL_SURFACE('',#9439,2.25);
#9439 = AXIS2_PLACEMENT_3D('',#9440,#9441,#9442);
#9440 = CARTESIAN_POINT('',(-178.,-3.,7.));
#9441 = DIRECTION('',(0.,1.,0.));
#9442 = DIRECTION('',(0.,-0.,1.));
#9443 = DEFINITIONAL_REPRESENTATION('',(#9444),#9448);
#9444 = LINE('',#9445,#9446);
#9445 = CARTESIAN_POINT('',(0.,3.));
#9446 = VECTOR('',#9447,1.);
#9447 = DIRECTION('',(1.,0.));
#9448 = ( GEOMETRIC_REPRESENTATION_CONTEXT(2) 
PARAMETRIC_REPRESENTATION_CONTEXT() REPRESENTATION_CONTEXT('2D SPACE',''
  ) );
#9449 = FACE_BOUND('',#9450,.T.);
#9450 = EDGE_LOOP('',(#9451));
#9451 = ORIENTED_EDGE('',*,*,#9452,.F.);
#9452 = EDGE_CURVE('',#9453,#9453,#9455,.T.);
#9453 = VERTEX_POINT('',#9454);
#9454 = CARTESIAN_POINT('',(-157.5,0.,39.5));
#9455 = SURFACE_CURVE('',#9456,(#9461,#9468),.PCURVE_S1.);
#9456 = CIRCLE('',#9457,16.);
#9457 = AXIS2_PLACEMENT_3D('',#9458,#9459,#9460);
#9458 = CARTESIAN_POINT('',(-157.5,0.,23.5));
#9459 = DIRECTION('',(0.,1.,0.));
#9460 = DIRECTION('',(0.,-0.,1.));
#9461 = PCURVE('',#7985,#9462);
#9462 = DEFINITIONAL_REPRESENTATION('',(#9463),#9467);
#9463 = CIRCLE('',#9464,16.);
#9464 = AXIS2_PLACEMENT_2D('',#9465,#9466);
#9465 = CARTESIAN_POINT('',(23.5,83.8));
#9466 = DIRECTION('',(1.,0.));
#9467 = ( GEOMETRIC_REPRESENTATION_CONTEXT(2) 
PARAMETRIC_REPRESENTATION_CONTEXT() REPRESENTATION_CONTEXT('2D SPACE',''
  ) );
#9468 = PCURVE('',#8261,#9469);
#9469 = DEFINITIONAL_REPRESENTATION('',(#9470),#9474);
#9470 = LINE('',#9471,#9472);
#9471 = CARTESIAN_POINT('',(0.,3.1));
#9472 = VECTOR('',#9473,1.);
#9473 = DIRECTION('',(1.,0.));
#9474 = ( GEOMETRIC_REPRESENTATION_CONTEXT(2) 
PARAMETRIC_REPRESENTATION_CONTEXT() REPRESENTATION_CONTEXT('2D SPACE',''
  ) );
#9475 = FACE_BOUND('',#9476,.T.);
#9476 = EDGE_LOOP('',(#9477));
#9477 = ORIENTED_EDGE('',*,*,#9478,.F.);
#9478 = EDGE_CURVE('',#9479,#9479,#9481,.T.);
#9479 = VERTEX_POINT('',#9480);
#9480 = CARTESIAN_POINT('',(-5.510910596163E-16,0.,9.25));
#9481 = SURFACE_CURVE('',#9482,(#9487,#9494),.PCURVE_S1.);
#9482 = CIRCLE('',#9483,2.25);
#9483 = AXIS2_PLACEMENT_3D('',#9484,#9485,#9486);
#9484 = CARTESIAN_POINT('',(0.,0.,7.));
#9485 = DIRECTION('',(0.,1.,0.));
#9486 = DIRECTION('',(0.,-0.,1.));
#9487 = PCURVE('',#7985,#9488);
#9488 = DEFINITIONAL_REPRESENTATION('',(#9489),#9493);
#9489 = CIRCLE('',#9490,2.25);
#9490 = AXIS2_PLACEMENT_2D('',#9491,#9492);
#9491 = CARTESIAN_POINT('',(7.,241.3));
#9492 = DIRECTION('',(1.,0.));
#9493 = ( GEOMETRIC_REPRESENTATION_CONTEXT(2) 
PARAMETRIC_REPRESENTATION_CONTEXT() REPRESENTATION_CONTEXT('2D SPACE',''
  ) );
#9494 = PCURVE('',#9495,#9500);
#9495 = CYLINDRICAL_SURFACE('',#9496,2.25);
#9496 = AXIS2_PLACEMENT_3D('',#9497,#9498,#9499);
#9497 = CARTESIAN_POINT('',(0.,-3.,7.));
#9498 = DIRECTION('',(0.,1.,0.));
#9499 = DIRECTION('',(0.,-0.,1.));
#9500 = DEFINITIONAL_REPRESENTATION('',(#9501),#9505);
#9501 = LINE('',#9502,#9503);
#9502 = CARTESIAN_POINT('',(0.,3.));
#9503 = VECTOR('',#9504,1.);
#9504 = DIRECTION('',(1.,0.));
#9505 = ( GEOMETRIC_REPRESENTATION_CONTEXT(2) 
PARAMETRIC_REPRESENTATION_CONTEXT() REPRESENTATION_CONTEXT('2D SPACE',''
  ) );
#9506 = FACE_BOUND('',#9507,.T.);
#9507 = EDGE_LOOP('',(#9508));
#9508 = ORIENTED_EDGE('',*,*,#9509,.F.);
#9509 = EDGE_CURVE('',#9510,#9510,#9512,.T.);
#9510 = VERTEX_POINT('',#9511);
#9511 = CARTESIAN_POINT('',(-112.5,0.,39.5));
#9512 = SURFACE_CURVE('',#9513,(#9518,#9525),.PCURVE_S1.);
#9513 = CIRCLE('',#9514,16.);
#9514 = AXIS2_PLACEMENT_3D('',#9515,#9516,#9517);
#9515 = CARTESIAN_POINT('',(-112.5,0.,23.5));
#9516 = DIRECTION('',(0.,1.,0.));
#9517 = DIRECTION('',(0.,-0.,1.));
#9518 = PCURVE('',#7985,#9519);
#9519 = DEFINITIONAL_REPRESENTATION('',(#9520),#9524);
#9520 = CIRCLE('',#9521,16.);
#9521 = AXIS2_PLACEMENT_2D('',#9522,#9523);
#9522 = CARTESIAN_POINT('',(23.5,128.8));
#9523 = DIRECTION('',(1.,0.));
#9524 = ( GEOMETRIC_REPRESENTATION_CONTEXT(2) 
PARAMETRIC_REPRESENTATION_CONTEXT() REPRESENTATION_CONTEXT('2D SPACE',''
  ) );
#9525 = PCURVE('',#8323,#9526);
#9526 = DEFINITIONAL_REPRESENTATION('',(#9527),#9531);
#9527 = LINE('',#9528,#9529);
#9528 = CARTESIAN_POINT('',(0.,3.1));
#9529 = VECTOR('',#9530,1.);
#9530 = DIRECTION('',(1.,0.));
#9531 = ( GEOMETRIC_REPRESENTATION_CONTEXT(2) 
PARAMETRIC_REPRESENTATION_CONTEXT() REPRESENTATION_CONTEXT('2D SPACE',''
  ) );
#9532 = FACE_BOUND('',#9533,.T.);
#9533 = EDGE_LOOP('',(#9534));
#9534 = ORIENTED_EDGE('',*,*,#9535,.F.);
#9535 = EDGE_CURVE('',#9536,#9536,#9538,.T.);
#9536 = VERTEX_POINT('',#9537);
#9537 = CARTESIAN_POINT('',(-67.5,0.,39.5));
#9538 = SURFACE_CURVE('',#9539,(#9544,#9551),.PCURVE_S1.);
#9539 = CIRCLE('',#9540,16.);
#9540 = AXIS2_PLACEMENT_3D('',#9541,#9542,#9543);
#9541 = CARTESIAN_POINT('',(-67.5,0.,23.5));
#9542 = DIRECTION('',(0.,1.,0.));
#9543 = DIRECTION('',(0.,-0.,1.));
#9544 = PCURVE('',#7985,#9545);
#9545 = DEFINITIONAL_REPRESENTATION('',(#9546),#9550);
#9546 = CIRCLE('',#9547,16.);
#9547 = AXIS2_PLACEMENT_2D('',#9548,#9549);
#9548 = CARTESIAN_POINT('',(23.5,173.8));
#9549 = DIRECTION('',(1.,0.));
#9550 = ( GEOMETRIC_REPRESENTATION_CONTEXT(2) 
PARAMETRIC_REPRESENTATION_CONTEXT() REPRESENTATION_CONTEXT('2D SPACE',''
  ) );
#9551 = PCURVE('',#8354,#9552);
#9552 = DEFINITIONAL_REPRESENTATION('',(#9553),#9557);
#9553 = LINE('',#9554,#9555);
#9554 = CARTESIAN_POINT('',(0.,3.1));
#9555 = VECTOR('',#9556,1.);
#9556 = DIRECTION('',(1.,0.));
#9557 = ( GEOMETRIC_REPRESENTATION_CONTEXT(2) 
PARAMETRIC_REPRESENTATION_CONTEXT() REPRESENTATION_CONTEXT('2D SPACE',''
  ) );
#9558 = FACE_BOUND('',#9559,.T.);
#9559 = EDGE_LOOP('',(#9560));
#9560 = ORIENTED_EDGE('',*,*,#9561,.F.);
#9561 = EDGE_CURVE('',#9562,#9562,#9564,.T.);
#9562 = VERTEX_POINT('',#9563);
#9563 = CARTESIAN_POINT('',(-22.5,0.,39.5));
#9564 = SURFACE_CURVE('',#9565,(#9570,#9577),.PCURVE_S1.);
#9565 = CIRCLE('',#9566,16.);
#9566 = AXIS2_PLACEMENT_3D('',#9567,#9568,#9569);
#9567 = CARTESIAN_POINT('',(-22.5,0.,23.5));
#9568 = DIRECTION('',(0.,1.,0.));
#9569 = DIRECTION('',(0.,-0.,1.));
#9570 = PCURVE('',#7985,#9571);
#9571 = DEFINITIONAL_REPRESENTATION('',(#9572),#9576);
#9572 = CIRCLE('',#9573,16.);
#9573 = AXIS2_PLACEMENT_2D('',#9574,#9575);
#9574 = CARTESIAN_POINT('',(23.5,218.8));
#9575 = DIRECTION('',(1.,0.));
#9576 = ( GEOMETRIC_REPRESENTATION_CONTEXT(2) 
PARAMETRIC_REPRESENTATION_CONTEXT() REPRESENTATION_CONTEXT('2D SPACE',''
  ) );
#9577 = PCURVE('',#8385,#9578);
#9578 = DEFINITIONAL_REPRESENTATION('',(#9579),#9583);
#9579 = LINE('',#9580,#9581);
#9580 = CARTESIAN_POINT('',(0.,3.1));
#9581 = VECTOR('',#9582,1.);
#9582 = DIRECTION('',(1.,0.));
#9583 = ( GEOMETRIC_REPRESENTATION_CONTEXT(2) 
PARAMETRIC_REPRESENTATION_CONTEXT() REPRESENTATION_CONTEXT('2D SPACE',''
  ) );
#9584 = FACE_BOUND('',#9585,.T.);
#9585 = EDGE_LOOP('',(#9586));
#9586 = ORIENTED_EDGE('',*,*,#9587,.F.);
#9587 = EDGE_CURVE('',#9588,#9588,#9590,.T.);
#9588 = VERTEX_POINT('',#9589);
#9589 = CARTESIAN_POINT('',(-157.5,0.,79.5));
#9590 = SURFACE_CURVE('',#9591,(#9596,#9603),.PCURVE_S1.);
#9591 = CIRCLE('',#9592,16.);
#9592 = AXIS2_PLACEMENT_3D('',#9593,#9594,#9595);
#9593 = CARTESIAN_POINT('',(-157.5,0.,63.5));
#9594 = DIRECTION('',(0.,1.,0.));
#9595 = DIRECTION('',(0.,-0.,1.));
#9596 = PCURVE('',#7985,#9597);
#9597 = DEFINITIONAL_REPRESENTATION('',(#9598),#9602);
#9598 = CIRCLE('',#9599,16.);
#9599 = AXIS2_PLACEMENT_2D('',#9600,#9601);
#9600 = CARTESIAN_POINT('',(63.5,83.8));
#9601 = DIRECTION('',(1.,0.));
#9602 = ( GEOMETRIC_REPRESENTATION_CONTEXT(2) 
PARAMETRIC_REPRESENTATION_CONTEXT() REPRESENTATION_CONTEXT('2D SPACE',''
  ) );
#9603 = PCURVE('',#8416,#9604);
#9604 = DEFINITIONAL_REPRESENTATION('',(#9605),#9609);
#9605 = LINE('',#9606,#9607);
#9606 = CARTESIAN_POINT('',(0.,3.1));
#9607 = VECTOR('',#9608,1.);
#9608 = DIRECTION('',(1.,0.));
#9609 = ( GEOMETRIC_REPRESENTATION_CONTEXT(2) 
PARAMETRIC_REPRESENTATION_CONTEXT() REPRESENTATION_CONTEXT('2D SPACE',''
  ) );
#9610 = FACE_BOUND('',#9611,.T.);
#9611 = EDGE_LOOP('',(#9612,#9635,#9659,#9680));
#9612 = ORIENTED_EDGE('',*,*,#9613,.F.);
#9613 = EDGE_CURVE('',#9614,#9616,#9618,.T.);
#9614 = VERTEX_POINT('',#9615);
#9615 = CARTESIAN_POINT('',(-234.05,0.,85.1));
#9616 = VERTEX_POINT('',#9617);
#9617 = CARTESIAN_POINT('',(-231.05,0.,85.1));
#9618 = SURFACE_CURVE('',#9619,(#9623,#9629),.PCURVE_S1.);
#9619 = LINE('',#9620,#9621);
#9620 = CARTESIAN_POINT('',(-237.675,0.,85.1));
#9621 = VECTOR('',#9622,1.);
#9622 = DIRECTION('',(1.,-0.,0.));
#9623 = PCURVE('',#7985,#9624);
#9624 = DEFINITIONAL_REPRESENTATION('',(#9625),#9628);
#9625 = B_SPLINE_CURVE_WITH_KNOTS('',1,(#9626,#9627),.UNSPECIFIED.,.F.,
  .F.,(2,2),(3.625,6.625),.PIECEWISE_BEZIER_KNOTS.);
#9626 = CARTESIAN_POINT('',(85.1,7.25));
#9627 = CARTESIAN_POINT('',(85.1,10.25));
#9628 = ( GEOMETRIC_REPRESENTATION_CONTEXT(2) 
PARAMETRIC_REPRESENTATION_CONTEXT() REPRESENTATION_CONTEXT('2D SPACE',''
  ) );
#9629 = PCURVE('',#8447,#9630);
#9630 = DEFINITIONAL_REPRESENTATION('',(#9631),#9634);
#9631 = B_SPLINE_CURVE_WITH_KNOTS('',1,(#9632,#9633),.UNSPECIFIED.,.F.,
  .F.,(2,2),(3.625,6.625),.PIECEWISE_BEZIER_KNOTS.);
#9632 = CARTESIAN_POINT('',(0.,-0.1));
#9633 = CARTESIAN_POINT('',(3.,-0.1));
#9634 = ( GEOMETRIC_REPRESENTATION_CONTEXT(2) 
PARAMETRIC_REPRESENTATION_CONTEXT() REPRESENTATION_CONTEXT('2D SPACE',''
  ) );
#9635 = ORIENTED_EDGE('',*,*,#9636,.F.);
#9636 = EDGE_CURVE('',#9637,#9614,#9639,.T.);
#9637 = VERTEX_POINT('',#9638);
#9638 = CARTESIAN_POINT('',(-234.05,0.,78.1));
#9639 = SURFACE_CURVE('',#9640,(#9645,#9652),.PCURVE_S1.);
#9640 = CIRCLE('',#9641,3.5);
#9641 = AXIS2_PLACEMENT_3D('',#9642,#9643,#9644);
#9642 = CARTESIAN_POINT('',(-234.05,0.,81.6));
#9643 = DIRECTION('',(0.,1.,0.));
#9644 = DIRECTION('',(-6.344131569287E-17,0.,-1.));
#9645 = PCURVE('',#7985,#9646);
#9646 = DEFINITIONAL_REPRESENTATION('',(#9647),#9651);
#9647 = CIRCLE('',#9648,3.5);
#9648 = AXIS2_PLACEMENT_2D('',#9649,#9650);
#9649 = CARTESIAN_POINT('',(81.6,7.25));
#9650 = DIRECTION('',(-1.,-6.344131569287E-17));
#9651 = ( GEOMETRIC_REPRESENTATION_CONTEXT(2) 
PARAMETRIC_REPRESENTATION_CONTEXT() REPRESENTATION_CONTEXT('2D SPACE',''
  ) );
#9652 = PCURVE('',#8475,#9653);
#9653 = DEFINITIONAL_REPRESENTATION('',(#9654),#9658);
#9654 = LINE('',#9655,#9656);
#9655 = CARTESIAN_POINT('',(0.,-0.1));
#9656 = VECTOR('',#9657,1.);
#9657 = DIRECTION('',(1.,0.));
#9658 = ( GEOMETRIC_REPRESENTATION_CONTEXT(2) 
PARAMETRIC_REPRESENTATION_CONTEXT() REPRESENTATION_CONTEXT('2D SPACE',''
  ) );
#9659 = ORIENTED_EDGE('',*,*,#9660,.F.);
#9660 = EDGE_CURVE('',#9661,#9637,#9663,.T.);
#9661 = VERTEX_POINT('',#9662);
#9662 = CARTESIAN_POINT('',(-231.05,0.,78.1));
#9663 = SURFACE_CURVE('',#9664,(#9668,#9674),.PCURVE_S1.);
#9664 = LINE('',#9665,#9666);
#9665 = CARTESIAN_POINT('',(-236.175,0.,78.1));
#9666 = VECTOR('',#9667,1.);
#9667 = DIRECTION('',(-1.,0.,0.));
#9668 = PCURVE('',#7985,#9669);
#9669 = DEFINITIONAL_REPRESENTATION('',(#9670),#9673);
#9670 = B_SPLINE_CURVE_WITH_KNOTS('',1,(#9671,#9672),.UNSPECIFIED.,.F.,
  .F.,(2,2),(-5.125,-2.125),.PIECEWISE_BEZIER_KNOTS.);
#9671 = CARTESIAN_POINT('',(78.1,10.25));
#9672 = CARTESIAN_POINT('',(78.1,7.25));
#9673 = ( GEOMETRIC_REPRESENTATION_CONTEXT(2) 
PARAMETRIC_REPRESENTATION_CONTEXT() REPRESENTATION_CONTEXT('2D SPACE',''
  ) );
#9674 = PCURVE('',#8502,#9675);
#9675 = DEFINITIONAL_REPRESENTATION('',(#9676),#9679);
#9676 = B_SPLINE_CURVE_WITH_KNOTS('',1,(#9677,#9678),.UNSPECIFIED.,.F.,
  .F.,(2,2),(-5.125,-2.125),.PIECEWISE_BEZIER_KNOTS.);
#9677 = CARTESIAN_POINT('',(0.,-0.1));
#9678 = CARTESIAN_POINT('',(3.,-0.1));
#9679 = ( GEOMETRIC_REPRESENTATION_CONTEXT(2) 
PARAMETRIC_REPRESENTATION_CONTEXT() REPRESENTATION_CONTEXT('2D SPACE',''
  ) );
#9680 = ORIENTED_EDGE('',*,*,#9681,.F.);
#9681 = EDGE_CURVE('',#9616,#9661,#9682,.T.);
#9682 = SURFACE_CURVE('',#9683,(#9688,#9695),.PCURVE_S1.);
#9683 = CIRCLE('',#9684,3.5);
#9684 = AXIS2_PLACEMENT_3D('',#9685,#9686,#9687);
#9685 = CARTESIAN_POINT('',(-231.05,0.,81.6));
#9686 = DIRECTION('',(-0.,1.,0.));
#9687 = DIRECTION('',(6.344131569287E-17,0.,1.));
#9688 = PCURVE('',#7985,#9689);
#9689 = DEFINITIONAL_REPRESENTATION('',(#9690),#9694);
#9690 = CIRCLE('',#9691,3.5);
#9691 = AXIS2_PLACEMENT_2D('',#9692,#9693);
#9692 = CARTESIAN_POINT('',(81.6,10.25));
#9693 = DIRECTION('',(1.,6.344131569287E-17));
#9694 = ( GEOMETRIC_REPRESENTATION_CONTEXT(2) 
PARAMETRIC_REPRESENTATION_CONTEXT() REPRESENTATION_CONTEXT('2D SPACE',''
  ) );
#9695 = PCURVE('',#8528,#9696);
#9696 = DEFINITIONAL_REPRESENTATION('',(#9697),#9701);
#9697 = LINE('',#9698,#9699);
#9698 = CARTESIAN_POINT('',(0.,-0.1));
#9699 = VECTOR('',#9700,1.);
#9700 = DIRECTION('',(1.,0.));
#9701 = ( GEOMETRIC_REPRESENTATION_CONTEXT(2) 
PARAMETRIC_REPRESENTATION_CONTEXT() REPRESENTATION_CONTEXT('2D SPACE',''
  ) );
#9702 = FACE_BOUND('',#9703,.T.);
#9703 = EDGE_LOOP('',(#9704));
#9704 = ORIENTED_EDGE('',*,*,#9705,.F.);
#9705 = EDGE_CURVE('',#9706,#9706,#9708,.T.);
#9706 = VERTEX_POINT('',#9707);
#9707 = CARTESIAN_POINT('',(-178.,0.,82.25));
#9708 = SURFACE_CURVE('',#9709,(#9714,#9721),.PCURVE_S1.);
#9709 = CIRCLE('',#9710,2.25);
#9710 = AXIS2_PLACEMENT_3D('',#9711,#9712,#9713);
#9711 = CARTESIAN_POINT('',(-178.,0.,80.));
#9712 = DIRECTION('',(0.,1.,0.));
#9713 = DIRECTION('',(0.,-0.,1.));
#9714 = PCURVE('',#7985,#9715);
#9715 = DEFINITIONAL_REPRESENTATION('',(#9716),#9720);
#9716 = CIRCLE('',#9717,2.25);
#9717 = AXIS2_PLACEMENT_2D('',#9718,#9719);
#9718 = CARTESIAN_POINT('',(80.,63.3));
#9719 = DIRECTION('',(1.,0.));
#9720 = ( GEOMETRIC_REPRESENTATION_CONTEXT(2) 
PARAMETRIC_REPRESENTATION_CONTEXT() REPRESENTATION_CONTEXT('2D SPACE',''
  ) );
#9721 = PCURVE('',#9722,#9727);
#9722 = CYLINDRICAL_SURFACE('',#9723,2.25);
#9723 = AXIS2_PLACEMENT_3D('',#9724,#9725,#9726);
#9724 = CARTESIAN_POINT('',(-178.,-3.,80.));
#9725 = DIRECTION('',(0.,1.,0.));
#9726 = DIRECTION('',(0.,-0.,1.));
#9727 = DEFINITIONAL_REPRESENTATION('',(#9728),#9732);
#9728 = LINE('',#9729,#9730);
#9729 = CARTESIAN_POINT('',(0.,3.));
#9730 = VECTOR('',#9731,1.);
#9731 = DIRECTION('',(1.,0.));
#9732 = ( GEOMETRIC_REPRESENTATION_CONTEXT(2) 
PARAMETRIC_REPRESENTATION_CONTEXT() REPRESENTATION_CONTEXT('2D SPACE',''
  ) );
#9733 = FACE_BOUND('',#9734,.T.);
#9734 = EDGE_LOOP('',(#9735));
#9735 = ORIENTED_EDGE('',*,*,#9736,.F.);
#9736 = EDGE_CURVE('',#9737,#9737,#9739,.T.);
#9737 = VERTEX_POINT('',#9738);
#9738 = CARTESIAN_POINT('',(-112.5,0.,79.5));
#9739 = SURFACE_CURVE('',#9740,(#9745,#9752),.PCURVE_S1.);
#9740 = CIRCLE('',#9741,16.);
#9741 = AXIS2_PLACEMENT_3D('',#9742,#9743,#9744);
#9742 = CARTESIAN_POINT('',(-112.5,0.,63.5));
#9743 = DIRECTION('',(0.,1.,0.));
#9744 = DIRECTION('',(0.,-0.,1.));
#9745 = PCURVE('',#7985,#9746);
#9746 = DEFINITIONAL_REPRESENTATION('',(#9747),#9751);
#9747 = CIRCLE('',#9748,16.);
#9748 = AXIS2_PLACEMENT_2D('',#9749,#9750);
#9749 = CARTESIAN_POINT('',(63.5,128.8));
#9750 = DIRECTION('',(1.,0.));
#9751 = ( GEOMETRIC_REPRESENTATION_CONTEXT(2) 
PARAMETRIC_REPRESENTATION_CONTEXT() REPRESENTATION_CONTEXT('2D SPACE',''
  ) );
#9752 = PCURVE('',#8590,#9753);
#9753 = DEFINITIONAL_REPRESENTATION('',(#9754),#9758);
#9754 = LINE('',#9755,#9756);
#9755 = CARTESIAN_POINT('',(0.,3.1));
#9756 = VECTOR('',#9757,1.);
#9757 = DIRECTION('',(1.,0.));
#9758 = ( GEOMETRIC_REPRESENTATION_CONTEXT(2) 
PARAMETRIC_REPRESENTATION_CONTEXT() REPRESENTATION_CONTEXT('2D SPACE',''
  ) );
#9759 = FACE_BOUND('',#9760,.T.);
#9760 = EDGE_LOOP('',(#9761));
#9761 = ORIENTED_EDGE('',*,*,#9762,.F.);
#9762 = EDGE_CURVE('',#9763,#9763,#9765,.T.);
#9763 = VERTEX_POINT('',#9764);
#9764 = CARTESIAN_POINT('',(-67.5,0.,79.5));
#9765 = SURFACE_CURVE('',#9766,(#9771,#9778),.PCURVE_S1.);
#9766 = CIRCLE('',#9767,16.);
#9767 = AXIS2_PLACEMENT_3D('',#9768,#9769,#9770);
#9768 = CARTESIAN_POINT('',(-67.5,0.,63.5));
#9769 = DIRECTION('',(0.,1.,0.));
#9770 = DIRECTION('',(0.,-0.,1.));
#9771 = PCURVE('',#7985,#9772);
#9772 = DEFINITIONAL_REPRESENTATION('',(#9773),#9777);
#9773 = CIRCLE('',#9774,16.);
#9774 = AXIS2_PLACEMENT_2D('',#9775,#9776);
#9775 = CARTESIAN_POINT('',(63.5,173.8));
#9776 = DIRECTION('',(1.,0.));
#9777 = ( GEOMETRIC_REPRESENTATION_CONTEXT(2) 
PARAMETRIC_REPRESENTATION_CONTEXT() REPRESENTATION_CONTEXT('2D SPACE',''
  ) );
#9778 = PCURVE('',#8621,#9779);
#9779 = DEFINITIONAL_REPRESENTATION('',(#9780),#9784);
#9780 = LINE('',#9781,#9782);
#9781 = CARTESIAN_POINT('',(0.,3.1));
#9782 = VECTOR('',#9783,1.);
#9783 = DIRECTION('',(1.,0.));
#9784 = ( GEOMETRIC_REPRESENTATION_CONTEXT(2) 
PARAMETRIC_REPRESENTATION_CONTEXT() REPRESENTATION_CONTEXT('2D SPACE',''
  ) );
#9785 = FACE_BOUND('',#9786,.T.);
#9786 = EDGE_LOOP('',(#9787));
#9787 = ORIENTED_EDGE('',*,*,#9788,.F.);
#9788 = EDGE_CURVE('',#9789,#9789,#9791,.T.);
#9789 = VERTEX_POINT('',#9790);
#9790 = CARTESIAN_POINT('',(-22.5,0.,79.5));
#9791 = SURFACE_CURVE('',#9792,(#9797,#9804),.PCURVE_S1.);
#9792 = CIRCLE('',#9793,16.);
#9793 = AXIS2_PLACEMENT_3D('',#9794,#9795,#9796);
#9794 = CARTESIAN_POINT('',(-22.5,0.,63.5));
#9795 = DIRECTION('',(0.,1.,0.));
#9796 = DIRECTION('',(0.,-0.,1.));
#9797 = PCURVE('',#7985,#9798);
#9798 = DEFINITIONAL_REPRESENTATION('',(#9799),#9803);
#9799 = CIRCLE('',#9800,16.);
#9800 = AXIS2_PLACEMENT_2D('',#9801,#9802);
#9801 = CARTESIAN_POINT('',(63.5,218.8));
#9802 = DIRECTION('',(1.,0.));
#9803 = ( GEOMETRIC_REPRESENTATION_CONTEXT(2) 
PARAMETRIC_REPRESENTATION_CONTEXT() REPRESENTATION_CONTEXT('2D SPACE',''
  ) );
#9804 = PCURVE('',#8652,#9805);
#9805 = DEFINITIONAL_REPRESENTATION('',(#9806),#9810);
#9806 = LINE('',#9807,#9808);
#9807 = CARTESIAN_POINT('',(0.,3.1));
#9808 = VECTOR('',#9809,1.);
#9809 = DIRECTION('',(1.,0.));
#9810 = ( GEOMETRIC_REPRESENTATION_CONTEXT(2) 
PARAMETRIC_REPRESENTATION_CONTEXT() REPRESENTATION_CONTEXT('2D SPACE',''
  ) );
#9811 = FACE_BOUND('',#9812,.T.);
#9812 = EDGE_LOOP('',(#9813));
#9813 = ORIENTED_EDGE('',*,*,#9814,.F.);
#9814 = EDGE_CURVE('',#9815,#9815,#9817,.T.);
#9815 = VERTEX_POINT('',#9816);
#9816 = CARTESIAN_POINT('',(-5.510910596163E-16,0.,82.25));
#9817 = SURFACE_CURVE('',#9818,(#9823,#9830),.PCURVE_S1.);
#9818 = CIRCLE('',#9819,2.25);
#9819 = AXIS2_PLACEMENT_3D('',#9820,#9821,#9822);
#9820 = CARTESIAN_POINT('',(0.,0.,80.));
#9821 = DIRECTION('',(0.,1.,0.));
#9822 = DIRECTION('',(0.,-0.,1.));
#9823 = PCURVE('',#7985,#9824);
#9824 = DEFINITIONAL_REPRESENTATION('',(#9825),#9829);
#9825 = CIRCLE('',#9826,2.25);
#9826 = AXIS2_PLACEMENT_2D('',#9827,#9828);
#9827 = CARTESIAN_POINT('',(80.,241.3));
#9828 = DIRECTION('',(1.,0.));
#9829 = ( GEOMETRIC_REPRESENTATION_CONTEXT(2) 
PARAMETRIC_REPRESENTATION_CONTEXT() REPRESENTATION_CONTEXT('2D SPACE',''
  ) );
#9830 = PCURVE('',#9831,#9836);
#9831 = CYLINDRICAL_SURFACE('',#9832,2.25);
#9832 = AXIS2_PLACEMENT_3D('',#9833,#9834,#9835);
#9833 = CARTESIAN_POINT('',(0.,-3.,80.));
#9834 = DIRECTION('',(0.,1.,0.));
#9835 = DIRECTION('',(0.,-0.,1.));
#9836 = DEFINITIONAL_REPRESENTATION('',(#9837),#9841);
#9837 = LINE('',#9838,#9839);
#9838 = CARTESIAN_POINT('',(0.,3.));
#9839 = VECTOR('',#9840,1.);
#9840 = DIRECTION('',(1.,0.));
#9841 = ( GEOMETRIC_REPRESENTATION_CONTEXT(2) 
PARAMETRIC_REPRESENTATION_CONTEXT() REPRESENTATION_CONTEXT('2D SPACE',''
  ) );
#9842 = FACE_BOUND('',#9843,.T.);
#9843 = EDGE_LOOP('',(#9844));
#9844 = ORIENTED_EDGE('',*,*,#9845,.F.);
#9845 = EDGE_CURVE('',#9846,#9846,#9848,.T.);
#9846 = VERTEX_POINT('',#9847);
#9847 = CARTESIAN_POINT('',(22.5,0.,39.5));
#9848 = SURFACE_CURVE('',#9849,(#9854,#9861),.PCURVE_S1.);
#9849 = CIRCLE('',#9850,16.);
#9850 = AXIS2_PLACEMENT_3D('',#9851,#9852,#9853);
#9851 = CARTESIAN_POINT('',(22.5,0.,23.5));
#9852 = DIRECTION('',(0.,1.,0.));
#9853 = DIRECTION('',(0.,-0.,1.));
#9854 = PCURVE('',#7985,#9855);
#9855 = DEFINITIONAL_REPRESENTATION('',(#9856),#9860);
#9856 = CIRCLE('',#9857,16.);
#9857 = AXIS2_PLACEMENT_2D('',#9858,#9859);
#9858 = CARTESIAN_POINT('',(23.5,263.8));
#9859 = DIRECTION('',(1.,0.));
#9860 = ( GEOMETRIC_REPRESENTATION_CONTEXT(2) 
PARAMETRIC_REPRESENTATION_CONTEXT() REPRESENTATION_CONTEXT('2D SPACE',''
  ) );
#9861 = PCURVE('',#8714,#9862);
#9862 = DEFINITIONAL_REPRESENTATION('',(#9863),#9867);
#9863 = LINE('',#9864,#9865);
#9864 = CARTESIAN_POINT('',(0.,3.1));
#9865 = VECTOR('',#9866,1.);
#9866 = DIRECTION('',(1.,0.));
#9867 = ( GEOMETRIC_REPRESENTATION_CONTEXT(2) 
PARAMETRIC_REPRESENTATION_CONTEXT() REPRESENTATION_CONTEXT('2D SPACE',''
  ) );
#9868 = FACE_BOUND('',#9869,.T.);
#9869 = EDGE_LOOP('',(#9870));
#9870 = ORIENTED_EDGE('',*,*,#9871,.F.);
#9871 = EDGE_CURVE('',#9872,#9872,#9874,.T.);
#9872 = VERTEX_POINT('',#9873);
#9873 = CARTESIAN_POINT('',(67.5,0.,39.5));
#9874 = SURFACE_CURVE('',#9875,(#9880,#9887),.PCURVE_S1.);
#9875 = CIRCLE('',#9876,16.);
#9876 = AXIS2_PLACEMENT_3D('',#9877,#9878,#9879);
#9877 = CARTESIAN_POINT('',(67.5,0.,23.5));
#9878 = DIRECTION('',(0.,1.,0.));
#9879 = DIRECTION('',(0.,-0.,1.));
#9880 = PCURVE('',#7985,#9881);
#9881 = DEFINITIONAL_REPRESENTATION('',(#9882),#9886);
#9882 = CIRCLE('',#9883,16.);
#9883 = AXIS2_PLACEMENT_2D('',#9884,#9885);
#9884 = CARTESIAN_POINT('',(23.5,308.8));
#9885 = DIRECTION('',(1.,0.));
#9886 = ( GEOMETRIC_REPRESENTATION_CONTEXT(2) 
PARAMETRIC_REPRESENTATION_CONTEXT() REPRESENTATION_CONTEXT('2D SPACE',''
  ) );
#9887 = PCURVE('',#8745,#9888);
#9888 = DEFINITIONAL_REPRESENTATION('',(#9889),#9893);
#9889 = LINE('',#9890,#9891);
#9890 = CARTESIAN_POINT('',(0.,3.1));
#9891 = VECTOR('',#9892,1.);
#9892 = DIRECTION('',(1.,0.));
#9893 = ( GEOMETRIC_REPRESENTATION_CONTEXT(2) 
PARAMETRIC_REPRESENTATION_CONTEXT() REPRESENTATION_CONTEXT('2D SPACE',''
  ) );
#9894 = FACE_BOUND('',#9895,.T.);
#9895 = EDGE_LOOP('',(#9896));
#9896 = ORIENTED_EDGE('',*,*,#9897,.F.);
#9897 = EDGE_CURVE('',#9898,#9898,#9900,.T.);
#9898 = VERTEX_POINT('',#9899);
#9899 = CARTESIAN_POINT('',(112.5,0.,39.5));
#9900 = SURFACE_CURVE('',#9901,(#9906,#9913),.PCURVE_S1.);
#9901 = CIRCLE('',#9902,16.);
#9902 = AXIS2_PLACEMENT_3D('',#9903,#9904,#9905);
#9903 = CARTESIAN_POINT('',(112.5,0.,23.5));
#9904 = DIRECTION('',(0.,1.,0.));
#9905 = DIRECTION('',(0.,-0.,1.));
#9906 = PCURVE('',#7985,#9907);
#9907 = DEFINITIONAL_REPRESENTATION('',(#9908),#9912);
#9908 = CIRCLE('',#9909,16.);
#9909 = AXIS2_PLACEMENT_2D('',#9910,#9911);
#9910 = CARTESIAN_POINT('',(23.5,353.8));
#9911 = DIRECTION('',(1.,0.));
#9912 = ( GEOMETRIC_REPRESENTATION_CONTEXT(2) 
PARAMETRIC_REPRESENTATION_CONTEXT() REPRESENTATION_CONTEXT('2D SPACE',''
  ) );
#9913 = PCURVE('',#8776,#9914);
#9914 = DEFINITIONAL_REPRESENTATION('',(#9915),#9919);
#9915 = LINE('',#9916,#9917);
#9916 = CARTESIAN_POINT('',(0.,3.1));
#9917 = VECTOR('',#9918,1.);
#9918 = DIRECTION('',(1.,0.));
#9919 = ( GEOMETRIC_REPRESENTATION_CONTEXT(2) 
PARAMETRIC_REPRESENTATION_CONTEXT() REPRESENTATION_CONTEXT('2D SPACE',''
  ) );
#9920 = FACE_BOUND('',#9921,.T.);
#9921 = EDGE_LOOP('',(#9922));
#9922 = ORIENTED_EDGE('',*,*,#9923,.F.);
#9923 = EDGE_CURVE('',#9924,#9924,#9926,.T.);
#9924 = VERTEX_POINT('',#9925);
#9925 = CARTESIAN_POINT('',(178.,0.,9.25));
#9926 = SURFACE_CURVE('',#9927,(#9932,#9939),.PCURVE_S1.);
#9927 = CIRCLE('',#9928,2.25);
#9928 = AXIS2_PLACEMENT_3D('',#9929,#9930,#9931);
#9929 = CARTESIAN_POINT('',(178.,0.,7.));
#9930 = DIRECTION('',(0.,1.,0.));
#9931 = DIRECTION('',(0.,-0.,1.));
#9932 = PCURVE('',#7985,#9933);
#9933 = DEFINITIONAL_REPRESENTATION('',(#9934),#9938);
#9934 = CIRCLE('',#9935,2.25);
#9935 = AXIS2_PLACEMENT_2D('',#9936,#9937);
#9936 = CARTESIAN_POINT('',(7.,419.3));
#9937 = DIRECTION('',(1.,0.));
#9938 = ( GEOMETRIC_REPRESENTATION_CONTEXT(2) 
PARAMETRIC_REPRESENTATION_CONTEXT() REPRESENTATION_CONTEXT('2D SPACE',''
  ) );
#9939 = PCURVE('',#9940,#9945);
#9940 = CYLINDRICAL_SURFACE('',#9941,2.25);
#9941 = AXIS2_PLACEMENT_3D('',#9942,#9943,#9944);
#9942 = CARTESIAN_POINT('',(178.,-3.,7.));
#9943 = DIRECTION('',(0.,1.,0.));
#9944 = DIRECTION('',(0.,-0.,1.));
#9945 = DEFINITIONAL_REPRESENTATION('',(#9946),#9950);
#9946 = LINE('',#9947,#9948);
#9947 = CARTESIAN_POINT('',(0.,3.));
#9948 = VECTOR('',#9949,1.);
#9949 = DIRECTION('',(1.,0.));
#9950 = ( GEOMETRIC_REPRESENTATION_CONTEXT(2) 
PARAMETRIC_REPRESENTATION_CONTEXT() REPRESENTATION_CONTEXT('2D SPACE',''
  ) );
#9951 = FACE_BOUND('',#9952,.T.);
#9952 = EDGE_LOOP('',(#9953,#9976,#10000,#10021));
#9953 = ORIENTED_EDGE('',*,*,#9954,.F.);
#9954 = EDGE_CURVE('',#9955,#9957,#9959,.T.);
#9955 = VERTEX_POINT('',#9956);
#9956 = CARTESIAN_POINT('',(231.05,0.,8.9));
#9957 = VERTEX_POINT('',#9958);
#9958 = CARTESIAN_POINT('',(234.05,0.,8.9));
#9959 = SURFACE_CURVE('',#9960,(#9964,#9970),.PCURVE_S1.);
#9960 = LINE('',#9961,#9962);
#9961 = CARTESIAN_POINT('',(-5.125,0.,8.9));
#9962 = VECTOR('',#9963,1.);
#9963 = DIRECTION('',(1.,-0.,0.));
#9964 = PCURVE('',#7985,#9965);
#9965 = DEFINITIONAL_REPRESENTATION('',(#9966),#9969);
#9966 = B_SPLINE_CURVE_WITH_KNOTS('',1,(#9967,#9968),.UNSPECIFIED.,.F.,
  .F.,(2,2),(236.175,239.175),.PIECEWISE_BEZIER_KNOTS.);
#9967 = CARTESIAN_POINT('',(8.9,472.35));
#9968 = CARTESIAN_POINT('',(8.9,475.35));
#9969 = ( GEOMETRIC_REPRESENTATION_CONTEXT(2) 
PARAMETRIC_REPRESENTATION_CONTEXT() REPRESENTATION_CONTEXT('2D SPACE',''
  ) );
#9970 = PCURVE('',#8838,#9971);
#9971 = DEFINITIONAL_REPRESENTATION('',(#9972),#9975);
#9972 = B_SPLINE_CURVE_WITH_KNOTS('',1,(#9973,#9974),.UNSPECIFIED.,.F.,
  .F.,(2,2),(236.175,239.175),.PIECEWISE_BEZIER_KNOTS.);
#9973 = CARTESIAN_POINT('',(0.,-0.1));
#9974 = CARTESIAN_POINT('',(3.,-0.1));
#9975 = ( GEOMETRIC_REPRESENTATION_CONTEXT(2) 
PARAMETRIC_REPRESENTATION_CONTEXT() REPRESENTATION_CONTEXT('2D SPACE',''
  ) );
#9976 = ORIENTED_EDGE('',*,*,#9977,.F.);
#9977 = EDGE_CURVE('',#9978,#9955,#9980,.T.);
#9978 = VERTEX_POINT('',#9979);
#9979 = CARTESIAN_POINT('',(231.05,0.,1.9));
#9980 = SURFACE_CURVE('',#9981,(#9986,#9993),.PCURVE_S1.);
#9981 = CIRCLE('',#9982,3.5);
#9982 = AXIS2_PLACEMENT_3D('',#9983,#9984,#9985);
#9983 = CARTESIAN_POINT('',(231.05,0.,5.4));
#9984 = DIRECTION('',(0.,1.,0.));
#9985 = DIRECTION('',(-6.344131569287E-17,0.,-1.));
#9986 = PCURVE('',#7985,#9987);
#9987 = DEFINITIONAL_REPRESENTATION('',(#9988),#9992);
#9988 = CIRCLE('',#9989,3.5);
#9989 = AXIS2_PLACEMENT_2D('',#9990,#9991);
#9990 = CARTESIAN_POINT('',(5.4,472.35));
#9991 = DIRECTION('',(-1.,-6.344131569287E-17));
#9992 = ( GEOMETRIC_REPRESENTATION_CONTEXT(2) 
PARAMETRIC_REPRESENTATION_CONTEXT() REPRESENTATION_CONTEXT('2D SPACE',''
  ) );
#9993 = PCURVE('',#8866,#9994);
#9994 = DEFINITIONAL_REPRESENTATION('',(#9995),#9999);
#9995 = LINE('',#9996,#9997);
#9996 = CARTESIAN_POINT('',(0.,-0.1));
#9997 = VECTOR('',#9998,1.);
#9998 = DIRECTION('',(1.,0.));
#9999 = ( GEOMETRIC_REPRESENTATION_CONTEXT(2) 
PARAMETRIC_REPRESENTATION_CONTEXT() REPRESENTATION_CONTEXT('2D SPACE',''
  ) );
#10000 = ORIENTED_EDGE('',*,*,#10001,.F.);
#10001 = EDGE_CURVE('',#10002,#9978,#10004,.T.);
#10002 = VERTEX_POINT('',#10003);
#10003 = CARTESIAN_POINT('',(234.05,0.,1.9));
#10004 = SURFACE_CURVE('',#10005,(#10009,#10015),.PCURVE_S1.);
#10005 = LINE('',#10006,#10007);
#10006 = CARTESIAN_POINT('',(-3.625,0.,1.9));
#10007 = VECTOR('',#10008,1.);
#10008 = DIRECTION('',(-1.,0.,0.));
#10009 = PCURVE('',#7985,#10010);
#10010 = DEFINITIONAL_REPRESENTATION('',(#10011),#10014);
#10011 = B_SPLINE_CURVE_WITH_KNOTS('',1,(#10012,#10013),.UNSPECIFIED.,
  .F.,.F.,(2,2),(-237.675,-234.675),.PIECEWISE_BEZIER_KNOTS.);
#10012 = CARTESIAN_POINT('',(1.9,475.35));
#10013 = CARTESIAN_POINT('',(1.9,472.35));
#10014 = ( GEOMETRIC_REPRESENTATION_CONTEXT(2) 
PARAMETRIC_REPRESENTATION_CONTEXT() REPRESENTATION_CONTEXT('2D SPACE',''
  ) );
#10015 = PCURVE('',#8893,#10016);
#10016 = DEFINITIONAL_REPRESENTATION('',(#10017),#10020);
#10017 = B_SPLINE_CURVE_WITH_KNOTS('',1,(#10018,#10019),.UNSPECIFIED.,
  .F.,.F.,(2,2),(-237.675,-234.675),.PIECEWISE_BEZIER_KNOTS.);
#10018 = CARTESIAN_POINT('',(0.,-0.1));
#10019 = CARTESIAN_POINT('',(3.,-0.1));
#10020 = ( GEOMETRIC_REPRESENTATION_CONTEXT(2) 
PARAMETRIC_REPRESENTATION_CONTEXT() REPRESENTATION_CONTEXT('2D SPACE',''
  ) );
#10021 = ORIENTED_EDGE('',*,*,#10022,.F.);
#10022 = EDGE_CURVE('',#9957,#10002,#10023,.T.);
#10023 = SURFACE_CURVE('',#10024,(#10029,#10036),.PCURVE_S1.);
#10024 = CIRCLE('',#10025,3.5);
#10025 = AXIS2_PLACEMENT_3D('',#10026,#10027,#10028);
#10026 = CARTESIAN_POINT('',(234.05,0.,5.4));
#10027 = DIRECTION('',(-0.,1.,0.));
#10028 = DIRECTION('',(6.344131569287E-17,0.,1.));
#10029 = PCURVE('',#7985,#10030);
#10030 = DEFINITIONAL_REPRESENTATION('',(#10031),#10035);
#10031 = CIRCLE('',#10032,3.5);
#10032 = AXIS2_PLACEMENT_2D('',#10033,#10034);
#10033 = CARTESIAN_POINT('',(5.4,475.35));
#10034 = DIRECTION('',(1.,6.344131569287E-17));
#10035 = ( GEOMETRIC_REPRESENTATION_CONTEXT(2) 
PARAMETRIC_REPRESENTATION_CONTEXT() REPRESENTATION_CONTEXT('2D SPACE',''
  ) );
#10036 = PCURVE('',#8919,#10037);
#10037 = DEFINITIONAL_REPRESENTATION('',(#10038),#10042);
#10038 = LINE('',#10039,#10040);
#10039 = CARTESIAN_POINT('',(0.,-0.1));
#10040 = VECTOR('',#10041,1.);
#10041 = DIRECTION('',(1.,0.));
#10042 = ( GEOMETRIC_REPRESENTATION_CONTEXT(2) 
PARAMETRIC_REPRESENTATION_CONTEXT() REPRESENTATION_CONTEXT('2D SPACE',''
  ) );
#10043 = FACE_BOUND('',#10044,.T.);
#10044 = EDGE_LOOP('',(#10045));
#10045 = ORIENTED_EDGE('',*,*,#10046,.F.);
#10046 = EDGE_CURVE('',#10047,#10047,#10049,.T.);
#10047 = VERTEX_POINT('',#10048);
#10048 = CARTESIAN_POINT('',(157.5,0.,39.5));
#10049 = SURFACE_CURVE('',#10050,(#10055,#10062),.PCURVE_S1.);
#10050 = CIRCLE('',#10051,16.);
#10051 = AXIS2_PLACEMENT_3D('',#10052,#10053,#10054);
#10052 = CARTESIAN_POINT('',(157.5,0.,23.5));
#10053 = DIRECTION('',(0.,1.,0.));
#10054 = DIRECTION('',(0.,-0.,1.));
#10055 = PCURVE('',#7985,#10056);
#10056 = DEFINITIONAL_REPRESENTATION('',(#10057),#10061);
#10057 = CIRCLE('',#10058,16.);
#10058 = AXIS2_PLACEMENT_2D('',#10059,#10060);
#10059 = CARTESIAN_POINT('',(23.5,398.8));
#10060 = DIRECTION('',(1.,0.));
#10061 = ( GEOMETRIC_REPRESENTATION_CONTEXT(2) 
PARAMETRIC_REPRESENTATION_CONTEXT() REPRESENTATION_CONTEXT('2D SPACE',''
  ) );
#10062 = PCURVE('',#8950,#10063);
#10063 = DEFINITIONAL_REPRESENTATION('',(#10064),#10068);
#10064 = LINE('',#10065,#10066);
#10065 = CARTESIAN_POINT('',(0.,3.1));
#10066 = VECTOR('',#10067,1.);
#10067 = DIRECTION('',(1.,0.));
#10068 = ( GEOMETRIC_REPRESENTATION_CONTEXT(2) 
PARAMETRIC_REPRESENTATION_CONTEXT() REPRESENTATION_CONTEXT('2D SPACE',''
  ) );
#10069 = FACE_BOUND('',#10070,.T.);
#10070 = EDGE_LOOP('',(#10071));
#10071 = ORIENTED_EDGE('',*,*,#10072,.F.);
#10072 = EDGE_CURVE('',#10073,#10073,#10075,.T.);
#10073 = VERTEX_POINT('',#10074);
#10074 = CARTESIAN_POINT('',(22.5,0.,79.5));
#10075 = SURFACE_CURVE('',#10076,(#10081,#10088),.PCURVE_S1.);
#10076 = CIRCLE('',#10077,16.);
#10077 = AXIS2_PLACEMENT_3D('',#10078,#10079,#10080);
#10078 = CARTESIAN_POINT('',(22.5,0.,63.5));
#10079 = DIRECTION('',(0.,1.,0.));
#10080 = DIRECTION('',(0.,-0.,1.));
#10081 = PCURVE('',#7985,#10082);
#10082 = DEFINITIONAL_REPRESENTATION('',(#10083),#10087);
#10083 = CIRCLE('',#10084,16.);
#10084 = AXIS2_PLACEMENT_2D('',#10085,#10086);
#10085 = CARTESIAN_POINT('',(63.5,263.8));
#10086 = DIRECTION('',(1.,0.));
#10087 = ( GEOMETRIC_REPRESENTATION_CONTEXT(2) 
PARAMETRIC_REPRESENTATION_CONTEXT() REPRESENTATION_CONTEXT('2D SPACE',''
  ) );
#10088 = PCURVE('',#8981,#10089);
#10089 = DEFINITIONAL_REPRESENTATION('',(#10090),#10094);
#10090 = LINE('',#10091,#10092);
#10091 = CARTESIAN_POINT('',(0.,3.1));
#10092 = VECTOR('',#10093,1.);
#10093 = DIRECTION('',(1.,0.));
#10094 = ( GEOMETRIC_REPRESENTATION_CONTEXT(2) 
PARAMETRIC_REPRESENTATION_CONTEXT() REPRESENTATION_CONTEXT('2D SPACE',''
  ) );
#10095 = FACE_BOUND('',#10096,.T.);
#10096 = EDGE_LOOP('',(#10097));
#10097 = ORIENTED_EDGE('',*,*,#10098,.F.);
#10098 = EDGE_CURVE('',#10099,#10099,#10101,.T.);
#10099 = VERTEX_POINT('',#10100);
#10100 = CARTESIAN_POINT('',(67.5,0.,79.5));
#10101 = SURFACE_CURVE('',#10102,(#10107,#10114),.PCURVE_S1.);
#10102 = CIRCLE('',#10103,16.);
#10103 = AXIS2_PLACEMENT_3D('',#10104,#10105,#10106);
#10104 = CARTESIAN_POINT('',(67.5,0.,63.5));
#10105 = DIRECTION('',(0.,1.,0.));
#10106 = DIRECTION('',(0.,-0.,1.));
#10107 = PCURVE('',#7985,#10108);
#10108 = DEFINITIONAL_REPRESENTATION('',(#10109),#10113);
#10109 = CIRCLE('',#10110,16.);
#10110 = AXIS2_PLACEMENT_2D('',#10111,#10112);
#10111 = CARTESIAN_POINT('',(63.5,308.8));
#10112 = DIRECTION('',(1.,0.));
#10113 = ( GEOMETRIC_REPRESENTATION_CONTEXT(2) 
PARAMETRIC_REPRESENTATION_CONTEXT() REPRESENTATION_CONTEXT('2D SPACE',''
  ) );
#10114 = PCURVE('',#9012,#10115);
#10115 = DEFINITIONAL_REPRESENTATION('',(#10116),#10120);
#10116 = LINE('',#10117,#10118);
#10117 = CARTESIAN_POINT('',(0.,3.1));
#10118 = VECTOR('',#10119,1.);
#10119 = DIRECTION('',(1.,0.));
#10120 = ( GEOMETRIC_REPRESENTATION_CONTEXT(2) 
PARAMETRIC_REPRESENTATION_CONTEXT() REPRESENTATION_CONTEXT('2D SPACE',''
  ) );
#10121 = FACE_BOUND('',#10122,.T.);
#10122 = EDGE_LOOP('',(#10123));
#10123 = ORIENTED_EDGE('',*,*,#10124,.F.);
#10124 = EDGE_CURVE('',#10125,#10125,#10127,.T.);
#10125 = VERTEX_POINT('',#10126);
#10126 = CARTESIAN_POINT('',(112.5,0.,79.5));
#10127 = SURFACE_CURVE('',#10128,(#10133,#10140),.PCURVE_S1.);
#10128 = CIRCLE('',#10129,16.);
#10129 = AXIS2_PLACEMENT_3D('',#10130,#10131,#10132);
#10130 = CARTESIAN_POINT('',(112.5,0.,63.5));
#10131 = DIRECTION('',(0.,1.,0.));
#10132 = DIRECTION('',(0.,-0.,1.));
#10133 = PCURVE('',#7985,#10134);
#10134 = DEFINITIONAL_REPRESENTATION('',(#10135),#10139);
#10135 = CIRCLE('',#10136,16.);
#10136 = AXIS2_PLACEMENT_2D('',#10137,#10138);
#10137 = CARTESIAN_POINT('',(63.5,353.8));
#10138 = DIRECTION('',(1.,0.));
#10139 = ( GEOMETRIC_REPRESENTATION_CONTEXT(2) 
PARAMETRIC_REPRESENTATION_CONTEXT() REPRESENTATION_CONTEXT('2D SPACE',''
  ) );
#10140 = PCURVE('',#9043,#10141);
#10141 = DEFINITIONAL_REPRESENTATION('',(#10142),#10146);
#10142 = LINE('',#10143,#10144);
#10143 = CARTESIAN_POINT('',(0.,3.1));
#10144 = VECTOR('',#10145,1.);
#10145 = DIRECTION('',(1.,0.));
#10146 = ( GEOMETRIC_REPRESENTATION_CONTEXT(2) 
PARAMETRIC_REPRESENTATION_CONTEXT() REPRESENTATION_CONTEXT('2D SPACE',''
  ) );
#10147 = FACE_BOUND('',#10148,.T.);
#10148 = EDGE_LOOP('',(#10149));
#10149 = ORIENTED_EDGE('',*,*,#10150,.F.);
#10150 = EDGE_CURVE('',#10151,#10151,#10153,.T.);
#10151 = VERTEX_POINT('',#10152);
#10152 = CARTESIAN_POINT('',(157.5,0.,79.5));
#10153 = SURFACE_CURVE('',#10154,(#10159,#10166),.PCURVE_S1.);
#10154 = CIRCLE('',#10155,16.);
#10155 = AXIS2_PLACEMENT_3D('',#10156,#10157,#10158);
#10156 = CARTESIAN_POINT('',(157.5,0.,63.5));
#10157 = DIRECTION('',(0.,1.,0.));
#10158 = DIRECTION('',(0.,-0.,1.));
#10159 = PCURVE('',#7985,#10160);
#10160 = DEFINITIONAL_REPRESENTATION('',(#10161),#10165);
#10161 = CIRCLE('',#10162,16.);
#10162 = AXIS2_PLACEMENT_2D('',#10163,#10164);
#10163 = CARTESIAN_POINT('',(63.5,398.8));
#10164 = DIRECTION('',(1.,0.));
#10165 = ( GEOMETRIC_REPRESENTATION_CONTEXT(2) 
PARAMETRIC_REPRESENTATION_CONTEXT() REPRESENTATION_CONTEXT('2D SPACE',''
  ) );
#10166 = PCURVE('',#9074,#10167);
#10167 = DEFINITIONAL_REPRESENTATION('',(#10168),#10172);
#10168 = LINE('',#10169,#10170);
#10169 = CARTESIAN_POINT('',(0.,3.1));
#10170 = VECTOR('',#10171,1.);
#10171 = DIRECTION('',(1.,0.));
#10172 = ( GEOMETRIC_REPRESENTATION_CONTEXT(2) 
PARAMETRIC_REPRESENTATION_CONTEXT() REPRESENTATION_CONTEXT('2D SPACE',''
  ) );
#10173 = FACE_BOUND('',#10174,.T.);
#10174 = EDGE_LOOP('',(#10175));
#10175 = ORIENTED_EDGE('',*,*,#10176,.F.);
#10176 = EDGE_CURVE('',#10177,#10177,#10179,.T.);
#10177 = VERTEX_POINT('',#10178);
#10178 = CARTESIAN_POINT('',(178.,0.,82.25));
#10179 = SURFACE_CURVE('',#10180,(#10185,#10192),.PCURVE_S1.);
#10180 = CIRCLE('',#10181,2.25);
#10181 = AXIS2_PLACEMENT_3D('',#10182,#10183,#10184);
#10182 = CARTESIAN_POINT('',(178.,0.,80.));
#10183 = DIRECTION('',(0.,1.,0.));
#10184 = DIRECTION('',(0.,-0.,1.));
#10185 = PCURVE('',#7985,#10186);
#10186 = DEFINITIONAL_REPRESENTATION('',(#10187),#10191);
#10187 = CIRCLE('',#10188,2.25);
#10188 = AXIS2_PLACEMENT_2D('',#10189,#10190);
#10189 = CARTESIAN_POINT('',(80.,419.3));
#10190 = DIRECTION('',(1.,0.));
#10191 = ( GEOMETRIC_REPRESENTATION_CONTEXT(2) 
PARAMETRIC_REPRESENTATION_CONTEXT() REPRESENTATION_CONTEXT('2D SPACE',''
  ) );
#10192 = PCURVE('',#10193,#10198);
#10193 = CYLINDRICAL_SURFACE('',#10194,2.25);
#10194 = AXIS2_PLACEMENT_3D('',#10195,#10196,#10197);
#10195 = CARTESIAN_POINT('',(178.,-3.,80.));
#10196 = DIRECTION('',(0.,1.,0.));
#10197 = DIRECTION('',(0.,-0.,1.));
#10198 = DEFINITIONAL_REPRESENTATION('',(#10199),#10203);
#10199 = LINE('',#10200,#10201);
#10200 = CARTESIAN_POINT('',(0.,3.));
#10201 = VECTOR('',#10202,1.);
#10202 = DIRECTION('',(1.,0.));
#10203 = ( GEOMETRIC_REPRESENTATION_CONTEXT(2) 
PARAMETRIC_REPRESENTATION_CONTEXT() REPRESENTATION_CONTEXT('2D SPACE',''
  ) );
#10204 = FACE_BOUND('',#10205,.T.);
#10205 = EDGE_LOOP('',(#10206,#10229,#10253,#10274));
#10206 = ORIENTED_EDGE('',*,*,#10207,.F.);
#10207 = EDGE_CURVE('',#10208,#10210,#10212,.T.);
#10208 = VERTEX_POINT('',#10209);
#10209 = CARTESIAN_POINT('',(231.05,0.,85.1));
#10210 = VERTEX_POINT('',#10211);
#10211 = CARTESIAN_POINT('',(234.05,0.,85.1));
#10212 = SURFACE_CURVE('',#10213,(#10217,#10223),.PCURVE_S1.);
#10213 = LINE('',#10214,#10215);
#10214 = CARTESIAN_POINT('',(-5.125,0.,85.1));
#10215 = VECTOR('',#10216,1.);
#10216 = DIRECTION('',(1.,-0.,0.));
#10217 = PCURVE('',#7985,#10218);
#10218 = DEFINITIONAL_REPRESENTATION('',(#10219),#10222);
#10219 = B_SPLINE_CURVE_WITH_KNOTS('',1,(#10220,#10221),.UNSPECIFIED.,
  .F.,.F.,(2,2),(236.175,239.175),.PIECEWISE_BEZIER_KNOTS.);
#10220 = CARTESIAN_POINT('',(85.1,472.35));
#10221 = CARTESIAN_POINT('',(85.1,475.35));
#10222 = ( GEOMETRIC_REPRESENTATION_CONTEXT(2) 
PARAMETRIC_REPRESENTATION_CONTEXT() REPRESENTATION_CONTEXT('2D SPACE',''
  ) );
#10223 = PCURVE('',#9136,#10224);
#10224 = DEFINITIONAL_REPRESENTATION('',(#10225),#10228);
#10225 = B_SPLINE_CURVE_WITH_KNOTS('',1,(#10226,#10227),.UNSPECIFIED.,
  .F.,.F.,(2,2),(236.175,239.175),.PIECEWISE_BEZIER_KNOTS.);
#10226 = CARTESIAN_POINT('',(0.,-0.1));
#10227 = CARTESIAN_POINT('',(3.,-0.1));
#10228 = ( GEOMETRIC_REPRESENTATION_CONTEXT(2) 
PARAMETRIC_REPRESENTATION_CONTEXT() REPRESENTATION_CONTEXT('2D SPACE',''
  ) );
#10229 = ORIENTED_EDGE('',*,*,#10230,.F.);
#10230 = EDGE_CURVE('',#10231,#10208,#10233,.T.);
#10231 = VERTEX_POINT('',#10232);
#10232 = CARTESIAN_POINT('',(231.05,0.,78.1));
#10233 = SURFACE_CURVE('',#10234,(#10239,#10246),.PCURVE_S1.);
#10234 = CIRCLE('',#10235,3.5);
#10235 = AXIS2_PLACEMENT_3D('',#10236,#10237,#10238);
#10236 = CARTESIAN_POINT('',(231.05,0.,81.6));
#10237 = DIRECTION('',(0.,1.,0.));
#10238 = DIRECTION('',(-6.344131569287E-17,0.,-1.));
#10239 = PCURVE('',#7985,#10240);
#10240 = DEFINITIONAL_REPRESENTATION('',(#10241),#10245);
#10241 = CIRCLE('',#10242,3.5);
#10242 = AXIS2_PLACEMENT_2D('',#10243,#10244);
#10243 = CARTESIAN_POINT('',(81.6,472.35));
#10244 = DIRECTION('',(-1.,-6.344131569287E-17));
#10245 = ( GEOMETRIC_REPRESENTATION_CONTEXT(2) 
PARAMETRIC_REPRESENTATION_CONTEXT() REPRESENTATION_CONTEXT('2D SPACE',''
  ) );
#10246 = PCURVE('',#9164,#10247);
#10247 = DEFINITIONAL_REPRESENTATION('',(#10248),#10252);
#10248 = LINE('',#10249,#10250);
#10249 = CARTESIAN_POINT('',(0.,-0.1));
#10250 = VECTOR('',#10251,1.);
#10251 = DIRECTION('',(1.,0.));
#10252 = ( GEOMETRIC_REPRESENTATION_CONTEXT(2) 
PARAMETRIC_REPRESENTATION_CONTEXT() REPRESENTATION_CONTEXT('2D SPACE',''
  ) );
#10253 = ORIENTED_EDGE('',*,*,#10254,.F.);
#10254 = EDGE_CURVE('',#10255,#10231,#10257,.T.);
#10255 = VERTEX_POINT('',#10256);
#10256 = CARTESIAN_POINT('',(234.05,0.,78.1));
#10257 = SURFACE_CURVE('',#10258,(#10262,#10268),.PCURVE_S1.);
#10258 = LINE('',#10259,#10260);
#10259 = CARTESIAN_POINT('',(-3.625,0.,78.1));
#10260 = VECTOR('',#10261,1.);
#10261 = DIRECTION('',(-1.,0.,0.));
#10262 = PCURVE('',#7985,#10263);
#10263 = DEFINITIONAL_REPRESENTATION('',(#10264),#10267);
#10264 = B_SPLINE_CURVE_WITH_KNOTS('',1,(#10265,#10266),.UNSPECIFIED.,
  .F.,.F.,(2,2),(-237.675,-234.675),.PIECEWISE_BEZIER_KNOTS.);
#10265 = CARTESIAN_POINT('',(78.1,475.35));
#10266 = CARTESIAN_POINT('',(78.1,472.35));
#10267 = ( GEOMETRIC_REPRESENTATION_CONTEXT(2) 
PARAMETRIC_REPRESENTATION_CONTEXT() REPRESENTATION_CONTEXT('2D SPACE',''
  ) );
#10268 = PCURVE('',#9191,#10269);
#10269 = DEFINITIONAL_REPRESENTATION('',(#10270),#10273);
#10270 = B_SPLINE_CURVE_WITH_KNOTS('',1,(#10271,#10272),.UNSPECIFIED.,
  .F.,.F.,(2,2),(-237.675,-234.675),.PIECEWISE_BEZIER_KNOTS.);
#10271 = CARTESIAN_POINT('',(0.,-0.1));
#10272 = CARTESIAN_POINT('',(3.,-0.1));
#10273 = ( GEOMETRIC_REPRESENTATION_CONTEXT(2) 
PARAMETRIC_REPRESENTATION_CONTEXT() REPRESENTATION_CONTEXT('2D SPACE',''
  ) );
#10274 = ORIENTED_EDGE('',*,*,#10275,.F.);
#10275 = EDGE_CURVE('',#10210,#10255,#10276,.T.);
#10276 = SURFACE_CURVE('',#10277,(#10282,#10289),.PCURVE_S1.);
#10277 = CIRCLE('',#10278,3.5);
#10278 = AXIS2_PLACEMENT_3D('',#10279,#10280,#10281);
#10279 = CARTESIAN_POINT('',(234.05,0.,81.6));
#10280 = DIRECTION('',(-0.,1.,0.));
#10281 = DIRECTION('',(6.344131569287E-17,0.,1.));
#10282 = PCURVE('',#7985,#10283);
#10283 = DEFINITIONAL_REPRESENTATION('',(#10284),#10288);
#10284 = CIRCLE('',#10285,3.5);
#10285 = AXIS2_PLACEMENT_2D('',#10286,#10287);
#10286 = CARTESIAN_POINT('',(81.6,475.35));
#10287 = DIRECTION('',(1.,6.344131569287E-17));
#10288 = ( GEOMETRIC_REPRESENTATION_CONTEXT(2) 
PARAMETRIC_REPRESENTATION_CONTEXT() REPRESENTATION_CONTEXT('2D SPACE',''
  ) );
#10289 = PCURVE('',#9217,#10290);
#10290 = DEFINITIONAL_REPRESENTATION('',(#10291),#10295);
#10291 = LINE('',#10292,#10293);
#10292 = CARTESIAN_POINT('',(0.,-0.1));
#10293 = VECTOR('',#10294,1.);
#10294 = DIRECTION('',(1.,0.));
#10295 = ( GEOMETRIC_REPRESENTATION_CONTEXT(2) 
PARAMETRIC_REPRESENTATION_CONTEXT() REPRESENTATION_CONTEXT('2D SPACE',''
  ) );
#10296 = ADVANCED_FACE('',(#10297),#7957,.F.);
#10297 = FACE_BOUND('',#10298,.F.);
#10298 = EDGE_LOOP('',(#10299,#10300,#10301,#10322));
#10299 = ORIENTED_EDGE('',*,*,#7941,.F.);
#10300 = ORIENTED_EDGE('',*,*,#8026,.T.);
#10301 = ORIENTED_EDGE('',*,*,#10302,.T.);
#10302 = EDGE_CURVE('',#8027,#9282,#10303,.T.);
#10303 = SURFACE_CURVE('',#10304,(#10308,#10315),.PCURVE_S1.);
#10304 = LINE('',#10305,#10306);
#10305 = CARTESIAN_POINT('',(241.3,-3.,0.));
#10306 = VECTOR('',#10307,1.);
#10307 = DIRECTION('',(0.,1.,0.));
#10308 = PCURVE('',#7957,#10309);
#10309 = DEFINITIONAL_REPRESENTATION('',(#10310),#10314);
#10310 = LINE('',#10311,#10312);
#10311 = CARTESIAN_POINT('',(482.6,0.));
#10312 = VECTOR('',#10313,1.);
#10313 = DIRECTION('',(0.,1.));
#10314 = ( GEOMETRIC_REPRESENTATION_CONTEXT(2) 
PARAMETRIC_REPRESENTATION_CONTEXT() REPRESENTATION_CONTEXT('2D SPACE',''
  ) );
#10315 = PCURVE('',#8087,#10316);
#10316 = DEFINITIONAL_REPRESENTATION('',(#10317),#10321);
#10317 = LINE('',#10318,#10319);
#10318 = CARTESIAN_POINT('',(0.,0.));
#10319 = VECTOR('',#10320,1.);
#10320 = DIRECTION('',(0.,-1.));
#10321 = ( GEOMETRIC_REPRESENTATION_CONTEXT(2) 
PARAMETRIC_REPRESENTATION_CONTEXT() REPRESENTATION_CONTEXT('2D SPACE',''
  ) );
#10322 = ORIENTED_EDGE('',*,*,#9281,.F.);
#10323 = ADVANCED_FACE('',(#10324),#8087,.T.);
#10324 = FACE_BOUND('',#10325,.T.);
#10325 = EDGE_LOOP('',(#10326,#10327,#10328,#10329));
#10326 = ORIENTED_EDGE('',*,*,#8073,.F.);
#10327 = ORIENTED_EDGE('',*,*,#10302,.T.);
#10328 = ORIENTED_EDGE('',*,*,#9306,.T.);
#10329 = ORIENTED_EDGE('',*,*,#9234,.F.);
#10330 = ADVANCED_FACE('',(#10331),#8118,.F.);
#10331 = FACE_BOUND('',#10332,.F.);
#10332 = EDGE_LOOP('',(#10333,#10334,#10355,#10356));
#10333 = ORIENTED_EDGE('',*,*,#9329,.F.);
#10334 = ORIENTED_EDGE('',*,*,#10335,.T.);
#10335 = EDGE_CURVE('',#9330,#8102,#10336,.T.);
#10336 = SURFACE_CURVE('',#10337,(#10341,#10348),.PCURVE_S1.);
#10337 = LINE('',#10338,#10339);
#10338 = CARTESIAN_POINT('',(-234.05,0.1,8.9));
#10339 = VECTOR('',#10340,1.);
#10340 = DIRECTION('',(0.,-1.,0.));
#10341 = PCURVE('',#8118,#10342);
#10342 = DEFINITIONAL_REPRESENTATION('',(#10343),#10347);
#10343 = LINE('',#10344,#10345);
#10344 = CARTESIAN_POINT('',(0.,0.));
#10345 = VECTOR('',#10346,1.);
#10346 = DIRECTION('',(0.,-1.));
#10347 = ( GEOMETRIC_REPRESENTATION_CONTEXT(2) 
PARAMETRIC_REPRESENTATION_CONTEXT() REPRESENTATION_CONTEXT('2D SPACE',''
  ) );
#10348 = PCURVE('',#8146,#10349);
#10349 = DEFINITIONAL_REPRESENTATION('',(#10350),#10354);
#10350 = LINE('',#10351,#10352);
#10351 = CARTESIAN_POINT('',(3.14159265359,0.));
#10352 = VECTOR('',#10353,1.);
#10353 = DIRECTION('',(0.,-1.));
#10354 = ( GEOMETRIC_REPRESENTATION_CONTEXT(2) 
PARAMETRIC_REPRESENTATION_CONTEXT() REPRESENTATION_CONTEXT('2D SPACE',''
  ) );
#10355 = ORIENTED_EDGE('',*,*,#8101,.T.);
#10356 = ORIENTED_EDGE('',*,*,#10357,.F.);
#10357 = EDGE_CURVE('',#9332,#8104,#10358,.T.);
#10358 = SURFACE_CURVE('',#10359,(#10363,#10370),.PCURVE_S1.);
#10359 = LINE('',#10360,#10361);
#10360 = CARTESIAN_POINT('',(-231.05,0.1,8.9));
#10361 = VECTOR('',#10362,1.);
#10362 = DIRECTION('',(0.,-1.,0.));
#10363 = PCURVE('',#8118,#10364);
#10364 = DEFINITIONAL_REPRESENTATION('',(#10365),#10369);
#10365 = LINE('',#10366,#10367);
#10366 = CARTESIAN_POINT('',(3.,0.));
#10367 = VECTOR('',#10368,1.);
#10368 = DIRECTION('',(0.,-1.));
#10369 = ( GEOMETRIC_REPRESENTATION_CONTEXT(2) 
PARAMETRIC_REPRESENTATION_CONTEXT() REPRESENTATION_CONTEXT('2D SPACE',''
  ) );
#10370 = PCURVE('',#8199,#10371);
#10371 = DEFINITIONAL_REPRESENTATION('',(#10372),#10376);
#10372 = LINE('',#10373,#10374);
#10373 = CARTESIAN_POINT('',(0.,0.));
#10374 = VECTOR('',#10375,1.);
#10375 = DIRECTION('',(0.,-1.));
#10376 = ( GEOMETRIC_REPRESENTATION_CONTEXT(2) 
PARAMETRIC_REPRESENTATION_CONTEXT() REPRESENTATION_CONTEXT('2D SPACE',''
  ) );
#10377 = ADVANCED_FACE('',(#10378),#8146,.F.);
#10378 = FACE_BOUND('',#10379,.F.);
#10379 = EDGE_LOOP('',(#10380,#10381,#10402,#10403));
#10380 = ORIENTED_EDGE('',*,*,#9352,.F.);
#10381 = ORIENTED_EDGE('',*,*,#10382,.T.);
#10382 = EDGE_CURVE('',#9353,#8130,#10383,.T.);
#10383 = SURFACE_CURVE('',#10384,(#10388,#10395),.PCURVE_S1.);
#10384 = LINE('',#10385,#10386);
#10385 = CARTESIAN_POINT('',(-234.05,0.1,1.9));
#10386 = VECTOR('',#10387,1.);
#10387 = DIRECTION('',(0.,-1.,0.));
#10388 = PCURVE('',#8146,#10389);
#10389 = DEFINITIONAL_REPRESENTATION('',(#10390),#10394);
#10390 = LINE('',#10391,#10392);
#10391 = CARTESIAN_POINT('',(0.,0.));
#10392 = VECTOR('',#10393,1.);
#10393 = DIRECTION('',(0.,-1.));
#10394 = ( GEOMETRIC_REPRESENTATION_CONTEXT(2) 
PARAMETRIC_REPRESENTATION_CONTEXT() REPRESENTATION_CONTEXT('2D SPACE',''
  ) );
#10395 = PCURVE('',#8173,#10396);
#10396 = DEFINITIONAL_REPRESENTATION('',(#10397),#10401);
#10397 = LINE('',#10398,#10399);
#10398 = CARTESIAN_POINT('',(3.,0.));
#10399 = VECTOR('',#10400,1.);
#10400 = DIRECTION('',(0.,-1.));
#10401 = ( GEOMETRIC_REPRESENTATION_CONTEXT(2) 
PARAMETRIC_REPRESENTATION_CONTEXT() REPRESENTATION_CONTEXT('2D SPACE',''
  ) );
#10402 = ORIENTED_EDGE('',*,*,#8129,.T.);
#10403 = ORIENTED_EDGE('',*,*,#10335,.F.);
#10404 = ADVANCED_FACE('',(#10405),#8199,.F.);
#10405 = FACE_BOUND('',#10406,.F.);
#10406 = EDGE_LOOP('',(#10407,#10408,#10409,#10410));
#10407 = ORIENTED_EDGE('',*,*,#9397,.F.);
#10408 = ORIENTED_EDGE('',*,*,#10357,.T.);
#10409 = ORIENTED_EDGE('',*,*,#8184,.T.);
#10410 = ORIENTED_EDGE('',*,*,#10411,.F.);
#10411 = EDGE_CURVE('',#9377,#8159,#10412,.T.);
#10412 = SURFACE_CURVE('',#10413,(#10417,#10424),.PCURVE_S1.);
#10413 = LINE('',#10414,#10415);
#10414 = CARTESIAN_POINT('',(-231.05,0.1,1.9));
#10415 = VECTOR('',#10416,1.);
#10416 = DIRECTION('',(0.,-1.,0.));
#10417 = PCURVE('',#8199,#10418);
#10418 = DEFINITIONAL_REPRESENTATION('',(#10419),#10423);
#10419 = LINE('',#10420,#10421);
#10420 = CARTESIAN_POINT('',(3.14159265359,0.));
#10421 = VECTOR('',#10422,1.);
#10422 = DIRECTION('',(0.,-1.));
#10423 = ( GEOMETRIC_REPRESENTATION_CONTEXT(2) 
PARAMETRIC_REPRESENTATION_CONTEXT() REPRESENTATION_CONTEXT('2D SPACE',''
  ) );
#10424 = PCURVE('',#8173,#10425);
#10425 = DEFINITIONAL_REPRESENTATION('',(#10426),#10430);
#10426 = LINE('',#10427,#10428);
#10427 = CARTESIAN_POINT('',(0.,0.));
#10428 = VECTOR('',#10429,1.);
#10429 = DIRECTION('',(0.,-1.));
#10430 = ( GEOMETRIC_REPRESENTATION_CONTEXT(2) 
PARAMETRIC_REPRESENTATION_CONTEXT() REPRESENTATION_CONTEXT('2D SPACE',''
  ) );
#10431 = ADVANCED_FACE('',(#10432),#8173,.F.);
#10432 = FACE_BOUND('',#10433,.F.);
#10433 = EDGE_LOOP('',(#10434,#10435,#10436,#10437));
#10434 = ORIENTED_EDGE('',*,*,#9376,.F.);
#10435 = ORIENTED_EDGE('',*,*,#10411,.T.);
#10436 = ORIENTED_EDGE('',*,*,#8158,.T.);
#10437 = ORIENTED_EDGE('',*,*,#10382,.F.);
#10438 = ADVANCED_FACE('',(#10439),#8230,.F.);
#10439 = FACE_BOUND('',#10440,.F.);
#10440 = EDGE_LOOP('',(#10441,#10465,#10486,#10487));
#10441 = ORIENTED_EDGE('',*,*,#10442,.F.);
#10442 = EDGE_CURVE('',#10443,#10443,#10445,.T.);
#10443 = VERTEX_POINT('',#10444);
#10444 = CARTESIAN_POINT('',(-178.,-1.25,9.25));
#10445 = SURFACE_CURVE('',#10446,(#10451,#10458),.PCURVE_S1.);
#10446 = CIRCLE('',#10447,2.25);
#10447 = AXIS2_PLACEMENT_3D('',#10448,#10449,#10450);
#10448 = CARTESIAN_POINT('',(-178.,-1.25,7.));
#10449 = DIRECTION('',(0.,1.,0.));
#10450 = DIRECTION('',(0.,-0.,1.));
#10451 = PCURVE('',#8230,#10452);
#10452 = DEFINITIONAL_REPRESENTATION('',(#10453),#10457);
#10453 = LINE('',#10454,#10455);
#10454 = CARTESIAN_POINT('',(-0.,-1.75));
#10455 = VECTOR('',#10456,1.);
#10456 = DIRECTION('',(-1.,-0.));
#10457 = ( GEOMETRIC_REPRESENTATION_CONTEXT(2) 
PARAMETRIC_REPRESENTATION_CONTEXT() REPRESENTATION_CONTEXT('2D SPACE',''
  ) );
#10458 = PCURVE('',#9438,#10459);
#10459 = DEFINITIONAL_REPRESENTATION('',(#10460),#10464);
#10460 = LINE('',#10461,#10462);
#10461 = CARTESIAN_POINT('',(0.,1.75));
#10462 = VECTOR('',#10463,1.);
#10463 = DIRECTION('',(1.,0.));
#10464 = ( GEOMETRIC_REPRESENTATION_CONTEXT(2) 
PARAMETRIC_REPRESENTATION_CONTEXT() REPRESENTATION_CONTEXT('2D SPACE',''
  ) );
#10465 = ORIENTED_EDGE('',*,*,#10466,.F.);
#10466 = EDGE_CURVE('',#8214,#10443,#10467,.T.);
#10467 = SEAM_CURVE('',#10468,(#10472,#10479),.PCURVE_S1.);
#10468 = LINE('',#10469,#10470);
#10469 = CARTESIAN_POINT('',(-178.,-3.,11.));
#10470 = VECTOR('',#10471,1.);
#10471 = DIRECTION('',(1.731912112471E-16,0.707106781187,-0.707106781187
    ));
#10472 = PCURVE('',#8230,#10473);
#10473 = DEFINITIONAL_REPRESENTATION('',(#10474),#10478);
#10474 = LINE('',#10475,#10476);
#10475 = CARTESIAN_POINT('',(-6.28318530718,0.));
#10476 = VECTOR('',#10477,1.);
#10477 = DIRECTION('',(-0.,-1.));
#10478 = ( GEOMETRIC_REPRESENTATION_CONTEXT(2) 
PARAMETRIC_REPRESENTATION_CONTEXT() REPRESENTATION_CONTEXT('2D SPACE',''
  ) );
#10479 = PCURVE('',#8230,#10480);
#10480 = DEFINITIONAL_REPRESENTATION('',(#10481),#10485);
#10481 = LINE('',#10482,#10483);
#10482 = CARTESIAN_POINT('',(0.,-0.));
#10483 = VECTOR('',#10484,1.);
#10484 = DIRECTION('',(-0.,-1.));
#10485 = ( GEOMETRIC_REPRESENTATION_CONTEXT(2) 
PARAMETRIC_REPRESENTATION_CONTEXT() REPRESENTATION_CONTEXT('2D SPACE',''
  ) );
#10486 = ORIENTED_EDGE('',*,*,#8213,.T.);
#10487 = ORIENTED_EDGE('',*,*,#10466,.T.);
#10488 = ADVANCED_FACE('',(#10489),#8261,.F.);
#10489 = FACE_BOUND('',#10490,.F.);
#10490 = EDGE_LOOP('',(#10491,#10492,#10513,#10514));
#10491 = ORIENTED_EDGE('',*,*,#9452,.F.);
#10492 = ORIENTED_EDGE('',*,*,#10493,.F.);
#10493 = EDGE_CURVE('',#8245,#9453,#10494,.T.);
#10494 = SEAM_CURVE('',#10495,(#10499,#10506),.PCURVE_S1.);
#10495 = LINE('',#10496,#10497);
#10496 = CARTESIAN_POINT('',(-157.5,-3.1,39.5));
#10497 = VECTOR('',#10498,1.);
#10498 = DIRECTION('',(0.,1.,0.));
#10499 = PCURVE('',#8261,#10500);
#10500 = DEFINITIONAL_REPRESENTATION('',(#10501),#10505);
#10501 = LINE('',#10502,#10503);
#10502 = CARTESIAN_POINT('',(6.28318530718,-0.));
#10503 = VECTOR('',#10504,1.);
#10504 = DIRECTION('',(0.,1.));
#10505 = ( GEOMETRIC_REPRESENTATION_CONTEXT(2) 
PARAMETRIC_REPRESENTATION_CONTEXT() REPRESENTATION_CONTEXT('2D SPACE',''
  ) );
#10506 = PCURVE('',#8261,#10507);
#10507 = DEFINITIONAL_REPRESENTATION('',(#10508),#10512);
#10508 = LINE('',#10509,#10510);
#10509 = CARTESIAN_POINT('',(0.,-0.));
#10510 = VECTOR('',#10511,1.);
#10511 = DIRECTION('',(0.,1.));
#10512 = ( GEOMETRIC_REPRESENTATION_CONTEXT(2) 
PARAMETRIC_REPRESENTATION_CONTEXT() REPRESENTATION_CONTEXT('2D SPACE',''
  ) );
#10513 = ORIENTED_EDGE('',*,*,#8244,.T.);
#10514 = ORIENTED_EDGE('',*,*,#10493,.T.);
#10515 = ADVANCED_FACE('',(#10516),#8292,.F.);
#10516 = FACE_BOUND('',#10517,.F.);
#10517 = EDGE_LOOP('',(#10518,#10542,#10563,#10564));
#10518 = ORIENTED_EDGE('',*,*,#10519,.F.);
#10519 = EDGE_CURVE('',#10520,#10520,#10522,.T.);
#10520 = VERTEX_POINT('',#10521);
#10521 = CARTESIAN_POINT('',(-5.510910596163E-16,-1.25,9.25));
#10522 = SURFACE_CURVE('',#10523,(#10528,#10535),.PCURVE_S1.);
#10523 = CIRCLE('',#10524,2.25);
#10524 = AXIS2_PLACEMENT_3D('',#10525,#10526,#10527);
#10525 = CARTESIAN_POINT('',(0.,-1.25,7.));
#10526 = DIRECTION('',(0.,1.,0.));
#10527 = DIRECTION('',(0.,-0.,1.));
#10528 = PCURVE('',#8292,#10529);
#10529 = DEFINITIONAL_REPRESENTATION('',(#10530),#10534);
#10530 = LINE('',#10531,#10532);
#10531 = CARTESIAN_POINT('',(-0.,-1.75));
#10532 = VECTOR('',#10533,1.);
#10533 = DIRECTION('',(-1.,-0.));
#10534 = ( GEOMETRIC_REPRESENTATION_CONTEXT(2) 
PARAMETRIC_REPRESENTATION_CONTEXT() REPRESENTATION_CONTEXT('2D SPACE',''
  ) );
#10535 = PCURVE('',#9495,#10536);
#10536 = DEFINITIONAL_REPRESENTATION('',(#10537),#10541);
#10537 = LINE('',#10538,#10539);
#10538 = CARTESIAN_POINT('',(0.,1.75));
#10539 = VECTOR('',#10540,1.);
#10540 = DIRECTION('',(1.,0.));
#10541 = ( GEOMETRIC_REPRESENTATION_CONTEXT(2) 
PARAMETRIC_REPRESENTATION_CONTEXT() REPRESENTATION_CONTEXT('2D SPACE',''
  ) );
#10542 = ORIENTED_EDGE('',*,*,#10543,.F.);
#10543 = EDGE_CURVE('',#8276,#10520,#10544,.T.);
#10544 = SEAM_CURVE('',#10545,(#10549,#10556),.PCURVE_S1.);
#10545 = LINE('',#10546,#10547);
#10546 = CARTESIAN_POINT('',(-9.797174393179E-16,-3.,11.));
#10547 = VECTOR('',#10548,1.);
#10548 = DIRECTION('',(1.731912112471E-16,0.707106781187,-0.707106781187
    ));
#10549 = PCURVE('',#8292,#10550);
#10550 = DEFINITIONAL_REPRESENTATION('',(#10551),#10555);
#10551 = LINE('',#10552,#10553);
#10552 = CARTESIAN_POINT('',(-6.28318530718,0.));
#10553 = VECTOR('',#10554,1.);
#10554 = DIRECTION('',(-0.,-1.));
#10555 = ( GEOMETRIC_REPRESENTATION_CONTEXT(2) 
PARAMETRIC_REPRESENTATION_CONTEXT() REPRESENTATION_CONTEXT('2D SPACE',''
  ) );
#10556 = PCURVE('',#8292,#10557);
#10557 = DEFINITIONAL_REPRESENTATION('',(#10558),#10562);
#10558 = LINE('',#10559,#10560);
#10559 = CARTESIAN_POINT('',(0.,-0.));
#10560 = VECTOR('',#10561,1.);
#10561 = DIRECTION('',(-0.,-1.));
#10562 = ( GEOMETRIC_REPRESENTATION_CONTEXT(2) 
PARAMETRIC_REPRESENTATION_CONTEXT() REPRESENTATION_CONTEXT('2D SPACE',''
  ) );
#10563 = ORIENTED_EDGE('',*,*,#8275,.T.);
#10564 = ORIENTED_EDGE('',*,*,#10543,.T.);
#10565 = ADVANCED_FACE('',(#10566),#8323,.F.);
#10566 = FACE_BOUND('',#10567,.F.);
#10567 = EDGE_LOOP('',(#10568,#10569,#10590,#10591));
#10568 = ORIENTED_EDGE('',*,*,#9509,.F.);
#10569 = ORIENTED_EDGE('',*,*,#10570,.F.);
#10570 = EDGE_CURVE('',#8307,#9510,#10571,.T.);
#10571 = SEAM_CURVE('',#10572,(#10576,#10583),.PCURVE_S1.);
#10572 = LINE('',#10573,#10574);
#10573 = CARTESIAN_POINT('',(-112.5,-3.1,39.5));
#10574 = VECTOR('',#10575,1.);
#10575 = DIRECTION('',(0.,1.,0.));
#10576 = PCURVE('',#8323,#10577);
#10577 = DEFINITIONAL_REPRESENTATION('',(#10578),#10582);
#10578 = LINE('',#10579,#10580);
#10579 = CARTESIAN_POINT('',(6.28318530718,-0.));
#10580 = VECTOR('',#10581,1.);
#10581 = DIRECTION('',(0.,1.));
#10582 = ( GEOMETRIC_REPRESENTATION_CONTEXT(2) 
PARAMETRIC_REPRESENTATION_CONTEXT() REPRESENTATION_CONTEXT('2D SPACE',''
  ) );
#10583 = PCURVE('',#8323,#10584);
#10584 = DEFINITIONAL_REPRESENTATION('',(#10585),#10589);
#10585 = LINE('',#10586,#10587);
#10586 = CARTESIAN_POINT('',(0.,-0.));
#10587 = VECTOR('',#10588,1.);
#10588 = DIRECTION('',(0.,1.));
#10589 = ( GEOMETRIC_REPRESENTATION_CONTEXT(2) 
PARAMETRIC_REPRESENTATION_CONTEXT() REPRESENTATION_CONTEXT('2D SPACE',''
  ) );
#10590 = ORIENTED_EDGE('',*,*,#8306,.T.);
#10591 = ORIENTED_EDGE('',*,*,#10570,.T.);
#10592 = ADVANCED_FACE('',(#10593),#8354,.F.);
#10593 = FACE_BOUND('',#10594,.F.);
#10594 = EDGE_LOOP('',(#10595,#10596,#10617,#10618));
#10595 = ORIENTED_EDGE('',*,*,#9535,.F.);
#10596 = ORIENTED_EDGE('',*,*,#10597,.F.);
#10597 = EDGE_CURVE('',#8338,#9536,#10598,.T.);
#10598 = SEAM_CURVE('',#10599,(#10603,#10610),.PCURVE_S1.);
#10599 = LINE('',#10600,#10601);
#10600 = CARTESIAN_POINT('',(-67.5,-3.1,39.5));
#10601 = VECTOR('',#10602,1.);
#10602 = DIRECTION('',(0.,1.,0.));
#10603 = PCURVE('',#8354,#10604);
#10604 = DEFINITIONAL_REPRESENTATION('',(#10605),#10609);
#10605 = LINE('',#10606,#10607);
#10606 = CARTESIAN_POINT('',(6.28318530718,-0.));
#10607 = VECTOR('',#10608,1.);
#10608 = DIRECTION('',(0.,1.));
#10609 = ( GEOMETRIC_REPRESENTATION_CONTEXT(2) 
PARAMETRIC_REPRESENTATION_CONTEXT() REPRESENTATION_CONTEXT('2D SPACE',''
  ) );
#10610 = PCURVE('',#8354,#10611);
#10611 = DEFINITIONAL_REPRESENTATION('',(#10612),#10616);
#10612 = LINE('',#10613,#10614);
#10613 = CARTESIAN_POINT('',(0.,-0.));
#10614 = VECTOR('',#10615,1.);
#10615 = DIRECTION('',(0.,1.));
#10616 = ( GEOMETRIC_REPRESENTATION_CONTEXT(2) 
PARAMETRIC_REPRESENTATION_CONTEXT() REPRESENTATION_CONTEXT('2D SPACE',''
  ) );
#10617 = ORIENTED_EDGE('',*,*,#8337,.T.);
#10618 = ORIENTED_EDGE('',*,*,#10597,.T.);
#10619 = ADVANCED_FACE('',(#10620),#8385,.F.);
#10620 = FACE_BOUND('',#10621,.F.);
#10621 = EDGE_LOOP('',(#10622,#10623,#10644,#10645));
#10622 = ORIENTED_EDGE('',*,*,#9561,.F.);
#10623 = ORIENTED_EDGE('',*,*,#10624,.F.);
#10624 = EDGE_CURVE('',#8369,#9562,#10625,.T.);
#10625 = SEAM_CURVE('',#10626,(#10630,#10637),.PCURVE_S1.);
#10626 = LINE('',#10627,#10628);
#10627 = CARTESIAN_POINT('',(-22.5,-3.1,39.5));
#10628 = VECTOR('',#10629,1.);
#10629 = DIRECTION('',(0.,1.,0.));
#10630 = PCURVE('',#8385,#10631);
#10631 = DEFINITIONAL_REPRESENTATION('',(#10632),#10636);
#10632 = LINE('',#10633,#10634);
#10633 = CARTESIAN_POINT('',(6.28318530718,-0.));
#10634 = VECTOR('',#10635,1.);
#10635 = DIRECTION('',(0.,1.));
#10636 = ( GEOMETRIC_REPRESENTATION_CONTEXT(2) 
PARAMETRIC_REPRESENTATION_CONTEXT() REPRESENTATION_CONTEXT('2D SPACE',''
  ) );
#10637 = PCURVE('',#8385,#10638);
#10638 = DEFINITIONAL_REPRESENTATION('',(#10639),#10643);
#10639 = LINE('',#10640,#10641);
#10640 = CARTESIAN_POINT('',(0.,-0.));
#10641 = VECTOR('',#10642,1.);
#10642 = DIRECTION('',(0.,1.));
#10643 = ( GEOMETRIC_REPRESENTATION_CONTEXT(2) 
PARAMETRIC_REPRESENTATION_CONTEXT() REPRESENTATION_CONTEXT('2D SPACE',''
  ) );
#10644 = ORIENTED_EDGE('',*,*,#8368,.T.);
#10645 = ORIENTED_EDGE('',*,*,#10624,.T.);
#10646 = ADVANCED_FACE('',(#10647),#8416,.F.);
#10647 = FACE_BOUND('',#10648,.F.);
#10648 = EDGE_LOOP('',(#10649,#10650,#10671,#10672));
#10649 = ORIENTED_EDGE('',*,*,#9587,.F.);
#10650 = ORIENTED_EDGE('',*,*,#10651,.F.);
#10651 = EDGE_CURVE('',#8400,#9588,#10652,.T.);
#10652 = SEAM_CURVE('',#10653,(#10657,#10664),.PCURVE_S1.);
#10653 = LINE('',#10654,#10655);
#10654 = CARTESIAN_POINT('',(-157.5,-3.1,79.5));
#10655 = VECTOR('',#10656,1.);
#10656 = DIRECTION('',(0.,1.,0.));
#10657 = PCURVE('',#8416,#10658);
#10658 = DEFINITIONAL_REPRESENTATION('',(#10659),#10663);
#10659 = LINE('',#10660,#10661);
#10660 = CARTESIAN_POINT('',(6.28318530718,-0.));
#10661 = VECTOR('',#10662,1.);
#10662 = DIRECTION('',(0.,1.));
#10663 = ( GEOMETRIC_REPRESENTATION_CONTEXT(2) 
PARAMETRIC_REPRESENTATION_CONTEXT() REPRESENTATION_CONTEXT('2D SPACE',''
  ) );
#10664 = PCURVE('',#8416,#10665);
#10665 = DEFINITIONAL_REPRESENTATION('',(#10666),#10670);
#10666 = LINE('',#10667,#10668);
#10667 = CARTESIAN_POINT('',(0.,-0.));
#10668 = VECTOR('',#10669,1.);
#10669 = DIRECTION('',(0.,1.));
#10670 = ( GEOMETRIC_REPRESENTATION_CONTEXT(2) 
PARAMETRIC_REPRESENTATION_CONTEXT() REPRESENTATION_CONTEXT('2D SPACE',''
  ) );
#10671 = ORIENTED_EDGE('',*,*,#8399,.T.);
#10672 = ORIENTED_EDGE('',*,*,#10651,.T.);
#10673 = ADVANCED_FACE('',(#10674),#8447,.F.);
#10674 = FACE_BOUND('',#10675,.F.);
#10675 = EDGE_LOOP('',(#10676,#10677,#10698,#10699));
#10676 = ORIENTED_EDGE('',*,*,#9613,.F.);
#10677 = ORIENTED_EDGE('',*,*,#10678,.T.);
#10678 = EDGE_CURVE('',#9614,#8431,#10679,.T.);
#10679 = SURFACE_CURVE('',#10680,(#10684,#10691),.PCURVE_S1.);
#10680 = LINE('',#10681,#10682);
#10681 = CARTESIAN_POINT('',(-234.05,0.1,85.1));
#10682 = VECTOR('',#10683,1.);
#10683 = DIRECTION('',(0.,-1.,0.));
#10684 = PCURVE('',#8447,#10685);
#10685 = DEFINITIONAL_REPRESENTATION('',(#10686),#10690);
#10686 = LINE('',#10687,#10688);
#10687 = CARTESIAN_POINT('',(0.,0.));
#10688 = VECTOR('',#10689,1.);
#10689 = DIRECTION('',(0.,-1.));
#10690 = ( GEOMETRIC_REPRESENTATION_CONTEXT(2) 
PARAMETRIC_REPRESENTATION_CONTEXT() REPRESENTATION_CONTEXT('2D SPACE',''
  ) );
#10691 = PCURVE('',#8475,#10692);
#10692 = DEFINITIONAL_REPRESENTATION('',(#10693),#10697);
#10693 = LINE('',#10694,#10695);
#10694 = CARTESIAN_POINT('',(3.14159265359,0.));
#10695 = VECTOR('',#10696,1.);
#10696 = DIRECTION('',(0.,-1.));
#10697 = ( GEOMETRIC_REPRESENTATION_CONTEXT(2) 
PARAMETRIC_REPRESENTATION_CONTEXT() REPRESENTATION_CONTEXT('2D SPACE',''
  ) );
#10698 = ORIENTED_EDGE('',*,*,#8430,.T.);
#10699 = ORIENTED_EDGE('',*,*,#10700,.F.);
#10700 = EDGE_CURVE('',#9616,#8433,#10701,.T.);
#10701 = SURFACE_CURVE('',#10702,(#10706,#10713),.PCURVE_S1.);
#10702 = LINE('',#10703,#10704);
#10703 = CARTESIAN_POINT('',(-231.05,0.1,85.1));
#10704 = VECTOR('',#10705,1.);
#10705 = DIRECTION('',(0.,-1.,0.));
#10706 = PCURVE('',#8447,#10707);
#10707 = DEFINITIONAL_REPRESENTATION('',(#10708),#10712);
#10708 = LINE('',#10709,#10710);
#10709 = CARTESIAN_POINT('',(3.,0.));
#10710 = VECTOR('',#10711,1.);
#10711 = DIRECTION('',(0.,-1.));
#10712 = ( GEOMETRIC_REPRESENTATION_CONTEXT(2) 
PARAMETRIC_REPRESENTATION_CONTEXT() REPRESENTATION_CONTEXT('2D SPACE',''
  ) );
#10713 = PCURVE('',#8528,#10714);
#10714 = DEFINITIONAL_REPRESENTATION('',(#10715),#10719);
#10715 = LINE('',#10716,#10717);
#10716 = CARTESIAN_POINT('',(0.,0.));
#10717 = VECTOR('',#10718,1.);
#10718 = DIRECTION('',(0.,-1.));
#10719 = ( GEOMETRIC_REPRESENTATION_CONTEXT(2) 
PARAMETRIC_REPRESENTATION_CONTEXT() REPRESENTATION_CONTEXT('2D SPACE',''
  ) );
#10720 = ADVANCED_FACE('',(#10721),#8475,.F.);
#10721 = FACE_BOUND('',#10722,.F.);
#10722 = EDGE_LOOP('',(#10723,#10724,#10745,#10746));
#10723 = ORIENTED_EDGE('',*,*,#9636,.F.);
#10724 = ORIENTED_EDGE('',*,*,#10725,.T.);
#10725 = EDGE_CURVE('',#9637,#8459,#10726,.T.);
#10726 = SURFACE_CURVE('',#10727,(#10731,#10738),.PCURVE_S1.);
#10727 = LINE('',#10728,#10729);
#10728 = CARTESIAN_POINT('',(-234.05,0.1,78.1));
#10729 = VECTOR('',#10730,1.);
#10730 = DIRECTION('',(0.,-1.,0.));
#10731 = PCURVE('',#8475,#10732);
#10732 = DEFINITIONAL_REPRESENTATION('',(#10733),#10737);
#10733 = LINE('',#10734,#10735);
#10734 = CARTESIAN_POINT('',(0.,0.));
#10735 = VECTOR('',#10736,1.);
#10736 = DIRECTION('',(0.,-1.));
#10737 = ( GEOMETRIC_REPRESENTATION_CONTEXT(2) 
PARAMETRIC_REPRESENTATION_CONTEXT() REPRESENTATION_CONTEXT('2D SPACE',''
  ) );
#10738 = PCURVE('',#8502,#10739);
#10739 = DEFINITIONAL_REPRESENTATION('',(#10740),#10744);
#10740 = LINE('',#10741,#10742);
#10741 = CARTESIAN_POINT('',(3.,0.));
#10742 = VECTOR('',#10743,1.);
#10743 = DIRECTION('',(0.,-1.));
#10744 = ( GEOMETRIC_REPRESENTATION_CONTEXT(2) 
PARAMETRIC_REPRESENTATION_CONTEXT() REPRESENTATION_CONTEXT('2D SPACE',''
  ) );
#10745 = ORIENTED_EDGE('',*,*,#8458,.T.);
#10746 = ORIENTED_EDGE('',*,*,#10678,.F.);
#10747 = ADVANCED_FACE('',(#10748),#8528,.F.);
#10748 = FACE_BOUND('',#10749,.F.);
#10749 = EDGE_LOOP('',(#10750,#10751,#10752,#10753));
#10750 = ORIENTED_EDGE('',*,*,#9681,.F.);
#10751 = ORIENTED_EDGE('',*,*,#10700,.T.);
#10752 = ORIENTED_EDGE('',*,*,#8513,.T.);
#10753 = ORIENTED_EDGE('',*,*,#10754,.F.);
#10754 = EDGE_CURVE('',#9661,#8488,#10755,.T.);
#10755 = SURFACE_CURVE('',#10756,(#10760,#10767),.PCURVE_S1.);
#10756 = LINE('',#10757,#10758);
#10757 = CARTESIAN_POINT('',(-231.05,0.1,78.1));
#10758 = VECTOR('',#10759,1.);
#10759 = DIRECTION('',(0.,-1.,0.));
#10760 = PCURVE('',#8528,#10761);
#10761 = DEFINITIONAL_REPRESENTATION('',(#10762),#10766);
#10762 = LINE('',#10763,#10764);
#10763 = CARTESIAN_POINT('',(3.14159265359,0.));
#10764 = VECTOR('',#10765,1.);
#10765 = DIRECTION('',(0.,-1.));
#10766 = ( GEOMETRIC_REPRESENTATION_CONTEXT(2) 
PARAMETRIC_REPRESENTATION_CONTEXT() REPRESENTATION_CONTEXT('2D SPACE',''
  ) );
#10767 = PCURVE('',#8502,#10768);
#10768 = DEFINITIONAL_REPRESENTATION('',(#10769),#10773);
#10769 = LINE('',#10770,#10771);
#10770 = CARTESIAN_POINT('',(0.,0.));
#10771 = VECTOR('',#10772,1.);
#10772 = DIRECTION('',(0.,-1.));
#10773 = ( GEOMETRIC_REPRESENTATION_CONTEXT(2) 
PARAMETRIC_REPRESENTATION_CONTEXT() REPRESENTATION_CONTEXT('2D SPACE',''
  ) );
#10774 = ADVANCED_FACE('',(#10775),#8502,.F.);
#10775 = FACE_BOUND('',#10776,.F.);
#10776 = EDGE_LOOP('',(#10777,#10778,#10779,#10780));
#10777 = ORIENTED_EDGE('',*,*,#9660,.F.);
#10778 = ORIENTED_EDGE('',*,*,#10754,.T.);
#10779 = ORIENTED_EDGE('',*,*,#8487,.T.);
#10780 = ORIENTED_EDGE('',*,*,#10725,.F.);
#10781 = ADVANCED_FACE('',(#10782),#8559,.F.);
#10782 = FACE_BOUND('',#10783,.F.);
#10783 = EDGE_LOOP('',(#10784,#10808,#10829,#10830));
#10784 = ORIENTED_EDGE('',*,*,#10785,.F.);
#10785 = EDGE_CURVE('',#10786,#10786,#10788,.T.);
#10786 = VERTEX_POINT('',#10787);
#10787 = CARTESIAN_POINT('',(-178.,-1.25,82.25));
#10788 = SURFACE_CURVE('',#10789,(#10794,#10801),.PCURVE_S1.);
#10789 = CIRCLE('',#10790,2.25);
#10790 = AXIS2_PLACEMENT_3D('',#10791,#10792,#10793);
#10791 = CARTESIAN_POINT('',(-178.,-1.25,80.));
#10792 = DIRECTION('',(0.,1.,0.));
#10793 = DIRECTION('',(0.,-0.,1.));
#10794 = PCURVE('',#8559,#10795);
#10795 = DEFINITIONAL_REPRESENTATION('',(#10796),#10800);
#10796 = LINE('',#10797,#10798);
#10797 = CARTESIAN_POINT('',(-0.,-1.75));
#10798 = VECTOR('',#10799,1.);
#10799 = DIRECTION('',(-1.,-0.));
#10800 = ( GEOMETRIC_REPRESENTATION_CONTEXT(2) 
PARAMETRIC_REPRESENTATION_CONTEXT() REPRESENTATION_CONTEXT('2D SPACE',''
  ) );
#10801 = PCURVE('',#9722,#10802);
#10802 = DEFINITIONAL_REPRESENTATION('',(#10803),#10807);
#10803 = LINE('',#10804,#10805);
#10804 = CARTESIAN_POINT('',(0.,1.75));
#10805 = VECTOR('',#10806,1.);
#10806 = DIRECTION('',(1.,0.));
#10807 = ( GEOMETRIC_REPRESENTATION_CONTEXT(2) 
PARAMETRIC_REPRESENTATION_CONTEXT() REPRESENTATION_CONTEXT('2D SPACE',''
  ) );
#10808 = ORIENTED_EDGE('',*,*,#10809,.F.);
#10809 = EDGE_CURVE('',#8543,#10786,#10810,.T.);
#10810 = SEAM_CURVE('',#10811,(#10815,#10822),.PCURVE_S1.);
#10811 = LINE('',#10812,#10813);
#10812 = CARTESIAN_POINT('',(-178.,-3.,84.));
#10813 = VECTOR('',#10814,1.);
#10814 = DIRECTION('',(1.731912112471E-16,0.707106781187,-0.707106781187
    ));
#10815 = PCURVE('',#8559,#10816);
#10816 = DEFINITIONAL_REPRESENTATION('',(#10817),#10821);
#10817 = LINE('',#10818,#10819);
#10818 = CARTESIAN_POINT('',(-6.28318530718,0.));
#10819 = VECTOR('',#10820,1.);
#10820 = DIRECTION('',(-0.,-1.));
#10821 = ( GEOMETRIC_REPRESENTATION_CONTEXT(2) 
PARAMETRIC_REPRESENTATION_CONTEXT() REPRESENTATION_CONTEXT('2D SPACE',''
  ) );
#10822 = PCURVE('',#8559,#10823);
#10823 = DEFINITIONAL_REPRESENTATION('',(#10824),#10828);
#10824 = LINE('',#10825,#10826);
#10825 = CARTESIAN_POINT('',(0.,-0.));
#10826 = VECTOR('',#10827,1.);
#10827 = DIRECTION('',(-0.,-1.));
#10828 = ( GEOMETRIC_REPRESENTATION_CONTEXT(2) 
PARAMETRIC_REPRESENTATION_CONTEXT() REPRESENTATION_CONTEXT('2D SPACE',''
  ) );
#10829 = ORIENTED_EDGE('',*,*,#8542,.T.);
#10830 = ORIENTED_EDGE('',*,*,#10809,.T.);
#10831 = ADVANCED_FACE('',(#10832),#8590,.F.);
#10832 = FACE_BOUND('',#10833,.F.);
#10833 = EDGE_LOOP('',(#10834,#10835,#10856,#10857));
#10834 = ORIENTED_EDGE('',*,*,#9736,.F.);
#10835 = ORIENTED_EDGE('',*,*,#10836,.F.);
#10836 = EDGE_CURVE('',#8574,#9737,#10837,.T.);
#10837 = SEAM_CURVE('',#10838,(#10842,#10849),.PCURVE_S1.);
#10838 = LINE('',#10839,#10840);
#10839 = CARTESIAN_POINT('',(-112.5,-3.1,79.5));
#10840 = VECTOR('',#10841,1.);
#10841 = DIRECTION('',(0.,1.,0.));
#10842 = PCURVE('',#8590,#10843);
#10843 = DEFINITIONAL_REPRESENTATION('',(#10844),#10848);
#10844 = LINE('',#10845,#10846);
#10845 = CARTESIAN_POINT('',(6.28318530718,-0.));
#10846 = VECTOR('',#10847,1.);
#10847 = DIRECTION('',(0.,1.));
#10848 = ( GEOMETRIC_REPRESENTATION_CONTEXT(2) 
PARAMETRIC_REPRESENTATION_CONTEXT() REPRESENTATION_CONTEXT('2D SPACE',''
  ) );
#10849 = PCURVE('',#8590,#10850);
#10850 = DEFINITIONAL_REPRESENTATION('',(#10851),#10855);
#10851 = LINE('',#10852,#10853);
#10852 = CARTESIAN_POINT('',(0.,-0.));
#10853 = VECTOR('',#10854,1.);
#10854 = DIRECTION('',(0.,1.));
#10855 = ( GEOMETRIC_REPRESENTATION_CONTEXT(2) 
PARAMETRIC_REPRESENTATION_CONTEXT() REPRESENTATION_CONTEXT('2D SPACE',''
  ) );
#10856 = ORIENTED_EDGE('',*,*,#8573,.T.);
#10857 = ORIENTED_EDGE('',*,*,#10836,.T.);
#10858 = ADVANCED_FACE('',(#10859),#8621,.F.);
#10859 = FACE_BOUND('',#10860,.F.);
#10860 = EDGE_LOOP('',(#10861,#10862,#10883,#10884));
#10861 = ORIENTED_EDGE('',*,*,#9762,.F.);
#10862 = ORIENTED_EDGE('',*,*,#10863,.F.);
#10863 = EDGE_CURVE('',#8605,#9763,#10864,.T.);
#10864 = SEAM_CURVE('',#10865,(#10869,#10876),.PCURVE_S1.);
#10865 = LINE('',#10866,#10867);
#10866 = CARTESIAN_POINT('',(-67.5,-3.1,79.5));
#10867 = VECTOR('',#10868,1.);
#10868 = DIRECTION('',(0.,1.,0.));
#10869 = PCURVE('',#8621,#10870);
#10870 = DEFINITIONAL_REPRESENTATION('',(#10871),#10875);
#10871 = LINE('',#10872,#10873);
#10872 = CARTESIAN_POINT('',(6.28318530718,-0.));
#10873 = VECTOR('',#10874,1.);
#10874 = DIRECTION('',(0.,1.));
#10875 = ( GEOMETRIC_REPRESENTATION_CONTEXT(2) 
PARAMETRIC_REPRESENTATION_CONTEXT() REPRESENTATION_CONTEXT('2D SPACE',''
  ) );
#10876 = PCURVE('',#8621,#10877);
#10877 = DEFINITIONAL_REPRESENTATION('',(#10878),#10882);
#10878 = LINE('',#10879,#10880);
#10879 = CARTESIAN_POINT('',(0.,-0.));
#10880 = VECTOR('',#10881,1.);
#10881 = DIRECTION('',(0.,1.));
#10882 = ( GEOMETRIC_REPRESENTATION_CONTEXT(2) 
PARAMETRIC_REPRESENTATION_CONTEXT() REPRESENTATION_CONTEXT('2D SPACE',''
  ) );
#10883 = ORIENTED_EDGE('',*,*,#8604,.T.);
#10884 = ORIENTED_EDGE('',*,*,#10863,.T.);
#10885 = ADVANCED_FACE('',(#10886),#8652,.F.);
#10886 = FACE_BOUND('',#10887,.F.);
#10887 = EDGE_LOOP('',(#10888,#10889,#10910,#10911));
#10888 = ORIENTED_EDGE('',*,*,#9788,.F.);
#10889 = ORIENTED_EDGE('',*,*,#10890,.F.);
#10890 = EDGE_CURVE('',#8636,#9789,#10891,.T.);
#10891 = SEAM_CURVE('',#10892,(#10896,#10903),.PCURVE_S1.);
#10892 = LINE('',#10893,#10894);
#10893 = CARTESIAN_POINT('',(-22.5,-3.1,79.5));
#10894 = VECTOR('',#10895,1.);
#10895 = DIRECTION('',(0.,1.,0.));
#10896 = PCURVE('',#8652,#10897);
#10897 = DEFINITIONAL_REPRESENTATION('',(#10898),#10902);
#10898 = LINE('',#10899,#10900);
#10899 = CARTESIAN_POINT('',(6.28318530718,-0.));
#10900 = VECTOR('',#10901,1.);
#10901 = DIRECTION('',(0.,1.));
#10902 = ( GEOMETRIC_REPRESENTATION_CONTEXT(2) 
PARAMETRIC_REPRESENTATION_CONTEXT() REPRESENTATION_CONTEXT('2D SPACE',''
  ) );
#10903 = PCURVE('',#8652,#10904);
#10904 = DEFINITIONAL_REPRESENTATION('',(#10905),#10909);
#10905 = LINE('',#10906,#10907);
#10906 = CARTESIAN_POINT('',(0.,-0.));
#10907 = VECTOR('',#10908,1.);
#10908 = DIRECTION('',(0.,1.));
#10909 = ( GEOMETRIC_REPRESENTATION_CONTEXT(2) 
PARAMETRIC_REPRESENTATION_CONTEXT() REPRESENTATION_CONTEXT('2D SPACE',''
  ) );
#10910 = ORIENTED_EDGE('',*,*,#8635,.T.);
#10911 = ORIENTED_EDGE('',*,*,#10890,.T.);
#10912 = ADVANCED_FACE('',(#10913),#8683,.F.);
#10913 = FACE_BOUND('',#10914,.F.);
#10914 = EDGE_LOOP('',(#10915,#10939,#10960,#10961));
#10915 = ORIENTED_EDGE('',*,*,#10916,.F.);
#10916 = EDGE_CURVE('',#10917,#10917,#10919,.T.);
#10917 = VERTEX_POINT('',#10918);
#10918 = CARTESIAN_POINT('',(-5.510910596163E-16,-1.25,82.25));
#10919 = SURFACE_CURVE('',#10920,(#10925,#10932),.PCURVE_S1.);
#10920 = CIRCLE('',#10921,2.25);
#10921 = AXIS2_PLACEMENT_3D('',#10922,#10923,#10924);
#10922 = CARTESIAN_POINT('',(0.,-1.25,80.));
#10923 = DIRECTION('',(0.,1.,0.));
#10924 = DIRECTION('',(0.,-0.,1.));
#10925 = PCURVE('',#8683,#10926);
#10926 = DEFINITIONAL_REPRESENTATION('',(#10927),#10931);
#10927 = LINE('',#10928,#10929);
#10928 = CARTESIAN_POINT('',(-0.,-1.75));
#10929 = VECTOR('',#10930,1.);
#10930 = DIRECTION('',(-1.,-0.));
#10931 = ( GEOMETRIC_REPRESENTATION_CONTEXT(2) 
PARAMETRIC_REPRESENTATION_CONTEXT() REPRESENTATION_CONTEXT('2D SPACE',''
  ) );
#10932 = PCURVE('',#9831,#10933);
#10933 = DEFINITIONAL_REPRESENTATION('',(#10934),#10938);
#10934 = LINE('',#10935,#10936);
#10935 = CARTESIAN_POINT('',(0.,1.75));
#10936 = VECTOR('',#10937,1.);
#10937 = DIRECTION('',(1.,0.));
#10938 = ( GEOMETRIC_REPRESENTATION_CONTEXT(2) 
PARAMETRIC_REPRESENTATION_CONTEXT() REPRESENTATION_CONTEXT('2D SPACE',''
  ) );
#10939 = ORIENTED_EDGE('',*,*,#10940,.F.);
#10940 = EDGE_CURVE('',#8667,#10917,#10941,.T.);
#10941 = SEAM_CURVE('',#10942,(#10946,#10953),.PCURVE_S1.);
#10942 = LINE('',#10943,#10944);
#10943 = CARTESIAN_POINT('',(-9.797174393179E-16,-3.,84.));
#10944 = VECTOR('',#10945,1.);
#10945 = DIRECTION('',(1.731912112471E-16,0.707106781187,-0.707106781187
    ));
#10946 = PCURVE('',#8683,#10947);
#10947 = DEFINITIONAL_REPRESENTATION('',(#10948),#10952);
#10948 = LINE('',#10949,#10950);
#10949 = CARTESIAN_POINT('',(-6.28318530718,0.));
#10950 = VECTOR('',#10951,1.);
#10951 = DIRECTION('',(-0.,-1.));
#10952 = ( GEOMETRIC_REPRESENTATION_CONTEXT(2) 
PARAMETRIC_REPRESENTATION_CONTEXT() REPRESENTATION_CONTEXT('2D SPACE',''
  ) );
#10953 = PCURVE('',#8683,#10954);
#10954 = DEFINITIONAL_REPRESENTATION('',(#10955),#10959);
#10955 = LINE('',#10956,#10957);
#10956 = CARTESIAN_POINT('',(0.,-0.));
#10957 = VECTOR('',#10958,1.);
#10958 = DIRECTION('',(-0.,-1.));
#10959 = ( GEOMETRIC_REPRESENTATION_CONTEXT(2) 
PARAMETRIC_REPRESENTATION_CONTEXT() REPRESENTATION_CONTEXT('2D SPACE',''
  ) );
#10960 = ORIENTED_EDGE('',*,*,#8666,.T.);
#10961 = ORIENTED_EDGE('',*,*,#10940,.T.);
#10962 = ADVANCED_FACE('',(#10963),#8714,.F.);
#10963 = FACE_BOUND('',#10964,.F.);
#10964 = EDGE_LOOP('',(#10965,#10966,#10987,#10988));
#10965 = ORIENTED_EDGE('',*,*,#9845,.F.);
#10966 = ORIENTED_EDGE('',*,*,#10967,.F.);
#10967 = EDGE_CURVE('',#8698,#9846,#10968,.T.);
#10968 = SEAM_CURVE('',#10969,(#10973,#10980),.PCURVE_S1.);
#10969 = LINE('',#10970,#10971);
#10970 = CARTESIAN_POINT('',(22.5,-3.1,39.5));
#10971 = VECTOR('',#10972,1.);
#10972 = DIRECTION('',(0.,1.,0.));
#10973 = PCURVE('',#8714,#10974);
#10974 = DEFINITIONAL_REPRESENTATION('',(#10975),#10979);
#10975 = LINE('',#10976,#10977);
#10976 = CARTESIAN_POINT('',(6.28318530718,-0.));
#10977 = VECTOR('',#10978,1.);
#10978 = DIRECTION('',(0.,1.));
#10979 = ( GEOMETRIC_REPRESENTATION_CONTEXT(2) 
PARAMETRIC_REPRESENTATION_CONTEXT() REPRESENTATION_CONTEXT('2D SPACE',''
  ) );
#10980 = PCURVE('',#8714,#10981);
#10981 = DEFINITIONAL_REPRESENTATION('',(#10982),#10986);
#10982 = LINE('',#10983,#10984);
#10983 = CARTESIAN_POINT('',(0.,-0.));
#10984 = VECTOR('',#10985,1.);
#10985 = DIRECTION('',(0.,1.));
#10986 = ( GEOMETRIC_REPRESENTATION_CONTEXT(2) 
PARAMETRIC_REPRESENTATION_CONTEXT() REPRESENTATION_CONTEXT('2D SPACE',''
  ) );
#10987 = ORIENTED_EDGE('',*,*,#8697,.T.);
#10988 = ORIENTED_EDGE('',*,*,#10967,.T.);
#10989 = ADVANCED_FACE('',(#10990),#8745,.F.);
#10990 = FACE_BOUND('',#10991,.F.);
#10991 = EDGE_LOOP('',(#10992,#10993,#11014,#11015));
#10992 = ORIENTED_EDGE('',*,*,#9871,.F.);
#10993 = ORIENTED_EDGE('',*,*,#10994,.F.);
#10994 = EDGE_CURVE('',#8729,#9872,#10995,.T.);
#10995 = SEAM_CURVE('',#10996,(#11000,#11007),.PCURVE_S1.);
#10996 = LINE('',#10997,#10998);
#10997 = CARTESIAN_POINT('',(67.5,-3.1,39.5));
#10998 = VECTOR('',#10999,1.);
#10999 = DIRECTION('',(0.,1.,0.));
#11000 = PCURVE('',#8745,#11001);
#11001 = DEFINITIONAL_REPRESENTATION('',(#11002),#11006);
#11002 = LINE('',#11003,#11004);
#11003 = CARTESIAN_POINT('',(6.28318530718,-0.));
#11004 = VECTOR('',#11005,1.);
#11005 = DIRECTION('',(0.,1.));
#11006 = ( GEOMETRIC_REPRESENTATION_CONTEXT(2) 
PARAMETRIC_REPRESENTATION_CONTEXT() REPRESENTATION_CONTEXT('2D SPACE',''
  ) );
#11007 = PCURVE('',#8745,#11008);
#11008 = DEFINITIONAL_REPRESENTATION('',(#11009),#11013);
#11009 = LINE('',#11010,#11011);
#11010 = CARTESIAN_POINT('',(0.,-0.));
#11011 = VECTOR('',#11012,1.);
#11012 = DIRECTION('',(0.,1.));
#11013 = ( GEOMETRIC_REPRESENTATION_CONTEXT(2) 
PARAMETRIC_REPRESENTATION_CONTEXT() REPRESENTATION_CONTEXT('2D SPACE',''
  ) );
#11014 = ORIENTED_EDGE('',*,*,#8728,.T.);
#11015 = ORIENTED_EDGE('',*,*,#10994,.T.);
#11016 = ADVANCED_FACE('',(#11017),#8776,.F.);
#11017 = FACE_BOUND('',#11018,.F.);
#11018 = EDGE_LOOP('',(#11019,#11020,#11041,#11042));
#11019 = ORIENTED_EDGE('',*,*,#9897,.F.);
#11020 = ORIENTED_EDGE('',*,*,#11021,.F.);
#11021 = EDGE_CURVE('',#8760,#9898,#11022,.T.);
#11022 = SEAM_CURVE('',#11023,(#11027,#11034),.PCURVE_S1.);
#11023 = LINE('',#11024,#11025);
#11024 = CARTESIAN_POINT('',(112.5,-3.1,39.5));
#11025 = VECTOR('',#11026,1.);
#11026 = DIRECTION('',(0.,1.,0.));
#11027 = PCURVE('',#8776,#11028);
#11028 = DEFINITIONAL_REPRESENTATION('',(#11029),#11033);
#11029 = LINE('',#11030,#11031);
#11030 = CARTESIAN_POINT('',(6.28318530718,-0.));
#11031 = VECTOR('',#11032,1.);
#11032 = DIRECTION('',(0.,1.));
#11033 = ( GEOMETRIC_REPRESENTATION_CONTEXT(2) 
PARAMETRIC_REPRESENTATION_CONTEXT() REPRESENTATION_CONTEXT('2D SPACE',''
  ) );
#11034 = PCURVE('',#8776,#11035);
#11035 = DEFINITIONAL_REPRESENTATION('',(#11036),#11040);
#11036 = LINE('',#11037,#11038);
#11037 = CARTESIAN_POINT('',(0.,-0.));
#11038 = VECTOR('',#11039,1.);
#11039 = DIRECTION('',(0.,1.));
#11040 = ( GEOMETRIC_REPRESENTATION_CONTEXT(2) 
PARAMETRIC_REPRESENTATION_CONTEXT() REPRESENTATION_CONTEXT('2D SPACE',''
  ) );
#11041 = ORIENTED_EDGE('',*,*,#8759,.T.);
#11042 = ORIENTED_EDGE('',*,*,#11021,.T.);
#11043 = ADVANCED_FACE('',(#11044),#8807,.F.);
#11044 = FACE_BOUND('',#11045,.F.);
#11045 = EDGE_LOOP('',(#11046,#11070,#11091,#11092));
#11046 = ORIENTED_EDGE('',*,*,#11047,.F.);
#11047 = EDGE_CURVE('',#11048,#11048,#11050,.T.);
#11048 = VERTEX_POINT('',#11049);
#11049 = CARTESIAN_POINT('',(178.,-1.25,9.25));
#11050 = SURFACE_CURVE('',#11051,(#11056,#11063),.PCURVE_S1.);
#11051 = CIRCLE('',#11052,2.25);
#11052 = AXIS2_PLACEMENT_3D('',#11053,#11054,#11055);
#11053 = CARTESIAN_POINT('',(178.,-1.25,7.));
#11054 = DIRECTION('',(0.,1.,0.));
#11055 = DIRECTION('',(0.,-0.,1.));
#11056 = PCURVE('',#8807,#11057);
#11057 = DEFINITIONAL_REPRESENTATION('',(#11058),#11062);
#11058 = LINE('',#11059,#11060);
#11059 = CARTESIAN_POINT('',(-0.,-1.75));
#11060 = VECTOR('',#11061,1.);
#11061 = DIRECTION('',(-1.,-0.));
#11062 = ( GEOMETRIC_REPRESENTATION_CONTEXT(2) 
PARAMETRIC_REPRESENTATION_CONTEXT() REPRESENTATION_CONTEXT('2D SPACE',''
  ) );
#11063 = PCURVE('',#9940,#11064);
#11064 = DEFINITIONAL_REPRESENTATION('',(#11065),#11069);
#11065 = LINE('',#11066,#11067);
#11066 = CARTESIAN_POINT('',(0.,1.75));
#11067 = VECTOR('',#11068,1.);
#11068 = DIRECTION('',(1.,0.));
#11069 = ( GEOMETRIC_REPRESENTATION_CONTEXT(2) 
PARAMETRIC_REPRESENTATION_CONTEXT() REPRESENTATION_CONTEXT('2D SPACE',''
  ) );
#11070 = ORIENTED_EDGE('',*,*,#11071,.F.);
#11071 = EDGE_CURVE('',#8791,#11048,#11072,.T.);
#11072 = SEAM_CURVE('',#11073,(#11077,#11084),.PCURVE_S1.);
#11073 = LINE('',#11074,#11075);
#11074 = CARTESIAN_POINT('',(178.,-3.,11.));
#11075 = VECTOR('',#11076,1.);
#11076 = DIRECTION('',(1.731912112471E-16,0.707106781187,-0.707106781187
    ));
#11077 = PCURVE('',#8807,#11078);
#11078 = DEFINITIONAL_REPRESENTATION('',(#11079),#11083);
#11079 = LINE('',#11080,#11081);
#11080 = CARTESIAN_POINT('',(-6.28318530718,0.));
#11081 = VECTOR('',#11082,1.);
#11082 = DIRECTION('',(-0.,-1.));
#11083 = ( GEOMETRIC_REPRESENTATION_CONTEXT(2) 
PARAMETRIC_REPRESENTATION_CONTEXT() REPRESENTATION_CONTEXT('2D SPACE',''
  ) );
#11084 = PCURVE('',#8807,#11085);
#11085 = DEFINITIONAL_REPRESENTATION('',(#11086),#11090);
#11086 = LINE('',#11087,#11088);
#11087 = CARTESIAN_POINT('',(0.,-0.));
#11088 = VECTOR('',#11089,1.);
#11089 = DIRECTION('',(-0.,-1.));
#11090 = ( GEOMETRIC_REPRESENTATION_CONTEXT(2) 
PARAMETRIC_REPRESENTATION_CONTEXT() REPRESENTATION_CONTEXT('2D SPACE',''
  ) );
#11091 = ORIENTED_EDGE('',*,*,#8790,.T.);
#11092 = ORIENTED_EDGE('',*,*,#11071,.T.);
#11093 = ADVANCED_FACE('',(#11094),#8838,.F.);
#11094 = FACE_BOUND('',#11095,.F.);
#11095 = EDGE_LOOP('',(#11096,#11097,#11118,#11119));
#11096 = ORIENTED_EDGE('',*,*,#9954,.F.);
#11097 = ORIENTED_EDGE('',*,*,#11098,.T.);
#11098 = EDGE_CURVE('',#9955,#8822,#11099,.T.);
#11099 = SURFACE_CURVE('',#11100,(#11104,#11111),.PCURVE_S1.);
#11100 = LINE('',#11101,#11102);
#11101 = CARTESIAN_POINT('',(231.05,0.1,8.9));
#11102 = VECTOR('',#11103,1.);
#11103 = DIRECTION('',(0.,-1.,0.));
#11104 = PCURVE('',#8838,#11105);
#11105 = DEFINITIONAL_REPRESENTATION('',(#11106),#11110);
#11106 = LINE('',#11107,#11108);
#11107 = CARTESIAN_POINT('',(0.,0.));
#11108 = VECTOR('',#11109,1.);
#11109 = DIRECTION('',(0.,-1.));
#11110 = ( GEOMETRIC_REPRESENTATION_CONTEXT(2) 
PARAMETRIC_REPRESENTATION_CONTEXT() REPRESENTATION_CONTEXT('2D SPACE',''
  ) );
#11111 = PCURVE('',#8866,#11112);
#11112 = DEFINITIONAL_REPRESENTATION('',(#11113),#11117);
#11113 = LINE('',#11114,#11115);
#11114 = CARTESIAN_POINT('',(3.14159265359,0.));
#11115 = VECTOR('',#11116,1.);
#11116 = DIRECTION('',(0.,-1.));
#11117 = ( GEOMETRIC_REPRESENTATION_CONTEXT(2) 
PARAMETRIC_REPRESENTATION_CONTEXT() REPRESENTATION_CONTEXT('2D SPACE',''
  ) );
#11118 = ORIENTED_EDGE('',*,*,#8821,.T.);
#11119 = ORIENTED_EDGE('',*,*,#11120,.F.);
#11120 = EDGE_CURVE('',#9957,#8824,#11121,.T.);
#11121 = SURFACE_CURVE('',#11122,(#11126,#11133),.PCURVE_S1.);
#11122 = LINE('',#11123,#11124);
#11123 = CARTESIAN_POINT('',(234.05,0.1,8.9));
#11124 = VECTOR('',#11125,1.);
#11125 = DIRECTION('',(0.,-1.,0.));
#11126 = PCURVE('',#8838,#11127);
#11127 = DEFINITIONAL_REPRESENTATION('',(#11128),#11132);
#11128 = LINE('',#11129,#11130);
#11129 = CARTESIAN_POINT('',(3.,0.));
#11130 = VECTOR('',#11131,1.);
#11131 = DIRECTION('',(0.,-1.));
#11132 = ( GEOMETRIC_REPRESENTATION_CONTEXT(2) 
PARAMETRIC_REPRESENTATION_CONTEXT() REPRESENTATION_CONTEXT('2D SPACE',''
  ) );
#11133 = PCURVE('',#8919,#11134);
#11134 = DEFINITIONAL_REPRESENTATION('',(#11135),#11139);
#11135 = LINE('',#11136,#11137);
#11136 = CARTESIAN_POINT('',(0.,0.));
#11137 = VECTOR('',#11138,1.);
#11138 = DIRECTION('',(0.,-1.));
#11139 = ( GEOMETRIC_REPRESENTATION_CONTEXT(2) 
PARAMETRIC_REPRESENTATION_CONTEXT() REPRESENTATION_CONTEXT('2D SPACE',''
  ) );
#11140 = ADVANCED_FACE('',(#11141),#8866,.F.);
#11141 = FACE_BOUND('',#11142,.F.);
#11142 = EDGE_LOOP('',(#11143,#11144,#11165,#11166));
#11143 = ORIENTED_EDGE('',*,*,#9977,.F.);
#11144 = ORIENTED_EDGE('',*,*,#11145,.T.);
#11145 = EDGE_CURVE('',#9978,#8850,#11146,.T.);
#11146 = SURFACE_CURVE('',#11147,(#11151,#11158),.PCURVE_S1.);
#11147 = LINE('',#11148,#11149);
#11148 = CARTESIAN_POINT('',(231.05,0.1,1.9));
#11149 = VECTOR('',#11150,1.);
#11150 = DIRECTION('',(0.,-1.,0.));
#11151 = PCURVE('',#8866,#11152);
#11152 = DEFINITIONAL_REPRESENTATION('',(#11153),#11157);
#11153 = LINE('',#11154,#11155);
#11154 = CARTESIAN_POINT('',(0.,0.));
#11155 = VECTOR('',#11156,1.);
#11156 = DIRECTION('',(0.,-1.));
#11157 = ( GEOMETRIC_REPRESENTATION_CONTEXT(2) 
PARAMETRIC_REPRESENTATION_CONTEXT() REPRESENTATION_CONTEXT('2D SPACE',''
  ) );
#11158 = PCURVE('',#8893,#11159);
#11159 = DEFINITIONAL_REPRESENTATION('',(#11160),#11164);
#11160 = LINE('',#11161,#11162);
#11161 = CARTESIAN_POINT('',(3.,0.));
#11162 = VECTOR('',#11163,1.);
#11163 = DIRECTION('',(0.,-1.));
#11164 = ( GEOMETRIC_REPRESENTATION_CONTEXT(2) 
PARAMETRIC_REPRESENTATION_CONTEXT() REPRESENTATION_CONTEXT('2D SPACE',''
  ) );
#11165 = ORIENTED_EDGE('',*,*,#8849,.T.);
#11166 = ORIENTED_EDGE('',*,*,#11098,.F.);
#11167 = ADVANCED_FACE('',(#11168),#8919,.F.);
#11168 = FACE_BOUND('',#11169,.F.);
#11169 = EDGE_LOOP('',(#11170,#11171,#11172,#11173));
#11170 = ORIENTED_EDGE('',*,*,#10022,.F.);
#11171 = ORIENTED_EDGE('',*,*,#11120,.T.);
#11172 = ORIENTED_EDGE('',*,*,#8904,.T.);
#11173 = ORIENTED_EDGE('',*,*,#11174,.F.);
#11174 = EDGE_CURVE('',#10002,#8879,#11175,.T.);
#11175 = SURFACE_CURVE('',#11176,(#11180,#11187),.PCURVE_S1.);
#11176 = LINE('',#11177,#11178);
#11177 = CARTESIAN_POINT('',(234.05,0.1,1.9));
#11178 = VECTOR('',#11179,1.);
#11179 = DIRECTION('',(0.,-1.,0.));
#11180 = PCURVE('',#8919,#11181);
#11181 = DEFINITIONAL_REPRESENTATION('',(#11182),#11186);
#11182 = LINE('',#11183,#11184);
#11183 = CARTESIAN_POINT('',(3.14159265359,0.));
#11184 = VECTOR('',#11185,1.);
#11185 = DIRECTION('',(0.,-1.));
#11186 = ( GEOMETRIC_REPRESENTATION_CONTEXT(2) 
PARAMETRIC_REPRESENTATION_CONTEXT() REPRESENTATION_CONTEXT('2D SPACE',''
  ) );
#11187 = PCURVE('',#8893,#11188);
#11188 = DEFINITIONAL_REPRESENTATION('',(#11189),#11193);
#11189 = LINE('',#11190,#11191);
#11190 = CARTESIAN_POINT('',(0.,0.));
#11191 = VECTOR('',#11192,1.);
#11192 = DIRECTION('',(0.,-1.));
#11193 = ( GEOMETRIC_REPRESENTATION_CONTEXT(2) 
PARAMETRIC_REPRESENTATION_CONTEXT() REPRESENTATION_CONTEXT('2D SPACE',''
  ) );
#11194 = ADVANCED_FACE('',(#11195),#8893,.F.);
#11195 = FACE_BOUND('',#11196,.F.);
#11196 = EDGE_LOOP('',(#11197,#11198,#11199,#11200));
#11197 = ORIENTED_EDGE('',*,*,#10001,.F.);
#11198 = ORIENTED_EDGE('',*,*,#11174,.T.);
#11199 = ORIENTED_EDGE('',*,*,#8878,.T.);
#11200 = ORIENTED_EDGE('',*,*,#11145,.F.);
#11201 = ADVANCED_FACE('',(#11202),#8950,.F.);
#11202 = FACE_BOUND('',#11203,.F.);
#11203 = EDGE_LOOP('',(#11204,#11205,#11226,#11227));
#11204 = ORIENTED_EDGE('',*,*,#10046,.F.);
#11205 = ORIENTED_EDGE('',*,*,#11206,.F.);
#11206 = EDGE_CURVE('',#8934,#10047,#11207,.T.);
#11207 = SEAM_CURVE('',#11208,(#11212,#11219),.PCURVE_S1.);
#11208 = LINE('',#11209,#11210);
#11209 = CARTESIAN_POINT('',(157.5,-3.1,39.5));
#11210 = VECTOR('',#11211,1.);
#11211 = DIRECTION('',(0.,1.,0.));
#11212 = PCURVE('',#8950,#11213);
#11213 = DEFINITIONAL_REPRESENTATION('',(#11214),#11218);
#11214 = LINE('',#11215,#11216);
#11215 = CARTESIAN_POINT('',(6.28318530718,-0.));
#11216 = VECTOR('',#11217,1.);
#11217 = DIRECTION('',(0.,1.));
#11218 = ( GEOMETRIC_REPRESENTATION_CONTEXT(2) 
PARAMETRIC_REPRESENTATION_CONTEXT() REPRESENTATION_CONTEXT('2D SPACE',''
  ) );
#11219 = PCURVE('',#8950,#11220);
#11220 = DEFINITIONAL_REPRESENTATION('',(#11221),#11225);
#11221 = LINE('',#11222,#11223);
#11222 = CARTESIAN_POINT('',(0.,-0.));
#11223 = VECTOR('',#11224,1.);
#11224 = DIRECTION('',(0.,1.));
#11225 = ( GEOMETRIC_REPRESENTATION_CONTEXT(2) 
PARAMETRIC_REPRESENTATION_CONTEXT() REPRESENTATION_CONTEXT('2D SPACE',''
  ) );
#11226 = ORIENTED_EDGE('',*,*,#8933,.T.);
#11227 = ORIENTED_EDGE('',*,*,#11206,.T.);
#11228 = ADVANCED_FACE('',(#11229),#8981,.F.);
#11229 = FACE_BOUND('',#11230,.F.);
#11230 = EDGE_LOOP('',(#11231,#11232,#11253,#11254));
#11231 = ORIENTED_EDGE('',*,*,#10072,.F.);
#11232 = ORIENTED_EDGE('',*,*,#11233,.F.);
#11233 = EDGE_CURVE('',#8965,#10073,#11234,.T.);
#11234 = SEAM_CURVE('',#11235,(#11239,#11246),.PCURVE_S1.);
#11235 = LINE('',#11236,#11237);
#11236 = CARTESIAN_POINT('',(22.5,-3.1,79.5));
#11237 = VECTOR('',#11238,1.);
#11238 = DIRECTION('',(0.,1.,0.));
#11239 = PCURVE('',#8981,#11240);
#11240 = DEFINITIONAL_REPRESENTATION('',(#11241),#11245);
#11241 = LINE('',#11242,#11243);
#11242 = CARTESIAN_POINT('',(6.28318530718,-0.));
#11243 = VECTOR('',#11244,1.);
#11244 = DIRECTION('',(0.,1.));
#11245 = ( GEOMETRIC_REPRESENTATION_CONTEXT(2) 
PARAMETRIC_REPRESENTATION_CONTEXT() REPRESENTATION_CONTEXT('2D SPACE',''
  ) );
#11246 = PCURVE('',#8981,#11247);
#11247 = DEFINITIONAL_REPRESENTATION('',(#11248),#11252);
#11248 = LINE('',#11249,#11250);
#11249 = CARTESIAN_POINT('',(0.,-0.));
#11250 = VECTOR('',#11251,1.);
#11251 = DIRECTION('',(0.,1.));
#11252 = ( GEOMETRIC_REPRESENTATION_CONTEXT(2) 
PARAMETRIC_REPRESENTATION_CONTEXT() REPRESENTATION_CONTEXT('2D SPACE',''
  ) );
#11253 = ORIENTED_EDGE('',*,*,#8964,.T.);
#11254 = ORIENTED_EDGE('',*,*,#11233,.T.);
#11255 = ADVANCED_FACE('',(#11256),#9012,.F.);
#11256 = FACE_BOUND('',#11257,.F.);
#11257 = EDGE_LOOP('',(#11258,#11259,#11280,#11281));
#11258 = ORIENTED_EDGE('',*,*,#10098,.F.);
#11259 = ORIENTED_EDGE('',*,*,#11260,.F.);
#11260 = EDGE_CURVE('',#8996,#10099,#11261,.T.);
#11261 = SEAM_CURVE('',#11262,(#11266,#11273),.PCURVE_S1.);
#11262 = LINE('',#11263,#11264);
#11263 = CARTESIAN_POINT('',(67.5,-3.1,79.5));
#11264 = VECTOR('',#11265,1.);
#11265 = DIRECTION('',(0.,1.,0.));
#11266 = PCURVE('',#9012,#11267);
#11267 = DEFINITIONAL_REPRESENTATION('',(#11268),#11272);
#11268 = LINE('',#11269,#11270);
#11269 = CARTESIAN_POINT('',(6.28318530718,-0.));
#11270 = VECTOR('',#11271,1.);
#11271 = DIRECTION('',(0.,1.));
#11272 = ( GEOMETRIC_REPRESENTATION_CONTEXT(2) 
PARAMETRIC_REPRESENTATION_CONTEXT() REPRESENTATION_CONTEXT('2D SPACE',''
  ) );
#11273 = PCURVE('',#9012,#11274);
#11274 = DEFINITIONAL_REPRESENTATION('',(#11275),#11279);
#11275 = LINE('',#11276,#11277);
#11276 = CARTESIAN_POINT('',(0.,-0.));
#11277 = VECTOR('',#11278,1.);
#11278 = DIRECTION('',(0.,1.));
#11279 = ( GEOMETRIC_REPRESENTATION_CONTEXT(2) 
PARAMETRIC_REPRESENTATION_CONTEXT() REPRESENTATION_CONTEXT('2D SPACE',''
  ) );
#11280 = ORIENTED_EDGE('',*,*,#8995,.T.);
#11281 = ORIENTED_EDGE('',*,*,#11260,.T.);
#11282 = ADVANCED_FACE('',(#11283),#9043,.F.);
#11283 = FACE_BOUND('',#11284,.F.);
#11284 = EDGE_LOOP('',(#11285,#11286,#11307,#11308));
#11285 = ORIENTED_EDGE('',*,*,#10124,.F.);
#11286 = ORIENTED_EDGE('',*,*,#11287,.F.);
#11287 = EDGE_CURVE('',#9027,#10125,#11288,.T.);
#11288 = SEAM_CURVE('',#11289,(#11293,#11300),.PCURVE_S1.);
#11289 = LINE('',#11290,#11291);
#11290 = CARTESIAN_POINT('',(112.5,-3.1,79.5));
#11291 = VECTOR('',#11292,1.);
#11292 = DIRECTION('',(0.,1.,0.));
#11293 = PCURVE('',#9043,#11294);
#11294 = DEFINITIONAL_REPRESENTATION('',(#11295),#11299);
#11295 = LINE('',#11296,#11297);
#11296 = CARTESIAN_POINT('',(6.28318530718,-0.));
#11297 = VECTOR('',#11298,1.);
#11298 = DIRECTION('',(0.,1.));
#11299 = ( GEOMETRIC_REPRESENTATION_CONTEXT(2) 
PARAMETRIC_REPRESENTATION_CONTEXT() REPRESENTATION_CONTEXT('2D SPACE',''
  ) );
#11300 = PCURVE('',#9043,#11301);
#11301 = DEFINITIONAL_REPRESENTATION('',(#11302),#11306);
#11302 = LINE('',#11303,#11304);
#11303 = CARTESIAN_POINT('',(0.,-0.));
#11304 = VECTOR('',#11305,1.);
#11305 = DIRECTION('',(0.,1.));
#11306 = ( GEOMETRIC_REPRESENTATION_CONTEXT(2) 
PARAMETRIC_REPRESENTATION_CONTEXT() REPRESENTATION_CONTEXT('2D SPACE',''
  ) );
#11307 = ORIENTED_EDGE('',*,*,#9026,.T.);
#11308 = ORIENTED_EDGE('',*,*,#11287,.T.);
#11309 = ADVANCED_FACE('',(#11310),#9074,.F.);
#11310 = FACE_BOUND('',#11311,.F.);
#11311 = EDGE_LOOP('',(#11312,#11313,#11334,#11335));
#11312 = ORIENTED_EDGE('',*,*,#10150,.F.);
#11313 = ORIENTED_EDGE('',*,*,#11314,.F.);
#11314 = EDGE_CURVE('',#9058,#10151,#11315,.T.);
#11315 = SEAM_CURVE('',#11316,(#11320,#11327),.PCURVE_S1.);
#11316 = LINE('',#11317,#11318);
#11317 = CARTESIAN_POINT('',(157.5,-3.1,79.5));
#11318 = VECTOR('',#11319,1.);
#11319 = DIRECTION('',(0.,1.,0.));
#11320 = PCURVE('',#9074,#11321);
#11321 = DEFINITIONAL_REPRESENTATION('',(#11322),#11326);
#11322 = LINE('',#11323,#11324);
#11323 = CARTESIAN_POINT('',(6.28318530718,-0.));
#11324 = VECTOR('',#11325,1.);
#11325 = DIRECTION('',(0.,1.));
#11326 = ( GEOMETRIC_REPRESENTATION_CONTEXT(2) 
PARAMETRIC_REPRESENTATION_CONTEXT() REPRESENTATION_CONTEXT('2D SPACE',''
  ) );
#11327 = PCURVE('',#9074,#11328);
#11328 = DEFINITIONAL_REPRESENTATION('',(#11329),#11333);
#11329 = LINE('',#11330,#11331);
#11330 = CARTESIAN_POINT('',(0.,-0.));
#11331 = VECTOR('',#11332,1.);
#11332 = DIRECTION('',(0.,1.));
#11333 = ( GEOMETRIC_REPRESENTATION_CONTEXT(2) 
PARAMETRIC_REPRESENTATION_CONTEXT() REPRESENTATION_CONTEXT('2D SPACE',''
  ) );
#11334 = ORIENTED_EDGE('',*,*,#9057,.T.);
#11335 = ORIENTED_EDGE('',*,*,#11314,.T.);
#11336 = ADVANCED_FACE('',(#11337),#9105,.F.);
#11337 = FACE_BOUND('',#11338,.F.);
#11338 = EDGE_LOOP('',(#11339,#11363,#11384,#11385));
#11339 = ORIENTED_EDGE('',*,*,#11340,.F.);
#11340 = EDGE_CURVE('',#11341,#11341,#11343,.T.);
#11341 = VERTEX_POINT('',#11342);
#11342 = CARTESIAN_POINT('',(178.,-1.25,82.25));
#11343 = SURFACE_CURVE('',#11344,(#11349,#11356),.PCURVE_S1.);
#11344 = CIRCLE('',#11345,2.25);
#11345 = AXIS2_PLACEMENT_3D('',#11346,#11347,#11348);
#11346 = CARTESIAN_POINT('',(178.,-1.25,80.));
#11347 = DIRECTION('',(0.,1.,0.));
#11348 = DIRECTION('',(0.,-0.,1.));
#11349 = PCURVE('',#9105,#11350);
#11350 = DEFINITIONAL_REPRESENTATION('',(#11351),#11355);
#11351 = LINE('',#11352,#11353);
#11352 = CARTESIAN_POINT('',(-0.,-1.75));
#11353 = VECTOR('',#11354,1.);
#11354 = DIRECTION('',(-1.,-0.));
#11355 = ( GEOMETRIC_REPRESENTATION_CONTEXT(2) 
PARAMETRIC_REPRESENTATION_CONTEXT() REPRESENTATION_CONTEXT('2D SPACE',''
  ) );
#11356 = PCURVE('',#10193,#11357);
#11357 = DEFINITIONAL_REPRESENTATION('',(#11358),#11362);
#11358 = LINE('',#11359,#11360);
#11359 = CARTESIAN_POINT('',(0.,1.75));
#11360 = VECTOR('',#11361,1.);
#11361 = DIRECTION('',(1.,0.));
#11362 = ( GEOMETRIC_REPRESENTATION_CONTEXT(2) 
PARAMETRIC_REPRESENTATION_CONTEXT() REPRESENTATION_CONTEXT('2D SPACE',''
  ) );
#11363 = ORIENTED_EDGE('',*,*,#11364,.F.);
#11364 = EDGE_CURVE('',#9089,#11341,#11365,.T.);
#11365 = SEAM_CURVE('',#11366,(#11370,#11377),.PCURVE_S1.);
#11366 = LINE('',#11367,#11368);
#11367 = CARTESIAN_POINT('',(178.,-3.,84.));
#11368 = VECTOR('',#11369,1.);
#11369 = DIRECTION('',(1.731912112471E-16,0.707106781187,-0.707106781187
    ));
#11370 = PCURVE('',#9105,#11371);
#11371 = DEFINITIONAL_REPRESENTATION('',(#11372),#11376);
#11372 = LINE('',#11373,#11374);
#11373 = CARTESIAN_POINT('',(-6.28318530718,0.));
#11374 = VECTOR('',#11375,1.);
#11375 = DIRECTION('',(-0.,-1.));
#11376 = ( GEOMETRIC_REPRESENTATION_CONTEXT(2) 
PARAMETRIC_REPRESENTATION_CONTEXT() REPRESENTATION_CONTEXT('2D SPACE',''
  ) );
#11377 = PCURVE('',#9105,#11378);
#11378 = DEFINITIONAL_REPRESENTATION('',(#11379),#11383);
#11379 = LINE('',#11380,#11381);
#11380 = CARTESIAN_POINT('',(0.,-0.));
#11381 = VECTOR('',#11382,1.);
#11382 = DIRECTION('',(-0.,-1.));
#11383 = ( GEOMETRIC_REPRESENTATION_CONTEXT(2) 
PARAMETRIC_REPRESENTATION_CONTEXT() REPRESENTATION_CONTEXT('2D SPACE',''
  ) );
#11384 = ORIENTED_EDGE('',*,*,#9088,.T.);
#11385 = ORIENTED_EDGE('',*,*,#11364,.T.);
#11386 = ADVANCED_FACE('',(#11387),#9136,.F.);
#11387 = FACE_BOUND('',#11388,.F.);
#11388 = EDGE_LOOP('',(#11389,#11390,#11411,#11412));
#11389 = ORIENTED_EDGE('',*,*,#10207,.F.);
#11390 = ORIENTED_EDGE('',*,*,#11391,.T.);
#11391 = EDGE_CURVE('',#10208,#9120,#11392,.T.);
#11392 = SURFACE_CURVE('',#11393,(#11397,#11404),.PCURVE_S1.);
#11393 = LINE('',#11394,#11395);
#11394 = CARTESIAN_POINT('',(231.05,0.1,85.1));
#11395 = VECTOR('',#11396,1.);
#11396 = DIRECTION('',(0.,-1.,0.));
#11397 = PCURVE('',#9136,#11398);
#11398 = DEFINITIONAL_REPRESENTATION('',(#11399),#11403);
#11399 = LINE('',#11400,#11401);
#11400 = CARTESIAN_POINT('',(0.,0.));
#11401 = VECTOR('',#11402,1.);
#11402 = DIRECTION('',(0.,-1.));
#11403 = ( GEOMETRIC_REPRESENTATION_CONTEXT(2) 
PARAMETRIC_REPRESENTATION_CONTEXT() REPRESENTATION_CONTEXT('2D SPACE',''
  ) );
#11404 = PCURVE('',#9164,#11405);
#11405 = DEFINITIONAL_REPRESENTATION('',(#11406),#11410);
#11406 = LINE('',#11407,#11408);
#11407 = CARTESIAN_POINT('',(3.14159265359,0.));
#11408 = VECTOR('',#11409,1.);
#11409 = DIRECTION('',(0.,-1.));
#11410 = ( GEOMETRIC_REPRESENTATION_CONTEXT(2) 
PARAMETRIC_REPRESENTATION_CONTEXT() REPRESENTATION_CONTEXT('2D SPACE',''
  ) );
#11411 = ORIENTED_EDGE('',*,*,#9119,.T.);
#11412 = ORIENTED_EDGE('',*,*,#11413,.F.);
#11413 = EDGE_CURVE('',#10210,#9122,#11414,.T.);
#11414 = SURFACE_CURVE('',#11415,(#11419,#11426),.PCURVE_S1.);
#11415 = LINE('',#11416,#11417);
#11416 = CARTESIAN_POINT('',(234.05,0.1,85.1));
#11417 = VECTOR('',#11418,1.);
#11418 = DIRECTION('',(0.,-1.,0.));
#11419 = PCURVE('',#9136,#11420);
#11420 = DEFINITIONAL_REPRESENTATION('',(#11421),#11425);
#11421 = LINE('',#11422,#11423);
#11422 = CARTESIAN_POINT('',(3.,0.));
#11423 = VECTOR('',#11424,1.);
#11424 = DIRECTION('',(0.,-1.));
#11425 = ( GEOMETRIC_REPRESENTATION_CONTEXT(2) 
PARAMETRIC_REPRESENTATION_CONTEXT() REPRESENTATION_CONTEXT('2D SPACE',''
  ) );
#11426 = PCURVE('',#9217,#11427);
#11427 = DEFINITIONAL_REPRESENTATION('',(#11428),#11432);
#11428 = LINE('',#11429,#11430);
#11429 = CARTESIAN_POINT('',(0.,0.));
#11430 = VECTOR('',#11431,1.);
#11431 = DIRECTION('',(0.,-1.));
#11432 = ( GEOMETRIC_REPRESENTATION_CONTEXT(2) 
PARAMETRIC_REPRESENTATION_CONTEXT() REPRESENTATION_CONTEXT('2D SPACE',''
  ) );
#11433 = ADVANCED_FACE('',(#11434),#9164,.F.);
#11434 = FACE_BOUND('',#11435,.F.);
#11435 = EDGE_LOOP('',(#11436,#11437,#11458,#11459));
#11436 = ORIENTED_EDGE('',*,*,#10230,.F.);
#11437 = ORIENTED_EDGE('',*,*,#11438,.T.);
#11438 = EDGE_CURVE('',#10231,#9148,#11439,.T.);
#11439 = SURFACE_CURVE('',#11440,(#11444,#11451),.PCURVE_S1.);
#11440 = LINE('',#11441,#11442);
#11441 = CARTESIAN_POINT('',(231.05,0.1,78.1));
#11442 = VECTOR('',#11443,1.);
#11443 = DIRECTION('',(0.,-1.,0.));
#11444 = PCURVE('',#9164,#11445);
#11445 = DEFINITIONAL_REPRESENTATION('',(#11446),#11450);
#11446 = LINE('',#11447,#11448);
#11447 = CARTESIAN_POINT('',(0.,0.));
#11448 = VECTOR('',#11449,1.);
#11449 = DIRECTION('',(0.,-1.));
#11450 = ( GEOMETRIC_REPRESENTATION_CONTEXT(2) 
PARAMETRIC_REPRESENTATION_CONTEXT() REPRESENTATION_CONTEXT('2D SPACE',''
  ) );
#11451 = PCURVE('',#9191,#11452);
#11452 = DEFINITIONAL_REPRESENTATION('',(#11453),#11457);
#11453 = LINE('',#11454,#11455);
#11454 = CARTESIAN_POINT('',(3.,0.));
#11455 = VECTOR('',#11456,1.);
#11456 = DIRECTION('',(0.,-1.));
#11457 = ( GEOMETRIC_REPRESENTATION_CONTEXT(2) 
PARAMETRIC_REPRESENTATION_CONTEXT() REPRESENTATION_CONTEXT('2D SPACE',''
  ) );
#11458 = ORIENTED_EDGE('',*,*,#9147,.T.);
#11459 = ORIENTED_EDGE('',*,*,#11391,.F.);
#11460 = ADVANCED_FACE('',(#11461),#9217,.F.);
#11461 = FACE_BOUND('',#11462,.F.);
#11462 = EDGE_LOOP('',(#11463,#11464,#11465,#11466));
#11463 = ORIENTED_EDGE('',*,*,#10275,.F.);
#11464 = ORIENTED_EDGE('',*,*,#11413,.T.);
#11465 = ORIENTED_EDGE('',*,*,#9202,.T.);
#11466 = ORIENTED_EDGE('',*,*,#11467,.F.);
#11467 = EDGE_CURVE('',#10255,#9177,#11468,.T.);
#11468 = SURFACE_CURVE('',#11469,(#11473,#11480),.PCURVE_S1.);
#11469 = LINE('',#11470,#11471);
#11470 = CARTESIAN_POINT('',(234.05,0.1,78.1));
#11471 = VECTOR('',#11472,1.);
#11472 = DIRECTION('',(0.,-1.,0.));
#11473 = PCURVE('',#9217,#11474);
#11474 = DEFINITIONAL_REPRESENTATION('',(#11475),#11479);
#11475 = LINE('',#11476,#11477);
#11476 = CARTESIAN_POINT('',(3.14159265359,0.));
#11477 = VECTOR('',#11478,1.);
#11478 = DIRECTION('',(0.,-1.));
#11479 = ( GEOMETRIC_REPRESENTATION_CONTEXT(2) 
PARAMETRIC_REPRESENTATION_CONTEXT() REPRESENTATION_CONTEXT('2D SPACE',''
  ) );
#11480 = PCURVE('',#9191,#11481);
#11481 = DEFINITIONAL_REPRESENTATION('',(#11482),#11486);
#11482 = LINE('',#11483,#11484);
#11483 = CARTESIAN_POINT('',(0.,0.));
#11484 = VECTOR('',#11485,1.);
#11485 = DIRECTION('',(0.,-1.));
#11486 = ( GEOMETRIC_REPRESENTATION_CONTEXT(2) 
PARAMETRIC_REPRESENTATION_CONTEXT() REPRESENTATION_CONTEXT('2D SPACE',''
  ) );
#11487 = ADVANCED_FACE('',(#11488),#9191,.F.);
#11488 = FACE_BOUND('',#11489,.F.);
#11489 = EDGE_LOOP('',(#11490,#11491,#11492,#11493));
#11490 = ORIENTED_EDGE('',*,*,#10254,.F.);
#11491 = ORIENTED_EDGE('',*,*,#11467,.T.);
#11492 = ORIENTED_EDGE('',*,*,#9176,.T.);
#11493 = ORIENTED_EDGE('',*,*,#11438,.F.);
#11494 = ADVANCED_FACE('',(#11495),#9438,.F.);
#11495 = FACE_BOUND('',#11496,.F.);
#11496 = EDGE_LOOP('',(#11497,#11518,#11519,#11520));
#11497 = ORIENTED_EDGE('',*,*,#11498,.T.);
#11498 = EDGE_CURVE('',#10443,#9422,#11499,.T.);
#11499 = SEAM_CURVE('',#11500,(#11504,#11511),.PCURVE_S1.);
#11500 = LINE('',#11501,#11502);
#11501 = CARTESIAN_POINT('',(-178.,-3.,9.25));
#11502 = VECTOR('',#11503,1.);
#11503 = DIRECTION('',(0.,1.,0.));
#11504 = PCURVE('',#9438,#11505);
#11505 = DEFINITIONAL_REPRESENTATION('',(#11506),#11510);
#11506 = LINE('',#11507,#11508);
#11507 = CARTESIAN_POINT('',(6.28318530718,-0.));
#11508 = VECTOR('',#11509,1.);
#11509 = DIRECTION('',(0.,1.));
#11510 = ( GEOMETRIC_REPRESENTATION_CONTEXT(2) 
PARAMETRIC_REPRESENTATION_CONTEXT() REPRESENTATION_CONTEXT('2D SPACE',''
  ) );
#11511 = PCURVE('',#9438,#11512);
#11512 = DEFINITIONAL_REPRESENTATION('',(#11513),#11517);
#11513 = LINE('',#11514,#11515);
#11514 = CARTESIAN_POINT('',(0.,-0.));
#11515 = VECTOR('',#11516,1.);
#11516 = DIRECTION('',(0.,1.));
#11517 = ( GEOMETRIC_REPRESENTATION_CONTEXT(2) 
PARAMETRIC_REPRESENTATION_CONTEXT() REPRESENTATION_CONTEXT('2D SPACE',''
  ) );
#11518 = ORIENTED_EDGE('',*,*,#9421,.F.);
#11519 = ORIENTED_EDGE('',*,*,#11498,.F.);
#11520 = ORIENTED_EDGE('',*,*,#10442,.T.);
#11521 = ADVANCED_FACE('',(#11522),#9495,.F.);
#11522 = FACE_BOUND('',#11523,.F.);
#11523 = EDGE_LOOP('',(#11524,#11545,#11546,#11547));
#11524 = ORIENTED_EDGE('',*,*,#11525,.T.);
#11525 = EDGE_CURVE('',#10520,#9479,#11526,.T.);
#11526 = SEAM_CURVE('',#11527,(#11531,#11538),.PCURVE_S1.);
#11527 = LINE('',#11528,#11529);
#11528 = CARTESIAN_POINT('',(-5.510910596163E-16,-3.,9.25));
#11529 = VECTOR('',#11530,1.);
#11530 = DIRECTION('',(0.,1.,0.));
#11531 = PCURVE('',#9495,#11532);
#11532 = DEFINITIONAL_REPRESENTATION('',(#11533),#11537);
#11533 = LINE('',#11534,#11535);
#11534 = CARTESIAN_POINT('',(6.28318530718,-0.));
#11535 = VECTOR('',#11536,1.);
#11536 = DIRECTION('',(0.,1.));
#11537 = ( GEOMETRIC_REPRESENTATION_CONTEXT(2) 
PARAMETRIC_REPRESENTATION_CONTEXT() REPRESENTATION_CONTEXT('2D SPACE',''
  ) );
#11538 = PCURVE('',#9495,#11539);
#11539 = DEFINITIONAL_REPRESENTATION('',(#11540),#11544);
#11540 = LINE('',#11541,#11542);
#11541 = CARTESIAN_POINT('',(0.,-0.));
#11542 = VECTOR('',#11543,1.);
#11543 = DIRECTION('',(0.,1.));
#11544 = ( GEOMETRIC_REPRESENTATION_CONTEXT(2) 
PARAMETRIC_REPRESENTATION_CONTEXT() REPRESENTATION_CONTEXT('2D SPACE',''
  ) );
#11545 = ORIENTED_EDGE('',*,*,#9478,.F.);
#11546 = ORIENTED_EDGE('',*,*,#11525,.F.);
#11547 = ORIENTED_EDGE('',*,*,#10519,.T.);
#11548 = ADVANCED_FACE('',(#11549),#9722,.F.);
#11549 = FACE_BOUND('',#11550,.F.);
#11550 = EDGE_LOOP('',(#11551,#11572,#11573,#11574));
#11551 = ORIENTED_EDGE('',*,*,#11552,.T.);
#11552 = EDGE_CURVE('',#10786,#9706,#11553,.T.);
#11553 = SEAM_CURVE('',#11554,(#11558,#11565),.PCURVE_S1.);
#11554 = LINE('',#11555,#11556);
#11555 = CARTESIAN_POINT('',(-178.,-3.,82.25));
#11556 = VECTOR('',#11557,1.);
#11557 = DIRECTION('',(0.,1.,0.));
#11558 = PCURVE('',#9722,#11559);
#11559 = DEFINITIONAL_REPRESENTATION('',(#11560),#11564);
#11560 = LINE('',#11561,#11562);
#11561 = CARTESIAN_POINT('',(6.28318530718,-0.));
#11562 = VECTOR('',#11563,1.);
#11563 = DIRECTION('',(0.,1.));
#11564 = ( GEOMETRIC_REPRESENTATION_CONTEXT(2) 
PARAMETRIC_REPRESENTATION_CONTEXT() REPRESENTATION_CONTEXT('2D SPACE',''
  ) );
#11565 = PCURVE('',#9722,#11566);
#11566 = DEFINITIONAL_REPRESENTATION('',(#11567),#11571);
#11567 = LINE('',#11568,#11569);
#11568 = CARTESIAN_POINT('',(0.,-0.));
#11569 = VECTOR('',#11570,1.);
#11570 = DIRECTION('',(0.,1.));
#11571 = ( GEOMETRIC_REPRESENTATION_CONTEXT(2) 
PARAMETRIC_REPRESENTATION_CONTEXT() REPRESENTATION_CONTEXT('2D SPACE',''
  ) );
#11572 = ORIENTED_EDGE('',*,*,#9705,.F.);
#11573 = ORIENTED_EDGE('',*,*,#11552,.F.);
#11574 = ORIENTED_EDGE('',*,*,#10785,.T.);
#11575 = ADVANCED_FACE('',(#11576),#9831,.F.);
#11576 = FACE_BOUND('',#11577,.F.);
#11577 = EDGE_LOOP('',(#11578,#11599,#11600,#11601));
#11578 = ORIENTED_EDGE('',*,*,#11579,.T.);
#11579 = EDGE_CURVE('',#10917,#9815,#11580,.T.);
#11580 = SEAM_CURVE('',#11581,(#11585,#11592),.PCURVE_S1.);
#11581 = LINE('',#11582,#11583);
#11582 = CARTESIAN_POINT('',(-5.510910596163E-16,-3.,82.25));
#11583 = VECTOR('',#11584,1.);
#11584 = DIRECTION('',(0.,1.,0.));
#11585 = PCURVE('',#9831,#11586);
#11586 = DEFINITIONAL_REPRESENTATION('',(#11587),#11591);
#11587 = LINE('',#11588,#11589);
#11588 = CARTESIAN_POINT('',(6.28318530718,-0.));
#11589 = VECTOR('',#11590,1.);
#11590 = DIRECTION('',(0.,1.));
#11591 = ( GEOMETRIC_REPRESENTATION_CONTEXT(2) 
PARAMETRIC_REPRESENTATION_CONTEXT() REPRESENTATION_CONTEXT('2D SPACE',''
  ) );
#11592 = PCURVE('',#9831,#11593);
#11593 = DEFINITIONAL_REPRESENTATION('',(#11594),#11598);
#11594 = LINE('',#11595,#11596);
#11595 = CARTESIAN_POINT('',(0.,-0.));
#11596 = VECTOR('',#11597,1.);
#11597 = DIRECTION('',(0.,1.));
#11598 = ( GEOMETRIC_REPRESENTATION_CONTEXT(2) 
PARAMETRIC_REPRESENTATION_CONTEXT() REPRESENTATION_CONTEXT('2D SPACE',''
  ) );
#11599 = ORIENTED_EDGE('',*,*,#9814,.F.);
#11600 = ORIENTED_EDGE('',*,*,#11579,.F.);
#11601 = ORIENTED_EDGE('',*,*,#10916,.T.);
#11602 = ADVANCED_FACE('',(#11603),#9940,.F.);
#11603 = FACE_BOUND('',#11604,.F.);
#11604 = EDGE_LOOP('',(#11605,#11626,#11627,#11628));
#11605 = ORIENTED_EDGE('',*,*,#11606,.T.);
#11606 = EDGE_CURVE('',#11048,#9924,#11607,.T.);
#11607 = SEAM_CURVE('',#11608,(#11612,#11619),.PCURVE_S1.);
#11608 = LINE('',#11609,#11610);
#11609 = CARTESIAN_POINT('',(178.,-3.,9.25));
#11610 = VECTOR('',#11611,1.);
#11611 = DIRECTION('',(0.,1.,0.));
#11612 = PCURVE('',#9940,#11613);
#11613 = DEFINITIONAL_REPRESENTATION('',(#11614),#11618);
#11614 = LINE('',#11615,#11616);
#11615 = CARTESIAN_POINT('',(6.28318530718,-0.));
#11616 = VECTOR('',#11617,1.);
#11617 = DIRECTION('',(0.,1.));
#11618 = ( GEOMETRIC_REPRESENTATION_CONTEXT(2) 
PARAMETRIC_REPRESENTATION_CONTEXT() REPRESENTATION_CONTEXT('2D SPACE',''
  ) );
#11619 = PCURVE('',#9940,#11620);
#11620 = DEFINITIONAL_REPRESENTATION('',(#11621),#11625);
#11621 = LINE('',#11622,#11623);
#11622 = CARTESIAN_POINT('',(0.,-0.));
#11623 = VECTOR('',#11624,1.);
#11624 = DIRECTION('',(0.,1.));
#11625 = ( GEOMETRIC_REPRESENTATION_CONTEXT(2) 
PARAMETRIC_REPRESENTATION_CONTEXT() REPRESENTATION_CONTEXT('2D SPACE',''
  ) );
#11626 = ORIENTED_EDGE('',*,*,#9923,.F.);
#11627 = ORIENTED_EDGE('',*,*,#11606,.F.);
#11628 = ORIENTED_EDGE('',*,*,#11047,.T.);
#11629 = ADVANCED_FACE('',(#11630),#10193,.F.);
#11630 = FACE_BOUND('',#11631,.F.);
#11631 = EDGE_LOOP('',(#11632,#11653,#11654,#11655));
#11632 = ORIENTED_EDGE('',*,*,#11633,.T.);
#11633 = EDGE_CURVE('',#11341,#10177,#11634,.T.);
#11634 = SEAM_CURVE('',#11635,(#11639,#11646),.PCURVE_S1.);
#11635 = LINE('',#11636,#11637);
#11636 = CARTESIAN_POINT('',(178.,-3.,82.25));
#11637 = VECTOR('',#11638,1.);
#11638 = DIRECTION('',(0.,1.,0.));
#11639 = PCURVE('',#10193,#11640);
#11640 = DEFINITIONAL_REPRESENTATION('',(#11641),#11645);
#11641 = LINE('',#11642,#11643);
#11642 = CARTESIAN_POINT('',(6.28318530718,-0.));
#11643 = VECTOR('',#11644,1.);
#11644 = DIRECTION('',(0.,1.));
#11645 = ( GEOMETRIC_REPRESENTATION_CONTEXT(2) 
PARAMETRIC_REPRESENTATION_CONTEXT() REPRESENTATION_CONTEXT('2D SPACE',''
  ) );
#11646 = PCURVE('',#10193,#11647);
#11647 = DEFINITIONAL_REPRESENTATION('',(#11648),#11652);
#11648 = LINE('',#11649,#11650);
#11649 = CARTESIAN_POINT('',(0.,-0.));
#11650 = VECTOR('',#11651,1.);
#11651 = DIRECTION('',(0.,1.));
#11652 = ( GEOMETRIC_REPRESENTATION_CONTEXT(2) 
PARAMETRIC_REPRESENTATION_CONTEXT() REPRESENTATION_CONTEXT('2D SPACE',''
  ) );
#11653 = ORIENTED_EDGE('',*,*,#10176,.F.);
#11654 = ORIENTED_EDGE('',*,*,#11633,.F.);
#11655 = ORIENTED_EDGE('',*,*,#11340,.T.);
#11656 = ( GEOMETRIC_REPRESENTATION_CONTEXT(3) 
GLOBAL_UNCERTAINTY_ASSIGNED_CONTEXT((#11660)) 
GLOBAL_UNIT_ASSIGNED_CONTEXT((#11657,#11658,#11659)) 
REPRESENTATION_CONTEXT('Context #1',
  '3D Context with UNIT and UNCERTAINTY') );
#11657 = ( LENGTH_UNIT() NAMED_UNIT(*) SI_UNIT(.MILLI.,.METRE.) );
#11658 = ( NAMED_UNIT(*) PLANE_ANGLE_UNIT() SI_UNIT($,.RADIAN.) );
#11659 = ( NAMED_UNIT(*) SI_UNIT($,.STERADIAN.) SOLID_ANGLE_UNIT() );
#11660 = UNCERTAINTY_MEASURE_WITH_UNIT(LENGTH_MEASURE(1.E-07),#11657,
  'distance_accuracy_value','confusion accuracy');
#11661 = CONTEXT_DEPENDENT_SHAPE_REPRESENTATION(#11662,#11664);
#11662 = ( REPRESENTATION_RELATIONSHIP('','',#7899,#10) 
REPRESENTATION_RELATIONSHIP_WITH_TRANSFORMATION(#11663) 
SHAPE_REPRESENTATION_RELATIONSHIP() );
#11663 = ITEM_DEFINED_TRANSFORMATION('','',#11,#19);
#11664 = PRODUCT_DEFINITION_SHAPE('Placement','Placement of an item',
  #11665);
#11665 = NEXT_ASSEMBLY_USAGE_OCCURRENCE('8','faceplate','',#5,#7894,$);
#11666 = PRODUCT_RELATED_PRODUCT_CATEGORY('part',$,(#7896));
#11667 = SHAPE_DEFINITION_REPRESENTATION(#11668,#11674);
#11668 = PRODUCT_DEFINITION_SHAPE('','',#11669);
#11669 = PRODUCT_DEFINITION('design','',#11670,#11673);
#11670 = PRODUCT_DEFINITION_FORMATION('','',#11671);
#11671 = PRODUCT('REFERENCE_fitting_1','REFERENCE_fitting_1','',(#11672)
  );
#11672 = PRODUCT_CONTEXT('',#2,'mechanical');
#11673 = PRODUCT_DEFINITION_CONTEXT('part definition',#2,'design');
#11674 = ADVANCED_BREP_SHAPE_REPRESENTATION('',(#11,#11675),#12963);
#11675 = MANIFOLD_SOLID_BREP('',#11676);
#11676 = CLOSED_SHELL('',(#11677,#11868,#11926,#11979,#12060,#12141,
    #12145,#12222,#12328,#12434,#12486,#12513,#12540,#12567,#12645,
    #12672,#12698,#12725,#12775,#12860,#12865,#12904,#12959));
#11677 = ADVANCED_FACE('',(#11678),#11693,.T.);
#11678 = FACE_BOUND('',#11679,.T.);
#11679 = EDGE_LOOP('',(#11680,#11720,#11743,#11770,#11771,#11804,#11837)
  );
#11680 = ORIENTED_EDGE('',*,*,#11681,.F.);
#11681 = EDGE_CURVE('',#11682,#11684,#11686,.T.);
#11682 = VERTEX_POINT('',#11683);
#11683 = CARTESIAN_POINT('',(-203.8,26.,14.5));
#11684 = VERTEX_POINT('',#11685);
#11685 = CARTESIAN_POINT('',(-203.8,17.,23.5));
#11686 = SURFACE_CURVE('',#11687,(#11692,#11704),.PCURVE_S1.);
#11687 = CIRCLE('',#11688,9.);
#11688 = AXIS2_PLACEMENT_3D('',#11689,#11690,#11691);
#11689 = CARTESIAN_POINT('',(-203.8,26.,23.5));
#11690 = DIRECTION('',(-1.,0.,0.));
#11691 = DIRECTION('',(0.,0.,-1.));
#11692 = PCURVE('',#11693,#11698);
#11693 = CYLINDRICAL_SURFACE('',#11694,9.);
#11694 = AXIS2_PLACEMENT_3D('',#11695,#11696,#11697);
#11695 = CARTESIAN_POINT('',(-195.,26.,23.5));
#11696 = DIRECTION('',(-1.,0.,0.));
#11697 = DIRECTION('',(0.,0.,-1.));
#11698 = DEFINITIONAL_REPRESENTATION('',(#11699),#11703);
#11699 = LINE('',#11700,#11701);
#11700 = CARTESIAN_POINT('',(0.,8.8));
#11701 = VECTOR('',#11702,1.);
#11702 = DIRECTION('',(1.,0.));
#11703 = ( GEOMETRIC_REPRESENTATION_CONTEXT(2) 
PARAMETRIC_REPRESENTATION_CONTEXT() REPRESENTATION_CONTEXT('2D SPACE',''
  ) );
#11704 = PCURVE('',#11705,#11710);
#11705 = PLANE('',#11706);
#11706 = AXIS2_PLACEMENT_3D('',#11707,#11708,#11709);
#11707 = CARTESIAN_POINT('',(-203.8,17.,14.5));
#11708 = DIRECTION('',(1.,0.,0.));
#11709 = DIRECTION('',(0.,0.,1.));
#11710 = DEFINITIONAL_REPRESENTATION('',(#11711),#11719);
#11711 = ( BOUNDED_CURVE() B_SPLINE_CURVE(2,(#11712,#11713,#11714,#11715
    ,#11716,#11717,#11718),.UNSPECIFIED.,.T.,.F.) 
B_SPLINE_CURVE_WITH_KNOTS((1,2,2,2,2,1),(-2.094395102393,0.,
    2.094395102393,4.188790204786,6.28318530718,8.377580409573),
.UNSPECIFIED.) CURVE() GEOMETRIC_REPRESENTATION_ITEM() 
RATIONAL_B_SPLINE_CURVE((1.,0.5,1.,0.5,1.,0.5,1.)) REPRESENTATION_ITEM(
  '') );
#11712 = CARTESIAN_POINT('',(0.,-9.));
#11713 = CARTESIAN_POINT('',(0.,6.58845726812));
#11714 = CARTESIAN_POINT('',(13.5,-1.20577136594));
#11715 = CARTESIAN_POINT('',(27.,-9.));
#11716 = CARTESIAN_POINT('',(13.5,-16.79422863406));
#11717 = CARTESIAN_POINT('',(1.42108547152E-14,-24.58845726812));
#11718 = CARTESIAN_POINT('',(0.,-9.));
#11719 = ( GEOMETRIC_REPRESENTATION_CONTEXT(2) 
PARAMETRIC_REPRESENTATION_CONTEXT() REPRESENTATION_CONTEXT('2D SPACE',''
  ) );
#11720 = ORIENTED_EDGE('',*,*,#11721,.F.);
#11721 = EDGE_CURVE('',#11722,#11682,#11724,.T.);
#11722 = VERTEX_POINT('',#11723);
#11723 = CARTESIAN_POINT('',(-195.,26.,14.5));
#11724 = SEAM_CURVE('',#11725,(#11729,#11736),.PCURVE_S1.);
#11725 = LINE('',#11726,#11727);
#11726 = CARTESIAN_POINT('',(-195.,26.,14.5));
#11727 = VECTOR('',#11728,1.);
#11728 = DIRECTION('',(-1.,0.,0.));
#11729 = PCURVE('',#11693,#11730);
#11730 = DEFINITIONAL_REPRESENTATION('',(#11731),#11735);
#11731 = LINE('',#11732,#11733);
#11732 = CARTESIAN_POINT('',(6.28318530718,-0.));
#11733 = VECTOR('',#11734,1.);
#11734 = DIRECTION('',(0.,1.));
#11735 = ( GEOMETRIC_REPRESENTATION_CONTEXT(2) 
PARAMETRIC_REPRESENTATION_CONTEXT() REPRESENTATION_CONTEXT('2D SPACE',''
  ) );
#11736 = PCURVE('',#11693,#11737);
#11737 = DEFINITIONAL_REPRESENTATION('',(#11738),#11742);
#11738 = LINE('',#11739,#11740);
#11739 = CARTESIAN_POINT('',(0.,-0.));
#11740 = VECTOR('',#11741,1.);
#11741 = DIRECTION('',(0.,1.));
#11742 = ( GEOMETRIC_REPRESENTATION_CONTEXT(2) 
PARAMETRIC_REPRESENTATION_CONTEXT() REPRESENTATION_CONTEXT('2D SPACE',''
  ) );
#11743 = ORIENTED_EDGE('',*,*,#11744,.T.);
#11744 = EDGE_CURVE('',#11722,#11722,#11745,.T.);
#11745 = SURFACE_CURVE('',#11746,(#11751,#11758),.PCURVE_S1.);
#11746 = CIRCLE('',#11747,9.);
#11747 = AXIS2_PLACEMENT_3D('',#11748,#11749,#11750);
#11748 = CARTESIAN_POINT('',(-195.,26.,23.5));
#11749 = DIRECTION('',(-1.,0.,0.));
#11750 = DIRECTION('',(0.,0.,-1.));
#11751 = PCURVE('',#11693,#11752);
#11752 = DEFINITIONAL_REPRESENTATION('',(#11753),#11757);
#11753 = LINE('',#11754,#11755);
#11754 = CARTESIAN_POINT('',(0.,0.));
#11755 = VECTOR('',#11756,1.);
#11756 = DIRECTION('',(1.,0.));
#11757 = ( GEOMETRIC_REPRESENTATION_CONTEXT(2) 
PARAMETRIC_REPRESENTATION_CONTEXT() REPRESENTATION_CONTEXT('2D SPACE',''
  ) );
#11758 = PCURVE('',#11759,#11764);
#11759 = PLANE('',#11760);
#11760 = AXIS2_PLACEMENT_3D('',#11761,#11762,#11763);
#11761 = CARTESIAN_POINT('',(-195.,26.,23.5));
#11762 = DIRECTION('',(-1.,0.,0.));
#11763 = DIRECTION('',(0.,0.,-1.));
#11764 = DEFINITIONAL_REPRESENTATION('',(#11765),#11769);
#11765 = CIRCLE('',#11766,9.);
#11766 = AXIS2_PLACEMENT_2D('',#11767,#11768);
#11767 = CARTESIAN_POINT('',(0.,0.));
#11768 = DIRECTION('',(1.,0.));
#11769 = ( GEOMETRIC_REPRESENTATION_CONTEXT(2) 
PARAMETRIC_REPRESENTATION_CONTEXT() REPRESENTATION_CONTEXT('2D SPACE',''
  ) );
#11770 = ORIENTED_EDGE('',*,*,#11721,.T.);
#11771 = ORIENTED_EDGE('',*,*,#11772,.F.);
#11772 = EDGE_CURVE('',#11773,#11682,#11775,.T.);
#11773 = VERTEX_POINT('',#11774);
#11774 = CARTESIAN_POINT('',(-203.8,35.,23.5));
#11775 = SURFACE_CURVE('',#11776,(#11781,#11788),.PCURVE_S1.);
#11776 = CIRCLE('',#11777,9.);
#11777 = AXIS2_PLACEMENT_3D('',#11778,#11779,#11780);
#11778 = CARTESIAN_POINT('',(-203.8,26.,23.5));
#11779 = DIRECTION('',(-1.,0.,0.));
#11780 = DIRECTION('',(0.,0.,-1.));
#11781 = PCURVE('',#11693,#11782);
#11782 = DEFINITIONAL_REPRESENTATION('',(#11783),#11787);
#11783 = LINE('',#11784,#11785);
#11784 = CARTESIAN_POINT('',(0.,8.8));
#11785 = VECTOR('',#11786,1.);
#11786 = DIRECTION('',(1.,0.));
#11787 = ( GEOMETRIC_REPRESENTATION_CONTEXT(2) 
PARAMETRIC_REPRESENTATION_CONTEXT() REPRESENTATION_CONTEXT('2D SPACE',''
  ) );
#11788 = PCURVE('',#11789,#11794);
#11789 = PLANE('',#11790);
#11790 = AXIS2_PLACEMENT_3D('',#11791,#11792,#11793);
#11791 = CARTESIAN_POINT('',(-203.8,17.,14.5));
#11792 = DIRECTION('',(1.,0.,0.));
#11793 = DIRECTION('',(0.,0.,1.));
#11794 = DEFINITIONAL_REPRESENTATION('',(#11795),#11803);
#11795 = ( BOUNDED_CURVE() B_SPLINE_CURVE(2,(#11796,#11797,#11798,#11799
    ,#11800,#11801,#11802),.UNSPECIFIED.,.T.,.F.) 
B_SPLINE_CURVE_WITH_KNOTS((1,2,2,2,2,1),(-2.094395102393,0.,
    2.094395102393,4.188790204786,6.28318530718,8.377580409573),
.UNSPECIFIED.) CURVE() GEOMETRIC_REPRESENTATION_ITEM() 
RATIONAL_B_SPLINE_CURVE((1.,0.5,1.,0.5,1.,0.5,1.)) REPRESENTATION_ITEM(
  '') );
#11796 = CARTESIAN_POINT('',(0.,-9.));
#11797 = CARTESIAN_POINT('',(0.,6.58845726812));
#11798 = CARTESIAN_POINT('',(13.5,-1.20577136594));
#11799 = CARTESIAN_POINT('',(27.,-9.));
#11800 = CARTESIAN_POINT('',(13.5,-16.79422863406));
#11801 = CARTESIAN_POINT('',(1.42108547152E-14,-24.58845726812));
#11802 = CARTESIAN_POINT('',(0.,-9.));
#11803 = ( GEOMETRIC_REPRESENTATION_CONTEXT(2) 
PARAMETRIC_REPRESENTATION_CONTEXT() REPRESENTATION_CONTEXT('2D SPACE',''
  ) );
#11804 = ORIENTED_EDGE('',*,*,#11805,.F.);
#11805 = EDGE_CURVE('',#11806,#11773,#11808,.T.);
#11806 = VERTEX_POINT('',#11807);
#11807 = CARTESIAN_POINT('',(-203.8,26.,32.5));
#11808 = SURFACE_CURVE('',#11809,(#11814,#11821),.PCURVE_S1.);
#11809 = CIRCLE('',#11810,9.);
#11810 = AXIS2_PLACEMENT_3D('',#11811,#11812,#11813);
#11811 = CARTESIAN_POINT('',(-203.8,26.,23.5));
#11812 = DIRECTION('',(-1.,0.,0.));
#11813 = DIRECTION('',(0.,0.,-1.));
#11814 = PCURVE('',#11693,#11815);
#11815 = DEFINITIONAL_REPRESENTATION('',(#11816),#11820);
#11816 = LINE('',#11817,#11818);
#11817 = CARTESIAN_POINT('',(0.,8.8));
#11818 = VECTOR('',#11819,1.);
#11819 = DIRECTION('',(1.,0.));
#11820 = ( GEOMETRIC_REPRESENTATION_CONTEXT(2) 
PARAMETRIC_REPRESENTATION_CONTEXT() REPRESENTATION_CONTEXT('2D SPACE',''
  ) );
#11821 = PCURVE('',#11822,#11827);
#11822 = PLANE('',#11823);
#11823 = AXIS2_PLACEMENT_3D('',#11824,#11825,#11826);
#11824 = CARTESIAN_POINT('',(-203.8,17.,14.5));
#11825 = DIRECTION('',(1.,0.,0.));
#11826 = DIRECTION('',(0.,0.,1.));
#11827 = DEFINITIONAL_REPRESENTATION('',(#11828),#11836);
#11828 = ( BOUNDED_CURVE() B_SPLINE_CURVE(2,(#11829,#11830,#11831,#11832
    ,#11833,#11834,#11835),.UNSPECIFIED.,.T.,.F.) 
B_SPLINE_CURVE_WITH_KNOTS((1,2,2,2,2,1),(-2.094395102393,0.,
    2.094395102393,4.188790204786,6.28318530718,8.377580409573),
.UNSPECIFIED.) CURVE() GEOMETRIC_REPRESENTATION_ITEM() 
RATIONAL_B_SPLINE_CURVE((1.,0.5,1.,0.5,1.,0.5,1.)) REPRESENTATION_ITEM(
  '') );
#11829 = CARTESIAN_POINT('',(0.,-9.));
#11830 = CARTESIAN_POINT('',(0.,6.58845726812));
#11831 = CARTESIAN_POINT('',(13.5,-1.20577136594));
#11832 = CARTESIAN_POINT('',(27.,-9.));
#11833 = CARTESIAN_POINT('',(13.5,-16.79422863406));
#11834 = CARTESIAN_POINT('',(1.42108547152E-14,-24.58845726812));
#11835 = CARTESIAN_POINT('',(0.,-9.));
#11836 = ( GEOMETRIC_REPRESENTATION_CONTEXT(2) 
PARAMETRIC_REPRESENTATION_CONTEXT() REPRESENTATION_CONTEXT('2D SPACE',''
  ) );
#11837 = ORIENTED_EDGE('',*,*,#11838,.F.);
#11838 = EDGE_CURVE('',#11684,#11806,#11839,.T.);
#11839 = SURFACE_CURVE('',#11840,(#11845,#11852),.PCURVE_S1.);
#11840 = CIRCLE('',#11841,9.);
#11841 = AXIS2_PLACEMENT_3D('',#11842,#11843,#11844);
#11842 = CARTESIAN_POINT('',(-203.8,26.,23.5));
#11843 = DIRECTION('',(-1.,0.,0.));
#11844 = DIRECTION('',(0.,0.,-1.));
#11845 = PCURVE('',#11693,#11846);
#11846 = DEFINITIONAL_REPRESENTATION('',(#11847),#11851);
#11847 = LINE('',#11848,#11849);
#11848 = CARTESIAN_POINT('',(0.,8.8));
#11849 = VECTOR('',#11850,1.);
#11850 = DIRECTION('',(1.,0.));
#11851 = ( GEOMETRIC_REPRESENTATION_CONTEXT(2) 
PARAMETRIC_REPRESENTATION_CONTEXT() REPRESENTATION_CONTEXT('2D SPACE',''
  ) );
#11852 = PCURVE('',#11853,#11858);
#11853 = PLANE('',#11854);
#11854 = AXIS2_PLACEMENT_3D('',#11855,#11856,#11857);
#11855 = CARTESIAN_POINT('',(-203.8,17.,14.5));
#11856 = DIRECTION('',(1.,0.,0.));
#11857 = DIRECTION('',(0.,0.,1.));
#11858 = DEFINITIONAL_REPRESENTATION('',(#11859),#11867);
#11859 = ( BOUNDED_CURVE() B_SPLINE_CURVE(2,(#11860,#11861,#11862,#11863
    ,#11864,#11865,#11866),.UNSPECIFIED.,.T.,.F.) 
B_SPLINE_CURVE_WITH_KNOTS((1,2,2,2,2,1),(-2.094395102393,0.,
    2.094395102393,4.188790204786,6.28318530718,8.377580409573),
.UNSPECIFIED.) CURVE() GEOMETRIC_REPRESENTATION_ITEM() 
RATIONAL_B_SPLINE_CURVE((1.,0.5,1.,0.5,1.,0.5,1.)) REPRESENTATION_ITEM(
  '') );
#11860 = CARTESIAN_POINT('',(0.,-9.));
#11861 = CARTESIAN_POINT('',(0.,6.58845726812));
#11862 = CARTESIAN_POINT('',(13.5,-1.20577136594));
#11863 = CARTESIAN_POINT('',(27.,-9.));
#11864 = CARTESIAN_POINT('',(13.5,-16.79422863406));
#11865 = CARTESIAN_POINT('',(1.42108547152E-14,-24.58845726812));
#11866 = CARTESIAN_POINT('',(0.,-9.));
#11867 = ( GEOMETRIC_REPRESENTATION_CONTEXT(2) 
PARAMETRIC_REPRESENTATION_CONTEXT() REPRESENTATION_CONTEXT('2D SPACE',''
  ) );
#11868 = ADVANCED_FACE('',(#11869),#11705,.T.);
#11869 = FACE_BOUND('',#11870,.T.);
#11870 = EDGE_LOOP('',(#11871,#11899,#11925));
#11871 = ORIENTED_EDGE('',*,*,#11872,.F.);
#11872 = EDGE_CURVE('',#11873,#11684,#11875,.T.);
#11873 = VERTEX_POINT('',#11874);
#11874 = CARTESIAN_POINT('',(-203.8,17.,14.5));
#11875 = SURFACE_CURVE('',#11876,(#11880,#11887),.PCURVE_S1.);
#11876 = LINE('',#11877,#11878);
#11877 = CARTESIAN_POINT('',(-203.8,17.,14.5));
#11878 = VECTOR('',#11879,1.);
#11879 = DIRECTION('',(0.,0.,1.));
#11880 = PCURVE('',#11705,#11881);
#11881 = DEFINITIONAL_REPRESENTATION('',(#11882),#11886);
#11882 = LINE('',#11883,#11884);
#11883 = CARTESIAN_POINT('',(0.,0.));
#11884 = VECTOR('',#11885,1.);
#11885 = DIRECTION('',(1.,0.));
#11886 = ( GEOMETRIC_REPRESENTATION_CONTEXT(2) 
PARAMETRIC_REPRESENTATION_CONTEXT() REPRESENTATION_CONTEXT('2D SPACE',''
  ) );
#11887 = PCURVE('',#11888,#11893);
#11888 = PLANE('',#11889);
#11889 = AXIS2_PLACEMENT_3D('',#11890,#11891,#11892);
#11890 = CARTESIAN_POINT('',(-221.8,17.,14.5));
#11891 = DIRECTION('',(0.,1.,0.));
#11892 = DIRECTION('',(0.,0.,1.));
#11893 = DEFINITIONAL_REPRESENTATION('',(#11894),#11898);
#11894 = LINE('',#11895,#11896);
#11895 = CARTESIAN_POINT('',(0.,18.));
#11896 = VECTOR('',#11897,1.);
#11897 = DIRECTION('',(1.,0.));
#11898 = ( GEOMETRIC_REPRESENTATION_CONTEXT(2) 
PARAMETRIC_REPRESENTATION_CONTEXT() REPRESENTATION_CONTEXT('2D SPACE',''
  ) );
#11899 = ORIENTED_EDGE('',*,*,#11900,.T.);
#11900 = EDGE_CURVE('',#11873,#11682,#11901,.T.);
#11901 = SURFACE_CURVE('',#11902,(#11906,#11913),.PCURVE_S1.);
#11902 = LINE('',#11903,#11904);
#11903 = CARTESIAN_POINT('',(-203.8,17.,14.5));
#11904 = VECTOR('',#11905,1.);
#11905 = DIRECTION('',(0.,1.,0.));
#11906 = PCURVE('',#11705,#11907);
#11907 = DEFINITIONAL_REPRESENTATION('',(#11908),#11912);
#11908 = LINE('',#11909,#11910);
#11909 = CARTESIAN_POINT('',(0.,0.));
#11910 = VECTOR('',#11911,1.);
#11911 = DIRECTION('',(0.,-1.));
#11912 = ( GEOMETRIC_REPRESENTATION_CONTEXT(2) 
PARAMETRIC_REPRESENTATION_CONTEXT() REPRESENTATION_CONTEXT('2D SPACE',''
  ) );
#11913 = PCURVE('',#11914,#11919);
#11914 = PLANE('',#11915);
#11915 = AXIS2_PLACEMENT_3D('',#11916,#11917,#11918);
#11916 = CARTESIAN_POINT('',(-221.8,17.,14.5));
#11917 = DIRECTION('',(0.,0.,1.));
#11918 = DIRECTION('',(1.,0.,0.));
#11919 = DEFINITIONAL_REPRESENTATION('',(#11920),#11924);
#11920 = LINE('',#11921,#11922);
#11921 = CARTESIAN_POINT('',(18.,0.));
#11922 = VECTOR('',#11923,1.);
#11923 = DIRECTION('',(0.,1.));
#11924 = ( GEOMETRIC_REPRESENTATION_CONTEXT(2) 
PARAMETRIC_REPRESENTATION_CONTEXT() REPRESENTATION_CONTEXT('2D SPACE',''
  ) );
#11925 = ORIENTED_EDGE('',*,*,#11681,.T.);
#11926 = ADVANCED_FACE('',(#11927),#11853,.T.);
#11927 = FACE_BOUND('',#11928,.T.);
#11928 = EDGE_LOOP('',(#11929,#11952,#11953));
#11929 = ORIENTED_EDGE('',*,*,#11930,.F.);
#11930 = EDGE_CURVE('',#11684,#11931,#11933,.T.);
#11931 = VERTEX_POINT('',#11932);
#11932 = CARTESIAN_POINT('',(-203.8,17.,32.5));
#11933 = SURFACE_CURVE('',#11934,(#11938,#11945),.PCURVE_S1.);
#11934 = LINE('',#11935,#11936);
#11935 = CARTESIAN_POINT('',(-203.8,17.,14.5));
#11936 = VECTOR('',#11937,1.);
#11937 = DIRECTION('',(0.,0.,1.));
#11938 = PCURVE('',#11853,#11939);
#11939 = DEFINITIONAL_REPRESENTATION('',(#11940),#11944);
#11940 = LINE('',#11941,#11942);
#11941 = CARTESIAN_POINT('',(0.,0.));
#11942 = VECTOR('',#11943,1.);
#11943 = DIRECTION('',(1.,0.));
#11944 = ( GEOMETRIC_REPRESENTATION_CONTEXT(2) 
PARAMETRIC_REPRESENTATION_CONTEXT() REPRESENTATION_CONTEXT('2D SPACE',''
  ) );
#11945 = PCURVE('',#11888,#11946);
#11946 = DEFINITIONAL_REPRESENTATION('',(#11947),#11951);
#11947 = LINE('',#11948,#11949);
#11948 = CARTESIAN_POINT('',(0.,18.));
#11949 = VECTOR('',#11950,1.);
#11950 = DIRECTION('',(1.,0.));
#11951 = ( GEOMETRIC_REPRESENTATION_CONTEXT(2) 
PARAMETRIC_REPRESENTATION_CONTEXT() REPRESENTATION_CONTEXT('2D SPACE',''
  ) );
#11952 = ORIENTED_EDGE('',*,*,#11838,.T.);
#11953 = ORIENTED_EDGE('',*,*,#11954,.F.);
#11954 = EDGE_CURVE('',#11931,#11806,#11955,.T.);
#11955 = SURFACE_CURVE('',#11956,(#11960,#11967),.PCURVE_S1.);
#11956 = LINE('',#11957,#11958);
#11957 = CARTESIAN_POINT('',(-203.8,17.,32.5));
#11958 = VECTOR('',#11959,1.);
#11959 = DIRECTION('',(0.,1.,0.));
#11960 = PCURVE('',#11853,#11961);
#11961 = DEFINITIONAL_REPRESENTATION('',(#11962),#11966);
#11962 = LINE('',#11963,#11964);
#11963 = CARTESIAN_POINT('',(18.,0.));
#11964 = VECTOR('',#11965,1.);
#11965 = DIRECTION('',(0.,-1.));
#11966 = ( GEOMETRIC_REPRESENTATION_CONTEXT(2) 
PARAMETRIC_REPRESENTATION_CONTEXT() REPRESENTATION_CONTEXT('2D SPACE',''
  ) );
#11967 = PCURVE('',#11968,#11973);
#11968 = PLANE('',#11969);
#11969 = AXIS2_PLACEMENT_3D('',#11970,#11971,#11972);
#11970 = CARTESIAN_POINT('',(-221.8,17.,32.5));
#11971 = DIRECTION('',(0.,0.,1.));
#11972 = DIRECTION('',(1.,0.,0.));
#11973 = DEFINITIONAL_REPRESENTATION('',(#11974),#11978);
#11974 = LINE('',#11975,#11976);
#11975 = CARTESIAN_POINT('',(18.,0.));
#11976 = VECTOR('',#11977,1.);
#11977 = DIRECTION('',(0.,1.));
#11978 = ( GEOMETRIC_REPRESENTATION_CONTEXT(2) 
PARAMETRIC_REPRESENTATION_CONTEXT() REPRESENTATION_CONTEXT('2D SPACE',''
  ) );
#11979 = ADVANCED_FACE('',(#11980),#11822,.T.);
#11980 = FACE_BOUND('',#11981,.T.);
#11981 = EDGE_LOOP('',(#11982,#12005,#12006,#12034));
#11982 = ORIENTED_EDGE('',*,*,#11983,.F.);
#11983 = EDGE_CURVE('',#11806,#11984,#11986,.T.);
#11984 = VERTEX_POINT('',#11985);
#11985 = CARTESIAN_POINT('',(-203.8,35.,32.5));
#11986 = SURFACE_CURVE('',#11987,(#11991,#11998),.PCURVE_S1.);
#11987 = LINE('',#11988,#11989);
#11988 = CARTESIAN_POINT('',(-203.8,17.,32.5));
#11989 = VECTOR('',#11990,1.);
#11990 = DIRECTION('',(0.,1.,0.));
#11991 = PCURVE('',#11822,#11992);
#11992 = DEFINITIONAL_REPRESENTATION('',(#11993),#11997);
#11993 = LINE('',#11994,#11995);
#11994 = CARTESIAN_POINT('',(18.,0.));
#11995 = VECTOR('',#11996,1.);
#11996 = DIRECTION('',(0.,-1.));
#11997 = ( GEOMETRIC_REPRESENTATION_CONTEXT(2) 
PARAMETRIC_REPRESENTATION_CONTEXT() REPRESENTATION_CONTEXT('2D SPACE',''
  ) );
#11998 = PCURVE('',#11968,#11999);
#11999 = DEFINITIONAL_REPRESENTATION('',(#12000),#12004);
#12000 = LINE('',#12001,#12002);
#12001 = CARTESIAN_POINT('',(18.,0.));
#12002 = VECTOR('',#12003,1.);
#12003 = DIRECTION('',(0.,1.));
#12004 = ( GEOMETRIC_REPRESENTATION_CONTEXT(2) 
PARAMETRIC_REPRESENTATION_CONTEXT() REPRESENTATION_CONTEXT('2D SPACE',''
  ) );
#12005 = ORIENTED_EDGE('',*,*,#11805,.T.);
#12006 = ORIENTED_EDGE('',*,*,#12007,.T.);
#12007 = EDGE_CURVE('',#11773,#12008,#12010,.T.);
#12008 = VERTEX_POINT('',#12009);
#12009 = CARTESIAN_POINT('',(-203.8,35.,29.824555320336));
#12010 = SURFACE_CURVE('',#12011,(#12015,#12022),.PCURVE_S1.);
#12011 = LINE('',#12012,#12013);
#12012 = CARTESIAN_POINT('',(-203.8,35.,14.5));
#12013 = VECTOR('',#12014,1.);
#12014 = DIRECTION('',(0.,0.,1.));
#12015 = PCURVE('',#11822,#12016);
#12016 = DEFINITIONAL_REPRESENTATION('',(#12017),#12021);
#12017 = LINE('',#12018,#12019);
#12018 = CARTESIAN_POINT('',(0.,-18.));
#12019 = VECTOR('',#12020,1.);
#12020 = DIRECTION('',(1.,0.));
#12021 = ( GEOMETRIC_REPRESENTATION_CONTEXT(2) 
PARAMETRIC_REPRESENTATION_CONTEXT() REPRESENTATION_CONTEXT('2D SPACE',''
  ) );
#12022 = PCURVE('',#12023,#12028);
#12023 = PLANE('',#12024);
#12024 = AXIS2_PLACEMENT_3D('',#12025,#12026,#12027);
#12025 = CARTESIAN_POINT('',(-212.8,35.,23.5));
#12026 = DIRECTION('',(0.,1.,0.));
#12027 = DIRECTION('',(0.,-0.,1.));
#12028 = DEFINITIONAL_REPRESENTATION('',(#12029),#12033);
#12029 = LINE('',#12030,#12031);
#12030 = CARTESIAN_POINT('',(-9.,9.));
#12031 = VECTOR('',#12032,1.);
#12032 = DIRECTION('',(1.,0.));
#12033 = ( GEOMETRIC_REPRESENTATION_CONTEXT(2) 
PARAMETRIC_REPRESENTATION_CONTEXT() REPRESENTATION_CONTEXT('2D SPACE',''
  ) );
#12034 = ORIENTED_EDGE('',*,*,#12035,.T.);
#12035 = EDGE_CURVE('',#12008,#11984,#12036,.T.);
#12036 = SURFACE_CURVE('',#12037,(#12041,#12048),.PCURVE_S1.);
#12037 = LINE('',#12038,#12039);
#12038 = CARTESIAN_POINT('',(-203.8,35.,14.5));
#12039 = VECTOR('',#12040,1.);
#12040 = DIRECTION('',(0.,0.,1.));
#12041 = PCURVE('',#11822,#12042);
#12042 = DEFINITIONAL_REPRESENTATION('',(#12043),#12047);
#12043 = LINE('',#12044,#12045);
#12044 = CARTESIAN_POINT('',(0.,-18.));
#12045 = VECTOR('',#12046,1.);
#12046 = DIRECTION('',(1.,0.));
#12047 = ( GEOMETRIC_REPRESENTATION_CONTEXT(2) 
PARAMETRIC_REPRESENTATION_CONTEXT() REPRESENTATION_CONTEXT('2D SPACE',''
  ) );
#12048 = PCURVE('',#12049,#12054);
#12049 = PLANE('',#12050);
#12050 = AXIS2_PLACEMENT_3D('',#12051,#12052,#12053);
#12051 = CARTESIAN_POINT('',(-221.8,35.,14.5));
#12052 = DIRECTION('',(0.,1.,0.));
#12053 = DIRECTION('',(0.,0.,1.));
#12054 = DEFINITIONAL_REPRESENTATION('',(#12055),#12059);
#12055 = LINE('',#12056,#12057);
#12056 = CARTESIAN_POINT('',(0.,18.));
#12057 = VECTOR('',#12058,1.);
#12058 = DIRECTION('',(1.,0.));
#12059 = ( GEOMETRIC_REPRESENTATION_CONTEXT(2) 
PARAMETRIC_REPRESENTATION_CONTEXT() REPRESENTATION_CONTEXT('2D SPACE',''
  ) );
#12060 = ADVANCED_FACE('',(#12061),#11789,.T.);
#12061 = FACE_BOUND('',#12062,.T.);
#12062 = EDGE_LOOP('',(#12063,#12064,#12087,#12115));
#12063 = ORIENTED_EDGE('',*,*,#11772,.T.);
#12064 = ORIENTED_EDGE('',*,*,#12065,.T.);
#12065 = EDGE_CURVE('',#11682,#12066,#12068,.T.);
#12066 = VERTEX_POINT('',#12067);
#12067 = CARTESIAN_POINT('',(-203.8,35.,14.5));
#12068 = SURFACE_CURVE('',#12069,(#12073,#12080),.PCURVE_S1.);
#12069 = LINE('',#12070,#12071);
#12070 = CARTESIAN_POINT('',(-203.8,17.,14.5));
#12071 = VECTOR('',#12072,1.);
#12072 = DIRECTION('',(0.,1.,0.));
#12073 = PCURVE('',#11789,#12074);
#12074 = DEFINITIONAL_REPRESENTATION('',(#12075),#12079);
#12075 = LINE('',#12076,#12077);
#12076 = CARTESIAN_POINT('',(0.,0.));
#12077 = VECTOR('',#12078,1.);
#12078 = DIRECTION('',(0.,-1.));
#12079 = ( GEOMETRIC_REPRESENTATION_CONTEXT(2) 
PARAMETRIC_REPRESENTATION_CONTEXT() REPRESENTATION_CONTEXT('2D SPACE',''
  ) );
#12080 = PCURVE('',#11914,#12081);
#12081 = DEFINITIONAL_REPRESENTATION('',(#12082),#12086);
#12082 = LINE('',#12083,#12084);
#12083 = CARTESIAN_POINT('',(18.,0.));
#12084 = VECTOR('',#12085,1.);
#12085 = DIRECTION('',(0.,1.));
#12086 = ( GEOMETRIC_REPRESENTATION_CONTEXT(2) 
PARAMETRIC_REPRESENTATION_CONTEXT() REPRESENTATION_CONTEXT('2D SPACE',''
  ) );
#12087 = ORIENTED_EDGE('',*,*,#12088,.T.);
#12088 = EDGE_CURVE('',#12066,#12089,#12091,.T.);
#12089 = VERTEX_POINT('',#12090);
#12090 = CARTESIAN_POINT('',(-203.8,35.,17.175444679663));
#12091 = SURFACE_CURVE('',#12092,(#12096,#12103),.PCURVE_S1.);
#12092 = LINE('',#12093,#12094);
#12093 = CARTESIAN_POINT('',(-203.8,35.,14.5));
#12094 = VECTOR('',#12095,1.);
#12095 = DIRECTION('',(0.,0.,1.));
#12096 = PCURVE('',#11789,#12097);
#12097 = DEFINITIONAL_REPRESENTATION('',(#12098),#12102);
#12098 = LINE('',#12099,#12100);
#12099 = CARTESIAN_POINT('',(0.,-18.));
#12100 = VECTOR('',#12101,1.);
#12101 = DIRECTION('',(1.,0.));
#12102 = ( GEOMETRIC_REPRESENTATION_CONTEXT(2) 
PARAMETRIC_REPRESENTATION_CONTEXT() REPRESENTATION_CONTEXT('2D SPACE',''
  ) );
#12103 = PCURVE('',#12104,#12109);
#12104 = PLANE('',#12105);
#12105 = AXIS2_PLACEMENT_3D('',#12106,#12107,#12108);
#12106 = CARTESIAN_POINT('',(-221.8,35.,14.5));
#12107 = DIRECTION('',(0.,1.,0.));
#12108 = DIRECTION('',(0.,0.,1.));
#12109 = DEFINITIONAL_REPRESENTATION('',(#12110),#12114);
#12110 = LINE('',#12111,#12112);
#12111 = CARTESIAN_POINT('',(0.,18.));
#12112 = VECTOR('',#12113,1.);
#12113 = DIRECTION('',(1.,0.));
#12114 = ( GEOMETRIC_REPRESENTATION_CONTEXT(2) 
PARAMETRIC_REPRESENTATION_CONTEXT() REPRESENTATION_CONTEXT('2D SPACE',''
  ) );
#12115 = ORIENTED_EDGE('',*,*,#12116,.T.);
#12116 = EDGE_CURVE('',#12089,#11773,#12117,.T.);
#12117 = SURFACE_CURVE('',#12118,(#12122,#12129),.PCURVE_S1.);
#12118 = LINE('',#12119,#12120);
#12119 = CARTESIAN_POINT('',(-203.8,35.,14.5));
#12120 = VECTOR('',#12121,1.);
#12121 = DIRECTION('',(0.,0.,1.));
#12122 = PCURVE('',#11789,#12123);
#12123 = DEFINITIONAL_REPRESENTATION('',(#12124),#12128);
#12124 = LINE('',#12125,#12126);
#12125 = CARTESIAN_POINT('',(0.,-18.));
#12126 = VECTOR('',#12127,1.);
#12127 = DIRECTION('',(1.,0.));
#12128 = ( GEOMETRIC_REPRESENTATION_CONTEXT(2) 
PARAMETRIC_REPRESENTATION_CONTEXT() REPRESENTATION_CONTEXT('2D SPACE',''
  ) );
#12129 = PCURVE('',#12130,#12135);
#12130 = PLANE('',#12131);
#12131 = AXIS2_PLACEMENT_3D('',#12132,#12133,#12134);
#12132 = CARTESIAN_POINT('',(-212.8,35.,23.5));
#12133 = DIRECTION('',(0.,1.,0.));
#12134 = DIRECTION('',(0.,-0.,1.));
#12135 = DEFINITIONAL_REPRESENTATION('',(#12136),#12140);
#12136 = LINE('',#12137,#12138);
#12137 = CARTESIAN_POINT('',(-9.,9.));
#12138 = VECTOR('',#12139,1.);
#12139 = DIRECTION('',(1.,0.));
#12140 = ( GEOMETRIC_REPRESENTATION_CONTEXT(2) 
PARAMETRIC_REPRESENTATION_CONTEXT() REPRESENTATION_CONTEXT('2D SPACE',''
  ) );
#12141 = ADVANCED_FACE('',(#12142),#11759,.F.);
#12142 = FACE_BOUND('',#12143,.T.);
#12143 = EDGE_LOOP('',(#12144));
#12144 = ORIENTED_EDGE('',*,*,#11744,.F.);
#12145 = ADVANCED_FACE('',(#12146),#11888,.F.);
#12146 = FACE_BOUND('',#12147,.F.);
#12147 = EDGE_LOOP('',(#12148,#12171,#12199,#12220,#12221));
#12148 = ORIENTED_EDGE('',*,*,#12149,.F.);
#12149 = EDGE_CURVE('',#12150,#11873,#12152,.T.);
#12150 = VERTEX_POINT('',#12151);
#12151 = CARTESIAN_POINT('',(-221.8,17.,14.5));
#12152 = SURFACE_CURVE('',#12153,(#12157,#12164),.PCURVE_S1.);
#12153 = LINE('',#12154,#12155);
#12154 = CARTESIAN_POINT('',(-221.8,17.,14.5));
#12155 = VECTOR('',#12156,1.);
#12156 = DIRECTION('',(1.,0.,0.));
#12157 = PCURVE('',#11888,#12158);
#12158 = DEFINITIONAL_REPRESENTATION('',(#12159),#12163);
#12159 = LINE('',#12160,#12161);
#12160 = CARTESIAN_POINT('',(0.,0.));
#12161 = VECTOR('',#12162,1.);
#12162 = DIRECTION('',(0.,1.));
#12163 = ( GEOMETRIC_REPRESENTATION_CONTEXT(2) 
PARAMETRIC_REPRESENTATION_CONTEXT() REPRESENTATION_CONTEXT('2D SPACE',''
  ) );
#12164 = PCURVE('',#11914,#12165);
#12165 = DEFINITIONAL_REPRESENTATION('',(#12166),#12170);
#12166 = LINE('',#12167,#12168);
#12167 = CARTESIAN_POINT('',(0.,0.));
#12168 = VECTOR('',#12169,1.);
#12169 = DIRECTION('',(1.,0.));
#12170 = ( GEOMETRIC_REPRESENTATION_CONTEXT(2) 
PARAMETRIC_REPRESENTATION_CONTEXT() REPRESENTATION_CONTEXT('2D SPACE',''
  ) );
#12171 = ORIENTED_EDGE('',*,*,#12172,.T.);
#12172 = EDGE_CURVE('',#12150,#12173,#12175,.T.);
#12173 = VERTEX_POINT('',#12174);
#12174 = CARTESIAN_POINT('',(-221.8,17.,32.5));
#12175 = SURFACE_CURVE('',#12176,(#12180,#12187),.PCURVE_S1.);
#12176 = LINE('',#12177,#12178);
#12177 = CARTESIAN_POINT('',(-221.8,17.,14.5));
#12178 = VECTOR('',#12179,1.);
#12179 = DIRECTION('',(0.,0.,1.));
#12180 = PCURVE('',#11888,#12181);
#12181 = DEFINITIONAL_REPRESENTATION('',(#12182),#12186);
#12182 = LINE('',#12183,#12184);
#12183 = CARTESIAN_POINT('',(0.,0.));
#12184 = VECTOR('',#12185,1.);
#12185 = DIRECTION('',(1.,0.));
#12186 = ( GEOMETRIC_REPRESENTATION_CONTEXT(2) 
PARAMETRIC_REPRESENTATION_CONTEXT() REPRESENTATION_CONTEXT('2D SPACE',''
  ) );
#12187 = PCURVE('',#12188,#12193);
#12188 = PLANE('',#12189);
#12189 = AXIS2_PLACEMENT_3D('',#12190,#12191,#12192);
#12190 = CARTESIAN_POINT('',(-221.8,17.,14.5));
#12191 = DIRECTION('',(1.,0.,0.));
#12192 = DIRECTION('',(0.,0.,1.));
#12193 = DEFINITIONAL_REPRESENTATION('',(#12194),#12198);
#12194 = LINE('',#12195,#12196);
#12195 = CARTESIAN_POINT('',(0.,0.));
#12196 = VECTOR('',#12197,1.);
#12197 = DIRECTION('',(1.,0.));
#12198 = ( GEOMETRIC_REPRESENTATION_CONTEXT(2) 
PARAMETRIC_REPRESENTATION_CONTEXT() REPRESENTATION_CONTEXT('2D SPACE',''
  ) );
#12199 = ORIENTED_EDGE('',*,*,#12200,.T.);
#12200 = EDGE_CURVE('',#12173,#11931,#12201,.T.);
#12201 = SURFACE_CURVE('',#12202,(#12206,#12213),.PCURVE_S1.);
#12202 = LINE('',#12203,#12204);
#12203 = CARTESIAN_POINT('',(-221.8,17.,32.5));
#12204 = VECTOR('',#12205,1.);
#12205 = DIRECTION('',(1.,0.,0.));
#12206 = PCURVE('',#11888,#12207);
#12207 = DEFINITIONAL_REPRESENTATION('',(#12208),#12212);
#12208 = LINE('',#12209,#12210);
#12209 = CARTESIAN_POINT('',(18.,0.));
#12210 = VECTOR('',#12211,1.);
#12211 = DIRECTION('',(0.,1.));
#12212 = ( GEOMETRIC_REPRESENTATION_CONTEXT(2) 
PARAMETRIC_REPRESENTATION_CONTEXT() REPRESENTATION_CONTEXT('2D SPACE',''
  ) );
#12213 = PCURVE('',#11968,#12214);
#12214 = DEFINITIONAL_REPRESENTATION('',(#12215),#12219);
#12215 = LINE('',#12216,#12217);
#12216 = CARTESIAN_POINT('',(0.,0.));
#12217 = VECTOR('',#12218,1.);
#12218 = DIRECTION('',(1.,0.));
#12219 = ( GEOMETRIC_REPRESENTATION_CONTEXT(2) 
PARAMETRIC_REPRESENTATION_CONTEXT() REPRESENTATION_CONTEXT('2D SPACE',''
  ) );
#12220 = ORIENTED_EDGE('',*,*,#11930,.F.);
#12221 = ORIENTED_EDGE('',*,*,#11872,.F.);
#12222 = ADVANCED_FACE('',(#12223),#11914,.F.);
#12223 = FACE_BOUND('',#12224,.F.);
#12224 = EDGE_LOOP('',(#12225,#12248,#12249,#12250,#12251,#12274,#12302)
  );
#12225 = ORIENTED_EDGE('',*,*,#12226,.F.);
#12226 = EDGE_CURVE('',#12150,#12227,#12229,.T.);
#12227 = VERTEX_POINT('',#12228);
#12228 = CARTESIAN_POINT('',(-221.8,35.,14.5));
#12229 = SURFACE_CURVE('',#12230,(#12234,#12241),.PCURVE_S1.);
#12230 = LINE('',#12231,#12232);
#12231 = CARTESIAN_POINT('',(-221.8,17.,14.5));
#12232 = VECTOR('',#12233,1.);
#12233 = DIRECTION('',(0.,1.,0.));
#12234 = PCURVE('',#11914,#12235);
#12235 = DEFINITIONAL_REPRESENTATION('',(#12236),#12240);
#12236 = LINE('',#12237,#12238);
#12237 = CARTESIAN_POINT('',(0.,0.));
#12238 = VECTOR('',#12239,1.);
#12239 = DIRECTION('',(0.,1.));
#12240 = ( GEOMETRIC_REPRESENTATION_CONTEXT(2) 
PARAMETRIC_REPRESENTATION_CONTEXT() REPRESENTATION_CONTEXT('2D SPACE',''
  ) );
#12241 = PCURVE('',#12188,#12242);
#12242 = DEFINITIONAL_REPRESENTATION('',(#12243),#12247);
#12243 = LINE('',#12244,#12245);
#12244 = CARTESIAN_POINT('',(0.,0.));
#12245 = VECTOR('',#12246,1.);
#12246 = DIRECTION('',(0.,-1.));
#12247 = ( GEOMETRIC_REPRESENTATION_CONTEXT(2) 
PARAMETRIC_REPRESENTATION_CONTEXT() REPRESENTATION_CONTEXT('2D SPACE',''
  ) );
#12248 = ORIENTED_EDGE('',*,*,#12149,.T.);
#12249 = ORIENTED_EDGE('',*,*,#11900,.T.);
#12250 = ORIENTED_EDGE('',*,*,#12065,.T.);
#12251 = ORIENTED_EDGE('',*,*,#12252,.F.);
#12252 = EDGE_CURVE('',#12253,#12066,#12255,.T.);
#12253 = VERTEX_POINT('',#12254);
#12254 = CARTESIAN_POINT('',(-206.4754446796,35.,14.5));
#12255 = SURFACE_CURVE('',#12256,(#12260,#12267),.PCURVE_S1.);
#12256 = LINE('',#12257,#12258);
#12257 = CARTESIAN_POINT('',(-221.8,35.,14.5));
#12258 = VECTOR('',#12259,1.);
#12259 = DIRECTION('',(1.,0.,0.));
#12260 = PCURVE('',#11914,#12261);
#12261 = DEFINITIONAL_REPRESENTATION('',(#12262),#12266);
#12262 = LINE('',#12263,#12264);
#12263 = CARTESIAN_POINT('',(0.,18.));
#12264 = VECTOR('',#12265,1.);
#12265 = DIRECTION('',(1.,0.));
#12266 = ( GEOMETRIC_REPRESENTATION_CONTEXT(2) 
PARAMETRIC_REPRESENTATION_CONTEXT() REPRESENTATION_CONTEXT('2D SPACE',''
  ) );
#12267 = PCURVE('',#12104,#12268);
#12268 = DEFINITIONAL_REPRESENTATION('',(#12269),#12273);
#12269 = LINE('',#12270,#12271);
#12270 = CARTESIAN_POINT('',(0.,0.));
#12271 = VECTOR('',#12272,1.);
#12272 = DIRECTION('',(0.,1.));
#12273 = ( GEOMETRIC_REPRESENTATION_CONTEXT(2) 
PARAMETRIC_REPRESENTATION_CONTEXT() REPRESENTATION_CONTEXT('2D SPACE',''
  ) );
#12274 = ORIENTED_EDGE('',*,*,#12275,.F.);
#12275 = EDGE_CURVE('',#12276,#12253,#12278,.T.);
#12276 = VERTEX_POINT('',#12277);
#12277 = CARTESIAN_POINT('',(-219.1245553203,35.,14.5));
#12278 = SURFACE_CURVE('',#12279,(#12283,#12290),.PCURVE_S1.);
#12279 = LINE('',#12280,#12281);
#12280 = CARTESIAN_POINT('',(-221.8,35.,14.5));
#12281 = VECTOR('',#12282,1.);
#12282 = DIRECTION('',(1.,0.,0.));
#12283 = PCURVE('',#11914,#12284);
#12284 = DEFINITIONAL_REPRESENTATION('',(#12285),#12289);
#12285 = LINE('',#12286,#12287);
#12286 = CARTESIAN_POINT('',(0.,18.));
#12287 = VECTOR('',#12288,1.);
#12288 = DIRECTION('',(1.,0.));
#12289 = ( GEOMETRIC_REPRESENTATION_CONTEXT(2) 
PARAMETRIC_REPRESENTATION_CONTEXT() REPRESENTATION_CONTEXT('2D SPACE',''
  ) );
#12290 = PCURVE('',#12291,#12296);
#12291 = PLANE('',#12292);
#12292 = AXIS2_PLACEMENT_3D('',#12293,#12294,#12295);
#12293 = CARTESIAN_POINT('',(-212.8,35.,23.5));
#12294 = DIRECTION('',(0.,1.,0.));
#12295 = DIRECTION('',(0.,-0.,1.));
#12296 = DEFINITIONAL_REPRESENTATION('',(#12297),#12301);
#12297 = LINE('',#12298,#12299);
#12298 = CARTESIAN_POINT('',(-9.,-9.));
#12299 = VECTOR('',#12300,1.);
#12300 = DIRECTION('',(0.,1.));
#12301 = ( GEOMETRIC_REPRESENTATION_CONTEXT(2) 
PARAMETRIC_REPRESENTATION_CONTEXT() REPRESENTATION_CONTEXT('2D SPACE',''
  ) );
#12302 = ORIENTED_EDGE('',*,*,#12303,.F.);
#12303 = EDGE_CURVE('',#12227,#12276,#12304,.T.);
#12304 = SURFACE_CURVE('',#12305,(#12309,#12316),.PCURVE_S1.);
#12305 = LINE('',#12306,#12307);
#12306 = CARTESIAN_POINT('',(-221.8,35.,14.5));
#12307 = VECTOR('',#12308,1.);
#12308 = DIRECTION('',(1.,0.,0.));
#12309 = PCURVE('',#11914,#12310);
#12310 = DEFINITIONAL_REPRESENTATION('',(#12311),#12315);
#12311 = LINE('',#12312,#12313);
#12312 = CARTESIAN_POINT('',(0.,18.));
#12313 = VECTOR('',#12314,1.);
#12314 = DIRECTION('',(1.,0.));
#12315 = ( GEOMETRIC_REPRESENTATION_CONTEXT(2) 
PARAMETRIC_REPRESENTATION_CONTEXT() REPRESENTATION_CONTEXT('2D SPACE',''
  ) );
#12316 = PCURVE('',#12317,#12322);
#12317 = PLANE('',#12318);
#12318 = AXIS2_PLACEMENT_3D('',#12319,#12320,#12321);
#12319 = CARTESIAN_POINT('',(-221.8,35.,14.5));
#12320 = DIRECTION('',(0.,1.,0.));
#12321 = DIRECTION('',(0.,0.,1.));
#12322 = DEFINITIONAL_REPRESENTATION('',(#12323),#12327);
#12323 = LINE('',#12324,#12325);
#12324 = CARTESIAN_POINT('',(0.,0.));
#12325 = VECTOR('',#12326,1.);
#12326 = DIRECTION('',(0.,1.));
#12327 = ( GEOMETRIC_REPRESENTATION_CONTEXT(2) 
PARAMETRIC_REPRESENTATION_CONTEXT() REPRESENTATION_CONTEXT('2D SPACE',''
  ) );
#12328 = ADVANCED_FACE('',(#12329),#11968,.T.);
#12329 = FACE_BOUND('',#12330,.T.);
#12330 = EDGE_LOOP('',(#12331,#12354,#12355,#12356,#12357,#12380,#12408)
  );
#12331 = ORIENTED_EDGE('',*,*,#12332,.F.);
#12332 = EDGE_CURVE('',#12173,#12333,#12335,.T.);
#12333 = VERTEX_POINT('',#12334);
#12334 = CARTESIAN_POINT('',(-221.8,35.,32.5));
#12335 = SURFACE_CURVE('',#12336,(#12340,#12347),.PCURVE_S1.);
#12336 = LINE('',#12337,#12338);
#12337 = CARTESIAN_POINT('',(-221.8,17.,32.5));
#12338 = VECTOR('',#12339,1.);
#12339 = DIRECTION('',(0.,1.,0.));
#12340 = PCURVE('',#11968,#12341);
#12341 = DEFINITIONAL_REPRESENTATION('',(#12342),#12346);
#12342 = LINE('',#12343,#12344);
#12343 = CARTESIAN_POINT('',(0.,0.));
#12344 = VECTOR('',#12345,1.);
#12345 = DIRECTION('',(0.,1.));
#12346 = ( GEOMETRIC_REPRESENTATION_CONTEXT(2) 
PARAMETRIC_REPRESENTATION_CONTEXT() REPRESENTATION_CONTEXT('2D SPACE',''
  ) );
#12347 = PCURVE('',#12188,#12348);
#12348 = DEFINITIONAL_REPRESENTATION('',(#12349),#12353);
#12349 = LINE('',#12350,#12351);
#12350 = CARTESIAN_POINT('',(18.,0.));
#12351 = VECTOR('',#12352,1.);
#12352 = DIRECTION('',(0.,-1.));
#12353 = ( GEOMETRIC_REPRESENTATION_CONTEXT(2) 
PARAMETRIC_REPRESENTATION_CONTEXT() REPRESENTATION_CONTEXT('2D SPACE',''
  ) );
#12354 = ORIENTED_EDGE('',*,*,#12200,.T.);
#12355 = ORIENTED_EDGE('',*,*,#11954,.T.);
#12356 = ORIENTED_EDGE('',*,*,#11983,.T.);
#12357 = ORIENTED_EDGE('',*,*,#12358,.F.);
#12358 = EDGE_CURVE('',#12359,#11984,#12361,.T.);
#12359 = VERTEX_POINT('',#12360);
#12360 = CARTESIAN_POINT('',(-206.4754446796,35.,32.5));
#12361 = SURFACE_CURVE('',#12362,(#12366,#12373),.PCURVE_S1.);
#12362 = LINE('',#12363,#12364);
#12363 = CARTESIAN_POINT('',(-221.8,35.,32.5));
#12364 = VECTOR('',#12365,1.);
#12365 = DIRECTION('',(1.,0.,0.));
#12366 = PCURVE('',#11968,#12367);
#12367 = DEFINITIONAL_REPRESENTATION('',(#12368),#12372);
#12368 = LINE('',#12369,#12370);
#12369 = CARTESIAN_POINT('',(0.,18.));
#12370 = VECTOR('',#12371,1.);
#12371 = DIRECTION('',(1.,0.));
#12372 = ( GEOMETRIC_REPRESENTATION_CONTEXT(2) 
PARAMETRIC_REPRESENTATION_CONTEXT() REPRESENTATION_CONTEXT('2D SPACE',''
  ) );
#12373 = PCURVE('',#12049,#12374);
#12374 = DEFINITIONAL_REPRESENTATION('',(#12375),#12379);
#12375 = LINE('',#12376,#12377);
#12376 = CARTESIAN_POINT('',(18.,0.));
#12377 = VECTOR('',#12378,1.);
#12378 = DIRECTION('',(0.,1.));
#12379 = ( GEOMETRIC_REPRESENTATION_CONTEXT(2) 
PARAMETRIC_REPRESENTATION_CONTEXT() REPRESENTATION_CONTEXT('2D SPACE',''
  ) );
#12380 = ORIENTED_EDGE('',*,*,#12381,.F.);
#12381 = EDGE_CURVE('',#12382,#12359,#12384,.T.);
#12382 = VERTEX_POINT('',#12383);
#12383 = CARTESIAN_POINT('',(-219.1245553203,35.,32.5));
#12384 = SURFACE_CURVE('',#12385,(#12389,#12396),.PCURVE_S1.);
#12385 = LINE('',#12386,#12387);
#12386 = CARTESIAN_POINT('',(-221.8,35.,32.5));
#12387 = VECTOR('',#12388,1.);
#12388 = DIRECTION('',(1.,0.,0.));
#12389 = PCURVE('',#11968,#12390);
#12390 = DEFINITIONAL_REPRESENTATION('',(#12391),#12395);
#12391 = LINE('',#12392,#12393);
#12392 = CARTESIAN_POINT('',(0.,18.));
#12393 = VECTOR('',#12394,1.);
#12394 = DIRECTION('',(1.,0.));
#12395 = ( GEOMETRIC_REPRESENTATION_CONTEXT(2) 
PARAMETRIC_REPRESENTATION_CONTEXT() REPRESENTATION_CONTEXT('2D SPACE',''
  ) );
#12396 = PCURVE('',#12397,#12402);
#12397 = PLANE('',#12398);
#12398 = AXIS2_PLACEMENT_3D('',#12399,#12400,#12401);
#12399 = CARTESIAN_POINT('',(-212.8,35.,23.5));
#12400 = DIRECTION('',(0.,1.,0.));
#12401 = DIRECTION('',(0.,-0.,1.));
#12402 = DEFINITIONAL_REPRESENTATION('',(#12403),#12407);
#12403 = LINE('',#12404,#12405);
#12404 = CARTESIAN_POINT('',(9.,-9.));
#12405 = VECTOR('',#12406,1.);
#12406 = DIRECTION('',(0.,1.));
#12407 = ( GEOMETRIC_REPRESENTATION_CONTEXT(2) 
PARAMETRIC_REPRESENTATION_CONTEXT() REPRESENTATION_CONTEXT('2D SPACE',''
  ) );
#12408 = ORIENTED_EDGE('',*,*,#12409,.F.);
#12409 = EDGE_CURVE('',#12333,#12382,#12410,.T.);
#12410 = SURFACE_CURVE('',#12411,(#12415,#12422),.PCURVE_S1.);
#12411 = LINE('',#12412,#12413);
#12412 = CARTESIAN_POINT('',(-221.8,35.,32.5));
#12413 = VECTOR('',#12414,1.);
#12414 = DIRECTION('',(1.,0.,0.));
#12415 = PCURVE('',#11968,#12416);
#12416 = DEFINITIONAL_REPRESENTATION('',(#12417),#12421);
#12417 = LINE('',#12418,#12419);
#12418 = CARTESIAN_POINT('',(0.,18.));
#12419 = VECTOR('',#12420,1.);
#12420 = DIRECTION('',(1.,0.));
#12421 = ( GEOMETRIC_REPRESENTATION_CONTEXT(2) 
PARAMETRIC_REPRESENTATION_CONTEXT() REPRESENTATION_CONTEXT('2D SPACE',''
  ) );
#12422 = PCURVE('',#12423,#12428);
#12423 = PLANE('',#12424);
#12424 = AXIS2_PLACEMENT_3D('',#12425,#12426,#12427);
#12425 = CARTESIAN_POINT('',(-221.8,35.,14.5));
#12426 = DIRECTION('',(0.,1.,0.));
#12427 = DIRECTION('',(0.,0.,1.));
#12428 = DEFINITIONAL_REPRESENTATION('',(#12429),#12433);
#12429 = LINE('',#12430,#12431);
#12430 = CARTESIAN_POINT('',(18.,0.));
#12431 = VECTOR('',#12432,1.);
#12432 = DIRECTION('',(0.,1.));
#12433 = ( GEOMETRIC_REPRESENTATION_CONTEXT(2) 
PARAMETRIC_REPRESENTATION_CONTEXT() REPRESENTATION_CONTEXT('2D SPACE',''
  ) );
#12434 = ADVANCED_FACE('',(#12435),#12023,.F.);
#12435 = FACE_BOUND('',#12436,.F.);
#12436 = EDGE_LOOP('',(#12437,#12438,#12467));
#12437 = ORIENTED_EDGE('',*,*,#12007,.T.);
#12438 = ORIENTED_EDGE('',*,*,#12439,.T.);
#12439 = EDGE_CURVE('',#12008,#12440,#12442,.T.);
#12440 = VERTEX_POINT('',#12441);
#12441 = CARTESIAN_POINT('',(-201.8,35.,23.5));
#12442 = SURFACE_CURVE('',#12443,(#12448,#12455),.PCURVE_S1.);
#12443 = CIRCLE('',#12444,11.);
#12444 = AXIS2_PLACEMENT_3D('',#12445,#12446,#12447);
#12445 = CARTESIAN_POINT('',(-212.8,35.,23.5));
#12446 = DIRECTION('',(0.,1.,0.));
#12447 = DIRECTION('',(0.,-0.,1.));
#12448 = PCURVE('',#12023,#12449);
#12449 = DEFINITIONAL_REPRESENTATION('',(#12450),#12454);
#12450 = CIRCLE('',#12451,11.);
#12451 = AXIS2_PLACEMENT_2D('',#12452,#12453);
#12452 = CARTESIAN_POINT('',(0.,0.));
#12453 = DIRECTION('',(1.,0.));
#12454 = ( GEOMETRIC_REPRESENTATION_CONTEXT(2) 
PARAMETRIC_REPRESENTATION_CONTEXT() REPRESENTATION_CONTEXT('2D SPACE',''
  ) );
#12455 = PCURVE('',#12456,#12461);
#12456 = CYLINDRICAL_SURFACE('',#12457,11.);
#12457 = AXIS2_PLACEMENT_3D('',#12458,#12459,#12460);
#12458 = CARTESIAN_POINT('',(-212.8,35.,23.5));
#12459 = DIRECTION('',(0.,1.,0.));
#12460 = DIRECTION('',(0.,-0.,1.));
#12461 = DEFINITIONAL_REPRESENTATION('',(#12462),#12466);
#12462 = LINE('',#12463,#12464);
#12463 = CARTESIAN_POINT('',(0.,0.));
#12464 = VECTOR('',#12465,1.);
#12465 = DIRECTION('',(1.,0.));
#12466 = ( GEOMETRIC_REPRESENTATION_CONTEXT(2) 
PARAMETRIC_REPRESENTATION_CONTEXT() REPRESENTATION_CONTEXT('2D SPACE',''
  ) );
#12467 = ORIENTED_EDGE('',*,*,#12468,.T.);
#12468 = EDGE_CURVE('',#12440,#11773,#12469,.T.);
#12469 = SURFACE_CURVE('',#12470,(#12474,#12480),.PCURVE_S1.);
#12470 = LINE('',#12471,#12472);
#12471 = CARTESIAN_POINT('',(-195.,35.,23.5));
#12472 = VECTOR('',#12473,1.);
#12473 = DIRECTION('',(-1.,0.,0.));
#12474 = PCURVE('',#12023,#12475);
#12475 = DEFINITIONAL_REPRESENTATION('',(#12476),#12479);
#12476 = B_SPLINE_CURVE_WITH_KNOTS('',1,(#12477,#12478),.UNSPECIFIED.,
  .F.,.F.,(2,2),(4.6,8.8000006),.PIECEWISE_BEZIER_KNOTS.);
#12477 = CARTESIAN_POINT('',(0.,13.2));
#12478 = CARTESIAN_POINT('',(0.,8.9999994));
#12479 = ( GEOMETRIC_REPRESENTATION_CONTEXT(2) 
PARAMETRIC_REPRESENTATION_CONTEXT() REPRESENTATION_CONTEXT('2D SPACE',''
  ) );
#12480 = PCURVE('',#12130,#12481);
#12481 = DEFINITIONAL_REPRESENTATION('',(#12482),#12485);
#12482 = B_SPLINE_CURVE_WITH_KNOTS('',1,(#12483,#12484),.UNSPECIFIED.,
  .F.,.F.,(2,2),(4.6,8.8000006),.PIECEWISE_BEZIER_KNOTS.);
#12483 = CARTESIAN_POINT('',(0.,13.2));
#12484 = CARTESIAN_POINT('',(0.,8.9999994));
#12485 = ( GEOMETRIC_REPRESENTATION_CONTEXT(2) 
PARAMETRIC_REPRESENTATION_CONTEXT() REPRESENTATION_CONTEXT('2D SPACE',''
  ) );
#12486 = ADVANCED_FACE('',(#12487),#12049,.T.);
#12487 = FACE_BOUND('',#12488,.T.);
#12488 = EDGE_LOOP('',(#12489,#12511,#12512));
#12489 = ORIENTED_EDGE('',*,*,#12490,.F.);
#12490 = EDGE_CURVE('',#12359,#12008,#12491,.T.);
#12491 = SURFACE_CURVE('',#12492,(#12497,#12504),.PCURVE_S1.);
#12492 = CIRCLE('',#12493,11.);
#12493 = AXIS2_PLACEMENT_3D('',#12494,#12495,#12496);
#12494 = CARTESIAN_POINT('',(-212.8,35.,23.5));
#12495 = DIRECTION('',(0.,1.,0.));
#12496 = DIRECTION('',(0.,-0.,1.));
#12497 = PCURVE('',#12049,#12498);
#12498 = DEFINITIONAL_REPRESENTATION('',(#12499),#12503);
#12499 = CIRCLE('',#12500,11.);
#12500 = AXIS2_PLACEMENT_2D('',#12501,#12502);
#12501 = CARTESIAN_POINT('',(9.,9.));
#12502 = DIRECTION('',(1.,0.));
#12503 = ( GEOMETRIC_REPRESENTATION_CONTEXT(2) 
PARAMETRIC_REPRESENTATION_CONTEXT() REPRESENTATION_CONTEXT('2D SPACE',''
  ) );
#12504 = PCURVE('',#12456,#12505);
#12505 = DEFINITIONAL_REPRESENTATION('',(#12506),#12510);
#12506 = LINE('',#12507,#12508);
#12507 = CARTESIAN_POINT('',(0.,0.));
#12508 = VECTOR('',#12509,1.);
#12509 = DIRECTION('',(1.,0.));
#12510 = ( GEOMETRIC_REPRESENTATION_CONTEXT(2) 
PARAMETRIC_REPRESENTATION_CONTEXT() REPRESENTATION_CONTEXT('2D SPACE',''
  ) );
#12511 = ORIENTED_EDGE('',*,*,#12358,.T.);
#12512 = ORIENTED_EDGE('',*,*,#12035,.F.);
#12513 = ADVANCED_FACE('',(#12514),#12104,.T.);
#12514 = FACE_BOUND('',#12515,.T.);
#12515 = EDGE_LOOP('',(#12516,#12517,#12539));
#12516 = ORIENTED_EDGE('',*,*,#12252,.F.);
#12517 = ORIENTED_EDGE('',*,*,#12518,.F.);
#12518 = EDGE_CURVE('',#12089,#12253,#12519,.T.);
#12519 = SURFACE_CURVE('',#12520,(#12525,#12532),.PCURVE_S1.);
#12520 = CIRCLE('',#12521,11.);
#12521 = AXIS2_PLACEMENT_3D('',#12522,#12523,#12524);
#12522 = CARTESIAN_POINT('',(-212.8,35.,23.5));
#12523 = DIRECTION('',(0.,1.,0.));
#12524 = DIRECTION('',(0.,-0.,1.));
#12525 = PCURVE('',#12104,#12526);
#12526 = DEFINITIONAL_REPRESENTATION('',(#12527),#12531);
#12527 = CIRCLE('',#12528,11.);
#12528 = AXIS2_PLACEMENT_2D('',#12529,#12530);
#12529 = CARTESIAN_POINT('',(9.,9.));
#12530 = DIRECTION('',(1.,0.));
#12531 = ( GEOMETRIC_REPRESENTATION_CONTEXT(2) 
PARAMETRIC_REPRESENTATION_CONTEXT() REPRESENTATION_CONTEXT('2D SPACE',''
  ) );
#12532 = PCURVE('',#12456,#12533);
#12533 = DEFINITIONAL_REPRESENTATION('',(#12534),#12538);
#12534 = LINE('',#12535,#12536);
#12535 = CARTESIAN_POINT('',(0.,0.));
#12536 = VECTOR('',#12537,1.);
#12537 = DIRECTION('',(1.,0.));
#12538 = ( GEOMETRIC_REPRESENTATION_CONTEXT(2) 
PARAMETRIC_REPRESENTATION_CONTEXT() REPRESENTATION_CONTEXT('2D SPACE',''
  ) );
#12539 = ORIENTED_EDGE('',*,*,#12088,.F.);
#12540 = ADVANCED_FACE('',(#12541),#12130,.F.);
#12541 = FACE_BOUND('',#12542,.F.);
#12542 = EDGE_LOOP('',(#12543,#12544,#12566));
#12543 = ORIENTED_EDGE('',*,*,#12468,.F.);
#12544 = ORIENTED_EDGE('',*,*,#12545,.T.);
#12545 = EDGE_CURVE('',#12440,#12089,#12546,.T.);
#12546 = SURFACE_CURVE('',#12547,(#12552,#12559),.PCURVE_S1.);
#12547 = CIRCLE('',#12548,11.);
#12548 = AXIS2_PLACEMENT_3D('',#12549,#12550,#12551);
#12549 = CARTESIAN_POINT('',(-212.8,35.,23.5));
#12550 = DIRECTION('',(0.,1.,0.));
#12551 = DIRECTION('',(0.,-0.,1.));
#12552 = PCURVE('',#12130,#12553);
#12553 = DEFINITIONAL_REPRESENTATION('',(#12554),#12558);
#12554 = CIRCLE('',#12555,11.);
#12555 = AXIS2_PLACEMENT_2D('',#12556,#12557);
#12556 = CARTESIAN_POINT('',(0.,0.));
#12557 = DIRECTION('',(1.,0.));
#12558 = ( GEOMETRIC_REPRESENTATION_CONTEXT(2) 
PARAMETRIC_REPRESENTATION_CONTEXT() REPRESENTATION_CONTEXT('2D SPACE',''
  ) );
#12559 = PCURVE('',#12456,#12560);
#12560 = DEFINITIONAL_REPRESENTATION('',(#12561),#12565);
#12561 = LINE('',#12562,#12563);
#12562 = CARTESIAN_POINT('',(0.,0.));
#12563 = VECTOR('',#12564,1.);
#12564 = DIRECTION('',(1.,0.));
#12565 = ( GEOMETRIC_REPRESENTATION_CONTEXT(2) 
PARAMETRIC_REPRESENTATION_CONTEXT() REPRESENTATION_CONTEXT('2D SPACE',''
  ) );
#12566 = ORIENTED_EDGE('',*,*,#12116,.T.);
#12567 = ADVANCED_FACE('',(#12568),#12188,.F.);
#12568 = FACE_BOUND('',#12569,.F.);
#12569 = EDGE_LOOP('',(#12570,#12571,#12572,#12595,#12623,#12644));
#12570 = ORIENTED_EDGE('',*,*,#12172,.F.);
#12571 = ORIENTED_EDGE('',*,*,#12226,.T.);
#12572 = ORIENTED_EDGE('',*,*,#12573,.T.);
#12573 = EDGE_CURVE('',#12227,#12574,#12576,.T.);
#12574 = VERTEX_POINT('',#12575);
#12575 = CARTESIAN_POINT('',(-221.8,35.,17.175444679664));
#12576 = SURFACE_CURVE('',#12577,(#12581,#12588),.PCURVE_S1.);
#12577 = LINE('',#12578,#12579);
#12578 = CARTESIAN_POINT('',(-221.8,35.,14.5));
#12579 = VECTOR('',#12580,1.);
#12580 = DIRECTION('',(0.,0.,1.));
#12581 = PCURVE('',#12188,#12582);
#12582 = DEFINITIONAL_REPRESENTATION('',(#12583),#12587);
#12583 = LINE('',#12584,#12585);
#12584 = CARTESIAN_POINT('',(0.,-18.));
#12585 = VECTOR('',#12586,1.);
#12586 = DIRECTION('',(1.,0.));
#12587 = ( GEOMETRIC_REPRESENTATION_CONTEXT(2) 
PARAMETRIC_REPRESENTATION_CONTEXT() REPRESENTATION_CONTEXT('2D SPACE',''
  ) );
#12588 = PCURVE('',#12317,#12589);
#12589 = DEFINITIONAL_REPRESENTATION('',(#12590),#12594);
#12590 = LINE('',#12591,#12592);
#12591 = CARTESIAN_POINT('',(0.,0.));
#12592 = VECTOR('',#12593,1.);
#12593 = DIRECTION('',(1.,0.));
#12594 = ( GEOMETRIC_REPRESENTATION_CONTEXT(2) 
PARAMETRIC_REPRESENTATION_CONTEXT() REPRESENTATION_CONTEXT('2D SPACE',''
  ) );
#12595 = ORIENTED_EDGE('',*,*,#12596,.T.);
#12596 = EDGE_CURVE('',#12574,#12597,#12599,.T.);
#12597 = VERTEX_POINT('',#12598);
#12598 = CARTESIAN_POINT('',(-221.8,35.,29.824555320337));
#12599 = SURFACE_CURVE('',#12600,(#12604,#12611),.PCURVE_S1.);
#12600 = LINE('',#12601,#12602);
#12601 = CARTESIAN_POINT('',(-221.8,35.,14.5));
#12602 = VECTOR('',#12603,1.);
#12603 = DIRECTION('',(0.,0.,1.));
#12604 = PCURVE('',#12188,#12605);
#12605 = DEFINITIONAL_REPRESENTATION('',(#12606),#12610);
#12606 = LINE('',#12607,#12608);
#12607 = CARTESIAN_POINT('',(0.,-18.));
#12608 = VECTOR('',#12609,1.);
#12609 = DIRECTION('',(1.,0.));
#12610 = ( GEOMETRIC_REPRESENTATION_CONTEXT(2) 
PARAMETRIC_REPRESENTATION_CONTEXT() REPRESENTATION_CONTEXT('2D SPACE',''
  ) );
#12611 = PCURVE('',#12612,#12617);
#12612 = PLANE('',#12613);
#12613 = AXIS2_PLACEMENT_3D('',#12614,#12615,#12616);
#12614 = CARTESIAN_POINT('',(-212.8,35.,23.5));
#12615 = DIRECTION('',(0.,1.,0.));
#12616 = DIRECTION('',(0.,-0.,1.));
#12617 = DEFINITIONAL_REPRESENTATION('',(#12618),#12622);
#12618 = LINE('',#12619,#12620);
#12619 = CARTESIAN_POINT('',(-9.,-9.));
#12620 = VECTOR('',#12621,1.);
#12621 = DIRECTION('',(1.,0.));
#12622 = ( GEOMETRIC_REPRESENTATION_CONTEXT(2) 
PARAMETRIC_REPRESENTATION_CONTEXT() REPRESENTATION_CONTEXT('2D SPACE',''
  ) );
#12623 = ORIENTED_EDGE('',*,*,#12624,.T.);
#12624 = EDGE_CURVE('',#12597,#12333,#12625,.T.);
#12625 = SURFACE_CURVE('',#12626,(#12630,#12637),.PCURVE_S1.);
#12626 = LINE('',#12627,#12628);
#12627 = CARTESIAN_POINT('',(-221.8,35.,14.5));
#12628 = VECTOR('',#12629,1.);
#12629 = DIRECTION('',(0.,0.,1.));
#12630 = PCURVE('',#12188,#12631);
#12631 = DEFINITIONAL_REPRESENTATION('',(#12632),#12636);
#12632 = LINE('',#12633,#12634);
#12633 = CARTESIAN_POINT('',(0.,-18.));
#12634 = VECTOR('',#12635,1.);
#12635 = DIRECTION('',(1.,0.));
#12636 = ( GEOMETRIC_REPRESENTATION_CONTEXT(2) 
PARAMETRIC_REPRESENTATION_CONTEXT() REPRESENTATION_CONTEXT('2D SPACE',''
  ) );
#12637 = PCURVE('',#12423,#12638);
#12638 = DEFINITIONAL_REPRESENTATION('',(#12639),#12643);
#12639 = LINE('',#12640,#12641);
#12640 = CARTESIAN_POINT('',(0.,0.));
#12641 = VECTOR('',#12642,1.);
#12642 = DIRECTION('',(1.,0.));
#12643 = ( GEOMETRIC_REPRESENTATION_CONTEXT(2) 
PARAMETRIC_REPRESENTATION_CONTEXT() REPRESENTATION_CONTEXT('2D SPACE',''
  ) );
#12644 = ORIENTED_EDGE('',*,*,#12332,.F.);
#12645 = ADVANCED_FACE('',(#12646),#12317,.T.);
#12646 = FACE_BOUND('',#12647,.T.);
#12647 = EDGE_LOOP('',(#12648,#12649,#12650));
#12648 = ORIENTED_EDGE('',*,*,#12303,.F.);
#12649 = ORIENTED_EDGE('',*,*,#12573,.T.);
#12650 = ORIENTED_EDGE('',*,*,#12651,.F.);
#12651 = EDGE_CURVE('',#12276,#12574,#12652,.T.);
#12652 = SURFACE_CURVE('',#12653,(#12658,#12665),.PCURVE_S1.);
#12653 = CIRCLE('',#12654,11.);
#12654 = AXIS2_PLACEMENT_3D('',#12655,#12656,#12657);
#12655 = CARTESIAN_POINT('',(-212.8,35.,23.5));
#12656 = DIRECTION('',(0.,1.,0.));
#12657 = DIRECTION('',(0.,-0.,1.));
#12658 = PCURVE('',#12317,#12659);
#12659 = DEFINITIONAL_REPRESENTATION('',(#12660),#12664);
#12660 = CIRCLE('',#12661,11.);
#12661 = AXIS2_PLACEMENT_2D('',#12662,#12663);
#12662 = CARTESIAN_POINT('',(9.,9.));
#12663 = DIRECTION('',(1.,0.));
#12664 = ( GEOMETRIC_REPRESENTATION_CONTEXT(2) 
PARAMETRIC_REPRESENTATION_CONTEXT() REPRESENTATION_CONTEXT('2D SPACE',''
  ) );
#12665 = PCURVE('',#12456,#12666);
#12666 = DEFINITIONAL_REPRESENTATION('',(#12667),#12671);
#12667 = LINE('',#12668,#12669);
#12668 = CARTESIAN_POINT('',(0.,0.));
#12669 = VECTOR('',#12670,1.);
#12670 = DIRECTION('',(1.,0.));
#12671 = ( GEOMETRIC_REPRESENTATION_CONTEXT(2) 
PARAMETRIC_REPRESENTATION_CONTEXT() REPRESENTATION_CONTEXT('2D SPACE',''
  ) );
#12672 = ADVANCED_FACE('',(#12673),#12291,.F.);
#12673 = FACE_BOUND('',#12674,.F.);
#12674 = EDGE_LOOP('',(#12675,#12697));
#12675 = ORIENTED_EDGE('',*,*,#12676,.T.);
#12676 = EDGE_CURVE('',#12253,#12276,#12677,.T.);
#12677 = SURFACE_CURVE('',#12678,(#12683,#12690),.PCURVE_S1.);
#12678 = CIRCLE('',#12679,11.);
#12679 = AXIS2_PLACEMENT_3D('',#12680,#12681,#12682);
#12680 = CARTESIAN_POINT('',(-212.8,35.,23.5));
#12681 = DIRECTION('',(0.,1.,0.));
#12682 = DIRECTION('',(0.,-0.,1.));
#12683 = PCURVE('',#12291,#12684);
#12684 = DEFINITIONAL_REPRESENTATION('',(#12685),#12689);
#12685 = CIRCLE('',#12686,11.);
#12686 = AXIS2_PLACEMENT_2D('',#12687,#12688);
#12687 = CARTESIAN_POINT('',(0.,0.));
#12688 = DIRECTION('',(1.,0.));
#12689 = ( GEOMETRIC_REPRESENTATION_CONTEXT(2) 
PARAMETRIC_REPRESENTATION_CONTEXT() REPRESENTATION_CONTEXT('2D SPACE',''
  ) );
#12690 = PCURVE('',#12456,#12691);
#12691 = DEFINITIONAL_REPRESENTATION('',(#12692),#12696);
#12692 = LINE('',#12693,#12694);
#12693 = CARTESIAN_POINT('',(0.,0.));
#12694 = VECTOR('',#12695,1.);
#12695 = DIRECTION('',(1.,0.));
#12696 = ( GEOMETRIC_REPRESENTATION_CONTEXT(2) 
PARAMETRIC_REPRESENTATION_CONTEXT() REPRESENTATION_CONTEXT('2D SPACE',''
  ) );
#12697 = ORIENTED_EDGE('',*,*,#12275,.T.);
#12698 = ADVANCED_FACE('',(#12699),#12423,.T.);
#12699 = FACE_BOUND('',#12700,.T.);
#12700 = EDGE_LOOP('',(#12701,#12723,#12724));
#12701 = ORIENTED_EDGE('',*,*,#12702,.F.);
#12702 = EDGE_CURVE('',#12597,#12382,#12703,.T.);
#12703 = SURFACE_CURVE('',#12704,(#12709,#12716),.PCURVE_S1.);
#12704 = CIRCLE('',#12705,11.);
#12705 = AXIS2_PLACEMENT_3D('',#12706,#12707,#12708);
#12706 = CARTESIAN_POINT('',(-212.8,35.,23.5));
#12707 = DIRECTION('',(0.,1.,0.));
#12708 = DIRECTION('',(0.,-0.,1.));
#12709 = PCURVE('',#12423,#12710);
#12710 = DEFINITIONAL_REPRESENTATION('',(#12711),#12715);
#12711 = CIRCLE('',#12712,11.);
#12712 = AXIS2_PLACEMENT_2D('',#12713,#12714);
#12713 = CARTESIAN_POINT('',(9.,9.));
#12714 = DIRECTION('',(1.,0.));
#12715 = ( GEOMETRIC_REPRESENTATION_CONTEXT(2) 
PARAMETRIC_REPRESENTATION_CONTEXT() REPRESENTATION_CONTEXT('2D SPACE',''
  ) );
#12716 = PCURVE('',#12456,#12717);
#12717 = DEFINITIONAL_REPRESENTATION('',(#12718),#12722);
#12718 = LINE('',#12719,#12720);
#12719 = CARTESIAN_POINT('',(0.,0.));
#12720 = VECTOR('',#12721,1.);
#12721 = DIRECTION('',(1.,0.));
#12722 = ( GEOMETRIC_REPRESENTATION_CONTEXT(2) 
PARAMETRIC_REPRESENTATION_CONTEXT() REPRESENTATION_CONTEXT('2D SPACE',''
  ) );
#12723 = ORIENTED_EDGE('',*,*,#12624,.T.);
#12724 = ORIENTED_EDGE('',*,*,#12409,.T.);
#12725 = ADVANCED_FACE('',(#12726),#12397,.F.);
#12726 = FACE_BOUND('',#12727,.F.);
#12727 = EDGE_LOOP('',(#12728,#12752,#12774));
#12728 = ORIENTED_EDGE('',*,*,#12729,.T.);
#12729 = EDGE_CURVE('',#12382,#12730,#12732,.T.);
#12730 = VERTEX_POINT('',#12731);
#12731 = CARTESIAN_POINT('',(-212.8,35.,34.5));
#12732 = SURFACE_CURVE('',#12733,(#12738,#12745),.PCURVE_S1.);
#12733 = CIRCLE('',#12734,11.);
#12734 = AXIS2_PLACEMENT_3D('',#12735,#12736,#12737);
#12735 = CARTESIAN_POINT('',(-212.8,35.,23.5));
#12736 = DIRECTION('',(0.,1.,0.));
#12737 = DIRECTION('',(0.,-0.,1.));
#12738 = PCURVE('',#12397,#12739);
#12739 = DEFINITIONAL_REPRESENTATION('',(#12740),#12744);
#12740 = CIRCLE('',#12741,11.);
#12741 = AXIS2_PLACEMENT_2D('',#12742,#12743);
#12742 = CARTESIAN_POINT('',(0.,0.));
#12743 = DIRECTION('',(1.,0.));
#12744 = ( GEOMETRIC_REPRESENTATION_CONTEXT(2) 
PARAMETRIC_REPRESENTATION_CONTEXT() REPRESENTATION_CONTEXT('2D SPACE',''
  ) );
#12745 = PCURVE('',#12456,#12746);
#12746 = DEFINITIONAL_REPRESENTATION('',(#12747),#12751);
#12747 = LINE('',#12748,#12749);
#12748 = CARTESIAN_POINT('',(0.,0.));
#12749 = VECTOR('',#12750,1.);
#12750 = DIRECTION('',(1.,0.));
#12751 = ( GEOMETRIC_REPRESENTATION_CONTEXT(2) 
PARAMETRIC_REPRESENTATION_CONTEXT() REPRESENTATION_CONTEXT('2D SPACE',''
  ) );
#12752 = ORIENTED_EDGE('',*,*,#12753,.T.);
#12753 = EDGE_CURVE('',#12730,#12359,#12754,.T.);
#12754 = SURFACE_CURVE('',#12755,(#12760,#12767),.PCURVE_S1.);
#12755 = CIRCLE('',#12756,11.);
#12756 = AXIS2_PLACEMENT_3D('',#12757,#12758,#12759);
#12757 = CARTESIAN_POINT('',(-212.8,35.,23.5));
#12758 = DIRECTION('',(0.,1.,0.));
#12759 = DIRECTION('',(0.,-0.,1.));
#12760 = PCURVE('',#12397,#12761);
#12761 = DEFINITIONAL_REPRESENTATION('',(#12762),#12766);
#12762 = CIRCLE('',#12763,11.);
#12763 = AXIS2_PLACEMENT_2D('',#12764,#12765);
#12764 = CARTESIAN_POINT('',(0.,0.));
#12765 = DIRECTION('',(1.,0.));
#12766 = ( GEOMETRIC_REPRESENTATION_CONTEXT(2) 
PARAMETRIC_REPRESENTATION_CONTEXT() REPRESENTATION_CONTEXT('2D SPACE',''
  ) );
#12767 = PCURVE('',#12456,#12768);
#12768 = DEFINITIONAL_REPRESENTATION('',(#12769),#12773);
#12769 = LINE('',#12770,#12771);
#12770 = CARTESIAN_POINT('',(0.,0.));
#12771 = VECTOR('',#12772,1.);
#12772 = DIRECTION('',(1.,0.));
#12773 = ( GEOMETRIC_REPRESENTATION_CONTEXT(2) 
PARAMETRIC_REPRESENTATION_CONTEXT() REPRESENTATION_CONTEXT('2D SPACE',''
  ) );
#12774 = ORIENTED_EDGE('',*,*,#12381,.F.);
#12775 = ADVANCED_FACE('',(#12776),#12456,.T.);
#12776 = FACE_BOUND('',#12777,.T.);
#12777 = EDGE_LOOP('',(#12778,#12801,#12828,#12829,#12830,#12831,#12832,
    #12833,#12834,#12835,#12836,#12858,#12859));
#12778 = ORIENTED_EDGE('',*,*,#12779,.T.);
#12779 = EDGE_CURVE('',#12730,#12780,#12782,.T.);
#12780 = VERTEX_POINT('',#12781);
#12781 = CARTESIAN_POINT('',(-212.8,47.2,34.5));
#12782 = SEAM_CURVE('',#12783,(#12787,#12794),.PCURVE_S1.);
#12783 = LINE('',#12784,#12785);
#12784 = CARTESIAN_POINT('',(-212.8,35.,34.5));
#12785 = VECTOR('',#12786,1.);
#12786 = DIRECTION('',(0.,1.,0.));
#12787 = PCURVE('',#12456,#12788);
#12788 = DEFINITIONAL_REPRESENTATION('',(#12789),#12793);
#12789 = LINE('',#12790,#12791);
#12790 = CARTESIAN_POINT('',(6.28318530718,-0.));
#12791 = VECTOR('',#12792,1.);
#12792 = DIRECTION('',(0.,1.));
#12793 = ( GEOMETRIC_REPRESENTATION_CONTEXT(2) 
PARAMETRIC_REPRESENTATION_CONTEXT() REPRESENTATION_CONTEXT('2D SPACE',''
  ) );
#12794 = PCURVE('',#12456,#12795);
#12795 = DEFINITIONAL_REPRESENTATION('',(#12796),#12800);
#12796 = LINE('',#12797,#12798);
#12797 = CARTESIAN_POINT('',(0.,-0.));
#12798 = VECTOR('',#12799,1.);
#12799 = DIRECTION('',(0.,1.));
#12800 = ( GEOMETRIC_REPRESENTATION_CONTEXT(2) 
PARAMETRIC_REPRESENTATION_CONTEXT() REPRESENTATION_CONTEXT('2D SPACE',''
  ) );
#12801 = ORIENTED_EDGE('',*,*,#12802,.F.);
#12802 = EDGE_CURVE('',#12780,#12780,#12803,.T.);
#12803 = SURFACE_CURVE('',#12804,(#12809,#12816),.PCURVE_S1.);
#12804 = CIRCLE('',#12805,11.);
#12805 = AXIS2_PLACEMENT_3D('',#12806,#12807,#12808);
#12806 = CARTESIAN_POINT('',(-212.8,47.2,23.5));
#12807 = DIRECTION('',(0.,1.,0.));
#12808 = DIRECTION('',(0.,-0.,1.));
#12809 = PCURVE('',#12456,#12810);
#12810 = DEFINITIONAL_REPRESENTATION('',(#12811),#12815);
#12811 = LINE('',#12812,#12813);
#12812 = CARTESIAN_POINT('',(0.,12.2));
#12813 = VECTOR('',#12814,1.);
#12814 = DIRECTION('',(1.,0.));
#12815 = ( GEOMETRIC_REPRESENTATION_CONTEXT(2) 
PARAMETRIC_REPRESENTATION_CONTEXT() REPRESENTATION_CONTEXT('2D SPACE',''
  ) );
#12816 = PCURVE('',#12817,#12822);
#12817 = PLANE('',#12818);
#12818 = AXIS2_PLACEMENT_3D('',#12819,#12820,#12821);
#12819 = CARTESIAN_POINT('',(-212.8,47.2,23.5));
#12820 = DIRECTION('',(0.,1.,0.));
#12821 = DIRECTION('',(0.,-0.,1.));
#12822 = DEFINITIONAL_REPRESENTATION('',(#12823),#12827);
#12823 = CIRCLE('',#12824,11.);
#12824 = AXIS2_PLACEMENT_2D('',#12825,#12826);
#12825 = CARTESIAN_POINT('',(0.,0.));
#12826 = DIRECTION('',(1.,0.));
#12827 = ( GEOMETRIC_REPRESENTATION_CONTEXT(2) 
PARAMETRIC_REPRESENTATION_CONTEXT() REPRESENTATION_CONTEXT('2D SPACE',''
  ) );
#12828 = ORIENTED_EDGE('',*,*,#12779,.F.);
#12829 = ORIENTED_EDGE('',*,*,#12753,.T.);
#12830 = ORIENTED_EDGE('',*,*,#12490,.T.);
#12831 = ORIENTED_EDGE('',*,*,#12439,.T.);
#12832 = ORIENTED_EDGE('',*,*,#12545,.T.);
#12833 = ORIENTED_EDGE('',*,*,#12518,.T.);
#12834 = ORIENTED_EDGE('',*,*,#12676,.T.);
#12835 = ORIENTED_EDGE('',*,*,#12651,.T.);
#12836 = ORIENTED_EDGE('',*,*,#12837,.T.);
#12837 = EDGE_CURVE('',#12574,#12597,#12838,.T.);
#12838 = SURFACE_CURVE('',#12839,(#12844,#12851),.PCURVE_S1.);
#12839 = CIRCLE('',#12840,11.);
#12840 = AXIS2_PLACEMENT_3D('',#12841,#12842,#12843);
#12841 = CARTESIAN_POINT('',(-212.8,35.,23.5));
#12842 = DIRECTION('',(0.,1.,0.));
#12843 = DIRECTION('',(0.,-0.,1.));
#12844 = PCURVE('',#12456,#12845);
#12845 = DEFINITIONAL_REPRESENTATION('',(#12846),#12850);
#12846 = LINE('',#12847,#12848);
#12847 = CARTESIAN_POINT('',(0.,0.));
#12848 = VECTOR('',#12849,1.);
#12849 = DIRECTION('',(1.,0.));
#12850 = ( GEOMETRIC_REPRESENTATION_CONTEXT(2) 
PARAMETRIC_REPRESENTATION_CONTEXT() REPRESENTATION_CONTEXT('2D SPACE',''
  ) );
#12851 = PCURVE('',#12612,#12852);
#12852 = DEFINITIONAL_REPRESENTATION('',(#12853),#12857);
#12853 = CIRCLE('',#12854,11.);
#12854 = AXIS2_PLACEMENT_2D('',#12855,#12856);
#12855 = CARTESIAN_POINT('',(0.,0.));
#12856 = DIRECTION('',(1.,0.));
#12857 = ( GEOMETRIC_REPRESENTATION_CONTEXT(2) 
PARAMETRIC_REPRESENTATION_CONTEXT() REPRESENTATION_CONTEXT('2D SPACE',''
  ) );
#12858 = ORIENTED_EDGE('',*,*,#12702,.T.);
#12859 = ORIENTED_EDGE('',*,*,#12729,.T.);
#12860 = ADVANCED_FACE('',(#12861),#12612,.F.);
#12861 = FACE_BOUND('',#12862,.F.);
#12862 = EDGE_LOOP('',(#12863,#12864));
#12863 = ORIENTED_EDGE('',*,*,#12837,.T.);
#12864 = ORIENTED_EDGE('',*,*,#12596,.F.);
#12865 = ADVANCED_FACE('',(#12866,#12869),#12817,.T.);
#12866 = FACE_BOUND('',#12867,.T.);
#12867 = EDGE_LOOP('',(#12868));
#12868 = ORIENTED_EDGE('',*,*,#12802,.T.);
#12869 = FACE_BOUND('',#12870,.T.);
#12870 = EDGE_LOOP('',(#12871));
#12871 = ORIENTED_EDGE('',*,*,#12872,.T.);
#12872 = EDGE_CURVE('',#12873,#12873,#12875,.T.);
#12873 = VERTEX_POINT('',#12874);
#12874 = CARTESIAN_POINT('',(-212.8,47.2,15.5));
#12875 = SURFACE_CURVE('',#12876,(#12881,#12892),.PCURVE_S1.);
#12876 = CIRCLE('',#12877,8.);
#12877 = AXIS2_PLACEMENT_3D('',#12878,#12879,#12880);
#12878 = CARTESIAN_POINT('',(-212.8,47.2,23.5));
#12879 = DIRECTION('',(0.,-1.,0.));
#12880 = DIRECTION('',(0.,-0.,-1.));
#12881 = PCURVE('',#12817,#12882);
#12882 = DEFINITIONAL_REPRESENTATION('',(#12883),#12891);
#12883 = ( BOUNDED_CURVE() B_SPLINE_CURVE(2,(#12884,#12885,#12886,#12887
    ,#12888,#12889,#12890),.UNSPECIFIED.,.T.,.F.) 
B_SPLINE_CURVE_WITH_KNOTS((1,2,2,2,2,1),(-2.094395102393,0.,
    2.094395102393,4.188790204786,6.28318530718,8.377580409573),
.UNSPECIFIED.) CURVE() GEOMETRIC_REPRESENTATION_ITEM() 
RATIONAL_B_SPLINE_CURVE((1.,0.5,1.,0.5,1.,0.5,1.)) REPRESENTATION_ITEM(
  '') );
#12884 = CARTESIAN_POINT('',(-8.,0.));
#12885 = CARTESIAN_POINT('',(-8.,13.856406460551));
#12886 = CARTESIAN_POINT('',(4.,6.928203230276));
#12887 = CARTESIAN_POINT('',(16.,1.959434878636E-15));
#12888 = CARTESIAN_POINT('',(4.,-6.928203230276));
#12889 = CARTESIAN_POINT('',(-8.,-13.85640646055));
#12890 = CARTESIAN_POINT('',(-8.,0.));
#12891 = ( GEOMETRIC_REPRESENTATION_CONTEXT(2) 
PARAMETRIC_REPRESENTATION_CONTEXT() REPRESENTATION_CONTEXT('2D SPACE',''
  ) );
#12892 = PCURVE('',#12893,#12898);
#12893 = CYLINDRICAL_SURFACE('',#12894,8.);
#12894 = AXIS2_PLACEMENT_3D('',#12895,#12896,#12897);
#12895 = CARTESIAN_POINT('',(-212.8,47.3,23.5));
#12896 = DIRECTION('',(0.,-1.,0.));
#12897 = DIRECTION('',(0.,-0.,-1.));
#12898 = DEFINITIONAL_REPRESENTATION('',(#12899),#12903);
#12899 = LINE('',#12900,#12901);
#12900 = CARTESIAN_POINT('',(0.,0.1));
#12901 = VECTOR('',#12902,1.);
#12902 = DIRECTION('',(1.,0.));
#12903 = ( GEOMETRIC_REPRESENTATION_CONTEXT(2) 
PARAMETRIC_REPRESENTATION_CONTEXT() REPRESENTATION_CONTEXT('2D SPACE',''
  ) );
#12904 = ADVANCED_FACE('',(#12905),#12893,.F.);
#12905 = FACE_BOUND('',#12906,.F.);
#12906 = EDGE_LOOP('',(#12907,#12930,#12957,#12958));
#12907 = ORIENTED_EDGE('',*,*,#12908,.T.);
#12908 = EDGE_CURVE('',#12873,#12909,#12911,.T.);
#12909 = VERTEX_POINT('',#12910);
#12910 = CARTESIAN_POINT('',(-212.8,42.3,15.5));
#12911 = SEAM_CURVE('',#12912,(#12916,#12923),.PCURVE_S1.);
#12912 = LINE('',#12913,#12914);
#12913 = CARTESIAN_POINT('',(-212.8,47.3,15.5));
#12914 = VECTOR('',#12915,1.);
#12915 = DIRECTION('',(0.,-1.,0.));
#12916 = PCURVE('',#12893,#12917);
#12917 = DEFINITIONAL_REPRESENTATION('',(#12918),#12922);
#12918 = LINE('',#12919,#12920);
#12919 = CARTESIAN_POINT('',(6.28318530718,-0.));
#12920 = VECTOR('',#12921,1.);
#12921 = DIRECTION('',(0.,1.));
#12922 = ( GEOMETRIC_REPRESENTATION_CONTEXT(2) 
PARAMETRIC_REPRESENTATION_CONTEXT() REPRESENTATION_CONTEXT('2D SPACE',''
  ) );
#12923 = PCURVE('',#12893,#12924);
#12924 = DEFINITIONAL_REPRESENTATION('',(#12925),#12929);
#12925 = LINE('',#12926,#12927);
#12926 = CARTESIAN_POINT('',(0.,-0.));
#12927 = VECTOR('',#12928,1.);
#12928 = DIRECTION('',(0.,1.));
#12929 = ( GEOMETRIC_REPRESENTATION_CONTEXT(2) 
PARAMETRIC_REPRESENTATION_CONTEXT() REPRESENTATION_CONTEXT('2D SPACE',''
  ) );
#12930 = ORIENTED_EDGE('',*,*,#12931,.F.);
#12931 = EDGE_CURVE('',#12909,#12909,#12932,.T.);
#12932 = SURFACE_CURVE('',#12933,(#12938,#12945),.PCURVE_S1.);
#12933 = CIRCLE('',#12934,8.);
#12934 = AXIS2_PLACEMENT_3D('',#12935,#12936,#12937);
#12935 = CARTESIAN_POINT('',(-212.8,42.3,23.5));
#12936 = DIRECTION('',(0.,-1.,0.));
#12937 = DIRECTION('',(0.,-0.,-1.));
#12938 = PCURVE('',#12893,#12939);
#12939 = DEFINITIONAL_REPRESENTATION('',(#12940),#12944);
#12940 = LINE('',#12941,#12942);
#12941 = CARTESIAN_POINT('',(0.,5.));
#12942 = VECTOR('',#12943,1.);
#12943 = DIRECTION('',(1.,0.));
#12944 = ( GEOMETRIC_REPRESENTATION_CONTEXT(2) 
PARAMETRIC_REPRESENTATION_CONTEXT() REPRESENTATION_CONTEXT('2D SPACE',''
  ) );
#12945 = PCURVE('',#12946,#12951);
#12946 = PLANE('',#12947);
#12947 = AXIS2_PLACEMENT_3D('',#12948,#12949,#12950);
#12948 = CARTESIAN_POINT('',(-212.8,42.3,23.5));
#12949 = DIRECTION('',(0.,-1.,0.));
#12950 = DIRECTION('',(0.,-0.,-1.));
#12951 = DEFINITIONAL_REPRESENTATION('',(#12952),#12956);
#12952 = CIRCLE('',#12953,8.);
#12953 = AXIS2_PLACEMENT_2D('',#12954,#12955);
#12954 = CARTESIAN_POINT('',(0.,0.));
#12955 = DIRECTION('',(1.,0.));
#12956 = ( GEOMETRIC_REPRESENTATION_CONTEXT(2) 
PARAMETRIC_REPRESENTATION_CONTEXT() REPRESENTATION_CONTEXT('2D SPACE',''
  ) );
#12957 = ORIENTED_EDGE('',*,*,#12908,.F.);
#12958 = ORIENTED_EDGE('',*,*,#12872,.T.);
#12959 = ADVANCED_FACE('',(#12960),#12946,.F.);
#12960 = FACE_BOUND('',#12961,.F.);
#12961 = EDGE_LOOP('',(#12962));
#12962 = ORIENTED_EDGE('',*,*,#12931,.T.);
#12963 = ( GEOMETRIC_REPRESENTATION_CONTEXT(3) 
GLOBAL_UNCERTAINTY_ASSIGNED_CONTEXT((#12967)) 
GLOBAL_UNIT_ASSIGNED_CONTEXT((#12964,#12965,#12966)) 
REPRESENTATION_CONTEXT('Context #1',
  '3D Context with UNIT and UNCERTAINTY') );
#12964 = ( LENGTH_UNIT() NAMED_UNIT(*) SI_UNIT(.MILLI.,.METRE.) );
#12965 = ( NAMED_UNIT(*) PLANE_ANGLE_UNIT() SI_UNIT($,.RADIAN.) );
#12966 = ( NAMED_UNIT(*) SI_UNIT($,.STERADIAN.) SOLID_ANGLE_UNIT() );
#12967 = UNCERTAINTY_MEASURE_WITH_UNIT(LENGTH_MEASURE(1.E-07),#12964,
  'distance_accuracy_value','confusion accuracy');
#12968 = CONTEXT_DEPENDENT_SHAPE_REPRESENTATION(#12969,#12971);
#12969 = ( REPRESENTATION_RELATIONSHIP('','',#11674,#10) 
REPRESENTATION_RELATIONSHIP_WITH_TRANSFORMATION(#12970) 
SHAPE_REPRESENTATION_RELATIONSHIP() );
#12970 = ITEM_DEFINED_TRANSFORMATION('','',#11,#23);
#12971 = PRODUCT_DEFINITION_SHAPE('Placement','Placement of an item',
  #12972);
#12972 = NEXT_ASSEMBLY_USAGE_OCCURRENCE('9','REFERENCE_fitting_1','',#5,
  #11669,$);
#12973 = PRODUCT_RELATED_PRODUCT_CATEGORY('part',$,(#11671));
#12974 = SHAPE_DEFINITION_REPRESENTATION(#12975,#12981);
#12975 = PRODUCT_DEFINITION_SHAPE('','',#12976);
#12976 = PRODUCT_DEFINITION('design','',#12977,#12980);
#12977 = PRODUCT_DEFINITION_FORMATION('','',#12978);
#12978 = PRODUCT('REFERENCE_fitting_2','REFERENCE_fitting_2','',(#12979)
  );
#12979 = PRODUCT_CONTEXT('',#2,'mechanical');
#12980 = PRODUCT_DEFINITION_CONTEXT('part definition',#2,'design');
#12981 = ADVANCED_BREP_SHAPE_REPRESENTATION('',(#11,#12982),#14254);
#12982 = MANIFOLD_SOLID_BREP('',#12983);
#12983 = CLOSED_SHELL('',(#12984,#13159,#13217,#13270,#13351,#13432,
    #13436,#13513,#13619,#13725,#13757,#13804,#13831,#13858,#13936,
    #13986,#14013,#14039,#14066,#14151,#14156,#14195,#14250));
#12984 = ADVANCED_FACE('',(#12985),#13000,.T.);
#12985 = FACE_BOUND('',#12986,.T.);
#12986 = EDGE_LOOP('',(#12987,#13023,#13046,#13073,#13074,#13103,#13132)
  );
#12987 = ORIENTED_EDGE('',*,*,#12988,.F.);
#12988 = EDGE_CURVE('',#12989,#12991,#12993,.T.);
#12989 = VERTEX_POINT('',#12990);
#12990 = CARTESIAN_POINT('',(203.8,26.,32.5));
#12991 = VERTEX_POINT('',#12992);
#12992 = CARTESIAN_POINT('',(203.8,17.,23.5));
#12993 = SURFACE_CURVE('',#12994,(#12999,#13011),.PCURVE_S1.);
#12994 = CIRCLE('',#12995,9.);
#12995 = AXIS2_PLACEMENT_3D('',#12996,#12997,#12998);
#12996 = CARTESIAN_POINT('',(203.8,26.,23.5));
#12997 = DIRECTION('',(1.,0.,0.));
#12998 = DIRECTION('',(-0.,0.,1.));
#12999 = PCURVE('',#13000,#13005);
#13000 = CYLINDRICAL_SURFACE('',#13001,9.);
#13001 = AXIS2_PLACEMENT_3D('',#13002,#13003,#13004);
#13002 = CARTESIAN_POINT('',(195.,26.,23.5));
#13003 = DIRECTION('',(1.,0.,0.));
#13004 = DIRECTION('',(-0.,0.,1.));
#13005 = DEFINITIONAL_REPRESENTATION('',(#13006),#13010);
#13006 = LINE('',#13007,#13008);
#13007 = CARTESIAN_POINT('',(0.,8.8));
#13008 = VECTOR('',#13009,1.);
#13009 = DIRECTION('',(1.,0.));
#13010 = ( GEOMETRIC_REPRESENTATION_CONTEXT(2) 
PARAMETRIC_REPRESENTATION_CONTEXT() REPRESENTATION_CONTEXT('2D SPACE',''
  ) );
#13011 = PCURVE('',#13012,#13017);
#13012 = PLANE('',#13013);
#13013 = AXIS2_PLACEMENT_3D('',#13014,#13015,#13016);
#13014 = CARTESIAN_POINT('',(203.8,17.,14.5));
#13015 = DIRECTION('',(1.,0.,0.));
#13016 = DIRECTION('',(0.,0.,1.));
#13017 = DEFINITIONAL_REPRESENTATION('',(#13018),#13022);
#13018 = CIRCLE('',#13019,9.);
#13019 = AXIS2_PLACEMENT_2D('',#13020,#13021);
#13020 = CARTESIAN_POINT('',(9.,-9.));
#13021 = DIRECTION('',(1.,0.));
#13022 = ( GEOMETRIC_REPRESENTATION_CONTEXT(2) 
PARAMETRIC_REPRESENTATION_CONTEXT() REPRESENTATION_CONTEXT('2D SPACE',''
  ) );
#13023 = ORIENTED_EDGE('',*,*,#13024,.F.);
#13024 = EDGE_CURVE('',#13025,#12989,#13027,.T.);
#13025 = VERTEX_POINT('',#13026);
#13026 = CARTESIAN_POINT('',(195.,26.,32.5));
#13027 = SEAM_CURVE('',#13028,(#13032,#13039),.PCURVE_S1.);
#13028 = LINE('',#13029,#13030);
#13029 = CARTESIAN_POINT('',(195.,26.,32.5));
#13030 = VECTOR('',#13031,1.);
#13031 = DIRECTION('',(1.,0.,0.));
#13032 = PCURVE('',#13000,#13033);
#13033 = DEFINITIONAL_REPRESENTATION('',(#13034),#13038);
#13034 = LINE('',#13035,#13036);
#13035 = CARTESIAN_POINT('',(6.28318530718,-0.));
#13036 = VECTOR('',#13037,1.);
#13037 = DIRECTION('',(0.,1.));
#13038 = ( GEOMETRIC_REPRESENTATION_CONTEXT(2) 
PARAMETRIC_REPRESENTATION_CONTEXT() REPRESENTATION_CONTEXT('2D SPACE',''
  ) );
#13039 = PCURVE('',#13000,#13040);
#13040 = DEFINITIONAL_REPRESENTATION('',(#13041),#13045);
#13041 = LINE('',#13042,#13043);
#13042 = CARTESIAN_POINT('',(0.,-0.));
#13043 = VECTOR('',#13044,1.);
#13044 = DIRECTION('',(0.,1.));
#13045 = ( GEOMETRIC_REPRESENTATION_CONTEXT(2) 
PARAMETRIC_REPRESENTATION_CONTEXT() REPRESENTATION_CONTEXT('2D SPACE',''
  ) );
#13046 = ORIENTED_EDGE('',*,*,#13047,.T.);
#13047 = EDGE_CURVE('',#13025,#13025,#13048,.T.);
#13048 = SURFACE_CURVE('',#13049,(#13054,#13061),.PCURVE_S1.);
#13049 = CIRCLE('',#13050,9.);
#13050 = AXIS2_PLACEMENT_3D('',#13051,#13052,#13053);
#13051 = CARTESIAN_POINT('',(195.,26.,23.5));
#13052 = DIRECTION('',(1.,0.,0.));
#13053 = DIRECTION('',(-0.,0.,1.));
#13054 = PCURVE('',#13000,#13055);
#13055 = DEFINITIONAL_REPRESENTATION('',(#13056),#13060);
#13056 = LINE('',#13057,#13058);
#13057 = CARTESIAN_POINT('',(0.,0.));
#13058 = VECTOR('',#13059,1.);
#13059 = DIRECTION('',(1.,0.));
#13060 = ( GEOMETRIC_REPRESENTATION_CONTEXT(2) 
PARAMETRIC_REPRESENTATION_CONTEXT() REPRESENTATION_CONTEXT('2D SPACE',''
  ) );
#13061 = PCURVE('',#13062,#13067);
#13062 = PLANE('',#13063);
#13063 = AXIS2_PLACEMENT_3D('',#13064,#13065,#13066);
#13064 = CARTESIAN_POINT('',(195.,26.,23.5));
#13065 = DIRECTION('',(1.,0.,0.));
#13066 = DIRECTION('',(-0.,0.,1.));
#13067 = DEFINITIONAL_REPRESENTATION('',(#13068),#13072);
#13068 = CIRCLE('',#13069,9.);
#13069 = AXIS2_PLACEMENT_2D('',#13070,#13071);
#13070 = CARTESIAN_POINT('',(0.,0.));
#13071 = DIRECTION('',(1.,0.));
#13072 = ( GEOMETRIC_REPRESENTATION_CONTEXT(2) 
PARAMETRIC_REPRESENTATION_CONTEXT() REPRESENTATION_CONTEXT('2D SPACE',''
  ) );
#13073 = ORIENTED_EDGE('',*,*,#13024,.T.);
#13074 = ORIENTED_EDGE('',*,*,#13075,.F.);
#13075 = EDGE_CURVE('',#13076,#12989,#13078,.T.);
#13076 = VERTEX_POINT('',#13077);
#13077 = CARTESIAN_POINT('',(203.8,35.,23.5));
#13078 = SURFACE_CURVE('',#13079,(#13084,#13091),.PCURVE_S1.);
#13079 = CIRCLE('',#13080,9.);
#13080 = AXIS2_PLACEMENT_3D('',#13081,#13082,#13083);
#13081 = CARTESIAN_POINT('',(203.8,26.,23.5));
#13082 = DIRECTION('',(1.,0.,0.));
#13083 = DIRECTION('',(-0.,0.,1.));
#13084 = PCURVE('',#13000,#13085);
#13085 = DEFINITIONAL_REPRESENTATION('',(#13086),#13090);
#13086 = LINE('',#13087,#13088);
#13087 = CARTESIAN_POINT('',(0.,8.8));
#13088 = VECTOR('',#13089,1.);
#13089 = DIRECTION('',(1.,0.));
#13090 = ( GEOMETRIC_REPRESENTATION_CONTEXT(2) 
PARAMETRIC_REPRESENTATION_CONTEXT() REPRESENTATION_CONTEXT('2D SPACE',''
  ) );
#13091 = PCURVE('',#13092,#13097);
#13092 = PLANE('',#13093);
#13093 = AXIS2_PLACEMENT_3D('',#13094,#13095,#13096);
#13094 = CARTESIAN_POINT('',(203.8,17.,14.5));
#13095 = DIRECTION('',(1.,0.,0.));
#13096 = DIRECTION('',(0.,0.,1.));
#13097 = DEFINITIONAL_REPRESENTATION('',(#13098),#13102);
#13098 = CIRCLE('',#13099,9.);
#13099 = AXIS2_PLACEMENT_2D('',#13100,#13101);
#13100 = CARTESIAN_POINT('',(9.,-9.));
#13101 = DIRECTION('',(1.,0.));
#13102 = ( GEOMETRIC_REPRESENTATION_CONTEXT(2) 
PARAMETRIC_REPRESENTATION_CONTEXT() REPRESENTATION_CONTEXT('2D SPACE',''
  ) );
#13103 = ORIENTED_EDGE('',*,*,#13104,.F.);
#13104 = EDGE_CURVE('',#13105,#13076,#13107,.T.);
#13105 = VERTEX_POINT('',#13106);
#13106 = CARTESIAN_POINT('',(203.8,26.,14.5));
#13107 = SURFACE_CURVE('',#13108,(#13113,#13120),.PCURVE_S1.);
#13108 = CIRCLE('',#13109,9.);
#13109 = AXIS2_PLACEMENT_3D('',#13110,#13111,#13112);
#13110 = CARTESIAN_POINT('',(203.8,26.,23.5));
#13111 = DIRECTION('',(1.,0.,0.));
#13112 = DIRECTION('',(-0.,0.,1.));
#13113 = PCURVE('',#13000,#13114);
#13114 = DEFINITIONAL_REPRESENTATION('',(#13115),#13119);
#13115 = LINE('',#13116,#13117);
#13116 = CARTESIAN_POINT('',(0.,8.8));
#13117 = VECTOR('',#13118,1.);
#13118 = DIRECTION('',(1.,0.));
#13119 = ( GEOMETRIC_REPRESENTATION_CONTEXT(2) 
PARAMETRIC_REPRESENTATION_CONTEXT() REPRESENTATION_CONTEXT('2D SPACE',''
  ) );
#13120 = PCURVE('',#13121,#13126);
#13121 = PLANE('',#13122);
#13122 = AXIS2_PLACEMENT_3D('',#13123,#13124,#13125);
#13123 = CARTESIAN_POINT('',(203.8,17.,14.5));
#13124 = DIRECTION('',(1.,0.,0.));
#13125 = DIRECTION('',(0.,0.,1.));
#13126 = DEFINITIONAL_REPRESENTATION('',(#13127),#13131);
#13127 = CIRCLE('',#13128,9.);
#13128 = AXIS2_PLACEMENT_2D('',#13129,#13130);
#13129 = CARTESIAN_POINT('',(9.,-9.));
#13130 = DIRECTION('',(1.,0.));
#13131 = ( GEOMETRIC_REPRESENTATION_CONTEXT(2) 
PARAMETRIC_REPRESENTATION_CONTEXT() REPRESENTATION_CONTEXT('2D SPACE',''
  ) );
#13132 = ORIENTED_EDGE('',*,*,#13133,.F.);
#13133 = EDGE_CURVE('',#12991,#13105,#13134,.T.);
#13134 = SURFACE_CURVE('',#13135,(#13140,#13147),.PCURVE_S1.);
#13135 = CIRCLE('',#13136,9.);
#13136 = AXIS2_PLACEMENT_3D('',#13137,#13138,#13139);
#13137 = CARTESIAN_POINT('',(203.8,26.,23.5));
#13138 = DIRECTION('',(1.,0.,0.));
#13139 = DIRECTION('',(-0.,0.,1.));
#13140 = PCURVE('',#13000,#13141);
#13141 = DEFINITIONAL_REPRESENTATION('',(#13142),#13146);
#13142 = LINE('',#13143,#13144);
#13143 = CARTESIAN_POINT('',(0.,8.8));
#13144 = VECTOR('',#13145,1.);
#13145 = DIRECTION('',(1.,0.));
#13146 = ( GEOMETRIC_REPRESENTATION_CONTEXT(2) 
PARAMETRIC_REPRESENTATION_CONTEXT() REPRESENTATION_CONTEXT('2D SPACE',''
  ) );
#13147 = PCURVE('',#13148,#13153);
#13148 = PLANE('',#13149);
#13149 = AXIS2_PLACEMENT_3D('',#13150,#13151,#13152);
#13150 = CARTESIAN_POINT('',(203.8,17.,14.5));
#13151 = DIRECTION('',(1.,0.,0.));
#13152 = DIRECTION('',(0.,0.,1.));
#13153 = DEFINITIONAL_REPRESENTATION('',(#13154),#13158);
#13154 = CIRCLE('',#13155,9.);
#13155 = AXIS2_PLACEMENT_2D('',#13156,#13157);
#13156 = CARTESIAN_POINT('',(9.,-9.));
#13157 = DIRECTION('',(1.,0.));
#13158 = ( GEOMETRIC_REPRESENTATION_CONTEXT(2) 
PARAMETRIC_REPRESENTATION_CONTEXT() REPRESENTATION_CONTEXT('2D SPACE',''
  ) );
#13159 = ADVANCED_FACE('',(#13160),#13012,.F.);
#13160 = FACE_BOUND('',#13161,.F.);
#13161 = EDGE_LOOP('',(#13162,#13190,#13191));
#13162 = ORIENTED_EDGE('',*,*,#13163,.F.);
#13163 = EDGE_CURVE('',#12991,#13164,#13166,.T.);
#13164 = VERTEX_POINT('',#13165);
#13165 = CARTESIAN_POINT('',(203.8,17.,32.5));
#13166 = SURFACE_CURVE('',#13167,(#13171,#13178),.PCURVE_S1.);
#13167 = LINE('',#13168,#13169);
#13168 = CARTESIAN_POINT('',(203.8,17.,14.5));
#13169 = VECTOR('',#13170,1.);
#13170 = DIRECTION('',(0.,0.,1.));
#13171 = PCURVE('',#13012,#13172);
#13172 = DEFINITIONAL_REPRESENTATION('',(#13173),#13177);
#13173 = LINE('',#13174,#13175);
#13174 = CARTESIAN_POINT('',(0.,0.));
#13175 = VECTOR('',#13176,1.);
#13176 = DIRECTION('',(1.,0.));
#13177 = ( GEOMETRIC_REPRESENTATION_CONTEXT(2) 
PARAMETRIC_REPRESENTATION_CONTEXT() REPRESENTATION_CONTEXT('2D SPACE',''
  ) );
#13178 = PCURVE('',#13179,#13184);
#13179 = PLANE('',#13180);
#13180 = AXIS2_PLACEMENT_3D('',#13181,#13182,#13183);
#13181 = CARTESIAN_POINT('',(203.8,17.,14.5));
#13182 = DIRECTION('',(0.,1.,0.));
#13183 = DIRECTION('',(0.,0.,1.));
#13184 = DEFINITIONAL_REPRESENTATION('',(#13185),#13189);
#13185 = LINE('',#13186,#13187);
#13186 = CARTESIAN_POINT('',(0.,0.));
#13187 = VECTOR('',#13188,1.);
#13188 = DIRECTION('',(1.,0.));
#13189 = ( GEOMETRIC_REPRESENTATION_CONTEXT(2) 
PARAMETRIC_REPRESENTATION_CONTEXT() REPRESENTATION_CONTEXT('2D SPACE',''
  ) );
#13190 = ORIENTED_EDGE('',*,*,#12988,.F.);
#13191 = ORIENTED_EDGE('',*,*,#13192,.F.);
#13192 = EDGE_CURVE('',#13164,#12989,#13193,.T.);
#13193 = SURFACE_CURVE('',#13194,(#13198,#13205),.PCURVE_S1.);
#13194 = LINE('',#13195,#13196);
#13195 = CARTESIAN_POINT('',(203.8,17.,32.5));
#13196 = VECTOR('',#13197,1.);
#13197 = DIRECTION('',(0.,1.,0.));
#13198 = PCURVE('',#13012,#13199);
#13199 = DEFINITIONAL_REPRESENTATION('',(#13200),#13204);
#13200 = LINE('',#13201,#13202);
#13201 = CARTESIAN_POINT('',(18.,0.));
#13202 = VECTOR('',#13203,1.);
#13203 = DIRECTION('',(0.,-1.));
#13204 = ( GEOMETRIC_REPRESENTATION_CONTEXT(2) 
PARAMETRIC_REPRESENTATION_CONTEXT() REPRESENTATION_CONTEXT('2D SPACE',''
  ) );
#13205 = PCURVE('',#13206,#13211);
#13206 = PLANE('',#13207);
#13207 = AXIS2_PLACEMENT_3D('',#13208,#13209,#13210);
#13208 = CARTESIAN_POINT('',(203.8,17.,32.5));
#13209 = DIRECTION('',(0.,0.,1.));
#13210 = DIRECTION('',(1.,0.,0.));
#13211 = DEFINITIONAL_REPRESENTATION('',(#13212),#13216);
#13212 = LINE('',#13213,#13214);
#13213 = CARTESIAN_POINT('',(0.,0.));
#13214 = VECTOR('',#13215,1.);
#13215 = DIRECTION('',(0.,1.));
#13216 = ( GEOMETRIC_REPRESENTATION_CONTEXT(2) 
PARAMETRIC_REPRESENTATION_CONTEXT() REPRESENTATION_CONTEXT('2D SPACE',''
  ) );
#13217 = ADVANCED_FACE('',(#13218),#13148,.F.);
#13218 = FACE_BOUND('',#13219,.F.);
#13219 = EDGE_LOOP('',(#13220,#13243,#13269));
#13220 = ORIENTED_EDGE('',*,*,#13221,.F.);
#13221 = EDGE_CURVE('',#13222,#12991,#13224,.T.);
#13222 = VERTEX_POINT('',#13223);
#13223 = CARTESIAN_POINT('',(203.8,17.,14.5));
#13224 = SURFACE_CURVE('',#13225,(#13229,#13236),.PCURVE_S1.);
#13225 = LINE('',#13226,#13227);
#13226 = CARTESIAN_POINT('',(203.8,17.,14.5));
#13227 = VECTOR('',#13228,1.);
#13228 = DIRECTION('',(0.,0.,1.));
#13229 = PCURVE('',#13148,#13230);
#13230 = DEFINITIONAL_REPRESENTATION('',(#13231),#13235);
#13231 = LINE('',#13232,#13233);
#13232 = CARTESIAN_POINT('',(0.,0.));
#13233 = VECTOR('',#13234,1.);
#13234 = DIRECTION('',(1.,0.));
#13235 = ( GEOMETRIC_REPRESENTATION_CONTEXT(2) 
PARAMETRIC_REPRESENTATION_CONTEXT() REPRESENTATION_CONTEXT('2D SPACE',''
  ) );
#13236 = PCURVE('',#13179,#13237);
#13237 = DEFINITIONAL_REPRESENTATION('',(#13238),#13242);
#13238 = LINE('',#13239,#13240);
#13239 = CARTESIAN_POINT('',(0.,0.));
#13240 = VECTOR('',#13241,1.);
#13241 = DIRECTION('',(1.,0.));
#13242 = ( GEOMETRIC_REPRESENTATION_CONTEXT(2) 
PARAMETRIC_REPRESENTATION_CONTEXT() REPRESENTATION_CONTEXT('2D SPACE',''
  ) );
#13243 = ORIENTED_EDGE('',*,*,#13244,.T.);
#13244 = EDGE_CURVE('',#13222,#13105,#13245,.T.);
#13245 = SURFACE_CURVE('',#13246,(#13250,#13257),.PCURVE_S1.);
#13246 = LINE('',#13247,#13248);
#13247 = CARTESIAN_POINT('',(203.8,17.,14.5));
#13248 = VECTOR('',#13249,1.);
#13249 = DIRECTION('',(0.,1.,0.));
#13250 = PCURVE('',#13148,#13251);
#13251 = DEFINITIONAL_REPRESENTATION('',(#13252),#13256);
#13252 = LINE('',#13253,#13254);
#13253 = CARTESIAN_POINT('',(0.,0.));
#13254 = VECTOR('',#13255,1.);
#13255 = DIRECTION('',(0.,-1.));
#13256 = ( GEOMETRIC_REPRESENTATION_CONTEXT(2) 
PARAMETRIC_REPRESENTATION_CONTEXT() REPRESENTATION_CONTEXT('2D SPACE',''
  ) );
#13257 = PCURVE('',#13258,#13263);
#13258 = PLANE('',#13259);
#13259 = AXIS2_PLACEMENT_3D('',#13260,#13261,#13262);
#13260 = CARTESIAN_POINT('',(203.8,17.,14.5));
#13261 = DIRECTION('',(0.,0.,1.));
#13262 = DIRECTION('',(1.,0.,0.));
#13263 = DEFINITIONAL_REPRESENTATION('',(#13264),#13268);
#13264 = LINE('',#13265,#13266);
#13265 = CARTESIAN_POINT('',(0.,0.));
#13266 = VECTOR('',#13267,1.);
#13267 = DIRECTION('',(0.,1.));
#13268 = ( GEOMETRIC_REPRESENTATION_CONTEXT(2) 
PARAMETRIC_REPRESENTATION_CONTEXT() REPRESENTATION_CONTEXT('2D SPACE',''
  ) );
#13269 = ORIENTED_EDGE('',*,*,#13133,.F.);
#13270 = ADVANCED_FACE('',(#13271),#13121,.F.);
#13271 = FACE_BOUND('',#13272,.F.);
#13272 = EDGE_LOOP('',(#13273,#13274,#13297,#13325));
#13273 = ORIENTED_EDGE('',*,*,#13104,.F.);
#13274 = ORIENTED_EDGE('',*,*,#13275,.T.);
#13275 = EDGE_CURVE('',#13105,#13276,#13278,.T.);
#13276 = VERTEX_POINT('',#13277);
#13277 = CARTESIAN_POINT('',(203.8,35.,14.5));
#13278 = SURFACE_CURVE('',#13279,(#13283,#13290),.PCURVE_S1.);
#13279 = LINE('',#13280,#13281);
#13280 = CARTESIAN_POINT('',(203.8,17.,14.5));
#13281 = VECTOR('',#13282,1.);
#13282 = DIRECTION('',(0.,1.,0.));
#13283 = PCURVE('',#13121,#13284);
#13284 = DEFINITIONAL_REPRESENTATION('',(#13285),#13289);
#13285 = LINE('',#13286,#13287);
#13286 = CARTESIAN_POINT('',(0.,0.));
#13287 = VECTOR('',#13288,1.);
#13288 = DIRECTION('',(0.,-1.));
#13289 = ( GEOMETRIC_REPRESENTATION_CONTEXT(2) 
PARAMETRIC_REPRESENTATION_CONTEXT() REPRESENTATION_CONTEXT('2D SPACE',''
  ) );
#13290 = PCURVE('',#13258,#13291);
#13291 = DEFINITIONAL_REPRESENTATION('',(#13292),#13296);
#13292 = LINE('',#13293,#13294);
#13293 = CARTESIAN_POINT('',(0.,0.));
#13294 = VECTOR('',#13295,1.);
#13295 = DIRECTION('',(0.,1.));
#13296 = ( GEOMETRIC_REPRESENTATION_CONTEXT(2) 
PARAMETRIC_REPRESENTATION_CONTEXT() REPRESENTATION_CONTEXT('2D SPACE',''
  ) );
#13297 = ORIENTED_EDGE('',*,*,#13298,.T.);
#13298 = EDGE_CURVE('',#13276,#13299,#13301,.T.);
#13299 = VERTEX_POINT('',#13300);
#13300 = CARTESIAN_POINT('',(203.8,35.,17.175444679663));
#13301 = SURFACE_CURVE('',#13302,(#13306,#13313),.PCURVE_S1.);
#13302 = LINE('',#13303,#13304);
#13303 = CARTESIAN_POINT('',(203.8,35.,14.5));
#13304 = VECTOR('',#13305,1.);
#13305 = DIRECTION('',(0.,0.,1.));
#13306 = PCURVE('',#13121,#13307);
#13307 = DEFINITIONAL_REPRESENTATION('',(#13308),#13312);
#13308 = LINE('',#13309,#13310);
#13309 = CARTESIAN_POINT('',(0.,-18.));
#13310 = VECTOR('',#13311,1.);
#13311 = DIRECTION('',(1.,0.));
#13312 = ( GEOMETRIC_REPRESENTATION_CONTEXT(2) 
PARAMETRIC_REPRESENTATION_CONTEXT() REPRESENTATION_CONTEXT('2D SPACE',''
  ) );
#13313 = PCURVE('',#13314,#13319);
#13314 = PLANE('',#13315);
#13315 = AXIS2_PLACEMENT_3D('',#13316,#13317,#13318);
#13316 = CARTESIAN_POINT('',(203.8,35.,14.5));
#13317 = DIRECTION('',(0.,1.,0.));
#13318 = DIRECTION('',(0.,0.,1.));
#13319 = DEFINITIONAL_REPRESENTATION('',(#13320),#13324);
#13320 = LINE('',#13321,#13322);
#13321 = CARTESIAN_POINT('',(0.,0.));
#13322 = VECTOR('',#13323,1.);
#13323 = DIRECTION('',(1.,0.));
#13324 = ( GEOMETRIC_REPRESENTATION_CONTEXT(2) 
PARAMETRIC_REPRESENTATION_CONTEXT() REPRESENTATION_CONTEXT('2D SPACE',''
  ) );
#13325 = ORIENTED_EDGE('',*,*,#13326,.T.);
#13326 = EDGE_CURVE('',#13299,#13076,#13327,.T.);
#13327 = SURFACE_CURVE('',#13328,(#13332,#13339),.PCURVE_S1.);
#13328 = LINE('',#13329,#13330);
#13329 = CARTESIAN_POINT('',(203.8,35.,14.5));
#13330 = VECTOR('',#13331,1.);
#13331 = DIRECTION('',(0.,0.,1.));
#13332 = PCURVE('',#13121,#13333);
#13333 = DEFINITIONAL_REPRESENTATION('',(#13334),#13338);
#13334 = LINE('',#13335,#13336);
#13335 = CARTESIAN_POINT('',(0.,-18.));
#13336 = VECTOR('',#13337,1.);
#13337 = DIRECTION('',(1.,0.));
#13338 = ( GEOMETRIC_REPRESENTATION_CONTEXT(2) 
PARAMETRIC_REPRESENTATION_CONTEXT() REPRESENTATION_CONTEXT('2D SPACE',''
  ) );
#13339 = PCURVE('',#13340,#13345);
#13340 = PLANE('',#13341);
#13341 = AXIS2_PLACEMENT_3D('',#13342,#13343,#13344);
#13342 = CARTESIAN_POINT('',(212.8,35.,23.5));
#13343 = DIRECTION('',(0.,1.,0.));
#13344 = DIRECTION('',(0.,-0.,1.));
#13345 = DEFINITIONAL_REPRESENTATION('',(#13346),#13350);
#13346 = LINE('',#13347,#13348);
#13347 = CARTESIAN_POINT('',(-9.,-9.));
#13348 = VECTOR('',#13349,1.);
#13349 = DIRECTION('',(1.,0.));
#13350 = ( GEOMETRIC_REPRESENTATION_CONTEXT(2) 
PARAMETRIC_REPRESENTATION_CONTEXT() REPRESENTATION_CONTEXT('2D SPACE',''
  ) );
#13351 = ADVANCED_FACE('',(#13352),#13092,.F.);
#13352 = FACE_BOUND('',#13353,.F.);
#13353 = EDGE_LOOP('',(#13354,#13377,#13378,#13406));
#13354 = ORIENTED_EDGE('',*,*,#13355,.F.);
#13355 = EDGE_CURVE('',#12989,#13356,#13358,.T.);
#13356 = VERTEX_POINT('',#13357);
#13357 = CARTESIAN_POINT('',(203.8,35.,32.5));
#13358 = SURFACE_CURVE('',#13359,(#13363,#13370),.PCURVE_S1.);
#13359 = LINE('',#13360,#13361);
#13360 = CARTESIAN_POINT('',(203.8,17.,32.5));
#13361 = VECTOR('',#13362,1.);
#13362 = DIRECTION('',(0.,1.,0.));
#13363 = PCURVE('',#13092,#13364);
#13364 = DEFINITIONAL_REPRESENTATION('',(#13365),#13369);
#13365 = LINE('',#13366,#13367);
#13366 = CARTESIAN_POINT('',(18.,0.));
#13367 = VECTOR('',#13368,1.);
#13368 = DIRECTION('',(0.,-1.));
#13369 = ( GEOMETRIC_REPRESENTATION_CONTEXT(2) 
PARAMETRIC_REPRESENTATION_CONTEXT() REPRESENTATION_CONTEXT('2D SPACE',''
  ) );
#13370 = PCURVE('',#13206,#13371);
#13371 = DEFINITIONAL_REPRESENTATION('',(#13372),#13376);
#13372 = LINE('',#13373,#13374);
#13373 = CARTESIAN_POINT('',(0.,0.));
#13374 = VECTOR('',#13375,1.);
#13375 = DIRECTION('',(0.,1.));
#13376 = ( GEOMETRIC_REPRESENTATION_CONTEXT(2) 
PARAMETRIC_REPRESENTATION_CONTEXT() REPRESENTATION_CONTEXT('2D SPACE',''
  ) );
#13377 = ORIENTED_EDGE('',*,*,#13075,.F.);
#13378 = ORIENTED_EDGE('',*,*,#13379,.T.);
#13379 = EDGE_CURVE('',#13076,#13380,#13382,.T.);
#13380 = VERTEX_POINT('',#13381);
#13381 = CARTESIAN_POINT('',(203.8,35.,29.824555320336));
#13382 = SURFACE_CURVE('',#13383,(#13387,#13394),.PCURVE_S1.);
#13383 = LINE('',#13384,#13385);
#13384 = CARTESIAN_POINT('',(203.8,35.,14.5));
#13385 = VECTOR('',#13386,1.);
#13386 = DIRECTION('',(0.,0.,1.));
#13387 = PCURVE('',#13092,#13388);
#13388 = DEFINITIONAL_REPRESENTATION('',(#13389),#13393);
#13389 = LINE('',#13390,#13391);
#13390 = CARTESIAN_POINT('',(0.,-18.));
#13391 = VECTOR('',#13392,1.);
#13392 = DIRECTION('',(1.,0.));
#13393 = ( GEOMETRIC_REPRESENTATION_CONTEXT(2) 
PARAMETRIC_REPRESENTATION_CONTEXT() REPRESENTATION_CONTEXT('2D SPACE',''
  ) );
#13394 = PCURVE('',#13395,#13400);
#13395 = PLANE('',#13396);
#13396 = AXIS2_PLACEMENT_3D('',#13397,#13398,#13399);
#13397 = CARTESIAN_POINT('',(212.8,35.,23.5));
#13398 = DIRECTION('',(0.,1.,0.));
#13399 = DIRECTION('',(0.,-0.,1.));
#13400 = DEFINITIONAL_REPRESENTATION('',(#13401),#13405);
#13401 = LINE('',#13402,#13403);
#13402 = CARTESIAN_POINT('',(-9.,-9.));
#13403 = VECTOR('',#13404,1.);
#13404 = DIRECTION('',(1.,0.));
#13405 = ( GEOMETRIC_REPRESENTATION_CONTEXT(2) 
PARAMETRIC_REPRESENTATION_CONTEXT() REPRESENTATION_CONTEXT('2D SPACE',''
  ) );
#13406 = ORIENTED_EDGE('',*,*,#13407,.T.);
#13407 = EDGE_CURVE('',#13380,#13356,#13408,.T.);
#13408 = SURFACE_CURVE('',#13409,(#13413,#13420),.PCURVE_S1.);
#13409 = LINE('',#13410,#13411);
#13410 = CARTESIAN_POINT('',(203.8,35.,14.5));
#13411 = VECTOR('',#13412,1.);
#13412 = DIRECTION('',(0.,0.,1.));
#13413 = PCURVE('',#13092,#13414);
#13414 = DEFINITIONAL_REPRESENTATION('',(#13415),#13419);
#13415 = LINE('',#13416,#13417);
#13416 = CARTESIAN_POINT('',(0.,-18.));
#13417 = VECTOR('',#13418,1.);
#13418 = DIRECTION('',(1.,0.));
#13419 = ( GEOMETRIC_REPRESENTATION_CONTEXT(2) 
PARAMETRIC_REPRESENTATION_CONTEXT() REPRESENTATION_CONTEXT('2D SPACE',''
  ) );
#13420 = PCURVE('',#13421,#13426);
#13421 = PLANE('',#13422);
#13422 = AXIS2_PLACEMENT_3D('',#13423,#13424,#13425);
#13423 = CARTESIAN_POINT('',(203.8,35.,14.5));
#13424 = DIRECTION('',(0.,1.,0.));
#13425 = DIRECTION('',(0.,0.,1.));
#13426 = DEFINITIONAL_REPRESENTATION('',(#13427),#13431);
#13427 = LINE('',#13428,#13429);
#13428 = CARTESIAN_POINT('',(0.,0.));
#13429 = VECTOR('',#13430,1.);
#13430 = DIRECTION('',(1.,0.));
#13431 = ( GEOMETRIC_REPRESENTATION_CONTEXT(2) 
PARAMETRIC_REPRESENTATION_CONTEXT() REPRESENTATION_CONTEXT('2D SPACE',''
  ) );
#13432 = ADVANCED_FACE('',(#13433),#13062,.F.);
#13433 = FACE_BOUND('',#13434,.T.);
#13434 = EDGE_LOOP('',(#13435));
#13435 = ORIENTED_EDGE('',*,*,#13047,.F.);
#13436 = ADVANCED_FACE('',(#13437),#13179,.F.);
#13437 = FACE_BOUND('',#13438,.F.);
#13438 = EDGE_LOOP('',(#13439,#13462,#13463,#13464,#13487));
#13439 = ORIENTED_EDGE('',*,*,#13440,.F.);
#13440 = EDGE_CURVE('',#13222,#13441,#13443,.T.);
#13441 = VERTEX_POINT('',#13442);
#13442 = CARTESIAN_POINT('',(221.8,17.,14.5));
#13443 = SURFACE_CURVE('',#13444,(#13448,#13455),.PCURVE_S1.);
#13444 = LINE('',#13445,#13446);
#13445 = CARTESIAN_POINT('',(203.8,17.,14.5));
#13446 = VECTOR('',#13447,1.);
#13447 = DIRECTION('',(1.,0.,0.));
#13448 = PCURVE('',#13179,#13449);
#13449 = DEFINITIONAL_REPRESENTATION('',(#13450),#13454);
#13450 = LINE('',#13451,#13452);
#13451 = CARTESIAN_POINT('',(0.,0.));
#13452 = VECTOR('',#13453,1.);
#13453 = DIRECTION('',(0.,1.));
#13454 = ( GEOMETRIC_REPRESENTATION_CONTEXT(2) 
PARAMETRIC_REPRESENTATION_CONTEXT() REPRESENTATION_CONTEXT('2D SPACE',''
  ) );
#13455 = PCURVE('',#13258,#13456);
#13456 = DEFINITIONAL_REPRESENTATION('',(#13457),#13461);
#13457 = LINE('',#13458,#13459);
#13458 = CARTESIAN_POINT('',(0.,0.));
#13459 = VECTOR('',#13460,1.);
#13460 = DIRECTION('',(1.,0.));
#13461 = ( GEOMETRIC_REPRESENTATION_CONTEXT(2) 
PARAMETRIC_REPRESENTATION_CONTEXT() REPRESENTATION_CONTEXT('2D SPACE',''
  ) );
#13462 = ORIENTED_EDGE('',*,*,#13221,.T.);
#13463 = ORIENTED_EDGE('',*,*,#13163,.T.);
#13464 = ORIENTED_EDGE('',*,*,#13465,.T.);
#13465 = EDGE_CURVE('',#13164,#13466,#13468,.T.);
#13466 = VERTEX_POINT('',#13467);
#13467 = CARTESIAN_POINT('',(221.8,17.,32.5));
#13468 = SURFACE_CURVE('',#13469,(#13473,#13480),.PCURVE_S1.);
#13469 = LINE('',#13470,#13471);
#13470 = CARTESIAN_POINT('',(203.8,17.,32.5));
#13471 = VECTOR('',#13472,1.);
#13472 = DIRECTION('',(1.,0.,0.));
#13473 = PCURVE('',#13179,#13474);
#13474 = DEFINITIONAL_REPRESENTATION('',(#13475),#13479);
#13475 = LINE('',#13476,#13477);
#13476 = CARTESIAN_POINT('',(18.,0.));
#13477 = VECTOR('',#13478,1.);
#13478 = DIRECTION('',(0.,1.));
#13479 = ( GEOMETRIC_REPRESENTATION_CONTEXT(2) 
PARAMETRIC_REPRESENTATION_CONTEXT() REPRESENTATION_CONTEXT('2D SPACE',''
  ) );
#13480 = PCURVE('',#13206,#13481);
#13481 = DEFINITIONAL_REPRESENTATION('',(#13482),#13486);
#13482 = LINE('',#13483,#13484);
#13483 = CARTESIAN_POINT('',(0.,0.));
#13484 = VECTOR('',#13485,1.);
#13485 = DIRECTION('',(1.,0.));
#13486 = ( GEOMETRIC_REPRESENTATION_CONTEXT(2) 
PARAMETRIC_REPRESENTATION_CONTEXT() REPRESENTATION_CONTEXT('2D SPACE',''
  ) );
#13487 = ORIENTED_EDGE('',*,*,#13488,.F.);
#13488 = EDGE_CURVE('',#13441,#13466,#13489,.T.);
#13489 = SURFACE_CURVE('',#13490,(#13494,#13501),.PCURVE_S1.);
#13490 = LINE('',#13491,#13492);
#13491 = CARTESIAN_POINT('',(221.8,17.,14.5));
#13492 = VECTOR('',#13493,1.);
#13493 = DIRECTION('',(0.,0.,1.));
#13494 = PCURVE('',#13179,#13495);
#13495 = DEFINITIONAL_REPRESENTATION('',(#13496),#13500);
#13496 = LINE('',#13497,#13498);
#13497 = CARTESIAN_POINT('',(0.,18.));
#13498 = VECTOR('',#13499,1.);
#13499 = DIRECTION('',(1.,0.));
#13500 = ( GEOMETRIC_REPRESENTATION_CONTEXT(2) 
PARAMETRIC_REPRESENTATION_CONTEXT() REPRESENTATION_CONTEXT('2D SPACE',''
  ) );
#13501 = PCURVE('',#13502,#13507);
#13502 = PLANE('',#13503);
#13503 = AXIS2_PLACEMENT_3D('',#13504,#13505,#13506);
#13504 = CARTESIAN_POINT('',(221.8,17.,14.5));
#13505 = DIRECTION('',(1.,0.,0.));
#13506 = DIRECTION('',(0.,0.,1.));
#13507 = DEFINITIONAL_REPRESENTATION('',(#13508),#13512);
#13508 = LINE('',#13509,#13510);
#13509 = CARTESIAN_POINT('',(0.,0.));
#13510 = VECTOR('',#13511,1.);
#13511 = DIRECTION('',(1.,0.));
#13512 = ( GEOMETRIC_REPRESENTATION_CONTEXT(2) 
PARAMETRIC_REPRESENTATION_CONTEXT() REPRESENTATION_CONTEXT('2D SPACE',''
  ) );
#13513 = ADVANCED_FACE('',(#13514),#13206,.T.);
#13514 = FACE_BOUND('',#13515,.T.);
#13515 = EDGE_LOOP('',(#13516,#13517,#13518,#13541,#13569,#13597,#13618)
  );
#13516 = ORIENTED_EDGE('',*,*,#13192,.F.);
#13517 = ORIENTED_EDGE('',*,*,#13465,.T.);
#13518 = ORIENTED_EDGE('',*,*,#13519,.T.);
#13519 = EDGE_CURVE('',#13466,#13520,#13522,.T.);
#13520 = VERTEX_POINT('',#13521);
#13521 = CARTESIAN_POINT('',(221.8,35.,32.5));
#13522 = SURFACE_CURVE('',#13523,(#13527,#13534),.PCURVE_S1.);
#13523 = LINE('',#13524,#13525);
#13524 = CARTESIAN_POINT('',(221.8,17.,32.5));
#13525 = VECTOR('',#13526,1.);
#13526 = DIRECTION('',(0.,1.,0.));
#13527 = PCURVE('',#13206,#13528);
#13528 = DEFINITIONAL_REPRESENTATION('',(#13529),#13533);
#13529 = LINE('',#13530,#13531);
#13530 = CARTESIAN_POINT('',(18.,0.));
#13531 = VECTOR('',#13532,1.);
#13532 = DIRECTION('',(0.,1.));
#13533 = ( GEOMETRIC_REPRESENTATION_CONTEXT(2) 
PARAMETRIC_REPRESENTATION_CONTEXT() REPRESENTATION_CONTEXT('2D SPACE',''
  ) );
#13534 = PCURVE('',#13502,#13535);
#13535 = DEFINITIONAL_REPRESENTATION('',(#13536),#13540);
#13536 = LINE('',#13537,#13538);
#13537 = CARTESIAN_POINT('',(18.,0.));
#13538 = VECTOR('',#13539,1.);
#13539 = DIRECTION('',(0.,-1.));
#13540 = ( GEOMETRIC_REPRESENTATION_CONTEXT(2) 
PARAMETRIC_REPRESENTATION_CONTEXT() REPRESENTATION_CONTEXT('2D SPACE',''
  ) );
#13541 = ORIENTED_EDGE('',*,*,#13542,.F.);
#13542 = EDGE_CURVE('',#13543,#13520,#13545,.T.);
#13543 = VERTEX_POINT('',#13544);
#13544 = CARTESIAN_POINT('',(219.12455532033,35.,32.5));
#13545 = SURFACE_CURVE('',#13546,(#13550,#13557),.PCURVE_S1.);
#13546 = LINE('',#13547,#13548);
#13547 = CARTESIAN_POINT('',(203.8,35.,32.5));
#13548 = VECTOR('',#13549,1.);
#13549 = DIRECTION('',(1.,0.,0.));
#13550 = PCURVE('',#13206,#13551);
#13551 = DEFINITIONAL_REPRESENTATION('',(#13552),#13556);
#13552 = LINE('',#13553,#13554);
#13553 = CARTESIAN_POINT('',(0.,18.));
#13554 = VECTOR('',#13555,1.);
#13555 = DIRECTION('',(1.,0.));
#13556 = ( GEOMETRIC_REPRESENTATION_CONTEXT(2) 
PARAMETRIC_REPRESENTATION_CONTEXT() REPRESENTATION_CONTEXT('2D SPACE',''
  ) );
#13557 = PCURVE('',#13558,#13563);
#13558 = PLANE('',#13559);
#13559 = AXIS2_PLACEMENT_3D('',#13560,#13561,#13562);
#13560 = CARTESIAN_POINT('',(203.8,35.,14.5));
#13561 = DIRECTION('',(0.,1.,0.));
#13562 = DIRECTION('',(0.,0.,1.));
#13563 = DEFINITIONAL_REPRESENTATION('',(#13564),#13568);
#13564 = LINE('',#13565,#13566);
#13565 = CARTESIAN_POINT('',(18.,0.));
#13566 = VECTOR('',#13567,1.);
#13567 = DIRECTION('',(0.,1.));
#13568 = ( GEOMETRIC_REPRESENTATION_CONTEXT(2) 
PARAMETRIC_REPRESENTATION_CONTEXT() REPRESENTATION_CONTEXT('2D SPACE',''
  ) );
#13569 = ORIENTED_EDGE('',*,*,#13570,.F.);
#13570 = EDGE_CURVE('',#13571,#13543,#13573,.T.);
#13571 = VERTEX_POINT('',#13572);
#13572 = CARTESIAN_POINT('',(206.47544467966,35.,32.5));
#13573 = SURFACE_CURVE('',#13574,(#13578,#13585),.PCURVE_S1.);
#13574 = LINE('',#13575,#13576);
#13575 = CARTESIAN_POINT('',(203.8,35.,32.5));
#13576 = VECTOR('',#13577,1.);
#13577 = DIRECTION('',(1.,0.,0.));
#13578 = PCURVE('',#13206,#13579);
#13579 = DEFINITIONAL_REPRESENTATION('',(#13580),#13584);
#13580 = LINE('',#13581,#13582);
#13581 = CARTESIAN_POINT('',(0.,18.));
#13582 = VECTOR('',#13583,1.);
#13583 = DIRECTION('',(1.,0.));
#13584 = ( GEOMETRIC_REPRESENTATION_CONTEXT(2) 
PARAMETRIC_REPRESENTATION_CONTEXT() REPRESENTATION_CONTEXT('2D SPACE',''
  ) );
#13585 = PCURVE('',#13586,#13591);
#13586 = PLANE('',#13587);
#13587 = AXIS2_PLACEMENT_3D('',#13588,#13589,#13590);
#13588 = CARTESIAN_POINT('',(212.8,35.,23.5));
#13589 = DIRECTION('',(0.,1.,0.));
#13590 = DIRECTION('',(0.,-0.,1.));
#13591 = DEFINITIONAL_REPRESENTATION('',(#13592),#13596);
#13592 = LINE('',#13593,#13594);
#13593 = CARTESIAN_POINT('',(9.,-9.));
#13594 = VECTOR('',#13595,1.);
#13595 = DIRECTION('',(0.,1.));
#13596 = ( GEOMETRIC_REPRESENTATION_CONTEXT(2) 
PARAMETRIC_REPRESENTATION_CONTEXT() REPRESENTATION_CONTEXT('2D SPACE',''
  ) );
#13597 = ORIENTED_EDGE('',*,*,#13598,.F.);
#13598 = EDGE_CURVE('',#13356,#13571,#13599,.T.);
#13599 = SURFACE_CURVE('',#13600,(#13604,#13611),.PCURVE_S1.);
#13600 = LINE('',#13601,#13602);
#13601 = CARTESIAN_POINT('',(203.8,35.,32.5));
#13602 = VECTOR('',#13603,1.);
#13603 = DIRECTION('',(1.,0.,0.));
#13604 = PCURVE('',#13206,#13605);
#13605 = DEFINITIONAL_REPRESENTATION('',(#13606),#13610);
#13606 = LINE('',#13607,#13608);
#13607 = CARTESIAN_POINT('',(0.,18.));
#13608 = VECTOR('',#13609,1.);
#13609 = DIRECTION('',(1.,0.));
#13610 = ( GEOMETRIC_REPRESENTATION_CONTEXT(2) 
PARAMETRIC_REPRESENTATION_CONTEXT() REPRESENTATION_CONTEXT('2D SPACE',''
  ) );
#13611 = PCURVE('',#13421,#13612);
#13612 = DEFINITIONAL_REPRESENTATION('',(#13613),#13617);
#13613 = LINE('',#13614,#13615);
#13614 = CARTESIAN_POINT('',(18.,0.));
#13615 = VECTOR('',#13616,1.);
#13616 = DIRECTION('',(0.,1.));
#13617 = ( GEOMETRIC_REPRESENTATION_CONTEXT(2) 
PARAMETRIC_REPRESENTATION_CONTEXT() REPRESENTATION_CONTEXT('2D SPACE',''
  ) );
#13618 = ORIENTED_EDGE('',*,*,#13355,.F.);
#13619 = ADVANCED_FACE('',(#13620),#13258,.F.);
#13620 = FACE_BOUND('',#13621,.F.);
#13621 = EDGE_LOOP('',(#13622,#13623,#13624,#13647,#13675,#13703,#13724)
  );
#13622 = ORIENTED_EDGE('',*,*,#13244,.F.);
#13623 = ORIENTED_EDGE('',*,*,#13440,.T.);
#13624 = ORIENTED_EDGE('',*,*,#13625,.T.);
#13625 = EDGE_CURVE('',#13441,#13626,#13628,.T.);
#13626 = VERTEX_POINT('',#13627);
#13627 = CARTESIAN_POINT('',(221.8,35.,14.5));
#13628 = SURFACE_CURVE('',#13629,(#13633,#13640),.PCURVE_S1.);
#13629 = LINE('',#13630,#13631);
#13630 = CARTESIAN_POINT('',(221.8,17.,14.5));
#13631 = VECTOR('',#13632,1.);
#13632 = DIRECTION('',(0.,1.,0.));
#13633 = PCURVE('',#13258,#13634);
#13634 = DEFINITIONAL_REPRESENTATION('',(#13635),#13639);
#13635 = LINE('',#13636,#13637);
#13636 = CARTESIAN_POINT('',(18.,0.));
#13637 = VECTOR('',#13638,1.);
#13638 = DIRECTION('',(0.,1.));
#13639 = ( GEOMETRIC_REPRESENTATION_CONTEXT(2) 
PARAMETRIC_REPRESENTATION_CONTEXT() REPRESENTATION_CONTEXT('2D SPACE',''
  ) );
#13640 = PCURVE('',#13502,#13641);
#13641 = DEFINITIONAL_REPRESENTATION('',(#13642),#13646);
#13642 = LINE('',#13643,#13644);
#13643 = CARTESIAN_POINT('',(0.,0.));
#13644 = VECTOR('',#13645,1.);
#13645 = DIRECTION('',(0.,-1.));
#13646 = ( GEOMETRIC_REPRESENTATION_CONTEXT(2) 
PARAMETRIC_REPRESENTATION_CONTEXT() REPRESENTATION_CONTEXT('2D SPACE',''
  ) );
#13647 = ORIENTED_EDGE('',*,*,#13648,.F.);
#13648 = EDGE_CURVE('',#13649,#13626,#13651,.T.);
#13649 = VERTEX_POINT('',#13650);
#13650 = CARTESIAN_POINT('',(219.12455532033,35.,14.5));
#13651 = SURFACE_CURVE('',#13652,(#13656,#13663),.PCURVE_S1.);
#13652 = LINE('',#13653,#13654);
#13653 = CARTESIAN_POINT('',(203.8,35.,14.5));
#13654 = VECTOR('',#13655,1.);
#13655 = DIRECTION('',(1.,0.,0.));
#13656 = PCURVE('',#13258,#13657);
#13657 = DEFINITIONAL_REPRESENTATION('',(#13658),#13662);
#13658 = LINE('',#13659,#13660);
#13659 = CARTESIAN_POINT('',(0.,18.));
#13660 = VECTOR('',#13661,1.);
#13661 = DIRECTION('',(1.,0.));
#13662 = ( GEOMETRIC_REPRESENTATION_CONTEXT(2) 
PARAMETRIC_REPRESENTATION_CONTEXT() REPRESENTATION_CONTEXT('2D SPACE',''
  ) );
#13663 = PCURVE('',#13664,#13669);
#13664 = PLANE('',#13665);
#13665 = AXIS2_PLACEMENT_3D('',#13666,#13667,#13668);
#13666 = CARTESIAN_POINT('',(203.8,35.,14.5));
#13667 = DIRECTION('',(0.,1.,0.));
#13668 = DIRECTION('',(0.,0.,1.));
#13669 = DEFINITIONAL_REPRESENTATION('',(#13670),#13674);
#13670 = LINE('',#13671,#13672);
#13671 = CARTESIAN_POINT('',(0.,0.));
#13672 = VECTOR('',#13673,1.);
#13673 = DIRECTION('',(0.,1.));
#13674 = ( GEOMETRIC_REPRESENTATION_CONTEXT(2) 
PARAMETRIC_REPRESENTATION_CONTEXT() REPRESENTATION_CONTEXT('2D SPACE',''
  ) );
#13675 = ORIENTED_EDGE('',*,*,#13676,.F.);
#13676 = EDGE_CURVE('',#13677,#13649,#13679,.T.);
#13677 = VERTEX_POINT('',#13678);
#13678 = CARTESIAN_POINT('',(206.47544467966,35.,14.5));
#13679 = SURFACE_CURVE('',#13680,(#13684,#13691),.PCURVE_S1.);
#13680 = LINE('',#13681,#13682);
#13681 = CARTESIAN_POINT('',(203.8,35.,14.5));
#13682 = VECTOR('',#13683,1.);
#13683 = DIRECTION('',(1.,0.,0.));
#13684 = PCURVE('',#13258,#13685);
#13685 = DEFINITIONAL_REPRESENTATION('',(#13686),#13690);
#13686 = LINE('',#13687,#13688);
#13687 = CARTESIAN_POINT('',(0.,18.));
#13688 = VECTOR('',#13689,1.);
#13689 = DIRECTION('',(1.,0.));
#13690 = ( GEOMETRIC_REPRESENTATION_CONTEXT(2) 
PARAMETRIC_REPRESENTATION_CONTEXT() REPRESENTATION_CONTEXT('2D SPACE',''
  ) );
#13691 = PCURVE('',#13692,#13697);
#13692 = PLANE('',#13693);
#13693 = AXIS2_PLACEMENT_3D('',#13694,#13695,#13696);
#13694 = CARTESIAN_POINT('',(212.8,35.,23.5));
#13695 = DIRECTION('',(0.,1.,0.));
#13696 = DIRECTION('',(0.,-0.,1.));
#13697 = DEFINITIONAL_REPRESENTATION('',(#13698),#13702);
#13698 = LINE('',#13699,#13700);
#13699 = CARTESIAN_POINT('',(-9.,-9.));
#13700 = VECTOR('',#13701,1.);
#13701 = DIRECTION('',(0.,1.));
#13702 = ( GEOMETRIC_REPRESENTATION_CONTEXT(2) 
PARAMETRIC_REPRESENTATION_CONTEXT() REPRESENTATION_CONTEXT('2D SPACE',''
  ) );
#13703 = ORIENTED_EDGE('',*,*,#13704,.F.);
#13704 = EDGE_CURVE('',#13276,#13677,#13705,.T.);
#13705 = SURFACE_CURVE('',#13706,(#13710,#13717),.PCURVE_S1.);
#13706 = LINE('',#13707,#13708);
#13707 = CARTESIAN_POINT('',(203.8,35.,14.5));
#13708 = VECTOR('',#13709,1.);
#13709 = DIRECTION('',(1.,0.,0.));
#13710 = PCURVE('',#13258,#13711);
#13711 = DEFINITIONAL_REPRESENTATION('',(#13712),#13716);
#13712 = LINE('',#13713,#13714);
#13713 = CARTESIAN_POINT('',(0.,18.));
#13714 = VECTOR('',#13715,1.);
#13715 = DIRECTION('',(1.,0.));
#13716 = ( GEOMETRIC_REPRESENTATION_CONTEXT(2) 
PARAMETRIC_REPRESENTATION_CONTEXT() REPRESENTATION_CONTEXT('2D SPACE',''
  ) );
#13717 = PCURVE('',#13314,#13718);
#13718 = DEFINITIONAL_REPRESENTATION('',(#13719),#13723);
#13719 = LINE('',#13720,#13721);
#13720 = CARTESIAN_POINT('',(0.,0.));
#13721 = VECTOR('',#13722,1.);
#13722 = DIRECTION('',(0.,1.));
#13723 = ( GEOMETRIC_REPRESENTATION_CONTEXT(2) 
PARAMETRIC_REPRESENTATION_CONTEXT() REPRESENTATION_CONTEXT('2D SPACE',''
  ) );
#13724 = ORIENTED_EDGE('',*,*,#13275,.F.);
#13725 = ADVANCED_FACE('',(#13726),#13314,.T.);
#13726 = FACE_BOUND('',#13727,.T.);
#13727 = EDGE_LOOP('',(#13728,#13729,#13730));
#13728 = ORIENTED_EDGE('',*,*,#13704,.F.);
#13729 = ORIENTED_EDGE('',*,*,#13298,.T.);
#13730 = ORIENTED_EDGE('',*,*,#13731,.F.);
#13731 = EDGE_CURVE('',#13677,#13299,#13732,.T.);
#13732 = SURFACE_CURVE('',#13733,(#13738,#13745),.PCURVE_S1.);
#13733 = CIRCLE('',#13734,11.);
#13734 = AXIS2_PLACEMENT_3D('',#13735,#13736,#13737);
#13735 = CARTESIAN_POINT('',(212.8,35.,23.5));
#13736 = DIRECTION('',(0.,1.,0.));
#13737 = DIRECTION('',(0.,-0.,1.));
#13738 = PCURVE('',#13314,#13739);
#13739 = DEFINITIONAL_REPRESENTATION('',(#13740),#13744);
#13740 = CIRCLE('',#13741,11.);
#13741 = AXIS2_PLACEMENT_2D('',#13742,#13743);
#13742 = CARTESIAN_POINT('',(9.,9.));
#13743 = DIRECTION('',(1.,0.));
#13744 = ( GEOMETRIC_REPRESENTATION_CONTEXT(2) 
PARAMETRIC_REPRESENTATION_CONTEXT() REPRESENTATION_CONTEXT('2D SPACE',''
  ) );
#13745 = PCURVE('',#13746,#13751);
#13746 = CYLINDRICAL_SURFACE('',#13747,11.);
#13747 = AXIS2_PLACEMENT_3D('',#13748,#13749,#13750);
#13748 = CARTESIAN_POINT('',(212.8,35.,23.5));
#13749 = DIRECTION('',(0.,1.,0.));
#13750 = DIRECTION('',(0.,-0.,1.));
#13751 = DEFINITIONAL_REPRESENTATION('',(#13752),#13756);
#13752 = LINE('',#13753,#13754);
#13753 = CARTESIAN_POINT('',(0.,0.));
#13754 = VECTOR('',#13755,1.);
#13755 = DIRECTION('',(1.,0.));
#13756 = ( GEOMETRIC_REPRESENTATION_CONTEXT(2) 
PARAMETRIC_REPRESENTATION_CONTEXT() REPRESENTATION_CONTEXT('2D SPACE',''
  ) );
#13757 = ADVANCED_FACE('',(#13758),#13340,.F.);
#13758 = FACE_BOUND('',#13759,.F.);
#13759 = EDGE_LOOP('',(#13760,#13784,#13803));
#13760 = ORIENTED_EDGE('',*,*,#13761,.T.);
#13761 = EDGE_CURVE('',#13299,#13762,#13764,.T.);
#13762 = VERTEX_POINT('',#13763);
#13763 = CARTESIAN_POINT('',(201.8,35.,23.5));
#13764 = SURFACE_CURVE('',#13765,(#13770,#13777),.PCURVE_S1.);
#13765 = CIRCLE('',#13766,11.);
#13766 = AXIS2_PLACEMENT_3D('',#13767,#13768,#13769);
#13767 = CARTESIAN_POINT('',(212.8,35.,23.5));
#13768 = DIRECTION('',(0.,1.,0.));
#13769 = DIRECTION('',(0.,-0.,1.));
#13770 = PCURVE('',#13340,#13771);
#13771 = DEFINITIONAL_REPRESENTATION('',(#13772),#13776);
#13772 = CIRCLE('',#13773,11.);
#13773 = AXIS2_PLACEMENT_2D('',#13774,#13775);
#13774 = CARTESIAN_POINT('',(0.,0.));
#13775 = DIRECTION('',(1.,0.));
#13776 = ( GEOMETRIC_REPRESENTATION_CONTEXT(2) 
PARAMETRIC_REPRESENTATION_CONTEXT() REPRESENTATION_CONTEXT('2D SPACE',''
  ) );
#13777 = PCURVE('',#13746,#13778);
#13778 = DEFINITIONAL_REPRESENTATION('',(#13779),#13783);
#13779 = LINE('',#13780,#13781);
#13780 = CARTESIAN_POINT('',(0.,0.));
#13781 = VECTOR('',#13782,1.);
#13782 = DIRECTION('',(1.,0.));
#13783 = ( GEOMETRIC_REPRESENTATION_CONTEXT(2) 
PARAMETRIC_REPRESENTATION_CONTEXT() REPRESENTATION_CONTEXT('2D SPACE',''
  ) );
#13784 = ORIENTED_EDGE('',*,*,#13785,.T.);
#13785 = EDGE_CURVE('',#13762,#13076,#13786,.T.);
#13786 = SURFACE_CURVE('',#13787,(#13791,#13797),.PCURVE_S1.);
#13787 = LINE('',#13788,#13789);
#13788 = CARTESIAN_POINT('',(195.,35.,23.5));
#13789 = VECTOR('',#13790,1.);
#13790 = DIRECTION('',(1.,0.,0.));
#13791 = PCURVE('',#13340,#13792);
#13792 = DEFINITIONAL_REPRESENTATION('',(#13793),#13796);
#13793 = B_SPLINE_CURVE_WITH_KNOTS('',1,(#13794,#13795),.UNSPECIFIED.,
  .F.,.F.,(2,2),(4.6,8.8000006),.PIECEWISE_BEZIER_KNOTS.);
#13794 = CARTESIAN_POINT('',(0.,-13.2));
#13795 = CARTESIAN_POINT('',(0.,-8.9999994));
#13796 = ( GEOMETRIC_REPRESENTATION_CONTEXT(2) 
PARAMETRIC_REPRESENTATION_CONTEXT() REPRESENTATION_CONTEXT('2D SPACE',''
  ) );
#13797 = PCURVE('',#13395,#13798);
#13798 = DEFINITIONAL_REPRESENTATION('',(#13799),#13802);
#13799 = B_SPLINE_CURVE_WITH_KNOTS('',1,(#13800,#13801),.UNSPECIFIED.,
  .F.,.F.,(2,2),(4.6,8.8000006),.PIECEWISE_BEZIER_KNOTS.);
#13800 = CARTESIAN_POINT('',(0.,-13.2));
#13801 = CARTESIAN_POINT('',(0.,-8.9999994));
#13802 = ( GEOMETRIC_REPRESENTATION_CONTEXT(2) 
PARAMETRIC_REPRESENTATION_CONTEXT() REPRESENTATION_CONTEXT('2D SPACE',''
  ) );
#13803 = ORIENTED_EDGE('',*,*,#13326,.F.);
#13804 = ADVANCED_FACE('',(#13805),#13395,.F.);
#13805 = FACE_BOUND('',#13806,.F.);
#13806 = EDGE_LOOP('',(#13807,#13829,#13830));
#13807 = ORIENTED_EDGE('',*,*,#13808,.T.);
#13808 = EDGE_CURVE('',#13762,#13380,#13809,.T.);
#13809 = SURFACE_CURVE('',#13810,(#13815,#13822),.PCURVE_S1.);
#13810 = CIRCLE('',#13811,11.);
#13811 = AXIS2_PLACEMENT_3D('',#13812,#13813,#13814);
#13812 = CARTESIAN_POINT('',(212.8,35.,23.5));
#13813 = DIRECTION('',(0.,1.,0.));
#13814 = DIRECTION('',(0.,-0.,1.));
#13815 = PCURVE('',#13395,#13816);
#13816 = DEFINITIONAL_REPRESENTATION('',(#13817),#13821);
#13817 = CIRCLE('',#13818,11.);
#13818 = AXIS2_PLACEMENT_2D('',#13819,#13820);
#13819 = CARTESIAN_POINT('',(0.,0.));
#13820 = DIRECTION('',(1.,0.));
#13821 = ( GEOMETRIC_REPRESENTATION_CONTEXT(2) 
PARAMETRIC_REPRESENTATION_CONTEXT() REPRESENTATION_CONTEXT('2D SPACE',''
  ) );
#13822 = PCURVE('',#13746,#13823);
#13823 = DEFINITIONAL_REPRESENTATION('',(#13824),#13828);
#13824 = LINE('',#13825,#13826);
#13825 = CARTESIAN_POINT('',(0.,0.));
#13826 = VECTOR('',#13827,1.);
#13827 = DIRECTION('',(1.,0.));
#13828 = ( GEOMETRIC_REPRESENTATION_CONTEXT(2) 
PARAMETRIC_REPRESENTATION_CONTEXT() REPRESENTATION_CONTEXT('2D SPACE',''
  ) );
#13829 = ORIENTED_EDGE('',*,*,#13379,.F.);
#13830 = ORIENTED_EDGE('',*,*,#13785,.F.);
#13831 = ADVANCED_FACE('',(#13832),#13421,.T.);
#13832 = FACE_BOUND('',#13833,.T.);
#13833 = EDGE_LOOP('',(#13834,#13856,#13857));
#13834 = ORIENTED_EDGE('',*,*,#13835,.F.);
#13835 = EDGE_CURVE('',#13380,#13571,#13836,.T.);
#13836 = SURFACE_CURVE('',#13837,(#13842,#13849),.PCURVE_S1.);
#13837 = CIRCLE('',#13838,11.);
#13838 = AXIS2_PLACEMENT_3D('',#13839,#13840,#13841);
#13839 = CARTESIAN_POINT('',(212.8,35.,23.5));
#13840 = DIRECTION('',(0.,1.,0.));
#13841 = DIRECTION('',(0.,-0.,1.));
#13842 = PCURVE('',#13421,#13843);
#13843 = DEFINITIONAL_REPRESENTATION('',(#13844),#13848);
#13844 = CIRCLE('',#13845,11.);
#13845 = AXIS2_PLACEMENT_2D('',#13846,#13847);
#13846 = CARTESIAN_POINT('',(9.,9.));
#13847 = DIRECTION('',(1.,0.));
#13848 = ( GEOMETRIC_REPRESENTATION_CONTEXT(2) 
PARAMETRIC_REPRESENTATION_CONTEXT() REPRESENTATION_CONTEXT('2D SPACE',''
  ) );
#13849 = PCURVE('',#13746,#13850);
#13850 = DEFINITIONAL_REPRESENTATION('',(#13851),#13855);
#13851 = LINE('',#13852,#13853);
#13852 = CARTESIAN_POINT('',(0.,0.));
#13853 = VECTOR('',#13854,1.);
#13854 = DIRECTION('',(1.,0.));
#13855 = ( GEOMETRIC_REPRESENTATION_CONTEXT(2) 
PARAMETRIC_REPRESENTATION_CONTEXT() REPRESENTATION_CONTEXT('2D SPACE',''
  ) );
#13856 = ORIENTED_EDGE('',*,*,#13407,.T.);
#13857 = ORIENTED_EDGE('',*,*,#13598,.T.);
#13858 = ADVANCED_FACE('',(#13859),#13502,.T.);
#13859 = FACE_BOUND('',#13860,.T.);
#13860 = EDGE_LOOP('',(#13861,#13862,#13863,#13886,#13914,#13935));
#13861 = ORIENTED_EDGE('',*,*,#13488,.F.);
#13862 = ORIENTED_EDGE('',*,*,#13625,.T.);
#13863 = ORIENTED_EDGE('',*,*,#13864,.T.);
#13864 = EDGE_CURVE('',#13626,#13865,#13867,.T.);
#13865 = VERTEX_POINT('',#13866);
#13866 = CARTESIAN_POINT('',(221.8,35.,17.175444679664));
#13867 = SURFACE_CURVE('',#13868,(#13872,#13879),.PCURVE_S1.);
#13868 = LINE('',#13869,#13870);
#13869 = CARTESIAN_POINT('',(221.8,35.,14.5));
#13870 = VECTOR('',#13871,1.);
#13871 = DIRECTION('',(0.,0.,1.));
#13872 = PCURVE('',#13502,#13873);
#13873 = DEFINITIONAL_REPRESENTATION('',(#13874),#13878);
#13874 = LINE('',#13875,#13876);
#13875 = CARTESIAN_POINT('',(0.,-18.));
#13876 = VECTOR('',#13877,1.);
#13877 = DIRECTION('',(1.,0.));
#13878 = ( GEOMETRIC_REPRESENTATION_CONTEXT(2) 
PARAMETRIC_REPRESENTATION_CONTEXT() REPRESENTATION_CONTEXT('2D SPACE',''
  ) );
#13879 = PCURVE('',#13664,#13880);
#13880 = DEFINITIONAL_REPRESENTATION('',(#13881),#13885);
#13881 = LINE('',#13882,#13883);
#13882 = CARTESIAN_POINT('',(0.,18.));
#13883 = VECTOR('',#13884,1.);
#13884 = DIRECTION('',(1.,0.));
#13885 = ( GEOMETRIC_REPRESENTATION_CONTEXT(2) 
PARAMETRIC_REPRESENTATION_CONTEXT() REPRESENTATION_CONTEXT('2D SPACE',''
  ) );
#13886 = ORIENTED_EDGE('',*,*,#13887,.T.);
#13887 = EDGE_CURVE('',#13865,#13888,#13890,.T.);
#13888 = VERTEX_POINT('',#13889);
#13889 = CARTESIAN_POINT('',(221.8,35.,29.824555320337));
#13890 = SURFACE_CURVE('',#13891,(#13895,#13902),.PCURVE_S1.);
#13891 = LINE('',#13892,#13893);
#13892 = CARTESIAN_POINT('',(221.8,35.,14.5));
#13893 = VECTOR('',#13894,1.);
#13894 = DIRECTION('',(0.,0.,1.));
#13895 = PCURVE('',#13502,#13896);
#13896 = DEFINITIONAL_REPRESENTATION('',(#13897),#13901);
#13897 = LINE('',#13898,#13899);
#13898 = CARTESIAN_POINT('',(0.,-18.));
#13899 = VECTOR('',#13900,1.);
#13900 = DIRECTION('',(1.,0.));
#13901 = ( GEOMETRIC_REPRESENTATION_CONTEXT(2) 
PARAMETRIC_REPRESENTATION_CONTEXT() REPRESENTATION_CONTEXT('2D SPACE',''
  ) );
#13902 = PCURVE('',#13903,#13908);
#13903 = PLANE('',#13904);
#13904 = AXIS2_PLACEMENT_3D('',#13905,#13906,#13907);
#13905 = CARTESIAN_POINT('',(212.8,35.,23.5));
#13906 = DIRECTION('',(0.,1.,0.));
#13907 = DIRECTION('',(0.,-0.,1.));
#13908 = DEFINITIONAL_REPRESENTATION('',(#13909),#13913);
#13909 = LINE('',#13910,#13911);
#13910 = CARTESIAN_POINT('',(-9.,9.));
#13911 = VECTOR('',#13912,1.);
#13912 = DIRECTION('',(1.,0.));
#13913 = ( GEOMETRIC_REPRESENTATION_CONTEXT(2) 
PARAMETRIC_REPRESENTATION_CONTEXT() REPRESENTATION_CONTEXT('2D SPACE',''
  ) );
#13914 = ORIENTED_EDGE('',*,*,#13915,.T.);
#13915 = EDGE_CURVE('',#13888,#13520,#13916,.T.);
#13916 = SURFACE_CURVE('',#13917,(#13921,#13928),.PCURVE_S1.);
#13917 = LINE('',#13918,#13919);
#13918 = CARTESIAN_POINT('',(221.8,35.,14.5));
#13919 = VECTOR('',#13920,1.);
#13920 = DIRECTION('',(0.,0.,1.));
#13921 = PCURVE('',#13502,#13922);
#13922 = DEFINITIONAL_REPRESENTATION('',(#13923),#13927);
#13923 = LINE('',#13924,#13925);
#13924 = CARTESIAN_POINT('',(0.,-18.));
#13925 = VECTOR('',#13926,1.);
#13926 = DIRECTION('',(1.,0.));
#13927 = ( GEOMETRIC_REPRESENTATION_CONTEXT(2) 
PARAMETRIC_REPRESENTATION_CONTEXT() REPRESENTATION_CONTEXT('2D SPACE',''
  ) );
#13928 = PCURVE('',#13558,#13929);
#13929 = DEFINITIONAL_REPRESENTATION('',(#13930),#13934);
#13930 = LINE('',#13931,#13932);
#13931 = CARTESIAN_POINT('',(0.,18.));
#13932 = VECTOR('',#13933,1.);
#13933 = DIRECTION('',(1.,0.));
#13934 = ( GEOMETRIC_REPRESENTATION_CONTEXT(2) 
PARAMETRIC_REPRESENTATION_CONTEXT() REPRESENTATION_CONTEXT('2D SPACE',''
  ) );
#13935 = ORIENTED_EDGE('',*,*,#13519,.F.);
#13936 = ADVANCED_FACE('',(#13937),#13586,.F.);
#13937 = FACE_BOUND('',#13938,.F.);
#13938 = EDGE_LOOP('',(#13939,#13963,#13985));
#13939 = ORIENTED_EDGE('',*,*,#13940,.T.);
#13940 = EDGE_CURVE('',#13571,#13941,#13943,.T.);
#13941 = VERTEX_POINT('',#13942);
#13942 = CARTESIAN_POINT('',(212.8,35.,34.5));
#13943 = SURFACE_CURVE('',#13944,(#13949,#13956),.PCURVE_S1.);
#13944 = CIRCLE('',#13945,11.);
#13945 = AXIS2_PLACEMENT_3D('',#13946,#13947,#13948);
#13946 = CARTESIAN_POINT('',(212.8,35.,23.5));
#13947 = DIRECTION('',(0.,1.,0.));
#13948 = DIRECTION('',(0.,-0.,1.));
#13949 = PCURVE('',#13586,#13950);
#13950 = DEFINITIONAL_REPRESENTATION('',(#13951),#13955);
#13951 = CIRCLE('',#13952,11.);
#13952 = AXIS2_PLACEMENT_2D('',#13953,#13954);
#13953 = CARTESIAN_POINT('',(0.,0.));
#13954 = DIRECTION('',(1.,0.));
#13955 = ( GEOMETRIC_REPRESENTATION_CONTEXT(2) 
PARAMETRIC_REPRESENTATION_CONTEXT() REPRESENTATION_CONTEXT('2D SPACE',''
  ) );
#13956 = PCURVE('',#13746,#13957);
#13957 = DEFINITIONAL_REPRESENTATION('',(#13958),#13962);
#13958 = LINE('',#13959,#13960);
#13959 = CARTESIAN_POINT('',(0.,0.));
#13960 = VECTOR('',#13961,1.);
#13961 = DIRECTION('',(1.,0.));
#13962 = ( GEOMETRIC_REPRESENTATION_CONTEXT(2) 
PARAMETRIC_REPRESENTATION_CONTEXT() REPRESENTATION_CONTEXT('2D SPACE',''
  ) );
#13963 = ORIENTED_EDGE('',*,*,#13964,.T.);
#13964 = EDGE_CURVE('',#13941,#13543,#13965,.T.);
#13965 = SURFACE_CURVE('',#13966,(#13971,#13978),.PCURVE_S1.);
#13966 = CIRCLE('',#13967,11.);
#13967 = AXIS2_PLACEMENT_3D('',#13968,#13969,#13970);
#13968 = CARTESIAN_POINT('',(212.8,35.,23.5));
#13969 = DIRECTION('',(0.,1.,0.));
#13970 = DIRECTION('',(0.,-0.,1.));
#13971 = PCURVE('',#13586,#13972);
#13972 = DEFINITIONAL_REPRESENTATION('',(#13973),#13977);
#13973 = CIRCLE('',#13974,11.);
#13974 = AXIS2_PLACEMENT_2D('',#13975,#13976);
#13975 = CARTESIAN_POINT('',(0.,0.));
#13976 = DIRECTION('',(1.,0.));
#13977 = ( GEOMETRIC_REPRESENTATION_CONTEXT(2) 
PARAMETRIC_REPRESENTATION_CONTEXT() REPRESENTATION_CONTEXT('2D SPACE',''
  ) );
#13978 = PCURVE('',#13746,#13979);
#13979 = DEFINITIONAL_REPRESENTATION('',(#13980),#13984);
#13980 = LINE('',#13981,#13982);
#13981 = CARTESIAN_POINT('',(0.,0.));
#13982 = VECTOR('',#13983,1.);
#13983 = DIRECTION('',(1.,0.));
#13984 = ( GEOMETRIC_REPRESENTATION_CONTEXT(2) 
PARAMETRIC_REPRESENTATION_CONTEXT() REPRESENTATION_CONTEXT('2D SPACE',''
  ) );
#13985 = ORIENTED_EDGE('',*,*,#13570,.F.);
#13986 = ADVANCED_FACE('',(#13987),#13558,.T.);
#13987 = FACE_BOUND('',#13988,.T.);
#13988 = EDGE_LOOP('',(#13989,#13990,#14012));
#13989 = ORIENTED_EDGE('',*,*,#13915,.F.);
#13990 = ORIENTED_EDGE('',*,*,#13991,.F.);
#13991 = EDGE_CURVE('',#13543,#13888,#13992,.T.);
#13992 = SURFACE_CURVE('',#13993,(#13998,#14005),.PCURVE_S1.);
#13993 = CIRCLE('',#13994,11.);
#13994 = AXIS2_PLACEMENT_3D('',#13995,#13996,#13997);
#13995 = CARTESIAN_POINT('',(212.8,35.,23.5));
#13996 = DIRECTION('',(0.,1.,0.));
#13997 = DIRECTION('',(0.,-0.,1.));
#13998 = PCURVE('',#13558,#13999);
#13999 = DEFINITIONAL_REPRESENTATION('',(#14000),#14004);
#14000 = CIRCLE('',#14001,11.);
#14001 = AXIS2_PLACEMENT_2D('',#14002,#14003);
#14002 = CARTESIAN_POINT('',(9.,9.));
#14003 = DIRECTION('',(1.,0.));
#14004 = ( GEOMETRIC_REPRESENTATION_CONTEXT(2) 
PARAMETRIC_REPRESENTATION_CONTEXT() REPRESENTATION_CONTEXT('2D SPACE',''
  ) );
#14005 = PCURVE('',#13746,#14006);
#14006 = DEFINITIONAL_REPRESENTATION('',(#14007),#14011);
#14007 = LINE('',#14008,#14009);
#14008 = CARTESIAN_POINT('',(0.,0.));
#14009 = VECTOR('',#14010,1.);
#14010 = DIRECTION('',(1.,0.));
#14011 = ( GEOMETRIC_REPRESENTATION_CONTEXT(2) 
PARAMETRIC_REPRESENTATION_CONTEXT() REPRESENTATION_CONTEXT('2D SPACE',''
  ) );
#14012 = ORIENTED_EDGE('',*,*,#13542,.T.);
#14013 = ADVANCED_FACE('',(#14014),#13692,.F.);
#14014 = FACE_BOUND('',#14015,.F.);
#14015 = EDGE_LOOP('',(#14016,#14017));
#14016 = ORIENTED_EDGE('',*,*,#13676,.T.);
#14017 = ORIENTED_EDGE('',*,*,#14018,.T.);
#14018 = EDGE_CURVE('',#13649,#13677,#14019,.T.);
#14019 = SURFACE_CURVE('',#14020,(#14025,#14032),.PCURVE_S1.);
#14020 = CIRCLE('',#14021,11.);
#14021 = AXIS2_PLACEMENT_3D('',#14022,#14023,#14024);
#14022 = CARTESIAN_POINT('',(212.8,35.,23.5));
#14023 = DIRECTION('',(0.,1.,0.));
#14024 = DIRECTION('',(0.,-0.,1.));
#14025 = PCURVE('',#13692,#14026);
#14026 = DEFINITIONAL_REPRESENTATION('',(#14027),#14031);
#14027 = CIRCLE('',#14028,11.);
#14028 = AXIS2_PLACEMENT_2D('',#14029,#14030);
#14029 = CARTESIAN_POINT('',(0.,0.));
#14030 = DIRECTION('',(1.,0.));
#14031 = ( GEOMETRIC_REPRESENTATION_CONTEXT(2) 
PARAMETRIC_REPRESENTATION_CONTEXT() REPRESENTATION_CONTEXT('2D SPACE',''
  ) );
#14032 = PCURVE('',#13746,#14033);
#14033 = DEFINITIONAL_REPRESENTATION('',(#14034),#14038);
#14034 = LINE('',#14035,#14036);
#14035 = CARTESIAN_POINT('',(0.,0.));
#14036 = VECTOR('',#14037,1.);
#14037 = DIRECTION('',(1.,0.));
#14038 = ( GEOMETRIC_REPRESENTATION_CONTEXT(2) 
PARAMETRIC_REPRESENTATION_CONTEXT() REPRESENTATION_CONTEXT('2D SPACE',''
  ) );
#14039 = ADVANCED_FACE('',(#14040),#13664,.T.);
#14040 = FACE_BOUND('',#14041,.T.);
#14041 = EDGE_LOOP('',(#14042,#14043,#14065));
#14042 = ORIENTED_EDGE('',*,*,#13648,.F.);
#14043 = ORIENTED_EDGE('',*,*,#14044,.F.);
#14044 = EDGE_CURVE('',#13865,#13649,#14045,.T.);
#14045 = SURFACE_CURVE('',#14046,(#14051,#14058),.PCURVE_S1.);
#14046 = CIRCLE('',#14047,11.);
#14047 = AXIS2_PLACEMENT_3D('',#14048,#14049,#14050);
#14048 = CARTESIAN_POINT('',(212.8,35.,23.5));
#14049 = DIRECTION('',(0.,1.,0.));
#14050 = DIRECTION('',(0.,-0.,1.));
#14051 = PCURVE('',#13664,#14052);
#14052 = DEFINITIONAL_REPRESENTATION('',(#14053),#14057);
#14053 = CIRCLE('',#14054,11.);
#14054 = AXIS2_PLACEMENT_2D('',#14055,#14056);
#14055 = CARTESIAN_POINT('',(9.,9.));
#14056 = DIRECTION('',(1.,0.));
#14057 = ( GEOMETRIC_REPRESENTATION_CONTEXT(2) 
PARAMETRIC_REPRESENTATION_CONTEXT() REPRESENTATION_CONTEXT('2D SPACE',''
  ) );
#14058 = PCURVE('',#13746,#14059);
#14059 = DEFINITIONAL_REPRESENTATION('',(#14060),#14064);
#14060 = LINE('',#14061,#14062);
#14061 = CARTESIAN_POINT('',(0.,0.));
#14062 = VECTOR('',#14063,1.);
#14063 = DIRECTION('',(1.,0.));
#14064 = ( GEOMETRIC_REPRESENTATION_CONTEXT(2) 
PARAMETRIC_REPRESENTATION_CONTEXT() REPRESENTATION_CONTEXT('2D SPACE',''
  ) );
#14065 = ORIENTED_EDGE('',*,*,#13864,.F.);
#14066 = ADVANCED_FACE('',(#14067),#13746,.T.);
#14067 = FACE_BOUND('',#14068,.T.);
#14068 = EDGE_LOOP('',(#14069,#14092,#14119,#14120,#14121,#14122,#14144,
    #14145,#14146,#14147,#14148,#14149,#14150));
#14069 = ORIENTED_EDGE('',*,*,#14070,.T.);
#14070 = EDGE_CURVE('',#13941,#14071,#14073,.T.);
#14071 = VERTEX_POINT('',#14072);
#14072 = CARTESIAN_POINT('',(212.8,47.2,34.5));
#14073 = SEAM_CURVE('',#14074,(#14078,#14085),.PCURVE_S1.);
#14074 = LINE('',#14075,#14076);
#14075 = CARTESIAN_POINT('',(212.8,35.,34.5));
#14076 = VECTOR('',#14077,1.);
#14077 = DIRECTION('',(0.,1.,0.));
#14078 = PCURVE('',#13746,#14079);
#14079 = DEFINITIONAL_REPRESENTATION('',(#14080),#14084);
#14080 = LINE('',#14081,#14082);
#14081 = CARTESIAN_POINT('',(6.28318530718,-0.));
#14082 = VECTOR('',#14083,1.);
#14083 = DIRECTION('',(0.,1.));
#14084 = ( GEOMETRIC_REPRESENTATION_CONTEXT(2) 
PARAMETRIC_REPRESENTATION_CONTEXT() REPRESENTATION_CONTEXT('2D SPACE',''
  ) );
#14085 = PCURVE('',#13746,#14086);
#14086 = DEFINITIONAL_REPRESENTATION('',(#14087),#14091);
#14087 = LINE('',#14088,#14089);
#14088 = CARTESIAN_POINT('',(0.,-0.));
#14089 = VECTOR('',#14090,1.);
#14090 = DIRECTION('',(0.,1.));
#14091 = ( GEOMETRIC_REPRESENTATION_CONTEXT(2) 
PARAMETRIC_REPRESENTATION_CONTEXT() REPRESENTATION_CONTEXT('2D SPACE',''
  ) );
#14092 = ORIENTED_EDGE('',*,*,#14093,.F.);
#14093 = EDGE_CURVE('',#14071,#14071,#14094,.T.);
#14094 = SURFACE_CURVE('',#14095,(#14100,#14107),.PCURVE_S1.);
#14095 = CIRCLE('',#14096,11.);
#14096 = AXIS2_PLACEMENT_3D('',#14097,#14098,#14099);
#14097 = CARTESIAN_POINT('',(212.8,47.2,23.5));
#14098 = DIRECTION('',(0.,1.,0.));
#14099 = DIRECTION('',(0.,-0.,1.));
#14100 = PCURVE('',#13746,#14101);
#14101 = DEFINITIONAL_REPRESENTATION('',(#14102),#14106);
#14102 = LINE('',#14103,#14104);
#14103 = CARTESIAN_POINT('',(0.,12.2));
#14104 = VECTOR('',#14105,1.);
#14105 = DIRECTION('',(1.,0.));
#14106 = ( GEOMETRIC_REPRESENTATION_CONTEXT(2) 
PARAMETRIC_REPRESENTATION_CONTEXT() REPRESENTATION_CONTEXT('2D SPACE',''
  ) );
#14107 = PCURVE('',#14108,#14113);
#14108 = PLANE('',#14109);
#14109 = AXIS2_PLACEMENT_3D('',#14110,#14111,#14112);
#14110 = CARTESIAN_POINT('',(212.8,47.2,23.5));
#14111 = DIRECTION('',(0.,1.,0.));
#14112 = DIRECTION('',(0.,-0.,1.));
#14113 = DEFINITIONAL_REPRESENTATION('',(#14114),#14118);
#14114 = CIRCLE('',#14115,11.);
#14115 = AXIS2_PLACEMENT_2D('',#14116,#14117);
#14116 = CARTESIAN_POINT('',(0.,0.));
#14117 = DIRECTION('',(1.,0.));
#14118 = ( GEOMETRIC_REPRESENTATION_CONTEXT(2) 
PARAMETRIC_REPRESENTATION_CONTEXT() REPRESENTATION_CONTEXT('2D SPACE',''
  ) );
#14119 = ORIENTED_EDGE('',*,*,#14070,.F.);
#14120 = ORIENTED_EDGE('',*,*,#13964,.T.);
#14121 = ORIENTED_EDGE('',*,*,#13991,.T.);
#14122 = ORIENTED_EDGE('',*,*,#14123,.T.);
#14123 = EDGE_CURVE('',#13888,#13865,#14124,.T.);
#14124 = SURFACE_CURVE('',#14125,(#14130,#14137),.PCURVE_S1.);
#14125 = CIRCLE('',#14126,11.);
#14126 = AXIS2_PLACEMENT_3D('',#14127,#14128,#14129);
#14127 = CARTESIAN_POINT('',(212.8,35.,23.5));
#14128 = DIRECTION('',(0.,1.,0.));
#14129 = DIRECTION('',(0.,-0.,1.));
#14130 = PCURVE('',#13746,#14131);
#14131 = DEFINITIONAL_REPRESENTATION('',(#14132),#14136);
#14132 = LINE('',#14133,#14134);
#14133 = CARTESIAN_POINT('',(0.,0.));
#14134 = VECTOR('',#14135,1.);
#14135 = DIRECTION('',(1.,0.));
#14136 = ( GEOMETRIC_REPRESENTATION_CONTEXT(2) 
PARAMETRIC_REPRESENTATION_CONTEXT() REPRESENTATION_CONTEXT('2D SPACE',''
  ) );
#14137 = PCURVE('',#13903,#14138);
#14138 = DEFINITIONAL_REPRESENTATION('',(#14139),#14143);
#14139 = CIRCLE('',#14140,11.);
#14140 = AXIS2_PLACEMENT_2D('',#14141,#14142);
#14141 = CARTESIAN_POINT('',(0.,0.));
#14142 = DIRECTION('',(1.,0.));
#14143 = ( GEOMETRIC_REPRESENTATION_CONTEXT(2) 
PARAMETRIC_REPRESENTATION_CONTEXT() REPRESENTATION_CONTEXT('2D SPACE',''
  ) );
#14144 = ORIENTED_EDGE('',*,*,#14044,.T.);
#14145 = ORIENTED_EDGE('',*,*,#14018,.T.);
#14146 = ORIENTED_EDGE('',*,*,#13731,.T.);
#14147 = ORIENTED_EDGE('',*,*,#13761,.T.);
#14148 = ORIENTED_EDGE('',*,*,#13808,.T.);
#14149 = ORIENTED_EDGE('',*,*,#13835,.T.);
#14150 = ORIENTED_EDGE('',*,*,#13940,.T.);
#14151 = ADVANCED_FACE('',(#14152),#13903,.F.);
#14152 = FACE_BOUND('',#14153,.F.);
#14153 = EDGE_LOOP('',(#14154,#14155));
#14154 = ORIENTED_EDGE('',*,*,#13887,.T.);
#14155 = ORIENTED_EDGE('',*,*,#14123,.T.);
#14156 = ADVANCED_FACE('',(#14157,#14160),#14108,.T.);
#14157 = FACE_BOUND('',#14158,.T.);
#14158 = EDGE_LOOP('',(#14159));
#14159 = ORIENTED_EDGE('',*,*,#14093,.T.);
#14160 = FACE_BOUND('',#14161,.T.);
#14161 = EDGE_LOOP('',(#14162));
#14162 = ORIENTED_EDGE('',*,*,#14163,.T.);
#14163 = EDGE_CURVE('',#14164,#14164,#14166,.T.);
#14164 = VERTEX_POINT('',#14165);
#14165 = CARTESIAN_POINT('',(212.8,47.2,15.5));
#14166 = SURFACE_CURVE('',#14167,(#14172,#14183),.PCURVE_S1.);
#14167 = CIRCLE('',#14168,8.);
#14168 = AXIS2_PLACEMENT_3D('',#14169,#14170,#14171);
#14169 = CARTESIAN_POINT('',(212.8,47.2,23.5));
#14170 = DIRECTION('',(0.,-1.,0.));
#14171 = DIRECTION('',(0.,-0.,-1.));
#14172 = PCURVE('',#14108,#14173);
#14173 = DEFINITIONAL_REPRESENTATION('',(#14174),#14182);
#14174 = ( BOUNDED_CURVE() B_SPLINE_CURVE(2,(#14175,#14176,#14177,#14178
    ,#14179,#14180,#14181),.UNSPECIFIED.,.T.,.F.) 
B_SPLINE_CURVE_WITH_KNOTS((1,2,2,2,2,1),(-2.094395102393,0.,
    2.094395102393,4.188790204786,6.28318530718,8.377580409573),
.UNSPECIFIED.) CURVE() GEOMETRIC_REPRESENTATION_ITEM() 
RATIONAL_B_SPLINE_CURVE((1.,0.5,1.,0.5,1.,0.5,1.)) REPRESENTATION_ITEM(
  '') );
#14175 = CARTESIAN_POINT('',(-8.,0.));
#14176 = CARTESIAN_POINT('',(-8.,13.856406460551));
#14177 = CARTESIAN_POINT('',(4.,6.928203230276));
#14178 = CARTESIAN_POINT('',(16.,1.959434878636E-15));
#14179 = CARTESIAN_POINT('',(4.,-6.928203230276));
#14180 = CARTESIAN_POINT('',(-8.,-13.85640646055));
#14181 = CARTESIAN_POINT('',(-8.,0.));
#14182 = ( GEOMETRIC_REPRESENTATION_CONTEXT(2) 
PARAMETRIC_REPRESENTATION_CONTEXT() REPRESENTATION_CONTEXT('2D SPACE',''
  ) );
#14183 = PCURVE('',#14184,#14189);
#14184 = CYLINDRICAL_SURFACE('',#14185,8.);
#14185 = AXIS2_PLACEMENT_3D('',#14186,#14187,#14188);
#14186 = CARTESIAN_POINT('',(212.8,47.3,23.5));
#14187 = DIRECTION('',(0.,-1.,0.));
#14188 = DIRECTION('',(0.,-0.,-1.));
#14189 = DEFINITIONAL_REPRESENTATION('',(#14190),#14194);
#14190 = LINE('',#14191,#14192);
#14191 = CARTESIAN_POINT('',(0.,0.1));
#14192 = VECTOR('',#14193,1.);
#14193 = DIRECTION('',(1.,0.));
#14194 = ( GEOMETRIC_REPRESENTATION_CONTEXT(2) 
PARAMETRIC_REPRESENTATION_CONTEXT() REPRESENTATION_CONTEXT('2D SPACE',''
  ) );
#14195 = ADVANCED_FACE('',(#14196),#14184,.F.);
#14196 = FACE_BOUND('',#14197,.F.);
#14197 = EDGE_LOOP('',(#14198,#14221,#14248,#14249));
#14198 = ORIENTED_EDGE('',*,*,#14199,.T.);
#14199 = EDGE_CURVE('',#14164,#14200,#14202,.T.);
#14200 = VERTEX_POINT('',#14201);
#14201 = CARTESIAN_POINT('',(212.8,42.3,15.5));
#14202 = SEAM_CURVE('',#14203,(#14207,#14214),.PCURVE_S1.);
#14203 = LINE('',#14204,#14205);
#14204 = CARTESIAN_POINT('',(212.8,47.3,15.5));
#14205 = VECTOR('',#14206,1.);
#14206 = DIRECTION('',(0.,-1.,0.));
#14207 = PCURVE('',#14184,#14208);
#14208 = DEFINITIONAL_REPRESENTATION('',(#14209),#14213);
#14209 = LINE('',#14210,#14211);
#14210 = CARTESIAN_POINT('',(6.28318530718,-0.));
#14211 = VECTOR('',#14212,1.);
#14212 = DIRECTION('',(0.,1.));
#14213 = ( GEOMETRIC_REPRESENTATION_CONTEXT(2) 
PARAMETRIC_REPRESENTATION_CONTEXT() REPRESENTATION_CONTEXT('2D SPACE',''
  ) );
#14214 = PCURVE('',#14184,#14215);
#14215 = DEFINITIONAL_REPRESENTATION('',(#14216),#14220);
#14216 = LINE('',#14217,#14218);
#14217 = CARTESIAN_POINT('',(0.,-0.));
#14218 = VECTOR('',#14219,1.);
#14219 = DIRECTION('',(0.,1.));
#14220 = ( GEOMETRIC_REPRESENTATION_CONTEXT(2) 
PARAMETRIC_REPRESENTATION_CONTEXT() REPRESENTATION_CONTEXT('2D SPACE',''
  ) );
#14221 = ORIENTED_EDGE('',*,*,#14222,.F.);
#14222 = EDGE_CURVE('',#14200,#14200,#14223,.T.);
#14223 = SURFACE_CURVE('',#14224,(#14229,#14236),.PCURVE_S1.);
#14224 = CIRCLE('',#14225,8.);
#14225 = AXIS2_PLACEMENT_3D('',#14226,#14227,#14228);
#14226 = CARTESIAN_POINT('',(212.8,42.3,23.5));
#14227 = DIRECTION('',(0.,-1.,0.));
#14228 = DIRECTION('',(0.,-0.,-1.));
#14229 = PCURVE('',#14184,#14230);
#14230 = DEFINITIONAL_REPRESENTATION('',(#14231),#14235);
#14231 = LINE('',#14232,#14233);
#14232 = CARTESIAN_POINT('',(0.,5.));
#14233 = VECTOR('',#14234,1.);
#14234 = DIRECTION('',(1.,0.));
#14235 = ( GEOMETRIC_REPRESENTATION_CONTEXT(2) 
PARAMETRIC_REPRESENTATION_CONTEXT() REPRESENTATION_CONTEXT('2D SPACE',''
  ) );
#14236 = PCURVE('',#14237,#14242);
#14237 = PLANE('',#14238);
#14238 = AXIS2_PLACEMENT_3D('',#14239,#14240,#14241);
#14239 = CARTESIAN_POINT('',(212.8,42.3,23.5));
#14240 = DIRECTION('',(0.,-1.,0.));
#14241 = DIRECTION('',(0.,-0.,-1.));
#14242 = DEFINITIONAL_REPRESENTATION('',(#14243),#14247);
#14243 = CIRCLE('',#14244,8.);
#14244 = AXIS2_PLACEMENT_2D('',#14245,#14246);
#14245 = CARTESIAN_POINT('',(0.,0.));
#14246 = DIRECTION('',(1.,0.));
#14247 = ( GEOMETRIC_REPRESENTATION_CONTEXT(2) 
PARAMETRIC_REPRESENTATION_CONTEXT() REPRESENTATION_CONTEXT('2D SPACE',''
  ) );
#14248 = ORIENTED_EDGE('',*,*,#14199,.F.);
#14249 = ORIENTED_EDGE('',*,*,#14163,.T.);
#14250 = ADVANCED_FACE('',(#14251),#14237,.F.);
#14251 = FACE_BOUND('',#14252,.F.);
#14252 = EDGE_LOOP('',(#14253));
#14253 = ORIENTED_EDGE('',*,*,#14222,.T.);
#14254 = ( GEOMETRIC_REPRESENTATION_CONTEXT(3) 
GLOBAL_UNCERTAINTY_ASSIGNED_CONTEXT((#14258)) 
GLOBAL_UNIT_ASSIGNED_CONTEXT((#14255,#14256,#14257)) 
REPRESENTATION_CONTEXT('Context #1',
  '3D Context with UNIT and UNCERTAINTY') );
#14255 = ( LENGTH_UNIT() NAMED_UNIT(*) SI_UNIT(.MILLI.,.METRE.) );
#14256 = ( NAMED_UNIT(*) PLANE_ANGLE_UNIT() SI_UNIT($,.RADIAN.) );
#14257 = ( NAMED_UNIT(*) SI_UNIT($,.STERADIAN.) SOLID_ANGLE_UNIT() );
#14258 = UNCERTAINTY_MEASURE_WITH_UNIT(LENGTH_MEASURE(1.E-07),#14255,
  'distance_accuracy_value','confusion accuracy');
#14259 = CONTEXT_DEPENDENT_SHAPE_REPRESENTATION(#14260,#14262);
#14260 = ( REPRESENTATION_RELATIONSHIP('','',#12981,#10) 
REPRESENTATION_RELATIONSHIP_WITH_TRANSFORMATION(#14261) 
SHAPE_REPRESENTATION_RELATIONSHIP() );
#14261 = ITEM_DEFINED_TRANSFORMATION('','',#11,#27);
#14262 = PRODUCT_DEFINITION_SHAPE('Placement','Placement of an item',
  #14263);
#14263 = NEXT_ASSEMBLY_USAGE_OCCURRENCE('10','REFERENCE_fitting_2','',#5
  ,#12976,$);
#14264 = PRODUCT_RELATED_PRODUCT_CATEGORY('part',$,(#12978));
#14265 = SHAPE_DEFINITION_REPRESENTATION(#14266,#14272);
#14266 = PRODUCT_DEFINITION_SHAPE('','',#14267);
#14267 = PRODUCT_DEFINITION('design','',#14268,#14271);
#14268 = PRODUCT_DEFINITION_FORMATION('','',#14269);
#14269 = PRODUCT('REFERENCE_fitting_3','REFERENCE_fitting_3','',(#14270)
  );
#14270 = PRODUCT_CONTEXT('',#2,'mechanical');
#14271 = PRODUCT_DEFINITION_CONTEXT('part definition',#2,'design');
#14272 = ADVANCED_BREP_SHAPE_REPRESENTATION('',(#11,#14273),#15561);
#14273 = MANIFOLD_SOLID_BREP('',#14274);
#14274 = CLOSED_SHELL('',(#14275,#14466,#14524,#14577,#14658,#14739,
    #14743,#14820,#14926,#15032,#15084,#15111,#15138,#15165,#15243,
    #15270,#15296,#15323,#15373,#15458,#15463,#15502,#15557));
#14275 = ADVANCED_FACE('',(#14276),#14291,.T.);
#14276 = FACE_BOUND('',#14277,.T.);
#14277 = EDGE_LOOP('',(#14278,#14318,#14341,#14368,#14369,#14402,#14435)
  );
#14278 = ORIENTED_EDGE('',*,*,#14279,.F.);
#14279 = EDGE_CURVE('',#14280,#14282,#14284,.T.);
#14280 = VERTEX_POINT('',#14281);
#14281 = CARTESIAN_POINT('',(-203.8,26.,54.5));
#14282 = VERTEX_POINT('',#14283);
#14283 = CARTESIAN_POINT('',(-203.8,17.,63.5));
#14284 = SURFACE_CURVE('',#14285,(#14290,#14302),.PCURVE_S1.);
#14285 = CIRCLE('',#14286,9.);
#14286 = AXIS2_PLACEMENT_3D('',#14287,#14288,#14289);
#14287 = CARTESIAN_POINT('',(-203.8,26.,63.5));
#14288 = DIRECTION('',(-1.,0.,0.));
#14289 = DIRECTION('',(0.,0.,-1.));
#14290 = PCURVE('',#14291,#14296);
#14291 = CYLINDRICAL_SURFACE('',#14292,9.);
#14292 = AXIS2_PLACEMENT_3D('',#14293,#14294,#14295);
#14293 = CARTESIAN_POINT('',(-195.,26.,63.5));
#14294 = DIRECTION('',(-1.,0.,0.));
#14295 = DIRECTION('',(0.,0.,-1.));
#14296 = DEFINITIONAL_REPRESENTATION('',(#14297),#14301);
#14297 = LINE('',#14298,#14299);
#14298 = CARTESIAN_POINT('',(0.,8.8));
#14299 = VECTOR('',#14300,1.);
#14300 = DIRECTION('',(1.,0.));
#14301 = ( GEOMETRIC_REPRESENTATION_CONTEXT(2) 
PARAMETRIC_REPRESENTATION_CONTEXT() REPRESENTATION_CONTEXT('2D SPACE',''
  ) );
#14302 = PCURVE('',#14303,#14308);
#14303 = PLANE('',#14304);
#14304 = AXIS2_PLACEMENT_3D('',#14305,#14306,#14307);
#14305 = CARTESIAN_POINT('',(-203.8,17.,54.5));
#14306 = DIRECTION('',(1.,0.,0.));
#14307 = DIRECTION('',(0.,0.,1.));
#14308 = DEFINITIONAL_REPRESENTATION('',(#14309),#14317);
#14309 = ( BOUNDED_CURVE() B_SPLINE_CURVE(2,(#14310,#14311,#14312,#14313
    ,#14314,#14315,#14316),.UNSPECIFIED.,.T.,.F.) 
B_SPLINE_CURVE_WITH_KNOTS((1,2,2,2,2,1),(-2.094395102393,0.,
    2.094395102393,4.188790204786,6.28318530718,8.377580409573),
.UNSPECIFIED.) CURVE() GEOMETRIC_REPRESENTATION_ITEM() 
RATIONAL_B_SPLINE_CURVE((1.,0.5,1.,0.5,1.,0.5,1.)) REPRESENTATION_ITEM(
  '') );
#14310 = CARTESIAN_POINT('',(0.,-9.));
#14311 = CARTESIAN_POINT('',(0.,6.58845726812));
#14312 = CARTESIAN_POINT('',(13.5,-1.20577136594));
#14313 = CARTESIAN_POINT('',(27.,-9.));
#14314 = CARTESIAN_POINT('',(13.5,-16.79422863406));
#14315 = CARTESIAN_POINT('',(1.42108547152E-14,-24.58845726812));
#14316 = CARTESIAN_POINT('',(0.,-9.));
#14317 = ( GEOMETRIC_REPRESENTATION_CONTEXT(2) 
PARAMETRIC_REPRESENTATION_CONTEXT() REPRESENTATION_CONTEXT('2D SPACE',''
  ) );
#14318 = ORIENTED_EDGE('',*,*,#14319,.F.);
#14319 = EDGE_CURVE('',#14320,#14280,#14322,.T.);
#14320 = VERTEX_POINT('',#14321);
#14321 = CARTESIAN_POINT('',(-195.,26.,54.5));
#14322 = SEAM_CURVE('',#14323,(#14327,#14334),.PCURVE_S1.);
#14323 = LINE('',#14324,#14325);
#14324 = CARTESIAN_POINT('',(-195.,26.,54.5));
#14325 = VECTOR('',#14326,1.);
#14326 = DIRECTION('',(-1.,0.,0.));
#14327 = PCURVE('',#14291,#14328);
#14328 = DEFINITIONAL_REPRESENTATION('',(#14329),#14333);
#14329 = LINE('',#14330,#14331);
#14330 = CARTESIAN_POINT('',(6.28318530718,-0.));
#14331 = VECTOR('',#14332,1.);
#14332 = DIRECTION('',(0.,1.));
#14333 = ( GEOMETRIC_REPRESENTATION_CONTEXT(2) 
PARAMETRIC_REPRESENTATION_CONTEXT() REPRESENTATION_CONTEXT('2D SPACE',''
  ) );
#14334 = PCURVE('',#14291,#14335);
#14335 = DEFINITIONAL_REPRESENTATION('',(#14336),#14340);
#14336 = LINE('',#14337,#14338);
#14337 = CARTESIAN_POINT('',(0.,-0.));
#14338 = VECTOR('',#14339,1.);
#14339 = DIRECTION('',(0.,1.));
#14340 = ( GEOMETRIC_REPRESENTATION_CONTEXT(2) 
PARAMETRIC_REPRESENTATION_CONTEXT() REPRESENTATION_CONTEXT('2D SPACE',''
  ) );
#14341 = ORIENTED_EDGE('',*,*,#14342,.T.);
#14342 = EDGE_CURVE('',#14320,#14320,#14343,.T.);
#14343 = SURFACE_CURVE('',#14344,(#14349,#14356),.PCURVE_S1.);
#14344 = CIRCLE('',#14345,9.);
#14345 = AXIS2_PLACEMENT_3D('',#14346,#14347,#14348);
#14346 = CARTESIAN_POINT('',(-195.,26.,63.5));
#14347 = DIRECTION('',(-1.,0.,0.));
#14348 = DIRECTION('',(0.,0.,-1.));
#14349 = PCURVE('',#14291,#14350);
#14350 = DEFINITIONAL_REPRESENTATION('',(#14351),#14355);
#14351 = LINE('',#14352,#14353);
#14352 = CARTESIAN_POINT('',(0.,0.));
#14353 = VECTOR('',#14354,1.);
#14354 = DIRECTION('',(1.,0.));
#14355 = ( GEOMETRIC_REPRESENTATION_CONTEXT(2) 
PARAMETRIC_REPRESENTATION_CONTEXT() REPRESENTATION_CONTEXT('2D SPACE',''
  ) );
#14356 = PCURVE('',#14357,#14362);
#14357 = PLANE('',#14358);
#14358 = AXIS2_PLACEMENT_3D('',#14359,#14360,#14361);
#14359 = CARTESIAN_POINT('',(-195.,26.,63.5));
#14360 = DIRECTION('',(-1.,0.,0.));
#14361 = DIRECTION('',(0.,0.,-1.));
#14362 = DEFINITIONAL_REPRESENTATION('',(#14363),#14367);
#14363 = CIRCLE('',#14364,9.);
#14364 = AXIS2_PLACEMENT_2D('',#14365,#14366);
#14365 = CARTESIAN_POINT('',(0.,0.));
#14366 = DIRECTION('',(1.,0.));
#14367 = ( GEOMETRIC_REPRESENTATION_CONTEXT(2) 
PARAMETRIC_REPRESENTATION_CONTEXT() REPRESENTATION_CONTEXT('2D SPACE',''
  ) );
#14368 = ORIENTED_EDGE('',*,*,#14319,.T.);
#14369 = ORIENTED_EDGE('',*,*,#14370,.F.);
#14370 = EDGE_CURVE('',#14371,#14280,#14373,.T.);
#14371 = VERTEX_POINT('',#14372);
#14372 = CARTESIAN_POINT('',(-203.8,35.,63.5));
#14373 = SURFACE_CURVE('',#14374,(#14379,#14386),.PCURVE_S1.);
#14374 = CIRCLE('',#14375,9.);
#14375 = AXIS2_PLACEMENT_3D('',#14376,#14377,#14378);
#14376 = CARTESIAN_POINT('',(-203.8,26.,63.5));
#14377 = DIRECTION('',(-1.,0.,0.));
#14378 = DIRECTION('',(0.,0.,-1.));
#14379 = PCURVE('',#14291,#14380);
#14380 = DEFINITIONAL_REPRESENTATION('',(#14381),#14385);
#14381 = LINE('',#14382,#14383);
#14382 = CARTESIAN_POINT('',(0.,8.8));
#14383 = VECTOR('',#14384,1.);
#14384 = DIRECTION('',(1.,0.));
#14385 = ( GEOMETRIC_REPRESENTATION_CONTEXT(2) 
PARAMETRIC_REPRESENTATION_CONTEXT() REPRESENTATION_CONTEXT('2D SPACE',''
  ) );
#14386 = PCURVE('',#14387,#14392);
#14387 = PLANE('',#14388);
#14388 = AXIS2_PLACEMENT_3D('',#14389,#14390,#14391);
#14389 = CARTESIAN_POINT('',(-203.8,17.,54.5));
#14390 = DIRECTION('',(1.,0.,0.));
#14391 = DIRECTION('',(0.,0.,1.));
#14392 = DEFINITIONAL_REPRESENTATION('',(#14393),#14401);
#14393 = ( BOUNDED_CURVE() B_SPLINE_CURVE(2,(#14394,#14395,#14396,#14397
    ,#14398,#14399,#14400),.UNSPECIFIED.,.T.,.F.) 
B_SPLINE_CURVE_WITH_KNOTS((1,2,2,2,2,1),(-2.094395102393,0.,
    2.094395102393,4.188790204786,6.28318530718,8.377580409573),
.UNSPECIFIED.) CURVE() GEOMETRIC_REPRESENTATION_ITEM() 
RATIONAL_B_SPLINE_CURVE((1.,0.5,1.,0.5,1.,0.5,1.)) REPRESENTATION_ITEM(
  '') );
#14394 = CARTESIAN_POINT('',(0.,-9.));
#14395 = CARTESIAN_POINT('',(0.,6.58845726812));
#14396 = CARTESIAN_POINT('',(13.5,-1.20577136594));
#14397 = CARTESIAN_POINT('',(27.,-9.));
#14398 = CARTESIAN_POINT('',(13.5,-16.79422863406));
#14399 = CARTESIAN_POINT('',(1.42108547152E-14,-24.58845726812));
#14400 = CARTESIAN_POINT('',(0.,-9.));
#14401 = ( GEOMETRIC_REPRESENTATION_CONTEXT(2) 
PARAMETRIC_REPRESENTATION_CONTEXT() REPRESENTATION_CONTEXT('2D SPACE',''
  ) );
#14402 = ORIENTED_EDGE('',*,*,#14403,.F.);
#14403 = EDGE_CURVE('',#14404,#14371,#14406,.T.);
#14404 = VERTEX_POINT('',#14405);
#14405 = CARTESIAN_POINT('',(-203.8,26.,72.5));
#14406 = SURFACE_CURVE('',#14407,(#14412,#14419),.PCURVE_S1.);
#14407 = CIRCLE('',#14408,9.);
#14408 = AXIS2_PLACEMENT_3D('',#14409,#14410,#14411);
#14409 = CARTESIAN_POINT('',(-203.8,26.,63.5));
#14410 = DIRECTION('',(-1.,0.,0.));
#14411 = DIRECTION('',(0.,0.,-1.));
#14412 = PCURVE('',#14291,#14413);
#14413 = DEFINITIONAL_REPRESENTATION('',(#14414),#14418);
#14414 = LINE('',#14415,#14416);
#14415 = CARTESIAN_POINT('',(0.,8.8));
#14416 = VECTOR('',#14417,1.);
#14417 = DIRECTION('',(1.,0.));
#14418 = ( GEOMETRIC_REPRESENTATION_CONTEXT(2) 
PARAMETRIC_REPRESENTATION_CONTEXT() REPRESENTATION_CONTEXT('2D SPACE',''
  ) );
#14419 = PCURVE('',#14420,#14425);
#14420 = PLANE('',#14421);
#14421 = AXIS2_PLACEMENT_3D('',#14422,#14423,#14424);
#14422 = CARTESIAN_POINT('',(-203.8,17.,54.5));
#14423 = DIRECTION('',(1.,0.,0.));
#14424 = DIRECTION('',(0.,0.,1.));
#14425 = DEFINITIONAL_REPRESENTATION('',(#14426),#14434);
#14426 = ( BOUNDED_CURVE() B_SPLINE_CURVE(2,(#14427,#14428,#14429,#14430
    ,#14431,#14432,#14433),.UNSPECIFIED.,.T.,.F.) 
B_SPLINE_CURVE_WITH_KNOTS((1,2,2,2,2,1),(-2.094395102393,0.,
    2.094395102393,4.188790204786,6.28318530718,8.377580409573),
.UNSPECIFIED.) CURVE() GEOMETRIC_REPRESENTATION_ITEM() 
RATIONAL_B_SPLINE_CURVE((1.,0.5,1.,0.5,1.,0.5,1.)) REPRESENTATION_ITEM(
  '') );
#14427 = CARTESIAN_POINT('',(0.,-9.));
#14428 = CARTESIAN_POINT('',(0.,6.58845726812));
#14429 = CARTESIAN_POINT('',(13.5,-1.20577136594));
#14430 = CARTESIAN_POINT('',(27.,-9.));
#14431 = CARTESIAN_POINT('',(13.5,-16.79422863406));
#14432 = CARTESIAN_POINT('',(1.42108547152E-14,-24.58845726812));
#14433 = CARTESIAN_POINT('',(0.,-9.));
#14434 = ( GEOMETRIC_REPRESENTATION_CONTEXT(2) 
PARAMETRIC_REPRESENTATION_CONTEXT() REPRESENTATION_CONTEXT('2D SPACE',''
  ) );
#14435 = ORIENTED_EDGE('',*,*,#14436,.F.);
#14436 = EDGE_CURVE('',#14282,#14404,#14437,.T.);
#14437 = SURFACE_CURVE('',#14438,(#14443,#14450),.PCURVE_S1.);
#14438 = CIRCLE('',#14439,9.);
#14439 = AXIS2_PLACEMENT_3D('',#14440,#14441,#14442);
#14440 = CARTESIAN_POINT('',(-203.8,26.,63.5));
#14441 = DIRECTION('',(-1.,0.,0.));
#14442 = DIRECTION('',(0.,0.,-1.));
#14443 = PCURVE('',#14291,#14444);
#14444 = DEFINITIONAL_REPRESENTATION('',(#14445),#14449);
#14445 = LINE('',#14446,#14447);
#14446 = CARTESIAN_POINT('',(0.,8.8));
#14447 = VECTOR('',#14448,1.);
#14448 = DIRECTION('',(1.,0.));
#14449 = ( GEOMETRIC_REPRESENTATION_CONTEXT(2) 
PARAMETRIC_REPRESENTATION_CONTEXT() REPRESENTATION_CONTEXT('2D SPACE',''
  ) );
#14450 = PCURVE('',#14451,#14456);
#14451 = PLANE('',#14452);
#14452 = AXIS2_PLACEMENT_3D('',#14453,#14454,#14455);
#14453 = CARTESIAN_POINT('',(-203.8,17.,54.5));
#14454 = DIRECTION('',(1.,0.,0.));
#14455 = DIRECTION('',(0.,0.,1.));
#14456 = DEFINITIONAL_REPRESENTATION('',(#14457),#14465);
#14457 = ( BOUNDED_CURVE() B_SPLINE_CURVE(2,(#14458,#14459,#14460,#14461
    ,#14462,#14463,#14464),.UNSPECIFIED.,.T.,.F.) 
B_SPLINE_CURVE_WITH_KNOTS((1,2,2,2,2,1),(-2.094395102393,0.,
    2.094395102393,4.188790204786,6.28318530718,8.377580409573),
.UNSPECIFIED.) CURVE() GEOMETRIC_REPRESENTATION_ITEM() 
RATIONAL_B_SPLINE_CURVE((1.,0.5,1.,0.5,1.,0.5,1.)) REPRESENTATION_ITEM(
  '') );
#14458 = CARTESIAN_POINT('',(0.,-9.));
#14459 = CARTESIAN_POINT('',(0.,6.58845726812));
#14460 = CARTESIAN_POINT('',(13.5,-1.20577136594));
#14461 = CARTESIAN_POINT('',(27.,-9.));
#14462 = CARTESIAN_POINT('',(13.5,-16.79422863406));
#14463 = CARTESIAN_POINT('',(1.42108547152E-14,-24.58845726812));
#14464 = CARTESIAN_POINT('',(0.,-9.));
#14465 = ( GEOMETRIC_REPRESENTATION_CONTEXT(2) 
PARAMETRIC_REPRESENTATION_CONTEXT() REPRESENTATION_CONTEXT('2D SPACE',''
  ) );
#14466 = ADVANCED_FACE('',(#14467),#14303,.T.);
#14467 = FACE_BOUND('',#14468,.T.);
#14468 = EDGE_LOOP('',(#14469,#14497,#14523));
#14469 = ORIENTED_EDGE('',*,*,#14470,.F.);
#14470 = EDGE_CURVE('',#14471,#14282,#14473,.T.);
#14471 = VERTEX_POINT('',#14472);
#14472 = CARTESIAN_POINT('',(-203.8,17.,54.5));
#14473 = SURFACE_CURVE('',#14474,(#14478,#14485),.PCURVE_S1.);
#14474 = LINE('',#14475,#14476);
#14475 = CARTESIAN_POINT('',(-203.8,17.,54.5));
#14476 = VECTOR('',#14477,1.);
#14477 = DIRECTION('',(0.,0.,1.));
#14478 = PCURVE('',#14303,#14479);
#14479 = DEFINITIONAL_REPRESENTATION('',(#14480),#14484);
#14480 = LINE('',#14481,#14482);
#14481 = CARTESIAN_POINT('',(0.,0.));
#14482 = VECTOR('',#14483,1.);
#14483 = DIRECTION('',(1.,0.));
#14484 = ( GEOMETRIC_REPRESENTATION_CONTEXT(2) 
PARAMETRIC_REPRESENTATION_CONTEXT() REPRESENTATION_CONTEXT('2D SPACE',''
  ) );
#14485 = PCURVE('',#14486,#14491);
#14486 = PLANE('',#14487);
#14487 = AXIS2_PLACEMENT_3D('',#14488,#14489,#14490);
#14488 = CARTESIAN_POINT('',(-221.8,17.,54.5));
#14489 = DIRECTION('',(0.,1.,0.));
#14490 = DIRECTION('',(0.,0.,1.));
#14491 = DEFINITIONAL_REPRESENTATION('',(#14492),#14496);
#14492 = LINE('',#14493,#14494);
#14493 = CARTESIAN_POINT('',(0.,18.));
#14494 = VECTOR('',#14495,1.);
#14495 = DIRECTION('',(1.,0.));
#14496 = ( GEOMETRIC_REPRESENTATION_CONTEXT(2) 
PARAMETRIC_REPRESENTATION_CONTEXT() REPRESENTATION_CONTEXT('2D SPACE',''
  ) );
#14497 = ORIENTED_EDGE('',*,*,#14498,.T.);
#14498 = EDGE_CURVE('',#14471,#14280,#14499,.T.);
#14499 = SURFACE_CURVE('',#14500,(#14504,#14511),.PCURVE_S1.);
#14500 = LINE('',#14501,#14502);
#14501 = CARTESIAN_POINT('',(-203.8,17.,54.5));
#14502 = VECTOR('',#14503,1.);
#14503 = DIRECTION('',(0.,1.,0.));
#14504 = PCURVE('',#14303,#14505);
#14505 = DEFINITIONAL_REPRESENTATION('',(#14506),#14510);
#14506 = LINE('',#14507,#14508);
#14507 = CARTESIAN_POINT('',(0.,0.));
#14508 = VECTOR('',#14509,1.);
#14509 = DIRECTION('',(0.,-1.));
#14510 = ( GEOMETRIC_REPRESENTATION_CONTEXT(2) 
PARAMETRIC_REPRESENTATION_CONTEXT() REPRESENTATION_CONTEXT('2D SPACE',''
  ) );
#14511 = PCURVE('',#14512,#14517);
#14512 = PLANE('',#14513);
#14513 = AXIS2_PLACEMENT_3D('',#14514,#14515,#14516);
#14514 = CARTESIAN_POINT('',(-221.8,17.,54.5));
#14515 = DIRECTION('',(0.,0.,1.));
#14516 = DIRECTION('',(1.,0.,0.));
#14517 = DEFINITIONAL_REPRESENTATION('',(#14518),#14522);
#14518 = LINE('',#14519,#14520);
#14519 = CARTESIAN_POINT('',(18.,0.));
#14520 = VECTOR('',#14521,1.);
#14521 = DIRECTION('',(0.,1.));
#14522 = ( GEOMETRIC_REPRESENTATION_CONTEXT(2) 
PARAMETRIC_REPRESENTATION_CONTEXT() REPRESENTATION_CONTEXT('2D SPACE',''
  ) );
#14523 = ORIENTED_EDGE('',*,*,#14279,.T.);
#14524 = ADVANCED_FACE('',(#14525),#14451,.T.);
#14525 = FACE_BOUND('',#14526,.T.);
#14526 = EDGE_LOOP('',(#14527,#14550,#14551));
#14527 = ORIENTED_EDGE('',*,*,#14528,.F.);
#14528 = EDGE_CURVE('',#14282,#14529,#14531,.T.);
#14529 = VERTEX_POINT('',#14530);
#14530 = CARTESIAN_POINT('',(-203.8,17.,72.5));
#14531 = SURFACE_CURVE('',#14532,(#14536,#14543),.PCURVE_S1.);
#14532 = LINE('',#14533,#14534);
#14533 = CARTESIAN_POINT('',(-203.8,17.,54.5));
#14534 = VECTOR('',#14535,1.);
#14535 = DIRECTION('',(0.,0.,1.));
#14536 = PCURVE('',#14451,#14537);
#14537 = DEFINITIONAL_REPRESENTATION('',(#14538),#14542);
#14538 = LINE('',#14539,#14540);
#14539 = CARTESIAN_POINT('',(0.,0.));
#14540 = VECTOR('',#14541,1.);
#14541 = DIRECTION('',(1.,0.));
#14542 = ( GEOMETRIC_REPRESENTATION_CONTEXT(2) 
PARAMETRIC_REPRESENTATION_CONTEXT() REPRESENTATION_CONTEXT('2D SPACE',''
  ) );
#14543 = PCURVE('',#14486,#14544);
#14544 = DEFINITIONAL_REPRESENTATION('',(#14545),#14549);
#14545 = LINE('',#14546,#14547);
#14546 = CARTESIAN_POINT('',(0.,18.));
#14547 = VECTOR('',#14548,1.);
#14548 = DIRECTION('',(1.,0.));
#14549 = ( GEOMETRIC_REPRESENTATION_CONTEXT(2) 
PARAMETRIC_REPRESENTATION_CONTEXT() REPRESENTATION_CONTEXT('2D SPACE',''
  ) );
#14550 = ORIENTED_EDGE('',*,*,#14436,.T.);
#14551 = ORIENTED_EDGE('',*,*,#14552,.F.);
#14552 = EDGE_CURVE('',#14529,#14404,#14553,.T.);
#14553 = SURFACE_CURVE('',#14554,(#14558,#14565),.PCURVE_S1.);
#14554 = LINE('',#14555,#14556);
#14555 = CARTESIAN_POINT('',(-203.8,17.,72.5));
#14556 = VECTOR('',#14557,1.);
#14557 = DIRECTION('',(0.,1.,0.));
#14558 = PCURVE('',#14451,#14559);
#14559 = DEFINITIONAL_REPRESENTATION('',(#14560),#14564);
#14560 = LINE('',#14561,#14562);
#14561 = CARTESIAN_POINT('',(18.,0.));
#14562 = VECTOR('',#14563,1.);
#14563 = DIRECTION('',(0.,-1.));
#14564 = ( GEOMETRIC_REPRESENTATION_CONTEXT(2) 
PARAMETRIC_REPRESENTATION_CONTEXT() REPRESENTATION_CONTEXT('2D SPACE',''
  ) );
#14565 = PCURVE('',#14566,#14571);
#14566 = PLANE('',#14567);
#14567 = AXIS2_PLACEMENT_3D('',#14568,#14569,#14570);
#14568 = CARTESIAN_POINT('',(-221.8,17.,72.5));
#14569 = DIRECTION('',(0.,0.,1.));
#14570 = DIRECTION('',(1.,0.,0.));
#14571 = DEFINITIONAL_REPRESENTATION('',(#14572),#14576);
#14572 = LINE('',#14573,#14574);
#14573 = CARTESIAN_POINT('',(18.,0.));
#14574 = VECTOR('',#14575,1.);
#14575 = DIRECTION('',(0.,1.));
#14576 = ( GEOMETRIC_REPRESENTATION_CONTEXT(2) 
PARAMETRIC_REPRESENTATION_CONTEXT() REPRESENTATION_CONTEXT('2D SPACE',''
  ) );
#14577 = ADVANCED_FACE('',(#14578),#14420,.T.);
#14578 = FACE_BOUND('',#14579,.T.);
#14579 = EDGE_LOOP('',(#14580,#14603,#14604,#14632));
#14580 = ORIENTED_EDGE('',*,*,#14581,.F.);
#14581 = EDGE_CURVE('',#14404,#14582,#14584,.T.);
#14582 = VERTEX_POINT('',#14583);
#14583 = CARTESIAN_POINT('',(-203.8,35.,72.5));
#14584 = SURFACE_CURVE('',#14585,(#14589,#14596),.PCURVE_S1.);
#14585 = LINE('',#14586,#14587);
#14586 = CARTESIAN_POINT('',(-203.8,17.,72.5));
#14587 = VECTOR('',#14588,1.);
#14588 = DIRECTION('',(0.,1.,0.));
#14589 = PCURVE('',#14420,#14590);
#14590 = DEFINITIONAL_REPRESENTATION('',(#14591),#14595);
#14591 = LINE('',#14592,#14593);
#14592 = CARTESIAN_POINT('',(18.,0.));
#14593 = VECTOR('',#14594,1.);
#14594 = DIRECTION('',(0.,-1.));
#14595 = ( GEOMETRIC_REPRESENTATION_CONTEXT(2) 
PARAMETRIC_REPRESENTATION_CONTEXT() REPRESENTATION_CONTEXT('2D SPACE',''
  ) );
#14596 = PCURVE('',#14566,#14597);
#14597 = DEFINITIONAL_REPRESENTATION('',(#14598),#14602);
#14598 = LINE('',#14599,#14600);
#14599 = CARTESIAN_POINT('',(18.,0.));
#14600 = VECTOR('',#14601,1.);
#14601 = DIRECTION('',(0.,1.));
#14602 = ( GEOMETRIC_REPRESENTATION_CONTEXT(2) 
PARAMETRIC_REPRESENTATION_CONTEXT() REPRESENTATION_CONTEXT('2D SPACE',''
  ) );
#14603 = ORIENTED_EDGE('',*,*,#14403,.T.);
#14604 = ORIENTED_EDGE('',*,*,#14605,.T.);
#14605 = EDGE_CURVE('',#14371,#14606,#14608,.T.);
#14606 = VERTEX_POINT('',#14607);
#14607 = CARTESIAN_POINT('',(-203.8,35.,69.824555320336));
#14608 = SURFACE_CURVE('',#14609,(#14613,#14620),.PCURVE_S1.);
#14609 = LINE('',#14610,#14611);
#14610 = CARTESIAN_POINT('',(-203.8,35.,54.5));
#14611 = VECTOR('',#14612,1.);
#14612 = DIRECTION('',(0.,0.,1.));
#14613 = PCURVE('',#14420,#14614);
#14614 = DEFINITIONAL_REPRESENTATION('',(#14615),#14619);
#14615 = LINE('',#14616,#14617);
#14616 = CARTESIAN_POINT('',(0.,-18.));
#14617 = VECTOR('',#14618,1.);
#14618 = DIRECTION('',(1.,0.));
#14619 = ( GEOMETRIC_REPRESENTATION_CONTEXT(2) 
PARAMETRIC_REPRESENTATION_CONTEXT() REPRESENTATION_CONTEXT('2D SPACE',''
  ) );
#14620 = PCURVE('',#14621,#14626);
#14621 = PLANE('',#14622);
#14622 = AXIS2_PLACEMENT_3D('',#14623,#14624,#14625);
#14623 = CARTESIAN_POINT('',(-212.8,35.,63.5));
#14624 = DIRECTION('',(0.,1.,0.));
#14625 = DIRECTION('',(0.,-0.,1.));
#14626 = DEFINITIONAL_REPRESENTATION('',(#14627),#14631);
#14627 = LINE('',#14628,#14629);
#14628 = CARTESIAN_POINT('',(-9.,9.));
#14629 = VECTOR('',#14630,1.);
#14630 = DIRECTION('',(1.,0.));
#14631 = ( GEOMETRIC_REPRESENTATION_CONTEXT(2) 
PARAMETRIC_REPRESENTATION_CONTEXT() REPRESENTATION_CONTEXT('2D SPACE',''
  ) );
#14632 = ORIENTED_EDGE('',*,*,#14633,.T.);
#14633 = EDGE_CURVE('',#14606,#14582,#14634,.T.);
#14634 = SURFACE_CURVE('',#14635,(#14639,#14646),.PCURVE_S1.);
#14635 = LINE('',#14636,#14637);
#14636 = CARTESIAN_POINT('',(-203.8,35.,54.5));
#14637 = VECTOR('',#14638,1.);
#14638 = DIRECTION('',(0.,0.,1.));
#14639 = PCURVE('',#14420,#14640);
#14640 = DEFINITIONAL_REPRESENTATION('',(#14641),#14645);
#14641 = LINE('',#14642,#14643);
#14642 = CARTESIAN_POINT('',(0.,-18.));
#14643 = VECTOR('',#14644,1.);
#14644 = DIRECTION('',(1.,0.));
#14645 = ( GEOMETRIC_REPRESENTATION_CONTEXT(2) 
PARAMETRIC_REPRESENTATION_CONTEXT() REPRESENTATION_CONTEXT('2D SPACE',''
  ) );
#14646 = PCURVE('',#14647,#14652);
#14647 = PLANE('',#14648);
#14648 = AXIS2_PLACEMENT_3D('',#14649,#14650,#14651);
#14649 = CARTESIAN_POINT('',(-221.8,35.,54.5));
#14650 = DIRECTION('',(0.,1.,0.));
#14651 = DIRECTION('',(0.,0.,1.));
#14652 = DEFINITIONAL_REPRESENTATION('',(#14653),#14657);
#14653 = LINE('',#14654,#14655);
#14654 = CARTESIAN_POINT('',(0.,18.));
#14655 = VECTOR('',#14656,1.);
#14656 = DIRECTION('',(1.,0.));
#14657 = ( GEOMETRIC_REPRESENTATION_CONTEXT(2) 
PARAMETRIC_REPRESENTATION_CONTEXT() REPRESENTATION_CONTEXT('2D SPACE',''
  ) );
#14658 = ADVANCED_FACE('',(#14659),#14387,.T.);
#14659 = FACE_BOUND('',#14660,.T.);
#14660 = EDGE_LOOP('',(#14661,#14662,#14685,#14713));
#14661 = ORIENTED_EDGE('',*,*,#14370,.T.);
#14662 = ORIENTED_EDGE('',*,*,#14663,.T.);
#14663 = EDGE_CURVE('',#14280,#14664,#14666,.T.);
#14664 = VERTEX_POINT('',#14665);
#14665 = CARTESIAN_POINT('',(-203.8,35.,54.5));
#14666 = SURFACE_CURVE('',#14667,(#14671,#14678),.PCURVE_S1.);
#14667 = LINE('',#14668,#14669);
#14668 = CARTESIAN_POINT('',(-203.8,17.,54.5));
#14669 = VECTOR('',#14670,1.);
#14670 = DIRECTION('',(0.,1.,0.));
#14671 = PCURVE('',#14387,#14672);
#14672 = DEFINITIONAL_REPRESENTATION('',(#14673),#14677);
#14673 = LINE('',#14674,#14675);
#14674 = CARTESIAN_POINT('',(0.,0.));
#14675 = VECTOR('',#14676,1.);
#14676 = DIRECTION('',(0.,-1.));
#14677 = ( GEOMETRIC_REPRESENTATION_CONTEXT(2) 
PARAMETRIC_REPRESENTATION_CONTEXT() REPRESENTATION_CONTEXT('2D SPACE',''
  ) );
#14678 = PCURVE('',#14512,#14679);
#14679 = DEFINITIONAL_REPRESENTATION('',(#14680),#14684);
#14680 = LINE('',#14681,#14682);
#14681 = CARTESIAN_POINT('',(18.,0.));
#14682 = VECTOR('',#14683,1.);
#14683 = DIRECTION('',(0.,1.));
#14684 = ( GEOMETRIC_REPRESENTATION_CONTEXT(2) 
PARAMETRIC_REPRESENTATION_CONTEXT() REPRESENTATION_CONTEXT('2D SPACE',''
  ) );
#14685 = ORIENTED_EDGE('',*,*,#14686,.T.);
#14686 = EDGE_CURVE('',#14664,#14687,#14689,.T.);
#14687 = VERTEX_POINT('',#14688);
#14688 = CARTESIAN_POINT('',(-203.8,35.,57.175444679663));
#14689 = SURFACE_CURVE('',#14690,(#14694,#14701),.PCURVE_S1.);
#14690 = LINE('',#14691,#14692);
#14691 = CARTESIAN_POINT('',(-203.8,35.,54.5));
#14692 = VECTOR('',#14693,1.);
#14693 = DIRECTION('',(0.,0.,1.));
#14694 = PCURVE('',#14387,#14695);
#14695 = DEFINITIONAL_REPRESENTATION('',(#14696),#14700);
#14696 = LINE('',#14697,#14698);
#14697 = CARTESIAN_POINT('',(0.,-18.));
#14698 = VECTOR('',#14699,1.);
#14699 = DIRECTION('',(1.,0.));
#14700 = ( GEOMETRIC_REPRESENTATION_CONTEXT(2) 
PARAMETRIC_REPRESENTATION_CONTEXT() REPRESENTATION_CONTEXT('2D SPACE',''
  ) );
#14701 = PCURVE('',#14702,#14707);
#14702 = PLANE('',#14703);
#14703 = AXIS2_PLACEMENT_3D('',#14704,#14705,#14706);
#14704 = CARTESIAN_POINT('',(-221.8,35.,54.5));
#14705 = DIRECTION('',(0.,1.,0.));
#14706 = DIRECTION('',(0.,0.,1.));
#14707 = DEFINITIONAL_REPRESENTATION('',(#14708),#14712);
#14708 = LINE('',#14709,#14710);
#14709 = CARTESIAN_POINT('',(0.,18.));
#14710 = VECTOR('',#14711,1.);
#14711 = DIRECTION('',(1.,0.));
#14712 = ( GEOMETRIC_REPRESENTATION_CONTEXT(2) 
PARAMETRIC_REPRESENTATION_CONTEXT() REPRESENTATION_CONTEXT('2D SPACE',''
  ) );
#14713 = ORIENTED_EDGE('',*,*,#14714,.T.);
#14714 = EDGE_CURVE('',#14687,#14371,#14715,.T.);
#14715 = SURFACE_CURVE('',#14716,(#14720,#14727),.PCURVE_S1.);
#14716 = LINE('',#14717,#14718);
#14717 = CARTESIAN_POINT('',(-203.8,35.,54.5));
#14718 = VECTOR('',#14719,1.);
#14719 = DIRECTION('',(0.,0.,1.));
#14720 = PCURVE('',#14387,#14721);
#14721 = DEFINITIONAL_REPRESENTATION('',(#14722),#14726);
#14722 = LINE('',#14723,#14724);
#14723 = CARTESIAN_POINT('',(0.,-18.));
#14724 = VECTOR('',#14725,1.);
#14725 = DIRECTION('',(1.,0.));
#14726 = ( GEOMETRIC_REPRESENTATION_CONTEXT(2) 
PARAMETRIC_REPRESENTATION_CONTEXT() REPRESENTATION_CONTEXT('2D SPACE',''
  ) );
#14727 = PCURVE('',#14728,#14733);
#14728 = PLANE('',#14729);
#14729 = AXIS2_PLACEMENT_3D('',#14730,#14731,#14732);
#14730 = CARTESIAN_POINT('',(-212.8,35.,63.5));
#14731 = DIRECTION('',(0.,1.,0.));
#14732 = DIRECTION('',(0.,-0.,1.));
#14733 = DEFINITIONAL_REPRESENTATION('',(#14734),#14738);
#14734 = LINE('',#14735,#14736);
#14735 = CARTESIAN_POINT('',(-9.,9.));
#14736 = VECTOR('',#14737,1.);
#14737 = DIRECTION('',(1.,0.));
#14738 = ( GEOMETRIC_REPRESENTATION_CONTEXT(2) 
PARAMETRIC_REPRESENTATION_CONTEXT() REPRESENTATION_CONTEXT('2D SPACE',''
  ) );
#14739 = ADVANCED_FACE('',(#14740),#14357,.F.);
#14740 = FACE_BOUND('',#14741,.T.);
#14741 = EDGE_LOOP('',(#14742));
#14742 = ORIENTED_EDGE('',*,*,#14342,.F.);
#14743 = ADVANCED_FACE('',(#14744),#14486,.F.);
#14744 = FACE_BOUND('',#14745,.F.);
#14745 = EDGE_LOOP('',(#14746,#14769,#14797,#14818,#14819));
#14746 = ORIENTED_EDGE('',*,*,#14747,.F.);
#14747 = EDGE_CURVE('',#14748,#14471,#14750,.T.);
#14748 = VERTEX_POINT('',#14749);
#14749 = CARTESIAN_POINT('',(-221.8,17.,54.5));
#14750 = SURFACE_CURVE('',#14751,(#14755,#14762),.PCURVE_S1.);
#14751 = LINE('',#14752,#14753);
#14752 = CARTESIAN_POINT('',(-221.8,17.,54.5));
#14753 = VECTOR('',#14754,1.);
#14754 = DIRECTION('',(1.,0.,0.));
#14755 = PCURVE('',#14486,#14756);
#14756 = DEFINITIONAL_REPRESENTATION('',(#14757),#14761);
#14757 = LINE('',#14758,#14759);
#14758 = CARTESIAN_POINT('',(0.,0.));
#14759 = VECTOR('',#14760,1.);
#14760 = DIRECTION('',(0.,1.));
#14761 = ( GEOMETRIC_REPRESENTATION_CONTEXT(2) 
PARAMETRIC_REPRESENTATION_CONTEXT() REPRESENTATION_CONTEXT('2D SPACE',''
  ) );
#14762 = PCURVE('',#14512,#14763);
#14763 = DEFINITIONAL_REPRESENTATION('',(#14764),#14768);
#14764 = LINE('',#14765,#14766);
#14765 = CARTESIAN_POINT('',(0.,0.));
#14766 = VECTOR('',#14767,1.);
#14767 = DIRECTION('',(1.,0.));
#14768 = ( GEOMETRIC_REPRESENTATION_CONTEXT(2) 
PARAMETRIC_REPRESENTATION_CONTEXT() REPRESENTATION_CONTEXT('2D SPACE',''
  ) );
#14769 = ORIENTED_EDGE('',*,*,#14770,.T.);
#14770 = EDGE_CURVE('',#14748,#14771,#14773,.T.);
#14771 = VERTEX_POINT('',#14772);
#14772 = CARTESIAN_POINT('',(-221.8,17.,72.5));
#14773 = SURFACE_CURVE('',#14774,(#14778,#14785),.PCURVE_S1.);
#14774 = LINE('',#14775,#14776);
#14775 = CARTESIAN_POINT('',(-221.8,17.,54.5));
#14776 = VECTOR('',#14777,1.);
#14777 = DIRECTION('',(0.,0.,1.));
#14778 = PCURVE('',#14486,#14779);
#14779 = DEFINITIONAL_REPRESENTATION('',(#14780),#14784);
#14780 = LINE('',#14781,#14782);
#14781 = CARTESIAN_POINT('',(0.,0.));
#14782 = VECTOR('',#14783,1.);
#14783 = DIRECTION('',(1.,0.));
#14784 = ( GEOMETRIC_REPRESENTATION_CONTEXT(2) 
PARAMETRIC_REPRESENTATION_CONTEXT() REPRESENTATION_CONTEXT('2D SPACE',''
  ) );
#14785 = PCURVE('',#14786,#14791);
#14786 = PLANE('',#14787);
#14787 = AXIS2_PLACEMENT_3D('',#14788,#14789,#14790);
#14788 = CARTESIAN_POINT('',(-221.8,17.,54.5));
#14789 = DIRECTION('',(1.,0.,0.));
#14790 = DIRECTION('',(0.,0.,1.));
#14791 = DEFINITIONAL_REPRESENTATION('',(#14792),#14796);
#14792 = LINE('',#14793,#14794);
#14793 = CARTESIAN_POINT('',(0.,0.));
#14794 = VECTOR('',#14795,1.);
#14795 = DIRECTION('',(1.,0.));
#14796 = ( GEOMETRIC_REPRESENTATION_CONTEXT(2) 
PARAMETRIC_REPRESENTATION_CONTEXT() REPRESENTATION_CONTEXT('2D SPACE',''
  ) );
#14797 = ORIENTED_EDGE('',*,*,#14798,.T.);
#14798 = EDGE_CURVE('',#14771,#14529,#14799,.T.);
#14799 = SURFACE_CURVE('',#14800,(#14804,#14811),.PCURVE_S1.);
#14800 = LINE('',#14801,#14802);
#14801 = CARTESIAN_POINT('',(-221.8,17.,72.5));
#14802 = VECTOR('',#14803,1.);
#14803 = DIRECTION('',(1.,0.,0.));
#14804 = PCURVE('',#14486,#14805);
#14805 = DEFINITIONAL_REPRESENTATION('',(#14806),#14810);
#14806 = LINE('',#14807,#14808);
#14807 = CARTESIAN_POINT('',(18.,0.));
#14808 = VECTOR('',#14809,1.);
#14809 = DIRECTION('',(0.,1.));
#14810 = ( GEOMETRIC_REPRESENTATION_CONTEXT(2) 
PARAMETRIC_REPRESENTATION_CONTEXT() REPRESENTATION_CONTEXT('2D SPACE',''
  ) );
#14811 = PCURVE('',#14566,#14812);
#14812 = DEFINITIONAL_REPRESENTATION('',(#14813),#14817);
#14813 = LINE('',#14814,#14815);
#14814 = CARTESIAN_POINT('',(0.,0.));
#14815 = VECTOR('',#14816,1.);
#14816 = DIRECTION('',(1.,0.));
#14817 = ( GEOMETRIC_REPRESENTATION_CONTEXT(2) 
PARAMETRIC_REPRESENTATION_CONTEXT() REPRESENTATION_CONTEXT('2D SPACE',''
  ) );
#14818 = ORIENTED_EDGE('',*,*,#14528,.F.);
#14819 = ORIENTED_EDGE('',*,*,#14470,.F.);
#14820 = ADVANCED_FACE('',(#14821),#14512,.F.);
#14821 = FACE_BOUND('',#14822,.F.);
#14822 = EDGE_LOOP('',(#14823,#14846,#14847,#14848,#14849,#14872,#14900)
  );
#14823 = ORIENTED_EDGE('',*,*,#14824,.F.);
#14824 = EDGE_CURVE('',#14748,#14825,#14827,.T.);
#14825 = VERTEX_POINT('',#14826);
#14826 = CARTESIAN_POINT('',(-221.8,35.,54.5));
#14827 = SURFACE_CURVE('',#14828,(#14832,#14839),.PCURVE_S1.);
#14828 = LINE('',#14829,#14830);
#14829 = CARTESIAN_POINT('',(-221.8,17.,54.5));
#14830 = VECTOR('',#14831,1.);
#14831 = DIRECTION('',(0.,1.,0.));
#14832 = PCURVE('',#14512,#14833);
#14833 = DEFINITIONAL_REPRESENTATION('',(#14834),#14838);
#14834 = LINE('',#14835,#14836);
#14835 = CARTESIAN_POINT('',(0.,0.));
#14836 = VECTOR('',#14837,1.);
#14837 = DIRECTION('',(0.,1.));
#14838 = ( GEOMETRIC_REPRESENTATION_CONTEXT(2) 
PARAMETRIC_REPRESENTATION_CONTEXT() REPRESENTATION_CONTEXT('2D SPACE',''
  ) );
#14839 = PCURVE('',#14786,#14840);
#14840 = DEFINITIONAL_REPRESENTATION('',(#14841),#14845);
#14841 = LINE('',#14842,#14843);
#14842 = CARTESIAN_POINT('',(0.,0.));
#14843 = VECTOR('',#14844,1.);
#14844 = DIRECTION('',(0.,-1.));
#14845 = ( GEOMETRIC_REPRESENTATION_CONTEXT(2) 
PARAMETRIC_REPRESENTATION_CONTEXT() REPRESENTATION_CONTEXT('2D SPACE',''
  ) );
#14846 = ORIENTED_EDGE('',*,*,#14747,.T.);
#14847 = ORIENTED_EDGE('',*,*,#14498,.T.);
#14848 = ORIENTED_EDGE('',*,*,#14663,.T.);
#14849 = ORIENTED_EDGE('',*,*,#14850,.F.);
#14850 = EDGE_CURVE('',#14851,#14664,#14853,.T.);
#14851 = VERTEX_POINT('',#14852);
#14852 = CARTESIAN_POINT('',(-206.4754446796,35.,54.5));
#14853 = SURFACE_CURVE('',#14854,(#14858,#14865),.PCURVE_S1.);
#14854 = LINE('',#14855,#14856);
#14855 = CARTESIAN_POINT('',(-221.8,35.,54.5));
#14856 = VECTOR('',#14857,1.);
#14857 = DIRECTION('',(1.,0.,0.));
#14858 = PCURVE('',#14512,#14859);
#14859 = DEFINITIONAL_REPRESENTATION('',(#14860),#14864);
#14860 = LINE('',#14861,#14862);
#14861 = CARTESIAN_POINT('',(0.,18.));
#14862 = VECTOR('',#14863,1.);
#14863 = DIRECTION('',(1.,0.));
#14864 = ( GEOMETRIC_REPRESENTATION_CONTEXT(2) 
PARAMETRIC_REPRESENTATION_CONTEXT() REPRESENTATION_CONTEXT('2D SPACE',''
  ) );
#14865 = PCURVE('',#14702,#14866);
#14866 = DEFINITIONAL_REPRESENTATION('',(#14867),#14871);
#14867 = LINE('',#14868,#14869);
#14868 = CARTESIAN_POINT('',(0.,0.));
#14869 = VECTOR('',#14870,1.);
#14870 = DIRECTION('',(0.,1.));
#14871 = ( GEOMETRIC_REPRESENTATION_CONTEXT(2) 
PARAMETRIC_REPRESENTATION_CONTEXT() REPRESENTATION_CONTEXT('2D SPACE',''
  ) );
#14872 = ORIENTED_EDGE('',*,*,#14873,.F.);
#14873 = EDGE_CURVE('',#14874,#14851,#14876,.T.);
#14874 = VERTEX_POINT('',#14875);
#14875 = CARTESIAN_POINT('',(-219.1245553203,35.,54.5));
#14876 = SURFACE_CURVE('',#14877,(#14881,#14888),.PCURVE_S1.);
#14877 = LINE('',#14878,#14879);
#14878 = CARTESIAN_POINT('',(-221.8,35.,54.5));
#14879 = VECTOR('',#14880,1.);
#14880 = DIRECTION('',(1.,0.,0.));
#14881 = PCURVE('',#14512,#14882);
#14882 = DEFINITIONAL_REPRESENTATION('',(#14883),#14887);
#14883 = LINE('',#14884,#14885);
#14884 = CARTESIAN_POINT('',(0.,18.));
#14885 = VECTOR('',#14886,1.);
#14886 = DIRECTION('',(1.,0.));
#14887 = ( GEOMETRIC_REPRESENTATION_CONTEXT(2) 
PARAMETRIC_REPRESENTATION_CONTEXT() REPRESENTATION_CONTEXT('2D SPACE',''
  ) );
#14888 = PCURVE('',#14889,#14894);
#14889 = PLANE('',#14890);
#14890 = AXIS2_PLACEMENT_3D('',#14891,#14892,#14893);
#14891 = CARTESIAN_POINT('',(-212.8,35.,63.5));
#14892 = DIRECTION('',(0.,1.,0.));
#14893 = DIRECTION('',(0.,-0.,1.));
#14894 = DEFINITIONAL_REPRESENTATION('',(#14895),#14899);
#14895 = LINE('',#14896,#14897);
#14896 = CARTESIAN_POINT('',(-9.,-9.));
#14897 = VECTOR('',#14898,1.);
#14898 = DIRECTION('',(0.,1.));
#14899 = ( GEOMETRIC_REPRESENTATION_CONTEXT(2) 
PARAMETRIC_REPRESENTATION_CONTEXT() REPRESENTATION_CONTEXT('2D SPACE',''
  ) );
#14900 = ORIENTED_EDGE('',*,*,#14901,.F.);
#14901 = EDGE_CURVE('',#14825,#14874,#14902,.T.);
#14902 = SURFACE_CURVE('',#14903,(#14907,#14914),.PCURVE_S1.);
#14903 = LINE('',#14904,#14905);
#14904 = CARTESIAN_POINT('',(-221.8,35.,54.5));
#14905 = VECTOR('',#14906,1.);
#14906 = DIRECTION('',(1.,0.,0.));
#14907 = PCURVE('',#14512,#14908);
#14908 = DEFINITIONAL_REPRESENTATION('',(#14909),#14913);
#14909 = LINE('',#14910,#14911);
#14910 = CARTESIAN_POINT('',(0.,18.));
#14911 = VECTOR('',#14912,1.);
#14912 = DIRECTION('',(1.,0.));
#14913 = ( GEOMETRIC_REPRESENTATION_CONTEXT(2) 
PARAMETRIC_REPRESENTATION_CONTEXT() REPRESENTATION_CONTEXT('2D SPACE',''
  ) );
#14914 = PCURVE('',#14915,#14920);
#14915 = PLANE('',#14916);
#14916 = AXIS2_PLACEMENT_3D('',#14917,#14918,#14919);
#14917 = CARTESIAN_POINT('',(-221.8,35.,54.5));
#14918 = DIRECTION('',(0.,1.,0.));
#14919 = DIRECTION('',(0.,0.,1.));
#14920 = DEFINITIONAL_REPRESENTATION('',(#14921),#14925);
#14921 = LINE('',#14922,#14923);
#14922 = CARTESIAN_POINT('',(0.,0.));
#14923 = VECTOR('',#14924,1.);
#14924 = DIRECTION('',(0.,1.));
#14925 = ( GEOMETRIC_REPRESENTATION_CONTEXT(2) 
PARAMETRIC_REPRESENTATION_CONTEXT() REPRESENTATION_CONTEXT('2D SPACE',''
  ) );
#14926 = ADVANCED_FACE('',(#14927),#14566,.T.);
#14927 = FACE_BOUND('',#14928,.T.);
#14928 = EDGE_LOOP('',(#14929,#14952,#14953,#14954,#14955,#14978,#15006)
  );
#14929 = ORIENTED_EDGE('',*,*,#14930,.F.);
#14930 = EDGE_CURVE('',#14771,#14931,#14933,.T.);
#14931 = VERTEX_POINT('',#14932);
#14932 = CARTESIAN_POINT('',(-221.8,35.,72.5));
#14933 = SURFACE_CURVE('',#14934,(#14938,#14945),.PCURVE_S1.);
#14934 = LINE('',#14935,#14936);
#14935 = CARTESIAN_POINT('',(-221.8,17.,72.5));
#14936 = VECTOR('',#14937,1.);
#14937 = DIRECTION('',(0.,1.,0.));
#14938 = PCURVE('',#14566,#14939);
#14939 = DEFINITIONAL_REPRESENTATION('',(#14940),#14944);
#14940 = LINE('',#14941,#14942);
#14941 = CARTESIAN_POINT('',(0.,0.));
#14942 = VECTOR('',#14943,1.);
#14943 = DIRECTION('',(0.,1.));
#14944 = ( GEOMETRIC_REPRESENTATION_CONTEXT(2) 
PARAMETRIC_REPRESENTATION_CONTEXT() REPRESENTATION_CONTEXT('2D SPACE',''
  ) );
#14945 = PCURVE('',#14786,#14946);
#14946 = DEFINITIONAL_REPRESENTATION('',(#14947),#14951);
#14947 = LINE('',#14948,#14949);
#14948 = CARTESIAN_POINT('',(18.,0.));
#14949 = VECTOR('',#14950,1.);
#14950 = DIRECTION('',(0.,-1.));
#14951 = ( GEOMETRIC_REPRESENTATION_CONTEXT(2) 
PARAMETRIC_REPRESENTATION_CONTEXT() REPRESENTATION_CONTEXT('2D SPACE',''
  ) );
#14952 = ORIENTED_EDGE('',*,*,#14798,.T.);
#14953 = ORIENTED_EDGE('',*,*,#14552,.T.);
#14954 = ORIENTED_EDGE('',*,*,#14581,.T.);
#14955 = ORIENTED_EDGE('',*,*,#14956,.F.);
#14956 = EDGE_CURVE('',#14957,#14582,#14959,.T.);
#14957 = VERTEX_POINT('',#14958);
#14958 = CARTESIAN_POINT('',(-206.4754446796,35.,72.5));
#14959 = SURFACE_CURVE('',#14960,(#14964,#14971),.PCURVE_S1.);
#14960 = LINE('',#14961,#14962);
#14961 = CARTESIAN_POINT('',(-221.8,35.,72.5));
#14962 = VECTOR('',#14963,1.);
#14963 = DIRECTION('',(1.,0.,0.));
#14964 = PCURVE('',#14566,#14965);
#14965 = DEFINITIONAL_REPRESENTATION('',(#14966),#14970);
#14966 = LINE('',#14967,#14968);
#14967 = CARTESIAN_POINT('',(0.,18.));
#14968 = VECTOR('',#14969,1.);
#14969 = DIRECTION('',(1.,0.));
#14970 = ( GEOMETRIC_REPRESENTATION_CONTEXT(2) 
PARAMETRIC_REPRESENTATION_CONTEXT() REPRESENTATION_CONTEXT('2D SPACE',''
  ) );
#14971 = PCURVE('',#14647,#14972);
#14972 = DEFINITIONAL_REPRESENTATION('',(#14973),#14977);
#14973 = LINE('',#14974,#14975);
#14974 = CARTESIAN_POINT('',(18.,0.));
#14975 = VECTOR('',#14976,1.);
#14976 = DIRECTION('',(0.,1.));
#14977 = ( GEOMETRIC_REPRESENTATION_CONTEXT(2) 
PARAMETRIC_REPRESENTATION_CONTEXT() REPRESENTATION_CONTEXT('2D SPACE',''
  ) );
#14978 = ORIENTED_EDGE('',*,*,#14979,.F.);
#14979 = EDGE_CURVE('',#14980,#14957,#14982,.T.);
#14980 = VERTEX_POINT('',#14981);
#14981 = CARTESIAN_POINT('',(-219.1245553203,35.,72.5));
#14982 = SURFACE_CURVE('',#14983,(#14987,#14994),.PCURVE_S1.);
#14983 = LINE('',#14984,#14985);
#14984 = CARTESIAN_POINT('',(-221.8,35.,72.5));
#14985 = VECTOR('',#14986,1.);
#14986 = DIRECTION('',(1.,0.,0.));
#14987 = PCURVE('',#14566,#14988);
#14988 = DEFINITIONAL_REPRESENTATION('',(#14989),#14993);
#14989 = LINE('',#14990,#14991);
#14990 = CARTESIAN_POINT('',(0.,18.));
#14991 = VECTOR('',#14992,1.);
#14992 = DIRECTION('',(1.,0.));
#14993 = ( GEOMETRIC_REPRESENTATION_CONTEXT(2) 
PARAMETRIC_REPRESENTATION_CONTEXT() REPRESENTATION_CONTEXT('2D SPACE',''
  ) );
#14994 = PCURVE('',#14995,#15000);
#14995 = PLANE('',#14996);
#14996 = AXIS2_PLACEMENT_3D('',#14997,#14998,#14999);
#14997 = CARTESIAN_POINT('',(-212.8,35.,63.5));
#14998 = DIRECTION('',(0.,1.,0.));
#14999 = DIRECTION('',(0.,-0.,1.));
#15000 = DEFINITIONAL_REPRESENTATION('',(#15001),#15005);
#15001 = LINE('',#15002,#15003);
#15002 = CARTESIAN_POINT('',(9.,-9.));
#15003 = VECTOR('',#15004,1.);
#15004 = DIRECTION('',(0.,1.));
#15005 = ( GEOMETRIC_REPRESENTATION_CONTEXT(2) 
PARAMETRIC_REPRESENTATION_CONTEXT() REPRESENTATION_CONTEXT('2D SPACE',''
  ) );
#15006 = ORIENTED_EDGE('',*,*,#15007,.F.);
#15007 = EDGE_CURVE('',#14931,#14980,#15008,.T.);
#15008 = SURFACE_CURVE('',#15009,(#15013,#15020),.PCURVE_S1.);
#15009 = LINE('',#15010,#15011);
#15010 = CARTESIAN_POINT('',(-221.8,35.,72.5));
#15011 = VECTOR('',#15012,1.);
#15012 = DIRECTION('',(1.,0.,0.));
#15013 = PCURVE('',#14566,#15014);
#15014 = DEFINITIONAL_REPRESENTATION('',(#15015),#15019);
#15015 = LINE('',#15016,#15017);
#15016 = CARTESIAN_POINT('',(0.,18.));
#15017 = VECTOR('',#15018,1.);
#15018 = DIRECTION('',(1.,0.));
#15019 = ( GEOMETRIC_REPRESENTATION_CONTEXT(2) 
PARAMETRIC_REPRESENTATION_CONTEXT() REPRESENTATION_CONTEXT('2D SPACE',''
  ) );
#15020 = PCURVE('',#15021,#15026);
#15021 = PLANE('',#15022);
#15022 = AXIS2_PLACEMENT_3D('',#15023,#15024,#15025);
#15023 = CARTESIAN_POINT('',(-221.8,35.,54.5));
#15024 = DIRECTION('',(0.,1.,0.));
#15025 = DIRECTION('',(0.,0.,1.));
#15026 = DEFINITIONAL_REPRESENTATION('',(#15027),#15031);
#15027 = LINE('',#15028,#15029);
#15028 = CARTESIAN_POINT('',(18.,0.));
#15029 = VECTOR('',#15030,1.);
#15030 = DIRECTION('',(0.,1.));
#15031 = ( GEOMETRIC_REPRESENTATION_CONTEXT(2) 
PARAMETRIC_REPRESENTATION_CONTEXT() REPRESENTATION_CONTEXT('2D SPACE',''
  ) );
#15032 = ADVANCED_FACE('',(#15033),#14621,.F.);
#15033 = FACE_BOUND('',#15034,.F.);
#15034 = EDGE_LOOP('',(#15035,#15036,#15065));
#15035 = ORIENTED_EDGE('',*,*,#14605,.T.);
#15036 = ORIENTED_EDGE('',*,*,#15037,.T.);
#15037 = EDGE_CURVE('',#14606,#15038,#15040,.T.);
#15038 = VERTEX_POINT('',#15039);
#15039 = CARTESIAN_POINT('',(-201.8,35.,63.5));
#15040 = SURFACE_CURVE('',#15041,(#15046,#15053),.PCURVE_S1.);
#15041 = CIRCLE('',#15042,11.);
#15042 = AXIS2_PLACEMENT_3D('',#15043,#15044,#15045);
#15043 = CARTESIAN_POINT('',(-212.8,35.,63.5));
#15044 = DIRECTION('',(0.,1.,0.));
#15045 = DIRECTION('',(0.,-0.,1.));
#15046 = PCURVE('',#14621,#15047);
#15047 = DEFINITIONAL_REPRESENTATION('',(#15048),#15052);
#15048 = CIRCLE('',#15049,11.);
#15049 = AXIS2_PLACEMENT_2D('',#15050,#15051);
#15050 = CARTESIAN_POINT('',(0.,0.));
#15051 = DIRECTION('',(1.,0.));
#15052 = ( GEOMETRIC_REPRESENTATION_CONTEXT(2) 
PARAMETRIC_REPRESENTATION_CONTEXT() REPRESENTATION_CONTEXT('2D SPACE',''
  ) );
#15053 = PCURVE('',#15054,#15059);
#15054 = CYLINDRICAL_SURFACE('',#15055,11.);
#15055 = AXIS2_PLACEMENT_3D('',#15056,#15057,#15058);
#15056 = CARTESIAN_POINT('',(-212.8,35.,63.5));
#15057 = DIRECTION('',(0.,1.,0.));
#15058 = DIRECTION('',(0.,-0.,1.));
#15059 = DEFINITIONAL_REPRESENTATION('',(#15060),#15064);
#15060 = LINE('',#15061,#15062);
#15061 = CARTESIAN_POINT('',(0.,0.));
#15062 = VECTOR('',#15063,1.);
#15063 = DIRECTION('',(1.,0.));
#15064 = ( GEOMETRIC_REPRESENTATION_CONTEXT(2) 
PARAMETRIC_REPRESENTATION_CONTEXT() REPRESENTATION_CONTEXT('2D SPACE',''
  ) );
#15065 = ORIENTED_EDGE('',*,*,#15066,.T.);
#15066 = EDGE_CURVE('',#15038,#14371,#15067,.T.);
#15067 = SURFACE_CURVE('',#15068,(#15072,#15078),.PCURVE_S1.);
#15068 = LINE('',#15069,#15070);
#15069 = CARTESIAN_POINT('',(-195.,35.,63.5));
#15070 = VECTOR('',#15071,1.);
#15071 = DIRECTION('',(-1.,0.,0.));
#15072 = PCURVE('',#14621,#15073);
#15073 = DEFINITIONAL_REPRESENTATION('',(#15074),#15077);
#15074 = B_SPLINE_CURVE_WITH_KNOTS('',1,(#15075,#15076),.UNSPECIFIED.,
  .F.,.F.,(2,2),(4.6,8.8000006),.PIECEWISE_BEZIER_KNOTS.);
#15075 = CARTESIAN_POINT('',(0.,13.2));
#15076 = CARTESIAN_POINT('',(0.,8.9999994));
#15077 = ( GEOMETRIC_REPRESENTATION_CONTEXT(2) 
PARAMETRIC_REPRESENTATION_CONTEXT() REPRESENTATION_CONTEXT('2D SPACE',''
  ) );
#15078 = PCURVE('',#14728,#15079);
#15079 = DEFINITIONAL_REPRESENTATION('',(#15080),#15083);
#15080 = B_SPLINE_CURVE_WITH_KNOTS('',1,(#15081,#15082),.UNSPECIFIED.,
  .F.,.F.,(2,2),(4.6,8.8000006),.PIECEWISE_BEZIER_KNOTS.);
#15081 = CARTESIAN_POINT('',(0.,13.2));
#15082 = CARTESIAN_POINT('',(0.,8.9999994));
#15083 = ( GEOMETRIC_REPRESENTATION_CONTEXT(2) 
PARAMETRIC_REPRESENTATION_CONTEXT() REPRESENTATION_CONTEXT('2D SPACE',''
  ) );
#15084 = ADVANCED_FACE('',(#15085),#14647,.T.);
#15085 = FACE_BOUND('',#15086,.T.);
#15086 = EDGE_LOOP('',(#15087,#15109,#15110));
#15087 = ORIENTED_EDGE('',*,*,#15088,.F.);
#15088 = EDGE_CURVE('',#14957,#14606,#15089,.T.);
#15089 = SURFACE_CURVE('',#15090,(#15095,#15102),.PCURVE_S1.);
#15090 = CIRCLE('',#15091,11.);
#15091 = AXIS2_PLACEMENT_3D('',#15092,#15093,#15094);
#15092 = CARTESIAN_POINT('',(-212.8,35.,63.5));
#15093 = DIRECTION('',(0.,1.,0.));
#15094 = DIRECTION('',(0.,-0.,1.));
#15095 = PCURVE('',#14647,#15096);
#15096 = DEFINITIONAL_REPRESENTATION('',(#15097),#15101);
#15097 = CIRCLE('',#15098,11.);
#15098 = AXIS2_PLACEMENT_2D('',#15099,#15100);
#15099 = CARTESIAN_POINT('',(9.,9.));
#15100 = DIRECTION('',(1.,0.));
#15101 = ( GEOMETRIC_REPRESENTATION_CONTEXT(2) 
PARAMETRIC_REPRESENTATION_CONTEXT() REPRESENTATION_CONTEXT('2D SPACE',''
  ) );
#15102 = PCURVE('',#15054,#15103);
#15103 = DEFINITIONAL_REPRESENTATION('',(#15104),#15108);
#15104 = LINE('',#15105,#15106);
#15105 = CARTESIAN_POINT('',(0.,0.));
#15106 = VECTOR('',#15107,1.);
#15107 = DIRECTION('',(1.,0.));
#15108 = ( GEOMETRIC_REPRESENTATION_CONTEXT(2) 
PARAMETRIC_REPRESENTATION_CONTEXT() REPRESENTATION_CONTEXT('2D SPACE',''
  ) );
#15109 = ORIENTED_EDGE('',*,*,#14956,.T.);
#15110 = ORIENTED_EDGE('',*,*,#14633,.F.);
#15111 = ADVANCED_FACE('',(#15112),#14702,.T.);
#15112 = FACE_BOUND('',#15113,.T.);
#15113 = EDGE_LOOP('',(#15114,#15115,#15137));
#15114 = ORIENTED_EDGE('',*,*,#14850,.F.);
#15115 = ORIENTED_EDGE('',*,*,#15116,.F.);
#15116 = EDGE_CURVE('',#14687,#14851,#15117,.T.);
#15117 = SURFACE_CURVE('',#15118,(#15123,#15130),.PCURVE_S1.);
#15118 = CIRCLE('',#15119,11.);
#15119 = AXIS2_PLACEMENT_3D('',#15120,#15121,#15122);
#15120 = CARTESIAN_POINT('',(-212.8,35.,63.5));
#15121 = DIRECTION('',(0.,1.,0.));
#15122 = DIRECTION('',(0.,-0.,1.));
#15123 = PCURVE('',#14702,#15124);
#15124 = DEFINITIONAL_REPRESENTATION('',(#15125),#15129);
#15125 = CIRCLE('',#15126,11.);
#15126 = AXIS2_PLACEMENT_2D('',#15127,#15128);
#15127 = CARTESIAN_POINT('',(9.,9.));
#15128 = DIRECTION('',(1.,0.));
#15129 = ( GEOMETRIC_REPRESENTATION_CONTEXT(2) 
PARAMETRIC_REPRESENTATION_CONTEXT() REPRESENTATION_CONTEXT('2D SPACE',''
  ) );
#15130 = PCURVE('',#15054,#15131);
#15131 = DEFINITIONAL_REPRESENTATION('',(#15132),#15136);
#15132 = LINE('',#15133,#15134);
#15133 = CARTESIAN_POINT('',(0.,0.));
#15134 = VECTOR('',#15135,1.);
#15135 = DIRECTION('',(1.,0.));
#15136 = ( GEOMETRIC_REPRESENTATION_CONTEXT(2) 
PARAMETRIC_REPRESENTATION_CONTEXT() REPRESENTATION_CONTEXT('2D SPACE',''
  ) );
#15137 = ORIENTED_EDGE('',*,*,#14686,.F.);
#15138 = ADVANCED_FACE('',(#15139),#14728,.F.);
#15139 = FACE_BOUND('',#15140,.F.);
#15140 = EDGE_LOOP('',(#15141,#15142,#15164));
#15141 = ORIENTED_EDGE('',*,*,#15066,.F.);
#15142 = ORIENTED_EDGE('',*,*,#15143,.T.);
#15143 = EDGE_CURVE('',#15038,#14687,#15144,.T.);
#15144 = SURFACE_CURVE('',#15145,(#15150,#15157),.PCURVE_S1.);
#15145 = CIRCLE('',#15146,11.);
#15146 = AXIS2_PLACEMENT_3D('',#15147,#15148,#15149);
#15147 = CARTESIAN_POINT('',(-212.8,35.,63.5));
#15148 = DIRECTION('',(0.,1.,0.));
#15149 = DIRECTION('',(0.,-0.,1.));
#15150 = PCURVE('',#14728,#15151);
#15151 = DEFINITIONAL_REPRESENTATION('',(#15152),#15156);
#15152 = CIRCLE('',#15153,11.);
#15153 = AXIS2_PLACEMENT_2D('',#15154,#15155);
#15154 = CARTESIAN_POINT('',(0.,0.));
#15155 = DIRECTION('',(1.,0.));
#15156 = ( GEOMETRIC_REPRESENTATION_CONTEXT(2) 
PARAMETRIC_REPRESENTATION_CONTEXT() REPRESENTATION_CONTEXT('2D SPACE',''
  ) );
#15157 = PCURVE('',#15054,#15158);
#15158 = DEFINITIONAL_REPRESENTATION('',(#15159),#15163);
#15159 = LINE('',#15160,#15161);
#15160 = CARTESIAN_POINT('',(0.,0.));
#15161 = VECTOR('',#15162,1.);
#15162 = DIRECTION('',(1.,0.));
#15163 = ( GEOMETRIC_REPRESENTATION_CONTEXT(2) 
PARAMETRIC_REPRESENTATION_CONTEXT() REPRESENTATION_CONTEXT('2D SPACE',''
  ) );
#15164 = ORIENTED_EDGE('',*,*,#14714,.T.);
#15165 = ADVANCED_FACE('',(#15166),#14786,.F.);
#15166 = FACE_BOUND('',#15167,.F.);
#15167 = EDGE_LOOP('',(#15168,#15169,#15170,#15193,#15221,#15242));
#15168 = ORIENTED_EDGE('',*,*,#14770,.F.);
#15169 = ORIENTED_EDGE('',*,*,#14824,.T.);
#15170 = ORIENTED_EDGE('',*,*,#15171,.T.);
#15171 = EDGE_CURVE('',#14825,#15172,#15174,.T.);
#15172 = VERTEX_POINT('',#15173);
#15173 = CARTESIAN_POINT('',(-221.8,35.,57.175444679664));
#15174 = SURFACE_CURVE('',#15175,(#15179,#15186),.PCURVE_S1.);
#15175 = LINE('',#15176,#15177);
#15176 = CARTESIAN_POINT('',(-221.8,35.,54.5));
#15177 = VECTOR('',#15178,1.);
#15178 = DIRECTION('',(0.,0.,1.));
#15179 = PCURVE('',#14786,#15180);
#15180 = DEFINITIONAL_REPRESENTATION('',(#15181),#15185);
#15181 = LINE('',#15182,#15183);
#15182 = CARTESIAN_POINT('',(0.,-18.));
#15183 = VECTOR('',#15184,1.);
#15184 = DIRECTION('',(1.,0.));
#15185 = ( GEOMETRIC_REPRESENTATION_CONTEXT(2) 
PARAMETRIC_REPRESENTATION_CONTEXT() REPRESENTATION_CONTEXT('2D SPACE',''
  ) );
#15186 = PCURVE('',#14915,#15187);
#15187 = DEFINITIONAL_REPRESENTATION('',(#15188),#15192);
#15188 = LINE('',#15189,#15190);
#15189 = CARTESIAN_POINT('',(0.,0.));
#15190 = VECTOR('',#15191,1.);
#15191 = DIRECTION('',(1.,0.));
#15192 = ( GEOMETRIC_REPRESENTATION_CONTEXT(2) 
PARAMETRIC_REPRESENTATION_CONTEXT() REPRESENTATION_CONTEXT('2D SPACE',''
  ) );
#15193 = ORIENTED_EDGE('',*,*,#15194,.T.);
#15194 = EDGE_CURVE('',#15172,#15195,#15197,.T.);
#15195 = VERTEX_POINT('',#15196);
#15196 = CARTESIAN_POINT('',(-221.8,35.,69.824555320337));
#15197 = SURFACE_CURVE('',#15198,(#15202,#15209),.PCURVE_S1.);
#15198 = LINE('',#15199,#15200);
#15199 = CARTESIAN_POINT('',(-221.8,35.,54.5));
#15200 = VECTOR('',#15201,1.);
#15201 = DIRECTION('',(0.,0.,1.));
#15202 = PCURVE('',#14786,#15203);
#15203 = DEFINITIONAL_REPRESENTATION('',(#15204),#15208);
#15204 = LINE('',#15205,#15206);
#15205 = CARTESIAN_POINT('',(0.,-18.));
#15206 = VECTOR('',#15207,1.);
#15207 = DIRECTION('',(1.,0.));
#15208 = ( GEOMETRIC_REPRESENTATION_CONTEXT(2) 
PARAMETRIC_REPRESENTATION_CONTEXT() REPRESENTATION_CONTEXT('2D SPACE',''
  ) );
#15209 = PCURVE('',#15210,#15215);
#15210 = PLANE('',#15211);
#15211 = AXIS2_PLACEMENT_3D('',#15212,#15213,#15214);
#15212 = CARTESIAN_POINT('',(-212.8,35.,63.5));
#15213 = DIRECTION('',(0.,1.,0.));
#15214 = DIRECTION('',(0.,-0.,1.));
#15215 = DEFINITIONAL_REPRESENTATION('',(#15216),#15220);
#15216 = LINE('',#15217,#15218);
#15217 = CARTESIAN_POINT('',(-9.,-9.));
#15218 = VECTOR('',#15219,1.);
#15219 = DIRECTION('',(1.,0.));
#15220 = ( GEOMETRIC_REPRESENTATION_CONTEXT(2) 
PARAMETRIC_REPRESENTATION_CONTEXT() REPRESENTATION_CONTEXT('2D SPACE',''
  ) );
#15221 = ORIENTED_EDGE('',*,*,#15222,.T.);
#15222 = EDGE_CURVE('',#15195,#14931,#15223,.T.);
#15223 = SURFACE_CURVE('',#15224,(#15228,#15235),.PCURVE_S1.);
#15224 = LINE('',#15225,#15226);
#15225 = CARTESIAN_POINT('',(-221.8,35.,54.5));
#15226 = VECTOR('',#15227,1.);
#15227 = DIRECTION('',(0.,0.,1.));
#15228 = PCURVE('',#14786,#15229);
#15229 = DEFINITIONAL_REPRESENTATION('',(#15230),#15234);
#15230 = LINE('',#15231,#15232);
#15231 = CARTESIAN_POINT('',(0.,-18.));
#15232 = VECTOR('',#15233,1.);
#15233 = DIRECTION('',(1.,0.));
#15234 = ( GEOMETRIC_REPRESENTATION_CONTEXT(2) 
PARAMETRIC_REPRESENTATION_CONTEXT() REPRESENTATION_CONTEXT('2D SPACE',''
  ) );
#15235 = PCURVE('',#15021,#15236);
#15236 = DEFINITIONAL_REPRESENTATION('',(#15237),#15241);
#15237 = LINE('',#15238,#15239);
#15238 = CARTESIAN_POINT('',(0.,0.));
#15239 = VECTOR('',#15240,1.);
#15240 = DIRECTION('',(1.,0.));
#15241 = ( GEOMETRIC_REPRESENTATION_CONTEXT(2) 
PARAMETRIC_REPRESENTATION_CONTEXT() REPRESENTATION_CONTEXT('2D SPACE',''
  ) );
#15242 = ORIENTED_EDGE('',*,*,#14930,.F.);
#15243 = ADVANCED_FACE('',(#15244),#14915,.T.);
#15244 = FACE_BOUND('',#15245,.T.);
#15245 = EDGE_LOOP('',(#15246,#15247,#15248));
#15246 = ORIENTED_EDGE('',*,*,#14901,.F.);
#15247 = ORIENTED_EDGE('',*,*,#15171,.T.);
#15248 = ORIENTED_EDGE('',*,*,#15249,.F.);
#15249 = EDGE_CURVE('',#14874,#15172,#15250,.T.);
#15250 = SURFACE_CURVE('',#15251,(#15256,#15263),.PCURVE_S1.);
#15251 = CIRCLE('',#15252,11.);
#15252 = AXIS2_PLACEMENT_3D('',#15253,#15254,#15255);
#15253 = CARTESIAN_POINT('',(-212.8,35.,63.5));
#15254 = DIRECTION('',(0.,1.,0.));
#15255 = DIRECTION('',(0.,-0.,1.));
#15256 = PCURVE('',#14915,#15257);
#15257 = DEFINITIONAL_REPRESENTATION('',(#15258),#15262);
#15258 = CIRCLE('',#15259,11.);
#15259 = AXIS2_PLACEMENT_2D('',#15260,#15261);
#15260 = CARTESIAN_POINT('',(9.,9.));
#15261 = DIRECTION('',(1.,0.));
#15262 = ( GEOMETRIC_REPRESENTATION_CONTEXT(2) 
PARAMETRIC_REPRESENTATION_CONTEXT() REPRESENTATION_CONTEXT('2D SPACE',''
  ) );
#15263 = PCURVE('',#15054,#15264);
#15264 = DEFINITIONAL_REPRESENTATION('',(#15265),#15269);
#15265 = LINE('',#15266,#15267);
#15266 = CARTESIAN_POINT('',(0.,0.));
#15267 = VECTOR('',#15268,1.);
#15268 = DIRECTION('',(1.,0.));
#15269 = ( GEOMETRIC_REPRESENTATION_CONTEXT(2) 
PARAMETRIC_REPRESENTATION_CONTEXT() REPRESENTATION_CONTEXT('2D SPACE',''
  ) );
#15270 = ADVANCED_FACE('',(#15271),#14889,.F.);
#15271 = FACE_BOUND('',#15272,.F.);
#15272 = EDGE_LOOP('',(#15273,#15295));
#15273 = ORIENTED_EDGE('',*,*,#15274,.T.);
#15274 = EDGE_CURVE('',#14851,#14874,#15275,.T.);
#15275 = SURFACE_CURVE('',#15276,(#15281,#15288),.PCURVE_S1.);
#15276 = CIRCLE('',#15277,11.);
#15277 = AXIS2_PLACEMENT_3D('',#15278,#15279,#15280);
#15278 = CARTESIAN_POINT('',(-212.8,35.,63.5));
#15279 = DIRECTION('',(0.,1.,0.));
#15280 = DIRECTION('',(0.,-0.,1.));
#15281 = PCURVE('',#14889,#15282);
#15282 = DEFINITIONAL_REPRESENTATION('',(#15283),#15287);
#15283 = CIRCLE('',#15284,11.);
#15284 = AXIS2_PLACEMENT_2D('',#15285,#15286);
#15285 = CARTESIAN_POINT('',(0.,0.));
#15286 = DIRECTION('',(1.,0.));
#15287 = ( GEOMETRIC_REPRESENTATION_CONTEXT(2) 
PARAMETRIC_REPRESENTATION_CONTEXT() REPRESENTATION_CONTEXT('2D SPACE',''
  ) );
#15288 = PCURVE('',#15054,#15289);
#15289 = DEFINITIONAL_REPRESENTATION('',(#15290),#15294);
#15290 = LINE('',#15291,#15292);
#15291 = CARTESIAN_POINT('',(0.,0.));
#15292 = VECTOR('',#15293,1.);
#15293 = DIRECTION('',(1.,0.));
#15294 = ( GEOMETRIC_REPRESENTATION_CONTEXT(2) 
PARAMETRIC_REPRESENTATION_CONTEXT() REPRESENTATION_CONTEXT('2D SPACE',''
  ) );
#15295 = ORIENTED_EDGE('',*,*,#14873,.T.);
#15296 = ADVANCED_FACE('',(#15297),#15021,.T.);
#15297 = FACE_BOUND('',#15298,.T.);
#15298 = EDGE_LOOP('',(#15299,#15321,#15322));
#15299 = ORIENTED_EDGE('',*,*,#15300,.F.);
#15300 = EDGE_CURVE('',#15195,#14980,#15301,.T.);
#15301 = SURFACE_CURVE('',#15302,(#15307,#15314),.PCURVE_S1.);
#15302 = CIRCLE('',#15303,11.);
#15303 = AXIS2_PLACEMENT_3D('',#15304,#15305,#15306);
#15304 = CARTESIAN_POINT('',(-212.8,35.,63.5));
#15305 = DIRECTION('',(0.,1.,0.));
#15306 = DIRECTION('',(0.,-0.,1.));
#15307 = PCURVE('',#15021,#15308);
#15308 = DEFINITIONAL_REPRESENTATION('',(#15309),#15313);
#15309 = CIRCLE('',#15310,11.);
#15310 = AXIS2_PLACEMENT_2D('',#15311,#15312);
#15311 = CARTESIAN_POINT('',(9.,9.));
#15312 = DIRECTION('',(1.,0.));
#15313 = ( GEOMETRIC_REPRESENTATION_CONTEXT(2) 
PARAMETRIC_REPRESENTATION_CONTEXT() REPRESENTATION_CONTEXT('2D SPACE',''
  ) );
#15314 = PCURVE('',#15054,#15315);
#15315 = DEFINITIONAL_REPRESENTATION('',(#15316),#15320);
#15316 = LINE('',#15317,#15318);
#15317 = CARTESIAN_POINT('',(0.,0.));
#15318 = VECTOR('',#15319,1.);
#15319 = DIRECTION('',(1.,0.));
#15320 = ( GEOMETRIC_REPRESENTATION_CONTEXT(2) 
PARAMETRIC_REPRESENTATION_CONTEXT() REPRESENTATION_CONTEXT('2D SPACE',''
  ) );
#15321 = ORIENTED_EDGE('',*,*,#15222,.T.);
#15322 = ORIENTED_EDGE('',*,*,#15007,.T.);
#15323 = ADVANCED_FACE('',(#15324),#14995,.F.);
#15324 = FACE_BOUND('',#15325,.F.);
#15325 = EDGE_LOOP('',(#15326,#15350,#15372));
#15326 = ORIENTED_EDGE('',*,*,#15327,.T.);
#15327 = EDGE_CURVE('',#14980,#15328,#15330,.T.);
#15328 = VERTEX_POINT('',#15329);
#15329 = CARTESIAN_POINT('',(-212.8,35.,74.5));
#15330 = SURFACE_CURVE('',#15331,(#15336,#15343),.PCURVE_S1.);
#15331 = CIRCLE('',#15332,11.);
#15332 = AXIS2_PLACEMENT_3D('',#15333,#15334,#15335);
#15333 = CARTESIAN_POINT('',(-212.8,35.,63.5));
#15334 = DIRECTION('',(0.,1.,0.));
#15335 = DIRECTION('',(0.,-0.,1.));
#15336 = PCURVE('',#14995,#15337);
#15337 = DEFINITIONAL_REPRESENTATION('',(#15338),#15342);
#15338 = CIRCLE('',#15339,11.);
#15339 = AXIS2_PLACEMENT_2D('',#15340,#15341);
#15340 = CARTESIAN_POINT('',(0.,0.));
#15341 = DIRECTION('',(1.,0.));
#15342 = ( GEOMETRIC_REPRESENTATION_CONTEXT(2) 
PARAMETRIC_REPRESENTATION_CONTEXT() REPRESENTATION_CONTEXT('2D SPACE',''
  ) );
#15343 = PCURVE('',#15054,#15344);
#15344 = DEFINITIONAL_REPRESENTATION('',(#15345),#15349);
#15345 = LINE('',#15346,#15347);
#15346 = CARTESIAN_POINT('',(0.,0.));
#15347 = VECTOR('',#15348,1.);
#15348 = DIRECTION('',(1.,0.));
#15349 = ( GEOMETRIC_REPRESENTATION_CONTEXT(2) 
PARAMETRIC_REPRESENTATION_CONTEXT() REPRESENTATION_CONTEXT('2D SPACE',''
  ) );
#15350 = ORIENTED_EDGE('',*,*,#15351,.T.);
#15351 = EDGE_CURVE('',#15328,#14957,#15352,.T.);
#15352 = SURFACE_CURVE('',#15353,(#15358,#15365),.PCURVE_S1.);
#15353 = CIRCLE('',#15354,11.);
#15354 = AXIS2_PLACEMENT_3D('',#15355,#15356,#15357);
#15355 = CARTESIAN_POINT('',(-212.8,35.,63.5));
#15356 = DIRECTION('',(0.,1.,0.));
#15357 = DIRECTION('',(0.,-0.,1.));
#15358 = PCURVE('',#14995,#15359);
#15359 = DEFINITIONAL_REPRESENTATION('',(#15360),#15364);
#15360 = CIRCLE('',#15361,11.);
#15361 = AXIS2_PLACEMENT_2D('',#15362,#15363);
#15362 = CARTESIAN_POINT('',(0.,0.));
#15363 = DIRECTION('',(1.,0.));
#15364 = ( GEOMETRIC_REPRESENTATION_CONTEXT(2) 
PARAMETRIC_REPRESENTATION_CONTEXT() REPRESENTATION_CONTEXT('2D SPACE',''
  ) );
#15365 = PCURVE('',#15054,#15366);
#15366 = DEFINITIONAL_REPRESENTATION('',(#15367),#15371);
#15367 = LINE('',#15368,#15369);
#15368 = CARTESIAN_POINT('',(0.,0.));
#15369 = VECTOR('',#15370,1.);
#15370 = DIRECTION('',(1.,0.));
#15371 = ( GEOMETRIC_REPRESENTATION_CONTEXT(2) 
PARAMETRIC_REPRESENTATION_CONTEXT() REPRESENTATION_CONTEXT('2D SPACE',''
  ) );
#15372 = ORIENTED_EDGE('',*,*,#14979,.F.);
#15373 = ADVANCED_FACE('',(#15374),#15054,.T.);
#15374 = FACE_BOUND('',#15375,.T.);
#15375 = EDGE_LOOP('',(#15376,#15399,#15426,#15427,#15428,#15429,#15430,
    #15431,#15432,#15433,#15434,#15456,#15457));
#15376 = ORIENTED_EDGE('',*,*,#15377,.T.);
#15377 = EDGE_CURVE('',#15328,#15378,#15380,.T.);
#15378 = VERTEX_POINT('',#15379);
#15379 = CARTESIAN_POINT('',(-212.8,47.2,74.5));
#15380 = SEAM_CURVE('',#15381,(#15385,#15392),.PCURVE_S1.);
#15381 = LINE('',#15382,#15383);
#15382 = CARTESIAN_POINT('',(-212.8,35.,74.5));
#15383 = VECTOR('',#15384,1.);
#15384 = DIRECTION('',(0.,1.,0.));
#15385 = PCURVE('',#15054,#15386);
#15386 = DEFINITIONAL_REPRESENTATION('',(#15387),#15391);
#15387 = LINE('',#15388,#15389);
#15388 = CARTESIAN_POINT('',(6.28318530718,-0.));
#15389 = VECTOR('',#15390,1.);
#15390 = DIRECTION('',(0.,1.));
#15391 = ( GEOMETRIC_REPRESENTATION_CONTEXT(2) 
PARAMETRIC_REPRESENTATION_CONTEXT() REPRESENTATION_CONTEXT('2D SPACE',''
  ) );
#15392 = PCURVE('',#15054,#15393);
#15393 = DEFINITIONAL_REPRESENTATION('',(#15394),#15398);
#15394 = LINE('',#15395,#15396);
#15395 = CARTESIAN_POINT('',(0.,-0.));
#15396 = VECTOR('',#15397,1.);
#15397 = DIRECTION('',(0.,1.));
#15398 = ( GEOMETRIC_REPRESENTATION_CONTEXT(2) 
PARAMETRIC_REPRESENTATION_CONTEXT() REPRESENTATION_CONTEXT('2D SPACE',''
  ) );
#15399 = ORIENTED_EDGE('',*,*,#15400,.F.);
#15400 = EDGE_CURVE('',#15378,#15378,#15401,.T.);
#15401 = SURFACE_CURVE('',#15402,(#15407,#15414),.PCURVE_S1.);
#15402 = CIRCLE('',#15403,11.);
#15403 = AXIS2_PLACEMENT_3D('',#15404,#15405,#15406);
#15404 = CARTESIAN_POINT('',(-212.8,47.2,63.5));
#15405 = DIRECTION('',(0.,1.,0.));
#15406 = DIRECTION('',(0.,-0.,1.));
#15407 = PCURVE('',#15054,#15408);
#15408 = DEFINITIONAL_REPRESENTATION('',(#15409),#15413);
#15409 = LINE('',#15410,#15411);
#15410 = CARTESIAN_POINT('',(0.,12.2));
#15411 = VECTOR('',#15412,1.);
#15412 = DIRECTION('',(1.,0.));
#15413 = ( GEOMETRIC_REPRESENTATION_CONTEXT(2) 
PARAMETRIC_REPRESENTATION_CONTEXT() REPRESENTATION_CONTEXT('2D SPACE',''
  ) );
#15414 = PCURVE('',#15415,#15420);
#15415 = PLANE('',#15416);
#15416 = AXIS2_PLACEMENT_3D('',#15417,#15418,#15419);
#15417 = CARTESIAN_POINT('',(-212.8,47.2,63.5));
#15418 = DIRECTION('',(0.,1.,0.));
#15419 = DIRECTION('',(0.,-0.,1.));
#15420 = DEFINITIONAL_REPRESENTATION('',(#15421),#15425);
#15421 = CIRCLE('',#15422,11.);
#15422 = AXIS2_PLACEMENT_2D('',#15423,#15424);
#15423 = CARTESIAN_POINT('',(0.,0.));
#15424 = DIRECTION('',(1.,0.));
#15425 = ( GEOMETRIC_REPRESENTATION_CONTEXT(2) 
PARAMETRIC_REPRESENTATION_CONTEXT() REPRESENTATION_CONTEXT('2D SPACE',''
  ) );
#15426 = ORIENTED_EDGE('',*,*,#15377,.F.);
#15427 = ORIENTED_EDGE('',*,*,#15351,.T.);
#15428 = ORIENTED_EDGE('',*,*,#15088,.T.);
#15429 = ORIENTED_EDGE('',*,*,#15037,.T.);
#15430 = ORIENTED_EDGE('',*,*,#15143,.T.);
#15431 = ORIENTED_EDGE('',*,*,#15116,.T.);
#15432 = ORIENTED_EDGE('',*,*,#15274,.T.);
#15433 = ORIENTED_EDGE('',*,*,#15249,.T.);
#15434 = ORIENTED_EDGE('',*,*,#15435,.T.);
#15435 = EDGE_CURVE('',#15172,#15195,#15436,.T.);
#15436 = SURFACE_CURVE('',#15437,(#15442,#15449),.PCURVE_S1.);
#15437 = CIRCLE('',#15438,11.);
#15438 = AXIS2_PLACEMENT_3D('',#15439,#15440,#15441);
#15439 = CARTESIAN_POINT('',(-212.8,35.,63.5));
#15440 = DIRECTION('',(0.,1.,0.));
#15441 = DIRECTION('',(0.,-0.,1.));
#15442 = PCURVE('',#15054,#15443);
#15443 = DEFINITIONAL_REPRESENTATION('',(#15444),#15448);
#15444 = LINE('',#15445,#15446);
#15445 = CARTESIAN_POINT('',(0.,0.));
#15446 = VECTOR('',#15447,1.);
#15447 = DIRECTION('',(1.,0.));
#15448 = ( GEOMETRIC_REPRESENTATION_CONTEXT(2) 
PARAMETRIC_REPRESENTATION_CONTEXT() REPRESENTATION_CONTEXT('2D SPACE',''
  ) );
#15449 = PCURVE('',#15210,#15450);
#15450 = DEFINITIONAL_REPRESENTATION('',(#15451),#15455);
#15451 = CIRCLE('',#15452,11.);
#15452 = AXIS2_PLACEMENT_2D('',#15453,#15454);
#15453 = CARTESIAN_POINT('',(0.,0.));
#15454 = DIRECTION('',(1.,0.));
#15455 = ( GEOMETRIC_REPRESENTATION_CONTEXT(2) 
PARAMETRIC_REPRESENTATION_CONTEXT() REPRESENTATION_CONTEXT('2D SPACE',''
  ) );
#15456 = ORIENTED_EDGE('',*,*,#15300,.T.);
#15457 = ORIENTED_EDGE('',*,*,#15327,.T.);
#15458 = ADVANCED_FACE('',(#15459),#15210,.F.);
#15459 = FACE_BOUND('',#15460,.F.);
#15460 = EDGE_LOOP('',(#15461,#15462));
#15461 = ORIENTED_EDGE('',*,*,#15435,.T.);
#15462 = ORIENTED_EDGE('',*,*,#15194,.F.);
#15463 = ADVANCED_FACE('',(#15464,#15467),#15415,.T.);
#15464 = FACE_BOUND('',#15465,.T.);
#15465 = EDGE_LOOP('',(#15466));
#15466 = ORIENTED_EDGE('',*,*,#15400,.T.);
#15467 = FACE_BOUND('',#15468,.T.);
#15468 = EDGE_LOOP('',(#15469));
#15469 = ORIENTED_EDGE('',*,*,#15470,.T.);
#15470 = EDGE_CURVE('',#15471,#15471,#15473,.T.);
#15471 = VERTEX_POINT('',#15472);
#15472 = CARTESIAN_POINT('',(-212.8,47.2,55.5));
#15473 = SURFACE_CURVE('',#15474,(#15479,#15490),.PCURVE_S1.);
#15474 = CIRCLE('',#15475,8.);
#15475 = AXIS2_PLACEMENT_3D('',#15476,#15477,#15478);
#15476 = CARTESIAN_POINT('',(-212.8,47.2,63.5));
#15477 = DIRECTION('',(0.,-1.,0.));
#15478 = DIRECTION('',(0.,-0.,-1.));
#15479 = PCURVE('',#15415,#15480);
#15480 = DEFINITIONAL_REPRESENTATION('',(#15481),#15489);
#15481 = ( BOUNDED_CURVE() B_SPLINE_CURVE(2,(#15482,#15483,#15484,#15485
    ,#15486,#15487,#15488),.UNSPECIFIED.,.T.,.F.) 
B_SPLINE_CURVE_WITH_KNOTS((1,2,2,2,2,1),(-2.094395102393,0.,
    2.094395102393,4.188790204786,6.28318530718,8.377580409573),
.UNSPECIFIED.) CURVE() GEOMETRIC_REPRESENTATION_ITEM() 
RATIONAL_B_SPLINE_CURVE((1.,0.5,1.,0.5,1.,0.5,1.)) REPRESENTATION_ITEM(
  '') );
#15482 = CARTESIAN_POINT('',(-8.,0.));
#15483 = CARTESIAN_POINT('',(-8.,13.856406460551));
#15484 = CARTESIAN_POINT('',(4.,6.928203230276));
#15485 = CARTESIAN_POINT('',(16.,1.959434878636E-15));
#15486 = CARTESIAN_POINT('',(4.,-6.928203230276));
#15487 = CARTESIAN_POINT('',(-8.,-13.85640646055));
#15488 = CARTESIAN_POINT('',(-8.,0.));
#15489 = ( GEOMETRIC_REPRESENTATION_CONTEXT(2) 
PARAMETRIC_REPRESENTATION_CONTEXT() REPRESENTATION_CONTEXT('2D SPACE',''
  ) );
#15490 = PCURVE('',#15491,#15496);
#15491 = CYLINDRICAL_SURFACE('',#15492,8.);
#15492 = AXIS2_PLACEMENT_3D('',#15493,#15494,#15495);
#15493 = CARTESIAN_POINT('',(-212.8,47.3,63.5));
#15494 = DIRECTION('',(0.,-1.,0.));
#15495 = DIRECTION('',(0.,-0.,-1.));
#15496 = DEFINITIONAL_REPRESENTATION('',(#15497),#15501);
#15497 = LINE('',#15498,#15499);
#15498 = CARTESIAN_POINT('',(0.,0.1));
#15499 = VECTOR('',#15500,1.);
#15500 = DIRECTION('',(1.,0.));
#15501 = ( GEOMETRIC_REPRESENTATION_CONTEXT(2) 
PARAMETRIC_REPRESENTATION_CONTEXT() REPRESENTATION_CONTEXT('2D SPACE',''
  ) );
#15502 = ADVANCED_FACE('',(#15503),#15491,.F.);
#15503 = FACE_BOUND('',#15504,.F.);
#15504 = EDGE_LOOP('',(#15505,#15528,#15555,#15556));
#15505 = ORIENTED_EDGE('',*,*,#15506,.T.);
#15506 = EDGE_CURVE('',#15471,#15507,#15509,.T.);
#15507 = VERTEX_POINT('',#15508);
#15508 = CARTESIAN_POINT('',(-212.8,42.3,55.5));
#15509 = SEAM_CURVE('',#15510,(#15514,#15521),.PCURVE_S1.);
#15510 = LINE('',#15511,#15512);
#15511 = CARTESIAN_POINT('',(-212.8,47.3,55.5));
#15512 = VECTOR('',#15513,1.);
#15513 = DIRECTION('',(0.,-1.,0.));
#15514 = PCURVE('',#15491,#15515);
#15515 = DEFINITIONAL_REPRESENTATION('',(#15516),#15520);
#15516 = LINE('',#15517,#15518);
#15517 = CARTESIAN_POINT('',(6.28318530718,-0.));
#15518 = VECTOR('',#15519,1.);
#15519 = DIRECTION('',(0.,1.));
#15520 = ( GEOMETRIC_REPRESENTATION_CONTEXT(2) 
PARAMETRIC_REPRESENTATION_CONTEXT() REPRESENTATION_CONTEXT('2D SPACE',''
  ) );
#15521 = PCURVE('',#15491,#15522);
#15522 = DEFINITIONAL_REPRESENTATION('',(#15523),#15527);
#15523 = LINE('',#15524,#15525);
#15524 = CARTESIAN_POINT('',(0.,-0.));
#15525 = VECTOR('',#15526,1.);
#15526 = DIRECTION('',(0.,1.));
#15527 = ( GEOMETRIC_REPRESENTATION_CONTEXT(2) 
PARAMETRIC_REPRESENTATION_CONTEXT() REPRESENTATION_CONTEXT('2D SPACE',''
  ) );
#15528 = ORIENTED_EDGE('',*,*,#15529,.F.);
#15529 = EDGE_CURVE('',#15507,#15507,#15530,.T.);
#15530 = SURFACE_CURVE('',#15531,(#15536,#15543),.PCURVE_S1.);
#15531 = CIRCLE('',#15532,8.);
#15532 = AXIS2_PLACEMENT_3D('',#15533,#15534,#15535);
#15533 = CARTESIAN_POINT('',(-212.8,42.3,63.5));
#15534 = DIRECTION('',(0.,-1.,0.));
#15535 = DIRECTION('',(0.,-0.,-1.));
#15536 = PCURVE('',#15491,#15537);
#15537 = DEFINITIONAL_REPRESENTATION('',(#15538),#15542);
#15538 = LINE('',#15539,#15540);
#15539 = CARTESIAN_POINT('',(0.,5.));
#15540 = VECTOR('',#15541,1.);
#15541 = DIRECTION('',(1.,0.));
#15542 = ( GEOMETRIC_REPRESENTATION_CONTEXT(2) 
PARAMETRIC_REPRESENTATION_CONTEXT() REPRESENTATION_CONTEXT('2D SPACE',''
  ) );
#15543 = PCURVE('',#15544,#15549);
#15544 = PLANE('',#15545);
#15545 = AXIS2_PLACEMENT_3D('',#15546,#15547,#15548);
#15546 = CARTESIAN_POINT('',(-212.8,42.3,63.5));
#15547 = DIRECTION('',(0.,-1.,0.));
#15548 = DIRECTION('',(0.,-0.,-1.));
#15549 = DEFINITIONAL_REPRESENTATION('',(#15550),#15554);
#15550 = CIRCLE('',#15551,8.);
#15551 = AXIS2_PLACEMENT_2D('',#15552,#15553);
#15552 = CARTESIAN_POINT('',(0.,0.));
#15553 = DIRECTION('',(1.,0.));
#15554 = ( GEOMETRIC_REPRESENTATION_CONTEXT(2) 
PARAMETRIC_REPRESENTATION_CONTEXT() REPRESENTATION_CONTEXT('2D SPACE',''
  ) );
#15555 = ORIENTED_EDGE('',*,*,#15506,.F.);
#15556 = ORIENTED_EDGE('',*,*,#15470,.T.);
#15557 = ADVANCED_FACE('',(#15558),#15544,.F.);
#15558 = FACE_BOUND('',#15559,.F.);
#15559 = EDGE_LOOP('',(#15560));
#15560 = ORIENTED_EDGE('',*,*,#15529,.T.);
#15561 = ( GEOMETRIC_REPRESENTATION_CONTEXT(3) 
GLOBAL_UNCERTAINTY_ASSIGNED_CONTEXT((#15565)) 
GLOBAL_UNIT_ASSIGNED_CONTEXT((#15562,#15563,#15564)) 
REPRESENTATION_CONTEXT('Context #1',
  '3D Context with UNIT and UNCERTAINTY') );
#15562 = ( LENGTH_UNIT() NAMED_UNIT(*) SI_UNIT(.MILLI.,.METRE.) );
#15563 = ( NAMED_UNIT(*) PLANE_ANGLE_UNIT() SI_UNIT($,.RADIAN.) );
#15564 = ( NAMED_UNIT(*) SI_UNIT($,.STERADIAN.) SOLID_ANGLE_UNIT() );
#15565 = UNCERTAINTY_MEASURE_WITH_UNIT(LENGTH_MEASURE(1.E-07),#15562,
  'distance_accuracy_value','confusion accuracy');
#15566 = CONTEXT_DEPENDENT_SHAPE_REPRESENTATION(#15567,#15569);
#15567 = ( REPRESENTATION_RELATIONSHIP('','',#14272,#10) 
REPRESENTATION_RELATIONSHIP_WITH_TRANSFORMATION(#15568) 
SHAPE_REPRESENTATION_RELATIONSHIP() );
#15568 = ITEM_DEFINED_TRANSFORMATION('','',#11,#31);
#15569 = PRODUCT_DEFINITION_SHAPE('Placement','Placement of an item',
  #15570);
#15570 = NEXT_ASSEMBLY_USAGE_OCCURRENCE('11','REFERENCE_fitting_3','',#5
  ,#14267,$);
#15571 = PRODUCT_RELATED_PRODUCT_CATEGORY('part',$,(#14269));
#15572 = SHAPE_DEFINITION_REPRESENTATION(#15573,#15579);
#15573 = PRODUCT_DEFINITION_SHAPE('','',#15574);
#15574 = PRODUCT_DEFINITION('design','',#15575,#15578);
#15575 = PRODUCT_DEFINITION_FORMATION('','',#15576);
#15576 = PRODUCT('REFERENCE_fitting_4','REFERENCE_fitting_4','',(#15577)
  );
#15577 = PRODUCT_CONTEXT('',#2,'mechanical');
#15578 = PRODUCT_DEFINITION_CONTEXT('part definition',#2,'design');
#15579 = ADVANCED_BREP_SHAPE_REPRESENTATION('',(#11,#15580),#16852);
#15580 = MANIFOLD_SOLID_BREP('',#15581);
#15581 = CLOSED_SHELL('',(#15582,#15757,#15815,#15868,#15949,#16030,
    #16034,#16111,#16217,#16323,#16355,#16402,#16429,#16456,#16534,
    #16584,#16611,#16637,#16664,#16749,#16754,#16793,#16848));
#15582 = ADVANCED_FACE('',(#15583),#15598,.T.);
#15583 = FACE_BOUND('',#15584,.T.);
#15584 = EDGE_LOOP('',(#15585,#15621,#15644,#15671,#15672,#15701,#15730)
  );
#15585 = ORIENTED_EDGE('',*,*,#15586,.F.);
#15586 = EDGE_CURVE('',#15587,#15589,#15591,.T.);
#15587 = VERTEX_POINT('',#15588);
#15588 = CARTESIAN_POINT('',(203.8,26.,72.5));
#15589 = VERTEX_POINT('',#15590);
#15590 = CARTESIAN_POINT('',(203.8,17.,63.5));
#15591 = SURFACE_CURVE('',#15592,(#15597,#15609),.PCURVE_S1.);
#15592 = CIRCLE('',#15593,9.);
#15593 = AXIS2_PLACEMENT_3D('',#15594,#15595,#15596);
#15594 = CARTESIAN_POINT('',(203.8,26.,63.5));
#15595 = DIRECTION('',(1.,0.,0.));
#15596 = DIRECTION('',(-0.,0.,1.));
#15597 = PCURVE('',#15598,#15603);
#15598 = CYLINDRICAL_SURFACE('',#15599,9.);
#15599 = AXIS2_PLACEMENT_3D('',#15600,#15601,#15602);
#15600 = CARTESIAN_POINT('',(195.,26.,63.5));
#15601 = DIRECTION('',(1.,0.,0.));
#15602 = DIRECTION('',(-0.,0.,1.));
#15603 = DEFINITIONAL_REPRESENTATION('',(#15604),#15608);
#15604 = LINE('',#15605,#15606);
#15605 = CARTESIAN_POINT('',(0.,8.8));
#15606 = VECTOR('',#15607,1.);
#15607 = DIRECTION('',(1.,0.));
#15608 = ( GEOMETRIC_REPRESENTATION_CONTEXT(2) 
PARAMETRIC_REPRESENTATION_CONTEXT() REPRESENTATION_CONTEXT('2D SPACE',''
  ) );
#15609 = PCURVE('',#15610,#15615);
#15610 = PLANE('',#15611);
#15611 = AXIS2_PLACEMENT_3D('',#15612,#15613,#15614);
#15612 = CARTESIAN_POINT('',(203.8,17.,54.5));
#15613 = DIRECTION('',(1.,0.,0.));
#15614 = DIRECTION('',(0.,0.,1.));
#15615 = DEFINITIONAL_REPRESENTATION('',(#15616),#15620);
#15616 = CIRCLE('',#15617,9.);
#15617 = AXIS2_PLACEMENT_2D('',#15618,#15619);
#15618 = CARTESIAN_POINT('',(9.,-9.));
#15619 = DIRECTION('',(1.,0.));
#15620 = ( GEOMETRIC_REPRESENTATION_CONTEXT(2) 
PARAMETRIC_REPRESENTATION_CONTEXT() REPRESENTATION_CONTEXT('2D SPACE',''
  ) );
#15621 = ORIENTED_EDGE('',*,*,#15622,.F.);
#15622 = EDGE_CURVE('',#15623,#15587,#15625,.T.);
#15623 = VERTEX_POINT('',#15624);
#15624 = CARTESIAN_POINT('',(195.,26.,72.5));
#15625 = SEAM_CURVE('',#15626,(#15630,#15637),.PCURVE_S1.);
#15626 = LINE('',#15627,#15628);
#15627 = CARTESIAN_POINT('',(195.,26.,72.5));
#15628 = VECTOR('',#15629,1.);
#15629 = DIRECTION('',(1.,0.,0.));
#15630 = PCURVE('',#15598,#15631);
#15631 = DEFINITIONAL_REPRESENTATION('',(#15632),#15636);
#15632 = LINE('',#15633,#15634);
#15633 = CARTESIAN_POINT('',(6.28318530718,-0.));
#15634 = VECTOR('',#15635,1.);
#15635 = DIRECTION('',(0.,1.));
#15636 = ( GEOMETRIC_REPRESENTATION_CONTEXT(2) 
PARAMETRIC_REPRESENTATION_CONTEXT() REPRESENTATION_CONTEXT('2D SPACE',''
  ) );
#15637 = PCURVE('',#15598,#15638);
#15638 = DEFINITIONAL_REPRESENTATION('',(#15639),#15643);
#15639 = LINE('',#15640,#15641);
#15640 = CARTESIAN_POINT('',(0.,-0.));
#15641 = VECTOR('',#15642,1.);
#15642 = DIRECTION('',(0.,1.));
#15643 = ( GEOMETRIC_REPRESENTATION_CONTEXT(2) 
PARAMETRIC_REPRESENTATION_CONTEXT() REPRESENTATION_CONTEXT('2D SPACE',''
  ) );
#15644 = ORIENTED_EDGE('',*,*,#15645,.T.);
#15645 = EDGE_CURVE('',#15623,#15623,#15646,.T.);
#15646 = SURFACE_CURVE('',#15647,(#15652,#15659),.PCURVE_S1.);
#15647 = CIRCLE('',#15648,9.);
#15648 = AXIS2_PLACEMENT_3D('',#15649,#15650,#15651);
#15649 = CARTESIAN_POINT('',(195.,26.,63.5));
#15650 = DIRECTION('',(1.,0.,0.));
#15651 = DIRECTION('',(-0.,0.,1.));
#15652 = PCURVE('',#15598,#15653);
#15653 = DEFINITIONAL_REPRESENTATION('',(#15654),#15658);
#15654 = LINE('',#15655,#15656);
#15655 = CARTESIAN_POINT('',(0.,0.));
#15656 = VECTOR('',#15657,1.);
#15657 = DIRECTION('',(1.,0.));
#15658 = ( GEOMETRIC_REPRESENTATION_CONTEXT(2) 
PARAMETRIC_REPRESENTATION_CONTEXT() REPRESENTATION_CONTEXT('2D SPACE',''
  ) );
#15659 = PCURVE('',#15660,#15665);
#15660 = PLANE('',#15661);
#15661 = AXIS2_PLACEMENT_3D('',#15662,#15663,#15664);
#15662 = CARTESIAN_POINT('',(195.,26.,63.5));
#15663 = DIRECTION('',(1.,0.,0.));
#15664 = DIRECTION('',(-0.,0.,1.));
#15665 = DEFINITIONAL_REPRESENTATION('',(#15666),#15670);
#15666 = CIRCLE('',#15667,9.);
#15667 = AXIS2_PLACEMENT_2D('',#15668,#15669);
#15668 = CARTESIAN_POINT('',(0.,0.));
#15669 = DIRECTION('',(1.,0.));
#15670 = ( GEOMETRIC_REPRESENTATION_CONTEXT(2) 
PARAMETRIC_REPRESENTATION_CONTEXT() REPRESENTATION_CONTEXT('2D SPACE',''
  ) );
#15671 = ORIENTED_EDGE('',*,*,#15622,.T.);
#15672 = ORIENTED_EDGE('',*,*,#15673,.F.);
#15673 = EDGE_CURVE('',#15674,#15587,#15676,.T.);
#15674 = VERTEX_POINT('',#15675);
#15675 = CARTESIAN_POINT('',(203.8,35.,63.5));
#15676 = SURFACE_CURVE('',#15677,(#15682,#15689),.PCURVE_S1.);
#15677 = CIRCLE('',#15678,9.);
#15678 = AXIS2_PLACEMENT_3D('',#15679,#15680,#15681);
#15679 = CARTESIAN_POINT('',(203.8,26.,63.5));
#15680 = DIRECTION('',(1.,0.,0.));
#15681 = DIRECTION('',(-0.,0.,1.));
#15682 = PCURVE('',#15598,#15683);
#15683 = DEFINITIONAL_REPRESENTATION('',(#15684),#15688);
#15684 = LINE('',#15685,#15686);
#15685 = CARTESIAN_POINT('',(0.,8.8));
#15686 = VECTOR('',#15687,1.);
#15687 = DIRECTION('',(1.,0.));
#15688 = ( GEOMETRIC_REPRESENTATION_CONTEXT(2) 
PARAMETRIC_REPRESENTATION_CONTEXT() REPRESENTATION_CONTEXT('2D SPACE',''
  ) );
#15689 = PCURVE('',#15690,#15695);
#15690 = PLANE('',#15691);
#15691 = AXIS2_PLACEMENT_3D('',#15692,#15693,#15694);
#15692 = CARTESIAN_POINT('',(203.8,17.,54.5));
#15693 = DIRECTION('',(1.,0.,0.));
#15694 = DIRECTION('',(0.,0.,1.));
#15695 = DEFINITIONAL_REPRESENTATION('',(#15696),#15700);
#15696 = CIRCLE('',#15697,9.);
#15697 = AXIS2_PLACEMENT_2D('',#15698,#15699);
#15698 = CARTESIAN_POINT('',(9.,-9.));
#15699 = DIRECTION('',(1.,0.));
#15700 = ( GEOMETRIC_REPRESENTATION_CONTEXT(2) 
PARAMETRIC_REPRESENTATION_CONTEXT() REPRESENTATION_CONTEXT('2D SPACE',''
  ) );
#15701 = ORIENTED_EDGE('',*,*,#15702,.F.);
#15702 = EDGE_CURVE('',#15703,#15674,#15705,.T.);
#15703 = VERTEX_POINT('',#15704);
#15704 = CARTESIAN_POINT('',(203.8,26.,54.5));
#15705 = SURFACE_CURVE('',#15706,(#15711,#15718),.PCURVE_S1.);
#15706 = CIRCLE('',#15707,9.);
#15707 = AXIS2_PLACEMENT_3D('',#15708,#15709,#15710);
#15708 = CARTESIAN_POINT('',(203.8,26.,63.5));
#15709 = DIRECTION('',(1.,0.,0.));
#15710 = DIRECTION('',(-0.,0.,1.));
#15711 = PCURVE('',#15598,#15712);
#15712 = DEFINITIONAL_REPRESENTATION('',(#15713),#15717);
#15713 = LINE('',#15714,#15715);
#15714 = CARTESIAN_POINT('',(0.,8.8));
#15715 = VECTOR('',#15716,1.);
#15716 = DIRECTION('',(1.,0.));
#15717 = ( GEOMETRIC_REPRESENTATION_CONTEXT(2) 
PARAMETRIC_REPRESENTATION_CONTEXT() REPRESENTATION_CONTEXT('2D SPACE',''
  ) );
#15718 = PCURVE('',#15719,#15724);
#15719 = PLANE('',#15720);
#15720 = AXIS2_PLACEMENT_3D('',#15721,#15722,#15723);
#15721 = CARTESIAN_POINT('',(203.8,17.,54.5));
#15722 = DIRECTION('',(1.,0.,0.));
#15723 = DIRECTION('',(0.,0.,1.));
#15724 = DEFINITIONAL_REPRESENTATION('',(#15725),#15729);
#15725 = CIRCLE('',#15726,9.);
#15726 = AXIS2_PLACEMENT_2D('',#15727,#15728);
#15727 = CARTESIAN_POINT('',(9.,-9.));
#15728 = DIRECTION('',(1.,0.));
#15729 = ( GEOMETRIC_REPRESENTATION_CONTEXT(2) 
PARAMETRIC_REPRESENTATION_CONTEXT() REPRESENTATION_CONTEXT('2D SPACE',''
  ) );
#15730 = ORIENTED_EDGE('',*,*,#15731,.F.);
#15731 = EDGE_CURVE('',#15589,#15703,#15732,.T.);
#15732 = SURFACE_CURVE('',#15733,(#15738,#15745),.PCURVE_S1.);
#15733 = CIRCLE('',#15734,9.);
#15734 = AXIS2_PLACEMENT_3D('',#15735,#15736,#15737);
#15735 = CARTESIAN_POINT('',(203.8,26.,63.5));
#15736 = DIRECTION('',(1.,0.,0.));
#15737 = DIRECTION('',(-0.,0.,1.));
#15738 = PCURVE('',#15598,#15739);
#15739 = DEFINITIONAL_REPRESENTATION('',(#15740),#15744);
#15740 = LINE('',#15741,#15742);
#15741 = CARTESIAN_POINT('',(0.,8.8));
#15742 = VECTOR('',#15743,1.);
#15743 = DIRECTION('',(1.,0.));
#15744 = ( GEOMETRIC_REPRESENTATION_CONTEXT(2) 
PARAMETRIC_REPRESENTATION_CONTEXT() REPRESENTATION_CONTEXT('2D SPACE',''
  ) );
#15745 = PCURVE('',#15746,#15751);
#15746 = PLANE('',#15747);
#15747 = AXIS2_PLACEMENT_3D('',#15748,#15749,#15750);
#15748 = CARTESIAN_POINT('',(203.8,17.,54.5));
#15749 = DIRECTION('',(1.,0.,0.));
#15750 = DIRECTION('',(0.,0.,1.));
#15751 = DEFINITIONAL_REPRESENTATION('',(#15752),#15756);
#15752 = CIRCLE('',#15753,9.);
#15753 = AXIS2_PLACEMENT_2D('',#15754,#15755);
#15754 = CARTESIAN_POINT('',(9.,-9.));
#15755 = DIRECTION('',(1.,0.));
#15756 = ( GEOMETRIC_REPRESENTATION_CONTEXT(2) 
PARAMETRIC_REPRESENTATION_CONTEXT() REPRESENTATION_CONTEXT('2D SPACE',''
  ) );
#15757 = ADVANCED_FACE('',(#15758),#15610,.F.);
#15758 = FACE_BOUND('',#15759,.F.);
#15759 = EDGE_LOOP('',(#15760,#15788,#15789));
#15760 = ORIENTED_EDGE('',*,*,#15761,.F.);
#15761 = EDGE_CURVE('',#15589,#15762,#15764,.T.);
#15762 = VERTEX_POINT('',#15763);
#15763 = CARTESIAN_POINT('',(203.8,17.,72.5));
#15764 = SURFACE_CURVE('',#15765,(#15769,#15776),.PCURVE_S1.);
#15765 = LINE('',#15766,#15767);
#15766 = CARTESIAN_POINT('',(203.8,17.,54.5));
#15767 = VECTOR('',#15768,1.);
#15768 = DIRECTION('',(0.,0.,1.));
#15769 = PCURVE('',#15610,#15770);
#15770 = DEFINITIONAL_REPRESENTATION('',(#15771),#15775);
#15771 = LINE('',#15772,#15773);
#15772 = CARTESIAN_POINT('',(0.,0.));
#15773 = VECTOR('',#15774,1.);
#15774 = DIRECTION('',(1.,0.));
#15775 = ( GEOMETRIC_REPRESENTATION_CONTEXT(2) 
PARAMETRIC_REPRESENTATION_CONTEXT() REPRESENTATION_CONTEXT('2D SPACE',''
  ) );
#15776 = PCURVE('',#15777,#15782);
#15777 = PLANE('',#15778);
#15778 = AXIS2_PLACEMENT_3D('',#15779,#15780,#15781);
#15779 = CARTESIAN_POINT('',(203.8,17.,54.5));
#15780 = DIRECTION('',(0.,1.,0.));
#15781 = DIRECTION('',(0.,0.,1.));
#15782 = DEFINITIONAL_REPRESENTATION('',(#15783),#15787);
#15783 = LINE('',#15784,#15785);
#15784 = CARTESIAN_POINT('',(0.,0.));
#15785 = VECTOR('',#15786,1.);
#15786 = DIRECTION('',(1.,0.));
#15787 = ( GEOMETRIC_REPRESENTATION_CONTEXT(2) 
PARAMETRIC_REPRESENTATION_CONTEXT() REPRESENTATION_CONTEXT('2D SPACE',''
  ) );
#15788 = ORIENTED_EDGE('',*,*,#15586,.F.);
#15789 = ORIENTED_EDGE('',*,*,#15790,.F.);
#15790 = EDGE_CURVE('',#15762,#15587,#15791,.T.);
#15791 = SURFACE_CURVE('',#15792,(#15796,#15803),.PCURVE_S1.);
#15792 = LINE('',#15793,#15794);
#15793 = CARTESIAN_POINT('',(203.8,17.,72.5));
#15794 = VECTOR('',#15795,1.);
#15795 = DIRECTION('',(0.,1.,0.));
#15796 = PCURVE('',#15610,#15797);
#15797 = DEFINITIONAL_REPRESENTATION('',(#15798),#15802);
#15798 = LINE('',#15799,#15800);
#15799 = CARTESIAN_POINT('',(18.,0.));
#15800 = VECTOR('',#15801,1.);
#15801 = DIRECTION('',(0.,-1.));
#15802 = ( GEOMETRIC_REPRESENTATION_CONTEXT(2) 
PARAMETRIC_REPRESENTATION_CONTEXT() REPRESENTATION_CONTEXT('2D SPACE',''
  ) );
#15803 = PCURVE('',#15804,#15809);
#15804 = PLANE('',#15805);
#15805 = AXIS2_PLACEMENT_3D('',#15806,#15807,#15808);
#15806 = CARTESIAN_POINT('',(203.8,17.,72.5));
#15807 = DIRECTION('',(0.,0.,1.));
#15808 = DIRECTION('',(1.,0.,0.));
#15809 = DEFINITIONAL_REPRESENTATION('',(#15810),#15814);
#15810 = LINE('',#15811,#15812);
#15811 = CARTESIAN_POINT('',(0.,0.));
#15812 = VECTOR('',#15813,1.);
#15813 = DIRECTION('',(0.,1.));
#15814 = ( GEOMETRIC_REPRESENTATION_CONTEXT(2) 
PARAMETRIC_REPRESENTATION_CONTEXT() REPRESENTATION_CONTEXT('2D SPACE',''
  ) );
#15815 = ADVANCED_FACE('',(#15816),#15746,.F.);
#15816 = FACE_BOUND('',#15817,.F.);
#15817 = EDGE_LOOP('',(#15818,#15841,#15867));
#15818 = ORIENTED_EDGE('',*,*,#15819,.F.);
#15819 = EDGE_CURVE('',#15820,#15589,#15822,.T.);
#15820 = VERTEX_POINT('',#15821);
#15821 = CARTESIAN_POINT('',(203.8,17.,54.5));
#15822 = SURFACE_CURVE('',#15823,(#15827,#15834),.PCURVE_S1.);
#15823 = LINE('',#15824,#15825);
#15824 = CARTESIAN_POINT('',(203.8,17.,54.5));
#15825 = VECTOR('',#15826,1.);
#15826 = DIRECTION('',(0.,0.,1.));
#15827 = PCURVE('',#15746,#15828);
#15828 = DEFINITIONAL_REPRESENTATION('',(#15829),#15833);
#15829 = LINE('',#15830,#15831);
#15830 = CARTESIAN_POINT('',(0.,0.));
#15831 = VECTOR('',#15832,1.);
#15832 = DIRECTION('',(1.,0.));
#15833 = ( GEOMETRIC_REPRESENTATION_CONTEXT(2) 
PARAMETRIC_REPRESENTATION_CONTEXT() REPRESENTATION_CONTEXT('2D SPACE',''
  ) );
#15834 = PCURVE('',#15777,#15835);
#15835 = DEFINITIONAL_REPRESENTATION('',(#15836),#15840);
#15836 = LINE('',#15837,#15838);
#15837 = CARTESIAN_POINT('',(0.,0.));
#15838 = VECTOR('',#15839,1.);
#15839 = DIRECTION('',(1.,0.));
#15840 = ( GEOMETRIC_REPRESENTATION_CONTEXT(2) 
PARAMETRIC_REPRESENTATION_CONTEXT() REPRESENTATION_CONTEXT('2D SPACE',''
  ) );
#15841 = ORIENTED_EDGE('',*,*,#15842,.T.);
#15842 = EDGE_CURVE('',#15820,#15703,#15843,.T.);
#15843 = SURFACE_CURVE('',#15844,(#15848,#15855),.PCURVE_S1.);
#15844 = LINE('',#15845,#15846);
#15845 = CARTESIAN_POINT('',(203.8,17.,54.5));
#15846 = VECTOR('',#15847,1.);
#15847 = DIRECTION('',(0.,1.,0.));
#15848 = PCURVE('',#15746,#15849);
#15849 = DEFINITIONAL_REPRESENTATION('',(#15850),#15854);
#15850 = LINE('',#15851,#15852);
#15851 = CARTESIAN_POINT('',(0.,0.));
#15852 = VECTOR('',#15853,1.);
#15853 = DIRECTION('',(0.,-1.));
#15854 = ( GEOMETRIC_REPRESENTATION_CONTEXT(2) 
PARAMETRIC_REPRESENTATION_CONTEXT() REPRESENTATION_CONTEXT('2D SPACE',''
  ) );
#15855 = PCURVE('',#15856,#15861);
#15856 = PLANE('',#15857);
#15857 = AXIS2_PLACEMENT_3D('',#15858,#15859,#15860);
#15858 = CARTESIAN_POINT('',(203.8,17.,54.5));
#15859 = DIRECTION('',(0.,0.,1.));
#15860 = DIRECTION('',(1.,0.,0.));
#15861 = DEFINITIONAL_REPRESENTATION('',(#15862),#15866);
#15862 = LINE('',#15863,#15864);
#15863 = CARTESIAN_POINT('',(0.,0.));
#15864 = VECTOR('',#15865,1.);
#15865 = DIRECTION('',(0.,1.));
#15866 = ( GEOMETRIC_REPRESENTATION_CONTEXT(2) 
PARAMETRIC_REPRESENTATION_CONTEXT() REPRESENTATION_CONTEXT('2D SPACE',''
  ) );
#15867 = ORIENTED_EDGE('',*,*,#15731,.F.);
#15868 = ADVANCED_FACE('',(#15869),#15719,.F.);
#15869 = FACE_BOUND('',#15870,.F.);
#15870 = EDGE_LOOP('',(#15871,#15872,#15895,#15923));
#15871 = ORIENTED_EDGE('',*,*,#15702,.F.);
#15872 = ORIENTED_EDGE('',*,*,#15873,.T.);
#15873 = EDGE_CURVE('',#15703,#15874,#15876,.T.);
#15874 = VERTEX_POINT('',#15875);
#15875 = CARTESIAN_POINT('',(203.8,35.,54.5));
#15876 = SURFACE_CURVE('',#15877,(#15881,#15888),.PCURVE_S1.);
#15877 = LINE('',#15878,#15879);
#15878 = CARTESIAN_POINT('',(203.8,17.,54.5));
#15879 = VECTOR('',#15880,1.);
#15880 = DIRECTION('',(0.,1.,0.));
#15881 = PCURVE('',#15719,#15882);
#15882 = DEFINITIONAL_REPRESENTATION('',(#15883),#15887);
#15883 = LINE('',#15884,#15885);
#15884 = CARTESIAN_POINT('',(0.,0.));
#15885 = VECTOR('',#15886,1.);
#15886 = DIRECTION('',(0.,-1.));
#15887 = ( GEOMETRIC_REPRESENTATION_CONTEXT(2) 
PARAMETRIC_REPRESENTATION_CONTEXT() REPRESENTATION_CONTEXT('2D SPACE',''
  ) );
#15888 = PCURVE('',#15856,#15889);
#15889 = DEFINITIONAL_REPRESENTATION('',(#15890),#15894);
#15890 = LINE('',#15891,#15892);
#15891 = CARTESIAN_POINT('',(0.,0.));
#15892 = VECTOR('',#15893,1.);
#15893 = DIRECTION('',(0.,1.));
#15894 = ( GEOMETRIC_REPRESENTATION_CONTEXT(2) 
PARAMETRIC_REPRESENTATION_CONTEXT() REPRESENTATION_CONTEXT('2D SPACE',''
  ) );
#15895 = ORIENTED_EDGE('',*,*,#15896,.T.);
#15896 = EDGE_CURVE('',#15874,#15897,#15899,.T.);
#15897 = VERTEX_POINT('',#15898);
#15898 = CARTESIAN_POINT('',(203.8,35.,57.175444679663));
#15899 = SURFACE_CURVE('',#15900,(#15904,#15911),.PCURVE_S1.);
#15900 = LINE('',#15901,#15902);
#15901 = CARTESIAN_POINT('',(203.8,35.,54.5));
#15902 = VECTOR('',#15903,1.);
#15903 = DIRECTION('',(0.,0.,1.));
#15904 = PCURVE('',#15719,#15905);
#15905 = DEFINITIONAL_REPRESENTATION('',(#15906),#15910);
#15906 = LINE('',#15907,#15908);
#15907 = CARTESIAN_POINT('',(0.,-18.));
#15908 = VECTOR('',#15909,1.);
#15909 = DIRECTION('',(1.,0.));
#15910 = ( GEOMETRIC_REPRESENTATION_CONTEXT(2) 
PARAMETRIC_REPRESENTATION_CONTEXT() REPRESENTATION_CONTEXT('2D SPACE',''
  ) );
#15911 = PCURVE('',#15912,#15917);
#15912 = PLANE('',#15913);
#15913 = AXIS2_PLACEMENT_3D('',#15914,#15915,#15916);
#15914 = CARTESIAN_POINT('',(203.8,35.,54.5));
#15915 = DIRECTION('',(0.,1.,0.));
#15916 = DIRECTION('',(0.,0.,1.));
#15917 = DEFINITIONAL_REPRESENTATION('',(#15918),#15922);
#15918 = LINE('',#15919,#15920);
#15919 = CARTESIAN_POINT('',(0.,0.));
#15920 = VECTOR('',#15921,1.);
#15921 = DIRECTION('',(1.,0.));
#15922 = ( GEOMETRIC_REPRESENTATION_CONTEXT(2) 
PARAMETRIC_REPRESENTATION_CONTEXT() REPRESENTATION_CONTEXT('2D SPACE',''
  ) );
#15923 = ORIENTED_EDGE('',*,*,#15924,.T.);
#15924 = EDGE_CURVE('',#15897,#15674,#15925,.T.);
#15925 = SURFACE_CURVE('',#15926,(#15930,#15937),.PCURVE_S1.);
#15926 = LINE('',#15927,#15928);
#15927 = CARTESIAN_POINT('',(203.8,35.,54.5));
#15928 = VECTOR('',#15929,1.);
#15929 = DIRECTION('',(0.,0.,1.));
#15930 = PCURVE('',#15719,#15931);
#15931 = DEFINITIONAL_REPRESENTATION('',(#15932),#15936);
#15932 = LINE('',#15933,#15934);
#15933 = CARTESIAN_POINT('',(0.,-18.));
#15934 = VECTOR('',#15935,1.);
#15935 = DIRECTION('',(1.,0.));
#15936 = ( GEOMETRIC_REPRESENTATION_CONTEXT(2) 
PARAMETRIC_REPRESENTATION_CONTEXT() REPRESENTATION_CONTEXT('2D SPACE',''
  ) );
#15937 = PCURVE('',#15938,#15943);
#15938 = PLANE('',#15939);
#15939 = AXIS2_PLACEMENT_3D('',#15940,#15941,#15942);
#15940 = CARTESIAN_POINT('',(212.8,35.,63.5));
#15941 = DIRECTION('',(0.,1.,0.));
#15942 = DIRECTION('',(0.,-0.,1.));
#15943 = DEFINITIONAL_REPRESENTATION('',(#15944),#15948);
#15944 = LINE('',#15945,#15946);
#15945 = CARTESIAN_POINT('',(-9.,-9.));
#15946 = VECTOR('',#15947,1.);
#15947 = DIRECTION('',(1.,0.));
#15948 = ( GEOMETRIC_REPRESENTATION_CONTEXT(2) 
PARAMETRIC_REPRESENTATION_CONTEXT() REPRESENTATION_CONTEXT('2D SPACE',''
  ) );
#15949 = ADVANCED_FACE('',(#15950),#15690,.F.);
#15950 = FACE_BOUND('',#15951,.F.);
#15951 = EDGE_LOOP('',(#15952,#15975,#15976,#16004));
#15952 = ORIENTED_EDGE('',*,*,#15953,.F.);
#15953 = EDGE_CURVE('',#15587,#15954,#15956,.T.);
#15954 = VERTEX_POINT('',#15955);
#15955 = CARTESIAN_POINT('',(203.8,35.,72.5));
#15956 = SURFACE_CURVE('',#15957,(#15961,#15968),.PCURVE_S1.);
#15957 = LINE('',#15958,#15959);
#15958 = CARTESIAN_POINT('',(203.8,17.,72.5));
#15959 = VECTOR('',#15960,1.);
#15960 = DIRECTION('',(0.,1.,0.));
#15961 = PCURVE('',#15690,#15962);
#15962 = DEFINITIONAL_REPRESENTATION('',(#15963),#15967);
#15963 = LINE('',#15964,#15965);
#15964 = CARTESIAN_POINT('',(18.,0.));
#15965 = VECTOR('',#15966,1.);
#15966 = DIRECTION('',(0.,-1.));
#15967 = ( GEOMETRIC_REPRESENTATION_CONTEXT(2) 
PARAMETRIC_REPRESENTATION_CONTEXT() REPRESENTATION_CONTEXT('2D SPACE',''
  ) );
#15968 = PCURVE('',#15804,#15969);
#15969 = DEFINITIONAL_REPRESENTATION('',(#15970),#15974);
#15970 = LINE('',#15971,#15972);
#15971 = CARTESIAN_POINT('',(0.,0.));
#15972 = VECTOR('',#15973,1.);
#15973 = DIRECTION('',(0.,1.));
#15974 = ( GEOMETRIC_REPRESENTATION_CONTEXT(2) 
PARAMETRIC_REPRESENTATION_CONTEXT() REPRESENTATION_CONTEXT('2D SPACE',''
  ) );
#15975 = ORIENTED_EDGE('',*,*,#15673,.F.);
#15976 = ORIENTED_EDGE('',*,*,#15977,.T.);
#15977 = EDGE_CURVE('',#15674,#15978,#15980,.T.);
#15978 = VERTEX_POINT('',#15979);
#15979 = CARTESIAN_POINT('',(203.8,35.,69.824555320336));
#15980 = SURFACE_CURVE('',#15981,(#15985,#15992),.PCURVE_S1.);
#15981 = LINE('',#15982,#15983);
#15982 = CARTESIAN_POINT('',(203.8,35.,54.5));
#15983 = VECTOR('',#15984,1.);
#15984 = DIRECTION('',(0.,0.,1.));
#15985 = PCURVE('',#15690,#15986);
#15986 = DEFINITIONAL_REPRESENTATION('',(#15987),#15991);
#15987 = LINE('',#15988,#15989);
#15988 = CARTESIAN_POINT('',(0.,-18.));
#15989 = VECTOR('',#15990,1.);
#15990 = DIRECTION('',(1.,0.));
#15991 = ( GEOMETRIC_REPRESENTATION_CONTEXT(2) 
PARAMETRIC_REPRESENTATION_CONTEXT() REPRESENTATION_CONTEXT('2D SPACE',''
  ) );
#15992 = PCURVE('',#15993,#15998);
#15993 = PLANE('',#15994);
#15994 = AXIS2_PLACEMENT_3D('',#15995,#15996,#15997);
#15995 = CARTESIAN_POINT('',(212.8,35.,63.5));
#15996 = DIRECTION('',(0.,1.,0.));
#15997 = DIRECTION('',(0.,-0.,1.));
#15998 = DEFINITIONAL_REPRESENTATION('',(#15999),#16003);
#15999 = LINE('',#16000,#16001);
#16000 = CARTESIAN_POINT('',(-9.,-9.));
#16001 = VECTOR('',#16002,1.);
#16002 = DIRECTION('',(1.,0.));
#16003 = ( GEOMETRIC_REPRESENTATION_CONTEXT(2) 
PARAMETRIC_REPRESENTATION_CONTEXT() REPRESENTATION_CONTEXT('2D SPACE',''
  ) );
#16004 = ORIENTED_EDGE('',*,*,#16005,.T.);
#16005 = EDGE_CURVE('',#15978,#15954,#16006,.T.);
#16006 = SURFACE_CURVE('',#16007,(#16011,#16018),.PCURVE_S1.);
#16007 = LINE('',#16008,#16009);
#16008 = CARTESIAN_POINT('',(203.8,35.,54.5));
#16009 = VECTOR('',#16010,1.);
#16010 = DIRECTION('',(0.,0.,1.));
#16011 = PCURVE('',#15690,#16012);
#16012 = DEFINITIONAL_REPRESENTATION('',(#16013),#16017);
#16013 = LINE('',#16014,#16015);
#16014 = CARTESIAN_POINT('',(0.,-18.));
#16015 = VECTOR('',#16016,1.);
#16016 = DIRECTION('',(1.,0.));
#16017 = ( GEOMETRIC_REPRESENTATION_CONTEXT(2) 
PARAMETRIC_REPRESENTATION_CONTEXT() REPRESENTATION_CONTEXT('2D SPACE',''
  ) );
#16018 = PCURVE('',#16019,#16024);
#16019 = PLANE('',#16020);
#16020 = AXIS2_PLACEMENT_3D('',#16021,#16022,#16023);
#16021 = CARTESIAN_POINT('',(203.8,35.,54.5));
#16022 = DIRECTION('',(0.,1.,0.));
#16023 = DIRECTION('',(0.,0.,1.));
#16024 = DEFINITIONAL_REPRESENTATION('',(#16025),#16029);
#16025 = LINE('',#16026,#16027);
#16026 = CARTESIAN_POINT('',(0.,0.));
#16027 = VECTOR('',#16028,1.);
#16028 = DIRECTION('',(1.,0.));
#16029 = ( GEOMETRIC_REPRESENTATION_CONTEXT(2) 
PARAMETRIC_REPRESENTATION_CONTEXT() REPRESENTATION_CONTEXT('2D SPACE',''
  ) );
#16030 = ADVANCED_FACE('',(#16031),#15660,.F.);
#16031 = FACE_BOUND('',#16032,.T.);
#16032 = EDGE_LOOP('',(#16033));
#16033 = ORIENTED_EDGE('',*,*,#15645,.F.);
#16034 = ADVANCED_FACE('',(#16035),#15777,.F.);
#16035 = FACE_BOUND('',#16036,.F.);
#16036 = EDGE_LOOP('',(#16037,#16060,#16061,#16062,#16085));
#16037 = ORIENTED_EDGE('',*,*,#16038,.F.);
#16038 = EDGE_CURVE('',#15820,#16039,#16041,.T.);
#16039 = VERTEX_POINT('',#16040);
#16040 = CARTESIAN_POINT('',(221.8,17.,54.5));
#16041 = SURFACE_CURVE('',#16042,(#16046,#16053),.PCURVE_S1.);
#16042 = LINE('',#16043,#16044);
#16043 = CARTESIAN_POINT('',(203.8,17.,54.5));
#16044 = VECTOR('',#16045,1.);
#16045 = DIRECTION('',(1.,0.,0.));
#16046 = PCURVE('',#15777,#16047);
#16047 = DEFINITIONAL_REPRESENTATION('',(#16048),#16052);
#16048 = LINE('',#16049,#16050);
#16049 = CARTESIAN_POINT('',(0.,0.));
#16050 = VECTOR('',#16051,1.);
#16051 = DIRECTION('',(0.,1.));
#16052 = ( GEOMETRIC_REPRESENTATION_CONTEXT(2) 
PARAMETRIC_REPRESENTATION_CONTEXT() REPRESENTATION_CONTEXT('2D SPACE',''
  ) );
#16053 = PCURVE('',#15856,#16054);
#16054 = DEFINITIONAL_REPRESENTATION('',(#16055),#16059);
#16055 = LINE('',#16056,#16057);
#16056 = CARTESIAN_POINT('',(0.,0.));
#16057 = VECTOR('',#16058,1.);
#16058 = DIRECTION('',(1.,0.));
#16059 = ( GEOMETRIC_REPRESENTATION_CONTEXT(2) 
PARAMETRIC_REPRESENTATION_CONTEXT() REPRESENTATION_CONTEXT('2D SPACE',''
  ) );
#16060 = ORIENTED_EDGE('',*,*,#15819,.T.);
#16061 = ORIENTED_EDGE('',*,*,#15761,.T.);
#16062 = ORIENTED_EDGE('',*,*,#16063,.T.);
#16063 = EDGE_CURVE('',#15762,#16064,#16066,.T.);
#16064 = VERTEX_POINT('',#16065);
#16065 = CARTESIAN_POINT('',(221.8,17.,72.5));
#16066 = SURFACE_CURVE('',#16067,(#16071,#16078),.PCURVE_S1.);
#16067 = LINE('',#16068,#16069);
#16068 = CARTESIAN_POINT('',(203.8,17.,72.5));
#16069 = VECTOR('',#16070,1.);
#16070 = DIRECTION('',(1.,0.,0.));
#16071 = PCURVE('',#15777,#16072);
#16072 = DEFINITIONAL_REPRESENTATION('',(#16073),#16077);
#16073 = LINE('',#16074,#16075);
#16074 = CARTESIAN_POINT('',(18.,0.));
#16075 = VECTOR('',#16076,1.);
#16076 = DIRECTION('',(0.,1.));
#16077 = ( GEOMETRIC_REPRESENTATION_CONTEXT(2) 
PARAMETRIC_REPRESENTATION_CONTEXT() REPRESENTATION_CONTEXT('2D SPACE',''
  ) );
#16078 = PCURVE('',#15804,#16079);
#16079 = DEFINITIONAL_REPRESENTATION('',(#16080),#16084);
#16080 = LINE('',#16081,#16082);
#16081 = CARTESIAN_POINT('',(0.,0.));
#16082 = VECTOR('',#16083,1.);
#16083 = DIRECTION('',(1.,0.));
#16084 = ( GEOMETRIC_REPRESENTATION_CONTEXT(2) 
PARAMETRIC_REPRESENTATION_CONTEXT() REPRESENTATION_CONTEXT('2D SPACE',''
  ) );
#16085 = ORIENTED_EDGE('',*,*,#16086,.F.);
#16086 = EDGE_CURVE('',#16039,#16064,#16087,.T.);
#16087 = SURFACE_CURVE('',#16088,(#16092,#16099),.PCURVE_S1.);
#16088 = LINE('',#16089,#16090);
#16089 = CARTESIAN_POINT('',(221.8,17.,54.5));
#16090 = VECTOR('',#16091,1.);
#16091 = DIRECTION('',(0.,0.,1.));
#16092 = PCURVE('',#15777,#16093);
#16093 = DEFINITIONAL_REPRESENTATION('',(#16094),#16098);
#16094 = LINE('',#16095,#16096);
#16095 = CARTESIAN_POINT('',(0.,18.));
#16096 = VECTOR('',#16097,1.);
#16097 = DIRECTION('',(1.,0.));
#16098 = ( GEOMETRIC_REPRESENTATION_CONTEXT(2) 
PARAMETRIC_REPRESENTATION_CONTEXT() REPRESENTATION_CONTEXT('2D SPACE',''
  ) );
#16099 = PCURVE('',#16100,#16105);
#16100 = PLANE('',#16101);
#16101 = AXIS2_PLACEMENT_3D('',#16102,#16103,#16104);
#16102 = CARTESIAN_POINT('',(221.8,17.,54.5));
#16103 = DIRECTION('',(1.,0.,0.));
#16104 = DIRECTION('',(0.,0.,1.));
#16105 = DEFINITIONAL_REPRESENTATION('',(#16106),#16110);
#16106 = LINE('',#16107,#16108);
#16107 = CARTESIAN_POINT('',(0.,0.));
#16108 = VECTOR('',#16109,1.);
#16109 = DIRECTION('',(1.,0.));
#16110 = ( GEOMETRIC_REPRESENTATION_CONTEXT(2) 
PARAMETRIC_REPRESENTATION_CONTEXT() REPRESENTATION_CONTEXT('2D SPACE',''
  ) );
#16111 = ADVANCED_FACE('',(#16112),#15804,.T.);
#16112 = FACE_BOUND('',#16113,.T.);
#16113 = EDGE_LOOP('',(#16114,#16115,#16116,#16139,#16167,#16195,#16216)
  );
#16114 = ORIENTED_EDGE('',*,*,#15790,.F.);
#16115 = ORIENTED_EDGE('',*,*,#16063,.T.);
#16116 = ORIENTED_EDGE('',*,*,#16117,.T.);
#16117 = EDGE_CURVE('',#16064,#16118,#16120,.T.);
#16118 = VERTEX_POINT('',#16119);
#16119 = CARTESIAN_POINT('',(221.8,35.,72.5));
#16120 = SURFACE_CURVE('',#16121,(#16125,#16132),.PCURVE_S1.);
#16121 = LINE('',#16122,#16123);
#16122 = CARTESIAN_POINT('',(221.8,17.,72.5));
#16123 = VECTOR('',#16124,1.);
#16124 = DIRECTION('',(0.,1.,0.));
#16125 = PCURVE('',#15804,#16126);
#16126 = DEFINITIONAL_REPRESENTATION('',(#16127),#16131);
#16127 = LINE('',#16128,#16129);
#16128 = CARTESIAN_POINT('',(18.,0.));
#16129 = VECTOR('',#16130,1.);
#16130 = DIRECTION('',(0.,1.));
#16131 = ( GEOMETRIC_REPRESENTATION_CONTEXT(2) 
PARAMETRIC_REPRESENTATION_CONTEXT() REPRESENTATION_CONTEXT('2D SPACE',''
  ) );
#16132 = PCURVE('',#16100,#16133);
#16133 = DEFINITIONAL_REPRESENTATION('',(#16134),#16138);
#16134 = LINE('',#16135,#16136);
#16135 = CARTESIAN_POINT('',(18.,0.));
#16136 = VECTOR('',#16137,1.);
#16137 = DIRECTION('',(0.,-1.));
#16138 = ( GEOMETRIC_REPRESENTATION_CONTEXT(2) 
PARAMETRIC_REPRESENTATION_CONTEXT() REPRESENTATION_CONTEXT('2D SPACE',''
  ) );
#16139 = ORIENTED_EDGE('',*,*,#16140,.F.);
#16140 = EDGE_CURVE('',#16141,#16118,#16143,.T.);
#16141 = VERTEX_POINT('',#16142);
#16142 = CARTESIAN_POINT('',(219.12455532033,35.,72.5));
#16143 = SURFACE_CURVE('',#16144,(#16148,#16155),.PCURVE_S1.);
#16144 = LINE('',#16145,#16146);
#16145 = CARTESIAN_POINT('',(203.8,35.,72.5));
#16146 = VECTOR('',#16147,1.);
#16147 = DIRECTION('',(1.,0.,0.));
#16148 = PCURVE('',#15804,#16149);
#16149 = DEFINITIONAL_REPRESENTATION('',(#16150),#16154);
#16150 = LINE('',#16151,#16152);
#16151 = CARTESIAN_POINT('',(0.,18.));
#16152 = VECTOR('',#16153,1.);
#16153 = DIRECTION('',(1.,0.));
#16154 = ( GEOMETRIC_REPRESENTATION_CONTEXT(2) 
PARAMETRIC_REPRESENTATION_CONTEXT() REPRESENTATION_CONTEXT('2D SPACE',''
  ) );
#16155 = PCURVE('',#16156,#16161);
#16156 = PLANE('',#16157);
#16157 = AXIS2_PLACEMENT_3D('',#16158,#16159,#16160);
#16158 = CARTESIAN_POINT('',(203.8,35.,54.5));
#16159 = DIRECTION('',(0.,1.,0.));
#16160 = DIRECTION('',(0.,0.,1.));
#16161 = DEFINITIONAL_REPRESENTATION('',(#16162),#16166);
#16162 = LINE('',#16163,#16164);
#16163 = CARTESIAN_POINT('',(18.,0.));
#16164 = VECTOR('',#16165,1.);
#16165 = DIRECTION('',(0.,1.));
#16166 = ( GEOMETRIC_REPRESENTATION_CONTEXT(2) 
PARAMETRIC_REPRESENTATION_CONTEXT() REPRESENTATION_CONTEXT('2D SPACE',''
  ) );
#16167 = ORIENTED_EDGE('',*,*,#16168,.F.);
#16168 = EDGE_CURVE('',#16169,#16141,#16171,.T.);
#16169 = VERTEX_POINT('',#16170);
#16170 = CARTESIAN_POINT('',(206.47544467966,35.,72.5));
#16171 = SURFACE_CURVE('',#16172,(#16176,#16183),.PCURVE_S1.);
#16172 = LINE('',#16173,#16174);
#16173 = CARTESIAN_POINT('',(203.8,35.,72.5));
#16174 = VECTOR('',#16175,1.);
#16175 = DIRECTION('',(1.,0.,0.));
#16176 = PCURVE('',#15804,#16177);
#16177 = DEFINITIONAL_REPRESENTATION('',(#16178),#16182);
#16178 = LINE('',#16179,#16180);
#16179 = CARTESIAN_POINT('',(0.,18.));
#16180 = VECTOR('',#16181,1.);
#16181 = DIRECTION('',(1.,0.));
#16182 = ( GEOMETRIC_REPRESENTATION_CONTEXT(2) 
PARAMETRIC_REPRESENTATION_CONTEXT() REPRESENTATION_CONTEXT('2D SPACE',''
  ) );
#16183 = PCURVE('',#16184,#16189);
#16184 = PLANE('',#16185);
#16185 = AXIS2_PLACEMENT_3D('',#16186,#16187,#16188);
#16186 = CARTESIAN_POINT('',(212.8,35.,63.5));
#16187 = DIRECTION('',(0.,1.,0.));
#16188 = DIRECTION('',(0.,-0.,1.));
#16189 = DEFINITIONAL_REPRESENTATION('',(#16190),#16194);
#16190 = LINE('',#16191,#16192);
#16191 = CARTESIAN_POINT('',(9.,-9.));
#16192 = VECTOR('',#16193,1.);
#16193 = DIRECTION('',(0.,1.));
#16194 = ( GEOMETRIC_REPRESENTATION_CONTEXT(2) 
PARAMETRIC_REPRESENTATION_CONTEXT() REPRESENTATION_CONTEXT('2D SPACE',''
  ) );
#16195 = ORIENTED_EDGE('',*,*,#16196,.F.);
#16196 = EDGE_CURVE('',#15954,#16169,#16197,.T.);
#16197 = SURFACE_CURVE('',#16198,(#16202,#16209),.PCURVE_S1.);
#16198 = LINE('',#16199,#16200);
#16199 = CARTESIAN_POINT('',(203.8,35.,72.5));
#16200 = VECTOR('',#16201,1.);
#16201 = DIRECTION('',(1.,0.,0.));
#16202 = PCURVE('',#15804,#16203);
#16203 = DEFINITIONAL_REPRESENTATION('',(#16204),#16208);
#16204 = LINE('',#16205,#16206);
#16205 = CARTESIAN_POINT('',(0.,18.));
#16206 = VECTOR('',#16207,1.);
#16207 = DIRECTION('',(1.,0.));
#16208 = ( GEOMETRIC_REPRESENTATION_CONTEXT(2) 
PARAMETRIC_REPRESENTATION_CONTEXT() REPRESENTATION_CONTEXT('2D SPACE',''
  ) );
#16209 = PCURVE('',#16019,#16210);
#16210 = DEFINITIONAL_REPRESENTATION('',(#16211),#16215);
#16211 = LINE('',#16212,#16213);
#16212 = CARTESIAN_POINT('',(18.,0.));
#16213 = VECTOR('',#16214,1.);
#16214 = DIRECTION('',(0.,1.));
#16215 = ( GEOMETRIC_REPRESENTATION_CONTEXT(2) 
PARAMETRIC_REPRESENTATION_CONTEXT() REPRESENTATION_CONTEXT('2D SPACE',''
  ) );
#16216 = ORIENTED_EDGE('',*,*,#15953,.F.);
#16217 = ADVANCED_FACE('',(#16218),#15856,.F.);
#16218 = FACE_BOUND('',#16219,.F.);
#16219 = EDGE_LOOP('',(#16220,#16221,#16222,#16245,#16273,#16301,#16322)
  );
#16220 = ORIENTED_EDGE('',*,*,#15842,.F.);
#16221 = ORIENTED_EDGE('',*,*,#16038,.T.);
#16222 = ORIENTED_EDGE('',*,*,#16223,.T.);
#16223 = EDGE_CURVE('',#16039,#16224,#16226,.T.);
#16224 = VERTEX_POINT('',#16225);
#16225 = CARTESIAN_POINT('',(221.8,35.,54.5));
#16226 = SURFACE_CURVE('',#16227,(#16231,#16238),.PCURVE_S1.);
#16227 = LINE('',#16228,#16229);
#16228 = CARTESIAN_POINT('',(221.8,17.,54.5));
#16229 = VECTOR('',#16230,1.);
#16230 = DIRECTION('',(0.,1.,0.));
#16231 = PCURVE('',#15856,#16232);
#16232 = DEFINITIONAL_REPRESENTATION('',(#16233),#16237);
#16233 = LINE('',#16234,#16235);
#16234 = CARTESIAN_POINT('',(18.,0.));
#16235 = VECTOR('',#16236,1.);
#16236 = DIRECTION('',(0.,1.));
#16237 = ( GEOMETRIC_REPRESENTATION_CONTEXT(2) 
PARAMETRIC_REPRESENTATION_CONTEXT() REPRESENTATION_CONTEXT('2D SPACE',''
  ) );
#16238 = PCURVE('',#16100,#16239);
#16239 = DEFINITIONAL_REPRESENTATION('',(#16240),#16244);
#16240 = LINE('',#16241,#16242);
#16241 = CARTESIAN_POINT('',(0.,0.));
#16242 = VECTOR('',#16243,1.);
#16243 = DIRECTION('',(0.,-1.));
#16244 = ( GEOMETRIC_REPRESENTATION_CONTEXT(2) 
PARAMETRIC_REPRESENTATION_CONTEXT() REPRESENTATION_CONTEXT('2D SPACE',''
  ) );
#16245 = ORIENTED_EDGE('',*,*,#16246,.F.);
#16246 = EDGE_CURVE('',#16247,#16224,#16249,.T.);
#16247 = VERTEX_POINT('',#16248);
#16248 = CARTESIAN_POINT('',(219.12455532033,35.,54.5));
#16249 = SURFACE_CURVE('',#16250,(#16254,#16261),.PCURVE_S1.);
#16250 = LINE('',#16251,#16252);
#16251 = CARTESIAN_POINT('',(203.8,35.,54.5));
#16252 = VECTOR('',#16253,1.);
#16253 = DIRECTION('',(1.,0.,0.));
#16254 = PCURVE('',#15856,#16255);
#16255 = DEFINITIONAL_REPRESENTATION('',(#16256),#16260);
#16256 = LINE('',#16257,#16258);
#16257 = CARTESIAN_POINT('',(0.,18.));
#16258 = VECTOR('',#16259,1.);
#16259 = DIRECTION('',(1.,0.));
#16260 = ( GEOMETRIC_REPRESENTATION_CONTEXT(2) 
PARAMETRIC_REPRESENTATION_CONTEXT() REPRESENTATION_CONTEXT('2D SPACE',''
  ) );
#16261 = PCURVE('',#16262,#16267);
#16262 = PLANE('',#16263);
#16263 = AXIS2_PLACEMENT_3D('',#16264,#16265,#16266);
#16264 = CARTESIAN_POINT('',(203.8,35.,54.5));
#16265 = DIRECTION('',(0.,1.,0.));
#16266 = DIRECTION('',(0.,0.,1.));
#16267 = DEFINITIONAL_REPRESENTATION('',(#16268),#16272);
#16268 = LINE('',#16269,#16270);
#16269 = CARTESIAN_POINT('',(0.,0.));
#16270 = VECTOR('',#16271,1.);
#16271 = DIRECTION('',(0.,1.));
#16272 = ( GEOMETRIC_REPRESENTATION_CONTEXT(2) 
PARAMETRIC_REPRESENTATION_CONTEXT() REPRESENTATION_CONTEXT('2D SPACE',''
  ) );
#16273 = ORIENTED_EDGE('',*,*,#16274,.F.);
#16274 = EDGE_CURVE('',#16275,#16247,#16277,.T.);
#16275 = VERTEX_POINT('',#16276);
#16276 = CARTESIAN_POINT('',(206.47544467966,35.,54.5));
#16277 = SURFACE_CURVE('',#16278,(#16282,#16289),.PCURVE_S1.);
#16278 = LINE('',#16279,#16280);
#16279 = CARTESIAN_POINT('',(203.8,35.,54.5));
#16280 = VECTOR('',#16281,1.);
#16281 = DIRECTION('',(1.,0.,0.));
#16282 = PCURVE('',#15856,#16283);
#16283 = DEFINITIONAL_REPRESENTATION('',(#16284),#16288);
#16284 = LINE('',#16285,#16286);
#16285 = CARTESIAN_POINT('',(0.,18.));
#16286 = VECTOR('',#16287,1.);
#16287 = DIRECTION('',(1.,0.));
#16288 = ( GEOMETRIC_REPRESENTATION_CONTEXT(2) 
PARAMETRIC_REPRESENTATION_CONTEXT() REPRESENTATION_CONTEXT('2D SPACE',''
  ) );
#16289 = PCURVE('',#16290,#16295);
#16290 = PLANE('',#16291);
#16291 = AXIS2_PLACEMENT_3D('',#16292,#16293,#16294);
#16292 = CARTESIAN_POINT('',(212.8,35.,63.5));
#16293 = DIRECTION('',(0.,1.,0.));
#16294 = DIRECTION('',(0.,-0.,1.));
#16295 = DEFINITIONAL_REPRESENTATION('',(#16296),#16300);
#16296 = LINE('',#16297,#16298);
#16297 = CARTESIAN_POINT('',(-9.,-9.));
#16298 = VECTOR('',#16299,1.);
#16299 = DIRECTION('',(0.,1.));
#16300 = ( GEOMETRIC_REPRESENTATION_CONTEXT(2) 
PARAMETRIC_REPRESENTATION_CONTEXT() REPRESENTATION_CONTEXT('2D SPACE',''
  ) );
#16301 = ORIENTED_EDGE('',*,*,#16302,.F.);
#16302 = EDGE_CURVE('',#15874,#16275,#16303,.T.);
#16303 = SURFACE_CURVE('',#16304,(#16308,#16315),.PCURVE_S1.);
#16304 = LINE('',#16305,#16306);
#16305 = CARTESIAN_POINT('',(203.8,35.,54.5));
#16306 = VECTOR('',#16307,1.);
#16307 = DIRECTION('',(1.,0.,0.));
#16308 = PCURVE('',#15856,#16309);
#16309 = DEFINITIONAL_REPRESENTATION('',(#16310),#16314);
#16310 = LINE('',#16311,#16312);
#16311 = CARTESIAN_POINT('',(0.,18.));
#16312 = VECTOR('',#16313,1.);
#16313 = DIRECTION('',(1.,0.));
#16314 = ( GEOMETRIC_REPRESENTATION_CONTEXT(2) 
PARAMETRIC_REPRESENTATION_CONTEXT() REPRESENTATION_CONTEXT('2D SPACE',''
  ) );
#16315 = PCURVE('',#15912,#16316);
#16316 = DEFINITIONAL_REPRESENTATION('',(#16317),#16321);
#16317 = LINE('',#16318,#16319);
#16318 = CARTESIAN_POINT('',(0.,0.));
#16319 = VECTOR('',#16320,1.);
#16320 = DIRECTION('',(0.,1.));
#16321 = ( GEOMETRIC_REPRESENTATION_CONTEXT(2) 
PARAMETRIC_REPRESENTATION_CONTEXT() REPRESENTATION_CONTEXT('2D SPACE',''
  ) );
#16322 = ORIENTED_EDGE('',*,*,#15873,.F.);
#16323 = ADVANCED_FACE('',(#16324),#15912,.T.);
#16324 = FACE_BOUND('',#16325,.T.);
#16325 = EDGE_LOOP('',(#16326,#16327,#16328));
#16326 = ORIENTED_EDGE('',*,*,#16302,.F.);
#16327 = ORIENTED_EDGE('',*,*,#15896,.T.);
#16328 = ORIENTED_EDGE('',*,*,#16329,.F.);
#16329 = EDGE_CURVE('',#16275,#15897,#16330,.T.);
#16330 = SURFACE_CURVE('',#16331,(#16336,#16343),.PCURVE_S1.);
#16331 = CIRCLE('',#16332,11.);
#16332 = AXIS2_PLACEMENT_3D('',#16333,#16334,#16335);
#16333 = CARTESIAN_POINT('',(212.8,35.,63.5));
#16334 = DIRECTION('',(0.,1.,0.));
#16335 = DIRECTION('',(0.,-0.,1.));
#16336 = PCURVE('',#15912,#16337);
#16337 = DEFINITIONAL_REPRESENTATION('',(#16338),#16342);
#16338 = CIRCLE('',#16339,11.);
#16339 = AXIS2_PLACEMENT_2D('',#16340,#16341);
#16340 = CARTESIAN_POINT('',(9.,9.));
#16341 = DIRECTION('',(1.,0.));
#16342 = ( GEOMETRIC_REPRESENTATION_CONTEXT(2) 
PARAMETRIC_REPRESENTATION_CONTEXT() REPRESENTATION_CONTEXT('2D SPACE',''
  ) );
#16343 = PCURVE('',#16344,#16349);
#16344 = CYLINDRICAL_SURFACE('',#16345,11.);
#16345 = AXIS2_PLACEMENT_3D('',#16346,#16347,#16348);
#16346 = CARTESIAN_POINT('',(212.8,35.,63.5));
#16347 = DIRECTION('',(0.,1.,0.));
#16348 = DIRECTION('',(0.,-0.,1.));
#16349 = DEFINITIONAL_REPRESENTATION('',(#16350),#16354);
#16350 = LINE('',#16351,#16352);
#16351 = CARTESIAN_POINT('',(0.,0.));
#16352 = VECTOR('',#16353,1.);
#16353 = DIRECTION('',(1.,0.));
#16354 = ( GEOMETRIC_REPRESENTATION_CONTEXT(2) 
PARAMETRIC_REPRESENTATION_CONTEXT() REPRESENTATION_CONTEXT('2D SPACE',''
  ) );
#16355 = ADVANCED_FACE('',(#16356),#15938,.F.);
#16356 = FACE_BOUND('',#16357,.F.);
#16357 = EDGE_LOOP('',(#16358,#16382,#16401));
#16358 = ORIENTED_EDGE('',*,*,#16359,.T.);
#16359 = EDGE_CURVE('',#15897,#16360,#16362,.T.);
#16360 = VERTEX_POINT('',#16361);
#16361 = CARTESIAN_POINT('',(201.8,35.,63.5));
#16362 = SURFACE_CURVE('',#16363,(#16368,#16375),.PCURVE_S1.);
#16363 = CIRCLE('',#16364,11.);
#16364 = AXIS2_PLACEMENT_3D('',#16365,#16366,#16367);
#16365 = CARTESIAN_POINT('',(212.8,35.,63.5));
#16366 = DIRECTION('',(0.,1.,0.));
#16367 = DIRECTION('',(0.,-0.,1.));
#16368 = PCURVE('',#15938,#16369);
#16369 = DEFINITIONAL_REPRESENTATION('',(#16370),#16374);
#16370 = CIRCLE('',#16371,11.);
#16371 = AXIS2_PLACEMENT_2D('',#16372,#16373);
#16372 = CARTESIAN_POINT('',(0.,0.));
#16373 = DIRECTION('',(1.,0.));
#16374 = ( GEOMETRIC_REPRESENTATION_CONTEXT(2) 
PARAMETRIC_REPRESENTATION_CONTEXT() REPRESENTATION_CONTEXT('2D SPACE',''
  ) );
#16375 = PCURVE('',#16344,#16376);
#16376 = DEFINITIONAL_REPRESENTATION('',(#16377),#16381);
#16377 = LINE('',#16378,#16379);
#16378 = CARTESIAN_POINT('',(0.,0.));
#16379 = VECTOR('',#16380,1.);
#16380 = DIRECTION('',(1.,0.));
#16381 = ( GEOMETRIC_REPRESENTATION_CONTEXT(2) 
PARAMETRIC_REPRESENTATION_CONTEXT() REPRESENTATION_CONTEXT('2D SPACE',''
  ) );
#16382 = ORIENTED_EDGE('',*,*,#16383,.T.);
#16383 = EDGE_CURVE('',#16360,#15674,#16384,.T.);
#16384 = SURFACE_CURVE('',#16385,(#16389,#16395),.PCURVE_S1.);
#16385 = LINE('',#16386,#16387);
#16386 = CARTESIAN_POINT('',(195.,35.,63.5));
#16387 = VECTOR('',#16388,1.);
#16388 = DIRECTION('',(1.,0.,0.));
#16389 = PCURVE('',#15938,#16390);
#16390 = DEFINITIONAL_REPRESENTATION('',(#16391),#16394);
#16391 = B_SPLINE_CURVE_WITH_KNOTS('',1,(#16392,#16393),.UNSPECIFIED.,
  .F.,.F.,(2,2),(4.6,8.8000006),.PIECEWISE_BEZIER_KNOTS.);
#16392 = CARTESIAN_POINT('',(0.,-13.2));
#16393 = CARTESIAN_POINT('',(0.,-8.9999994));
#16394 = ( GEOMETRIC_REPRESENTATION_CONTEXT(2) 
PARAMETRIC_REPRESENTATION_CONTEXT() REPRESENTATION_CONTEXT('2D SPACE',''
  ) );
#16395 = PCURVE('',#15993,#16396);
#16396 = DEFINITIONAL_REPRESENTATION('',(#16397),#16400);
#16397 = B_SPLINE_CURVE_WITH_KNOTS('',1,(#16398,#16399),.UNSPECIFIED.,
  .F.,.F.,(2,2),(4.6,8.8000006),.PIECEWISE_BEZIER_KNOTS.);
#16398 = CARTESIAN_POINT('',(0.,-13.2));
#16399 = CARTESIAN_POINT('',(0.,-8.9999994));
#16400 = ( GEOMETRIC_REPRESENTATION_CONTEXT(2) 
PARAMETRIC_REPRESENTATION_CONTEXT() REPRESENTATION_CONTEXT('2D SPACE',''
  ) );
#16401 = ORIENTED_EDGE('',*,*,#15924,.F.);
#16402 = ADVANCED_FACE('',(#16403),#15993,.F.);
#16403 = FACE_BOUND('',#16404,.F.);
#16404 = EDGE_LOOP('',(#16405,#16427,#16428));
#16405 = ORIENTED_EDGE('',*,*,#16406,.T.);
#16406 = EDGE_CURVE('',#16360,#15978,#16407,.T.);
#16407 = SURFACE_CURVE('',#16408,(#16413,#16420),.PCURVE_S1.);
#16408 = CIRCLE('',#16409,11.);
#16409 = AXIS2_PLACEMENT_3D('',#16410,#16411,#16412);
#16410 = CARTESIAN_POINT('',(212.8,35.,63.5));
#16411 = DIRECTION('',(0.,1.,0.));
#16412 = DIRECTION('',(0.,-0.,1.));
#16413 = PCURVE('',#15993,#16414);
#16414 = DEFINITIONAL_REPRESENTATION('',(#16415),#16419);
#16415 = CIRCLE('',#16416,11.);
#16416 = AXIS2_PLACEMENT_2D('',#16417,#16418);
#16417 = CARTESIAN_POINT('',(0.,0.));
#16418 = DIRECTION('',(1.,0.));
#16419 = ( GEOMETRIC_REPRESENTATION_CONTEXT(2) 
PARAMETRIC_REPRESENTATION_CONTEXT() REPRESENTATION_CONTEXT('2D SPACE',''
  ) );
#16420 = PCURVE('',#16344,#16421);
#16421 = DEFINITIONAL_REPRESENTATION('',(#16422),#16426);
#16422 = LINE('',#16423,#16424);
#16423 = CARTESIAN_POINT('',(0.,0.));
#16424 = VECTOR('',#16425,1.);
#16425 = DIRECTION('',(1.,0.));
#16426 = ( GEOMETRIC_REPRESENTATION_CONTEXT(2) 
PARAMETRIC_REPRESENTATION_CONTEXT() REPRESENTATION_CONTEXT('2D SPACE',''
  ) );
#16427 = ORIENTED_EDGE('',*,*,#15977,.F.);
#16428 = ORIENTED_EDGE('',*,*,#16383,.F.);
#16429 = ADVANCED_FACE('',(#16430),#16019,.T.);
#16430 = FACE_BOUND('',#16431,.T.);
#16431 = EDGE_LOOP('',(#16432,#16454,#16455));
#16432 = ORIENTED_EDGE('',*,*,#16433,.F.);
#16433 = EDGE_CURVE('',#15978,#16169,#16434,.T.);
#16434 = SURFACE_CURVE('',#16435,(#16440,#16447),.PCURVE_S1.);
#16435 = CIRCLE('',#16436,11.);
#16436 = AXIS2_PLACEMENT_3D('',#16437,#16438,#16439);
#16437 = CARTESIAN_POINT('',(212.8,35.,63.5));
#16438 = DIRECTION('',(0.,1.,0.));
#16439 = DIRECTION('',(0.,-0.,1.));
#16440 = PCURVE('',#16019,#16441);
#16441 = DEFINITIONAL_REPRESENTATION('',(#16442),#16446);
#16442 = CIRCLE('',#16443,11.);
#16443 = AXIS2_PLACEMENT_2D('',#16444,#16445);
#16444 = CARTESIAN_POINT('',(9.,9.));
#16445 = DIRECTION('',(1.,0.));
#16446 = ( GEOMETRIC_REPRESENTATION_CONTEXT(2) 
PARAMETRIC_REPRESENTATION_CONTEXT() REPRESENTATION_CONTEXT('2D SPACE',''
  ) );
#16447 = PCURVE('',#16344,#16448);
#16448 = DEFINITIONAL_REPRESENTATION('',(#16449),#16453);
#16449 = LINE('',#16450,#16451);
#16450 = CARTESIAN_POINT('',(0.,0.));
#16451 = VECTOR('',#16452,1.);
#16452 = DIRECTION('',(1.,0.));
#16453 = ( GEOMETRIC_REPRESENTATION_CONTEXT(2) 
PARAMETRIC_REPRESENTATION_CONTEXT() REPRESENTATION_CONTEXT('2D SPACE',''
  ) );
#16454 = ORIENTED_EDGE('',*,*,#16005,.T.);
#16455 = ORIENTED_EDGE('',*,*,#16196,.T.);
#16456 = ADVANCED_FACE('',(#16457),#16100,.T.);
#16457 = FACE_BOUND('',#16458,.T.);
#16458 = EDGE_LOOP('',(#16459,#16460,#16461,#16484,#16512,#16533));
#16459 = ORIENTED_EDGE('',*,*,#16086,.F.);
#16460 = ORIENTED_EDGE('',*,*,#16223,.T.);
#16461 = ORIENTED_EDGE('',*,*,#16462,.T.);
#16462 = EDGE_CURVE('',#16224,#16463,#16465,.T.);
#16463 = VERTEX_POINT('',#16464);
#16464 = CARTESIAN_POINT('',(221.8,35.,57.175444679664));
#16465 = SURFACE_CURVE('',#16466,(#16470,#16477),.PCURVE_S1.);
#16466 = LINE('',#16467,#16468);
#16467 = CARTESIAN_POINT('',(221.8,35.,54.5));
#16468 = VECTOR('',#16469,1.);
#16469 = DIRECTION('',(0.,0.,1.));
#16470 = PCURVE('',#16100,#16471);
#16471 = DEFINITIONAL_REPRESENTATION('',(#16472),#16476);
#16472 = LINE('',#16473,#16474);
#16473 = CARTESIAN_POINT('',(0.,-18.));
#16474 = VECTOR('',#16475,1.);
#16475 = DIRECTION('',(1.,0.));
#16476 = ( GEOMETRIC_REPRESENTATION_CONTEXT(2) 
PARAMETRIC_REPRESENTATION_CONTEXT() REPRESENTATION_CONTEXT('2D SPACE',''
  ) );
#16477 = PCURVE('',#16262,#16478);
#16478 = DEFINITIONAL_REPRESENTATION('',(#16479),#16483);
#16479 = LINE('',#16480,#16481);
#16480 = CARTESIAN_POINT('',(0.,18.));
#16481 = VECTOR('',#16482,1.);
#16482 = DIRECTION('',(1.,0.));
#16483 = ( GEOMETRIC_REPRESENTATION_CONTEXT(2) 
PARAMETRIC_REPRESENTATION_CONTEXT() REPRESENTATION_CONTEXT('2D SPACE',''
  ) );
#16484 = ORIENTED_EDGE('',*,*,#16485,.T.);
#16485 = EDGE_CURVE('',#16463,#16486,#16488,.T.);
#16486 = VERTEX_POINT('',#16487);
#16487 = CARTESIAN_POINT('',(221.8,35.,69.824555320337));
#16488 = SURFACE_CURVE('',#16489,(#16493,#16500),.PCURVE_S1.);
#16489 = LINE('',#16490,#16491);
#16490 = CARTESIAN_POINT('',(221.8,35.,54.5));
#16491 = VECTOR('',#16492,1.);
#16492 = DIRECTION('',(0.,0.,1.));
#16493 = PCURVE('',#16100,#16494);
#16494 = DEFINITIONAL_REPRESENTATION('',(#16495),#16499);
#16495 = LINE('',#16496,#16497);
#16496 = CARTESIAN_POINT('',(0.,-18.));
#16497 = VECTOR('',#16498,1.);
#16498 = DIRECTION('',(1.,0.));
#16499 = ( GEOMETRIC_REPRESENTATION_CONTEXT(2) 
PARAMETRIC_REPRESENTATION_CONTEXT() REPRESENTATION_CONTEXT('2D SPACE',''
  ) );
#16500 = PCURVE('',#16501,#16506);
#16501 = PLANE('',#16502);
#16502 = AXIS2_PLACEMENT_3D('',#16503,#16504,#16505);
#16503 = CARTESIAN_POINT('',(212.8,35.,63.5));
#16504 = DIRECTION('',(0.,1.,0.));
#16505 = DIRECTION('',(0.,-0.,1.));
#16506 = DEFINITIONAL_REPRESENTATION('',(#16507),#16511);
#16507 = LINE('',#16508,#16509);
#16508 = CARTESIAN_POINT('',(-9.,9.));
#16509 = VECTOR('',#16510,1.);
#16510 = DIRECTION('',(1.,0.));
#16511 = ( GEOMETRIC_REPRESENTATION_CONTEXT(2) 
PARAMETRIC_REPRESENTATION_CONTEXT() REPRESENTATION_CONTEXT('2D SPACE',''
  ) );
#16512 = ORIENTED_EDGE('',*,*,#16513,.T.);
#16513 = EDGE_CURVE('',#16486,#16118,#16514,.T.);
#16514 = SURFACE_CURVE('',#16515,(#16519,#16526),.PCURVE_S1.);
#16515 = LINE('',#16516,#16517);
#16516 = CARTESIAN_POINT('',(221.8,35.,54.5));
#16517 = VECTOR('',#16518,1.);
#16518 = DIRECTION('',(0.,0.,1.));
#16519 = PCURVE('',#16100,#16520);
#16520 = DEFINITIONAL_REPRESENTATION('',(#16521),#16525);
#16521 = LINE('',#16522,#16523);
#16522 = CARTESIAN_POINT('',(0.,-18.));
#16523 = VECTOR('',#16524,1.);
#16524 = DIRECTION('',(1.,0.));
#16525 = ( GEOMETRIC_REPRESENTATION_CONTEXT(2) 
PARAMETRIC_REPRESENTATION_CONTEXT() REPRESENTATION_CONTEXT('2D SPACE',''
  ) );
#16526 = PCURVE('',#16156,#16527);
#16527 = DEFINITIONAL_REPRESENTATION('',(#16528),#16532);
#16528 = LINE('',#16529,#16530);
#16529 = CARTESIAN_POINT('',(0.,18.));
#16530 = VECTOR('',#16531,1.);
#16531 = DIRECTION('',(1.,0.));
#16532 = ( GEOMETRIC_REPRESENTATION_CONTEXT(2) 
PARAMETRIC_REPRESENTATION_CONTEXT() REPRESENTATION_CONTEXT('2D SPACE',''
  ) );
#16533 = ORIENTED_EDGE('',*,*,#16117,.F.);
#16534 = ADVANCED_FACE('',(#16535),#16184,.F.);
#16535 = FACE_BOUND('',#16536,.F.);
#16536 = EDGE_LOOP('',(#16537,#16561,#16583));
#16537 = ORIENTED_EDGE('',*,*,#16538,.T.);
#16538 = EDGE_CURVE('',#16169,#16539,#16541,.T.);
#16539 = VERTEX_POINT('',#16540);
#16540 = CARTESIAN_POINT('',(212.8,35.,74.5));
#16541 = SURFACE_CURVE('',#16542,(#16547,#16554),.PCURVE_S1.);
#16542 = CIRCLE('',#16543,11.);
#16543 = AXIS2_PLACEMENT_3D('',#16544,#16545,#16546);
#16544 = CARTESIAN_POINT('',(212.8,35.,63.5));
#16545 = DIRECTION('',(0.,1.,0.));
#16546 = DIRECTION('',(0.,-0.,1.));
#16547 = PCURVE('',#16184,#16548);
#16548 = DEFINITIONAL_REPRESENTATION('',(#16549),#16553);
#16549 = CIRCLE('',#16550,11.);
#16550 = AXIS2_PLACEMENT_2D('',#16551,#16552);
#16551 = CARTESIAN_POINT('',(0.,0.));
#16552 = DIRECTION('',(1.,0.));
#16553 = ( GEOMETRIC_REPRESENTATION_CONTEXT(2) 
PARAMETRIC_REPRESENTATION_CONTEXT() REPRESENTATION_CONTEXT('2D SPACE',''
  ) );
#16554 = PCURVE('',#16344,#16555);
#16555 = DEFINITIONAL_REPRESENTATION('',(#16556),#16560);
#16556 = LINE('',#16557,#16558);
#16557 = CARTESIAN_POINT('',(0.,0.));
#16558 = VECTOR('',#16559,1.);
#16559 = DIRECTION('',(1.,0.));
#16560 = ( GEOMETRIC_REPRESENTATION_CONTEXT(2) 
PARAMETRIC_REPRESENTATION_CONTEXT() REPRESENTATION_CONTEXT('2D SPACE',''
  ) );
#16561 = ORIENTED_EDGE('',*,*,#16562,.T.);
#16562 = EDGE_CURVE('',#16539,#16141,#16563,.T.);
#16563 = SURFACE_CURVE('',#16564,(#16569,#16576),.PCURVE_S1.);
#16564 = CIRCLE('',#16565,11.);
#16565 = AXIS2_PLACEMENT_3D('',#16566,#16567,#16568);
#16566 = CARTESIAN_POINT('',(212.8,35.,63.5));
#16567 = DIRECTION('',(0.,1.,0.));
#16568 = DIRECTION('',(0.,-0.,1.));
#16569 = PCURVE('',#16184,#16570);
#16570 = DEFINITIONAL_REPRESENTATION('',(#16571),#16575);
#16571 = CIRCLE('',#16572,11.);
#16572 = AXIS2_PLACEMENT_2D('',#16573,#16574);
#16573 = CARTESIAN_POINT('',(0.,0.));
#16574 = DIRECTION('',(1.,0.));
#16575 = ( GEOMETRIC_REPRESENTATION_CONTEXT(2) 
PARAMETRIC_REPRESENTATION_CONTEXT() REPRESENTATION_CONTEXT('2D SPACE',''
  ) );
#16576 = PCURVE('',#16344,#16577);
#16577 = DEFINITIONAL_REPRESENTATION('',(#16578),#16582);
#16578 = LINE('',#16579,#16580);
#16579 = CARTESIAN_POINT('',(0.,0.));
#16580 = VECTOR('',#16581,1.);
#16581 = DIRECTION('',(1.,0.));
#16582 = ( GEOMETRIC_REPRESENTATION_CONTEXT(2) 
PARAMETRIC_REPRESENTATION_CONTEXT() REPRESENTATION_CONTEXT('2D SPACE',''
  ) );
#16583 = ORIENTED_EDGE('',*,*,#16168,.F.);
#16584 = ADVANCED_FACE('',(#16585),#16156,.T.);
#16585 = FACE_BOUND('',#16586,.T.);
#16586 = EDGE_LOOP('',(#16587,#16588,#16610));
#16587 = ORIENTED_EDGE('',*,*,#16513,.F.);
#16588 = ORIENTED_EDGE('',*,*,#16589,.F.);
#16589 = EDGE_CURVE('',#16141,#16486,#16590,.T.);
#16590 = SURFACE_CURVE('',#16591,(#16596,#16603),.PCURVE_S1.);
#16591 = CIRCLE('',#16592,11.);
#16592 = AXIS2_PLACEMENT_3D('',#16593,#16594,#16595);
#16593 = CARTESIAN_POINT('',(212.8,35.,63.5));
#16594 = DIRECTION('',(0.,1.,0.));
#16595 = DIRECTION('',(0.,-0.,1.));
#16596 = PCURVE('',#16156,#16597);
#16597 = DEFINITIONAL_REPRESENTATION('',(#16598),#16602);
#16598 = CIRCLE('',#16599,11.);
#16599 = AXIS2_PLACEMENT_2D('',#16600,#16601);
#16600 = CARTESIAN_POINT('',(9.,9.));
#16601 = DIRECTION('',(1.,0.));
#16602 = ( GEOMETRIC_REPRESENTATION_CONTEXT(2) 
PARAMETRIC_REPRESENTATION_CONTEXT() REPRESENTATION_CONTEXT('2D SPACE',''
  ) );
#16603 = PCURVE('',#16344,#16604);
#16604 = DEFINITIONAL_REPRESENTATION('',(#16605),#16609);
#16605 = LINE('',#16606,#16607);
#16606 = CARTESIAN_POINT('',(0.,0.));
#16607 = VECTOR('',#16608,1.);
#16608 = DIRECTION('',(1.,0.));
#16609 = ( GEOMETRIC_REPRESENTATION_CONTEXT(2) 
PARAMETRIC_REPRESENTATION_CONTEXT() REPRESENTATION_CONTEXT('2D SPACE',''
  ) );
#16610 = ORIENTED_EDGE('',*,*,#16140,.T.);
#16611 = ADVANCED_FACE('',(#16612),#16290,.F.);
#16612 = FACE_BOUND('',#16613,.F.);
#16613 = EDGE_LOOP('',(#16614,#16615));
#16614 = ORIENTED_EDGE('',*,*,#16274,.T.);
#16615 = ORIENTED_EDGE('',*,*,#16616,.T.);
#16616 = EDGE_CURVE('',#16247,#16275,#16617,.T.);
#16617 = SURFACE_CURVE('',#16618,(#16623,#16630),.PCURVE_S1.);
#16618 = CIRCLE('',#16619,11.);
#16619 = AXIS2_PLACEMENT_3D('',#16620,#16621,#16622);
#16620 = CARTESIAN_POINT('',(212.8,35.,63.5));
#16621 = DIRECTION('',(0.,1.,0.));
#16622 = DIRECTION('',(0.,-0.,1.));
#16623 = PCURVE('',#16290,#16624);
#16624 = DEFINITIONAL_REPRESENTATION('',(#16625),#16629);
#16625 = CIRCLE('',#16626,11.);
#16626 = AXIS2_PLACEMENT_2D('',#16627,#16628);
#16627 = CARTESIAN_POINT('',(0.,0.));
#16628 = DIRECTION('',(1.,0.));
#16629 = ( GEOMETRIC_REPRESENTATION_CONTEXT(2) 
PARAMETRIC_REPRESENTATION_CONTEXT() REPRESENTATION_CONTEXT('2D SPACE',''
  ) );
#16630 = PCURVE('',#16344,#16631);
#16631 = DEFINITIONAL_REPRESENTATION('',(#16632),#16636);
#16632 = LINE('',#16633,#16634);
#16633 = CARTESIAN_POINT('',(0.,0.));
#16634 = VECTOR('',#16635,1.);
#16635 = DIRECTION('',(1.,0.));
#16636 = ( GEOMETRIC_REPRESENTATION_CONTEXT(2) 
PARAMETRIC_REPRESENTATION_CONTEXT() REPRESENTATION_CONTEXT('2D SPACE',''
  ) );
#16637 = ADVANCED_FACE('',(#16638),#16262,.T.);
#16638 = FACE_BOUND('',#16639,.T.);
#16639 = EDGE_LOOP('',(#16640,#16641,#16663));
#16640 = ORIENTED_EDGE('',*,*,#16246,.F.);
#16641 = ORIENTED_EDGE('',*,*,#16642,.F.);
#16642 = EDGE_CURVE('',#16463,#16247,#16643,.T.);
#16643 = SURFACE_CURVE('',#16644,(#16649,#16656),.PCURVE_S1.);
#16644 = CIRCLE('',#16645,11.);
#16645 = AXIS2_PLACEMENT_3D('',#16646,#16647,#16648);
#16646 = CARTESIAN_POINT('',(212.8,35.,63.5));
#16647 = DIRECTION('',(0.,1.,0.));
#16648 = DIRECTION('',(0.,-0.,1.));
#16649 = PCURVE('',#16262,#16650);
#16650 = DEFINITIONAL_REPRESENTATION('',(#16651),#16655);
#16651 = CIRCLE('',#16652,11.);
#16652 = AXIS2_PLACEMENT_2D('',#16653,#16654);
#16653 = CARTESIAN_POINT('',(9.,9.));
#16654 = DIRECTION('',(1.,0.));
#16655 = ( GEOMETRIC_REPRESENTATION_CONTEXT(2) 
PARAMETRIC_REPRESENTATION_CONTEXT() REPRESENTATION_CONTEXT('2D SPACE',''
  ) );
#16656 = PCURVE('',#16344,#16657);
#16657 = DEFINITIONAL_REPRESENTATION('',(#16658),#16662);
#16658 = LINE('',#16659,#16660);
#16659 = CARTESIAN_POINT('',(0.,0.));
#16660 = VECTOR('',#16661,1.);
#16661 = DIRECTION('',(1.,0.));
#16662 = ( GEOMETRIC_REPRESENTATION_CONTEXT(2) 
PARAMETRIC_REPRESENTATION_CONTEXT() REPRESENTATION_CONTEXT('2D SPACE',''
  ) );
#16663 = ORIENTED_EDGE('',*,*,#16462,.F.);
#16664 = ADVANCED_FACE('',(#16665),#16344,.T.);
#16665 = FACE_BOUND('',#16666,.T.);
#16666 = EDGE_LOOP('',(#16667,#16690,#16717,#16718,#16719,#16720,#16742,
    #16743,#16744,#16745,#16746,#16747,#16748));
#16667 = ORIENTED_EDGE('',*,*,#16668,.T.);
#16668 = EDGE_CURVE('',#16539,#16669,#16671,.T.);
#16669 = VERTEX_POINT('',#16670);
#16670 = CARTESIAN_POINT('',(212.8,47.2,74.5));
#16671 = SEAM_CURVE('',#16672,(#16676,#16683),.PCURVE_S1.);
#16672 = LINE('',#16673,#16674);
#16673 = CARTESIAN_POINT('',(212.8,35.,74.5));
#16674 = VECTOR('',#16675,1.);
#16675 = DIRECTION('',(0.,1.,0.));
#16676 = PCURVE('',#16344,#16677);
#16677 = DEFINITIONAL_REPRESENTATION('',(#16678),#16682);
#16678 = LINE('',#16679,#16680);
#16679 = CARTESIAN_POINT('',(6.28318530718,-0.));
#16680 = VECTOR('',#16681,1.);
#16681 = DIRECTION('',(0.,1.));
#16682 = ( GEOMETRIC_REPRESENTATION_CONTEXT(2) 
PARAMETRIC_REPRESENTATION_CONTEXT() REPRESENTATION_CONTEXT('2D SPACE',''
  ) );
#16683 = PCURVE('',#16344,#16684);
#16684 = DEFINITIONAL_REPRESENTATION('',(#16685),#16689);
#16685 = LINE('',#16686,#16687);
#16686 = CARTESIAN_POINT('',(0.,-0.));
#16687 = VECTOR('',#16688,1.);
#16688 = DIRECTION('',(0.,1.));
#16689 = ( GEOMETRIC_REPRESENTATION_CONTEXT(2) 
PARAMETRIC_REPRESENTATION_CONTEXT() REPRESENTATION_CONTEXT('2D SPACE',''
  ) );
#16690 = ORIENTED_EDGE('',*,*,#16691,.F.);
#16691 = EDGE_CURVE('',#16669,#16669,#16692,.T.);
#16692 = SURFACE_CURVE('',#16693,(#16698,#16705),.PCURVE_S1.);
#16693 = CIRCLE('',#16694,11.);
#16694 = AXIS2_PLACEMENT_3D('',#16695,#16696,#16697);
#16695 = CARTESIAN_POINT('',(212.8,47.2,63.5));
#16696 = DIRECTION('',(0.,1.,0.));
#16697 = DIRECTION('',(0.,-0.,1.));
#16698 = PCURVE('',#16344,#16699);
#16699 = DEFINITIONAL_REPRESENTATION('',(#16700),#16704);
#16700 = LINE('',#16701,#16702);
#16701 = CARTESIAN_POINT('',(0.,12.2));
#16702 = VECTOR('',#16703,1.);
#16703 = DIRECTION('',(1.,0.));
#16704 = ( GEOMETRIC_REPRESENTATION_CONTEXT(2) 
PARAMETRIC_REPRESENTATION_CONTEXT() REPRESENTATION_CONTEXT('2D SPACE',''
  ) );
#16705 = PCURVE('',#16706,#16711);
#16706 = PLANE('',#16707);
#16707 = AXIS2_PLACEMENT_3D('',#16708,#16709,#16710);
#16708 = CARTESIAN_POINT('',(212.8,47.2,63.5));
#16709 = DIRECTION('',(0.,1.,0.));
#16710 = DIRECTION('',(0.,-0.,1.));
#16711 = DEFINITIONAL_REPRESENTATION('',(#16712),#16716);
#16712 = CIRCLE('',#16713,11.);
#16713 = AXIS2_PLACEMENT_2D('',#16714,#16715);
#16714 = CARTESIAN_POINT('',(0.,0.));
#16715 = DIRECTION('',(1.,0.));
#16716 = ( GEOMETRIC_REPRESENTATION_CONTEXT(2) 
PARAMETRIC_REPRESENTATION_CONTEXT() REPRESENTATION_CONTEXT('2D SPACE',''
  ) );
#16717 = ORIENTED_EDGE('',*,*,#16668,.F.);
#16718 = ORIENTED_EDGE('',*,*,#16562,.T.);
#16719 = ORIENTED_EDGE('',*,*,#16589,.T.);
#16720 = ORIENTED_EDGE('',*,*,#16721,.T.);
#16721 = EDGE_CURVE('',#16486,#16463,#16722,.T.);
#16722 = SURFACE_CURVE('',#16723,(#16728,#16735),.PCURVE_S1.);
#16723 = CIRCLE('',#16724,11.);
#16724 = AXIS2_PLACEMENT_3D('',#16725,#16726,#16727);
#16725 = CARTESIAN_POINT('',(212.8,35.,63.5));
#16726 = DIRECTION('',(0.,1.,0.));
#16727 = DIRECTION('',(0.,-0.,1.));
#16728 = PCURVE('',#16344,#16729);
#16729 = DEFINITIONAL_REPRESENTATION('',(#16730),#16734);
#16730 = LINE('',#16731,#16732);
#16731 = CARTESIAN_POINT('',(0.,0.));
#16732 = VECTOR('',#16733,1.);
#16733 = DIRECTION('',(1.,0.));
#16734 = ( GEOMETRIC_REPRESENTATION_CONTEXT(2) 
PARAMETRIC_REPRESENTATION_CONTEXT() REPRESENTATION_CONTEXT('2D SPACE',''
  ) );
#16735 = PCURVE('',#16501,#16736);
#16736 = DEFINITIONAL_REPRESENTATION('',(#16737),#16741);
#16737 = CIRCLE('',#16738,11.);
#16738 = AXIS2_PLACEMENT_2D('',#16739,#16740);
#16739 = CARTESIAN_POINT('',(0.,0.));
#16740 = DIRECTION('',(1.,0.));
#16741 = ( GEOMETRIC_REPRESENTATION_CONTEXT(2) 
PARAMETRIC_REPRESENTATION_CONTEXT() REPRESENTATION_CONTEXT('2D SPACE',''
  ) );
#16742 = ORIENTED_EDGE('',*,*,#16642,.T.);
#16743 = ORIENTED_EDGE('',*,*,#16616,.T.);
#16744 = ORIENTED_EDGE('',*,*,#16329,.T.);
#16745 = ORIENTED_EDGE('',*,*,#16359,.T.);
#16746 = ORIENTED_EDGE('',*,*,#16406,.T.);
#16747 = ORIENTED_EDGE('',*,*,#16433,.T.);
#16748 = ORIENTED_EDGE('',*,*,#16538,.T.);
#16749 = ADVANCED_FACE('',(#16750),#16501,.F.);
#16750 = FACE_BOUND('',#16751,.F.);
#16751 = EDGE_LOOP('',(#16752,#16753));
#16752 = ORIENTED_EDGE('',*,*,#16485,.T.);
#16753 = ORIENTED_EDGE('',*,*,#16721,.T.);
#16754 = ADVANCED_FACE('',(#16755,#16758),#16706,.T.);
#16755 = FACE_BOUND('',#16756,.T.);
#16756 = EDGE_LOOP('',(#16757));
#16757 = ORIENTED_EDGE('',*,*,#16691,.T.);
#16758 = FACE_BOUND('',#16759,.T.);
#16759 = EDGE_LOOP('',(#16760));
#16760 = ORIENTED_EDGE('',*,*,#16761,.T.);
#16761 = EDGE_CURVE('',#16762,#16762,#16764,.T.);
#16762 = VERTEX_POINT('',#16763);
#16763 = CARTESIAN_POINT('',(212.8,47.2,55.5));
#16764 = SURFACE_CURVE('',#16765,(#16770,#16781),.PCURVE_S1.);
#16765 = CIRCLE('',#16766,8.);
#16766 = AXIS2_PLACEMENT_3D('',#16767,#16768,#16769);
#16767 = CARTESIAN_POINT('',(212.8,47.2,63.5));
#16768 = DIRECTION('',(0.,-1.,0.));
#16769 = DIRECTION('',(0.,-0.,-1.));
#16770 = PCURVE('',#16706,#16771);
#16771 = DEFINITIONAL_REPRESENTATION('',(#16772),#16780);
#16772 = ( BOUNDED_CURVE() B_SPLINE_CURVE(2,(#16773,#16774,#16775,#16776
    ,#16777,#16778,#16779),.UNSPECIFIED.,.T.,.F.) 
B_SPLINE_CURVE_WITH_KNOTS((1,2,2,2,2,1),(-2.094395102393,0.,
    2.094395102393,4.188790204786,6.28318530718,8.377580409573),
.UNSPECIFIED.) CURVE() GEOMETRIC_REPRESENTATION_ITEM() 
RATIONAL_B_SPLINE_CURVE((1.,0.5,1.,0.5,1.,0.5,1.)) REPRESENTATION_ITEM(
  '') );
#16773 = CARTESIAN_POINT('',(-8.,0.));
#16774 = CARTESIAN_POINT('',(-8.,13.856406460551));
#16775 = CARTESIAN_POINT('',(4.,6.928203230276));
#16776 = CARTESIAN_POINT('',(16.,1.959434878636E-15));
#16777 = CARTESIAN_POINT('',(4.,-6.928203230276));
#16778 = CARTESIAN_POINT('',(-8.,-13.85640646055));
#16779 = CARTESIAN_POINT('',(-8.,0.));
#16780 = ( GEOMETRIC_REPRESENTATION_CONTEXT(2) 
PARAMETRIC_REPRESENTATION_CONTEXT() REPRESENTATION_CONTEXT('2D SPACE',''
  ) );
#16781 = PCURVE('',#16782,#16787);
#16782 = CYLINDRICAL_SURFACE('',#16783,8.);
#16783 = AXIS2_PLACEMENT_3D('',#16784,#16785,#16786);
#16784 = CARTESIAN_POINT('',(212.8,47.3,63.5));
#16785 = DIRECTION('',(0.,-1.,0.));
#16786 = DIRECTION('',(0.,-0.,-1.));
#16787 = DEFINITIONAL_REPRESENTATION('',(#16788),#16792);
#16788 = LINE('',#16789,#16790);
#16789 = CARTESIAN_POINT('',(0.,0.1));
#16790 = VECTOR('',#16791,1.);
#16791 = DIRECTION('',(1.,0.));
#16792 = ( GEOMETRIC_REPRESENTATION_CONTEXT(2) 
PARAMETRIC_REPRESENTATION_CONTEXT() REPRESENTATION_CONTEXT('2D SPACE',''
  ) );
#16793 = ADVANCED_FACE('',(#16794),#16782,.F.);
#16794 = FACE_BOUND('',#16795,.F.);
#16795 = EDGE_LOOP('',(#16796,#16819,#16846,#16847));
#16796 = ORIENTED_EDGE('',*,*,#16797,.T.);
#16797 = EDGE_CURVE('',#16762,#16798,#16800,.T.);
#16798 = VERTEX_POINT('',#16799);
#16799 = CARTESIAN_POINT('',(212.8,42.3,55.5));
#16800 = SEAM_CURVE('',#16801,(#16805,#16812),.PCURVE_S1.);
#16801 = LINE('',#16802,#16803);
#16802 = CARTESIAN_POINT('',(212.8,47.3,55.5));
#16803 = VECTOR('',#16804,1.);
#16804 = DIRECTION('',(0.,-1.,0.));
#16805 = PCURVE('',#16782,#16806);
#16806 = DEFINITIONAL_REPRESENTATION('',(#16807),#16811);
#16807 = LINE('',#16808,#16809);
#16808 = CARTESIAN_POINT('',(6.28318530718,-0.));
#16809 = VECTOR('',#16810,1.);
#16810 = DIRECTION('',(0.,1.));
#16811 = ( GEOMETRIC_REPRESENTATION_CONTEXT(2) 
PARAMETRIC_REPRESENTATION_CONTEXT() REPRESENTATION_CONTEXT('2D SPACE',''
  ) );
#16812 = PCURVE('',#16782,#16813);
#16813 = DEFINITIONAL_REPRESENTATION('',(#16814),#16818);
#16814 = LINE('',#16815,#16816);
#16815 = CARTESIAN_POINT('',(0.,-0.));
#16816 = VECTOR('',#16817,1.);
#16817 = DIRECTION('',(0.,1.));
#16818 = ( GEOMETRIC_REPRESENTATION_CONTEXT(2) 
PARAMETRIC_REPRESENTATION_CONTEXT() REPRESENTATION_CONTEXT('2D SPACE',''
  ) );
#16819 = ORIENTED_EDGE('',*,*,#16820,.F.);
#16820 = EDGE_CURVE('',#16798,#16798,#16821,.T.);
#16821 = SURFACE_CURVE('',#16822,(#16827,#16834),.PCURVE_S1.);
#16822 = CIRCLE('',#16823,8.);
#16823 = AXIS2_PLACEMENT_3D('',#16824,#16825,#16826);
#16824 = CARTESIAN_POINT('',(212.8,42.3,63.5));
#16825 = DIRECTION('',(0.,-1.,0.));
#16826 = DIRECTION('',(0.,-0.,-1.));
#16827 = PCURVE('',#16782,#16828);
#16828 = DEFINITIONAL_REPRESENTATION('',(#16829),#16833);
#16829 = LINE('',#16830,#16831);
#16830 = CARTESIAN_POINT('',(0.,5.));
#16831 = VECTOR('',#16832,1.);
#16832 = DIRECTION('',(1.,0.));
#16833 = ( GEOMETRIC_REPRESENTATION_CONTEXT(2) 
PARAMETRIC_REPRESENTATION_CONTEXT() REPRESENTATION_CONTEXT('2D SPACE',''
  ) );
#16834 = PCURVE('',#16835,#16840);
#16835 = PLANE('',#16836);
#16836 = AXIS2_PLACEMENT_3D('',#16837,#16838,#16839);
#16837 = CARTESIAN_POINT('',(212.8,42.3,63.5));
#16838 = DIRECTION('',(0.,-1.,0.));
#16839 = DIRECTION('',(0.,-0.,-1.));
#16840 = DEFINITIONAL_REPRESENTATION('',(#16841),#16845);
#16841 = CIRCLE('',#16842,8.);
#16842 = AXIS2_PLACEMENT_2D('',#16843,#16844);
#16843 = CARTESIAN_POINT('',(0.,0.));
#16844 = DIRECTION('',(1.,0.));
#16845 = ( GEOMETRIC_REPRESENTATION_CONTEXT(2) 
PARAMETRIC_REPRESENTATION_CONTEXT() REPRESENTATION_CONTEXT('2D SPACE',''
  ) );
#16846 = ORIENTED_EDGE('',*,*,#16797,.F.);
#16847 = ORIENTED_EDGE('',*,*,#16761,.T.);
#16848 = ADVANCED_FACE('',(#16849),#16835,.F.);
#16849 = FACE_BOUND('',#16850,.F.);
#16850 = EDGE_LOOP('',(#16851));
#16851 = ORIENTED_EDGE('',*,*,#16820,.T.);
#16852 = ( GEOMETRIC_REPRESENTATION_CONTEXT(3) 
GLOBAL_UNCERTAINTY_ASSIGNED_CONTEXT((#16856)) 
GLOBAL_UNIT_ASSIGNED_CONTEXT((#16853,#16854,#16855)) 
REPRESENTATION_CONTEXT('Context #1',
  '3D Context with UNIT and UNCERTAINTY') );
#16853 = ( LENGTH_UNIT() NAMED_UNIT(*) SI_UNIT(.MILLI.,.METRE.) );
#16854 = ( NAMED_UNIT(*) PLANE_ANGLE_UNIT() SI_UNIT($,.RADIAN.) );
#16855 = ( NAMED_UNIT(*) SI_UNIT($,.STERADIAN.) SOLID_ANGLE_UNIT() );
#16856 = UNCERTAINTY_MEASURE_WITH_UNIT(LENGTH_MEASURE(1.E-07),#16853,
  'distance_accuracy_value','confusion accuracy');
#16857 = CONTEXT_DEPENDENT_SHAPE_REPRESENTATION(#16858,#16860);
#16858 = ( REPRESENTATION_RELATIONSHIP('','',#15579,#10) 
REPRESENTATION_RELATIONSHIP_WITH_TRANSFORMATION(#16859) 
SHAPE_REPRESENTATION_RELATIONSHIP() );
#16859 = ITEM_DEFINED_TRANSFORMATION('','',#11,#35);
#16860 = PRODUCT_DEFINITION_SHAPE('Placement','Placement of an item',
  #16861);
#16861 = NEXT_ASSEMBLY_USAGE_OCCURRENCE('12','REFERENCE_fitting_4','',#5
  ,#15574,$);
#16862 = PRODUCT_RELATED_PRODUCT_CATEGORY('part',$,(#15576));
ENDSEC;
END-ISO-10303-21;
