ISO-10303-21;
HEADER;
FILE_DESCRIPTION(('Open CASCADE Model'),'2;1');
FILE_NAME('Open CASCADE Shape Model','2026-09-14T22:16:13',('Author'),(
    'Open CASCADE'),'Open CASCADE STEP processor 7.9','Open CASCADE 7.9'
  ,'Unknown');
FILE_SCHEMA(('AUTOMOTIVE_DESIGN { 1 0 10303 214 1 1 1 1 }'));
ENDSEC;
DATA;
#1 = APPLICATION_PROTOCOL_DEFINITION('international standard',
  'automotive_design',2000,#2);
#2 = APPLICATION_CONTEXT(
  'core data for automotive mechanical design processes');
#3 = SHAPE_DEFINITION_REPRESENTATION(#4,#10);
#4 = PRODUCT_DEFINITION_SHAPE('','',#5);
#5 = PRODUCT_DEFINITION('design','',#6,#9);
#6 = PRODUCT_DEFINITION_FORMATION('','',#7);
#7 = PRODUCT('Open CASCADE STEP translator 7.9 3',
  'Open CASCADE STEP translator 7.9 3','',(#8));
#8 = PRODUCT_CONTEXT('',#2,'mechanical');
#9 = PRODUCT_DEFINITION_CONTEXT('part definition',#2,'design');
#10 = ADVANCED_BREP_SHAPE_REPRESENTATION('',(#11,#15),#2400);
#11 = AXIS2_PLACEMENT_3D('',#12,#13,#14);
#12 = CARTESIAN_POINT('',(0.,0.,0.));
#13 = DIRECTION('',(0.,0.,1.));
#14 = DIRECTION('',(1.,0.,-0.));
#15 = MANIFOLD_SOLID_BREP('',#16);
#16 = CLOSED_SHELL('',(#17,#54,#109,#1412,#1468,#1525,#1582,#1639,#1696,
    #1753,#1810,#1867,#1924,#1928,#1983,#2038,#2093,#2148,#2203,#2258,
    #2313,#2368,#2372,#2376,#2380,#2384,#2388,#2392,#2396));
#17 = ADVANCED_FACE('',(#18),#31,.F.);
#18 = FACE_BOUND('',#19,.F.);
#19 = EDGE_LOOP('',(#20));
#20 = ORIENTED_EDGE('',*,*,#21,.T.);
#21 = EDGE_CURVE('',#22,#22,#24,.T.);
#22 = VERTEX_POINT('',#23);
#23 = CARTESIAN_POINT('',(-195.,26.,70.4));
#24 = SURFACE_CURVE('',#25,(#30,#42),.PCURVE_S1.);
#25 = CIRCLE('',#26,6.9);
#26 = AXIS2_PLACEMENT_3D('',#27,#28,#29);
#27 = CARTESIAN_POINT('',(-195.,26.,63.5));
#28 = DIRECTION('',(1.,0.,0.));
#29 = DIRECTION('',(-0.,0.,1.));
#30 = PCURVE('',#31,#36);
#31 = PLANE('',#32);
#32 = AXIS2_PLACEMENT_3D('',#33,#34,#35);
#33 = CARTESIAN_POINT('',(-195.,26.,63.5));
#34 = DIRECTION('',(1.,0.,0.));
#35 = DIRECTION('',(-0.,0.,1.));
#36 = DEFINITIONAL_REPRESENTATION('',(#37),#41);
#37 = CIRCLE('',#38,6.9);
#38 = AXIS2_PLACEMENT_2D('',#39,#40);
#39 = CARTESIAN_POINT('',(0.,0.));
#40 = DIRECTION('',(1.,0.));
#41 = ( GEOMETRIC_REPRESENTATION_CONTEXT(2) 
PARAMETRIC_REPRESENTATION_CONTEXT() REPRESENTATION_CONTEXT('2D SPACE',''
  ) );
#42 = PCURVE('',#43,#48);
#43 = CONICAL_SURFACE('',#44,6.9,0.785398163397);
#44 = AXIS2_PLACEMENT_3D('',#45,#46,#47);
#45 = CARTESIAN_POINT('',(-195.,26.,63.5));
#46 = DIRECTION('',(-1.,-0.,-0.));
#47 = DIRECTION('',(-0.,0.,1.));
#48 = DEFINITIONAL_REPRESENTATION('',(#49),#53);
#49 = LINE('',#50,#51);
#50 = CARTESIAN_POINT('',(-0.,-0.));
#51 = VECTOR('',#52,1.);
#52 = DIRECTION('',(-1.,-0.));
#53 = ( GEOMETRIC_REPRESENTATION_CONTEXT(2) 
PARAMETRIC_REPRESENTATION_CONTEXT() REPRESENTATION_CONTEXT('2D SPACE',''
  ) );
#54 = ADVANCED_FACE('',(#55),#43,.T.);
#55 = FACE_BOUND('',#56,.T.);
#56 = EDGE_LOOP('',(#57,#86,#107,#108));
#57 = ORIENTED_EDGE('',*,*,#58,.F.);
#58 = EDGE_CURVE('',#59,#59,#61,.T.);
#59 = VERTEX_POINT('',#60);
#60 = CARTESIAN_POINT('',(-194.,26.,69.4));
#61 = SURFACE_CURVE('',#62,(#67,#74),.PCURVE_S1.);
#62 = CIRCLE('',#63,5.9);
#63 = AXIS2_PLACEMENT_3D('',#64,#65,#66);
#64 = CARTESIAN_POINT('',(-194.,26.,63.5));
#65 = DIRECTION('',(1.,0.,0.));
#66 = DIRECTION('',(-0.,0.,1.));
#67 = PCURVE('',#43,#68);
#68 = DEFINITIONAL_REPRESENTATION('',(#69),#73);
#69 = LINE('',#70,#71);
#70 = CARTESIAN_POINT('',(-0.,-1.));
#71 = VECTOR('',#72,1.);
#72 = DIRECTION('',(-1.,-0.));
#73 = ( GEOMETRIC_REPRESENTATION_CONTEXT(2) 
PARAMETRIC_REPRESENTATION_CONTEXT() REPRESENTATION_CONTEXT('2D SPACE',''
  ) );
#74 = PCURVE('',#75,#80);
#75 = CYLINDRICAL_SURFACE('',#76,5.9);
#76 = AXIS2_PLACEMENT_3D('',#77,#78,#79);
#77 = CARTESIAN_POINT('',(-195.,26.,63.5));
#78 = DIRECTION('',(1.,0.,0.));
#79 = DIRECTION('',(-0.,0.,1.));
#80 = DEFINITIONAL_REPRESENTATION('',(#81),#85);
#81 = LINE('',#82,#83);
#82 = CARTESIAN_POINT('',(0.,1.));
#83 = VECTOR('',#84,1.);
#84 = DIRECTION('',(1.,0.));
#85 = ( GEOMETRIC_REPRESENTATION_CONTEXT(2) 
PARAMETRIC_REPRESENTATION_CONTEXT() REPRESENTATION_CONTEXT('2D SPACE',''
  ) );
#86 = ORIENTED_EDGE('',*,*,#87,.F.);
#87 = EDGE_CURVE('',#22,#59,#88,.T.);
#88 = SEAM_CURVE('',#89,(#93,#100),.PCURVE_S1.);
#89 = LINE('',#90,#91);
#90 = CARTESIAN_POINT('',(-195.,26.,70.4));
#91 = VECTOR('',#92,1.);
#92 = DIRECTION('',(0.707106781187,-1.731912112471E-16,-0.707106781187)
  );
#93 = PCURVE('',#43,#94);
#94 = DEFINITIONAL_REPRESENTATION('',(#95),#99);
#95 = LINE('',#96,#97);
#96 = CARTESIAN_POINT('',(-6.28318530718,0.));
#97 = VECTOR('',#98,1.);
#98 = DIRECTION('',(-0.,-1.));
#99 = ( GEOMETRIC_REPRESENTATION_CONTEXT(2) 
PARAMETRIC_REPRESENTATION_CONTEXT() REPRESENTATION_CONTEXT('2D SPACE',''
  ) );
#100 = PCURVE('',#43,#101);
#101 = DEFINITIONAL_REPRESENTATION('',(#102),#106);
#102 = LINE('',#103,#104);
#103 = CARTESIAN_POINT('',(0.,-0.));
#104 = VECTOR('',#105,1.);
#105 = DIRECTION('',(-0.,-1.));
#106 = ( GEOMETRIC_REPRESENTATION_CONTEXT(2) 
PARAMETRIC_REPRESENTATION_CONTEXT() REPRESENTATION_CONTEXT('2D SPACE',''
  ) );
#107 = ORIENTED_EDGE('',*,*,#21,.T.);
#108 = ORIENTED_EDGE('',*,*,#87,.T.);
#109 = ADVANCED_FACE('',(#110,#380,#509,#638,#767,#896,#1025,#1154,#1283
    ),#75,.T.);
#110 = FACE_BOUND('',#111,.T.);
#111 = EDGE_LOOP('',(#112,#135,#136,#137,#160,#183,#206,#229,#252,#275,
    #298,#321,#350,#372,#373,#374,#375,#376,#377,#378,#379));
#112 = ORIENTED_EDGE('',*,*,#113,.F.);
#113 = EDGE_CURVE('',#59,#114,#116,.T.);
#114 = VERTEX_POINT('',#115);
#115 = CARTESIAN_POINT('',(-157.5,26.,69.4));
#116 = SEAM_CURVE('',#117,(#121,#128),.PCURVE_S1.);
#117 = LINE('',#118,#119);
#118 = CARTESIAN_POINT('',(-195.,26.,69.4));
#119 = VECTOR('',#120,1.);
#120 = DIRECTION('',(1.,0.,0.));
#121 = PCURVE('',#75,#122);
#122 = DEFINITIONAL_REPRESENTATION('',(#123),#127);
#123 = LINE('',#124,#125);
#124 = CARTESIAN_POINT('',(0.,-0.));
#125 = VECTOR('',#126,1.);
#126 = DIRECTION('',(0.,1.));
#127 = ( GEOMETRIC_REPRESENTATION_CONTEXT(2) 
PARAMETRIC_REPRESENTATION_CONTEXT() REPRESENTATION_CONTEXT('2D SPACE',''
  ) );
#128 = PCURVE('',#75,#129);
#129 = DEFINITIONAL_REPRESENTATION('',(#130),#134);
#130 = LINE('',#131,#132);
#131 = CARTESIAN_POINT('',(6.28318530718,-0.));
#132 = VECTOR('',#133,1.);
#133 = DIRECTION('',(0.,1.));
#134 = ( GEOMETRIC_REPRESENTATION_CONTEXT(2) 
PARAMETRIC_REPRESENTATION_CONTEXT() REPRESENTATION_CONTEXT('2D SPACE',''
  ) );
#135 = ORIENTED_EDGE('',*,*,#58,.T.);
#136 = ORIENTED_EDGE('',*,*,#113,.T.);
#137 = ORIENTED_EDGE('',*,*,#138,.T.);
#138 = EDGE_CURVE('',#114,#139,#141,.T.);
#139 = VERTEX_POINT('',#140);
#140 = CARTESIAN_POINT('',(-112.5,26.,69.4));
#141 = SEAM_CURVE('',#142,(#146,#153),.PCURVE_S1.);
#142 = LINE('',#143,#144);
#143 = CARTESIAN_POINT('',(-195.,26.,69.4));
#144 = VECTOR('',#145,1.);
#145 = DIRECTION('',(1.,0.,0.));
#146 = PCURVE('',#75,#147);
#147 = DEFINITIONAL_REPRESENTATION('',(#148),#152);
#148 = LINE('',#149,#150);
#149 = CARTESIAN_POINT('',(0.,-0.));
#150 = VECTOR('',#151,1.);
#151 = DIRECTION('',(0.,1.));
#152 = ( GEOMETRIC_REPRESENTATION_CONTEXT(2) 
PARAMETRIC_REPRESENTATION_CONTEXT() REPRESENTATION_CONTEXT('2D SPACE',''
  ) );
#153 = PCURVE('',#75,#154);
#154 = DEFINITIONAL_REPRESENTATION('',(#155),#159);
#155 = LINE('',#156,#157);
#156 = CARTESIAN_POINT('',(6.28318530718,-0.));
#157 = VECTOR('',#158,1.);
#158 = DIRECTION('',(0.,1.));
#159 = ( GEOMETRIC_REPRESENTATION_CONTEXT(2) 
PARAMETRIC_REPRESENTATION_CONTEXT() REPRESENTATION_CONTEXT('2D SPACE',''
  ) );
#160 = ORIENTED_EDGE('',*,*,#161,.T.);
#161 = EDGE_CURVE('',#139,#162,#164,.T.);
#162 = VERTEX_POINT('',#163);
#163 = CARTESIAN_POINT('',(-67.5,26.,69.4));
#164 = SEAM_CURVE('',#165,(#169,#176),.PCURVE_S1.);
#165 = LINE('',#166,#167);
#166 = CARTESIAN_POINT('',(-195.,26.,69.4));
#167 = VECTOR('',#168,1.);
#168 = DIRECTION('',(1.,0.,0.));
#169 = PCURVE('',#75,#170);
#170 = DEFINITIONAL_REPRESENTATION('',(#171),#175);
#171 = LINE('',#172,#173);
#172 = CARTESIAN_POINT('',(0.,-0.));
#173 = VECTOR('',#174,1.);
#174 = DIRECTION('',(0.,1.));
#175 = ( GEOMETRIC_REPRESENTATION_CONTEXT(2) 
PARAMETRIC_REPRESENTATION_CONTEXT() REPRESENTATION_CONTEXT('2D SPACE',''
  ) );
#176 = PCURVE('',#75,#177);
#177 = DEFINITIONAL_REPRESENTATION('',(#178),#182);
#178 = LINE('',#179,#180);
#179 = CARTESIAN_POINT('',(6.28318530718,-0.));
#180 = VECTOR('',#181,1.);
#181 = DIRECTION('',(0.,1.));
#182 = ( GEOMETRIC_REPRESENTATION_CONTEXT(2) 
PARAMETRIC_REPRESENTATION_CONTEXT() REPRESENTATION_CONTEXT('2D SPACE',''
  ) );
#183 = ORIENTED_EDGE('',*,*,#184,.T.);
#184 = EDGE_CURVE('',#162,#185,#187,.T.);
#185 = VERTEX_POINT('',#186);
#186 = CARTESIAN_POINT('',(-22.5,26.,69.4));
#187 = SEAM_CURVE('',#188,(#192,#199),.PCURVE_S1.);
#188 = LINE('',#189,#190);
#189 = CARTESIAN_POINT('',(-195.,26.,69.4));
#190 = VECTOR('',#191,1.);
#191 = DIRECTION('',(1.,0.,0.));
#192 = PCURVE('',#75,#193);
#193 = DEFINITIONAL_REPRESENTATION('',(#194),#198);
#194 = LINE('',#195,#196);
#195 = CARTESIAN_POINT('',(0.,-0.));
#196 = VECTOR('',#197,1.);
#197 = DIRECTION('',(0.,1.));
#198 = ( GEOMETRIC_REPRESENTATION_CONTEXT(2) 
PARAMETRIC_REPRESENTATION_CONTEXT() REPRESENTATION_CONTEXT('2D SPACE',''
  ) );
#199 = PCURVE('',#75,#200);
#200 = DEFINITIONAL_REPRESENTATION('',(#201),#205);
#201 = LINE('',#202,#203);
#202 = CARTESIAN_POINT('',(6.28318530718,-0.));
#203 = VECTOR('',#204,1.);
#204 = DIRECTION('',(0.,1.));
#205 = ( GEOMETRIC_REPRESENTATION_CONTEXT(2) 
PARAMETRIC_REPRESENTATION_CONTEXT() REPRESENTATION_CONTEXT('2D SPACE',''
  ) );
#206 = ORIENTED_EDGE('',*,*,#207,.T.);
#207 = EDGE_CURVE('',#185,#208,#210,.T.);
#208 = VERTEX_POINT('',#209);
#209 = CARTESIAN_POINT('',(22.5,26.,69.4));
#210 = SEAM_CURVE('',#211,(#215,#222),.PCURVE_S1.);
#211 = LINE('',#212,#213);
#212 = CARTESIAN_POINT('',(-195.,26.,69.4));
#213 = VECTOR('',#214,1.);
#214 = DIRECTION('',(1.,0.,0.));
#215 = PCURVE('',#75,#216);
#216 = DEFINITIONAL_REPRESENTATION('',(#217),#221);
#217 = LINE('',#218,#219);
#218 = CARTESIAN_POINT('',(0.,-0.));
#219 = VECTOR('',#220,1.);
#220 = DIRECTION('',(0.,1.));
#221 = ( GEOMETRIC_REPRESENTATION_CONTEXT(2) 
PARAMETRIC_REPRESENTATION_CONTEXT() REPRESENTATION_CONTEXT('2D SPACE',''
  ) );
#222 = PCURVE('',#75,#223);
#223 = DEFINITIONAL_REPRESENTATION('',(#224),#228);
#224 = LINE('',#225,#226);
#225 = CARTESIAN_POINT('',(6.28318530718,-0.));
#226 = VECTOR('',#227,1.);
#227 = DIRECTION('',(0.,1.));
#228 = ( GEOMETRIC_REPRESENTATION_CONTEXT(2) 
PARAMETRIC_REPRESENTATION_CONTEXT() REPRESENTATION_CONTEXT('2D SPACE',''
  ) );
#229 = ORIENTED_EDGE('',*,*,#230,.T.);
#230 = EDGE_CURVE('',#208,#231,#233,.T.);
#231 = VERTEX_POINT('',#232);
#232 = CARTESIAN_POINT('',(67.5,26.,69.4));
#233 = SEAM_CURVE('',#234,(#238,#245),.PCURVE_S1.);
#234 = LINE('',#235,#236);
#235 = CARTESIAN_POINT('',(-195.,26.,69.4));
#236 = VECTOR('',#237,1.);
#237 = DIRECTION('',(1.,0.,0.));
#238 = PCURVE('',#75,#239);
#239 = DEFINITIONAL_REPRESENTATION('',(#240),#244);
#240 = LINE('',#241,#242);
#241 = CARTESIAN_POINT('',(0.,-0.));
#242 = VECTOR('',#243,1.);
#243 = DIRECTION('',(0.,1.));
#244 = ( GEOMETRIC_REPRESENTATION_CONTEXT(2) 
PARAMETRIC_REPRESENTATION_CONTEXT() REPRESENTATION_CONTEXT('2D SPACE',''
  ) );
#245 = PCURVE('',#75,#246);
#246 = DEFINITIONAL_REPRESENTATION('',(#247),#251);
#247 = LINE('',#248,#249);
#248 = CARTESIAN_POINT('',(6.28318530718,-0.));
#249 = VECTOR('',#250,1.);
#250 = DIRECTION('',(0.,1.));
#251 = ( GEOMETRIC_REPRESENTATION_CONTEXT(2) 
PARAMETRIC_REPRESENTATION_CONTEXT() REPRESENTATION_CONTEXT('2D SPACE',''
  ) );
#252 = ORIENTED_EDGE('',*,*,#253,.T.);
#253 = EDGE_CURVE('',#231,#254,#256,.T.);
#254 = VERTEX_POINT('',#255);
#255 = CARTESIAN_POINT('',(112.5,26.,69.4));
#256 = SEAM_CURVE('',#257,(#261,#268),.PCURVE_S1.);
#257 = LINE('',#258,#259);
#258 = CARTESIAN_POINT('',(-195.,26.,69.4));
#259 = VECTOR('',#260,1.);
#260 = DIRECTION('',(1.,0.,0.));
#261 = PCURVE('',#75,#262);
#262 = DEFINITIONAL_REPRESENTATION('',(#263),#267);
#263 = LINE('',#264,#265);
#264 = CARTESIAN_POINT('',(0.,-0.));
#265 = VECTOR('',#266,1.);
#266 = DIRECTION('',(0.,1.));
#267 = ( GEOMETRIC_REPRESENTATION_CONTEXT(2) 
PARAMETRIC_REPRESENTATION_CONTEXT() REPRESENTATION_CONTEXT('2D SPACE',''
  ) );
#268 = PCURVE('',#75,#269);
#269 = DEFINITIONAL_REPRESENTATION('',(#270),#274);
#270 = LINE('',#271,#272);
#271 = CARTESIAN_POINT('',(6.28318530718,-0.));
#272 = VECTOR('',#273,1.);
#273 = DIRECTION('',(0.,1.));
#274 = ( GEOMETRIC_REPRESENTATION_CONTEXT(2) 
PARAMETRIC_REPRESENTATION_CONTEXT() REPRESENTATION_CONTEXT('2D SPACE',''
  ) );
#275 = ORIENTED_EDGE('',*,*,#276,.T.);
#276 = EDGE_CURVE('',#254,#277,#279,.T.);
#277 = VERTEX_POINT('',#278);
#278 = CARTESIAN_POINT('',(157.5,26.,69.4));
#279 = SEAM_CURVE('',#280,(#284,#291),.PCURVE_S1.);
#280 = LINE('',#281,#282);
#281 = CARTESIAN_POINT('',(-195.,26.,69.4));
#282 = VECTOR('',#283,1.);
#283 = DIRECTION('',(1.,0.,0.));
#284 = PCURVE('',#75,#285);
#285 = DEFINITIONAL_REPRESENTATION('',(#286),#290);
#286 = LINE('',#287,#288);
#287 = CARTESIAN_POINT('',(0.,-0.));
#288 = VECTOR('',#289,1.);
#289 = DIRECTION('',(0.,1.));
#290 = ( GEOMETRIC_REPRESENTATION_CONTEXT(2) 
PARAMETRIC_REPRESENTATION_CONTEXT() REPRESENTATION_CONTEXT('2D SPACE',''
  ) );
#291 = PCURVE('',#75,#292);
#292 = DEFINITIONAL_REPRESENTATION('',(#293),#297);
#293 = LINE('',#294,#295);
#294 = CARTESIAN_POINT('',(6.28318530718,-0.));
#295 = VECTOR('',#296,1.);
#296 = DIRECTION('',(0.,1.));
#297 = ( GEOMETRIC_REPRESENTATION_CONTEXT(2) 
PARAMETRIC_REPRESENTATION_CONTEXT() REPRESENTATION_CONTEXT('2D SPACE',''
  ) );
#298 = ORIENTED_EDGE('',*,*,#299,.T.);
#299 = EDGE_CURVE('',#277,#300,#302,.T.);
#300 = VERTEX_POINT('',#301);
#301 = CARTESIAN_POINT('',(194.,26.,69.4));
#302 = SEAM_CURVE('',#303,(#307,#314),.PCURVE_S1.);
#303 = LINE('',#304,#305);
#304 = CARTESIAN_POINT('',(-195.,26.,69.4));
#305 = VECTOR('',#306,1.);
#306 = DIRECTION('',(1.,0.,0.));
#307 = PCURVE('',#75,#308);
#308 = DEFINITIONAL_REPRESENTATION('',(#309),#313);
#309 = LINE('',#310,#311);
#310 = CARTESIAN_POINT('',(0.,-0.));
#311 = VECTOR('',#312,1.);
#312 = DIRECTION('',(0.,1.));
#313 = ( GEOMETRIC_REPRESENTATION_CONTEXT(2) 
PARAMETRIC_REPRESENTATION_CONTEXT() REPRESENTATION_CONTEXT('2D SPACE',''
  ) );
#314 = PCURVE('',#75,#315);
#315 = DEFINITIONAL_REPRESENTATION('',(#316),#320);
#316 = LINE('',#317,#318);
#317 = CARTESIAN_POINT('',(6.28318530718,-0.));
#318 = VECTOR('',#319,1.);
#319 = DIRECTION('',(0.,1.));
#320 = ( GEOMETRIC_REPRESENTATION_CONTEXT(2) 
PARAMETRIC_REPRESENTATION_CONTEXT() REPRESENTATION_CONTEXT('2D SPACE',''
  ) );
#321 = ORIENTED_EDGE('',*,*,#322,.T.);
#322 = EDGE_CURVE('',#300,#323,#325,.T.);
#323 = VERTEX_POINT('',#324);
#324 = CARTESIAN_POINT('',(194.,26.,57.6));
#325 = SURFACE_CURVE('',#326,(#331,#338),.PCURVE_S1.);
#326 = CIRCLE('',#327,5.9);
#327 = AXIS2_PLACEMENT_3D('',#328,#329,#330);
#328 = CARTESIAN_POINT('',(194.,26.,63.5));
#329 = DIRECTION('',(-1.,0.,0.));
#330 = DIRECTION('',(0.,0.,-1.));
#331 = PCURVE('',#75,#332);
#332 = DEFINITIONAL_REPRESENTATION('',(#333),#337);
#333 = LINE('',#334,#335);
#334 = CARTESIAN_POINT('',(9.424777960769,389.));
#335 = VECTOR('',#336,1.);
#336 = DIRECTION('',(-1.,0.));
#337 = ( GEOMETRIC_REPRESENTATION_CONTEXT(2) 
PARAMETRIC_REPRESENTATION_CONTEXT() REPRESENTATION_CONTEXT('2D SPACE',''
  ) );
#338 = PCURVE('',#339,#344);
#339 = CONICAL_SURFACE('',#340,6.9,0.785398163397);
#340 = AXIS2_PLACEMENT_3D('',#341,#342,#343);
#341 = CARTESIAN_POINT('',(195.,26.,63.5));
#342 = DIRECTION('',(1.,-0.,-0.));
#343 = DIRECTION('',(0.,0.,-1.));
#344 = DEFINITIONAL_REPRESENTATION('',(#345),#349);
#345 = LINE('',#346,#347);
#346 = CARTESIAN_POINT('',(-0.,-1.));
#347 = VECTOR('',#348,1.);
#348 = DIRECTION('',(-1.,-0.));
#349 = ( GEOMETRIC_REPRESENTATION_CONTEXT(2) 
PARAMETRIC_REPRESENTATION_CONTEXT() REPRESENTATION_CONTEXT('2D SPACE',''
  ) );
#350 = ORIENTED_EDGE('',*,*,#351,.T.);
#351 = EDGE_CURVE('',#323,#300,#352,.T.);
#352 = SURFACE_CURVE('',#353,(#358,#365),.PCURVE_S1.);
#353 = CIRCLE('',#354,5.9);
#354 = AXIS2_PLACEMENT_3D('',#355,#356,#357);
#355 = CARTESIAN_POINT('',(194.,26.,63.5));
#356 = DIRECTION('',(-1.,0.,0.));
#357 = DIRECTION('',(0.,0.,-1.));
#358 = PCURVE('',#75,#359);
#359 = DEFINITIONAL_REPRESENTATION('',(#360),#364);
#360 = LINE('',#361,#362);
#361 = CARTESIAN_POINT('',(3.14159265359,389.));
#362 = VECTOR('',#363,1.);
#363 = DIRECTION('',(-1.,0.));
#364 = ( GEOMETRIC_REPRESENTATION_CONTEXT(2) 
PARAMETRIC_REPRESENTATION_CONTEXT() REPRESENTATION_CONTEXT('2D SPACE',''
  ) );
#365 = PCURVE('',#339,#366);
#366 = DEFINITIONAL_REPRESENTATION('',(#367),#371);
#367 = LINE('',#368,#369);
#368 = CARTESIAN_POINT('',(-0.,-1.));
#369 = VECTOR('',#370,1.);
#370 = DIRECTION('',(-1.,-0.));
#371 = ( GEOMETRIC_REPRESENTATION_CONTEXT(2) 
PARAMETRIC_REPRESENTATION_CONTEXT() REPRESENTATION_CONTEXT('2D SPACE',''
  ) );
#372 = ORIENTED_EDGE('',*,*,#299,.F.);
#373 = ORIENTED_EDGE('',*,*,#276,.F.);
#374 = ORIENTED_EDGE('',*,*,#253,.F.);
#375 = ORIENTED_EDGE('',*,*,#230,.F.);
#376 = ORIENTED_EDGE('',*,*,#207,.F.);
#377 = ORIENTED_EDGE('',*,*,#184,.F.);
#378 = ORIENTED_EDGE('',*,*,#161,.F.);
#379 = ORIENTED_EDGE('',*,*,#138,.F.);
#380 = FACE_BOUND('',#381,.T.);
#381 = EDGE_LOOP('',(#382,#439,#475));
#382 = ORIENTED_EDGE('',*,*,#383,.F.);
#383 = EDGE_CURVE('',#384,#386,#388,.T.);
#384 = VERTEX_POINT('',#385);
#385 = CARTESIAN_POINT('',(-22.5,26.,69.4));
#386 = VERTEX_POINT('',#387);
#387 = CARTESIAN_POINT('',(-22.5,26.,57.6));
#388 = SURFACE_CURVE('',#389,(#394,#414),.PCURVE_S1.);
#389 = ELLIPSE('',#390,8.343860018001,5.9);
#390 = AXIS2_PLACEMENT_3D('',#391,#392,#393);
#391 = CARTESIAN_POINT('',(-22.5,26.,63.5));
#392 = DIRECTION('',(0.707106781187,-0.707106781187,0.));
#393 = DIRECTION('',(0.707106781187,0.707106781187,0.));
#394 = PCURVE('',#75,#395);
#395 = DEFINITIONAL_REPRESENTATION('',(#396),#413);
#396 = B_SPLINE_CURVE_WITH_KNOTS('',8,(#397,#398,#399,#400,#401,#402,
    #403,#404,#405,#406,#407,#408,#409,#410,#411,#412),.UNSPECIFIED.,.F.
  ,.F.,(9,7,9),(1.570796215333,3.141592592975,4.712388970617),
  .UNSPECIFIED.);
#397 = CARTESIAN_POINT('',(-1.114623504606E-07,172.50000065762));
#398 = CARTESIAN_POINT('',(0.196349435743,171.34153832911));
#399 = CARTESIAN_POINT('',(0.392698982948,170.18307569652));
#400 = CARTESIAN_POINT('',(0.589048530153,169.09267222355));
#401 = CARTESIAN_POINT('',(0.785398077356,168.13837373387));
#402 = CARTESIAN_POINT('',(0.981747624563,167.37987378341));
#403 = CARTESIAN_POINT('',(1.178097171769,166.85995873556));
#404 = CARTESIAN_POINT('',(1.374446718975,166.60000007022));
#405 = CARTESIAN_POINT('',(1.767145813385,166.59999992978));
#406 = CARTESIAN_POINT('',(1.963495360591,166.85995845446));
#407 = CARTESIAN_POINT('',(2.15984490779,167.37987337117));
#408 = CARTESIAN_POINT('',(2.356194455005,168.13837320412));
#409 = CARTESIAN_POINT('',(2.552544002202,169.09267160363));
#410 = CARTESIAN_POINT('',(2.748893549412,170.1830750126));
#411 = CARTESIAN_POINT('',(2.945243096617,171.34153761386));
#412 = CARTESIAN_POINT('',(3.141592643822,172.49999994237));
#413 = ( GEOMETRIC_REPRESENTATION_CONTEXT(2) 
PARAMETRIC_REPRESENTATION_CONTEXT() REPRESENTATION_CONTEXT('2D SPACE',''
  ) );
#414 = PCURVE('',#415,#420);
#415 = CYLINDRICAL_SURFACE('',#416,5.9);
#416 = AXIS2_PLACEMENT_3D('',#417,#418,#419);
#417 = CARTESIAN_POINT('',(-22.5,-6.,63.5));
#418 = DIRECTION('',(0.,1.,0.));
#419 = DIRECTION('',(0.,-0.,1.));
#420 = DEFINITIONAL_REPRESENTATION('',(#421),#438);
#421 = B_SPLINE_CURVE_WITH_KNOTS('',8,(#422,#423,#424,#425,#426,#427,
    #428,#429,#430,#431,#432,#433,#434,#435,#436,#437),.UNSPECIFIED.,.F.
  ,.F.,(9,7,9),(1.570796215333,3.141592592975,4.712388970617),
  .UNSPECIFIED.);
#422 = CARTESIAN_POINT('',(6.283185418642,32.000000657628));
#423 = CARTESIAN_POINT('',(6.086835871437,30.841538329117));
#424 = CARTESIAN_POINT('',(5.890486324232,29.68307569656));
#425 = CARTESIAN_POINT('',(5.694136777026,28.592672223622));
#426 = CARTESIAN_POINT('',(5.497787229825,27.63837373414));
#427 = CARTESIAN_POINT('',(5.301437682614,26.879873783592));
#428 = CARTESIAN_POINT('',(5.105088135411,26.359958735573));
#429 = CARTESIAN_POINT('',(4.908738588205,26.10000007022));
#430 = CARTESIAN_POINT('',(4.516039493794,26.09999992978));
#431 = CARTESIAN_POINT('',(4.319689946588,26.359958454723));
#432 = CARTESIAN_POINT('',(4.123340399389,26.879873370438));
#433 = CARTESIAN_POINT('',(3.926990852175,27.63837320547));
#434 = CARTESIAN_POINT('',(3.730641304978,28.592671602825));
#435 = CARTESIAN_POINT('',(3.534291757768,29.683075012844));
#436 = CARTESIAN_POINT('',(3.337942210563,30.841537613861));
#437 = CARTESIAN_POINT('',(3.141592663357,31.999999942372));
#438 = ( GEOMETRIC_REPRESENTATION_CONTEXT(2) 
PARAMETRIC_REPRESENTATION_CONTEXT() REPRESENTATION_CONTEXT('2D SPACE',''
  ) );
#439 = ORIENTED_EDGE('',*,*,#440,.T.);
#440 = EDGE_CURVE('',#384,#441,#443,.T.);
#441 = VERTEX_POINT('',#442);
#442 = CARTESIAN_POINT('',(-16.6,20.1,63.5));
#443 = SURFACE_CURVE('',#444,(#449,#462),.PCURVE_S1.);
#444 = ELLIPSE('',#445,8.343860018001,5.9);
#445 = AXIS2_PLACEMENT_3D('',#446,#447,#448);
#446 = CARTESIAN_POINT('',(-22.5,26.,63.5));
#447 = DIRECTION('',(0.707106781187,0.707106781187,0.));
#448 = DIRECTION('',(0.707106781187,-0.707106781187,0.));
#449 = PCURVE('',#75,#450);
#450 = DEFINITIONAL_REPRESENTATION('',(#451),#461);
#451 = B_SPLINE_CURVE_WITH_KNOTS('',8,(#452,#453,#454,#455,#456,#457,
    #458,#459,#460),.UNSPECIFIED.,.F.,.F.,(9,9),(4.712388868922,
    6.28318530718),.PIECEWISE_BEZIER_KNOTS.);
#452 = CARTESIAN_POINT('',(-1.114623504606E-07,172.49999934237));
#453 = CARTESIAN_POINT('',(0.19634944332,173.65846171558));
#454 = CARTESIAN_POINT('',(0.392698998101,174.81692439289));
#455 = CARTESIAN_POINT('',(0.589048552885,175.90732790163));
#456 = CARTESIAN_POINT('',(0.785398107662,176.86162641396));
#457 = CARTESIAN_POINT('',(0.981747662448,177.62012636175));
#458 = CARTESIAN_POINT('',(1.17809721723,178.14004138487));
#459 = CARTESIAN_POINT('',(1.374446772013,178.4));
#460 = CARTESIAN_POINT('',(1.570796326795,178.4));
#461 = ( GEOMETRIC_REPRESENTATION_CONTEXT(2) 
PARAMETRIC_REPRESENTATION_CONTEXT() REPRESENTATION_CONTEXT('2D SPACE',''
  ) );
#462 = PCURVE('',#415,#463);
#463 = DEFINITIONAL_REPRESENTATION('',(#464),#474);
#464 = B_SPLINE_CURVE_WITH_KNOTS('',8,(#465,#466,#467,#468,#469,#470,
    #471,#472,#473),.UNSPECIFIED.,.F.,.F.,(9,9),(4.712388868922,
    6.28318530718),.PIECEWISE_BEZIER_KNOTS.);
#465 = CARTESIAN_POINT('',(-1.114623504606E-07,32.000000657628));
#466 = CARTESIAN_POINT('',(0.19634944332,30.841538284413));
#467 = CARTESIAN_POINT('',(0.392698998101,29.68307560713));
#468 = CARTESIAN_POINT('',(0.589048552885,28.592672097416));
#469 = CARTESIAN_POINT('',(0.785398107662,27.638373586732));
#470 = CARTESIAN_POINT('',(0.981747662448,26.879873637282));
#471 = CARTESIAN_POINT('',(1.17809721723,26.35995861518));
#472 = CARTESIAN_POINT('',(1.374446772013,26.1));
#473 = CARTESIAN_POINT('',(1.570796326795,26.1));
#474 = ( GEOMETRIC_REPRESENTATION_CONTEXT(2) 
PARAMETRIC_REPRESENTATION_CONTEXT() REPRESENTATION_CONTEXT('2D SPACE',''
  ) );
#475 = ORIENTED_EDGE('',*,*,#476,.T.);
#476 = EDGE_CURVE('',#441,#386,#477,.T.);
#477 = SURFACE_CURVE('',#478,(#483,#496),.PCURVE_S1.);
#478 = ELLIPSE('',#479,8.343860018001,5.9);
#479 = AXIS2_PLACEMENT_3D('',#480,#481,#482);
#480 = CARTESIAN_POINT('',(-22.5,26.,63.5));
#481 = DIRECTION('',(0.707106781187,0.707106781187,0.));
#482 = DIRECTION('',(0.707106781187,-0.707106781187,0.));
#483 = PCURVE('',#75,#484);
#484 = DEFINITIONAL_REPRESENTATION('',(#485),#495);
#485 = B_SPLINE_CURVE_WITH_KNOTS('',8,(#486,#487,#488,#489,#490,#491,
    #492,#493,#494),.UNSPECIFIED.,.F.,.F.,(9,9),(0.,1.570796438257),
  .PIECEWISE_BEZIER_KNOTS.);
#486 = CARTESIAN_POINT('',(1.570796326795,178.4));
#487 = CARTESIAN_POINT('',(1.767145881577,178.4));
#488 = CARTESIAN_POINT('',(1.963495436358,178.14004138453));
#489 = CARTESIAN_POINT('',(2.159844991139,177.62012636327));
#490 = CARTESIAN_POINT('',(2.356194545919,176.8616264115));
#491 = CARTESIAN_POINT('',(2.552544100704,175.90732790294));
#492 = CARTESIAN_POINT('',(2.748893655487,174.81692439259));
#493 = CARTESIAN_POINT('',(2.94524321027,173.65846171558));
#494 = CARTESIAN_POINT('',(3.141592765052,172.49999934237));
#495 = ( GEOMETRIC_REPRESENTATION_CONTEXT(2) 
PARAMETRIC_REPRESENTATION_CONTEXT() REPRESENTATION_CONTEXT('2D SPACE',''
  ) );
#496 = PCURVE('',#415,#497);
#497 = DEFINITIONAL_REPRESENTATION('',(#498),#508);
#498 = B_SPLINE_CURVE_WITH_KNOTS('',8,(#499,#500,#501,#502,#503,#504,
    #505,#506,#507),.UNSPECIFIED.,.F.,.F.,(9,9),(0.,1.570796438257),
  .PIECEWISE_BEZIER_KNOTS.);
#499 = CARTESIAN_POINT('',(1.570796326795,26.1));
#500 = CARTESIAN_POINT('',(1.767145881577,26.1));
#501 = CARTESIAN_POINT('',(1.963495436358,26.359958615176));
#502 = CARTESIAN_POINT('',(2.159844991139,26.879873637305));
#503 = CARTESIAN_POINT('',(2.356194545919,27.638373586769));
#504 = CARTESIAN_POINT('',(2.552544100704,28.59267209748));
#505 = CARTESIAN_POINT('',(2.748893655487,29.683075607145));
#506 = CARTESIAN_POINT('',(2.94524321027,30.841538284413));
#507 = CARTESIAN_POINT('',(3.141592765052,32.000000657628));
#508 = ( GEOMETRIC_REPRESENTATION_CONTEXT(2) 
PARAMETRIC_REPRESENTATION_CONTEXT() REPRESENTATION_CONTEXT('2D SPACE',''
  ) );
#509 = FACE_BOUND('',#510,.T.);
#510 = EDGE_LOOP('',(#511,#568,#604));
#511 = ORIENTED_EDGE('',*,*,#512,.F.);
#512 = EDGE_CURVE('',#513,#515,#517,.T.);
#513 = VERTEX_POINT('',#514);
#514 = CARTESIAN_POINT('',(-157.5,26.,69.4));
#515 = VERTEX_POINT('',#516);
#516 = CARTESIAN_POINT('',(-157.5,26.,57.6));
#517 = SURFACE_CURVE('',#518,(#523,#543),.PCURVE_S1.);
#518 = ELLIPSE('',#519,8.343860018001,5.9);
#519 = AXIS2_PLACEMENT_3D('',#520,#521,#522);
#520 = CARTESIAN_POINT('',(-157.5,26.,63.5));
#521 = DIRECTION('',(0.707106781187,-0.707106781187,0.));
#522 = DIRECTION('',(0.707106781187,0.707106781187,0.));
#523 = PCURVE('',#75,#524);
#524 = DEFINITIONAL_REPRESENTATION('',(#525),#542);
#525 = B_SPLINE_CURVE_WITH_KNOTS('',8,(#526,#527,#528,#529,#530,#531,
    #532,#533,#534,#535,#536,#537,#538,#539,#540,#541),.UNSPECIFIED.,.F.
  ,.F.,(9,7,9),(1.570796215333,3.141592592975,4.712388970617),
  .UNSPECIFIED.);
#526 = CARTESIAN_POINT('',(-1.114623504606E-07,37.500000657628));
#527 = CARTESIAN_POINT('',(0.196349435743,36.341538329117));
#528 = CARTESIAN_POINT('',(0.392698982948,35.183075696586));
#529 = CARTESIAN_POINT('',(0.589048530153,34.092672223512));
#530 = CARTESIAN_POINT('',(0.785398077356,33.138373734324));
#531 = CARTESIAN_POINT('',(0.981747624563,32.379873783465));
#532 = CARTESIAN_POINT('',(1.178097171769,31.859958735596));
#533 = CARTESIAN_POINT('',(1.374446718975,31.60000007022));
#534 = CARTESIAN_POINT('',(1.767145813385,31.59999992978));
#535 = CARTESIAN_POINT('',(1.963495360591,31.859958454681));
#536 = CARTESIAN_POINT('',(2.15984490779,32.379873370601));
#537 = CARTESIAN_POINT('',(2.356194455005,33.138373205302));
#538 = CARTESIAN_POINT('',(2.552544002202,34.092671603031));
#539 = CARTESIAN_POINT('',(2.748893549412,35.183075012806));
#540 = CARTESIAN_POINT('',(2.945243096617,36.341537613861));
#541 = CARTESIAN_POINT('',(3.141592643822,37.499999942372));
#542 = ( GEOMETRIC_REPRESENTATION_CONTEXT(2) 
PARAMETRIC_REPRESENTATION_CONTEXT() REPRESENTATION_CONTEXT('2D SPACE',''
  ) );
#543 = PCURVE('',#544,#549);
#544 = CYLINDRICAL_SURFACE('',#545,5.9);
#545 = AXIS2_PLACEMENT_3D('',#546,#547,#548);
#546 = CARTESIAN_POINT('',(-157.5,-6.,63.5));
#547 = DIRECTION('',(0.,1.,0.));
#548 = DIRECTION('',(0.,-0.,1.));
#549 = DEFINITIONAL_REPRESENTATION('',(#550),#567);
#550 = B_SPLINE_CURVE_WITH_KNOTS('',8,(#551,#552,#553,#554,#555,#556,
    #557,#558,#559,#560,#561,#562,#563,#564,#565,#566),.UNSPECIFIED.,.F.
  ,.F.,(9,7,9),(1.570796215333,3.141592592975,4.712388970617),
  .UNSPECIFIED.);
#551 = CARTESIAN_POINT('',(6.283185418642,32.000000657628));
#552 = CARTESIAN_POINT('',(6.086835871437,30.841538329117));
#553 = CARTESIAN_POINT('',(5.890486324231,29.68307569656));
#554 = CARTESIAN_POINT('',(5.69413677703,28.592672223622));
#555 = CARTESIAN_POINT('',(5.497787229819,27.63837373414));
#556 = CARTESIAN_POINT('',(5.301437682618,26.879873783592));
#557 = CARTESIAN_POINT('',(5.10508813541,26.359958735573));
#558 = CARTESIAN_POINT('',(4.908738588205,26.10000007022));
#559 = CARTESIAN_POINT('',(4.516039493794,26.09999992978));
#560 = CARTESIAN_POINT('',(4.319689946587,26.359958454723));
#561 = CARTESIAN_POINT('',(4.123340399393,26.879873370438));
#562 = CARTESIAN_POINT('',(3.92699085217,27.63837320547));
#563 = CARTESIAN_POINT('',(3.730641304982,28.592671602825));
#564 = CARTESIAN_POINT('',(3.534291757767,29.683075012844));
#565 = CARTESIAN_POINT('',(3.337942210563,30.841537613861));
#566 = CARTESIAN_POINT('',(3.141592663357,31.999999942372));
#567 = ( GEOMETRIC_REPRESENTATION_CONTEXT(2) 
PARAMETRIC_REPRESENTATION_CONTEXT() REPRESENTATION_CONTEXT('2D SPACE',''
  ) );
#568 = ORIENTED_EDGE('',*,*,#569,.T.);
#569 = EDGE_CURVE('',#513,#570,#572,.T.);
#570 = VERTEX_POINT('',#571);
#571 = CARTESIAN_POINT('',(-151.6,20.1,63.5));
#572 = SURFACE_CURVE('',#573,(#578,#591),.PCURVE_S1.);
#573 = ELLIPSE('',#574,8.343860018001,5.9);
#574 = AXIS2_PLACEMENT_3D('',#575,#576,#577);
#575 = CARTESIAN_POINT('',(-157.5,26.,63.5));
#576 = DIRECTION('',(0.707106781187,0.707106781187,0.));
#577 = DIRECTION('',(0.707106781187,-0.707106781187,0.));
#578 = PCURVE('',#75,#579);
#579 = DEFINITIONAL_REPRESENTATION('',(#580),#590);
#580 = B_SPLINE_CURVE_WITH_KNOTS('',8,(#581,#582,#583,#584,#585,#586,
    #587,#588,#589),.UNSPECIFIED.,.F.,.F.,(9,9),(4.712388868922,
    6.28318530718),.PIECEWISE_BEZIER_KNOTS.);
#581 = CARTESIAN_POINT('',(-1.114623504606E-07,37.499999342372));
#582 = CARTESIAN_POINT('',(0.19634944332,38.658461715587));
#583 = CARTESIAN_POINT('',(0.392698998101,39.816924392812));
#584 = CARTESIAN_POINT('',(0.589048552885,40.907327902533));
#585 = CARTESIAN_POINT('',(0.785398107662,41.86162641307));
#586 = CARTESIAN_POINT('',(0.981747662448,42.620126362697));
#587 = CARTESIAN_POINT('',(1.17809721723,43.140041384773));
#588 = CARTESIAN_POINT('',(1.374446772013,43.4));
#589 = CARTESIAN_POINT('',(1.570796326795,43.4));
#590 = ( GEOMETRIC_REPRESENTATION_CONTEXT(2) 
PARAMETRIC_REPRESENTATION_CONTEXT() REPRESENTATION_CONTEXT('2D SPACE',''
  ) );
#591 = PCURVE('',#544,#592);
#592 = DEFINITIONAL_REPRESENTATION('',(#593),#603);
#593 = B_SPLINE_CURVE_WITH_KNOTS('',8,(#594,#595,#596,#597,#598,#599,
    #600,#601,#602),.UNSPECIFIED.,.F.,.F.,(9,9),(4.712388868922,
    6.28318530718),.PIECEWISE_BEZIER_KNOTS.);
#594 = CARTESIAN_POINT('',(-1.114623522369E-07,32.000000657628));
#595 = CARTESIAN_POINT('',(0.19634944332,30.841538284413));
#596 = CARTESIAN_POINT('',(0.392698998102,29.68307560713));
#597 = CARTESIAN_POINT('',(0.589048552883,28.592672097416));
#598 = CARTESIAN_POINT('',(0.785398107667,27.638373586732));
#599 = CARTESIAN_POINT('',(0.981747662446,26.879873637282));
#600 = CARTESIAN_POINT('',(1.17809721723,26.35995861518));
#601 = CARTESIAN_POINT('',(1.374446772013,26.1));
#602 = CARTESIAN_POINT('',(1.570796326795,26.1));
#603 = ( GEOMETRIC_REPRESENTATION_CONTEXT(2) 
PARAMETRIC_REPRESENTATION_CONTEXT() REPRESENTATION_CONTEXT('2D SPACE',''
  ) );
#604 = ORIENTED_EDGE('',*,*,#605,.T.);
#605 = EDGE_CURVE('',#570,#515,#606,.T.);
#606 = SURFACE_CURVE('',#607,(#612,#625),.PCURVE_S1.);
#607 = ELLIPSE('',#608,8.343860018001,5.9);
#608 = AXIS2_PLACEMENT_3D('',#609,#610,#611);
#609 = CARTESIAN_POINT('',(-157.5,26.,63.5));
#610 = DIRECTION('',(0.707106781187,0.707106781187,0.));
#611 = DIRECTION('',(0.707106781187,-0.707106781187,0.));
#612 = PCURVE('',#75,#613);
#613 = DEFINITIONAL_REPRESENTATION('',(#614),#624);
#614 = B_SPLINE_CURVE_WITH_KNOTS('',8,(#615,#616,#617,#618,#619,#620,
    #621,#622,#623),.UNSPECIFIED.,.F.,.F.,(9,9),(0.,1.570796438257),
  .PIECEWISE_BEZIER_KNOTS.);
#615 = CARTESIAN_POINT('',(1.570796326795,43.4));
#616 = CARTESIAN_POINT('',(1.767145881577,43.4));
#617 = CARTESIAN_POINT('',(1.963495436358,43.140041384784));
#618 = CARTESIAN_POINT('',(2.15984499114,42.620126362687));
#619 = CARTESIAN_POINT('',(2.35619454592,41.861626413048));
#620 = CARTESIAN_POINT('',(2.552544100701,40.907327902485));
#621 = CARTESIAN_POINT('',(2.748893655487,39.816924392823));
#622 = CARTESIAN_POINT('',(2.94524321027,38.658461715587));
#623 = CARTESIAN_POINT('',(3.141592765052,37.499999342372));
#624 = ( GEOMETRIC_REPRESENTATION_CONTEXT(2) 
PARAMETRIC_REPRESENTATION_CONTEXT() REPRESENTATION_CONTEXT('2D SPACE',''
  ) );
#625 = PCURVE('',#544,#626);
#626 = DEFINITIONAL_REPRESENTATION('',(#627),#637);
#627 = B_SPLINE_CURVE_WITH_KNOTS('',8,(#628,#629,#630,#631,#632,#633,
    #634,#635,#636),.UNSPECIFIED.,.F.,.F.,(9,9),(0.,1.570796438257),
  .PIECEWISE_BEZIER_KNOTS.);
#628 = CARTESIAN_POINT('',(1.570796326795,26.1));
#629 = CARTESIAN_POINT('',(1.767145881577,26.1));
#630 = CARTESIAN_POINT('',(1.963495436358,26.359958615168));
#631 = CARTESIAN_POINT('',(2.159844991142,26.879873637337));
#632 = CARTESIAN_POINT('',(2.356194545915,27.638373586699));
#633 = CARTESIAN_POINT('',(2.552544100708,28.592672097511));
#634 = CARTESIAN_POINT('',(2.748893655486,29.683075607137));
#635 = CARTESIAN_POINT('',(2.94524321027,30.841538284413));
#636 = CARTESIAN_POINT('',(3.141592765052,32.000000657628));
#637 = ( GEOMETRIC_REPRESENTATION_CONTEXT(2) 
PARAMETRIC_REPRESENTATION_CONTEXT() REPRESENTATION_CONTEXT('2D SPACE',''
  ) );
#638 = FACE_BOUND('',#639,.T.);
#639 = EDGE_LOOP('',(#640,#697,#733));
#640 = ORIENTED_EDGE('',*,*,#641,.F.);
#641 = EDGE_CURVE('',#642,#644,#646,.T.);
#642 = VERTEX_POINT('',#643);
#643 = CARTESIAN_POINT('',(-112.5,26.,69.4));
#644 = VERTEX_POINT('',#645);
#645 = CARTESIAN_POINT('',(-112.5,26.,57.6));
#646 = SURFACE_CURVE('',#647,(#652,#672),.PCURVE_S1.);
#647 = ELLIPSE('',#648,8.343860018001,5.9);
#648 = AXIS2_PLACEMENT_3D('',#649,#650,#651);
#649 = CARTESIAN_POINT('',(-112.5,26.,63.5));
#650 = DIRECTION('',(0.707106781187,-0.707106781187,0.));
#651 = DIRECTION('',(0.707106781187,0.707106781187,0.));
#652 = PCURVE('',#75,#653);
#653 = DEFINITIONAL_REPRESENTATION('',(#654),#671);
#654 = B_SPLINE_CURVE_WITH_KNOTS('',8,(#655,#656,#657,#658,#659,#660,
    #661,#662,#663,#664,#665,#666,#667,#668,#669,#670),.UNSPECIFIED.,.F.
  ,.F.,(9,7,9),(1.570796215333,3.141592592975,4.712388970617),
  .UNSPECIFIED.);
#655 = CARTESIAN_POINT('',(-1.114623504606E-07,82.500000657628));
#656 = CARTESIAN_POINT('',(0.196349435743,81.341538329117));
#657 = CARTESIAN_POINT('',(0.392698982948,80.183075696432));
#658 = CARTESIAN_POINT('',(0.589048530153,79.09267222399));
#659 = CARTESIAN_POINT('',(0.785398077356,78.138373733406));
#660 = CARTESIAN_POINT('',(0.981747624563,77.379873783971));
#661 = CARTESIAN_POINT('',(1.178097171769,76.859958735466));
#662 = CARTESIAN_POINT('',(1.374446718975,76.60000007022));
#663 = CARTESIAN_POINT('',(1.767145813385,76.59999992978));
#664 = CARTESIAN_POINT('',(1.963495360591,76.859958454554));
#665 = CARTESIAN_POINT('',(2.15984490779,77.379873370916));
#666 = CARTESIAN_POINT('',(2.356194455005,78.138373204599));
#667 = CARTESIAN_POINT('',(2.552544002202,79.092671603287));
#668 = CARTESIAN_POINT('',(2.748893549412,80.183075012672));
#669 = CARTESIAN_POINT('',(2.945243096617,81.341537613861));
#670 = CARTESIAN_POINT('',(3.141592643822,82.499999942372));
#671 = ( GEOMETRIC_REPRESENTATION_CONTEXT(2) 
PARAMETRIC_REPRESENTATION_CONTEXT() REPRESENTATION_CONTEXT('2D SPACE',''
  ) );
#672 = PCURVE('',#673,#678);
#673 = CYLINDRICAL_SURFACE('',#674,5.9);
#674 = AXIS2_PLACEMENT_3D('',#675,#676,#677);
#675 = CARTESIAN_POINT('',(-112.5,-6.,63.5));
#676 = DIRECTION('',(0.,1.,0.));
#677 = DIRECTION('',(0.,-0.,1.));
#678 = DEFINITIONAL_REPRESENTATION('',(#679),#696);
#679 = B_SPLINE_CURVE_WITH_KNOTS('',8,(#680,#681,#682,#683,#684,#685,
    #686,#687,#688,#689,#690,#691,#692,#693,#694,#695),.UNSPECIFIED.,.F.
  ,.F.,(9,7,9),(1.570796215333,3.141592592975,4.712388970617),
  .UNSPECIFIED.);
#680 = CARTESIAN_POINT('',(6.283185418642,32.000000657628));
#681 = CARTESIAN_POINT('',(6.086835871437,30.841538329117));
#682 = CARTESIAN_POINT('',(5.890486324232,29.68307569656));
#683 = CARTESIAN_POINT('',(5.694136777026,28.592672223622));
#684 = CARTESIAN_POINT('',(5.497787229823,27.63837373414));
#685 = CARTESIAN_POINT('',(5.301437682614,26.879873783592));
#686 = CARTESIAN_POINT('',(5.105088135411,26.359958735573));
#687 = CARTESIAN_POINT('',(4.908738588205,26.10000007022));
#688 = CARTESIAN_POINT('',(4.516039493794,26.09999992978));
#689 = CARTESIAN_POINT('',(4.319689946588,26.359958454723));
#690 = CARTESIAN_POINT('',(4.123340399391,26.879873370438));
#691 = CARTESIAN_POINT('',(3.926990852172,27.63837320547));
#692 = CARTESIAN_POINT('',(3.730641304979,28.592671602825));
#693 = CARTESIAN_POINT('',(3.534291757767,29.683075012844));
#694 = CARTESIAN_POINT('',(3.337942210563,30.841537613861));
#695 = CARTESIAN_POINT('',(3.141592663357,31.999999942372));
#696 = ( GEOMETRIC_REPRESENTATION_CONTEXT(2) 
PARAMETRIC_REPRESENTATION_CONTEXT() REPRESENTATION_CONTEXT('2D SPACE',''
  ) );
#697 = ORIENTED_EDGE('',*,*,#698,.T.);
#698 = EDGE_CURVE('',#642,#699,#701,.T.);
#699 = VERTEX_POINT('',#700);
#700 = CARTESIAN_POINT('',(-106.6,20.1,63.5));
#701 = SURFACE_CURVE('',#702,(#707,#720),.PCURVE_S1.);
#702 = ELLIPSE('',#703,8.343860018001,5.9);
#703 = AXIS2_PLACEMENT_3D('',#704,#705,#706);
#704 = CARTESIAN_POINT('',(-112.5,26.,63.5));
#705 = DIRECTION('',(0.707106781187,0.707106781187,0.));
#706 = DIRECTION('',(0.707106781187,-0.707106781187,0.));
#707 = PCURVE('',#75,#708);
#708 = DEFINITIONAL_REPRESENTATION('',(#709),#719);
#709 = B_SPLINE_CURVE_WITH_KNOTS('',8,(#710,#711,#712,#713,#714,#715,
    #716,#717,#718),.UNSPECIFIED.,.F.,.F.,(9,9),(4.712388868922,
    6.28318530718),.PIECEWISE_BEZIER_KNOTS.);
#710 = CARTESIAN_POINT('',(-1.114623504606E-07,82.499999342372));
#711 = CARTESIAN_POINT('',(0.19634944332,83.658461715587));
#712 = CARTESIAN_POINT('',(0.392698998101,84.816924392905));
#713 = CARTESIAN_POINT('',(0.589048552885,85.907327902113));
#714 = CARTESIAN_POINT('',(0.785398107662,86.861626413538));
#715 = CARTESIAN_POINT('',(0.981747662448,87.620126362245));
#716 = CARTESIAN_POINT('',(1.17809721723,88.140041384865));
#717 = CARTESIAN_POINT('',(1.374446772013,88.4));
#718 = CARTESIAN_POINT('',(1.570796326795,88.4));
#719 = ( GEOMETRIC_REPRESENTATION_CONTEXT(2) 
PARAMETRIC_REPRESENTATION_CONTEXT() REPRESENTATION_CONTEXT('2D SPACE',''
  ) );
#720 = PCURVE('',#673,#721);
#721 = DEFINITIONAL_REPRESENTATION('',(#722),#732);
#722 = B_SPLINE_CURVE_WITH_KNOTS('',8,(#723,#724,#725,#726,#727,#728,
    #729,#730,#731),.UNSPECIFIED.,.F.,.F.,(9,9),(4.712388868922,
    6.28318530718),.PIECEWISE_BEZIER_KNOTS.);
#723 = CARTESIAN_POINT('',(-1.114623495724E-07,32.000000657628));
#724 = CARTESIAN_POINT('',(0.19634944332,30.841538284413));
#725 = CARTESIAN_POINT('',(0.392698998102,29.68307560713));
#726 = CARTESIAN_POINT('',(0.589048552884,28.592672097416));
#727 = CARTESIAN_POINT('',(0.785398107665,27.638373586732));
#728 = CARTESIAN_POINT('',(0.981747662448,26.879873637282));
#729 = CARTESIAN_POINT('',(1.17809721723,26.35995861518));
#730 = CARTESIAN_POINT('',(1.374446772013,26.1));
#731 = CARTESIAN_POINT('',(1.570796326795,26.1));
#732 = ( GEOMETRIC_REPRESENTATION_CONTEXT(2) 
PARAMETRIC_REPRESENTATION_CONTEXT() REPRESENTATION_CONTEXT('2D SPACE',''
  ) );
#733 = ORIENTED_EDGE('',*,*,#734,.T.);
#734 = EDGE_CURVE('',#699,#644,#735,.T.);
#735 = SURFACE_CURVE('',#736,(#741,#754),.PCURVE_S1.);
#736 = ELLIPSE('',#737,8.343860018001,5.9);
#737 = AXIS2_PLACEMENT_3D('',#738,#739,#740);
#738 = CARTESIAN_POINT('',(-112.5,26.,63.5));
#739 = DIRECTION('',(0.707106781187,0.707106781187,0.));
#740 = DIRECTION('',(0.707106781187,-0.707106781187,0.));
#741 = PCURVE('',#75,#742);
#742 = DEFINITIONAL_REPRESENTATION('',(#743),#753);
#743 = B_SPLINE_CURVE_WITH_KNOTS('',8,(#744,#745,#746,#747,#748,#749,
    #750,#751,#752),.UNSPECIFIED.,.F.,.F.,(9,9),(0.,1.570796438257),
  .PIECEWISE_BEZIER_KNOTS.);
#744 = CARTESIAN_POINT('',(1.570796326795,88.4));
#745 = CARTESIAN_POINT('',(1.767145881577,88.4));
#746 = CARTESIAN_POINT('',(1.963495436358,88.140041384812));
#747 = CARTESIAN_POINT('',(2.15984499114,87.620126362353));
#748 = CARTESIAN_POINT('',(2.35619454592,86.861626413411));
#749 = CARTESIAN_POINT('',(2.552544100701,85.907327902272));
#750 = CARTESIAN_POINT('',(2.748893655487,84.816924392849));
#751 = CARTESIAN_POINT('',(2.94524321027,83.658461715587));
#752 = CARTESIAN_POINT('',(3.141592765052,82.499999342372));
#753 = ( GEOMETRIC_REPRESENTATION_CONTEXT(2) 
PARAMETRIC_REPRESENTATION_CONTEXT() REPRESENTATION_CONTEXT('2D SPACE',''
  ) );
#754 = PCURVE('',#673,#755);
#755 = DEFINITIONAL_REPRESENTATION('',(#756),#766);
#756 = B_SPLINE_CURVE_WITH_KNOTS('',8,(#757,#758,#759,#760,#761,#762,
    #763,#764,#765),.UNSPECIFIED.,.F.,.F.,(9,9),(0.,1.570796438257),
  .PIECEWISE_BEZIER_KNOTS.);
#757 = CARTESIAN_POINT('',(1.570796326795,26.1));
#758 = CARTESIAN_POINT('',(1.767145881577,26.1));
#759 = CARTESIAN_POINT('',(1.96349543636,26.359958615168));
#760 = CARTESIAN_POINT('',(2.159844991134,26.879873637337));
#761 = CARTESIAN_POINT('',(2.356194545922,27.638373586699));
#762 = CARTESIAN_POINT('',(2.552544100699,28.592672097511));
#763 = CARTESIAN_POINT('',(2.748893655488,29.683075607137));
#764 = CARTESIAN_POINT('',(2.94524321027,30.841538284413));
#765 = CARTESIAN_POINT('',(3.141592765052,32.000000657628));
#766 = ( GEOMETRIC_REPRESENTATION_CONTEXT(2) 
PARAMETRIC_REPRESENTATION_CONTEXT() REPRESENTATION_CONTEXT('2D SPACE',''
  ) );
#767 = FACE_BOUND('',#768,.T.);
#768 = EDGE_LOOP('',(#769,#826,#862));
#769 = ORIENTED_EDGE('',*,*,#770,.F.);
#770 = EDGE_CURVE('',#771,#773,#775,.T.);
#771 = VERTEX_POINT('',#772);
#772 = CARTESIAN_POINT('',(-67.5,26.,69.4));
#773 = VERTEX_POINT('',#774);
#774 = CARTESIAN_POINT('',(-67.5,26.,57.6));
#775 = SURFACE_CURVE('',#776,(#781,#801),.PCURVE_S1.);
#776 = ELLIPSE('',#777,8.343860018001,5.9);
#777 = AXIS2_PLACEMENT_3D('',#778,#779,#780);
#778 = CARTESIAN_POINT('',(-67.5,26.,63.5));
#779 = DIRECTION('',(0.707106781187,-0.707106781187,0.));
#780 = DIRECTION('',(0.707106781187,0.707106781187,0.));
#781 = PCURVE('',#75,#782);
#782 = DEFINITIONAL_REPRESENTATION('',(#783),#800);
#783 = B_SPLINE_CURVE_WITH_KNOTS('',8,(#784,#785,#786,#787,#788,#789,
    #790,#791,#792,#793,#794,#795,#796,#797,#798,#799),.UNSPECIFIED.,.F.
  ,.F.,(9,7,9),(1.570796215333,3.141592592975,4.712388970617),
  .UNSPECIFIED.);
#784 = CARTESIAN_POINT('',(-1.114623504606E-07,127.50000065762));
#785 = CARTESIAN_POINT('',(0.196349435743,126.34153832911));
#786 = CARTESIAN_POINT('',(0.392698982948,125.18307569655));
#787 = CARTESIAN_POINT('',(0.589048530153,124.09267222357));
#788 = CARTESIAN_POINT('',(0.785398077356,123.13837373387));
#789 = CARTESIAN_POINT('',(0.981747624563,122.37987378357));
#790 = CARTESIAN_POINT('',(1.178097171769,121.85995873553));
#791 = CARTESIAN_POINT('',(1.374446718975,121.60000007022));
#792 = CARTESIAN_POINT('',(1.767145813385,121.59999992978));
#793 = CARTESIAN_POINT('',(1.963495360591,121.85995845473));
#794 = CARTESIAN_POINT('',(2.15984490779,122.37987337023));
#795 = CARTESIAN_POINT('',(2.356194455005,123.13837320538));
#796 = CARTESIAN_POINT('',(2.552544002202,124.09267160279));
#797 = CARTESIAN_POINT('',(2.748893549412,125.18307501281));
#798 = CARTESIAN_POINT('',(2.945243096617,126.34153761386));
#799 = CARTESIAN_POINT('',(3.141592643822,127.49999994237));
#800 = ( GEOMETRIC_REPRESENTATION_CONTEXT(2) 
PARAMETRIC_REPRESENTATION_CONTEXT() REPRESENTATION_CONTEXT('2D SPACE',''
  ) );
#801 = PCURVE('',#802,#807);
#802 = CYLINDRICAL_SURFACE('',#803,5.9);
#803 = AXIS2_PLACEMENT_3D('',#804,#805,#806);
#804 = CARTESIAN_POINT('',(-67.5,-6.,63.5));
#805 = DIRECTION('',(0.,1.,0.));
#806 = DIRECTION('',(0.,-0.,1.));
#807 = DEFINITIONAL_REPRESENTATION('',(#808),#825);
#808 = B_SPLINE_CURVE_WITH_KNOTS('',8,(#809,#810,#811,#812,#813,#814,
    #815,#816,#817,#818,#819,#820,#821,#822,#823,#824),.UNSPECIFIED.,.F.
  ,.F.,(9,7,9),(1.570796215333,3.141592592975,4.712388970617),
  .UNSPECIFIED.);
#809 = CARTESIAN_POINT('',(6.283185418642,32.000000657628));
#810 = CARTESIAN_POINT('',(6.086835871437,30.841538329117));
#811 = CARTESIAN_POINT('',(5.890486324232,29.68307569656));
#812 = CARTESIAN_POINT('',(5.694136777026,28.592672223622));
#813 = CARTESIAN_POINT('',(5.497787229823,27.63837373414));
#814 = CARTESIAN_POINT('',(5.301437682614,26.879873783592));
#815 = CARTESIAN_POINT('',(5.105088135411,26.359958735573));
#816 = CARTESIAN_POINT('',(4.908738588205,26.10000007022));
#817 = CARTESIAN_POINT('',(4.516039493794,26.09999992978));
#818 = CARTESIAN_POINT('',(4.319689946588,26.359958454723));
#819 = CARTESIAN_POINT('',(4.123340399391,26.879873370438));
#820 = CARTESIAN_POINT('',(3.926990852172,27.63837320547));
#821 = CARTESIAN_POINT('',(3.730641304979,28.592671602825));
#822 = CARTESIAN_POINT('',(3.534291757767,29.683075012844));
#823 = CARTESIAN_POINT('',(3.337942210563,30.841537613861));
#824 = CARTESIAN_POINT('',(3.141592663357,31.999999942372));
#825 = ( GEOMETRIC_REPRESENTATION_CONTEXT(2) 
PARAMETRIC_REPRESENTATION_CONTEXT() REPRESENTATION_CONTEXT('2D SPACE',''
  ) );
#826 = ORIENTED_EDGE('',*,*,#827,.T.);
#827 = EDGE_CURVE('',#771,#828,#830,.T.);
#828 = VERTEX_POINT('',#829);
#829 = CARTESIAN_POINT('',(-61.6,20.1,63.5));
#830 = SURFACE_CURVE('',#831,(#836,#849),.PCURVE_S1.);
#831 = ELLIPSE('',#832,8.343860018001,5.9);
#832 = AXIS2_PLACEMENT_3D('',#833,#834,#835);
#833 = CARTESIAN_POINT('',(-67.5,26.,63.5));
#834 = DIRECTION('',(0.707106781187,0.707106781187,0.));
#835 = DIRECTION('',(0.707106781187,-0.707106781187,0.));
#836 = PCURVE('',#75,#837);
#837 = DEFINITIONAL_REPRESENTATION('',(#838),#848);
#838 = B_SPLINE_CURVE_WITH_KNOTS('',8,(#839,#840,#841,#842,#843,#844,
    #845,#846,#847),.UNSPECIFIED.,.F.,.F.,(9,9),(4.712388868922,
    6.28318530718),.PIECEWISE_BEZIER_KNOTS.);
#839 = CARTESIAN_POINT('',(-1.114623504606E-07,127.49999934237));
#840 = CARTESIAN_POINT('',(0.19634944332,128.65846171558));
#841 = CARTESIAN_POINT('',(0.392698998101,129.81692439281));
#842 = CARTESIAN_POINT('',(0.589048552885,130.90732790221));
#843 = CARTESIAN_POINT('',(0.785398107662,131.86162641319));
#844 = CARTESIAN_POINT('',(0.981747662448,132.62012636231));
#845 = CARTESIAN_POINT('',(1.17809721723,133.14004138478));
#846 = CARTESIAN_POINT('',(1.374446772013,133.4));
#847 = CARTESIAN_POINT('',(1.570796326795,133.4));
#848 = ( GEOMETRIC_REPRESENTATION_CONTEXT(2) 
PARAMETRIC_REPRESENTATION_CONTEXT() REPRESENTATION_CONTEXT('2D SPACE',''
  ) );
#849 = PCURVE('',#802,#850);
#850 = DEFINITIONAL_REPRESENTATION('',(#851),#861);
#851 = B_SPLINE_CURVE_WITH_KNOTS('',8,(#852,#853,#854,#855,#856,#857,
    #858,#859,#860),.UNSPECIFIED.,.F.,.F.,(9,9),(4.712388868922,
    6.28318530718),.PIECEWISE_BEZIER_KNOTS.);
#852 = CARTESIAN_POINT('',(-1.114623495724E-07,32.000000657628));
#853 = CARTESIAN_POINT('',(0.19634944332,30.841538284413));
#854 = CARTESIAN_POINT('',(0.392698998102,29.68307560713));
#855 = CARTESIAN_POINT('',(0.589048552883,28.592672097416));
#856 = CARTESIAN_POINT('',(0.785398107666,27.638373586732));
#857 = CARTESIAN_POINT('',(0.981747662447,26.879873637282));
#858 = CARTESIAN_POINT('',(1.17809721723,26.35995861518));
#859 = CARTESIAN_POINT('',(1.374446772013,26.1));
#860 = CARTESIAN_POINT('',(1.570796326795,26.1));
#861 = ( GEOMETRIC_REPRESENTATION_CONTEXT(2) 
PARAMETRIC_REPRESENTATION_CONTEXT() REPRESENTATION_CONTEXT('2D SPACE',''
  ) );
#862 = ORIENTED_EDGE('',*,*,#863,.T.);
#863 = EDGE_CURVE('',#828,#773,#864,.T.);
#864 = SURFACE_CURVE('',#865,(#870,#883),.PCURVE_S1.);
#865 = ELLIPSE('',#866,8.343860018001,5.9);
#866 = AXIS2_PLACEMENT_3D('',#867,#868,#869);
#867 = CARTESIAN_POINT('',(-67.5,26.,63.5));
#868 = DIRECTION('',(0.707106781187,0.707106781187,0.));
#869 = DIRECTION('',(0.707106781187,-0.707106781187,0.));
#870 = PCURVE('',#75,#871);
#871 = DEFINITIONAL_REPRESENTATION('',(#872),#882);
#872 = B_SPLINE_CURVE_WITH_KNOTS('',8,(#873,#874,#875,#876,#877,#878,
    #879,#880,#881),.UNSPECIFIED.,.F.,.F.,(9,9),(0.,1.570796438257),
  .PIECEWISE_BEZIER_KNOTS.);
#873 = CARTESIAN_POINT('',(1.570796326795,133.4));
#874 = CARTESIAN_POINT('',(1.767145881577,133.4));
#875 = CARTESIAN_POINT('',(1.963495436358,133.14004138456));
#876 = CARTESIAN_POINT('',(2.15984499114,132.62012636325));
#877 = CARTESIAN_POINT('',(2.35619454592,131.86162641182));
#878 = CARTESIAN_POINT('',(2.552544100701,130.90732790309));
#879 = CARTESIAN_POINT('',(2.748893655487,129.81692439261));
#880 = CARTESIAN_POINT('',(2.94524321027,128.65846171558));
#881 = CARTESIAN_POINT('',(3.141592765052,127.49999934237));
#882 = ( GEOMETRIC_REPRESENTATION_CONTEXT(2) 
PARAMETRIC_REPRESENTATION_CONTEXT() REPRESENTATION_CONTEXT('2D SPACE',''
  ) );
#883 = PCURVE('',#802,#884);
#884 = DEFINITIONAL_REPRESENTATION('',(#885),#895);
#885 = B_SPLINE_CURVE_WITH_KNOTS('',8,(#886,#887,#888,#889,#890,#891,
    #892,#893,#894),.UNSPECIFIED.,.F.,.F.,(9,9),(0.,1.570796438257),
  .PIECEWISE_BEZIER_KNOTS.);
#886 = CARTESIAN_POINT('',(1.570796326795,26.1));
#887 = CARTESIAN_POINT('',(1.767145881577,26.1));
#888 = CARTESIAN_POINT('',(1.963495436358,26.359958615168));
#889 = CARTESIAN_POINT('',(2.159844991142,26.879873637337));
#890 = CARTESIAN_POINT('',(2.356194545915,27.638373586699));
#891 = CARTESIAN_POINT('',(2.552544100706,28.592672097511));
#892 = CARTESIAN_POINT('',(2.748893655486,29.683075607137));
#893 = CARTESIAN_POINT('',(2.94524321027,30.841538284413));
#894 = CARTESIAN_POINT('',(3.141592765052,32.000000657628));
#895 = ( GEOMETRIC_REPRESENTATION_CONTEXT(2) 
PARAMETRIC_REPRESENTATION_CONTEXT() REPRESENTATION_CONTEXT('2D SPACE',''
  ) );
#896 = FACE_BOUND('',#897,.T.);
#897 = EDGE_LOOP('',(#898,#955,#991));
#898 = ORIENTED_EDGE('',*,*,#899,.F.);
#899 = EDGE_CURVE('',#900,#902,#904,.T.);
#900 = VERTEX_POINT('',#901);
#901 = CARTESIAN_POINT('',(22.5,26.,69.4));
#902 = VERTEX_POINT('',#903);
#903 = CARTESIAN_POINT('',(22.5,26.,57.6));
#904 = SURFACE_CURVE('',#905,(#910,#930),.PCURVE_S1.);
#905 = ELLIPSE('',#906,8.343860018001,5.9);
#906 = AXIS2_PLACEMENT_3D('',#907,#908,#909);
#907 = CARTESIAN_POINT('',(22.5,26.,63.5));
#908 = DIRECTION('',(0.707106781187,-0.707106781187,0.));
#909 = DIRECTION('',(0.707106781187,0.707106781187,0.));
#910 = PCURVE('',#75,#911);
#911 = DEFINITIONAL_REPRESENTATION('',(#912),#929);
#912 = B_SPLINE_CURVE_WITH_KNOTS('',8,(#913,#914,#915,#916,#917,#918,
    #919,#920,#921,#922,#923,#924,#925,#926,#927,#928),.UNSPECIFIED.,.F.
  ,.F.,(9,7,9),(1.570796215333,3.141592592975,4.712388970617),
  .UNSPECIFIED.);
#913 = CARTESIAN_POINT('',(-1.114623504606E-07,217.50000065762));
#914 = CARTESIAN_POINT('',(0.196349435743,216.34153832911));
#915 = CARTESIAN_POINT('',(0.392698982948,215.18307569664));
#916 = CARTESIAN_POINT('',(0.589048530153,214.09267222341));
#917 = CARTESIAN_POINT('',(0.785398077356,213.1383737349));
#918 = CARTESIAN_POINT('',(0.981747624563,212.37987378315));
#919 = CARTESIAN_POINT('',(1.178097171769,211.85995873564));
#920 = CARTESIAN_POINT('',(1.374446718975,211.60000007022));
#921 = CARTESIAN_POINT('',(1.767145813385,211.59999992978));
#922 = CARTESIAN_POINT('',(1.963495360591,211.85995845461));
#923 = CARTESIAN_POINT('',(2.15984490779,212.37987337027));
#924 = CARTESIAN_POINT('',(2.356194455005,213.13837320557));
#925 = CARTESIAN_POINT('',(2.552544002202,214.09267160276));
#926 = CARTESIAN_POINT('',(2.748893549412,215.1830750128));
#927 = CARTESIAN_POINT('',(2.945243096617,216.34153761386));
#928 = CARTESIAN_POINT('',(3.141592643822,217.49999994237));
#929 = ( GEOMETRIC_REPRESENTATION_CONTEXT(2) 
PARAMETRIC_REPRESENTATION_CONTEXT() REPRESENTATION_CONTEXT('2D SPACE',''
  ) );
#930 = PCURVE('',#931,#936);
#931 = CYLINDRICAL_SURFACE('',#932,5.9);
#932 = AXIS2_PLACEMENT_3D('',#933,#934,#935);
#933 = CARTESIAN_POINT('',(22.5,-6.,63.5));
#934 = DIRECTION('',(0.,1.,0.));
#935 = DIRECTION('',(0.,-0.,1.));
#936 = DEFINITIONAL_REPRESENTATION('',(#937),#954);
#937 = B_SPLINE_CURVE_WITH_KNOTS('',8,(#938,#939,#940,#941,#942,#943,
    #944,#945,#946,#947,#948,#949,#950,#951,#952,#953),.UNSPECIFIED.,.F.
  ,.F.,(9,7,9),(1.570796215333,3.141592592975,4.712388970617),
  .UNSPECIFIED.);
#938 = CARTESIAN_POINT('',(6.283185418642,32.000000657628));
#939 = CARTESIAN_POINT('',(6.086835871437,30.841538329117));
#940 = CARTESIAN_POINT('',(5.890486324232,29.68307569656));
#941 = CARTESIAN_POINT('',(5.694136777026,28.592672223622));
#942 = CARTESIAN_POINT('',(5.497787229825,27.63837373414));
#943 = CARTESIAN_POINT('',(5.301437682614,26.879873783592));
#944 = CARTESIAN_POINT('',(5.105088135411,26.359958735573));
#945 = CARTESIAN_POINT('',(4.908738588205,26.10000007022));
#946 = CARTESIAN_POINT('',(4.516039493794,26.09999992978));
#947 = CARTESIAN_POINT('',(4.319689946588,26.359958454723));
#948 = CARTESIAN_POINT('',(4.123340399389,26.879873370438));
#949 = CARTESIAN_POINT('',(3.926990852175,27.63837320547));
#950 = CARTESIAN_POINT('',(3.730641304978,28.592671602825));
#951 = CARTESIAN_POINT('',(3.534291757768,29.683075012844));
#952 = CARTESIAN_POINT('',(3.337942210563,30.841537613861));
#953 = CARTESIAN_POINT('',(3.141592663357,31.999999942372));
#954 = ( GEOMETRIC_REPRESENTATION_CONTEXT(2) 
PARAMETRIC_REPRESENTATION_CONTEXT() REPRESENTATION_CONTEXT('2D SPACE',''
  ) );
#955 = ORIENTED_EDGE('',*,*,#956,.T.);
#956 = EDGE_CURVE('',#900,#957,#959,.T.);
#957 = VERTEX_POINT('',#958);
#958 = CARTESIAN_POINT('',(28.4,20.1,63.5));
#959 = SURFACE_CURVE('',#960,(#965,#978),.PCURVE_S1.);
#960 = ELLIPSE('',#961,8.343860018001,5.9);
#961 = AXIS2_PLACEMENT_3D('',#962,#963,#964);
#962 = CARTESIAN_POINT('',(22.5,26.,63.5));
#963 = DIRECTION('',(0.707106781187,0.707106781187,0.));
#964 = DIRECTION('',(0.707106781187,-0.707106781187,0.));
#965 = PCURVE('',#75,#966);
#966 = DEFINITIONAL_REPRESENTATION('',(#967),#977);
#967 = B_SPLINE_CURVE_WITH_KNOTS('',8,(#968,#969,#970,#971,#972,#973,
    #974,#975,#976),.UNSPECIFIED.,.F.,.F.,(9,9),(4.712388868922,
    6.28318530718),.PIECEWISE_BEZIER_KNOTS.);
#968 = CARTESIAN_POINT('',(-1.114623504606E-07,217.49999934237));
#969 = CARTESIAN_POINT('',(0.19634944332,218.65846171558));
#970 = CARTESIAN_POINT('',(0.392698998101,219.81692439268));
#971 = CARTESIAN_POINT('',(0.589048552885,220.90732790309));
#972 = CARTESIAN_POINT('',(0.785398107662,221.86162641263));
#973 = CARTESIAN_POINT('',(0.981747662448,222.62012636322));
#974 = CARTESIAN_POINT('',(1.17809721723,223.1400413846));
#975 = CARTESIAN_POINT('',(1.374446772013,223.4));
#976 = CARTESIAN_POINT('',(1.570796326795,223.4));
#977 = ( GEOMETRIC_REPRESENTATION_CONTEXT(2) 
PARAMETRIC_REPRESENTATION_CONTEXT() REPRESENTATION_CONTEXT('2D SPACE',''
  ) );
#978 = PCURVE('',#931,#979);
#979 = DEFINITIONAL_REPRESENTATION('',(#980),#990);
#980 = B_SPLINE_CURVE_WITH_KNOTS('',8,(#981,#982,#983,#984,#985,#986,
    #987,#988,#989),.UNSPECIFIED.,.F.,.F.,(9,9),(4.712388868922,
    6.28318530718),.PIECEWISE_BEZIER_KNOTS.);
#981 = CARTESIAN_POINT('',(-1.114623504606E-07,32.000000657628));
#982 = CARTESIAN_POINT('',(0.19634944332,30.841538284413));
#983 = CARTESIAN_POINT('',(0.392698998101,29.68307560713));
#984 = CARTESIAN_POINT('',(0.589048552885,28.592672097416));
#985 = CARTESIAN_POINT('',(0.785398107662,27.638373586732));
#986 = CARTESIAN_POINT('',(0.981747662448,26.879873637282));
#987 = CARTESIAN_POINT('',(1.17809721723,26.35995861518));
#988 = CARTESIAN_POINT('',(1.374446772013,26.1));
#989 = CARTESIAN_POINT('',(1.570796326795,26.1));
#990 = ( GEOMETRIC_REPRESENTATION_CONTEXT(2) 
PARAMETRIC_REPRESENTATION_CONTEXT() REPRESENTATION_CONTEXT('2D SPACE',''
  ) );
#991 = ORIENTED_EDGE('',*,*,#992,.T.);
#992 = EDGE_CURVE('',#957,#902,#993,.T.);
#993 = SURFACE_CURVE('',#994,(#999,#1012),.PCURVE_S1.);
#994 = ELLIPSE('',#995,8.343860018001,5.9);
#995 = AXIS2_PLACEMENT_3D('',#996,#997,#998);
#996 = CARTESIAN_POINT('',(22.5,26.,63.5));
#997 = DIRECTION('',(0.707106781187,0.707106781187,0.));
#998 = DIRECTION('',(0.707106781187,-0.707106781187,0.));
#999 = PCURVE('',#75,#1000);
#1000 = DEFINITIONAL_REPRESENTATION('',(#1001),#1011);
#1001 = B_SPLINE_CURVE_WITH_KNOTS('',8,(#1002,#1003,#1004,#1005,#1006,
    #1007,#1008,#1009,#1010),.UNSPECIFIED.,.F.,.F.,(9,9),(0.,
    1.570796438257),.PIECEWISE_BEZIER_KNOTS.);
#1002 = CARTESIAN_POINT('',(1.570796326795,223.4));
#1003 = CARTESIAN_POINT('',(1.767145881577,223.4));
#1004 = CARTESIAN_POINT('',(1.963495436358,223.14004138459));
#1005 = CARTESIAN_POINT('',(2.159844991139,222.62012636251));
#1006 = CARTESIAN_POINT('',(2.356194545919,221.86162641192));
#1007 = CARTESIAN_POINT('',(2.552544100704,220.90732790267));
#1008 = CARTESIAN_POINT('',(2.748893655487,219.81692439265));
#1009 = CARTESIAN_POINT('',(2.94524321027,218.65846171558));
#1010 = CARTESIAN_POINT('',(3.141592765052,217.49999934237));
#1011 = ( GEOMETRIC_REPRESENTATION_CONTEXT(2) 
PARAMETRIC_REPRESENTATION_CONTEXT() REPRESENTATION_CONTEXT('2D SPACE',''
  ) );
#1012 = PCURVE('',#931,#1013);
#1013 = DEFINITIONAL_REPRESENTATION('',(#1014),#1024);
#1014 = B_SPLINE_CURVE_WITH_KNOTS('',8,(#1015,#1016,#1017,#1018,#1019,
    #1020,#1021,#1022,#1023),.UNSPECIFIED.,.F.,.F.,(9,9),(0.,
    1.570796438257),.PIECEWISE_BEZIER_KNOTS.);
#1015 = CARTESIAN_POINT('',(1.570796326795,26.1));
#1016 = CARTESIAN_POINT('',(1.767145881577,26.1));
#1017 = CARTESIAN_POINT('',(1.963495436358,26.359958615176));
#1018 = CARTESIAN_POINT('',(2.159844991139,26.879873637305));
#1019 = CARTESIAN_POINT('',(2.356194545919,27.638373586769));
#1020 = CARTESIAN_POINT('',(2.552544100704,28.59267209748));
#1021 = CARTESIAN_POINT('',(2.748893655487,29.683075607145));
#1022 = CARTESIAN_POINT('',(2.94524321027,30.841538284413));
#1023 = CARTESIAN_POINT('',(3.141592765052,32.000000657628));
#1024 = ( GEOMETRIC_REPRESENTATION_CONTEXT(2) 
PARAMETRIC_REPRESENTATION_CONTEXT() REPRESENTATION_CONTEXT('2D SPACE',''
  ) );
#1025 = FACE_BOUND('',#1026,.T.);
#1026 = EDGE_LOOP('',(#1027,#1084,#1120));
#1027 = ORIENTED_EDGE('',*,*,#1028,.F.);
#1028 = EDGE_CURVE('',#1029,#1031,#1033,.T.);
#1029 = VERTEX_POINT('',#1030);
#1030 = CARTESIAN_POINT('',(67.5,26.,69.4));
#1031 = VERTEX_POINT('',#1032);
#1032 = CARTESIAN_POINT('',(67.5,26.,57.6));
#1033 = SURFACE_CURVE('',#1034,(#1039,#1059),.PCURVE_S1.);
#1034 = ELLIPSE('',#1035,8.343860018001,5.9);
#1035 = AXIS2_PLACEMENT_3D('',#1036,#1037,#1038);
#1036 = CARTESIAN_POINT('',(67.5,26.,63.5));
#1037 = DIRECTION('',(0.707106781187,-0.707106781187,0.));
#1038 = DIRECTION('',(0.707106781187,0.707106781187,0.));
#1039 = PCURVE('',#75,#1040);
#1040 = DEFINITIONAL_REPRESENTATION('',(#1041),#1058);
#1041 = B_SPLINE_CURVE_WITH_KNOTS('',8,(#1042,#1043,#1044,#1045,#1046,
    #1047,#1048,#1049,#1050,#1051,#1052,#1053,#1054,#1055,#1056,#1057),
  .UNSPECIFIED.,.F.,.F.,(9,7,9),(1.570796215333,3.141592592975,
    4.712388970617),.UNSPECIFIED.);
#1042 = CARTESIAN_POINT('',(-1.114623504606E-07,262.50000065762));
#1043 = CARTESIAN_POINT('',(0.196349435743,261.34153832911));
#1044 = CARTESIAN_POINT('',(0.392698982948,260.18307569688));
#1045 = CARTESIAN_POINT('',(0.589048530153,259.09267222192));
#1046 = CARTESIAN_POINT('',(0.785398077356,258.13837373588));
#1047 = CARTESIAN_POINT('',(0.981747624563,257.37987378194));
#1048 = CARTESIAN_POINT('',(1.178097171769,256.8599587359));
#1049 = CARTESIAN_POINT('',(1.374446718975,256.60000007022));
#1050 = CARTESIAN_POINT('',(1.767145813385,256.59999992978));
#1051 = CARTESIAN_POINT('',(1.963495360591,256.85995845474));
#1052 = CARTESIAN_POINT('',(2.15984490779,257.37987337016));
#1053 = CARTESIAN_POINT('',(2.356194455005,258.13837320582));
#1054 = CARTESIAN_POINT('',(2.552544002202,259.09267160246));
#1055 = CARTESIAN_POINT('',(2.748893549412,260.18307501283));
#1056 = CARTESIAN_POINT('',(2.945243096617,261.34153761386));
#1057 = CARTESIAN_POINT('',(3.141592643822,262.49999994237));
#1058 = ( GEOMETRIC_REPRESENTATION_CONTEXT(2) 
PARAMETRIC_REPRESENTATION_CONTEXT() REPRESENTATION_CONTEXT('2D SPACE',''
  ) );
#1059 = PCURVE('',#1060,#1065);
#1060 = CYLINDRICAL_SURFACE('',#1061,5.9);
#1061 = AXIS2_PLACEMENT_3D('',#1062,#1063,#1064);
#1062 = CARTESIAN_POINT('',(67.5,-6.,63.5));
#1063 = DIRECTION('',(0.,1.,0.));
#1064 = DIRECTION('',(0.,-0.,1.));
#1065 = DEFINITIONAL_REPRESENTATION('',(#1066),#1083);
#1066 = B_SPLINE_CURVE_WITH_KNOTS('',8,(#1067,#1068,#1069,#1070,#1071,
    #1072,#1073,#1074,#1075,#1076,#1077,#1078,#1079,#1080,#1081,#1082),
  .UNSPECIFIED.,.F.,.F.,(9,7,9),(1.570796215333,3.141592592975,
    4.712388970617),.UNSPECIFIED.);
#1067 = CARTESIAN_POINT('',(6.283185418642,32.000000657628));
#1068 = CARTESIAN_POINT('',(6.086835871437,30.841538329117));
#1069 = CARTESIAN_POINT('',(5.890486324232,29.68307569656));
#1070 = CARTESIAN_POINT('',(5.694136777024,28.592672223622));
#1071 = CARTESIAN_POINT('',(5.497787229826,27.63837373414));
#1072 = CARTESIAN_POINT('',(5.301437682613,26.879873783592));
#1073 = CARTESIAN_POINT('',(5.105088135411,26.359958735573));
#1074 = CARTESIAN_POINT('',(4.908738588205,26.10000007022));
#1075 = CARTESIAN_POINT('',(4.516039493794,26.09999992978));
#1076 = CARTESIAN_POINT('',(4.319689946588,26.359958454723));
#1077 = CARTESIAN_POINT('',(4.123340399391,26.879873370438));
#1078 = CARTESIAN_POINT('',(3.926990852172,27.63837320547));
#1079 = CARTESIAN_POINT('',(3.730641304979,28.592671602825));
#1080 = CARTESIAN_POINT('',(3.534291757767,29.683075012844));
#1081 = CARTESIAN_POINT('',(3.337942210563,30.841537613861));
#1082 = CARTESIAN_POINT('',(3.141592663357,31.999999942372));
#1083 = ( GEOMETRIC_REPRESENTATION_CONTEXT(2) 
PARAMETRIC_REPRESENTATION_CONTEXT() REPRESENTATION_CONTEXT('2D SPACE',''
  ) );
#1084 = ORIENTED_EDGE('',*,*,#1085,.T.);
#1085 = EDGE_CURVE('',#1029,#1086,#1088,.T.);
#1086 = VERTEX_POINT('',#1087);
#1087 = CARTESIAN_POINT('',(73.4,20.1,63.5));
#1088 = SURFACE_CURVE('',#1089,(#1094,#1107),.PCURVE_S1.);
#1089 = ELLIPSE('',#1090,8.343860018001,5.9);
#1090 = AXIS2_PLACEMENT_3D('',#1091,#1092,#1093);
#1091 = CARTESIAN_POINT('',(67.5,26.,63.5));
#1092 = DIRECTION('',(0.707106781187,0.707106781187,0.));
#1093 = DIRECTION('',(0.707106781187,-0.707106781187,0.));
#1094 = PCURVE('',#75,#1095);
#1095 = DEFINITIONAL_REPRESENTATION('',(#1096),#1106);
#1096 = B_SPLINE_CURVE_WITH_KNOTS('',8,(#1097,#1098,#1099,#1100,#1101,
    #1102,#1103,#1104,#1105),.UNSPECIFIED.,.F.,.F.,(9,9),(4.712388868922
    ,6.28318530718),.PIECEWISE_BEZIER_KNOTS.);
#1097 = CARTESIAN_POINT('',(-1.114623504606E-07,262.49999934237));
#1098 = CARTESIAN_POINT('',(0.19634944332,263.65846171558));
#1099 = CARTESIAN_POINT('',(0.392698998101,264.81692439256));
#1100 = CARTESIAN_POINT('',(0.589048552885,265.90732790256));
#1101 = CARTESIAN_POINT('',(0.785398107662,266.86162641224));
#1102 = CARTESIAN_POINT('',(0.981747662448,267.6201263626));
#1103 = CARTESIAN_POINT('',(1.17809721723,268.1400413846));
#1104 = CARTESIAN_POINT('',(1.374446772013,268.4));
#1105 = CARTESIAN_POINT('',(1.570796326795,268.4));
#1106 = ( GEOMETRIC_REPRESENTATION_CONTEXT(2) 
PARAMETRIC_REPRESENTATION_CONTEXT() REPRESENTATION_CONTEXT('2D SPACE',''
  ) );
#1107 = PCURVE('',#1060,#1108);
#1108 = DEFINITIONAL_REPRESENTATION('',(#1109),#1119);
#1109 = B_SPLINE_CURVE_WITH_KNOTS('',8,(#1110,#1111,#1112,#1113,#1114,
    #1115,#1116,#1117,#1118),.UNSPECIFIED.,.F.,.F.,(9,9),(4.712388868922
    ,6.28318530718),.PIECEWISE_BEZIER_KNOTS.);
#1110 = CARTESIAN_POINT('',(-1.114623495724E-07,32.000000657628));
#1111 = CARTESIAN_POINT('',(0.19634944332,30.841538284413));
#1112 = CARTESIAN_POINT('',(0.392698998102,29.68307560713));
#1113 = CARTESIAN_POINT('',(0.589048552884,28.592672097416));
#1114 = CARTESIAN_POINT('',(0.785398107665,27.638373586732));
#1115 = CARTESIAN_POINT('',(0.981747662448,26.879873637282));
#1116 = CARTESIAN_POINT('',(1.17809721723,26.35995861518));
#1117 = CARTESIAN_POINT('',(1.374446772013,26.1));
#1118 = CARTESIAN_POINT('',(1.570796326795,26.1));
#1119 = ( GEOMETRIC_REPRESENTATION_CONTEXT(2) 
PARAMETRIC_REPRESENTATION_CONTEXT() REPRESENTATION_CONTEXT('2D SPACE',''
  ) );
#1120 = ORIENTED_EDGE('',*,*,#1121,.T.);
#1121 = EDGE_CURVE('',#1086,#1031,#1122,.T.);
#1122 = SURFACE_CURVE('',#1123,(#1128,#1141),.PCURVE_S1.);
#1123 = ELLIPSE('',#1124,8.343860018001,5.9);
#1124 = AXIS2_PLACEMENT_3D('',#1125,#1126,#1127);
#1125 = CARTESIAN_POINT('',(67.5,26.,63.5));
#1126 = DIRECTION('',(0.707106781187,0.707106781187,0.));
#1127 = DIRECTION('',(0.707106781187,-0.707106781187,0.));
#1128 = PCURVE('',#75,#1129);
#1129 = DEFINITIONAL_REPRESENTATION('',(#1130),#1140);
#1130 = B_SPLINE_CURVE_WITH_KNOTS('',8,(#1131,#1132,#1133,#1134,#1135,
    #1136,#1137,#1138,#1139),.UNSPECIFIED.,.F.,.F.,(9,9),(0.,
    1.570796438257),.PIECEWISE_BEZIER_KNOTS.);
#1131 = CARTESIAN_POINT('',(1.570796326795,268.4));
#1132 = CARTESIAN_POINT('',(1.767145881577,268.4));
#1133 = CARTESIAN_POINT('',(1.963495436358,268.14004138509));
#1134 = CARTESIAN_POINT('',(2.15984499114,267.62012636091));
#1135 = CARTESIAN_POINT('',(2.35619454592,266.86162641418));
#1136 = CARTESIAN_POINT('',(2.552544100701,265.90732790087));
#1137 = CARTESIAN_POINT('',(2.748893655487,264.81692439314));
#1138 = CARTESIAN_POINT('',(2.94524321027,263.65846171558));
#1139 = CARTESIAN_POINT('',(3.141592765052,262.49999934237));
#1140 = ( GEOMETRIC_REPRESENTATION_CONTEXT(2) 
PARAMETRIC_REPRESENTATION_CONTEXT() REPRESENTATION_CONTEXT('2D SPACE',''
  ) );
#1141 = PCURVE('',#1060,#1142);
#1142 = DEFINITIONAL_REPRESENTATION('',(#1143),#1153);
#1143 = B_SPLINE_CURVE_WITH_KNOTS('',8,(#1144,#1145,#1146,#1147,#1148,
    #1149,#1150,#1151,#1152),.UNSPECIFIED.,.F.,.F.,(9,9),(0.,
    1.570796438257),.PIECEWISE_BEZIER_KNOTS.);
#1144 = CARTESIAN_POINT('',(1.570796326795,26.1));
#1145 = CARTESIAN_POINT('',(1.767145881577,26.1));
#1146 = CARTESIAN_POINT('',(1.96349543636,26.359958615168));
#1147 = CARTESIAN_POINT('',(2.159844991134,26.879873637337));
#1148 = CARTESIAN_POINT('',(2.356194545922,27.638373586699));
#1149 = CARTESIAN_POINT('',(2.552544100699,28.592672097511));
#1150 = CARTESIAN_POINT('',(2.748893655488,29.683075607137));
#1151 = CARTESIAN_POINT('',(2.94524321027,30.841538284413));
#1152 = CARTESIAN_POINT('',(3.141592765052,32.000000657628));
#1153 = ( GEOMETRIC_REPRESENTATION_CONTEXT(2) 
PARAMETRIC_REPRESENTATION_CONTEXT() REPRESENTATION_CONTEXT('2D SPACE',''
  ) );
#1154 = FACE_BOUND('',#1155,.T.);
#1155 = EDGE_LOOP('',(#1156,#1213,#1249));
#1156 = ORIENTED_EDGE('',*,*,#1157,.F.);
#1157 = EDGE_CURVE('',#1158,#1160,#1162,.T.);
#1158 = VERTEX_POINT('',#1159);
#1159 = CARTESIAN_POINT('',(112.5,26.,69.4));
#1160 = VERTEX_POINT('',#1161);
#1161 = CARTESIAN_POINT('',(112.5,26.,57.6));
#1162 = SURFACE_CURVE('',#1163,(#1168,#1188),.PCURVE_S1.);
#1163 = ELLIPSE('',#1164,8.343860018001,5.9);
#1164 = AXIS2_PLACEMENT_3D('',#1165,#1166,#1167);
#1165 = CARTESIAN_POINT('',(112.5,26.,63.5));
#1166 = DIRECTION('',(0.707106781187,-0.707106781187,0.));
#1167 = DIRECTION('',(0.707106781187,0.707106781187,0.));
#1168 = PCURVE('',#75,#1169);
#1169 = DEFINITIONAL_REPRESENTATION('',(#1170),#1187);
#1170 = B_SPLINE_CURVE_WITH_KNOTS('',8,(#1171,#1172,#1173,#1174,#1175,
    #1176,#1177,#1178,#1179,#1180,#1181,#1182,#1183,#1184,#1185,#1186),
  .UNSPECIFIED.,.F.,.F.,(9,7,9),(1.570796215333,3.141592592975,
    4.712388970617),.UNSPECIFIED.);
#1171 = CARTESIAN_POINT('',(-1.114623504606E-07,307.50000065762));
#1172 = CARTESIAN_POINT('',(0.196349435743,306.34153832911));
#1173 = CARTESIAN_POINT('',(0.392698982948,305.18307569681));
#1174 = CARTESIAN_POINT('',(0.589048530153,304.09267222227));
#1175 = CARTESIAN_POINT('',(0.785398077356,303.1383737346));
#1176 = CARTESIAN_POINT('',(0.981747624563,302.37987378193));
#1177 = CARTESIAN_POINT('',(1.178097171769,301.85995873584));
#1178 = CARTESIAN_POINT('',(1.374446718975,301.60000007022));
#1179 = CARTESIAN_POINT('',(1.767145813385,301.59999992978));
#1180 = CARTESIAN_POINT('',(1.963495360591,301.85995845497));
#1181 = CARTESIAN_POINT('',(2.15984490779,302.3798733687));
#1182 = CARTESIAN_POINT('',(2.356194455005,303.13837320716));
#1183 = CARTESIAN_POINT('',(2.552544002202,304.0926716012));
#1184 = CARTESIAN_POINT('',(2.748893549412,305.18307501306));
#1185 = CARTESIAN_POINT('',(2.945243096617,306.34153761386));
#1186 = CARTESIAN_POINT('',(3.141592643822,307.49999994237));
#1187 = ( GEOMETRIC_REPRESENTATION_CONTEXT(2) 
PARAMETRIC_REPRESENTATION_CONTEXT() REPRESENTATION_CONTEXT('2D SPACE',''
  ) );
#1188 = PCURVE('',#1189,#1194);
#1189 = CYLINDRICAL_SURFACE('',#1190,5.9);
#1190 = AXIS2_PLACEMENT_3D('',#1191,#1192,#1193);
#1191 = CARTESIAN_POINT('',(112.5,-6.,63.5));
#1192 = DIRECTION('',(0.,1.,0.));
#1193 = DIRECTION('',(0.,-0.,1.));
#1194 = DEFINITIONAL_REPRESENTATION('',(#1195),#1212);
#1195 = B_SPLINE_CURVE_WITH_KNOTS('',8,(#1196,#1197,#1198,#1199,#1200,
    #1201,#1202,#1203,#1204,#1205,#1206,#1207,#1208,#1209,#1210,#1211),
  .UNSPECIFIED.,.F.,.F.,(9,7,9),(1.570796215333,3.141592592975,
    4.712388970617),.UNSPECIFIED.);
#1196 = CARTESIAN_POINT('',(6.283185418642,32.000000657628));
#1197 = CARTESIAN_POINT('',(6.086835871437,30.841538329117));
#1198 = CARTESIAN_POINT('',(5.890486324232,29.68307569656));
#1199 = CARTESIAN_POINT('',(5.694136777026,28.592672223622));
#1200 = CARTESIAN_POINT('',(5.497787229823,27.63837373414));
#1201 = CARTESIAN_POINT('',(5.301437682614,26.879873783592));
#1202 = CARTESIAN_POINT('',(5.105088135411,26.359958735573));
#1203 = CARTESIAN_POINT('',(4.908738588205,26.10000007022));
#1204 = CARTESIAN_POINT('',(4.516039493794,26.09999992978));
#1205 = CARTESIAN_POINT('',(4.319689946588,26.359958454723));
#1206 = CARTESIAN_POINT('',(4.123340399391,26.879873370438));
#1207 = CARTESIAN_POINT('',(3.926990852172,27.63837320547));
#1208 = CARTESIAN_POINT('',(3.730641304979,28.592671602825));
#1209 = CARTESIAN_POINT('',(3.534291757767,29.683075012844));
#1210 = CARTESIAN_POINT('',(3.337942210563,30.841537613861));
#1211 = CARTESIAN_POINT('',(3.141592663357,31.999999942372));
#1212 = ( GEOMETRIC_REPRESENTATION_CONTEXT(2) 
PARAMETRIC_REPRESENTATION_CONTEXT() REPRESENTATION_CONTEXT('2D SPACE',''
  ) );
#1213 = ORIENTED_EDGE('',*,*,#1214,.T.);
#1214 = EDGE_CURVE('',#1158,#1215,#1217,.T.);
#1215 = VERTEX_POINT('',#1216);
#1216 = CARTESIAN_POINT('',(118.4,20.1,63.5));
#1217 = SURFACE_CURVE('',#1218,(#1223,#1236),.PCURVE_S1.);
#1218 = ELLIPSE('',#1219,8.343860018001,5.9);
#1219 = AXIS2_PLACEMENT_3D('',#1220,#1221,#1222);
#1220 = CARTESIAN_POINT('',(112.5,26.,63.5));
#1221 = DIRECTION('',(0.707106781187,0.707106781187,0.));
#1222 = DIRECTION('',(0.707106781187,-0.707106781187,0.));
#1223 = PCURVE('',#75,#1224);
#1224 = DEFINITIONAL_REPRESENTATION('',(#1225),#1235);
#1225 = B_SPLINE_CURVE_WITH_KNOTS('',8,(#1226,#1227,#1228,#1229,#1230,
    #1231,#1232,#1233,#1234),.UNSPECIFIED.,.F.,.F.,(9,9),(4.712388868922
    ,6.28318530718),.PIECEWISE_BEZIER_KNOTS.);
#1226 = CARTESIAN_POINT('',(-1.114623504606E-07,307.49999934237));
#1227 = CARTESIAN_POINT('',(0.19634944332,308.65846171558));
#1228 = CARTESIAN_POINT('',(0.392698998101,309.81692439261));
#1229 = CARTESIAN_POINT('',(0.589048552885,310.90732790279));
#1230 = CARTESIAN_POINT('',(0.785398107662,311.86162641143));
#1231 = CARTESIAN_POINT('',(0.981747662448,312.62012636318));
#1232 = CARTESIAN_POINT('',(1.17809721723,313.14004138451));
#1233 = CARTESIAN_POINT('',(1.374446772013,313.4));
#1234 = CARTESIAN_POINT('',(1.570796326795,313.4));
#1235 = ( GEOMETRIC_REPRESENTATION_CONTEXT(2) 
PARAMETRIC_REPRESENTATION_CONTEXT() REPRESENTATION_CONTEXT('2D SPACE',''
  ) );
#1236 = PCURVE('',#1189,#1237);
#1237 = DEFINITIONAL_REPRESENTATION('',(#1238),#1248);
#1238 = B_SPLINE_CURVE_WITH_KNOTS('',8,(#1239,#1240,#1241,#1242,#1243,
    #1244,#1245,#1246,#1247),.UNSPECIFIED.,.F.,.F.,(9,9),(4.712388868922
    ,6.28318530718),.PIECEWISE_BEZIER_KNOTS.);
#1239 = CARTESIAN_POINT('',(-1.114623495724E-07,32.000000657628));
#1240 = CARTESIAN_POINT('',(0.19634944332,30.841538284413));
#1241 = CARTESIAN_POINT('',(0.392698998102,29.68307560713));
#1242 = CARTESIAN_POINT('',(0.589048552884,28.592672097416));
#1243 = CARTESIAN_POINT('',(0.785398107665,27.638373586732));
#1244 = CARTESIAN_POINT('',(0.981747662448,26.879873637282));
#1245 = CARTESIAN_POINT('',(1.17809721723,26.35995861518));
#1246 = CARTESIAN_POINT('',(1.374446772013,26.1));
#1247 = CARTESIAN_POINT('',(1.570796326795,26.1));
#1248 = ( GEOMETRIC_REPRESENTATION_CONTEXT(2) 
PARAMETRIC_REPRESENTATION_CONTEXT() REPRESENTATION_CONTEXT('2D SPACE',''
  ) );
#1249 = ORIENTED_EDGE('',*,*,#1250,.T.);
#1250 = EDGE_CURVE('',#1215,#1160,#1251,.T.);
#1251 = SURFACE_CURVE('',#1252,(#1257,#1270),.PCURVE_S1.);
#1252 = ELLIPSE('',#1253,8.343860018001,5.9);
#1253 = AXIS2_PLACEMENT_3D('',#1254,#1255,#1256);
#1254 = CARTESIAN_POINT('',(112.5,26.,63.5));
#1255 = DIRECTION('',(0.707106781187,0.707106781187,0.));
#1256 = DIRECTION('',(0.707106781187,-0.707106781187,0.));
#1257 = PCURVE('',#75,#1258);
#1258 = DEFINITIONAL_REPRESENTATION('',(#1259),#1269);
#1259 = B_SPLINE_CURVE_WITH_KNOTS('',8,(#1260,#1261,#1262,#1263,#1264,
    #1265,#1266,#1267,#1268),.UNSPECIFIED.,.F.,.F.,(9,9),(0.,
    1.570796438257),.PIECEWISE_BEZIER_KNOTS.);
#1260 = CARTESIAN_POINT('',(1.570796326795,313.4));
#1261 = CARTESIAN_POINT('',(1.767145881577,313.4));
#1262 = CARTESIAN_POINT('',(1.963495436358,313.14004138438));
#1263 = CARTESIAN_POINT('',(2.15984499114,312.62012636324));
#1264 = CARTESIAN_POINT('',(2.35619454592,311.86162641104));
#1265 = CARTESIAN_POINT('',(2.552544100701,310.90732790319));
#1266 = CARTESIAN_POINT('',(2.748893655487,309.81692439241));
#1267 = CARTESIAN_POINT('',(2.94524321027,308.65846171558));
#1268 = CARTESIAN_POINT('',(3.141592765052,307.49999934237));
#1269 = ( GEOMETRIC_REPRESENTATION_CONTEXT(2) 
PARAMETRIC_REPRESENTATION_CONTEXT() REPRESENTATION_CONTEXT('2D SPACE',''
  ) );
#1270 = PCURVE('',#1189,#1271);
#1271 = DEFINITIONAL_REPRESENTATION('',(#1272),#1282);
#1272 = B_SPLINE_CURVE_WITH_KNOTS('',8,(#1273,#1274,#1275,#1276,#1277,
    #1278,#1279,#1280,#1281),.UNSPECIFIED.,.F.,.F.,(9,9),(0.,
    1.570796438257),.PIECEWISE_BEZIER_KNOTS.);
#1273 = CARTESIAN_POINT('',(1.570796326795,26.1));
#1274 = CARTESIAN_POINT('',(1.767145881577,26.1));
#1275 = CARTESIAN_POINT('',(1.96349543636,26.359958615168));
#1276 = CARTESIAN_POINT('',(2.159844991134,26.879873637337));
#1277 = CARTESIAN_POINT('',(2.356194545922,27.638373586699));
#1278 = CARTESIAN_POINT('',(2.552544100699,28.592672097511));
#1279 = CARTESIAN_POINT('',(2.748893655488,29.683075607137));
#1280 = CARTESIAN_POINT('',(2.94524321027,30.841538284413));
#1281 = CARTESIAN_POINT('',(3.141592765052,32.000000657628));
#1282 = ( GEOMETRIC_REPRESENTATION_CONTEXT(2) 
PARAMETRIC_REPRESENTATION_CONTEXT() REPRESENTATION_CONTEXT('2D SPACE',''
  ) );
#1283 = FACE_BOUND('',#1284,.T.);
#1284 = EDGE_LOOP('',(#1285,#1342,#1378));
#1285 = ORIENTED_EDGE('',*,*,#1286,.F.);
#1286 = EDGE_CURVE('',#1287,#1289,#1291,.T.);
#1287 = VERTEX_POINT('',#1288);
#1288 = CARTESIAN_POINT('',(157.5,26.,69.4));
#1289 = VERTEX_POINT('',#1290);
#1290 = CARTESIAN_POINT('',(157.5,26.,57.6));
#1291 = SURFACE_CURVE('',#1292,(#1297,#1317),.PCURVE_S1.);
#1292 = ELLIPSE('',#1293,8.343860018001,5.9);
#1293 = AXIS2_PLACEMENT_3D('',#1294,#1295,#1296);
#1294 = CARTESIAN_POINT('',(157.5,26.,63.5));
#1295 = DIRECTION('',(0.707106781187,-0.707106781187,0.));
#1296 = DIRECTION('',(0.707106781187,0.707106781187,0.));
#1297 = PCURVE('',#75,#1298);
#1298 = DEFINITIONAL_REPRESENTATION('',(#1299),#1316);
#1299 = B_SPLINE_CURVE_WITH_KNOTS('',8,(#1300,#1301,#1302,#1303,#1304,
    #1305,#1306,#1307,#1308,#1309,#1310,#1311,#1312,#1313,#1314,#1315),
  .UNSPECIFIED.,.F.,.F.,(9,7,9),(1.570796215333,3.141592592975,
    4.712388970617),.UNSPECIFIED.);
#1300 = CARTESIAN_POINT('',(-1.114623504606E-07,352.50000065762));
#1301 = CARTESIAN_POINT('',(0.196349435743,351.34153832911));
#1302 = CARTESIAN_POINT('',(0.392698982948,350.18307569672));
#1303 = CARTESIAN_POINT('',(0.589048530153,349.09267222257));
#1304 = CARTESIAN_POINT('',(0.785398077356,348.13837373504));
#1305 = CARTESIAN_POINT('',(0.981747624563,347.37987378253));
#1306 = CARTESIAN_POINT('',(1.178097171769,346.85995873581));
#1307 = CARTESIAN_POINT('',(1.374446718975,346.60000007022));
#1308 = CARTESIAN_POINT('',(1.767145813385,346.59999992978));
#1309 = CARTESIAN_POINT('',(1.963495360591,346.8599584542));
#1310 = CARTESIAN_POINT('',(2.15984490779,347.37987337115));
#1311 = CARTESIAN_POINT('',(2.356194455005,348.13837320322));
#1312 = CARTESIAN_POINT('',(2.552544002202,349.09267160346));
#1313 = CARTESIAN_POINT('',(2.748893549412,350.18307501233));
#1314 = CARTESIAN_POINT('',(2.945243096617,351.34153761386));
#1315 = CARTESIAN_POINT('',(3.141592643822,352.49999994237));
#1316 = ( GEOMETRIC_REPRESENTATION_CONTEXT(2) 
PARAMETRIC_REPRESENTATION_CONTEXT() REPRESENTATION_CONTEXT('2D SPACE',''
  ) );
#1317 = PCURVE('',#1318,#1323);
#1318 = CYLINDRICAL_SURFACE('',#1319,5.9);
#1319 = AXIS2_PLACEMENT_3D('',#1320,#1321,#1322);
#1320 = CARTESIAN_POINT('',(157.5,-6.,63.5));
#1321 = DIRECTION('',(0.,1.,0.));
#1322 = DIRECTION('',(0.,-0.,1.));
#1323 = DEFINITIONAL_REPRESENTATION('',(#1324),#1341);
#1324 = B_SPLINE_CURVE_WITH_KNOTS('',8,(#1325,#1326,#1327,#1328,#1329,
    #1330,#1331,#1332,#1333,#1334,#1335,#1336,#1337,#1338,#1339,#1340),
  .UNSPECIFIED.,.F.,.F.,(9,7,9),(1.570796215333,3.141592592975,
    4.712388970617),.UNSPECIFIED.);
#1325 = CARTESIAN_POINT('',(6.283185418642,32.000000657628));
#1326 = CARTESIAN_POINT('',(6.086835871437,30.841538329117));
#1327 = CARTESIAN_POINT('',(5.890486324231,29.68307569656));
#1328 = CARTESIAN_POINT('',(5.69413677703,28.592672223622));
#1329 = CARTESIAN_POINT('',(5.497787229819,27.63837373414));
#1330 = CARTESIAN_POINT('',(5.301437682618,26.879873783592));
#1331 = CARTESIAN_POINT('',(5.10508813541,26.359958735573));
#1332 = CARTESIAN_POINT('',(4.908738588205,26.10000007022));
#1333 = CARTESIAN_POINT('',(4.516039493794,26.09999992978));
#1334 = CARTESIAN_POINT('',(4.319689946587,26.359958454723));
#1335 = CARTESIAN_POINT('',(4.123340399393,26.879873370438));
#1336 = CARTESIAN_POINT('',(3.92699085217,27.63837320547));
#1337 = CARTESIAN_POINT('',(3.730641304982,28.592671602825));
#1338 = CARTESIAN_POINT('',(3.534291757767,29.683075012844));
#1339 = CARTESIAN_POINT('',(3.337942210563,30.841537613861));
#1340 = CARTESIAN_POINT('',(3.141592663357,31.999999942372));
#1341 = ( GEOMETRIC_REPRESENTATION_CONTEXT(2) 
PARAMETRIC_REPRESENTATION_CONTEXT() REPRESENTATION_CONTEXT('2D SPACE',''
  ) );
#1342 = ORIENTED_EDGE('',*,*,#1343,.T.);
#1343 = EDGE_CURVE('',#1287,#1344,#1346,.T.);
#1344 = VERTEX_POINT('',#1345);
#1345 = CARTESIAN_POINT('',(163.4,20.1,63.5));
#1346 = SURFACE_CURVE('',#1347,(#1352,#1365),.PCURVE_S1.);
#1347 = ELLIPSE('',#1348,8.343860018001,5.9);
#1348 = AXIS2_PLACEMENT_3D('',#1349,#1350,#1351);
#1349 = CARTESIAN_POINT('',(157.5,26.,63.5));
#1350 = DIRECTION('',(0.707106781187,0.707106781187,0.));
#1351 = DIRECTION('',(0.707106781187,-0.707106781187,0.));
#1352 = PCURVE('',#75,#1353);
#1353 = DEFINITIONAL_REPRESENTATION('',(#1354),#1364);
#1354 = B_SPLINE_CURVE_WITH_KNOTS('',8,(#1355,#1356,#1357,#1358,#1359,
    #1360,#1361,#1362,#1363),.UNSPECIFIED.,.F.,.F.,(9,9),(4.712388868922
    ,6.28318530718),.PIECEWISE_BEZIER_KNOTS.);
#1355 = CARTESIAN_POINT('',(-1.114623504606E-07,352.49999934237));
#1356 = CARTESIAN_POINT('',(0.19634944332,353.65846171558));
#1357 = CARTESIAN_POINT('',(0.392698998101,354.81692439281));
#1358 = CARTESIAN_POINT('',(0.589048552885,355.9073279018));
#1359 = CARTESIAN_POINT('',(0.785398107662,356.86162641429));
#1360 = CARTESIAN_POINT('',(0.981747662448,357.62012636139));
#1361 = CARTESIAN_POINT('',(1.17809721723,358.14004138483));
#1362 = CARTESIAN_POINT('',(1.374446772013,358.4));
#1363 = CARTESIAN_POINT('',(1.570796326795,358.4));
#1364 = ( GEOMETRIC_REPRESENTATION_CONTEXT(2) 
PARAMETRIC_REPRESENTATION_CONTEXT() REPRESENTATION_CONTEXT('2D SPACE',''
  ) );
#1365 = PCURVE('',#1318,#1366);
#1366 = DEFINITIONAL_REPRESENTATION('',(#1367),#1377);
#1367 = B_SPLINE_CURVE_WITH_KNOTS('',8,(#1368,#1369,#1370,#1371,#1372,
    #1373,#1374,#1375,#1376),.UNSPECIFIED.,.F.,.F.,(9,9),(4.712388868922
    ,6.28318530718),.PIECEWISE_BEZIER_KNOTS.);
#1368 = CARTESIAN_POINT('',(-1.114623522369E-07,32.000000657628));
#1369 = CARTESIAN_POINT('',(0.19634944332,30.841538284413));
#1370 = CARTESIAN_POINT('',(0.392698998102,29.68307560713));
#1371 = CARTESIAN_POINT('',(0.589048552883,28.592672097416));
#1372 = CARTESIAN_POINT('',(0.785398107667,27.638373586732));
#1373 = CARTESIAN_POINT('',(0.981747662446,26.879873637282));
#1374 = CARTESIAN_POINT('',(1.17809721723,26.35995861518));
#1375 = CARTESIAN_POINT('',(1.374446772013,26.1));
#1376 = CARTESIAN_POINT('',(1.570796326795,26.1));
#1377 = ( GEOMETRIC_REPRESENTATION_CONTEXT(2) 
PARAMETRIC_REPRESENTATION_CONTEXT() REPRESENTATION_CONTEXT('2D SPACE',''
  ) );
#1378 = ORIENTED_EDGE('',*,*,#1379,.T.);
#1379 = EDGE_CURVE('',#1344,#1289,#1380,.T.);
#1380 = SURFACE_CURVE('',#1381,(#1386,#1399),.PCURVE_S1.);
#1381 = ELLIPSE('',#1382,8.343860018001,5.9);
#1382 = AXIS2_PLACEMENT_3D('',#1383,#1384,#1385);
#1383 = CARTESIAN_POINT('',(157.5,26.,63.5));
#1384 = DIRECTION('',(0.707106781187,0.707106781187,0.));
#1385 = DIRECTION('',(0.707106781187,-0.707106781187,0.));
#1386 = PCURVE('',#75,#1387);
#1387 = DEFINITIONAL_REPRESENTATION('',(#1388),#1398);
#1388 = B_SPLINE_CURVE_WITH_KNOTS('',8,(#1389,#1390,#1391,#1392,#1393,
    #1394,#1395,#1396,#1397),.UNSPECIFIED.,.F.,.F.,(9,9),(0.,
    1.570796438257),.PIECEWISE_BEZIER_KNOTS.);
#1389 = CARTESIAN_POINT('',(1.570796326795,358.4));
#1390 = CARTESIAN_POINT('',(1.767145881577,358.4));
#1391 = CARTESIAN_POINT('',(1.963495436358,358.14004138477));
#1392 = CARTESIAN_POINT('',(2.15984499114,357.62012636208));
#1393 = CARTESIAN_POINT('',(2.35619454592,356.86162641293));
#1394 = CARTESIAN_POINT('',(2.552544100701,355.90732790161));
#1395 = CARTESIAN_POINT('',(2.748893655487,354.81692439284));
#1396 = CARTESIAN_POINT('',(2.94524321027,353.65846171558));
#1397 = CARTESIAN_POINT('',(3.141592765052,352.49999934237));
#1398 = ( GEOMETRIC_REPRESENTATION_CONTEXT(2) 
PARAMETRIC_REPRESENTATION_CONTEXT() REPRESENTATION_CONTEXT('2D SPACE',''
  ) );
#1399 = PCURVE('',#1318,#1400);
#1400 = DEFINITIONAL_REPRESENTATION('',(#1401),#1411);
#1401 = B_SPLINE_CURVE_WITH_KNOTS('',8,(#1402,#1403,#1404,#1405,#1406,
    #1407,#1408,#1409,#1410),.UNSPECIFIED.,.F.,.F.,(9,9),(0.,
    1.570796438257),.PIECEWISE_BEZIER_KNOTS.);
#1402 = CARTESIAN_POINT('',(1.570796326795,26.1));
#1403 = CARTESIAN_POINT('',(1.767145881577,26.1));
#1404 = CARTESIAN_POINT('',(1.963495436358,26.359958615168));
#1405 = CARTESIAN_POINT('',(2.159844991142,26.879873637337));
#1406 = CARTESIAN_POINT('',(2.356194545915,27.638373586699));
#1407 = CARTESIAN_POINT('',(2.552544100708,28.592672097511));
#1408 = CARTESIAN_POINT('',(2.748893655486,29.683075607137));
#1409 = CARTESIAN_POINT('',(2.94524321027,30.841538284413));
#1410 = CARTESIAN_POINT('',(3.141592765052,32.000000657628));
#1411 = ( GEOMETRIC_REPRESENTATION_CONTEXT(2) 
PARAMETRIC_REPRESENTATION_CONTEXT() REPRESENTATION_CONTEXT('2D SPACE',''
  ) );
#1412 = ADVANCED_FACE('',(#1413),#339,.T.);
#1413 = FACE_BOUND('',#1414,.T.);
#1414 = EDGE_LOOP('',(#1415,#1438,#1439,#1440,#1441));
#1415 = ORIENTED_EDGE('',*,*,#1416,.T.);
#1416 = EDGE_CURVE('',#1417,#323,#1419,.T.);
#1417 = VERTEX_POINT('',#1418);
#1418 = CARTESIAN_POINT('',(195.,26.,56.6));
#1419 = SEAM_CURVE('',#1420,(#1424,#1431),.PCURVE_S1.);
#1420 = LINE('',#1421,#1422);
#1421 = CARTESIAN_POINT('',(195.,26.,56.6));
#1422 = VECTOR('',#1423,1.);
#1423 = DIRECTION('',(-0.707106781187,-1.731912112471E-16,0.707106781187
    ));
#1424 = PCURVE('',#339,#1425);
#1425 = DEFINITIONAL_REPRESENTATION('',(#1426),#1430);
#1426 = LINE('',#1427,#1428);
#1427 = CARTESIAN_POINT('',(-6.28318530718,0.));
#1428 = VECTOR('',#1429,1.);
#1429 = DIRECTION('',(-0.,-1.));
#1430 = ( GEOMETRIC_REPRESENTATION_CONTEXT(2) 
PARAMETRIC_REPRESENTATION_CONTEXT() REPRESENTATION_CONTEXT('2D SPACE',''
  ) );
#1431 = PCURVE('',#339,#1432);
#1432 = DEFINITIONAL_REPRESENTATION('',(#1433),#1437);
#1433 = LINE('',#1434,#1435);
#1434 = CARTESIAN_POINT('',(0.,-0.));
#1435 = VECTOR('',#1436,1.);
#1436 = DIRECTION('',(-0.,-1.));
#1437 = ( GEOMETRIC_REPRESENTATION_CONTEXT(2) 
PARAMETRIC_REPRESENTATION_CONTEXT() REPRESENTATION_CONTEXT('2D SPACE',''
  ) );
#1438 = ORIENTED_EDGE('',*,*,#322,.F.);
#1439 = ORIENTED_EDGE('',*,*,#351,.F.);
#1440 = ORIENTED_EDGE('',*,*,#1416,.F.);
#1441 = ORIENTED_EDGE('',*,*,#1442,.T.);
#1442 = EDGE_CURVE('',#1417,#1417,#1443,.T.);
#1443 = SURFACE_CURVE('',#1444,(#1449,#1456),.PCURVE_S1.);
#1444 = CIRCLE('',#1445,6.9);
#1445 = AXIS2_PLACEMENT_3D('',#1446,#1447,#1448);
#1446 = CARTESIAN_POINT('',(195.,26.,63.5));
#1447 = DIRECTION('',(-1.,0.,0.));
#1448 = DIRECTION('',(0.,0.,-1.));
#1449 = PCURVE('',#339,#1450);
#1450 = DEFINITIONAL_REPRESENTATION('',(#1451),#1455);
#1451 = LINE('',#1452,#1453);
#1452 = CARTESIAN_POINT('',(-0.,-0.));
#1453 = VECTOR('',#1454,1.);
#1454 = DIRECTION('',(-1.,-0.));
#1455 = ( GEOMETRIC_REPRESENTATION_CONTEXT(2) 
PARAMETRIC_REPRESENTATION_CONTEXT() REPRESENTATION_CONTEXT('2D SPACE',''
  ) );
#1456 = PCURVE('',#1457,#1462);
#1457 = PLANE('',#1458);
#1458 = AXIS2_PLACEMENT_3D('',#1459,#1460,#1461);
#1459 = CARTESIAN_POINT('',(195.,26.,63.5));
#1460 = DIRECTION('',(-1.,0.,0.));
#1461 = DIRECTION('',(0.,0.,-1.));
#1462 = DEFINITIONAL_REPRESENTATION('',(#1463),#1467);
#1463 = CIRCLE('',#1464,6.9);
#1464 = AXIS2_PLACEMENT_2D('',#1465,#1466);
#1465 = CARTESIAN_POINT('',(0.,0.));
#1466 = DIRECTION('',(1.,0.));
#1467 = ( GEOMETRIC_REPRESENTATION_CONTEXT(2) 
PARAMETRIC_REPRESENTATION_CONTEXT() REPRESENTATION_CONTEXT('2D SPACE',''
  ) );
#1468 = ADVANCED_FACE('',(#1469),#415,.T.);
#1469 = FACE_BOUND('',#1470,.T.);
#1470 = EDGE_LOOP('',(#1471,#1500,#1521,#1522,#1523,#1524));
#1471 = ORIENTED_EDGE('',*,*,#1472,.T.);
#1472 = EDGE_CURVE('',#1473,#1473,#1475,.T.);
#1473 = VERTEX_POINT('',#1474);
#1474 = CARTESIAN_POINT('',(-22.5,-5.,69.4));
#1475 = SURFACE_CURVE('',#1476,(#1481,#1488),.PCURVE_S1.);
#1476 = CIRCLE('',#1477,5.9);
#1477 = AXIS2_PLACEMENT_3D('',#1478,#1479,#1480);
#1478 = CARTESIAN_POINT('',(-22.5,-5.,63.5));
#1479 = DIRECTION('',(0.,1.,0.));
#1480 = DIRECTION('',(0.,-0.,1.));
#1481 = PCURVE('',#415,#1482);
#1482 = DEFINITIONAL_REPRESENTATION('',(#1483),#1487);
#1483 = LINE('',#1484,#1485);
#1484 = CARTESIAN_POINT('',(0.,1.));
#1485 = VECTOR('',#1486,1.);
#1486 = DIRECTION('',(1.,0.));
#1487 = ( GEOMETRIC_REPRESENTATION_CONTEXT(2) 
PARAMETRIC_REPRESENTATION_CONTEXT() REPRESENTATION_CONTEXT('2D SPACE',''
  ) );
#1488 = PCURVE('',#1489,#1494);
#1489 = CONICAL_SURFACE('',#1490,6.9,0.785398163397);
#1490 = AXIS2_PLACEMENT_3D('',#1491,#1492,#1493);
#1491 = CARTESIAN_POINT('',(-22.5,-6.,63.5));
#1492 = DIRECTION('',(-0.,-1.,-0.));
#1493 = DIRECTION('',(0.,-0.,1.));
#1494 = DEFINITIONAL_REPRESENTATION('',(#1495),#1499);
#1495 = LINE('',#1496,#1497);
#1496 = CARTESIAN_POINT('',(-0.,-1.));
#1497 = VECTOR('',#1498,1.);
#1498 = DIRECTION('',(-1.,-0.));
#1499 = ( GEOMETRIC_REPRESENTATION_CONTEXT(2) 
PARAMETRIC_REPRESENTATION_CONTEXT() REPRESENTATION_CONTEXT('2D SPACE',''
  ) );
#1500 = ORIENTED_EDGE('',*,*,#1501,.T.);
#1501 = EDGE_CURVE('',#1473,#185,#1502,.T.);
#1502 = SEAM_CURVE('',#1503,(#1507,#1514),.PCURVE_S1.);
#1503 = LINE('',#1504,#1505);
#1504 = CARTESIAN_POINT('',(-22.5,-6.,69.4));
#1505 = VECTOR('',#1506,1.);
#1506 = DIRECTION('',(0.,1.,0.));
#1507 = PCURVE('',#415,#1508);
#1508 = DEFINITIONAL_REPRESENTATION('',(#1509),#1513);
#1509 = LINE('',#1510,#1511);
#1510 = CARTESIAN_POINT('',(0.,-0.));
#1511 = VECTOR('',#1512,1.);
#1512 = DIRECTION('',(0.,1.));
#1513 = ( GEOMETRIC_REPRESENTATION_CONTEXT(2) 
PARAMETRIC_REPRESENTATION_CONTEXT() REPRESENTATION_CONTEXT('2D SPACE',''
  ) );
#1514 = PCURVE('',#415,#1515);
#1515 = DEFINITIONAL_REPRESENTATION('',(#1516),#1520);
#1516 = LINE('',#1517,#1518);
#1517 = CARTESIAN_POINT('',(6.28318530718,-0.));
#1518 = VECTOR('',#1519,1.);
#1519 = DIRECTION('',(0.,1.));
#1520 = ( GEOMETRIC_REPRESENTATION_CONTEXT(2) 
PARAMETRIC_REPRESENTATION_CONTEXT() REPRESENTATION_CONTEXT('2D SPACE',''
  ) );
#1521 = ORIENTED_EDGE('',*,*,#383,.T.);
#1522 = ORIENTED_EDGE('',*,*,#476,.F.);
#1523 = ORIENTED_EDGE('',*,*,#440,.F.);
#1524 = ORIENTED_EDGE('',*,*,#1501,.F.);
#1525 = ADVANCED_FACE('',(#1526),#544,.T.);
#1526 = FACE_BOUND('',#1527,.T.);
#1527 = EDGE_LOOP('',(#1528,#1557,#1578,#1579,#1580,#1581));
#1528 = ORIENTED_EDGE('',*,*,#1529,.T.);
#1529 = EDGE_CURVE('',#1530,#1530,#1532,.T.);
#1530 = VERTEX_POINT('',#1531);
#1531 = CARTESIAN_POINT('',(-157.5,-5.,69.4));
#1532 = SURFACE_CURVE('',#1533,(#1538,#1545),.PCURVE_S1.);
#1533 = CIRCLE('',#1534,5.9);
#1534 = AXIS2_PLACEMENT_3D('',#1535,#1536,#1537);
#1535 = CARTESIAN_POINT('',(-157.5,-5.,63.5));
#1536 = DIRECTION('',(0.,1.,0.));
#1537 = DIRECTION('',(0.,-0.,1.));
#1538 = PCURVE('',#544,#1539);
#1539 = DEFINITIONAL_REPRESENTATION('',(#1540),#1544);
#1540 = LINE('',#1541,#1542);
#1541 = CARTESIAN_POINT('',(0.,1.));
#1542 = VECTOR('',#1543,1.);
#1543 = DIRECTION('',(1.,0.));
#1544 = ( GEOMETRIC_REPRESENTATION_CONTEXT(2) 
PARAMETRIC_REPRESENTATION_CONTEXT() REPRESENTATION_CONTEXT('2D SPACE',''
  ) );
#1545 = PCURVE('',#1546,#1551);
#1546 = CONICAL_SURFACE('',#1547,6.9,0.785398163397);
#1547 = AXIS2_PLACEMENT_3D('',#1548,#1549,#1550);
#1548 = CARTESIAN_POINT('',(-157.5,-6.,63.5));
#1549 = DIRECTION('',(-0.,-1.,-0.));
#1550 = DIRECTION('',(0.,-0.,1.));
#1551 = DEFINITIONAL_REPRESENTATION('',(#1552),#1556);
#1552 = LINE('',#1553,#1554);
#1553 = CARTESIAN_POINT('',(-0.,-1.));
#1554 = VECTOR('',#1555,1.);
#1555 = DIRECTION('',(-1.,-0.));
#1556 = ( GEOMETRIC_REPRESENTATION_CONTEXT(2) 
PARAMETRIC_REPRESENTATION_CONTEXT() REPRESENTATION_CONTEXT('2D SPACE',''
  ) );
#1557 = ORIENTED_EDGE('',*,*,#1558,.T.);
#1558 = EDGE_CURVE('',#1530,#114,#1559,.T.);
#1559 = SEAM_CURVE('',#1560,(#1564,#1571),.PCURVE_S1.);
#1560 = LINE('',#1561,#1562);
#1561 = CARTESIAN_POINT('',(-157.5,-6.,69.4));
#1562 = VECTOR('',#1563,1.);
#1563 = DIRECTION('',(0.,1.,0.));
#1564 = PCURVE('',#544,#1565);
#1565 = DEFINITIONAL_REPRESENTATION('',(#1566),#1570);
#1566 = LINE('',#1567,#1568);
#1567 = CARTESIAN_POINT('',(0.,-0.));
#1568 = VECTOR('',#1569,1.);
#1569 = DIRECTION('',(0.,1.));
#1570 = ( GEOMETRIC_REPRESENTATION_CONTEXT(2) 
PARAMETRIC_REPRESENTATION_CONTEXT() REPRESENTATION_CONTEXT('2D SPACE',''
  ) );
#1571 = PCURVE('',#544,#1572);
#1572 = DEFINITIONAL_REPRESENTATION('',(#1573),#1577);
#1573 = LINE('',#1574,#1575);
#1574 = CARTESIAN_POINT('',(6.28318530718,-0.));
#1575 = VECTOR('',#1576,1.);
#1576 = DIRECTION('',(0.,1.));
#1577 = ( GEOMETRIC_REPRESENTATION_CONTEXT(2) 
PARAMETRIC_REPRESENTATION_CONTEXT() REPRESENTATION_CONTEXT('2D SPACE',''
  ) );
#1578 = ORIENTED_EDGE('',*,*,#512,.T.);
#1579 = ORIENTED_EDGE('',*,*,#605,.F.);
#1580 = ORIENTED_EDGE('',*,*,#569,.F.);
#1581 = ORIENTED_EDGE('',*,*,#1558,.F.);
#1582 = ADVANCED_FACE('',(#1583),#673,.T.);
#1583 = FACE_BOUND('',#1584,.T.);
#1584 = EDGE_LOOP('',(#1585,#1614,#1635,#1636,#1637,#1638));
#1585 = ORIENTED_EDGE('',*,*,#1586,.T.);
#1586 = EDGE_CURVE('',#1587,#1587,#1589,.T.);
#1587 = VERTEX_POINT('',#1588);
#1588 = CARTESIAN_POINT('',(-112.5,-5.,69.4));
#1589 = SURFACE_CURVE('',#1590,(#1595,#1602),.PCURVE_S1.);
#1590 = CIRCLE('',#1591,5.9);
#1591 = AXIS2_PLACEMENT_3D('',#1592,#1593,#1594);
#1592 = CARTESIAN_POINT('',(-112.5,-5.,63.5));
#1593 = DIRECTION('',(0.,1.,0.));
#1594 = DIRECTION('',(0.,-0.,1.));
#1595 = PCURVE('',#673,#1596);
#1596 = DEFINITIONAL_REPRESENTATION('',(#1597),#1601);
#1597 = LINE('',#1598,#1599);
#1598 = CARTESIAN_POINT('',(0.,1.));
#1599 = VECTOR('',#1600,1.);
#1600 = DIRECTION('',(1.,0.));
#1601 = ( GEOMETRIC_REPRESENTATION_CONTEXT(2) 
PARAMETRIC_REPRESENTATION_CONTEXT() REPRESENTATION_CONTEXT('2D SPACE',''
  ) );
#1602 = PCURVE('',#1603,#1608);
#1603 = CONICAL_SURFACE('',#1604,6.9,0.785398163397);
#1604 = AXIS2_PLACEMENT_3D('',#1605,#1606,#1607);
#1605 = CARTESIAN_POINT('',(-112.5,-6.,63.5));
#1606 = DIRECTION('',(-0.,-1.,-0.));
#1607 = DIRECTION('',(0.,-0.,1.));
#1608 = DEFINITIONAL_REPRESENTATION('',(#1609),#1613);
#1609 = LINE('',#1610,#1611);
#1610 = CARTESIAN_POINT('',(-0.,-1.));
#1611 = VECTOR('',#1612,1.);
#1612 = DIRECTION('',(-1.,-0.));
#1613 = ( GEOMETRIC_REPRESENTATION_CONTEXT(2) 
PARAMETRIC_REPRESENTATION_CONTEXT() REPRESENTATION_CONTEXT('2D SPACE',''
  ) );
#1614 = ORIENTED_EDGE('',*,*,#1615,.T.);
#1615 = EDGE_CURVE('',#1587,#139,#1616,.T.);
#1616 = SEAM_CURVE('',#1617,(#1621,#1628),.PCURVE_S1.);
#1617 = LINE('',#1618,#1619);
#1618 = CARTESIAN_POINT('',(-112.5,-6.,69.4));
#1619 = VECTOR('',#1620,1.);
#1620 = DIRECTION('',(0.,1.,0.));
#1621 = PCURVE('',#673,#1622);
#1622 = DEFINITIONAL_REPRESENTATION('',(#1623),#1627);
#1623 = LINE('',#1624,#1625);
#1624 = CARTESIAN_POINT('',(0.,-0.));
#1625 = VECTOR('',#1626,1.);
#1626 = DIRECTION('',(0.,1.));
#1627 = ( GEOMETRIC_REPRESENTATION_CONTEXT(2) 
PARAMETRIC_REPRESENTATION_CONTEXT() REPRESENTATION_CONTEXT('2D SPACE',''
  ) );
#1628 = PCURVE('',#673,#1629);
#1629 = DEFINITIONAL_REPRESENTATION('',(#1630),#1634);
#1630 = LINE('',#1631,#1632);
#1631 = CARTESIAN_POINT('',(6.28318530718,-0.));
#1632 = VECTOR('',#1633,1.);
#1633 = DIRECTION('',(0.,1.));
#1634 = ( GEOMETRIC_REPRESENTATION_CONTEXT(2) 
PARAMETRIC_REPRESENTATION_CONTEXT() REPRESENTATION_CONTEXT('2D SPACE',''
  ) );
#1635 = ORIENTED_EDGE('',*,*,#641,.T.);
#1636 = ORIENTED_EDGE('',*,*,#734,.F.);
#1637 = ORIENTED_EDGE('',*,*,#698,.F.);
#1638 = ORIENTED_EDGE('',*,*,#1615,.F.);
#1639 = ADVANCED_FACE('',(#1640),#802,.T.);
#1640 = FACE_BOUND('',#1641,.T.);
#1641 = EDGE_LOOP('',(#1642,#1671,#1692,#1693,#1694,#1695));
#1642 = ORIENTED_EDGE('',*,*,#1643,.T.);
#1643 = EDGE_CURVE('',#1644,#1644,#1646,.T.);
#1644 = VERTEX_POINT('',#1645);
#1645 = CARTESIAN_POINT('',(-67.5,-5.,69.4));
#1646 = SURFACE_CURVE('',#1647,(#1652,#1659),.PCURVE_S1.);
#1647 = CIRCLE('',#1648,5.9);
#1648 = AXIS2_PLACEMENT_3D('',#1649,#1650,#1651);
#1649 = CARTESIAN_POINT('',(-67.5,-5.,63.5));
#1650 = DIRECTION('',(0.,1.,0.));
#1651 = DIRECTION('',(0.,-0.,1.));
#1652 = PCURVE('',#802,#1653);
#1653 = DEFINITIONAL_REPRESENTATION('',(#1654),#1658);
#1654 = LINE('',#1655,#1656);
#1655 = CARTESIAN_POINT('',(0.,1.));
#1656 = VECTOR('',#1657,1.);
#1657 = DIRECTION('',(1.,0.));
#1658 = ( GEOMETRIC_REPRESENTATION_CONTEXT(2) 
PARAMETRIC_REPRESENTATION_CONTEXT() REPRESENTATION_CONTEXT('2D SPACE',''
  ) );
#1659 = PCURVE('',#1660,#1665);
#1660 = CONICAL_SURFACE('',#1661,6.9,0.785398163397);
#1661 = AXIS2_PLACEMENT_3D('',#1662,#1663,#1664);
#1662 = CARTESIAN_POINT('',(-67.5,-6.,63.5));
#1663 = DIRECTION('',(-0.,-1.,-0.));
#1664 = DIRECTION('',(0.,-0.,1.));
#1665 = DEFINITIONAL_REPRESENTATION('',(#1666),#1670);
#1666 = LINE('',#1667,#1668);
#1667 = CARTESIAN_POINT('',(-0.,-1.));
#1668 = VECTOR('',#1669,1.);
#1669 = DIRECTION('',(-1.,-0.));
#1670 = ( GEOMETRIC_REPRESENTATION_CONTEXT(2) 
PARAMETRIC_REPRESENTATION_CONTEXT() REPRESENTATION_CONTEXT('2D SPACE',''
  ) );
#1671 = ORIENTED_EDGE('',*,*,#1672,.T.);
#1672 = EDGE_CURVE('',#1644,#162,#1673,.T.);
#1673 = SEAM_CURVE('',#1674,(#1678,#1685),.PCURVE_S1.);
#1674 = LINE('',#1675,#1676);
#1675 = CARTESIAN_POINT('',(-67.5,-6.,69.4));
#1676 = VECTOR('',#1677,1.);
#1677 = DIRECTION('',(0.,1.,0.));
#1678 = PCURVE('',#802,#1679);
#1679 = DEFINITIONAL_REPRESENTATION('',(#1680),#1684);
#1680 = LINE('',#1681,#1682);
#1681 = CARTESIAN_POINT('',(0.,-0.));
#1682 = VECTOR('',#1683,1.);
#1683 = DIRECTION('',(0.,1.));
#1684 = ( GEOMETRIC_REPRESENTATION_CONTEXT(2) 
PARAMETRIC_REPRESENTATION_CONTEXT() REPRESENTATION_CONTEXT('2D SPACE',''
  ) );
#1685 = PCURVE('',#802,#1686);
#1686 = DEFINITIONAL_REPRESENTATION('',(#1687),#1691);
#1687 = LINE('',#1688,#1689);
#1688 = CARTESIAN_POINT('',(6.28318530718,-0.));
#1689 = VECTOR('',#1690,1.);
#1690 = DIRECTION('',(0.,1.));
#1691 = ( GEOMETRIC_REPRESENTATION_CONTEXT(2) 
PARAMETRIC_REPRESENTATION_CONTEXT() REPRESENTATION_CONTEXT('2D SPACE',''
  ) );
#1692 = ORIENTED_EDGE('',*,*,#770,.T.);
#1693 = ORIENTED_EDGE('',*,*,#863,.F.);
#1694 = ORIENTED_EDGE('',*,*,#827,.F.);
#1695 = ORIENTED_EDGE('',*,*,#1672,.F.);
#1696 = ADVANCED_FACE('',(#1697),#931,.T.);
#1697 = FACE_BOUND('',#1698,.T.);
#1698 = EDGE_LOOP('',(#1699,#1728,#1749,#1750,#1751,#1752));
#1699 = ORIENTED_EDGE('',*,*,#1700,.T.);
#1700 = EDGE_CURVE('',#1701,#1701,#1703,.T.);
#1701 = VERTEX_POINT('',#1702);
#1702 = CARTESIAN_POINT('',(22.5,-5.,69.4));
#1703 = SURFACE_CURVE('',#1704,(#1709,#1716),.PCURVE_S1.);
#1704 = CIRCLE('',#1705,5.9);
#1705 = AXIS2_PLACEMENT_3D('',#1706,#1707,#1708);
#1706 = CARTESIAN_POINT('',(22.5,-5.,63.5));
#1707 = DIRECTION('',(0.,1.,0.));
#1708 = DIRECTION('',(0.,-0.,1.));
#1709 = PCURVE('',#931,#1710);
#1710 = DEFINITIONAL_REPRESENTATION('',(#1711),#1715);
#1711 = LINE('',#1712,#1713);
#1712 = CARTESIAN_POINT('',(0.,1.));
#1713 = VECTOR('',#1714,1.);
#1714 = DIRECTION('',(1.,0.));
#1715 = ( GEOMETRIC_REPRESENTATION_CONTEXT(2) 
PARAMETRIC_REPRESENTATION_CONTEXT() REPRESENTATION_CONTEXT('2D SPACE',''
  ) );
#1716 = PCURVE('',#1717,#1722);
#1717 = CONICAL_SURFACE('',#1718,6.9,0.785398163397);
#1718 = AXIS2_PLACEMENT_3D('',#1719,#1720,#1721);
#1719 = CARTESIAN_POINT('',(22.5,-6.,63.5));
#1720 = DIRECTION('',(-0.,-1.,-0.));
#1721 = DIRECTION('',(0.,-0.,1.));
#1722 = DEFINITIONAL_REPRESENTATION('',(#1723),#1727);
#1723 = LINE('',#1724,#1725);
#1724 = CARTESIAN_POINT('',(-0.,-1.));
#1725 = VECTOR('',#1726,1.);
#1726 = DIRECTION('',(-1.,-0.));
#1727 = ( GEOMETRIC_REPRESENTATION_CONTEXT(2) 
PARAMETRIC_REPRESENTATION_CONTEXT() REPRESENTATION_CONTEXT('2D SPACE',''
  ) );
#1728 = ORIENTED_EDGE('',*,*,#1729,.T.);
#1729 = EDGE_CURVE('',#1701,#208,#1730,.T.);
#1730 = SEAM_CURVE('',#1731,(#1735,#1742),.PCURVE_S1.);
#1731 = LINE('',#1732,#1733);
#1732 = CARTESIAN_POINT('',(22.5,-6.,69.4));
#1733 = VECTOR('',#1734,1.);
#1734 = DIRECTION('',(0.,1.,0.));
#1735 = PCURVE('',#931,#1736);
#1736 = DEFINITIONAL_REPRESENTATION('',(#1737),#1741);
#1737 = LINE('',#1738,#1739);
#1738 = CARTESIAN_POINT('',(0.,-0.));
#1739 = VECTOR('',#1740,1.);
#1740 = DIRECTION('',(0.,1.));
#1741 = ( GEOMETRIC_REPRESENTATION_CONTEXT(2) 
PARAMETRIC_REPRESENTATION_CONTEXT() REPRESENTATION_CONTEXT('2D SPACE',''
  ) );
#1742 = PCURVE('',#931,#1743);
#1743 = DEFINITIONAL_REPRESENTATION('',(#1744),#1748);
#1744 = LINE('',#1745,#1746);
#1745 = CARTESIAN_POINT('',(6.28318530718,-0.));
#1746 = VECTOR('',#1747,1.);
#1747 = DIRECTION('',(0.,1.));
#1748 = ( GEOMETRIC_REPRESENTATION_CONTEXT(2) 
PARAMETRIC_REPRESENTATION_CONTEXT() REPRESENTATION_CONTEXT('2D SPACE',''
  ) );
#1749 = ORIENTED_EDGE('',*,*,#899,.T.);
#1750 = ORIENTED_EDGE('',*,*,#992,.F.);
#1751 = ORIENTED_EDGE('',*,*,#956,.F.);
#1752 = ORIENTED_EDGE('',*,*,#1729,.F.);
#1753 = ADVANCED_FACE('',(#1754),#1060,.T.);
#1754 = FACE_BOUND('',#1755,.T.);
#1755 = EDGE_LOOP('',(#1756,#1785,#1806,#1807,#1808,#1809));
#1756 = ORIENTED_EDGE('',*,*,#1757,.T.);
#1757 = EDGE_CURVE('',#1758,#1758,#1760,.T.);
#1758 = VERTEX_POINT('',#1759);
#1759 = CARTESIAN_POINT('',(67.5,-5.,69.4));
#1760 = SURFACE_CURVE('',#1761,(#1766,#1773),.PCURVE_S1.);
#1761 = CIRCLE('',#1762,5.9);
#1762 = AXIS2_PLACEMENT_3D('',#1763,#1764,#1765);
#1763 = CARTESIAN_POINT('',(67.5,-5.,63.5));
#1764 = DIRECTION('',(0.,1.,0.));
#1765 = DIRECTION('',(0.,-0.,1.));
#1766 = PCURVE('',#1060,#1767);
#1767 = DEFINITIONAL_REPRESENTATION('',(#1768),#1772);
#1768 = LINE('',#1769,#1770);
#1769 = CARTESIAN_POINT('',(0.,1.));
#1770 = VECTOR('',#1771,1.);
#1771 = DIRECTION('',(1.,0.));
#1772 = ( GEOMETRIC_REPRESENTATION_CONTEXT(2) 
PARAMETRIC_REPRESENTATION_CONTEXT() REPRESENTATION_CONTEXT('2D SPACE',''
  ) );
#1773 = PCURVE('',#1774,#1779);
#1774 = CONICAL_SURFACE('',#1775,6.9,0.785398163397);
#1775 = AXIS2_PLACEMENT_3D('',#1776,#1777,#1778);
#1776 = CARTESIAN_POINT('',(67.5,-6.,63.5));
#1777 = DIRECTION('',(-0.,-1.,-0.));
#1778 = DIRECTION('',(0.,-0.,1.));
#1779 = DEFINITIONAL_REPRESENTATION('',(#1780),#1784);
#1780 = LINE('',#1781,#1782);
#1781 = CARTESIAN_POINT('',(-0.,-1.));
#1782 = VECTOR('',#1783,1.);
#1783 = DIRECTION('',(-1.,-0.));
#1784 = ( GEOMETRIC_REPRESENTATION_CONTEXT(2) 
PARAMETRIC_REPRESENTATION_CONTEXT() REPRESENTATION_CONTEXT('2D SPACE',''
  ) );
#1785 = ORIENTED_EDGE('',*,*,#1786,.T.);
#1786 = EDGE_CURVE('',#1758,#231,#1787,.T.);
#1787 = SEAM_CURVE('',#1788,(#1792,#1799),.PCURVE_S1.);
#1788 = LINE('',#1789,#1790);
#1789 = CARTESIAN_POINT('',(67.5,-6.,69.4));
#1790 = VECTOR('',#1791,1.);
#1791 = DIRECTION('',(0.,1.,0.));
#1792 = PCURVE('',#1060,#1793);
#1793 = DEFINITIONAL_REPRESENTATION('',(#1794),#1798);
#1794 = LINE('',#1795,#1796);
#1795 = CARTESIAN_POINT('',(0.,-0.));
#1796 = VECTOR('',#1797,1.);
#1797 = DIRECTION('',(0.,1.));
#1798 = ( GEOMETRIC_REPRESENTATION_CONTEXT(2) 
PARAMETRIC_REPRESENTATION_CONTEXT() REPRESENTATION_CONTEXT('2D SPACE',''
  ) );
#1799 = PCURVE('',#1060,#1800);
#1800 = DEFINITIONAL_REPRESENTATION('',(#1801),#1805);
#1801 = LINE('',#1802,#1803);
#1802 = CARTESIAN_POINT('',(6.28318530718,-0.));
#1803 = VECTOR('',#1804,1.);
#1804 = DIRECTION('',(0.,1.));
#1805 = ( GEOMETRIC_REPRESENTATION_CONTEXT(2) 
PARAMETRIC_REPRESENTATION_CONTEXT() REPRESENTATION_CONTEXT('2D SPACE',''
  ) );
#1806 = ORIENTED_EDGE('',*,*,#1028,.T.);
#1807 = ORIENTED_EDGE('',*,*,#1121,.F.);
#1808 = ORIENTED_EDGE('',*,*,#1085,.F.);
#1809 = ORIENTED_EDGE('',*,*,#1786,.F.);
#1810 = ADVANCED_FACE('',(#1811),#1189,.T.);
#1811 = FACE_BOUND('',#1812,.T.);
#1812 = EDGE_LOOP('',(#1813,#1842,#1863,#1864,#1865,#1866));
#1813 = ORIENTED_EDGE('',*,*,#1814,.T.);
#1814 = EDGE_CURVE('',#1815,#1815,#1817,.T.);
#1815 = VERTEX_POINT('',#1816);
#1816 = CARTESIAN_POINT('',(112.5,-5.,69.4));
#1817 = SURFACE_CURVE('',#1818,(#1823,#1830),.PCURVE_S1.);
#1818 = CIRCLE('',#1819,5.9);
#1819 = AXIS2_PLACEMENT_3D('',#1820,#1821,#1822);
#1820 = CARTESIAN_POINT('',(112.5,-5.,63.5));
#1821 = DIRECTION('',(0.,1.,0.));
#1822 = DIRECTION('',(0.,-0.,1.));
#1823 = PCURVE('',#1189,#1824);
#1824 = DEFINITIONAL_REPRESENTATION('',(#1825),#1829);
#1825 = LINE('',#1826,#1827);
#1826 = CARTESIAN_POINT('',(0.,1.));
#1827 = VECTOR('',#1828,1.);
#1828 = DIRECTION('',(1.,0.));
#1829 = ( GEOMETRIC_REPRESENTATION_CONTEXT(2) 
PARAMETRIC_REPRESENTATION_CONTEXT() REPRESENTATION_CONTEXT('2D SPACE',''
  ) );
#1830 = PCURVE('',#1831,#1836);
#1831 = CONICAL_SURFACE('',#1832,6.9,0.785398163397);
#1832 = AXIS2_PLACEMENT_3D('',#1833,#1834,#1835);
#1833 = CARTESIAN_POINT('',(112.5,-6.,63.5));
#1834 = DIRECTION('',(-0.,-1.,-0.));
#1835 = DIRECTION('',(0.,-0.,1.));
#1836 = DEFINITIONAL_REPRESENTATION('',(#1837),#1841);
#1837 = LINE('',#1838,#1839);
#1838 = CARTESIAN_POINT('',(-0.,-1.));
#1839 = VECTOR('',#1840,1.);
#1840 = DIRECTION('',(-1.,-0.));
#1841 = ( GEOMETRIC_REPRESENTATION_CONTEXT(2) 
PARAMETRIC_REPRESENTATION_CONTEXT() REPRESENTATION_CONTEXT('2D SPACE',''
  ) );
#1842 = ORIENTED_EDGE('',*,*,#1843,.T.);
#1843 = EDGE_CURVE('',#1815,#254,#1844,.T.);
#1844 = SEAM_CURVE('',#1845,(#1849,#1856),.PCURVE_S1.);
#1845 = LINE('',#1846,#1847);
#1846 = CARTESIAN_POINT('',(112.5,-6.,69.4));
#1847 = VECTOR('',#1848,1.);
#1848 = DIRECTION('',(0.,1.,0.));
#1849 = PCURVE('',#1189,#1850);
#1850 = DEFINITIONAL_REPRESENTATION('',(#1851),#1855);
#1851 = LINE('',#1852,#1853);
#1852 = CARTESIAN_POINT('',(0.,-0.));
#1853 = VECTOR('',#1854,1.);
#1854 = DIRECTION('',(0.,1.));
#1855 = ( GEOMETRIC_REPRESENTATION_CONTEXT(2) 
PARAMETRIC_REPRESENTATION_CONTEXT() REPRESENTATION_CONTEXT('2D SPACE',''
  ) );
#1856 = PCURVE('',#1189,#1857);
#1857 = DEFINITIONAL_REPRESENTATION('',(#1858),#1862);
#1858 = LINE('',#1859,#1860);
#1859 = CARTESIAN_POINT('',(6.28318530718,-0.));
#1860 = VECTOR('',#1861,1.);
#1861 = DIRECTION('',(0.,1.));
#1862 = ( GEOMETRIC_REPRESENTATION_CONTEXT(2) 
PARAMETRIC_REPRESENTATION_CONTEXT() REPRESENTATION_CONTEXT('2D SPACE',''
  ) );
#1863 = ORIENTED_EDGE('',*,*,#1157,.T.);
#1864 = ORIENTED_EDGE('',*,*,#1250,.F.);
#1865 = ORIENTED_EDGE('',*,*,#1214,.F.);
#1866 = ORIENTED_EDGE('',*,*,#1843,.F.);
#1867 = ADVANCED_FACE('',(#1868),#1318,.T.);
#1868 = FACE_BOUND('',#1869,.T.);
#1869 = EDGE_LOOP('',(#1870,#1899,#1920,#1921,#1922,#1923));
#1870 = ORIENTED_EDGE('',*,*,#1871,.T.);
#1871 = EDGE_CURVE('',#1872,#1872,#1874,.T.);
#1872 = VERTEX_POINT('',#1873);
#1873 = CARTESIAN_POINT('',(157.5,-5.,69.4));
#1874 = SURFACE_CURVE('',#1875,(#1880,#1887),.PCURVE_S1.);
#1875 = CIRCLE('',#1876,5.9);
#1876 = AXIS2_PLACEMENT_3D('',#1877,#1878,#1879);
#1877 = CARTESIAN_POINT('',(157.5,-5.,63.5));
#1878 = DIRECTION('',(0.,1.,0.));
#1879 = DIRECTION('',(0.,-0.,1.));
#1880 = PCURVE('',#1318,#1881);
#1881 = DEFINITIONAL_REPRESENTATION('',(#1882),#1886);
#1882 = LINE('',#1883,#1884);
#1883 = CARTESIAN_POINT('',(0.,1.));
#1884 = VECTOR('',#1885,1.);
#1885 = DIRECTION('',(1.,0.));
#1886 = ( GEOMETRIC_REPRESENTATION_CONTEXT(2) 
PARAMETRIC_REPRESENTATION_CONTEXT() REPRESENTATION_CONTEXT('2D SPACE',''
  ) );
#1887 = PCURVE('',#1888,#1893);
#1888 = CONICAL_SURFACE('',#1889,6.9,0.785398163397);
#1889 = AXIS2_PLACEMENT_3D('',#1890,#1891,#1892);
#1890 = CARTESIAN_POINT('',(157.5,-6.,63.5));
#1891 = DIRECTION('',(-0.,-1.,-0.));
#1892 = DIRECTION('',(0.,-0.,1.));
#1893 = DEFINITIONAL_REPRESENTATION('',(#1894),#1898);
#1894 = LINE('',#1895,#1896);
#1895 = CARTESIAN_POINT('',(-0.,-1.));
#1896 = VECTOR('',#1897,1.);
#1897 = DIRECTION('',(-1.,-0.));
#1898 = ( GEOMETRIC_REPRESENTATION_CONTEXT(2) 
PARAMETRIC_REPRESENTATION_CONTEXT() REPRESENTATION_CONTEXT('2D SPACE',''
  ) );
#1899 = ORIENTED_EDGE('',*,*,#1900,.T.);
#1900 = EDGE_CURVE('',#1872,#277,#1901,.T.);
#1901 = SEAM_CURVE('',#1902,(#1906,#1913),.PCURVE_S1.);
#1902 = LINE('',#1903,#1904);
#1903 = CARTESIAN_POINT('',(157.5,-6.,69.4));
#1904 = VECTOR('',#1905,1.);
#1905 = DIRECTION('',(0.,1.,0.));
#1906 = PCURVE('',#1318,#1907);
#1907 = DEFINITIONAL_REPRESENTATION('',(#1908),#1912);
#1908 = LINE('',#1909,#1910);
#1909 = CARTESIAN_POINT('',(0.,-0.));
#1910 = VECTOR('',#1911,1.);
#1911 = DIRECTION('',(0.,1.));
#1912 = ( GEOMETRIC_REPRESENTATION_CONTEXT(2) 
PARAMETRIC_REPRESENTATION_CONTEXT() REPRESENTATION_CONTEXT('2D SPACE',''
  ) );
#1913 = PCURVE('',#1318,#1914);
#1914 = DEFINITIONAL_REPRESENTATION('',(#1915),#1919);
#1915 = LINE('',#1916,#1917);
#1916 = CARTESIAN_POINT('',(6.28318530718,-0.));
#1917 = VECTOR('',#1918,1.);
#1918 = DIRECTION('',(0.,1.));
#1919 = ( GEOMETRIC_REPRESENTATION_CONTEXT(2) 
PARAMETRIC_REPRESENTATION_CONTEXT() REPRESENTATION_CONTEXT('2D SPACE',''
  ) );
#1920 = ORIENTED_EDGE('',*,*,#1286,.T.);
#1921 = ORIENTED_EDGE('',*,*,#1379,.F.);
#1922 = ORIENTED_EDGE('',*,*,#1343,.F.);
#1923 = ORIENTED_EDGE('',*,*,#1900,.F.);
#1924 = ADVANCED_FACE('',(#1925),#1457,.F.);
#1925 = FACE_BOUND('',#1926,.F.);
#1926 = EDGE_LOOP('',(#1927));
#1927 = ORIENTED_EDGE('',*,*,#1442,.T.);
#1928 = ADVANCED_FACE('',(#1929),#1489,.T.);
#1929 = FACE_BOUND('',#1930,.T.);
#1930 = EDGE_LOOP('',(#1931,#1932,#1955,#1982));
#1931 = ORIENTED_EDGE('',*,*,#1472,.F.);
#1932 = ORIENTED_EDGE('',*,*,#1933,.F.);
#1933 = EDGE_CURVE('',#1934,#1473,#1936,.T.);
#1934 = VERTEX_POINT('',#1935);
#1935 = CARTESIAN_POINT('',(-22.5,-6.,70.4));
#1936 = SEAM_CURVE('',#1937,(#1941,#1948),.PCURVE_S1.);
#1937 = LINE('',#1938,#1939);
#1938 = CARTESIAN_POINT('',(-22.5,-6.,70.4));
#1939 = VECTOR('',#1940,1.);
#1940 = DIRECTION('',(1.731912112471E-16,0.707106781187,-0.707106781187)
  );
#1941 = PCURVE('',#1489,#1942);
#1942 = DEFINITIONAL_REPRESENTATION('',(#1943),#1947);
#1943 = LINE('',#1944,#1945);
#1944 = CARTESIAN_POINT('',(-6.28318530718,0.));
#1945 = VECTOR('',#1946,1.);
#1946 = DIRECTION('',(-0.,-1.));
#1947 = ( GEOMETRIC_REPRESENTATION_CONTEXT(2) 
PARAMETRIC_REPRESENTATION_CONTEXT() REPRESENTATION_CONTEXT('2D SPACE',''
  ) );
#1948 = PCURVE('',#1489,#1949);
#1949 = DEFINITIONAL_REPRESENTATION('',(#1950),#1954);
#1950 = LINE('',#1951,#1952);
#1951 = CARTESIAN_POINT('',(0.,-0.));
#1952 = VECTOR('',#1953,1.);
#1953 = DIRECTION('',(-0.,-1.));
#1954 = ( GEOMETRIC_REPRESENTATION_CONTEXT(2) 
PARAMETRIC_REPRESENTATION_CONTEXT() REPRESENTATION_CONTEXT('2D SPACE',''
  ) );
#1955 = ORIENTED_EDGE('',*,*,#1956,.T.);
#1956 = EDGE_CURVE('',#1934,#1934,#1957,.T.);
#1957 = SURFACE_CURVE('',#1958,(#1963,#1970),.PCURVE_S1.);
#1958 = CIRCLE('',#1959,6.9);
#1959 = AXIS2_PLACEMENT_3D('',#1960,#1961,#1962);
#1960 = CARTESIAN_POINT('',(-22.5,-6.,63.5));
#1961 = DIRECTION('',(0.,1.,0.));
#1962 = DIRECTION('',(0.,-0.,1.));
#1963 = PCURVE('',#1489,#1964);
#1964 = DEFINITIONAL_REPRESENTATION('',(#1965),#1969);
#1965 = LINE('',#1966,#1967);
#1966 = CARTESIAN_POINT('',(-0.,-0.));
#1967 = VECTOR('',#1968,1.);
#1968 = DIRECTION('',(-1.,-0.));
#1969 = ( GEOMETRIC_REPRESENTATION_CONTEXT(2) 
PARAMETRIC_REPRESENTATION_CONTEXT() REPRESENTATION_CONTEXT('2D SPACE',''
  ) );
#1970 = PCURVE('',#1971,#1976);
#1971 = PLANE('',#1972);
#1972 = AXIS2_PLACEMENT_3D('',#1973,#1974,#1975);
#1973 = CARTESIAN_POINT('',(-22.5,-6.,63.5));
#1974 = DIRECTION('',(0.,1.,0.));
#1975 = DIRECTION('',(0.,-0.,1.));
#1976 = DEFINITIONAL_REPRESENTATION('',(#1977),#1981);
#1977 = CIRCLE('',#1978,6.9);
#1978 = AXIS2_PLACEMENT_2D('',#1979,#1980);
#1979 = CARTESIAN_POINT('',(0.,0.));
#1980 = DIRECTION('',(1.,0.));
#1981 = ( GEOMETRIC_REPRESENTATION_CONTEXT(2) 
PARAMETRIC_REPRESENTATION_CONTEXT() REPRESENTATION_CONTEXT('2D SPACE',''
  ) );
#1982 = ORIENTED_EDGE('',*,*,#1933,.T.);
#1983 = ADVANCED_FACE('',(#1984),#1546,.T.);
#1984 = FACE_BOUND('',#1985,.T.);
#1985 = EDGE_LOOP('',(#1986,#1987,#2010,#2037));
#1986 = ORIENTED_EDGE('',*,*,#1529,.F.);
#1987 = ORIENTED_EDGE('',*,*,#1988,.F.);
#1988 = EDGE_CURVE('',#1989,#1530,#1991,.T.);
#1989 = VERTEX_POINT('',#1990);
#1990 = CARTESIAN_POINT('',(-157.5,-6.,70.4));
#1991 = SEAM_CURVE('',#1992,(#1996,#2003),.PCURVE_S1.);
#1992 = LINE('',#1993,#1994);
#1993 = CARTESIAN_POINT('',(-157.5,-6.,70.4));
#1994 = VECTOR('',#1995,1.);
#1995 = DIRECTION('',(1.731912112471E-16,0.707106781187,-0.707106781187)
  );
#1996 = PCURVE('',#1546,#1997);
#1997 = DEFINITIONAL_REPRESENTATION('',(#1998),#2002);
#1998 = LINE('',#1999,#2000);
#1999 = CARTESIAN_POINT('',(-6.28318530718,0.));
#2000 = VECTOR('',#2001,1.);
#2001 = DIRECTION('',(-0.,-1.));
#2002 = ( GEOMETRIC_REPRESENTATION_CONTEXT(2) 
PARAMETRIC_REPRESENTATION_CONTEXT() REPRESENTATION_CONTEXT('2D SPACE',''
  ) );
#2003 = PCURVE('',#1546,#2004);
#2004 = DEFINITIONAL_REPRESENTATION('',(#2005),#2009);
#2005 = LINE('',#2006,#2007);
#2006 = CARTESIAN_POINT('',(0.,-0.));
#2007 = VECTOR('',#2008,1.);
#2008 = DIRECTION('',(-0.,-1.));
#2009 = ( GEOMETRIC_REPRESENTATION_CONTEXT(2) 
PARAMETRIC_REPRESENTATION_CONTEXT() REPRESENTATION_CONTEXT('2D SPACE',''
  ) );
#2010 = ORIENTED_EDGE('',*,*,#2011,.T.);
#2011 = EDGE_CURVE('',#1989,#1989,#2012,.T.);
#2012 = SURFACE_CURVE('',#2013,(#2018,#2025),.PCURVE_S1.);
#2013 = CIRCLE('',#2014,6.9);
#2014 = AXIS2_PLACEMENT_3D('',#2015,#2016,#2017);
#2015 = CARTESIAN_POINT('',(-157.5,-6.,63.5));
#2016 = DIRECTION('',(0.,1.,0.));
#2017 = DIRECTION('',(0.,-0.,1.));
#2018 = PCURVE('',#1546,#2019);
#2019 = DEFINITIONAL_REPRESENTATION('',(#2020),#2024);
#2020 = LINE('',#2021,#2022);
#2021 = CARTESIAN_POINT('',(-0.,-0.));
#2022 = VECTOR('',#2023,1.);
#2023 = DIRECTION('',(-1.,-0.));
#2024 = ( GEOMETRIC_REPRESENTATION_CONTEXT(2) 
PARAMETRIC_REPRESENTATION_CONTEXT() REPRESENTATION_CONTEXT('2D SPACE',''
  ) );
#2025 = PCURVE('',#2026,#2031);
#2026 = PLANE('',#2027);
#2027 = AXIS2_PLACEMENT_3D('',#2028,#2029,#2030);
#2028 = CARTESIAN_POINT('',(-157.5,-6.,63.5));
#2029 = DIRECTION('',(0.,1.,0.));
#2030 = DIRECTION('',(0.,-0.,1.));
#2031 = DEFINITIONAL_REPRESENTATION('',(#2032),#2036);
#2032 = CIRCLE('',#2033,6.9);
#2033 = AXIS2_PLACEMENT_2D('',#2034,#2035);
#2034 = CARTESIAN_POINT('',(0.,0.));
#2035 = DIRECTION('',(1.,0.));
#2036 = ( GEOMETRIC_REPRESENTATION_CONTEXT(2) 
PARAMETRIC_REPRESENTATION_CONTEXT() REPRESENTATION_CONTEXT('2D SPACE',''
  ) );
#2037 = ORIENTED_EDGE('',*,*,#1988,.T.);
#2038 = ADVANCED_FACE('',(#2039),#1603,.T.);
#2039 = FACE_BOUND('',#2040,.T.);
#2040 = EDGE_LOOP('',(#2041,#2042,#2065,#2092));
#2041 = ORIENTED_EDGE('',*,*,#1586,.F.);
#2042 = ORIENTED_EDGE('',*,*,#2043,.F.);
#2043 = EDGE_CURVE('',#2044,#1587,#2046,.T.);
#2044 = VERTEX_POINT('',#2045);
#2045 = CARTESIAN_POINT('',(-112.5,-6.,70.4));
#2046 = SEAM_CURVE('',#2047,(#2051,#2058),.PCURVE_S1.);
#2047 = LINE('',#2048,#2049);
#2048 = CARTESIAN_POINT('',(-112.5,-6.,70.4));
#2049 = VECTOR('',#2050,1.);
#2050 = DIRECTION('',(1.731912112471E-16,0.707106781187,-0.707106781187)
  );
#2051 = PCURVE('',#1603,#2052);
#2052 = DEFINITIONAL_REPRESENTATION('',(#2053),#2057);
#2053 = LINE('',#2054,#2055);
#2054 = CARTESIAN_POINT('',(-6.28318530718,0.));
#2055 = VECTOR('',#2056,1.);
#2056 = DIRECTION('',(-0.,-1.));
#2057 = ( GEOMETRIC_REPRESENTATION_CONTEXT(2) 
PARAMETRIC_REPRESENTATION_CONTEXT() REPRESENTATION_CONTEXT('2D SPACE',''
  ) );
#2058 = PCURVE('',#1603,#2059);
#2059 = DEFINITIONAL_REPRESENTATION('',(#2060),#2064);
#2060 = LINE('',#2061,#2062);
#2061 = CARTESIAN_POINT('',(0.,-0.));
#2062 = VECTOR('',#2063,1.);
#2063 = DIRECTION('',(-0.,-1.));
#2064 = ( GEOMETRIC_REPRESENTATION_CONTEXT(2) 
PARAMETRIC_REPRESENTATION_CONTEXT() REPRESENTATION_CONTEXT('2D SPACE',''
  ) );
#2065 = ORIENTED_EDGE('',*,*,#2066,.T.);
#2066 = EDGE_CURVE('',#2044,#2044,#2067,.T.);
#2067 = SURFACE_CURVE('',#2068,(#2073,#2080),.PCURVE_S1.);
#2068 = CIRCLE('',#2069,6.9);
#2069 = AXIS2_PLACEMENT_3D('',#2070,#2071,#2072);
#2070 = CARTESIAN_POINT('',(-112.5,-6.,63.5));
#2071 = DIRECTION('',(0.,1.,0.));
#2072 = DIRECTION('',(0.,-0.,1.));
#2073 = PCURVE('',#1603,#2074);
#2074 = DEFINITIONAL_REPRESENTATION('',(#2075),#2079);
#2075 = LINE('',#2076,#2077);
#2076 = CARTESIAN_POINT('',(-0.,-0.));
#2077 = VECTOR('',#2078,1.);
#2078 = DIRECTION('',(-1.,-0.));
#2079 = ( GEOMETRIC_REPRESENTATION_CONTEXT(2) 
PARAMETRIC_REPRESENTATION_CONTEXT() REPRESENTATION_CONTEXT('2D SPACE',''
  ) );
#2080 = PCURVE('',#2081,#2086);
#2081 = PLANE('',#2082);
#2082 = AXIS2_PLACEMENT_3D('',#2083,#2084,#2085);
#2083 = CARTESIAN_POINT('',(-112.5,-6.,63.5));
#2084 = DIRECTION('',(0.,1.,0.));
#2085 = DIRECTION('',(0.,-0.,1.));
#2086 = DEFINITIONAL_REPRESENTATION('',(#2087),#2091);
#2087 = CIRCLE('',#2088,6.9);
#2088 = AXIS2_PLACEMENT_2D('',#2089,#2090);
#2089 = CARTESIAN_POINT('',(0.,0.));
#2090 = DIRECTION('',(1.,0.));
#2091 = ( GEOMETRIC_REPRESENTATION_CONTEXT(2) 
PARAMETRIC_REPRESENTATION_CONTEXT() REPRESENTATION_CONTEXT('2D SPACE',''
  ) );
#2092 = ORIENTED_EDGE('',*,*,#2043,.T.);
#2093 = ADVANCED_FACE('',(#2094),#1660,.T.);
#2094 = FACE_BOUND('',#2095,.T.);
#2095 = EDGE_LOOP('',(#2096,#2097,#2120,#2147));
#2096 = ORIENTED_EDGE('',*,*,#1643,.F.);
#2097 = ORIENTED_EDGE('',*,*,#2098,.F.);
#2098 = EDGE_CURVE('',#2099,#1644,#2101,.T.);
#2099 = VERTEX_POINT('',#2100);
#2100 = CARTESIAN_POINT('',(-67.5,-6.,70.4));
#2101 = SEAM_CURVE('',#2102,(#2106,#2113),.PCURVE_S1.);
#2102 = LINE('',#2103,#2104);
#2103 = CARTESIAN_POINT('',(-67.5,-6.,70.4));
#2104 = VECTOR('',#2105,1.);
#2105 = DIRECTION('',(1.731912112471E-16,0.707106781187,-0.707106781187)
  );
#2106 = PCURVE('',#1660,#2107);
#2107 = DEFINITIONAL_REPRESENTATION('',(#2108),#2112);
#2108 = LINE('',#2109,#2110);
#2109 = CARTESIAN_POINT('',(-6.28318530718,0.));
#2110 = VECTOR('',#2111,1.);
#2111 = DIRECTION('',(-0.,-1.));
#2112 = ( GEOMETRIC_REPRESENTATION_CONTEXT(2) 
PARAMETRIC_REPRESENTATION_CONTEXT() REPRESENTATION_CONTEXT('2D SPACE',''
  ) );
#2113 = PCURVE('',#1660,#2114);
#2114 = DEFINITIONAL_REPRESENTATION('',(#2115),#2119);
#2115 = LINE('',#2116,#2117);
#2116 = CARTESIAN_POINT('',(0.,-0.));
#2117 = VECTOR('',#2118,1.);
#2118 = DIRECTION('',(-0.,-1.));
#2119 = ( GEOMETRIC_REPRESENTATION_CONTEXT(2) 
PARAMETRIC_REPRESENTATION_CONTEXT() REPRESENTATION_CONTEXT('2D SPACE',''
  ) );
#2120 = ORIENTED_EDGE('',*,*,#2121,.T.);
#2121 = EDGE_CURVE('',#2099,#2099,#2122,.T.);
#2122 = SURFACE_CURVE('',#2123,(#2128,#2135),.PCURVE_S1.);
#2123 = CIRCLE('',#2124,6.9);
#2124 = AXIS2_PLACEMENT_3D('',#2125,#2126,#2127);
#2125 = CARTESIAN_POINT('',(-67.5,-6.,63.5));
#2126 = DIRECTION('',(0.,1.,0.));
#2127 = DIRECTION('',(0.,-0.,1.));
#2128 = PCURVE('',#1660,#2129);
#2129 = DEFINITIONAL_REPRESENTATION('',(#2130),#2134);
#2130 = LINE('',#2131,#2132);
#2131 = CARTESIAN_POINT('',(-0.,-0.));
#2132 = VECTOR('',#2133,1.);
#2133 = DIRECTION('',(-1.,-0.));
#2134 = ( GEOMETRIC_REPRESENTATION_CONTEXT(2) 
PARAMETRIC_REPRESENTATION_CONTEXT() REPRESENTATION_CONTEXT('2D SPACE',''
  ) );
#2135 = PCURVE('',#2136,#2141);
#2136 = PLANE('',#2137);
#2137 = AXIS2_PLACEMENT_3D('',#2138,#2139,#2140);
#2138 = CARTESIAN_POINT('',(-67.5,-6.,63.5));
#2139 = DIRECTION('',(0.,1.,0.));
#2140 = DIRECTION('',(0.,-0.,1.));
#2141 = DEFINITIONAL_REPRESENTATION('',(#2142),#2146);
#2142 = CIRCLE('',#2143,6.9);
#2143 = AXIS2_PLACEMENT_2D('',#2144,#2145);
#2144 = CARTESIAN_POINT('',(0.,0.));
#2145 = DIRECTION('',(1.,0.));
#2146 = ( GEOMETRIC_REPRESENTATION_CONTEXT(2) 
PARAMETRIC_REPRESENTATION_CONTEXT() REPRESENTATION_CONTEXT('2D SPACE',''
  ) );
#2147 = ORIENTED_EDGE('',*,*,#2098,.T.);
#2148 = ADVANCED_FACE('',(#2149),#1717,.T.);
#2149 = FACE_BOUND('',#2150,.T.);
#2150 = EDGE_LOOP('',(#2151,#2152,#2175,#2202));
#2151 = ORIENTED_EDGE('',*,*,#1700,.F.);
#2152 = ORIENTED_EDGE('',*,*,#2153,.F.);
#2153 = EDGE_CURVE('',#2154,#1701,#2156,.T.);
#2154 = VERTEX_POINT('',#2155);
#2155 = CARTESIAN_POINT('',(22.5,-6.,70.4));
#2156 = SEAM_CURVE('',#2157,(#2161,#2168),.PCURVE_S1.);
#2157 = LINE('',#2158,#2159);
#2158 = CARTESIAN_POINT('',(22.5,-6.,70.4));
#2159 = VECTOR('',#2160,1.);
#2160 = DIRECTION('',(1.731912112471E-16,0.707106781187,-0.707106781187)
  );
#2161 = PCURVE('',#1717,#2162);
#2162 = DEFINITIONAL_REPRESENTATION('',(#2163),#2167);
#2163 = LINE('',#2164,#2165);
#2164 = CARTESIAN_POINT('',(-6.28318530718,0.));
#2165 = VECTOR('',#2166,1.);
#2166 = DIRECTION('',(-0.,-1.));
#2167 = ( GEOMETRIC_REPRESENTATION_CONTEXT(2) 
PARAMETRIC_REPRESENTATION_CONTEXT() REPRESENTATION_CONTEXT('2D SPACE',''
  ) );
#2168 = PCURVE('',#1717,#2169);
#2169 = DEFINITIONAL_REPRESENTATION('',(#2170),#2174);
#2170 = LINE('',#2171,#2172);
#2171 = CARTESIAN_POINT('',(0.,-0.));
#2172 = VECTOR('',#2173,1.);
#2173 = DIRECTION('',(-0.,-1.));
#2174 = ( GEOMETRIC_REPRESENTATION_CONTEXT(2) 
PARAMETRIC_REPRESENTATION_CONTEXT() REPRESENTATION_CONTEXT('2D SPACE',''
  ) );
#2175 = ORIENTED_EDGE('',*,*,#2176,.T.);
#2176 = EDGE_CURVE('',#2154,#2154,#2177,.T.);
#2177 = SURFACE_CURVE('',#2178,(#2183,#2190),.PCURVE_S1.);
#2178 = CIRCLE('',#2179,6.9);
#2179 = AXIS2_PLACEMENT_3D('',#2180,#2181,#2182);
#2180 = CARTESIAN_POINT('',(22.5,-6.,63.5));
#2181 = DIRECTION('',(0.,1.,0.));
#2182 = DIRECTION('',(0.,-0.,1.));
#2183 = PCURVE('',#1717,#2184);
#2184 = DEFINITIONAL_REPRESENTATION('',(#2185),#2189);
#2185 = LINE('',#2186,#2187);
#2186 = CARTESIAN_POINT('',(-0.,-0.));
#2187 = VECTOR('',#2188,1.);
#2188 = DIRECTION('',(-1.,-0.));
#2189 = ( GEOMETRIC_REPRESENTATION_CONTEXT(2) 
PARAMETRIC_REPRESENTATION_CONTEXT() REPRESENTATION_CONTEXT('2D SPACE',''
  ) );
#2190 = PCURVE('',#2191,#2196);
#2191 = PLANE('',#2192);
#2192 = AXIS2_PLACEMENT_3D('',#2193,#2194,#2195);
#2193 = CARTESIAN_POINT('',(22.5,-6.,63.5));
#2194 = DIRECTION('',(0.,1.,0.));
#2195 = DIRECTION('',(0.,-0.,1.));
#2196 = DEFINITIONAL_REPRESENTATION('',(#2197),#2201);
#2197 = CIRCLE('',#2198,6.9);
#2198 = AXIS2_PLACEMENT_2D('',#2199,#2200);
#2199 = CARTESIAN_POINT('',(0.,0.));
#2200 = DIRECTION('',(1.,0.));
#2201 = ( GEOMETRIC_REPRESENTATION_CONTEXT(2) 
PARAMETRIC_REPRESENTATION_CONTEXT() REPRESENTATION_CONTEXT('2D SPACE',''
  ) );
#2202 = ORIENTED_EDGE('',*,*,#2153,.T.);
#2203 = ADVANCED_FACE('',(#2204),#1774,.T.);
#2204 = FACE_BOUND('',#2205,.T.);
#2205 = EDGE_LOOP('',(#2206,#2207,#2230,#2257));
#2206 = ORIENTED_EDGE('',*,*,#1757,.F.);
#2207 = ORIENTED_EDGE('',*,*,#2208,.F.);
#2208 = EDGE_CURVE('',#2209,#1758,#2211,.T.);
#2209 = VERTEX_POINT('',#2210);
#2210 = CARTESIAN_POINT('',(67.5,-6.,70.4));
#2211 = SEAM_CURVE('',#2212,(#2216,#2223),.PCURVE_S1.);
#2212 = LINE('',#2213,#2214);
#2213 = CARTESIAN_POINT('',(67.5,-6.,70.4));
#2214 = VECTOR('',#2215,1.);
#2215 = DIRECTION('',(1.731912112471E-16,0.707106781187,-0.707106781187)
  );
#2216 = PCURVE('',#1774,#2217);
#2217 = DEFINITIONAL_REPRESENTATION('',(#2218),#2222);
#2218 = LINE('',#2219,#2220);
#2219 = CARTESIAN_POINT('',(-6.28318530718,0.));
#2220 = VECTOR('',#2221,1.);
#2221 = DIRECTION('',(-0.,-1.));
#2222 = ( GEOMETRIC_REPRESENTATION_CONTEXT(2) 
PARAMETRIC_REPRESENTATION_CONTEXT() REPRESENTATION_CONTEXT('2D SPACE',''
  ) );
#2223 = PCURVE('',#1774,#2224);
#2224 = DEFINITIONAL_REPRESENTATION('',(#2225),#2229);
#2225 = LINE('',#2226,#2227);
#2226 = CARTESIAN_POINT('',(0.,-0.));
#2227 = VECTOR('',#2228,1.);
#2228 = DIRECTION('',(-0.,-1.));
#2229 = ( GEOMETRIC_REPRESENTATION_CONTEXT(2) 
PARAMETRIC_REPRESENTATION_CONTEXT() REPRESENTATION_CONTEXT('2D SPACE',''
  ) );
#2230 = ORIENTED_EDGE('',*,*,#2231,.T.);
#2231 = EDGE_CURVE('',#2209,#2209,#2232,.T.);
#2232 = SURFACE_CURVE('',#2233,(#2238,#2245),.PCURVE_S1.);
#2233 = CIRCLE('',#2234,6.9);
#2234 = AXIS2_PLACEMENT_3D('',#2235,#2236,#2237);
#2235 = CARTESIAN_POINT('',(67.5,-6.,63.5));
#2236 = DIRECTION('',(0.,1.,0.));
#2237 = DIRECTION('',(0.,-0.,1.));
#2238 = PCURVE('',#1774,#2239);
#2239 = DEFINITIONAL_REPRESENTATION('',(#2240),#2244);
#2240 = LINE('',#2241,#2242);
#2241 = CARTESIAN_POINT('',(-0.,-0.));
#2242 = VECTOR('',#2243,1.);
#2243 = DIRECTION('',(-1.,-0.));
#2244 = ( GEOMETRIC_REPRESENTATION_CONTEXT(2) 
PARAMETRIC_REPRESENTATION_CONTEXT() REPRESENTATION_CONTEXT('2D SPACE',''
  ) );
#2245 = PCURVE('',#2246,#2251);
#2246 = PLANE('',#2247);
#2247 = AXIS2_PLACEMENT_3D('',#2248,#2249,#2250);
#2248 = CARTESIAN_POINT('',(67.5,-6.,63.5));
#2249 = DIRECTION('',(0.,1.,0.));
#2250 = DIRECTION('',(0.,-0.,1.));
#2251 = DEFINITIONAL_REPRESENTATION('',(#2252),#2256);
#2252 = CIRCLE('',#2253,6.9);
#2253 = AXIS2_PLACEMENT_2D('',#2254,#2255);
#2254 = CARTESIAN_POINT('',(0.,0.));
#2255 = DIRECTION('',(1.,0.));
#2256 = ( GEOMETRIC_REPRESENTATION_CONTEXT(2) 
PARAMETRIC_REPRESENTATION_CONTEXT() REPRESENTATION_CONTEXT('2D SPACE',''
  ) );
#2257 = ORIENTED_EDGE('',*,*,#2208,.T.);
#2258 = ADVANCED_FACE('',(#2259),#1831,.T.);
#2259 = FACE_BOUND('',#2260,.T.);
#2260 = EDGE_LOOP('',(#2261,#2262,#2285,#2312));
#2261 = ORIENTED_EDGE('',*,*,#1814,.F.);
#2262 = ORIENTED_EDGE('',*,*,#2263,.F.);
#2263 = EDGE_CURVE('',#2264,#1815,#2266,.T.);
#2264 = VERTEX_POINT('',#2265);
#2265 = CARTESIAN_POINT('',(112.5,-6.,70.4));
#2266 = SEAM_CURVE('',#2267,(#2271,#2278),.PCURVE_S1.);
#2267 = LINE('',#2268,#2269);
#2268 = CARTESIAN_POINT('',(112.5,-6.,70.4));
#2269 = VECTOR('',#2270,1.);
#2270 = DIRECTION('',(1.731912112471E-16,0.707106781187,-0.707106781187)
  );
#2271 = PCURVE('',#1831,#2272);
#2272 = DEFINITIONAL_REPRESENTATION('',(#2273),#2277);
#2273 = LINE('',#2274,#2275);
#2274 = CARTESIAN_POINT('',(-6.28318530718,0.));
#2275 = VECTOR('',#2276,1.);
#2276 = DIRECTION('',(-0.,-1.));
#2277 = ( GEOMETRIC_REPRESENTATION_CONTEXT(2) 
PARAMETRIC_REPRESENTATION_CONTEXT() REPRESENTATION_CONTEXT('2D SPACE',''
  ) );
#2278 = PCURVE('',#1831,#2279);
#2279 = DEFINITIONAL_REPRESENTATION('',(#2280),#2284);
#2280 = LINE('',#2281,#2282);
#2281 = CARTESIAN_POINT('',(0.,-0.));
#2282 = VECTOR('',#2283,1.);
#2283 = DIRECTION('',(-0.,-1.));
#2284 = ( GEOMETRIC_REPRESENTATION_CONTEXT(2) 
PARAMETRIC_REPRESENTATION_CONTEXT() REPRESENTATION_CONTEXT('2D SPACE',''
  ) );
#2285 = ORIENTED_EDGE('',*,*,#2286,.T.);
#2286 = EDGE_CURVE('',#2264,#2264,#2287,.T.);
#2287 = SURFACE_CURVE('',#2288,(#2293,#2300),.PCURVE_S1.);
#2288 = CIRCLE('',#2289,6.9);
#2289 = AXIS2_PLACEMENT_3D('',#2290,#2291,#2292);
#2290 = CARTESIAN_POINT('',(112.5,-6.,63.5));
#2291 = DIRECTION('',(0.,1.,0.));
#2292 = DIRECTION('',(0.,-0.,1.));
#2293 = PCURVE('',#1831,#2294);
#2294 = DEFINITIONAL_REPRESENTATION('',(#2295),#2299);
#2295 = LINE('',#2296,#2297);
#2296 = CARTESIAN_POINT('',(-0.,-0.));
#2297 = VECTOR('',#2298,1.);
#2298 = DIRECTION('',(-1.,-0.));
#2299 = ( GEOMETRIC_REPRESENTATION_CONTEXT(2) 
PARAMETRIC_REPRESENTATION_CONTEXT() REPRESENTATION_CONTEXT('2D SPACE',''
  ) );
#2300 = PCURVE('',#2301,#2306);
#2301 = PLANE('',#2302);
#2302 = AXIS2_PLACEMENT_3D('',#2303,#2304,#2305);
#2303 = CARTESIAN_POINT('',(112.5,-6.,63.5));
#2304 = DIRECTION('',(0.,1.,0.));
#2305 = DIRECTION('',(0.,-0.,1.));
#2306 = DEFINITIONAL_REPRESENTATION('',(#2307),#2311);
#2307 = CIRCLE('',#2308,6.9);
#2308 = AXIS2_PLACEMENT_2D('',#2309,#2310);
#2309 = CARTESIAN_POINT('',(0.,0.));
#2310 = DIRECTION('',(1.,0.));
#2311 = ( GEOMETRIC_REPRESENTATION_CONTEXT(2) 
PARAMETRIC_REPRESENTATION_CONTEXT() REPRESENTATION_CONTEXT('2D SPACE',''
  ) );
#2312 = ORIENTED_EDGE('',*,*,#2263,.T.);
#2313 = ADVANCED_FACE('',(#2314),#1888,.T.);
#2314 = FACE_BOUND('',#2315,.T.);
#2315 = EDGE_LOOP('',(#2316,#2317,#2340,#2367));
#2316 = ORIENTED_EDGE('',*,*,#1871,.F.);
#2317 = ORIENTED_EDGE('',*,*,#2318,.F.);
#2318 = EDGE_CURVE('',#2319,#1872,#2321,.T.);
#2319 = VERTEX_POINT('',#2320);
#2320 = CARTESIAN_POINT('',(157.5,-6.,70.4));
#2321 = SEAM_CURVE('',#2322,(#2326,#2333),.PCURVE_S1.);
#2322 = LINE('',#2323,#2324);
#2323 = CARTESIAN_POINT('',(157.5,-6.,70.4));
#2324 = VECTOR('',#2325,1.);
#2325 = DIRECTION('',(1.731912112471E-16,0.707106781187,-0.707106781187)
  );
#2326 = PCURVE('',#1888,#2327);
#2327 = DEFINITIONAL_REPRESENTATION('',(#2328),#2332);
#2328 = LINE('',#2329,#2330);
#2329 = CARTESIAN_POINT('',(-6.28318530718,0.));
#2330 = VECTOR('',#2331,1.);
#2331 = DIRECTION('',(-0.,-1.));
#2332 = ( GEOMETRIC_REPRESENTATION_CONTEXT(2) 
PARAMETRIC_REPRESENTATION_CONTEXT() REPRESENTATION_CONTEXT('2D SPACE',''
  ) );
#2333 = PCURVE('',#1888,#2334);
#2334 = DEFINITIONAL_REPRESENTATION('',(#2335),#2339);
#2335 = LINE('',#2336,#2337);
#2336 = CARTESIAN_POINT('',(0.,-0.));
#2337 = VECTOR('',#2338,1.);
#2338 = DIRECTION('',(-0.,-1.));
#2339 = ( GEOMETRIC_REPRESENTATION_CONTEXT(2) 
PARAMETRIC_REPRESENTATION_CONTEXT() REPRESENTATION_CONTEXT('2D SPACE',''
  ) );
#2340 = ORIENTED_EDGE('',*,*,#2341,.T.);
#2341 = EDGE_CURVE('',#2319,#2319,#2342,.T.);
#2342 = SURFACE_CURVE('',#2343,(#2348,#2355),.PCURVE_S1.);
#2343 = CIRCLE('',#2344,6.9);
#2344 = AXIS2_PLACEMENT_3D('',#2345,#2346,#2347);
#2345 = CARTESIAN_POINT('',(157.5,-6.,63.5));
#2346 = DIRECTION('',(0.,1.,0.));
#2347 = DIRECTION('',(0.,-0.,1.));
#2348 = PCURVE('',#1888,#2349);
#2349 = DEFINITIONAL_REPRESENTATION('',(#2350),#2354);
#2350 = LINE('',#2351,#2352);
#2351 = CARTESIAN_POINT('',(-0.,-0.));
#2352 = VECTOR('',#2353,1.);
#2353 = DIRECTION('',(-1.,-0.));
#2354 = ( GEOMETRIC_REPRESENTATION_CONTEXT(2) 
PARAMETRIC_REPRESENTATION_CONTEXT() REPRESENTATION_CONTEXT('2D SPACE',''
  ) );
#2355 = PCURVE('',#2356,#2361);
#2356 = PLANE('',#2357);
#2357 = AXIS2_PLACEMENT_3D('',#2358,#2359,#2360);
#2358 = CARTESIAN_POINT('',(157.5,-6.,63.5));
#2359 = DIRECTION('',(0.,1.,0.));
#2360 = DIRECTION('',(0.,-0.,1.));
#2361 = DEFINITIONAL_REPRESENTATION('',(#2362),#2366);
#2362 = CIRCLE('',#2363,6.9);
#2363 = AXIS2_PLACEMENT_2D('',#2364,#2365);
#2364 = CARTESIAN_POINT('',(0.,0.));
#2365 = DIRECTION('',(1.,0.));
#2366 = ( GEOMETRIC_REPRESENTATION_CONTEXT(2) 
PARAMETRIC_REPRESENTATION_CONTEXT() REPRESENTATION_CONTEXT('2D SPACE',''
  ) );
#2367 = ORIENTED_EDGE('',*,*,#2318,.T.);
#2368 = ADVANCED_FACE('',(#2369),#1971,.F.);
#2369 = FACE_BOUND('',#2370,.F.);
#2370 = EDGE_LOOP('',(#2371));
#2371 = ORIENTED_EDGE('',*,*,#1956,.T.);
#2372 = ADVANCED_FACE('',(#2373),#2026,.F.);
#2373 = FACE_BOUND('',#2374,.F.);
#2374 = EDGE_LOOP('',(#2375));
#2375 = ORIENTED_EDGE('',*,*,#2011,.T.);
#2376 = ADVANCED_FACE('',(#2377),#2081,.F.);
#2377 = FACE_BOUND('',#2378,.F.);
#2378 = EDGE_LOOP('',(#2379));
#2379 = ORIENTED_EDGE('',*,*,#2066,.T.);
#2380 = ADVANCED_FACE('',(#2381),#2136,.F.);
#2381 = FACE_BOUND('',#2382,.F.);
#2382 = EDGE_LOOP('',(#2383));
#2383 = ORIENTED_EDGE('',*,*,#2121,.T.);
#2384 = ADVANCED_FACE('',(#2385),#2191,.F.);
#2385 = FACE_BOUND('',#2386,.F.);
#2386 = EDGE_LOOP('',(#2387));
#2387 = ORIENTED_EDGE('',*,*,#2176,.T.);
#2388 = ADVANCED_FACE('',(#2389),#2246,.F.);
#2389 = FACE_BOUND('',#2390,.F.);
#2390 = EDGE_LOOP('',(#2391));
#2391 = ORIENTED_EDGE('',*,*,#2231,.T.);
#2392 = ADVANCED_FACE('',(#2393),#2301,.F.);
#2393 = FACE_BOUND('',#2394,.F.);
#2394 = EDGE_LOOP('',(#2395));
#2395 = ORIENTED_EDGE('',*,*,#2286,.T.);
#2396 = ADVANCED_FACE('',(#2397),#2356,.F.);
#2397 = FACE_BOUND('',#2398,.F.);
#2398 = EDGE_LOOP('',(#2399));
#2399 = ORIENTED_EDGE('',*,*,#2341,.T.);
#2400 = ( GEOMETRIC_REPRESENTATION_CONTEXT(3) 
GLOBAL_UNCERTAINTY_ASSIGNED_CONTEXT((#2404)) 
GLOBAL_UNIT_ASSIGNED_CONTEXT((#2401,#2402,#2403)) REPRESENTATION_CONTEXT
('Context #1','3D Context with UNIT and UNCERTAINTY') );
#2401 = ( LENGTH_UNIT() NAMED_UNIT(*) SI_UNIT(.MILLI.,.METRE.) );
#2402 = ( NAMED_UNIT(*) PLANE_ANGLE_UNIT() SI_UNIT($,.RADIAN.) );
#2403 = ( NAMED_UNIT(*) SI_UNIT($,.STERADIAN.) SOLID_ANGLE_UNIT() );
#2404 = UNCERTAINTY_MEASURE_WITH_UNIT(LENGTH_MEASURE(1.E-07),#2401,
  'distance_accuracy_value','confusion accuracy');
#2405 = PRODUCT_RELATED_PRODUCT_CATEGORY('part',$,(#7));
ENDSEC;
END-ISO-10303-21;
