ISO-10303-21;
HEADER;
FILE_DESCRIPTION(('Open CASCADE Model'),'2;1');
FILE_NAME('Open CASCADE Shape Model','2026-09-15T22:54:06',('Author'),(
    'Open CASCADE'),'Open CASCADE STEP processor 7.9','Open CASCADE 7.9'
  ,'Unknown');
FILE_SCHEMA(('AUTOMOTIVE_DESIGN { 1 0 10303 214 1 1 1 1 }'));
ENDSEC;
DATA;
#1 = APPLICATION_PROTOCOL_DEFINITION('international standard',
  'automotive_design',2000,#2);
#2 = APPLICATION_CONTEXT(
  'core data for automotive mechanical design processes');
#3 = SHAPE_DEFINITION_REPRESENTATION(#4,#10);
#4 = PRODUCT_DEFINITION_SHAPE('','',#5);
#5 = PRODUCT_DEFINITION('design','',#6,#9);
#6 = PRODUCT_DEFINITION_FORMATION('','',#7);
#7 = PRODUCT('Open CASCADE STEP translator 7.9 2',
  'Open CASCADE STEP translator 7.9 2','',(#8));
#8 = PRODUCT_CONTEXT('',#2,'mechanical');
#9 = PRODUCT_DEFINITION_CONTEXT('part definition',#2,'design');
#10 = ADVANCED_BREP_SHAPE_REPRESENTATION('',(#11,#15),#3494);
#11 = AXIS2_PLACEMENT_3D('',#12,#13,#14);
#12 = CARTESIAN_POINT('',(0.,0.,0.));
#13 = DIRECTION('',(0.,0.,1.));
#14 = DIRECTION('',(1.,0.,-0.));
#15 = MANIFOLD_SOLID_BREP('',#16);
#16 = CLOSED_SHELL('',(#17,#54,#109,#245,#375,#500,#1863,#1918,#1973,
    #2103,#2228,#2285,#2342,#2399,#2456,#2513,#2570,#2627,#2684,#2688,
    #2723,#2805,#2860,#2915,#2970,#3025,#3080,#3135,#3190,#3245,#3300,
    #3355,#3359,#3415,#3419,#3454,#3458,#3462,#3466,#3470,#3474,#3478,
    #3482,#3486,#3490));
#17 = ADVANCED_FACE('',(#18),#31,.F.);
#18 = FACE_BOUND('',#19,.F.);
#19 = EDGE_LOOP('',(#20));
#20 = ORIENTED_EDGE('',*,*,#21,.T.);
#21 = EDGE_CURVE('',#22,#22,#24,.T.);
#22 = VERTEX_POINT('',#23);
#23 = CARTESIAN_POINT('',(-205.,20.,30.4));
#24 = SURFACE_CURVE('',#25,(#30,#42),.PCURVE_S1.);
#25 = CIRCLE('',#26,6.9);
#26 = AXIS2_PLACEMENT_3D('',#27,#28,#29);
#27 = CARTESIAN_POINT('',(-205.,20.,23.5));
#28 = DIRECTION('',(1.,0.,0.));
#29 = DIRECTION('',(-0.,0.,1.));
#30 = PCURVE('',#31,#36);
#31 = PLANE('',#32);
#32 = AXIS2_PLACEMENT_3D('',#33,#34,#35);
#33 = CARTESIAN_POINT('',(-205.,20.,23.5));
#34 = DIRECTION('',(1.,0.,0.));
#35 = DIRECTION('',(-0.,0.,1.));
#36 = DEFINITIONAL_REPRESENTATION('',(#37),#41);
#37 = CIRCLE('',#38,6.9);
#38 = AXIS2_PLACEMENT_2D('',#39,#40);
#39 = CARTESIAN_POINT('',(0.,0.));
#40 = DIRECTION('',(1.,0.));
#41 = ( GEOMETRIC_REPRESENTATION_CONTEXT(2) 
PARAMETRIC_REPRESENTATION_CONTEXT() REPRESENTATION_CONTEXT('2D SPACE',''
  ) );
#42 = PCURVE('',#43,#48);
#43 = CONICAL_SURFACE('',#44,6.9,0.785398163397);
#44 = AXIS2_PLACEMENT_3D('',#45,#46,#47);
#45 = CARTESIAN_POINT('',(-205.,20.,23.5));
#46 = DIRECTION('',(-1.,-0.,-0.));
#47 = DIRECTION('',(-0.,0.,1.));
#48 = DEFINITIONAL_REPRESENTATION('',(#49),#53);
#49 = LINE('',#50,#51);
#50 = CARTESIAN_POINT('',(6.28318530718,-8.881784197001E-16));
#51 = VECTOR('',#52,1.);
#52 = DIRECTION('',(-1.,0.));
#53 = ( GEOMETRIC_REPRESENTATION_CONTEXT(2) 
PARAMETRIC_REPRESENTATION_CONTEXT() REPRESENTATION_CONTEXT('2D SPACE',''
  ) );
#54 = ADVANCED_FACE('',(#55),#43,.T.);
#55 = FACE_BOUND('',#56,.T.);
#56 = EDGE_LOOP('',(#57,#86,#107,#108));
#57 = ORIENTED_EDGE('',*,*,#58,.F.);
#58 = EDGE_CURVE('',#59,#59,#61,.T.);
#59 = VERTEX_POINT('',#60);
#60 = CARTESIAN_POINT('',(-204.,20.,29.4));
#61 = SURFACE_CURVE('',#62,(#67,#74),.PCURVE_S1.);
#62 = CIRCLE('',#63,5.9);
#63 = AXIS2_PLACEMENT_3D('',#64,#65,#66);
#64 = CARTESIAN_POINT('',(-204.,20.,23.5));
#65 = DIRECTION('',(1.,0.,0.));
#66 = DIRECTION('',(-0.,0.,1.));
#67 = PCURVE('',#43,#68);
#68 = DEFINITIONAL_REPRESENTATION('',(#69),#73);
#69 = LINE('',#70,#71);
#70 = CARTESIAN_POINT('',(6.28318530718,-1.));
#71 = VECTOR('',#72,1.);
#72 = DIRECTION('',(-1.,0.));
#73 = ( GEOMETRIC_REPRESENTATION_CONTEXT(2) 
PARAMETRIC_REPRESENTATION_CONTEXT() REPRESENTATION_CONTEXT('2D SPACE',''
  ) );
#74 = PCURVE('',#75,#80);
#75 = CYLINDRICAL_SURFACE('',#76,5.9);
#76 = AXIS2_PLACEMENT_3D('',#77,#78,#79);
#77 = CARTESIAN_POINT('',(-205.,20.,23.5));
#78 = DIRECTION('',(1.,0.,0.));
#79 = DIRECTION('',(-0.,0.,1.));
#80 = DEFINITIONAL_REPRESENTATION('',(#81),#85);
#81 = LINE('',#82,#83);
#82 = CARTESIAN_POINT('',(0.,1.));
#83 = VECTOR('',#84,1.);
#84 = DIRECTION('',(1.,0.));
#85 = ( GEOMETRIC_REPRESENTATION_CONTEXT(2) 
PARAMETRIC_REPRESENTATION_CONTEXT() REPRESENTATION_CONTEXT('2D SPACE',''
  ) );
#86 = ORIENTED_EDGE('',*,*,#87,.F.);
#87 = EDGE_CURVE('',#22,#59,#88,.T.);
#88 = SEAM_CURVE('',#89,(#93,#100),.PCURVE_S1.);
#89 = LINE('',#90,#91);
#90 = CARTESIAN_POINT('',(-205.,20.,30.4));
#91 = VECTOR('',#92,1.);
#92 = DIRECTION('',(0.707106781187,-1.73191211247E-16,-0.707106781187));
#93 = PCURVE('',#43,#94);
#94 = DEFINITIONAL_REPRESENTATION('',(#95),#99);
#95 = LINE('',#96,#97);
#96 = CARTESIAN_POINT('',(6.28318530718,0.));
#97 = VECTOR('',#98,1.);
#98 = DIRECTION('',(-0.,-1.));
#99 = ( GEOMETRIC_REPRESENTATION_CONTEXT(2) 
PARAMETRIC_REPRESENTATION_CONTEXT() REPRESENTATION_CONTEXT('2D SPACE',''
  ) );
#100 = PCURVE('',#43,#101);
#101 = DEFINITIONAL_REPRESENTATION('',(#102),#106);
#102 = LINE('',#103,#104);
#103 = CARTESIAN_POINT('',(-4.138911435803E-13,0.));
#104 = VECTOR('',#105,1.);
#105 = DIRECTION('',(-0.,-1.));
#106 = ( GEOMETRIC_REPRESENTATION_CONTEXT(2) 
PARAMETRIC_REPRESENTATION_CONTEXT() REPRESENTATION_CONTEXT('2D SPACE',''
  ) );
#107 = ORIENTED_EDGE('',*,*,#21,.T.);
#108 = ORIENTED_EDGE('',*,*,#87,.T.);
#109 = ADVANCED_FACE('',(#110),#75,.T.);
#110 = FACE_BOUND('',#111,.T.);
#111 = EDGE_LOOP('',(#112,#113,#136,#191,#244));
#112 = ORIENTED_EDGE('',*,*,#58,.T.);
#113 = ORIENTED_EDGE('',*,*,#114,.T.);
#114 = EDGE_CURVE('',#59,#115,#117,.T.);
#115 = VERTEX_POINT('',#116);
#116 = CARTESIAN_POINT('',(-180.,20.,29.4));
#117 = SEAM_CURVE('',#118,(#122,#129),.PCURVE_S1.);
#118 = LINE('',#119,#120);
#119 = CARTESIAN_POINT('',(-205.,20.,29.4));
#120 = VECTOR('',#121,1.);
#121 = DIRECTION('',(1.,0.,0.));
#122 = PCURVE('',#75,#123);
#123 = DEFINITIONAL_REPRESENTATION('',(#124),#128);
#124 = LINE('',#125,#126);
#125 = CARTESIAN_POINT('',(0.,0.));
#126 = VECTOR('',#127,1.);
#127 = DIRECTION('',(0.,1.));
#128 = ( GEOMETRIC_REPRESENTATION_CONTEXT(2) 
PARAMETRIC_REPRESENTATION_CONTEXT() REPRESENTATION_CONTEXT('2D SPACE',''
  ) );
#129 = PCURVE('',#75,#130);
#130 = DEFINITIONAL_REPRESENTATION('',(#131),#135);
#131 = LINE('',#132,#133);
#132 = CARTESIAN_POINT('',(6.28318530718,0.));
#133 = VECTOR('',#134,1.);
#134 = DIRECTION('',(0.,1.));
#135 = ( GEOMETRIC_REPRESENTATION_CONTEXT(2) 
PARAMETRIC_REPRESENTATION_CONTEXT() REPRESENTATION_CONTEXT('2D SPACE',''
  ) );
#136 = ORIENTED_EDGE('',*,*,#137,.F.);
#137 = EDGE_CURVE('',#138,#115,#140,.T.);
#138 = VERTEX_POINT('',#139);
#139 = CARTESIAN_POINT('',(-179.9999998627,20.,17.6));
#140 = SURFACE_CURVE('',#141,(#146,#166),.PCURVE_S1.);
#141 = ELLIPSE('',#142,8.343860018001,5.9);
#142 = AXIS2_PLACEMENT_3D('',#143,#144,#145);
#143 = CARTESIAN_POINT('',(-180.,20.,23.5));
#144 = DIRECTION('',(0.707106781187,0.707106781187,0.));
#145 = DIRECTION('',(0.707106781187,-0.707106781187,0.));
#146 = PCURVE('',#75,#147);
#147 = DEFINITIONAL_REPRESENTATION('',(#148),#165);
#148 = B_SPLINE_CURVE_WITH_KNOTS('',8,(#149,#150,#151,#152,#153,#154,
    #155,#156,#157,#158,#159,#160,#161,#162,#163,#164),.UNSPECIFIED.,.F.
  ,.F.,(9,7,9),(1.570796230768,3.141592605576,4.712388980385),
  .UNSPECIFIED.);
#149 = CARTESIAN_POINT('',(3.141592557563,25.00000056656));
#150 = CARTESIAN_POINT('',(3.337942104414,23.841538240139));
#151 = CARTESIAN_POINT('',(3.534291651265,22.6830756137));
#152 = CARTESIAN_POINT('',(3.730641198122,21.592672150452));
#153 = CARTESIAN_POINT('',(3.926990744968,20.638373673746));
#154 = CARTESIAN_POINT('',(4.123340291824,19.879873737802));
#155 = CARTESIAN_POINT('',(4.319689838668,19.359958705455));
#156 = CARTESIAN_POINT('',(4.51603938552,19.100000055622));
#157 = CARTESIAN_POINT('',(4.908738479222,19.099999944378));
#158 = CARTESIAN_POINT('',(5.105088026074,19.359958482955));
#159 = CARTESIAN_POINT('',(5.301437572924,19.879873410676));
#160 = CARTESIAN_POINT('',(5.497787119778,20.638373254846));
#161 = CARTESIAN_POINT('',(5.694136666627,21.592671658875));
#162 = CARTESIAN_POINT('',(5.890486213478,22.683075072084));
#163 = CARTESIAN_POINT('',(6.086835760329,23.841537673579));
#164 = CARTESIAN_POINT('',(6.28318530718,25.));
#165 = ( GEOMETRIC_REPRESENTATION_CONTEXT(2) 
PARAMETRIC_REPRESENTATION_CONTEXT() REPRESENTATION_CONTEXT('2D SPACE',''
  ) );
#166 = PCURVE('',#167,#172);
#167 = CYLINDRICAL_SURFACE('',#168,5.9);
#168 = AXIS2_PLACEMENT_3D('',#169,#170,#171);
#169 = CARTESIAN_POINT('',(-180.,40.,23.5));
#170 = DIRECTION('',(0.,-1.,0.));
#171 = DIRECTION('',(0.,-0.,-1.));
#172 = DEFINITIONAL_REPRESENTATION('',(#173),#190);
#173 = B_SPLINE_CURVE_WITH_KNOTS('',8,(#174,#175,#176,#177,#178,#179,
    #180,#181,#182,#183,#184,#185,#186,#187,#188,#189),.UNSPECIFIED.,.F.
  ,.F.,(9,7,9),(1.570796230768,3.141592605576,4.712388980385),
  .UNSPECIFIED.);
#174 = CARTESIAN_POINT('',(6.283185403207,20.00000056656));
#175 = CARTESIAN_POINT('',(6.086835856356,18.841538240139));
#176 = CARTESIAN_POINT('',(5.890486309505,17.683075613686));
#177 = CARTESIAN_POINT('',(5.694136762654,16.592672150553));
#178 = CARTESIAN_POINT('',(5.497787215804,15.638373673674));
#179 = CARTESIAN_POINT('',(5.301437668953,14.879873737876));
#180 = CARTESIAN_POINT('',(5.105088122101,14.359958705441));
#181 = CARTESIAN_POINT('',(4.908738575249,14.100000055622));
#182 = CARTESIAN_POINT('',(4.516039481547,14.099999944378));
#183 = CARTESIAN_POINT('',(4.319689934696,14.359958482953));
#184 = CARTESIAN_POINT('',(4.123340387845,14.879873410714));
#185 = CARTESIAN_POINT('',(3.926990841,15.638373254841));
#186 = CARTESIAN_POINT('',(3.730641294144,16.592671658888));
#187 = CARTESIAN_POINT('',(3.534291747292,17.683075072086));
#188 = CARTESIAN_POINT('',(3.337942200441,18.841537673579));
#189 = CARTESIAN_POINT('',(3.14159265359,20.));
#190 = ( GEOMETRIC_REPRESENTATION_CONTEXT(2) 
PARAMETRIC_REPRESENTATION_CONTEXT() REPRESENTATION_CONTEXT('2D SPACE',''
  ) );
#191 = ORIENTED_EDGE('',*,*,#192,.F.);
#192 = EDGE_CURVE('',#115,#138,#193,.T.);
#193 = SURFACE_CURVE('',#194,(#199,#219),.PCURVE_S1.);
#194 = ELLIPSE('',#195,8.343860018001,5.9);
#195 = AXIS2_PLACEMENT_3D('',#196,#197,#198);
#196 = CARTESIAN_POINT('',(-180.,20.,23.5));
#197 = DIRECTION('',(0.707106781187,-0.707106781187,0.));
#198 = DIRECTION('',(0.707106781187,0.707106781187,0.));
#199 = PCURVE('',#75,#200);
#200 = DEFINITIONAL_REPRESENTATION('',(#201),#218);
#201 = B_SPLINE_CURVE_WITH_KNOTS('',8,(#202,#203,#204,#205,#206,#207,
    #208,#209,#210,#211,#212,#213,#214,#215,#216,#217),.UNSPECIFIED.,.F.
  ,.F.,(9,7,9),(1.570796326795,3.141592615682,4.712389000597),
  .UNSPECIFIED.);
#202 = CARTESIAN_POINT('',(-7.83692249533E-15,25.));
#203 = CARTESIAN_POINT('',(0.196349535202,23.841537742309));
#204 = CARTESIAN_POINT('',(0.392699070403,22.683075209551));
#205 = CARTESIAN_POINT('',(0.589048605604,21.592671852923));
#206 = CARTESIAN_POINT('',(0.785398140806,20.638373481366));
#207 = CARTESIAN_POINT('',(0.981747676009,19.879873635665));
#208 = CARTESIAN_POINT('',(1.178097211211,19.359958668028));
#209 = CARTESIAN_POINT('',(1.374446746413,19.100000052339));
#210 = CARTESIAN_POINT('',(1.767145828821,19.099999947661));
#211 = CARTESIAN_POINT('',(1.963495376025,19.359958490454));
#212 = CARTESIAN_POINT('',(2.15984492323,19.87987342317));
#213 = CARTESIAN_POINT('',(2.356194470441,20.63837327264));
#214 = CARTESIAN_POINT('',(2.55254401764,21.592671681991));
#215 = CARTESIAN_POINT('',(2.748893564846,22.683075099867));
#216 = CARTESIAN_POINT('',(2.945243112052,23.841537704929));
#217 = CARTESIAN_POINT('',(3.141592659258,25.00000003344));
#218 = ( GEOMETRIC_REPRESENTATION_CONTEXT(2) 
PARAMETRIC_REPRESENTATION_CONTEXT() REPRESENTATION_CONTEXT('2D SPACE',''
  ) );
#219 = PCURVE('',#220,#225);
#220 = CYLINDRICAL_SURFACE('',#221,5.9);
#221 = AXIS2_PLACEMENT_3D('',#222,#223,#224);
#222 = CARTESIAN_POINT('',(-180.,-3.,23.5));
#223 = DIRECTION('',(0.,1.,0.));
#224 = DIRECTION('',(0.,-0.,1.));
#225 = DEFINITIONAL_REPRESENTATION('',(#226),#243);
#226 = B_SPLINE_CURVE_WITH_KNOTS('',8,(#227,#228,#229,#230,#231,#232,
    #233,#234,#235,#236,#237,#238,#239,#240,#241,#242),.UNSPECIFIED.,.F.
  ,.F.,(9,7,9),(1.570796326795,3.141592615682,4.712389000597),
  .UNSPECIFIED.);
#227 = CARTESIAN_POINT('',(6.28318530718,22.999999999999));
#228 = CARTESIAN_POINT('',(6.086835771977,21.841537742308));
#229 = CARTESIAN_POINT('',(5.890486236777,20.683075209567));
#230 = CARTESIAN_POINT('',(5.694136701573,19.592671852909));
#231 = CARTESIAN_POINT('',(5.497787166375,18.638373481439));
#232 = CARTESIAN_POINT('',(5.301437631169,17.87987363564));
#233 = CARTESIAN_POINT('',(5.105088095969,17.359958668044));
#234 = CARTESIAN_POINT('',(4.908738560767,17.100000052339));
#235 = CARTESIAN_POINT('',(4.516039478359,17.099999947661));
#236 = CARTESIAN_POINT('',(4.319689931151,17.359958490476));
#237 = CARTESIAN_POINT('',(4.123340383967,17.879873423107));
#238 = CARTESIAN_POINT('',(3.926990836727,18.638373272751));
#239 = CARTESIAN_POINT('',(3.730641289554,19.59267168195));
#240 = CARTESIAN_POINT('',(3.53429174233,20.683075099895));
#241 = CARTESIAN_POINT('',(3.337942195127,21.841537704929));
#242 = CARTESIAN_POINT('',(3.141592647922,23.00000003344));
#243 = ( GEOMETRIC_REPRESENTATION_CONTEXT(2) 
PARAMETRIC_REPRESENTATION_CONTEXT() REPRESENTATION_CONTEXT('2D SPACE',''
  ) );
#244 = ORIENTED_EDGE('',*,*,#114,.F.);
#245 = ADVANCED_FACE('',(#246),#220,.T.);
#246 = FACE_BOUND('',#247,.T.);
#247 = EDGE_LOOP('',(#248,#271,#298,#299,#300,#341));
#248 = ORIENTED_EDGE('',*,*,#249,.F.);
#249 = EDGE_CURVE('',#250,#115,#252,.T.);
#250 = VERTEX_POINT('',#251);
#251 = CARTESIAN_POINT('',(-180.,-2.,29.4));
#252 = SEAM_CURVE('',#253,(#257,#264),.PCURVE_S1.);
#253 = LINE('',#254,#255);
#254 = CARTESIAN_POINT('',(-180.,-3.,29.4));
#255 = VECTOR('',#256,1.);
#256 = DIRECTION('',(0.,1.,0.));
#257 = PCURVE('',#220,#258);
#258 = DEFINITIONAL_REPRESENTATION('',(#259),#263);
#259 = LINE('',#260,#261);
#260 = CARTESIAN_POINT('',(4.138911435803E-13,0.));
#261 = VECTOR('',#262,1.);
#262 = DIRECTION('',(0.,1.));
#263 = ( GEOMETRIC_REPRESENTATION_CONTEXT(2) 
PARAMETRIC_REPRESENTATION_CONTEXT() REPRESENTATION_CONTEXT('2D SPACE',''
  ) );
#264 = PCURVE('',#220,#265);
#265 = DEFINITIONAL_REPRESENTATION('',(#266),#270);
#266 = LINE('',#267,#268);
#267 = CARTESIAN_POINT('',(6.28318530718,0.));
#268 = VECTOR('',#269,1.);
#269 = DIRECTION('',(0.,1.));
#270 = ( GEOMETRIC_REPRESENTATION_CONTEXT(2) 
PARAMETRIC_REPRESENTATION_CONTEXT() REPRESENTATION_CONTEXT('2D SPACE',''
  ) );
#271 = ORIENTED_EDGE('',*,*,#272,.T.);
#272 = EDGE_CURVE('',#250,#250,#273,.T.);
#273 = SURFACE_CURVE('',#274,(#279,#286),.PCURVE_S1.);
#274 = CIRCLE('',#275,5.9);
#275 = AXIS2_PLACEMENT_3D('',#276,#277,#278);
#276 = CARTESIAN_POINT('',(-180.,-2.,23.5));
#277 = DIRECTION('',(0.,1.,0.));
#278 = DIRECTION('',(0.,-0.,1.));
#279 = PCURVE('',#220,#280);
#280 = DEFINITIONAL_REPRESENTATION('',(#281),#285);
#281 = LINE('',#282,#283);
#282 = CARTESIAN_POINT('',(0.,1.));
#283 = VECTOR('',#284,1.);
#284 = DIRECTION('',(1.,0.));
#285 = ( GEOMETRIC_REPRESENTATION_CONTEXT(2) 
PARAMETRIC_REPRESENTATION_CONTEXT() REPRESENTATION_CONTEXT('2D SPACE',''
  ) );
#286 = PCURVE('',#287,#292);
#287 = CONICAL_SURFACE('',#288,6.9,0.785398163397);
#288 = AXIS2_PLACEMENT_3D('',#289,#290,#291);
#289 = CARTESIAN_POINT('',(-180.,-3.,23.5));
#290 = DIRECTION('',(-0.,-1.,-0.));
#291 = DIRECTION('',(0.,-0.,1.));
#292 = DEFINITIONAL_REPRESENTATION('',(#293),#297);
#293 = LINE('',#294,#295);
#294 = CARTESIAN_POINT('',(6.28318530718,-1.));
#295 = VECTOR('',#296,1.);
#296 = DIRECTION('',(-1.,0.));
#297 = ( GEOMETRIC_REPRESENTATION_CONTEXT(2) 
PARAMETRIC_REPRESENTATION_CONTEXT() REPRESENTATION_CONTEXT('2D SPACE',''
  ) );
#298 = ORIENTED_EDGE('',*,*,#249,.T.);
#299 = ORIENTED_EDGE('',*,*,#192,.T.);
#300 = ORIENTED_EDGE('',*,*,#301,.F.);
#301 = EDGE_CURVE('',#302,#138,#304,.T.);
#302 = VERTEX_POINT('',#303);
#303 = CARTESIAN_POINT('',(-174.1,14.1,23.5));
#304 = SURFACE_CURVE('',#305,(#310,#323),.PCURVE_S1.);
#305 = ELLIPSE('',#306,8.343860018001,5.9);
#306 = AXIS2_PLACEMENT_3D('',#307,#308,#309);
#307 = CARTESIAN_POINT('',(-180.,20.,23.5));
#308 = DIRECTION('',(0.707106781187,0.707106781187,0.));
#309 = DIRECTION('',(0.707106781187,-0.707106781187,0.));
#310 = PCURVE('',#220,#311);
#311 = DEFINITIONAL_REPRESENTATION('',(#312),#322);
#312 = B_SPLINE_CURVE_WITH_KNOTS('',8,(#313,#314,#315,#316,#317,#318,
    #319,#320,#321),.UNSPECIFIED.,.F.,.F.,(9,9),(0.,1.570796422822),
  .PIECEWISE_BEZIER_KNOTS.);
#313 = CARTESIAN_POINT('',(1.570796326795,17.1));
#314 = CARTESIAN_POINT('',(1.767145879648,17.1));
#315 = CARTESIAN_POINT('',(1.963495432499,17.359958610091));
#316 = CARTESIAN_POINT('',(2.159844985357,17.879873621938));
#317 = CARTESIAN_POINT('',(2.356194538194,18.638373557029));
#318 = CARTESIAN_POINT('',(2.552544091061,19.592672050539));
#319 = CARTESIAN_POINT('',(2.74889364391,20.683075542868));
#320 = CARTESIAN_POINT('',(2.945243196764,21.841538204729));
#321 = CARTESIAN_POINT('',(3.141592749617,23.00000056656));
#322 = ( GEOMETRIC_REPRESENTATION_CONTEXT(2) 
PARAMETRIC_REPRESENTATION_CONTEXT() REPRESENTATION_CONTEXT('2D SPACE',''
  ) );
#323 = PCURVE('',#324,#329);
#324 = CYLINDRICAL_SURFACE('',#325,5.9);
#325 = AXIS2_PLACEMENT_3D('',#326,#327,#328);
#326 = CARTESIAN_POINT('',(-205.,20.,23.5));
#327 = DIRECTION('',(1.,0.,0.));
#328 = DIRECTION('',(-0.,0.,1.));
#329 = DEFINITIONAL_REPRESENTATION('',(#330),#340);
#330 = B_SPLINE_CURVE_WITH_KNOTS('',8,(#331,#332,#333,#334,#335,#336,
    #337,#338,#339),.UNSPECIFIED.,.F.,.F.,(9,9),(0.,1.570796422822),
  .PIECEWISE_BEZIER_KNOTS.);
#331 = CARTESIAN_POINT('',(1.570796326795,30.9));
#332 = CARTESIAN_POINT('',(1.767145879648,30.9));
#333 = CARTESIAN_POINT('',(1.9634954325,30.640041389879));
#334 = CARTESIAN_POINT('',(2.159844985351,30.120126378077));
#335 = CARTESIAN_POINT('',(2.356194538201,29.361626442836));
#336 = CARTESIAN_POINT('',(2.552544091054,28.407327949442));
#337 = CARTESIAN_POINT('',(2.748893643911,27.316924457094));
#338 = CARTESIAN_POINT('',(2.945243196764,26.158461795271));
#339 = CARTESIAN_POINT('',(3.141592749617,24.99999943344));
#340 = ( GEOMETRIC_REPRESENTATION_CONTEXT(2) 
PARAMETRIC_REPRESENTATION_CONTEXT() REPRESENTATION_CONTEXT('2D SPACE',''
  ) );
#341 = ORIENTED_EDGE('',*,*,#342,.F.);
#342 = EDGE_CURVE('',#115,#302,#343,.T.);
#343 = SURFACE_CURVE('',#344,(#349,#362),.PCURVE_S1.);
#344 = ELLIPSE('',#345,8.343860018001,5.9);
#345 = AXIS2_PLACEMENT_3D('',#346,#347,#348);
#346 = CARTESIAN_POINT('',(-180.,20.,23.5));
#347 = DIRECTION('',(0.707106781187,0.707106781187,0.));
#348 = DIRECTION('',(0.707106781187,-0.707106781187,0.));
#349 = PCURVE('',#220,#350);
#350 = DEFINITIONAL_REPRESENTATION('',(#351),#361);
#351 = B_SPLINE_CURVE_WITH_KNOTS('',8,(#352,#353,#354,#355,#356,#357,
    #358,#359,#360),.UNSPECIFIED.,.F.,.F.,(9,9),(4.712388884358,
    6.28318530718),.PIECEWISE_BEZIER_KNOTS.);
#352 = CARTESIAN_POINT('',(-9.602713380019E-08,23.00000056656));
#353 = CARTESIAN_POINT('',(0.196349456826,21.841538204729));
#354 = CARTESIAN_POINT('',(0.392699009677,20.683075542852));
#355 = CARTESIAN_POINT('',(0.589048562533,19.592672050568));
#356 = CARTESIAN_POINT('',(0.785398115379,18.638373556959));
#357 = CARTESIAN_POINT('',(0.981747668238,17.879873621988));
#358 = CARTESIAN_POINT('',(1.178097221088,17.359958610077));
#359 = CARTESIAN_POINT('',(1.374446773942,17.1));
#360 = CARTESIAN_POINT('',(1.570796326795,17.1));
#361 = ( GEOMETRIC_REPRESENTATION_CONTEXT(2) 
PARAMETRIC_REPRESENTATION_CONTEXT() REPRESENTATION_CONTEXT('2D SPACE',''
  ) );
#362 = PCURVE('',#324,#363);
#363 = DEFINITIONAL_REPRESENTATION('',(#364),#374);
#364 = B_SPLINE_CURVE_WITH_KNOTS('',8,(#365,#366,#367,#368,#369,#370,
    #371,#372,#373),.UNSPECIFIED.,.F.,.F.,(9,9),(4.712388884358,
    6.28318530718),.PIECEWISE_BEZIER_KNOTS.);
#365 = CARTESIAN_POINT('',(-9.602713202383E-08,24.99999943344));
#366 = CARTESIAN_POINT('',(0.196349456826,26.158461795271));
#367 = CARTESIAN_POINT('',(0.392699009678,27.316924457105));
#368 = CARTESIAN_POINT('',(0.58904856253,28.407327949433));
#369 = CARTESIAN_POINT('',(0.785398115383,29.361626442908));
#370 = CARTESIAN_POINT('',(0.981747668235,30.120126378007));
#371 = CARTESIAN_POINT('',(1.178097221089,30.640041389889));
#372 = CARTESIAN_POINT('',(1.374446773942,30.9));
#373 = CARTESIAN_POINT('',(1.570796326795,30.9));
#374 = ( GEOMETRIC_REPRESENTATION_CONTEXT(2) 
PARAMETRIC_REPRESENTATION_CONTEXT() REPRESENTATION_CONTEXT('2D SPACE',''
  ) );
#375 = ADVANCED_FACE('',(#376),#167,.T.);
#376 = FACE_BOUND('',#377,.T.);
#377 = EDGE_LOOP('',(#378,#407,#428,#429,#465,#499));
#378 = ORIENTED_EDGE('',*,*,#379,.T.);
#379 = EDGE_CURVE('',#380,#380,#382,.T.);
#380 = VERTEX_POINT('',#381);
#381 = CARTESIAN_POINT('',(-180.,39.,17.6));
#382 = SURFACE_CURVE('',#383,(#388,#395),.PCURVE_S1.);
#383 = CIRCLE('',#384,5.9);
#384 = AXIS2_PLACEMENT_3D('',#385,#386,#387);
#385 = CARTESIAN_POINT('',(-180.,39.,23.5));
#386 = DIRECTION('',(0.,-1.,0.));
#387 = DIRECTION('',(0.,-0.,-1.));
#388 = PCURVE('',#167,#389);
#389 = DEFINITIONAL_REPRESENTATION('',(#390),#394);
#390 = LINE('',#391,#392);
#391 = CARTESIAN_POINT('',(0.,1.));
#392 = VECTOR('',#393,1.);
#393 = DIRECTION('',(1.,0.));
#394 = ( GEOMETRIC_REPRESENTATION_CONTEXT(2) 
PARAMETRIC_REPRESENTATION_CONTEXT() REPRESENTATION_CONTEXT('2D SPACE',''
  ) );
#395 = PCURVE('',#396,#401);
#396 = CONICAL_SURFACE('',#397,6.9,0.785398163397);
#397 = AXIS2_PLACEMENT_3D('',#398,#399,#400);
#398 = CARTESIAN_POINT('',(-180.,40.,23.5));
#399 = DIRECTION('',(-0.,1.,-0.));
#400 = DIRECTION('',(0.,-0.,-1.));
#401 = DEFINITIONAL_REPRESENTATION('',(#402),#406);
#402 = LINE('',#403,#404);
#403 = CARTESIAN_POINT('',(-0.,-1.));
#404 = VECTOR('',#405,1.);
#405 = DIRECTION('',(-1.,-0.));
#406 = ( GEOMETRIC_REPRESENTATION_CONTEXT(2) 
PARAMETRIC_REPRESENTATION_CONTEXT() REPRESENTATION_CONTEXT('2D SPACE',''
  ) );
#407 = ORIENTED_EDGE('',*,*,#408,.T.);
#408 = EDGE_CURVE('',#380,#138,#409,.T.);
#409 = SEAM_CURVE('',#410,(#414,#421),.PCURVE_S1.);
#410 = LINE('',#411,#412);
#411 = CARTESIAN_POINT('',(-180.,40.,17.6));
#412 = VECTOR('',#413,1.);
#413 = DIRECTION('',(0.,-1.,0.));
#414 = PCURVE('',#167,#415);
#415 = DEFINITIONAL_REPRESENTATION('',(#416),#420);
#416 = LINE('',#417,#418);
#417 = CARTESIAN_POINT('',(0.,-0.));
#418 = VECTOR('',#419,1.);
#419 = DIRECTION('',(0.,1.));
#420 = ( GEOMETRIC_REPRESENTATION_CONTEXT(2) 
PARAMETRIC_REPRESENTATION_CONTEXT() REPRESENTATION_CONTEXT('2D SPACE',''
  ) );
#421 = PCURVE('',#167,#422);
#422 = DEFINITIONAL_REPRESENTATION('',(#423),#427);
#423 = LINE('',#424,#425);
#424 = CARTESIAN_POINT('',(6.28318530718,-0.));
#425 = VECTOR('',#426,1.);
#426 = DIRECTION('',(0.,1.));
#427 = ( GEOMETRIC_REPRESENTATION_CONTEXT(2) 
PARAMETRIC_REPRESENTATION_CONTEXT() REPRESENTATION_CONTEXT('2D SPACE',''
  ) );
#428 = ORIENTED_EDGE('',*,*,#137,.T.);
#429 = ORIENTED_EDGE('',*,*,#430,.F.);
#430 = EDGE_CURVE('',#431,#115,#433,.T.);
#431 = VERTEX_POINT('',#432);
#432 = CARTESIAN_POINT('',(-174.1,25.9,23.5));
#433 = SURFACE_CURVE('',#434,(#439,#452),.PCURVE_S1.);
#434 = ELLIPSE('',#435,8.343860018001,5.9);
#435 = AXIS2_PLACEMENT_3D('',#436,#437,#438);
#436 = CARTESIAN_POINT('',(-180.,20.,23.5));
#437 = DIRECTION('',(0.707106781187,-0.707106781187,0.));
#438 = DIRECTION('',(0.707106781187,0.707106781187,0.));
#439 = PCURVE('',#167,#440);
#440 = DEFINITIONAL_REPRESENTATION('',(#441),#451);
#441 = B_SPLINE_CURVE_WITH_KNOTS('',8,(#442,#443,#444,#445,#446,#447,
    #448,#449,#450),.UNSPECIFIED.,.F.,.F.,(9,9),(0.,1.570796326795),
  .PIECEWISE_BEZIER_KNOTS.);
#442 = CARTESIAN_POINT('',(1.570796326795,14.1));
#443 = CARTESIAN_POINT('',(1.767145867644,14.1));
#444 = CARTESIAN_POINT('',(1.963495408492,14.359958578331));
#445 = CARTESIAN_POINT('',(2.159844949343,14.879873526512));
#446 = CARTESIAN_POINT('',(2.356194490183,15.638373371673));
#447 = CARTESIAN_POINT('',(2.55254403104,16.592671758764));
#448 = CARTESIAN_POINT('',(2.748893571889,17.683075142934));
#449 = CARTESIAN_POINT('',(2.94524311274,18.841537708989));
#450 = CARTESIAN_POINT('',(3.14159265359,20.));
#451 = ( GEOMETRIC_REPRESENTATION_CONTEXT(2) 
PARAMETRIC_REPRESENTATION_CONTEXT() REPRESENTATION_CONTEXT('2D SPACE',''
  ) );
#452 = PCURVE('',#324,#453);
#453 = DEFINITIONAL_REPRESENTATION('',(#454),#464);
#454 = B_SPLINE_CURVE_WITH_KNOTS('',8,(#455,#456,#457,#458,#459,#460,
    #461,#462,#463),.UNSPECIFIED.,.F.,.F.,(9,9),(0.,1.570796326795),
  .PIECEWISE_BEZIER_KNOTS.);
#455 = CARTESIAN_POINT('',(4.712388980385,30.9));
#456 = CARTESIAN_POINT('',(4.908738521234,30.9));
#457 = CARTESIAN_POINT('',(5.105088062083,30.640041421671));
#458 = CARTESIAN_POINT('',(5.301437602935,30.120126473364));
#459 = CARTESIAN_POINT('',(5.49778714378,29.361626628442));
#460 = CARTESIAN_POINT('',(5.694136684634,28.407328241077));
#461 = CARTESIAN_POINT('',(5.890486225481,27.316924857064));
#462 = CARTESIAN_POINT('',(6.08683576633,26.158462291011));
#463 = CARTESIAN_POINT('',(6.28318530718,25.));
#464 = ( GEOMETRIC_REPRESENTATION_CONTEXT(2) 
PARAMETRIC_REPRESENTATION_CONTEXT() REPRESENTATION_CONTEXT('2D SPACE',''
  ) );
#465 = ORIENTED_EDGE('',*,*,#466,.F.);
#466 = EDGE_CURVE('',#138,#431,#467,.T.);
#467 = SURFACE_CURVE('',#468,(#473,#486),.PCURVE_S1.);
#468 = ELLIPSE('',#469,8.343860018001,5.9);
#469 = AXIS2_PLACEMENT_3D('',#470,#471,#472);
#470 = CARTESIAN_POINT('',(-180.,20.,23.5));
#471 = DIRECTION('',(0.707106781187,-0.707106781187,0.));
#472 = DIRECTION('',(0.707106781187,0.707106781187,0.));
#473 = PCURVE('',#167,#474);
#474 = DEFINITIONAL_REPRESENTATION('',(#475),#485);
#475 = B_SPLINE_CURVE_WITH_KNOTS('',8,(#476,#477,#478,#479,#480,#481,
    #482,#483,#484),.UNSPECIFIED.,.F.,.F.,(9,9),(4.712388884358,
    6.28318530718),.PIECEWISE_BEZIER_KNOTS.);
#476 = CARTESIAN_POINT('',(-9.602713380019E-08,20.00000056656));
#477 = CARTESIAN_POINT('',(0.196349456826,18.841538204729));
#478 = CARTESIAN_POINT('',(0.392699009677,17.68307554289));
#479 = CARTESIAN_POINT('',(0.589048562533,16.592672050475));
#480 = CARTESIAN_POINT('',(0.785398115379,15.638373557138));
#481 = CARTESIAN_POINT('',(0.981747668238,14.879873621843));
#482 = CARTESIAN_POINT('',(1.178097221088,14.359958610115));
#483 = CARTESIAN_POINT('',(1.374446773942,14.1));
#484 = CARTESIAN_POINT('',(1.570796326795,14.1));
#485 = ( GEOMETRIC_REPRESENTATION_CONTEXT(2) 
PARAMETRIC_REPRESENTATION_CONTEXT() REPRESENTATION_CONTEXT('2D SPACE',''
  ) );
#486 = PCURVE('',#324,#487);
#487 = DEFINITIONAL_REPRESENTATION('',(#488),#498);
#488 = B_SPLINE_CURVE_WITH_KNOTS('',8,(#489,#490,#491,#492,#493,#494,
    #495,#496,#497),.UNSPECIFIED.,.F.,.F.,(9,9),(4.712388884358,
    6.28318530718),.PIECEWISE_BEZIER_KNOTS.);
#489 = CARTESIAN_POINT('',(3.141592557563,24.99999943344));
#490 = CARTESIAN_POINT('',(3.337942110415,26.158461795271));
#491 = CARTESIAN_POINT('',(3.534291663261,27.316924457105));
#492 = CARTESIAN_POINT('',(3.730641216133,28.407327949433));
#493 = CARTESIAN_POINT('',(3.926990768944,29.361626442908));
#494 = CARTESIAN_POINT('',(4.123340321835,30.120126378007));
#495 = CARTESIAN_POINT('',(4.319689874673,30.640041389889));
#496 = CARTESIAN_POINT('',(4.516039427532,30.9));
#497 = CARTESIAN_POINT('',(4.712388980385,30.9));
#498 = ( GEOMETRIC_REPRESENTATION_CONTEXT(2) 
PARAMETRIC_REPRESENTATION_CONTEXT() REPRESENTATION_CONTEXT('2D SPACE',''
  ) );
#499 = ORIENTED_EDGE('',*,*,#408,.F.);
#500 = ADVANCED_FACE('',(#501,#831,#960,#1089,#1218,#1347,#1476,#1605,
    #1734),#324,.T.);
#501 = FACE_BOUND('',#502,.T.);
#502 = EDGE_LOOP('',(#503,#504,#505,#528,#551,#574,#597,#620,#643,#666,
    #689,#712,#767,#820,#821,#822,#823,#824,#825,#826,#827,#828,#829,
    #830));
#503 = ORIENTED_EDGE('',*,*,#466,.T.);
#504 = ORIENTED_EDGE('',*,*,#430,.T.);
#505 = ORIENTED_EDGE('',*,*,#506,.T.);
#506 = EDGE_CURVE('',#115,#507,#509,.T.);
#507 = VERTEX_POINT('',#508);
#508 = CARTESIAN_POINT('',(-140.,20.,29.4));
#509 = SEAM_CURVE('',#510,(#514,#521),.PCURVE_S1.);
#510 = LINE('',#511,#512);
#511 = CARTESIAN_POINT('',(-205.,20.,29.4));
#512 = VECTOR('',#513,1.);
#513 = DIRECTION('',(1.,0.,0.));
#514 = PCURVE('',#324,#515);
#515 = DEFINITIONAL_REPRESENTATION('',(#516),#520);
#516 = LINE('',#517,#518);
#517 = CARTESIAN_POINT('',(4.138911435803E-13,0.));
#518 = VECTOR('',#519,1.);
#519 = DIRECTION('',(0.,1.));
#520 = ( GEOMETRIC_REPRESENTATION_CONTEXT(2) 
PARAMETRIC_REPRESENTATION_CONTEXT() REPRESENTATION_CONTEXT('2D SPACE',''
  ) );
#521 = PCURVE('',#324,#522);
#522 = DEFINITIONAL_REPRESENTATION('',(#523),#527);
#523 = LINE('',#524,#525);
#524 = CARTESIAN_POINT('',(6.28318530718,0.));
#525 = VECTOR('',#526,1.);
#526 = DIRECTION('',(0.,1.));
#527 = ( GEOMETRIC_REPRESENTATION_CONTEXT(2) 
PARAMETRIC_REPRESENTATION_CONTEXT() REPRESENTATION_CONTEXT('2D SPACE',''
  ) );
#528 = ORIENTED_EDGE('',*,*,#529,.T.);
#529 = EDGE_CURVE('',#507,#530,#532,.T.);
#530 = VERTEX_POINT('',#531);
#531 = CARTESIAN_POINT('',(-100.,20.,29.4));
#532 = SEAM_CURVE('',#533,(#537,#544),.PCURVE_S1.);
#533 = LINE('',#534,#535);
#534 = CARTESIAN_POINT('',(-205.,20.,29.4));
#535 = VECTOR('',#536,1.);
#536 = DIRECTION('',(1.,0.,0.));
#537 = PCURVE('',#324,#538);
#538 = DEFINITIONAL_REPRESENTATION('',(#539),#543);
#539 = LINE('',#540,#541);
#540 = CARTESIAN_POINT('',(4.138911435803E-13,0.));
#541 = VECTOR('',#542,1.);
#542 = DIRECTION('',(0.,1.));
#543 = ( GEOMETRIC_REPRESENTATION_CONTEXT(2) 
PARAMETRIC_REPRESENTATION_CONTEXT() REPRESENTATION_CONTEXT('2D SPACE',''
  ) );
#544 = PCURVE('',#324,#545);
#545 = DEFINITIONAL_REPRESENTATION('',(#546),#550);
#546 = LINE('',#547,#548);
#547 = CARTESIAN_POINT('',(6.28318530718,0.));
#548 = VECTOR('',#549,1.);
#549 = DIRECTION('',(0.,1.));
#550 = ( GEOMETRIC_REPRESENTATION_CONTEXT(2) 
PARAMETRIC_REPRESENTATION_CONTEXT() REPRESENTATION_CONTEXT('2D SPACE',''
  ) );
#551 = ORIENTED_EDGE('',*,*,#552,.T.);
#552 = EDGE_CURVE('',#530,#553,#555,.T.);
#553 = VERTEX_POINT('',#554);
#554 = CARTESIAN_POINT('',(-60.,20.,29.4));
#555 = SEAM_CURVE('',#556,(#560,#567),.PCURVE_S1.);
#556 = LINE('',#557,#558);
#557 = CARTESIAN_POINT('',(-205.,20.,29.4));
#558 = VECTOR('',#559,1.);
#559 = DIRECTION('',(1.,0.,0.));
#560 = PCURVE('',#324,#561);
#561 = DEFINITIONAL_REPRESENTATION('',(#562),#566);
#562 = LINE('',#563,#564);
#563 = CARTESIAN_POINT('',(4.138911435803E-13,0.));
#564 = VECTOR('',#565,1.);
#565 = DIRECTION('',(0.,1.));
#566 = ( GEOMETRIC_REPRESENTATION_CONTEXT(2) 
PARAMETRIC_REPRESENTATION_CONTEXT() REPRESENTATION_CONTEXT('2D SPACE',''
  ) );
#567 = PCURVE('',#324,#568);
#568 = DEFINITIONAL_REPRESENTATION('',(#569),#573);
#569 = LINE('',#570,#571);
#570 = CARTESIAN_POINT('',(6.28318530718,0.));
#571 = VECTOR('',#572,1.);
#572 = DIRECTION('',(0.,1.));
#573 = ( GEOMETRIC_REPRESENTATION_CONTEXT(2) 
PARAMETRIC_REPRESENTATION_CONTEXT() REPRESENTATION_CONTEXT('2D SPACE',''
  ) );
#574 = ORIENTED_EDGE('',*,*,#575,.T.);
#575 = EDGE_CURVE('',#553,#576,#578,.T.);
#576 = VERTEX_POINT('',#577);
#577 = CARTESIAN_POINT('',(-20.,20.,29.4));
#578 = SEAM_CURVE('',#579,(#583,#590),.PCURVE_S1.);
#579 = LINE('',#580,#581);
#580 = CARTESIAN_POINT('',(-205.,20.,29.4));
#581 = VECTOR('',#582,1.);
#582 = DIRECTION('',(1.,0.,0.));
#583 = PCURVE('',#324,#584);
#584 = DEFINITIONAL_REPRESENTATION('',(#585),#589);
#585 = LINE('',#586,#587);
#586 = CARTESIAN_POINT('',(4.138911435803E-13,0.));
#587 = VECTOR('',#588,1.);
#588 = DIRECTION('',(0.,1.));
#589 = ( GEOMETRIC_REPRESENTATION_CONTEXT(2) 
PARAMETRIC_REPRESENTATION_CONTEXT() REPRESENTATION_CONTEXT('2D SPACE',''
  ) );
#590 = PCURVE('',#324,#591);
#591 = DEFINITIONAL_REPRESENTATION('',(#592),#596);
#592 = LINE('',#593,#594);
#593 = CARTESIAN_POINT('',(6.28318530718,0.));
#594 = VECTOR('',#595,1.);
#595 = DIRECTION('',(0.,1.));
#596 = ( GEOMETRIC_REPRESENTATION_CONTEXT(2) 
PARAMETRIC_REPRESENTATION_CONTEXT() REPRESENTATION_CONTEXT('2D SPACE',''
  ) );
#597 = ORIENTED_EDGE('',*,*,#598,.T.);
#598 = EDGE_CURVE('',#576,#599,#601,.T.);
#599 = VERTEX_POINT('',#600);
#600 = CARTESIAN_POINT('',(20.,20.,29.4));
#601 = SEAM_CURVE('',#602,(#606,#613),.PCURVE_S1.);
#602 = LINE('',#603,#604);
#603 = CARTESIAN_POINT('',(-205.,20.,29.4));
#604 = VECTOR('',#605,1.);
#605 = DIRECTION('',(1.,0.,0.));
#606 = PCURVE('',#324,#607);
#607 = DEFINITIONAL_REPRESENTATION('',(#608),#612);
#608 = LINE('',#609,#610);
#609 = CARTESIAN_POINT('',(4.138911435803E-13,0.));
#610 = VECTOR('',#611,1.);
#611 = DIRECTION('',(0.,1.));
#612 = ( GEOMETRIC_REPRESENTATION_CONTEXT(2) 
PARAMETRIC_REPRESENTATION_CONTEXT() REPRESENTATION_CONTEXT('2D SPACE',''
  ) );
#613 = PCURVE('',#324,#614);
#614 = DEFINITIONAL_REPRESENTATION('',(#615),#619);
#615 = LINE('',#616,#617);
#616 = CARTESIAN_POINT('',(6.28318530718,0.));
#617 = VECTOR('',#618,1.);
#618 = DIRECTION('',(0.,1.));
#619 = ( GEOMETRIC_REPRESENTATION_CONTEXT(2) 
PARAMETRIC_REPRESENTATION_CONTEXT() REPRESENTATION_CONTEXT('2D SPACE',''
  ) );
#620 = ORIENTED_EDGE('',*,*,#621,.T.);
#621 = EDGE_CURVE('',#599,#622,#624,.T.);
#622 = VERTEX_POINT('',#623);
#623 = CARTESIAN_POINT('',(60.,20.,29.4));
#624 = SEAM_CURVE('',#625,(#629,#636),.PCURVE_S1.);
#625 = LINE('',#626,#627);
#626 = CARTESIAN_POINT('',(-205.,20.,29.4));
#627 = VECTOR('',#628,1.);
#628 = DIRECTION('',(1.,0.,0.));
#629 = PCURVE('',#324,#630);
#630 = DEFINITIONAL_REPRESENTATION('',(#631),#635);
#631 = LINE('',#632,#633);
#632 = CARTESIAN_POINT('',(4.138911435803E-13,0.));
#633 = VECTOR('',#634,1.);
#634 = DIRECTION('',(0.,1.));
#635 = ( GEOMETRIC_REPRESENTATION_CONTEXT(2) 
PARAMETRIC_REPRESENTATION_CONTEXT() REPRESENTATION_CONTEXT('2D SPACE',''
  ) );
#636 = PCURVE('',#324,#637);
#637 = DEFINITIONAL_REPRESENTATION('',(#638),#642);
#638 = LINE('',#639,#640);
#639 = CARTESIAN_POINT('',(6.28318530718,0.));
#640 = VECTOR('',#641,1.);
#641 = DIRECTION('',(0.,1.));
#642 = ( GEOMETRIC_REPRESENTATION_CONTEXT(2) 
PARAMETRIC_REPRESENTATION_CONTEXT() REPRESENTATION_CONTEXT('2D SPACE',''
  ) );
#643 = ORIENTED_EDGE('',*,*,#644,.T.);
#644 = EDGE_CURVE('',#622,#645,#647,.T.);
#645 = VERTEX_POINT('',#646);
#646 = CARTESIAN_POINT('',(100.,20.,29.4));
#647 = SEAM_CURVE('',#648,(#652,#659),.PCURVE_S1.);
#648 = LINE('',#649,#650);
#649 = CARTESIAN_POINT('',(-205.,20.,29.4));
#650 = VECTOR('',#651,1.);
#651 = DIRECTION('',(1.,0.,0.));
#652 = PCURVE('',#324,#653);
#653 = DEFINITIONAL_REPRESENTATION('',(#654),#658);
#654 = LINE('',#655,#656);
#655 = CARTESIAN_POINT('',(4.138911435803E-13,0.));
#656 = VECTOR('',#657,1.);
#657 = DIRECTION('',(0.,1.));
#658 = ( GEOMETRIC_REPRESENTATION_CONTEXT(2) 
PARAMETRIC_REPRESENTATION_CONTEXT() REPRESENTATION_CONTEXT('2D SPACE',''
  ) );
#659 = PCURVE('',#324,#660);
#660 = DEFINITIONAL_REPRESENTATION('',(#661),#665);
#661 = LINE('',#662,#663);
#662 = CARTESIAN_POINT('',(6.28318530718,0.));
#663 = VECTOR('',#664,1.);
#664 = DIRECTION('',(0.,1.));
#665 = ( GEOMETRIC_REPRESENTATION_CONTEXT(2) 
PARAMETRIC_REPRESENTATION_CONTEXT() REPRESENTATION_CONTEXT('2D SPACE',''
  ) );
#666 = ORIENTED_EDGE('',*,*,#667,.T.);
#667 = EDGE_CURVE('',#645,#668,#670,.T.);
#668 = VERTEX_POINT('',#669);
#669 = CARTESIAN_POINT('',(140.,20.,29.4));
#670 = SEAM_CURVE('',#671,(#675,#682),.PCURVE_S1.);
#671 = LINE('',#672,#673);
#672 = CARTESIAN_POINT('',(-205.,20.,29.4));
#673 = VECTOR('',#674,1.);
#674 = DIRECTION('',(1.,0.,0.));
#675 = PCURVE('',#324,#676);
#676 = DEFINITIONAL_REPRESENTATION('',(#677),#681);
#677 = LINE('',#678,#679);
#678 = CARTESIAN_POINT('',(4.138911435803E-13,0.));
#679 = VECTOR('',#680,1.);
#680 = DIRECTION('',(0.,1.));
#681 = ( GEOMETRIC_REPRESENTATION_CONTEXT(2) 
PARAMETRIC_REPRESENTATION_CONTEXT() REPRESENTATION_CONTEXT('2D SPACE',''
  ) );
#682 = PCURVE('',#324,#683);
#683 = DEFINITIONAL_REPRESENTATION('',(#684),#688);
#684 = LINE('',#685,#686);
#685 = CARTESIAN_POINT('',(6.28318530718,0.));
#686 = VECTOR('',#687,1.);
#687 = DIRECTION('',(0.,1.));
#688 = ( GEOMETRIC_REPRESENTATION_CONTEXT(2) 
PARAMETRIC_REPRESENTATION_CONTEXT() REPRESENTATION_CONTEXT('2D SPACE',''
  ) );
#689 = ORIENTED_EDGE('',*,*,#690,.T.);
#690 = EDGE_CURVE('',#668,#691,#693,.T.);
#691 = VERTEX_POINT('',#692);
#692 = CARTESIAN_POINT('',(180.,20.,29.4));
#693 = SEAM_CURVE('',#694,(#698,#705),.PCURVE_S1.);
#694 = LINE('',#695,#696);
#695 = CARTESIAN_POINT('',(-205.,20.,29.4));
#696 = VECTOR('',#697,1.);
#697 = DIRECTION('',(1.,0.,0.));
#698 = PCURVE('',#324,#699);
#699 = DEFINITIONAL_REPRESENTATION('',(#700),#704);
#700 = LINE('',#701,#702);
#701 = CARTESIAN_POINT('',(4.138911435803E-13,0.));
#702 = VECTOR('',#703,1.);
#703 = DIRECTION('',(0.,1.));
#704 = ( GEOMETRIC_REPRESENTATION_CONTEXT(2) 
PARAMETRIC_REPRESENTATION_CONTEXT() REPRESENTATION_CONTEXT('2D SPACE',''
  ) );
#705 = PCURVE('',#324,#706);
#706 = DEFINITIONAL_REPRESENTATION('',(#707),#711);
#707 = LINE('',#708,#709);
#708 = CARTESIAN_POINT('',(6.28318530718,0.));
#709 = VECTOR('',#710,1.);
#710 = DIRECTION('',(0.,1.));
#711 = ( GEOMETRIC_REPRESENTATION_CONTEXT(2) 
PARAMETRIC_REPRESENTATION_CONTEXT() REPRESENTATION_CONTEXT('2D SPACE',''
  ) );
#712 = ORIENTED_EDGE('',*,*,#713,.F.);
#713 = EDGE_CURVE('',#714,#691,#716,.T.);
#714 = VERTEX_POINT('',#715);
#715 = CARTESIAN_POINT('',(180.00000013715,20.,17.6));
#716 = SURFACE_CURVE('',#717,(#722,#742),.PCURVE_S1.);
#717 = ELLIPSE('',#718,8.343860018001,5.9);
#718 = AXIS2_PLACEMENT_3D('',#719,#720,#721);
#719 = CARTESIAN_POINT('',(180.,20.,23.5));
#720 = DIRECTION('',(0.707106781187,0.707106781187,0.));
#721 = DIRECTION('',(0.707106781187,-0.707106781187,0.));
#722 = PCURVE('',#324,#723);
#723 = DEFINITIONAL_REPRESENTATION('',(#724),#741);
#724 = B_SPLINE_CURVE_WITH_KNOTS('',8,(#725,#726,#727,#728,#729,#730,
    #731,#732,#733,#734,#735,#736,#737,#738,#739,#740),.UNSPECIFIED.,.F.
  ,.F.,(9,7,9),(1.570796230768,3.141592605576,4.712388980385),
  .UNSPECIFIED.);
#725 = CARTESIAN_POINT('',(3.141592557563,385.00000056656));
#726 = CARTESIAN_POINT('',(3.337942104414,383.84153824013));
#727 = CARTESIAN_POINT('',(3.534291651265,382.68307561365));
#728 = CARTESIAN_POINT('',(3.730641198122,381.59267214995));
#729 = CARTESIAN_POINT('',(3.926990744968,380.63837367311));
#730 = CARTESIAN_POINT('',(4.123340291824,379.87987373725));
#731 = CARTESIAN_POINT('',(4.319689838668,379.35995870528));
#732 = CARTESIAN_POINT('',(4.51603938552,379.10000005562));
#733 = CARTESIAN_POINT('',(4.908738479222,379.09999994437));
#734 = CARTESIAN_POINT('',(5.105088026074,379.35995848274));
#735 = CARTESIAN_POINT('',(5.301437572924,379.87987341073));
#736 = CARTESIAN_POINT('',(5.497787119778,380.63837325374));
#737 = CARTESIAN_POINT('',(5.694136666627,381.59267165861));
#738 = CARTESIAN_POINT('',(5.890486213478,382.68307507186));
#739 = CARTESIAN_POINT('',(6.086835760329,383.84153767357));
#740 = CARTESIAN_POINT('',(6.28318530718,385.));
#741 = ( GEOMETRIC_REPRESENTATION_CONTEXT(2) 
PARAMETRIC_REPRESENTATION_CONTEXT() REPRESENTATION_CONTEXT('2D SPACE',''
  ) );
#742 = PCURVE('',#743,#748);
#743 = CYLINDRICAL_SURFACE('',#744,5.9);
#744 = AXIS2_PLACEMENT_3D('',#745,#746,#747);
#745 = CARTESIAN_POINT('',(180.,40.,23.5));
#746 = DIRECTION('',(0.,-1.,0.));
#747 = DIRECTION('',(0.,-0.,-1.));
#748 = DEFINITIONAL_REPRESENTATION('',(#749),#766);
#749 = B_SPLINE_CURVE_WITH_KNOTS('',8,(#750,#751,#752,#753,#754,#755,
    #756,#757,#758,#759,#760,#761,#762,#763,#764,#765),.UNSPECIFIED.,.F.
  ,.F.,(9,7,9),(1.570796230768,3.141592605576,4.712388980385),
  .UNSPECIFIED.);
#750 = CARTESIAN_POINT('',(6.283185403207,20.00000056656));
#751 = CARTESIAN_POINT('',(6.086835856356,18.841538240139));
#752 = CARTESIAN_POINT('',(5.890486309505,17.683075613686));
#753 = CARTESIAN_POINT('',(5.694136762654,16.592672150553));
#754 = CARTESIAN_POINT('',(5.497787215804,15.638373673674));
#755 = CARTESIAN_POINT('',(5.301437668953,14.879873737876));
#756 = CARTESIAN_POINT('',(5.105088122101,14.359958705441));
#757 = CARTESIAN_POINT('',(4.908738575249,14.100000055622));
#758 = CARTESIAN_POINT('',(4.516039481547,14.099999944378));
#759 = CARTESIAN_POINT('',(4.319689934696,14.359958482953));
#760 = CARTESIAN_POINT('',(4.123340387845,14.879873410714));
#761 = CARTESIAN_POINT('',(3.926990841,15.638373254841));
#762 = CARTESIAN_POINT('',(3.730641294144,16.592671658888));
#763 = CARTESIAN_POINT('',(3.534291747292,17.683075072086));
#764 = CARTESIAN_POINT('',(3.337942200441,18.841537673579));
#765 = CARTESIAN_POINT('',(3.14159265359,20.));
#766 = ( GEOMETRIC_REPRESENTATION_CONTEXT(2) 
PARAMETRIC_REPRESENTATION_CONTEXT() REPRESENTATION_CONTEXT('2D SPACE',''
  ) );
#767 = ORIENTED_EDGE('',*,*,#768,.F.);
#768 = EDGE_CURVE('',#691,#714,#769,.T.);
#769 = SURFACE_CURVE('',#770,(#775,#795),.PCURVE_S1.);
#770 = ELLIPSE('',#771,8.343860018001,5.9);
#771 = AXIS2_PLACEMENT_3D('',#772,#773,#774);
#772 = CARTESIAN_POINT('',(180.,20.,23.5));
#773 = DIRECTION('',(0.707106781187,-0.707106781187,0.));
#774 = DIRECTION('',(0.707106781187,0.707106781187,0.));
#775 = PCURVE('',#324,#776);
#776 = DEFINITIONAL_REPRESENTATION('',(#777),#794);
#777 = B_SPLINE_CURVE_WITH_KNOTS('',8,(#778,#779,#780,#781,#782,#783,
    #784,#785,#786,#787,#788,#789,#790,#791,#792,#793),.UNSPECIFIED.,.F.
  ,.F.,(9,7,9),(1.570796326795,3.141592615678,4.712389000589),
  .UNSPECIFIED.);
#778 = CARTESIAN_POINT('',(-6.964955333603E-15,385.));
#779 = CARTESIAN_POINT('',(0.196349535202,383.8415377423));
#780 = CARTESIAN_POINT('',(0.392699070403,382.68307520939));
#781 = CARTESIAN_POINT('',(0.589048605604,381.59267185207));
#782 = CARTESIAN_POINT('',(0.785398140806,380.63837348147));
#783 = CARTESIAN_POINT('',(0.981747676009,379.87987363472));
#784 = CARTESIAN_POINT('',(1.178097211211,379.35995866811));
#785 = CARTESIAN_POINT('',(1.374446746413,379.10000005233));
#786 = CARTESIAN_POINT('',(1.767145828821,379.09999994766));
#787 = CARTESIAN_POINT('',(1.963495376025,379.35995849014));
#788 = CARTESIAN_POINT('',(2.15984492323,379.87987342316));
#789 = CARTESIAN_POINT('',(2.356194470441,380.63837327125));
#790 = CARTESIAN_POINT('',(2.55254401764,381.59267168198));
#791 = CARTESIAN_POINT('',(2.748893564846,382.68307509954));
#792 = CARTESIAN_POINT('',(2.945243112052,383.84153770492));
#793 = CARTESIAN_POINT('',(3.141592659258,385.00000003344));
#794 = ( GEOMETRIC_REPRESENTATION_CONTEXT(2) 
PARAMETRIC_REPRESENTATION_CONTEXT() REPRESENTATION_CONTEXT('2D SPACE',''
  ) );
#795 = PCURVE('',#796,#801);
#796 = CYLINDRICAL_SURFACE('',#797,5.9);
#797 = AXIS2_PLACEMENT_3D('',#798,#799,#800);
#798 = CARTESIAN_POINT('',(180.,-3.,23.5));
#799 = DIRECTION('',(0.,1.,0.));
#800 = DIRECTION('',(0.,-0.,1.));
#801 = DEFINITIONAL_REPRESENTATION('',(#802),#819);
#802 = B_SPLINE_CURVE_WITH_KNOTS('',8,(#803,#804,#805,#806,#807,#808,
    #809,#810,#811,#812,#813,#814,#815,#816,#817,#818),.UNSPECIFIED.,.F.
  ,.F.,(9,7,9),(1.570796326795,3.141592615678,4.712389000589),
  .UNSPECIFIED.);
#803 = CARTESIAN_POINT('',(6.28318530718,22.999999999999));
#804 = CARTESIAN_POINT('',(6.086835771977,21.841537742308));
#805 = CARTESIAN_POINT('',(5.890486236777,20.683075209567));
#806 = CARTESIAN_POINT('',(5.694136701573,19.592671852909));
#807 = CARTESIAN_POINT('',(5.497787166375,18.638373481439));
#808 = CARTESIAN_POINT('',(5.301437631169,17.87987363564));
#809 = CARTESIAN_POINT('',(5.105088095969,17.359958668044));
#810 = CARTESIAN_POINT('',(4.908738560767,17.100000052339));
#811 = CARTESIAN_POINT('',(4.516039478359,17.099999947661));
#812 = CARTESIAN_POINT('',(4.319689931151,17.359958490476));
#813 = CARTESIAN_POINT('',(4.123340383967,17.879873423107));
#814 = CARTESIAN_POINT('',(3.926990836727,18.638373272751));
#815 = CARTESIAN_POINT('',(3.730641289554,19.59267168195));
#816 = CARTESIAN_POINT('',(3.53429174233,20.683075099895));
#817 = CARTESIAN_POINT('',(3.337942195127,21.841537704929));
#818 = CARTESIAN_POINT('',(3.141592647922,23.00000003344));
#819 = ( GEOMETRIC_REPRESENTATION_CONTEXT(2) 
PARAMETRIC_REPRESENTATION_CONTEXT() REPRESENTATION_CONTEXT('2D SPACE',''
  ) );
#820 = ORIENTED_EDGE('',*,*,#690,.F.);
#821 = ORIENTED_EDGE('',*,*,#667,.F.);
#822 = ORIENTED_EDGE('',*,*,#644,.F.);
#823 = ORIENTED_EDGE('',*,*,#621,.F.);
#824 = ORIENTED_EDGE('',*,*,#598,.F.);
#825 = ORIENTED_EDGE('',*,*,#575,.F.);
#826 = ORIENTED_EDGE('',*,*,#552,.F.);
#827 = ORIENTED_EDGE('',*,*,#529,.F.);
#828 = ORIENTED_EDGE('',*,*,#506,.F.);
#829 = ORIENTED_EDGE('',*,*,#342,.T.);
#830 = ORIENTED_EDGE('',*,*,#301,.T.);
#831 = FACE_BOUND('',#832,.T.);
#832 = EDGE_LOOP('',(#833,#890,#926));
#833 = ORIENTED_EDGE('',*,*,#834,.F.);
#834 = EDGE_CURVE('',#835,#837,#839,.T.);
#835 = VERTEX_POINT('',#836);
#836 = CARTESIAN_POINT('',(-140.,20.,29.4));
#837 = VERTEX_POINT('',#838);
#838 = CARTESIAN_POINT('',(-139.9999997615,20.,17.6));
#839 = SURFACE_CURVE('',#840,(#845,#865),.PCURVE_S1.);
#840 = ELLIPSE('',#841,8.343860018001,5.9);
#841 = AXIS2_PLACEMENT_3D('',#842,#843,#844);
#842 = CARTESIAN_POINT('',(-140.,20.,23.5));
#843 = DIRECTION('',(0.707106781187,-0.707106781187,0.));
#844 = DIRECTION('',(0.707106781187,0.707106781187,0.));
#845 = PCURVE('',#324,#846);
#846 = DEFINITIONAL_REPRESENTATION('',(#847),#864);
#847 = B_SPLINE_CURVE_WITH_KNOTS('',8,(#848,#849,#850,#851,#852,#853,
    #854,#855,#856,#857,#858,#859,#860,#861,#862,#863),.UNSPECIFIED.,.F.
  ,.F.,(9,7,9),(1.570796326795,3.141592615682,4.712389000597),
  .UNSPECIFIED.);
#848 = CARTESIAN_POINT('',(-7.83692249533E-15,65.));
#849 = CARTESIAN_POINT('',(0.196349535202,63.841537742309));
#850 = CARTESIAN_POINT('',(0.392699070403,62.683075209492));
#851 = CARTESIAN_POINT('',(0.589048605604,61.592671853092));
#852 = CARTESIAN_POINT('',(0.785398140806,60.638373481019));
#853 = CARTESIAN_POINT('',(0.981747676009,59.87987363578));
#854 = CARTESIAN_POINT('',(1.178097211211,59.359958667978));
#855 = CARTESIAN_POINT('',(1.374446746413,59.100000052339));
#856 = CARTESIAN_POINT('',(1.767145828821,59.099999947661));
#857 = CARTESIAN_POINT('',(1.963495376025,59.359958490425));
#858 = CARTESIAN_POINT('',(2.15984492323,59.879873423159));
#859 = CARTESIAN_POINT('',(2.356194470441,60.638373272579));
#860 = CARTESIAN_POINT('',(2.55254401764,61.592671682009));
#861 = CARTESIAN_POINT('',(2.748893564846,62.683075099853));
#862 = CARTESIAN_POINT('',(2.945243112052,63.841537704929));
#863 = CARTESIAN_POINT('',(3.141592659258,65.00000003344));
#864 = ( GEOMETRIC_REPRESENTATION_CONTEXT(2) 
PARAMETRIC_REPRESENTATION_CONTEXT() REPRESENTATION_CONTEXT('2D SPACE',''
  ) );
#865 = PCURVE('',#866,#871);
#866 = CYLINDRICAL_SURFACE('',#867,5.9);
#867 = AXIS2_PLACEMENT_3D('',#868,#869,#870);
#868 = CARTESIAN_POINT('',(-140.,-3.,23.5));
#869 = DIRECTION('',(0.,1.,0.));
#870 = DIRECTION('',(0.,-0.,1.));
#871 = DEFINITIONAL_REPRESENTATION('',(#872),#889);
#872 = B_SPLINE_CURVE_WITH_KNOTS('',8,(#873,#874,#875,#876,#877,#878,
    #879,#880,#881,#882,#883,#884,#885,#886,#887,#888),.UNSPECIFIED.,.F.
  ,.F.,(9,7,9),(1.570796326795,3.141592615682,4.712389000597),
  .UNSPECIFIED.);
#873 = CARTESIAN_POINT('',(6.28318530718,22.999999999999));
#874 = CARTESIAN_POINT('',(6.086835771977,21.841537742308));
#875 = CARTESIAN_POINT('',(5.890486236777,20.683075209567));
#876 = CARTESIAN_POINT('',(5.694136701573,19.592671852909));
#877 = CARTESIAN_POINT('',(5.497787166375,18.638373481439));
#878 = CARTESIAN_POINT('',(5.301437631169,17.87987363564));
#879 = CARTESIAN_POINT('',(5.105088095969,17.359958668044));
#880 = CARTESIAN_POINT('',(4.908738560767,17.100000052339));
#881 = CARTESIAN_POINT('',(4.516039478359,17.099999947661));
#882 = CARTESIAN_POINT('',(4.319689931151,17.359958490476));
#883 = CARTESIAN_POINT('',(4.123340383967,17.879873423107));
#884 = CARTESIAN_POINT('',(3.926990836727,18.638373272751));
#885 = CARTESIAN_POINT('',(3.730641289554,19.59267168195));
#886 = CARTESIAN_POINT('',(3.53429174233,20.683075099895));
#887 = CARTESIAN_POINT('',(3.337942195127,21.841537704929));
#888 = CARTESIAN_POINT('',(3.141592647922,23.00000003344));
#889 = ( GEOMETRIC_REPRESENTATION_CONTEXT(2) 
PARAMETRIC_REPRESENTATION_CONTEXT() REPRESENTATION_CONTEXT('2D SPACE',''
  ) );
#890 = ORIENTED_EDGE('',*,*,#891,.T.);
#891 = EDGE_CURVE('',#835,#892,#894,.T.);
#892 = VERTEX_POINT('',#893);
#893 = CARTESIAN_POINT('',(-134.1,14.1,23.5));
#894 = SURFACE_CURVE('',#895,(#900,#913),.PCURVE_S1.);
#895 = ELLIPSE('',#896,8.343860018001,5.9);
#896 = AXIS2_PLACEMENT_3D('',#897,#898,#899);
#897 = CARTESIAN_POINT('',(-140.,20.,23.5));
#898 = DIRECTION('',(0.707106781187,0.707106781187,0.));
#899 = DIRECTION('',(0.707106781187,-0.707106781187,0.));
#900 = PCURVE('',#324,#901);
#901 = DEFINITIONAL_REPRESENTATION('',(#902),#912);
#902 = B_SPLINE_CURVE_WITH_KNOTS('',8,(#903,#904,#905,#906,#907,#908,
    #909,#910,#911),.UNSPECIFIED.,.F.,.F.,(9,9),(4.712388884358,
    6.28318530718),.PIECEWISE_BEZIER_KNOTS.);
#903 = CARTESIAN_POINT('',(-9.602713202383E-08,64.99999943344));
#904 = CARTESIAN_POINT('',(0.196349456826,66.158461795271));
#905 = CARTESIAN_POINT('',(0.392699009678,67.316924457018));
#906 = CARTESIAN_POINT('',(0.58904856253,68.407327949677));
#907 = CARTESIAN_POINT('',(0.785398115383,69.361626442483));
#908 = CARTESIAN_POINT('',(0.981747668235,70.120126378259));
#909 = CARTESIAN_POINT('',(1.178097221089,70.640041389796));
#910 = CARTESIAN_POINT('',(1.374446773942,70.9));
#911 = CARTESIAN_POINT('',(1.570796326795,70.9));
#912 = ( GEOMETRIC_REPRESENTATION_CONTEXT(2) 
PARAMETRIC_REPRESENTATION_CONTEXT() REPRESENTATION_CONTEXT('2D SPACE',''
  ) );
#913 = PCURVE('',#866,#914);
#914 = DEFINITIONAL_REPRESENTATION('',(#915),#925);
#915 = B_SPLINE_CURVE_WITH_KNOTS('',8,(#916,#917,#918,#919,#920,#921,
    #922,#923,#924),.UNSPECIFIED.,.F.,.F.,(9,9),(4.712388884358,
    6.28318530718),.PIECEWISE_BEZIER_KNOTS.);
#916 = CARTESIAN_POINT('',(-9.602713380019E-08,23.00000056656));
#917 = CARTESIAN_POINT('',(0.196349456826,21.841538204729));
#918 = CARTESIAN_POINT('',(0.392699009677,20.683075542852));
#919 = CARTESIAN_POINT('',(0.589048562533,19.592672050568));
#920 = CARTESIAN_POINT('',(0.785398115379,18.638373556959));
#921 = CARTESIAN_POINT('',(0.981747668238,17.879873621988));
#922 = CARTESIAN_POINT('',(1.178097221088,17.359958610077));
#923 = CARTESIAN_POINT('',(1.374446773942,17.1));
#924 = CARTESIAN_POINT('',(1.570796326795,17.1));
#925 = ( GEOMETRIC_REPRESENTATION_CONTEXT(2) 
PARAMETRIC_REPRESENTATION_CONTEXT() REPRESENTATION_CONTEXT('2D SPACE',''
  ) );
#926 = ORIENTED_EDGE('',*,*,#927,.T.);
#927 = EDGE_CURVE('',#892,#837,#928,.T.);
#928 = SURFACE_CURVE('',#929,(#934,#947),.PCURVE_S1.);
#929 = ELLIPSE('',#930,8.343860018001,5.9);
#930 = AXIS2_PLACEMENT_3D('',#931,#932,#933);
#931 = CARTESIAN_POINT('',(-140.,20.,23.5));
#932 = DIRECTION('',(0.707106781187,0.707106781187,0.));
#933 = DIRECTION('',(0.707106781187,-0.707106781187,0.));
#934 = PCURVE('',#324,#935);
#935 = DEFINITIONAL_REPRESENTATION('',(#936),#946);
#936 = B_SPLINE_CURVE_WITH_KNOTS('',8,(#937,#938,#939,#940,#941,#942,
    #943,#944,#945),.UNSPECIFIED.,.F.,.F.,(9,9),(0.,1.570796422822),
  .PIECEWISE_BEZIER_KNOTS.);
#937 = CARTESIAN_POINT('',(1.570796326795,70.9));
#938 = CARTESIAN_POINT('',(1.767145879648,70.9));
#939 = CARTESIAN_POINT('',(1.9634954325,70.640041389795));
#940 = CARTESIAN_POINT('',(2.159844985351,70.120126378236));
#941 = CARTESIAN_POINT('',(2.356194538201,69.361626442603));
#942 = CARTESIAN_POINT('',(2.552544091054,68.407327949637));
#943 = CARTESIAN_POINT('',(2.748893643911,67.316924457034));
#944 = CARTESIAN_POINT('',(2.945243196764,66.158461795271));
#945 = CARTESIAN_POINT('',(3.141592749617,64.99999943344));
#946 = ( GEOMETRIC_REPRESENTATION_CONTEXT(2) 
PARAMETRIC_REPRESENTATION_CONTEXT() REPRESENTATION_CONTEXT('2D SPACE',''
  ) );
#947 = PCURVE('',#866,#948);
#948 = DEFINITIONAL_REPRESENTATION('',(#949),#959);
#949 = B_SPLINE_CURVE_WITH_KNOTS('',8,(#950,#951,#952,#953,#954,#955,
    #956,#957,#958),.UNSPECIFIED.,.F.,.F.,(9,9),(0.,1.570796422822),
  .PIECEWISE_BEZIER_KNOTS.);
#950 = CARTESIAN_POINT('',(1.570796326795,17.1));
#951 = CARTESIAN_POINT('',(1.767145879648,17.1));
#952 = CARTESIAN_POINT('',(1.963495432499,17.359958610091));
#953 = CARTESIAN_POINT('',(2.159844985357,17.879873621938));
#954 = CARTESIAN_POINT('',(2.356194538194,18.638373557029));
#955 = CARTESIAN_POINT('',(2.552544091061,19.592672050539));
#956 = CARTESIAN_POINT('',(2.74889364391,20.683075542868));
#957 = CARTESIAN_POINT('',(2.945243196764,21.841538204729));
#958 = CARTESIAN_POINT('',(3.141592749617,23.00000056656));
#959 = ( GEOMETRIC_REPRESENTATION_CONTEXT(2) 
PARAMETRIC_REPRESENTATION_CONTEXT() REPRESENTATION_CONTEXT('2D SPACE',''
  ) );
#960 = FACE_BOUND('',#961,.T.);
#961 = EDGE_LOOP('',(#962,#1019,#1055));
#962 = ORIENTED_EDGE('',*,*,#963,.F.);
#963 = EDGE_CURVE('',#964,#966,#968,.T.);
#964 = VERTEX_POINT('',#965);
#965 = CARTESIAN_POINT('',(-100.,20.,29.4));
#966 = VERTEX_POINT('',#967);
#967 = CARTESIAN_POINT('',(-99.99999976158,20.,17.6));
#968 = SURFACE_CURVE('',#969,(#974,#994),.PCURVE_S1.);
#969 = ELLIPSE('',#970,8.343860018001,5.9);
#970 = AXIS2_PLACEMENT_3D('',#971,#972,#973);
#971 = CARTESIAN_POINT('',(-100.,20.,23.5));
#972 = DIRECTION('',(0.707106781187,-0.707106781187,0.));
#973 = DIRECTION('',(0.707106781187,0.707106781187,0.));
#974 = PCURVE('',#324,#975);
#975 = DEFINITIONAL_REPRESENTATION('',(#976),#993);
#976 = B_SPLINE_CURVE_WITH_KNOTS('',8,(#977,#978,#979,#980,#981,#982,
    #983,#984,#985,#986,#987,#988,#989,#990,#991,#992),.UNSPECIFIED.,.F.
  ,.F.,(9,7,9),(1.570796326795,3.141592615679,4.71238900059),
  .UNSPECIFIED.);
#977 = CARTESIAN_POINT('',(-6.07678577271E-15,105.));
#978 = CARTESIAN_POINT('',(0.196349535202,103.8415377423));
#979 = CARTESIAN_POINT('',(0.392699070403,102.68307520953));
#980 = CARTESIAN_POINT('',(0.589048605606,101.59267185266));
#981 = CARTESIAN_POINT('',(0.785398140802,100.63837348145));
#982 = CARTESIAN_POINT('',(0.98174767601,99.879873635384));
#983 = CARTESIAN_POINT('',(1.178097211211,99.35995866804));
#984 = CARTESIAN_POINT('',(1.374446746413,99.100000052339));
#985 = CARTESIAN_POINT('',(1.767145828821,99.099999947661));
#986 = CARTESIAN_POINT('',(1.963495376026,99.359958490471));
#987 = CARTESIAN_POINT('',(2.159844923228,99.879873422725));
#988 = CARTESIAN_POINT('',(2.356194470431,100.63837327306));
#989 = CARTESIAN_POINT('',(2.552544017637,101.59267168165));
#990 = CARTESIAN_POINT('',(2.748893564846,102.68307509991));
#991 = CARTESIAN_POINT('',(2.945243112052,103.84153770492));
#992 = CARTESIAN_POINT('',(3.141592659258,105.00000003344));
#993 = ( GEOMETRIC_REPRESENTATION_CONTEXT(2) 
PARAMETRIC_REPRESENTATION_CONTEXT() REPRESENTATION_CONTEXT('2D SPACE',''
  ) );
#994 = PCURVE('',#995,#1000);
#995 = CYLINDRICAL_SURFACE('',#996,5.9);
#996 = AXIS2_PLACEMENT_3D('',#997,#998,#999);
#997 = CARTESIAN_POINT('',(-100.,-3.,23.5));
#998 = DIRECTION('',(0.,1.,0.));
#999 = DIRECTION('',(0.,-0.,1.));
#1000 = DEFINITIONAL_REPRESENTATION('',(#1001),#1018);
#1001 = B_SPLINE_CURVE_WITH_KNOTS('',8,(#1002,#1003,#1004,#1005,#1006,
    #1007,#1008,#1009,#1010,#1011,#1012,#1013,#1014,#1015,#1016,#1017),
  .UNSPECIFIED.,.F.,.F.,(9,7,9),(1.570796326795,3.141592615679,
    4.71238900059),.UNSPECIFIED.);
#1002 = CARTESIAN_POINT('',(6.28318530718,22.999999999999));
#1003 = CARTESIAN_POINT('',(6.086835771977,21.841537742308));
#1004 = CARTESIAN_POINT('',(5.890486236776,20.683075209549));
#1005 = CARTESIAN_POINT('',(5.694136701574,19.592671852931));
#1006 = CARTESIAN_POINT('',(5.497787166372,18.63837348136));
#1007 = CARTESIAN_POINT('',(5.301437631171,17.879873635666));
#1008 = CARTESIAN_POINT('',(5.105088095968,17.359958668026));
#1009 = CARTESIAN_POINT('',(4.908738560767,17.100000052339));
#1010 = CARTESIAN_POINT('',(4.516039478359,17.099999947661));
#1011 = CARTESIAN_POINT('',(4.319689931154,17.359958490461));
#1012 = CARTESIAN_POINT('',(4.123340383955,17.879873423128));
#1013 = CARTESIAN_POINT('',(3.926990836748,18.638373272699));
#1014 = CARTESIAN_POINT('',(3.730641289542,19.592671681968));
#1015 = CARTESIAN_POINT('',(3.534291742333,20.68307509988));
#1016 = CARTESIAN_POINT('',(3.337942195127,21.841537704929));
#1017 = CARTESIAN_POINT('',(3.141592647922,23.00000003344));
#1018 = ( GEOMETRIC_REPRESENTATION_CONTEXT(2) 
PARAMETRIC_REPRESENTATION_CONTEXT() REPRESENTATION_CONTEXT('2D SPACE',''
  ) );
#1019 = ORIENTED_EDGE('',*,*,#1020,.T.);
#1020 = EDGE_CURVE('',#964,#1021,#1023,.T.);
#1021 = VERTEX_POINT('',#1022);
#1022 = CARTESIAN_POINT('',(-94.1,14.1,23.5));
#1023 = SURFACE_CURVE('',#1024,(#1029,#1042),.PCURVE_S1.);
#1024 = ELLIPSE('',#1025,8.343860018001,5.9);
#1025 = AXIS2_PLACEMENT_3D('',#1026,#1027,#1028);
#1026 = CARTESIAN_POINT('',(-100.,20.,23.5));
#1027 = DIRECTION('',(0.707106781187,0.707106781187,0.));
#1028 = DIRECTION('',(0.707106781187,-0.707106781187,0.));
#1029 = PCURVE('',#324,#1030);
#1030 = DEFINITIONAL_REPRESENTATION('',(#1031),#1041);
#1031 = B_SPLINE_CURVE_WITH_KNOTS('',8,(#1032,#1033,#1034,#1035,#1036,
    #1037,#1038,#1039,#1040),.UNSPECIFIED.,.F.,.F.,(9,9),(4.712388884358
    ,6.28318530718),.PIECEWISE_BEZIER_KNOTS.);
#1032 = CARTESIAN_POINT('',(-9.602713202383E-08,104.99999943344));
#1033 = CARTESIAN_POINT('',(0.196349456826,106.15846179527));
#1034 = CARTESIAN_POINT('',(0.392699009678,107.31692445705));
#1035 = CARTESIAN_POINT('',(0.58904856253,108.40732794941));
#1036 = CARTESIAN_POINT('',(0.785398115383,109.36162644252));
#1037 = CARTESIAN_POINT('',(0.981747668235,110.12012637792));
#1038 = CARTESIAN_POINT('',(1.178097221089,110.64004138985));
#1039 = CARTESIAN_POINT('',(1.374446773942,110.9));
#1040 = CARTESIAN_POINT('',(1.570796326795,110.9));
#1041 = ( GEOMETRIC_REPRESENTATION_CONTEXT(2) 
PARAMETRIC_REPRESENTATION_CONTEXT() REPRESENTATION_CONTEXT('2D SPACE',''
  ) );
#1042 = PCURVE('',#995,#1043);
#1043 = DEFINITIONAL_REPRESENTATION('',(#1044),#1054);
#1044 = B_SPLINE_CURVE_WITH_KNOTS('',8,(#1045,#1046,#1047,#1048,#1049,
    #1050,#1051,#1052,#1053),.UNSPECIFIED.,.F.,.F.,(9,9),(4.712388884358
    ,6.28318530718),.PIECEWISE_BEZIER_KNOTS.);
#1045 = CARTESIAN_POINT('',(-9.602713113566E-08,23.00000056656));
#1046 = CARTESIAN_POINT('',(0.196349456826,21.841538204729));
#1047 = CARTESIAN_POINT('',(0.392699009678,20.683075542852));
#1048 = CARTESIAN_POINT('',(0.589048562529,19.592672050568));
#1049 = CARTESIAN_POINT('',(0.785398115384,18.638373556959));
#1050 = CARTESIAN_POINT('',(0.981747668235,17.879873621988));
#1051 = CARTESIAN_POINT('',(1.178097221089,17.359958610077));
#1052 = CARTESIAN_POINT('',(1.374446773942,17.1));
#1053 = CARTESIAN_POINT('',(1.570796326795,17.1));
#1054 = ( GEOMETRIC_REPRESENTATION_CONTEXT(2) 
PARAMETRIC_REPRESENTATION_CONTEXT() REPRESENTATION_CONTEXT('2D SPACE',''
  ) );
#1055 = ORIENTED_EDGE('',*,*,#1056,.T.);
#1056 = EDGE_CURVE('',#1021,#966,#1057,.T.);
#1057 = SURFACE_CURVE('',#1058,(#1063,#1076),.PCURVE_S1.);
#1058 = ELLIPSE('',#1059,8.343860018001,5.9);
#1059 = AXIS2_PLACEMENT_3D('',#1060,#1061,#1062);
#1060 = CARTESIAN_POINT('',(-100.,20.,23.5));
#1061 = DIRECTION('',(0.707106781187,0.707106781187,0.));
#1062 = DIRECTION('',(0.707106781187,-0.707106781187,0.));
#1063 = PCURVE('',#324,#1064);
#1064 = DEFINITIONAL_REPRESENTATION('',(#1065),#1075);
#1065 = B_SPLINE_CURVE_WITH_KNOTS('',8,(#1066,#1067,#1068,#1069,#1070,
    #1071,#1072,#1073,#1074),.UNSPECIFIED.,.F.,.F.,(9,9),(0.,
    1.570796422822),.PIECEWISE_BEZIER_KNOTS.);
#1066 = CARTESIAN_POINT('',(1.570796326795,110.9));
#1067 = CARTESIAN_POINT('',(1.767145879648,110.9));
#1068 = CARTESIAN_POINT('',(1.9634954325,110.64004138994));
#1069 = CARTESIAN_POINT('',(2.159844985345,110.1201263777));
#1070 = CARTESIAN_POINT('',(2.356194538208,109.3616264431));
#1071 = CARTESIAN_POINT('',(2.552544091052,108.40732794916));
#1072 = CARTESIAN_POINT('',(2.748893643911,107.31692445714));
#1073 = CARTESIAN_POINT('',(2.945243196764,106.15846179527));
#1074 = CARTESIAN_POINT('',(3.141592749617,104.99999943344));
#1075 = ( GEOMETRIC_REPRESENTATION_CONTEXT(2) 
PARAMETRIC_REPRESENTATION_CONTEXT() REPRESENTATION_CONTEXT('2D SPACE',''
  ) );
#1076 = PCURVE('',#995,#1077);
#1077 = DEFINITIONAL_REPRESENTATION('',(#1078),#1088);
#1078 = B_SPLINE_CURVE_WITH_KNOTS('',8,(#1079,#1080,#1081,#1082,#1083,
    #1084,#1085,#1086,#1087),.UNSPECIFIED.,.F.,.F.,(9,9),(0.,
    1.570796422822),.PIECEWISE_BEZIER_KNOTS.);
#1079 = CARTESIAN_POINT('',(1.570796326795,17.1));
#1080 = CARTESIAN_POINT('',(1.767145879648,17.1));
#1081 = CARTESIAN_POINT('',(1.963495432498,17.35995861011));
#1082 = CARTESIAN_POINT('',(2.159844985352,17.879873621862));
#1083 = CARTESIAN_POINT('',(2.356194538199,18.638373557143));
#1084 = CARTESIAN_POINT('',(2.552544091059,19.592672050494));
#1085 = CARTESIAN_POINT('',(2.748893643909,20.68307554289));
#1086 = CARTESIAN_POINT('',(2.945243196764,21.841538204729));
#1087 = CARTESIAN_POINT('',(3.141592749617,23.00000056656));
#1088 = ( GEOMETRIC_REPRESENTATION_CONTEXT(2) 
PARAMETRIC_REPRESENTATION_CONTEXT() REPRESENTATION_CONTEXT('2D SPACE',''
  ) );
#1089 = FACE_BOUND('',#1090,.T.);
#1090 = EDGE_LOOP('',(#1091,#1148,#1184));
#1091 = ORIENTED_EDGE('',*,*,#1092,.F.);
#1092 = EDGE_CURVE('',#1093,#1095,#1097,.T.);
#1093 = VERTEX_POINT('',#1094);
#1094 = CARTESIAN_POINT('',(-60.,20.,29.4));
#1095 = VERTEX_POINT('',#1096);
#1096 = CARTESIAN_POINT('',(-59.99999976158,20.,17.6));
#1097 = SURFACE_CURVE('',#1098,(#1103,#1123),.PCURVE_S1.);
#1098 = ELLIPSE('',#1099,8.343860018001,5.9);
#1099 = AXIS2_PLACEMENT_3D('',#1100,#1101,#1102);
#1100 = CARTESIAN_POINT('',(-60.,20.,23.5));
#1101 = DIRECTION('',(0.707106781187,-0.707106781187,0.));
#1102 = DIRECTION('',(0.707106781187,0.707106781187,0.));
#1103 = PCURVE('',#324,#1104);
#1104 = DEFINITIONAL_REPRESENTATION('',(#1105),#1122);
#1105 = B_SPLINE_CURVE_WITH_KNOTS('',8,(#1106,#1107,#1108,#1109,#1110,
    #1111,#1112,#1113,#1114,#1115,#1116,#1117,#1118,#1119,#1120,#1121),
  .UNSPECIFIED.,.F.,.F.,(9,7,9),(1.570796326795,3.141592615679,
    4.71238900059),.UNSPECIFIED.);
#1106 = CARTESIAN_POINT('',(-5.030425230584E-15,145.));
#1107 = CARTESIAN_POINT('',(0.196349535202,143.8415377423));
#1108 = CARTESIAN_POINT('',(0.392699070403,142.68307520969));
#1109 = CARTESIAN_POINT('',(0.589048605606,141.59267185217));
#1110 = CARTESIAN_POINT('',(0.785398140805,140.638373482));
#1111 = CARTESIAN_POINT('',(0.98174767601,139.879873635));
#1112 = CARTESIAN_POINT('',(1.178097211211,139.35995866816));
#1113 = CARTESIAN_POINT('',(1.374446746413,139.10000005233));
#1114 = CARTESIAN_POINT('',(1.767145828821,139.09999994766));
#1115 = CARTESIAN_POINT('',(1.963495376027,139.35995849022));
#1116 = CARTESIAN_POINT('',(2.159844923219,139.87987342362));
#1117 = CARTESIAN_POINT('',(2.356194470446,140.63837327144));
#1118 = CARTESIAN_POINT('',(2.552544017631,141.59267168244));
#1119 = CARTESIAN_POINT('',(2.748893564848,142.68307509968));
#1120 = CARTESIAN_POINT('',(2.945243112052,143.84153770492));
#1121 = CARTESIAN_POINT('',(3.141592659258,145.00000003344));
#1122 = ( GEOMETRIC_REPRESENTATION_CONTEXT(2) 
PARAMETRIC_REPRESENTATION_CONTEXT() REPRESENTATION_CONTEXT('2D SPACE',''
  ) );
#1123 = PCURVE('',#1124,#1129);
#1124 = CYLINDRICAL_SURFACE('',#1125,5.9);
#1125 = AXIS2_PLACEMENT_3D('',#1126,#1127,#1128);
#1126 = CARTESIAN_POINT('',(-60.,-3.,23.5));
#1127 = DIRECTION('',(0.,1.,0.));
#1128 = DIRECTION('',(0.,-0.,1.));
#1129 = DEFINITIONAL_REPRESENTATION('',(#1130),#1147);
#1130 = B_SPLINE_CURVE_WITH_KNOTS('',8,(#1131,#1132,#1133,#1134,#1135,
    #1136,#1137,#1138,#1139,#1140,#1141,#1142,#1143,#1144,#1145,#1146),
  .UNSPECIFIED.,.F.,.F.,(9,7,9),(1.570796326795,3.141592615679,
    4.71238900059),.UNSPECIFIED.);
#1131 = CARTESIAN_POINT('',(6.28318530718,22.999999999999));
#1132 = CARTESIAN_POINT('',(6.086835771977,21.841537742308));
#1133 = CARTESIAN_POINT('',(5.890486236777,20.683075209571));
#1134 = CARTESIAN_POINT('',(5.694136701575,19.592671852865));
#1135 = CARTESIAN_POINT('',(5.497787166374,18.638373481439));
#1136 = CARTESIAN_POINT('',(5.301437631171,17.879873635597));
#1137 = CARTESIAN_POINT('',(5.105088095969,17.359958668052));
#1138 = CARTESIAN_POINT('',(4.908738560767,17.100000052339));
#1139 = CARTESIAN_POINT('',(4.516039478359,17.099999947661));
#1140 = CARTESIAN_POINT('',(4.319689931154,17.359958490451));
#1141 = CARTESIAN_POINT('',(4.123340383954,17.879873423169));
#1142 = CARTESIAN_POINT('',(3.926990836741,18.638373272638));
#1143 = CARTESIAN_POINT('',(3.730641289541,19.59267168201));
#1144 = CARTESIAN_POINT('',(3.534291742333,20.683075099873));
#1145 = CARTESIAN_POINT('',(3.337942195127,21.841537704929));
#1146 = CARTESIAN_POINT('',(3.141592647922,23.00000003344));
#1147 = ( GEOMETRIC_REPRESENTATION_CONTEXT(2) 
PARAMETRIC_REPRESENTATION_CONTEXT() REPRESENTATION_CONTEXT('2D SPACE',''
  ) );
#1148 = ORIENTED_EDGE('',*,*,#1149,.T.);
#1149 = EDGE_CURVE('',#1093,#1150,#1152,.T.);
#1150 = VERTEX_POINT('',#1151);
#1151 = CARTESIAN_POINT('',(-54.1,14.1,23.5));
#1152 = SURFACE_CURVE('',#1153,(#1158,#1171),.PCURVE_S1.);
#1153 = ELLIPSE('',#1154,8.343860018001,5.9);
#1154 = AXIS2_PLACEMENT_3D('',#1155,#1156,#1157);
#1155 = CARTESIAN_POINT('',(-60.,20.,23.5));
#1156 = DIRECTION('',(0.707106781187,0.707106781187,0.));
#1157 = DIRECTION('',(0.707106781187,-0.707106781187,0.));
#1158 = PCURVE('',#324,#1159);
#1159 = DEFINITIONAL_REPRESENTATION('',(#1160),#1170);
#1160 = B_SPLINE_CURVE_WITH_KNOTS('',8,(#1161,#1162,#1163,#1164,#1165,
    #1166,#1167,#1168,#1169),.UNSPECIFIED.,.F.,.F.,(9,9),(4.712388884358
    ,6.28318530718),.PIECEWISE_BEZIER_KNOTS.);
#1161 = CARTESIAN_POINT('',(-9.602713113566E-08,144.99999943344));
#1162 = CARTESIAN_POINT('',(0.196349456826,146.15846179527));
#1163 = CARTESIAN_POINT('',(0.392699009679,147.31692445712));
#1164 = CARTESIAN_POINT('',(0.589048562528,148.40732794896));
#1165 = CARTESIAN_POINT('',(0.785398115385,149.36162644299));
#1166 = CARTESIAN_POINT('',(0.981747668234,150.12012637752));
#1167 = CARTESIAN_POINT('',(1.17809722109,150.64004138986));
#1168 = CARTESIAN_POINT('',(1.374446773942,150.9));
#1169 = CARTESIAN_POINT('',(1.570796326795,150.9));
#1170 = ( GEOMETRIC_REPRESENTATION_CONTEXT(2) 
PARAMETRIC_REPRESENTATION_CONTEXT() REPRESENTATION_CONTEXT('2D SPACE',''
  ) );
#1171 = PCURVE('',#1124,#1172);
#1172 = DEFINITIONAL_REPRESENTATION('',(#1173),#1183);
#1173 = B_SPLINE_CURVE_WITH_KNOTS('',8,(#1174,#1175,#1176,#1177,#1178,
    #1179,#1180,#1181,#1182),.UNSPECIFIED.,.F.,.F.,(9,9),(4.712388884358
    ,6.28318530718),.PIECEWISE_BEZIER_KNOTS.);
#1174 = CARTESIAN_POINT('',(-9.602713113566E-08,23.00000056656));
#1175 = CARTESIAN_POINT('',(0.196349456826,21.841538204729));
#1176 = CARTESIAN_POINT('',(0.392699009678,20.683075542881));
#1177 = CARTESIAN_POINT('',(0.589048562528,19.592672050481));
#1178 = CARTESIAN_POINT('',(0.785398115385,18.638373557076));
#1179 = CARTESIAN_POINT('',(0.981747668235,17.879873621872));
#1180 = CARTESIAN_POINT('',(1.17809722109,17.359958610106));
#1181 = CARTESIAN_POINT('',(1.374446773942,17.1));
#1182 = CARTESIAN_POINT('',(1.570796326795,17.1));
#1183 = ( GEOMETRIC_REPRESENTATION_CONTEXT(2) 
PARAMETRIC_REPRESENTATION_CONTEXT() REPRESENTATION_CONTEXT('2D SPACE',''
  ) );
#1184 = ORIENTED_EDGE('',*,*,#1185,.T.);
#1185 = EDGE_CURVE('',#1150,#1095,#1186,.T.);
#1186 = SURFACE_CURVE('',#1187,(#1192,#1205),.PCURVE_S1.);
#1187 = ELLIPSE('',#1188,8.343860018001,5.9);
#1188 = AXIS2_PLACEMENT_3D('',#1189,#1190,#1191);
#1189 = CARTESIAN_POINT('',(-60.,20.,23.5));
#1190 = DIRECTION('',(0.707106781187,0.707106781187,0.));
#1191 = DIRECTION('',(0.707106781187,-0.707106781187,0.));
#1192 = PCURVE('',#324,#1193);
#1193 = DEFINITIONAL_REPRESENTATION('',(#1194),#1204);
#1194 = B_SPLINE_CURVE_WITH_KNOTS('',8,(#1195,#1196,#1197,#1198,#1199,
    #1200,#1201,#1202,#1203),.UNSPECIFIED.,.F.,.F.,(9,9),(0.,
    1.570796422822),.PIECEWISE_BEZIER_KNOTS.);
#1195 = CARTESIAN_POINT('',(1.570796326795,150.9));
#1196 = CARTESIAN_POINT('',(1.767145879648,150.9));
#1197 = CARTESIAN_POINT('',(1.963495432501,150.64004138989));
#1198 = CARTESIAN_POINT('',(2.159844985345,150.12012637762));
#1199 = CARTESIAN_POINT('',(2.356194538206,149.36162644266));
#1200 = CARTESIAN_POINT('',(2.552544091048,148.40732794907));
#1201 = CARTESIAN_POINT('',(2.748893643912,147.3169244571));
#1202 = CARTESIAN_POINT('',(2.945243196764,146.15846179527));
#1203 = CARTESIAN_POINT('',(3.141592749617,144.99999943344));
#1204 = ( GEOMETRIC_REPRESENTATION_CONTEXT(2) 
PARAMETRIC_REPRESENTATION_CONTEXT() REPRESENTATION_CONTEXT('2D SPACE',''
  ) );
#1205 = PCURVE('',#1124,#1206);
#1206 = DEFINITIONAL_REPRESENTATION('',(#1207),#1217);
#1207 = B_SPLINE_CURVE_WITH_KNOTS('',8,(#1208,#1209,#1210,#1211,#1212,
    #1213,#1214,#1215,#1216),.UNSPECIFIED.,.F.,.F.,(9,9),(0.,
    1.570796422822),.PIECEWISE_BEZIER_KNOTS.);
#1208 = CARTESIAN_POINT('',(1.570796326795,17.1));
#1209 = CARTESIAN_POINT('',(1.767145879648,17.1));
#1210 = CARTESIAN_POINT('',(1.963495432501,17.359958610088));
#1211 = CARTESIAN_POINT('',(2.159844985348,17.879873621949));
#1212 = CARTESIAN_POINT('',(2.356194538205,18.638373556968));
#1213 = CARTESIAN_POINT('',(2.552544091051,19.592672050552));
#1214 = CARTESIAN_POINT('',(2.748893643912,20.683075542868));
#1215 = CARTESIAN_POINT('',(2.945243196764,21.841538204729));
#1216 = CARTESIAN_POINT('',(3.141592749617,23.00000056656));
#1217 = ( GEOMETRIC_REPRESENTATION_CONTEXT(2) 
PARAMETRIC_REPRESENTATION_CONTEXT() REPRESENTATION_CONTEXT('2D SPACE',''
  ) );
#1218 = FACE_BOUND('',#1219,.T.);
#1219 = EDGE_LOOP('',(#1220,#1277,#1313));
#1220 = ORIENTED_EDGE('',*,*,#1221,.F.);
#1221 = EDGE_CURVE('',#1222,#1224,#1226,.T.);
#1222 = VERTEX_POINT('',#1223);
#1223 = CARTESIAN_POINT('',(-20.,20.,29.4));
#1224 = VERTEX_POINT('',#1225);
#1225 = CARTESIAN_POINT('',(-19.99999976158,20.,17.6));
#1226 = SURFACE_CURVE('',#1227,(#1232,#1252),.PCURVE_S1.);
#1227 = ELLIPSE('',#1228,8.343860018001,5.9);
#1228 = AXIS2_PLACEMENT_3D('',#1229,#1230,#1231);
#1229 = CARTESIAN_POINT('',(-20.,20.,23.5));
#1230 = DIRECTION('',(0.707106781187,-0.707106781187,0.));
#1231 = DIRECTION('',(0.707106781187,0.707106781187,0.));
#1232 = PCURVE('',#324,#1233);
#1233 = DEFINITIONAL_REPRESENTATION('',(#1234),#1251);
#1234 = B_SPLINE_CURVE_WITH_KNOTS('',8,(#1235,#1236,#1237,#1238,#1239,
    #1240,#1241,#1242,#1243,#1244,#1245,#1246,#1247,#1248,#1249,#1250),
  .UNSPECIFIED.,.F.,.F.,(9,7,9),(1.570796326795,3.141592615679,
    4.71238900059),.UNSPECIFIED.);
#1235 = CARTESIAN_POINT('',(-5.030425230584E-15,185.));
#1236 = CARTESIAN_POINT('',(0.196349535202,183.8415377423));
#1237 = CARTESIAN_POINT('',(0.392699070403,182.68307520938));
#1238 = CARTESIAN_POINT('',(0.589048605605,181.59267185303));
#1239 = CARTESIAN_POINT('',(0.785398140807,180.63837348109));
#1240 = CARTESIAN_POINT('',(0.981747676008,179.87987363566));
#1241 = CARTESIAN_POINT('',(1.178097211211,179.35995866789));
#1242 = CARTESIAN_POINT('',(1.374446746413,179.10000005233));
#1243 = CARTESIAN_POINT('',(1.767145828821,179.09999994766));
#1244 = CARTESIAN_POINT('',(1.963495376026,179.3599584903));
#1245 = CARTESIAN_POINT('',(2.159844923228,179.87987342317));
#1246 = CARTESIAN_POINT('',(2.356194470431,180.63837327214));
#1247 = CARTESIAN_POINT('',(2.552544017637,181.59267168214));
#1248 = CARTESIAN_POINT('',(2.748893564846,182.6830750997));
#1249 = CARTESIAN_POINT('',(2.945243112052,183.84153770492));
#1250 = CARTESIAN_POINT('',(3.141592659258,185.00000003344));
#1251 = ( GEOMETRIC_REPRESENTATION_CONTEXT(2) 
PARAMETRIC_REPRESENTATION_CONTEXT() REPRESENTATION_CONTEXT('2D SPACE',''
  ) );
#1252 = PCURVE('',#1253,#1258);
#1253 = CYLINDRICAL_SURFACE('',#1254,5.9);
#1254 = AXIS2_PLACEMENT_3D('',#1255,#1256,#1257);
#1255 = CARTESIAN_POINT('',(-20.,-3.,23.5));
#1256 = DIRECTION('',(0.,1.,0.));
#1257 = DIRECTION('',(0.,-0.,1.));
#1258 = DEFINITIONAL_REPRESENTATION('',(#1259),#1276);
#1259 = B_SPLINE_CURVE_WITH_KNOTS('',8,(#1260,#1261,#1262,#1263,#1264,
    #1265,#1266,#1267,#1268,#1269,#1270,#1271,#1272,#1273,#1274,#1275),
  .UNSPECIFIED.,.F.,.F.,(9,7,9),(1.570796326795,3.141592615679,
    4.71238900059),.UNSPECIFIED.);
#1260 = CARTESIAN_POINT('',(6.28318530718,22.999999999999));
#1261 = CARTESIAN_POINT('',(6.086835771977,21.841537742308));
#1262 = CARTESIAN_POINT('',(5.890486236776,20.683075209549));
#1263 = CARTESIAN_POINT('',(5.694136701578,19.592671852931));
#1264 = CARTESIAN_POINT('',(5.497787166371,18.638373481302));
#1265 = CARTESIAN_POINT('',(5.301437631174,17.879873635695));
#1266 = CARTESIAN_POINT('',(5.105088095967,17.359958668026));
#1267 = CARTESIAN_POINT('',(4.908738560767,17.100000052339));
#1268 = CARTESIAN_POINT('',(4.516039478359,17.099999947661));
#1269 = CARTESIAN_POINT('',(4.319689931154,17.359958490461));
#1270 = CARTESIAN_POINT('',(4.123340383952,17.879873423128));
#1271 = CARTESIAN_POINT('',(3.926990836741,18.638373272699));
#1272 = CARTESIAN_POINT('',(3.730641289543,19.592671681968));
#1273 = CARTESIAN_POINT('',(3.534291742332,20.68307509988));
#1274 = CARTESIAN_POINT('',(3.337942195127,21.841537704929));
#1275 = CARTESIAN_POINT('',(3.141592647922,23.00000003344));
#1276 = ( GEOMETRIC_REPRESENTATION_CONTEXT(2) 
PARAMETRIC_REPRESENTATION_CONTEXT() REPRESENTATION_CONTEXT('2D SPACE',''
  ) );
#1277 = ORIENTED_EDGE('',*,*,#1278,.T.);
#1278 = EDGE_CURVE('',#1222,#1279,#1281,.T.);
#1279 = VERTEX_POINT('',#1280);
#1280 = CARTESIAN_POINT('',(-14.1,14.1,23.5));
#1281 = SURFACE_CURVE('',#1282,(#1287,#1300),.PCURVE_S1.);
#1282 = ELLIPSE('',#1283,8.343860018001,5.9);
#1283 = AXIS2_PLACEMENT_3D('',#1284,#1285,#1286);
#1284 = CARTESIAN_POINT('',(-20.,20.,23.5));
#1285 = DIRECTION('',(0.707106781187,0.707106781187,0.));
#1286 = DIRECTION('',(0.707106781187,-0.707106781187,0.));
#1287 = PCURVE('',#324,#1288);
#1288 = DEFINITIONAL_REPRESENTATION('',(#1289),#1299);
#1289 = B_SPLINE_CURVE_WITH_KNOTS('',8,(#1290,#1291,#1292,#1293,#1294,
    #1295,#1296,#1297,#1298),.UNSPECIFIED.,.F.,.F.,(9,9),(4.712388884358
    ,6.28318530718),.PIECEWISE_BEZIER_KNOTS.);
#1290 = CARTESIAN_POINT('',(-9.602713113566E-08,184.99999943344));
#1291 = CARTESIAN_POINT('',(0.196349456826,186.15846179527));
#1292 = CARTESIAN_POINT('',(0.392699009679,187.31692445722));
#1293 = CARTESIAN_POINT('',(0.589048562528,188.40732794851));
#1294 = CARTESIAN_POINT('',(0.785398115385,189.36162644368));
#1295 = CARTESIAN_POINT('',(0.981747668234,190.12012637728));
#1296 = CARTESIAN_POINT('',(1.17809722109,190.64004139003));
#1297 = CARTESIAN_POINT('',(1.374446773942,190.9));
#1298 = CARTESIAN_POINT('',(1.570796326795,190.9));
#1299 = ( GEOMETRIC_REPRESENTATION_CONTEXT(2) 
PARAMETRIC_REPRESENTATION_CONTEXT() REPRESENTATION_CONTEXT('2D SPACE',''
  ) );
#1300 = PCURVE('',#1253,#1301);
#1301 = DEFINITIONAL_REPRESENTATION('',(#1302),#1312);
#1302 = B_SPLINE_CURVE_WITH_KNOTS('',8,(#1303,#1304,#1305,#1306,#1307,
    #1308,#1309,#1310,#1311),.UNSPECIFIED.,.F.,.F.,(9,9),(4.712388884358
    ,6.28318530718),.PIECEWISE_BEZIER_KNOTS.);
#1303 = CARTESIAN_POINT('',(-9.602713113566E-08,23.00000056656));
#1304 = CARTESIAN_POINT('',(0.196349456826,21.841538204729));
#1305 = CARTESIAN_POINT('',(0.392699009679,20.683075542881));
#1306 = CARTESIAN_POINT('',(0.589048562528,19.592672050481));
#1307 = CARTESIAN_POINT('',(0.785398115385,18.638373557076));
#1308 = CARTESIAN_POINT('',(0.981747668234,17.879873621872));
#1309 = CARTESIAN_POINT('',(1.17809722109,17.359958610106));
#1310 = CARTESIAN_POINT('',(1.374446773942,17.1));
#1311 = CARTESIAN_POINT('',(1.570796326795,17.1));
#1312 = ( GEOMETRIC_REPRESENTATION_CONTEXT(2) 
PARAMETRIC_REPRESENTATION_CONTEXT() REPRESENTATION_CONTEXT('2D SPACE',''
  ) );
#1313 = ORIENTED_EDGE('',*,*,#1314,.T.);
#1314 = EDGE_CURVE('',#1279,#1224,#1315,.T.);
#1315 = SURFACE_CURVE('',#1316,(#1321,#1334),.PCURVE_S1.);
#1316 = ELLIPSE('',#1317,8.343860018001,5.9);
#1317 = AXIS2_PLACEMENT_3D('',#1318,#1319,#1320);
#1318 = CARTESIAN_POINT('',(-20.,20.,23.5));
#1319 = DIRECTION('',(0.707106781187,0.707106781187,0.));
#1320 = DIRECTION('',(0.707106781187,-0.707106781187,0.));
#1321 = PCURVE('',#324,#1322);
#1322 = DEFINITIONAL_REPRESENTATION('',(#1323),#1333);
#1323 = B_SPLINE_CURVE_WITH_KNOTS('',8,(#1324,#1325,#1326,#1327,#1328,
    #1329,#1330,#1331,#1332),.UNSPECIFIED.,.F.,.F.,(9,9),(0.,
    1.570796422822),.PIECEWISE_BEZIER_KNOTS.);
#1324 = CARTESIAN_POINT('',(1.570796326795,190.9));
#1325 = CARTESIAN_POINT('',(1.767145879648,190.9));
#1326 = CARTESIAN_POINT('',(1.963495432503,190.64004138984));
#1327 = CARTESIAN_POINT('',(2.159844985338,190.12012637806));
#1328 = CARTESIAN_POINT('',(2.356194538215,189.36162644256));
#1329 = CARTESIAN_POINT('',(2.552544091041,188.40732794932));
#1330 = CARTESIAN_POINT('',(2.748893643914,187.31692445704));
#1331 = CARTESIAN_POINT('',(2.945243196764,186.15846179527));
#1332 = CARTESIAN_POINT('',(3.141592749617,184.99999943344));
#1333 = ( GEOMETRIC_REPRESENTATION_CONTEXT(2) 
PARAMETRIC_REPRESENTATION_CONTEXT() REPRESENTATION_CONTEXT('2D SPACE',''
  ) );
#1334 = PCURVE('',#1253,#1335);
#1335 = DEFINITIONAL_REPRESENTATION('',(#1336),#1346);
#1336 = B_SPLINE_CURVE_WITH_KNOTS('',8,(#1337,#1338,#1339,#1340,#1341,
    #1342,#1343,#1344,#1345),.UNSPECIFIED.,.F.,.F.,(9,9),(0.,
    1.570796422822),.PIECEWISE_BEZIER_KNOTS.);
#1337 = CARTESIAN_POINT('',(1.570796326795,17.1));
#1338 = CARTESIAN_POINT('',(1.767145879648,17.1));
#1339 = CARTESIAN_POINT('',(1.963495432503,17.35995861011));
#1340 = CARTESIAN_POINT('',(2.159844985338,17.879873621862));
#1341 = CARTESIAN_POINT('',(2.356194538215,18.638373557143));
#1342 = CARTESIAN_POINT('',(2.552544091041,19.592672050494));
#1343 = CARTESIAN_POINT('',(2.748893643914,20.68307554289));
#1344 = CARTESIAN_POINT('',(2.945243196764,21.841538204729));
#1345 = CARTESIAN_POINT('',(3.141592749617,23.00000056656));
#1346 = ( GEOMETRIC_REPRESENTATION_CONTEXT(2) 
PARAMETRIC_REPRESENTATION_CONTEXT() REPRESENTATION_CONTEXT('2D SPACE',''
  ) );
#1347 = FACE_BOUND('',#1348,.T.);
#1348 = EDGE_LOOP('',(#1349,#1406,#1442));
#1349 = ORIENTED_EDGE('',*,*,#1350,.F.);
#1350 = EDGE_CURVE('',#1351,#1353,#1355,.T.);
#1351 = VERTEX_POINT('',#1352);
#1352 = CARTESIAN_POINT('',(20.,20.,29.4));
#1353 = VERTEX_POINT('',#1354);
#1354 = CARTESIAN_POINT('',(20.000000238419,20.,17.6));
#1355 = SURFACE_CURVE('',#1356,(#1361,#1381),.PCURVE_S1.);
#1356 = ELLIPSE('',#1357,8.343860018001,5.9);
#1357 = AXIS2_PLACEMENT_3D('',#1358,#1359,#1360);
#1358 = CARTESIAN_POINT('',(20.,20.,23.5));
#1359 = DIRECTION('',(0.707106781187,-0.707106781187,0.));
#1360 = DIRECTION('',(0.707106781187,0.707106781187,0.));
#1361 = PCURVE('',#324,#1362);
#1362 = DEFINITIONAL_REPRESENTATION('',(#1363),#1380);
#1363 = B_SPLINE_CURVE_WITH_KNOTS('',8,(#1364,#1365,#1366,#1367,#1368,
    #1369,#1370,#1371,#1372,#1373,#1374,#1375,#1376,#1377,#1378,#1379),
  .UNSPECIFIED.,.F.,.F.,(9,7,9),(1.570796326795,3.141592615679,
    4.71238900059),.UNSPECIFIED.);
#1364 = CARTESIAN_POINT('',(-5.030425230584E-15,225.));
#1365 = CARTESIAN_POINT('',(0.196349535202,223.8415377423));
#1366 = CARTESIAN_POINT('',(0.392699070403,222.68307520961));
#1367 = CARTESIAN_POINT('',(0.589048605605,221.59267185219));
#1368 = CARTESIAN_POINT('',(0.785398140807,220.63837348164));
#1369 = CARTESIAN_POINT('',(0.981747676008,219.87987363517));
#1370 = CARTESIAN_POINT('',(1.178097211211,219.35995866804));
#1371 = CARTESIAN_POINT('',(1.374446746413,219.10000005233));
#1372 = CARTESIAN_POINT('',(1.767145828821,219.09999994766));
#1373 = CARTESIAN_POINT('',(1.963495376026,219.35995849036));
#1374 = CARTESIAN_POINT('',(2.159844923228,219.87987342271));
#1375 = CARTESIAN_POINT('',(2.356194470431,220.63837327225));
#1376 = CARTESIAN_POINT('',(2.552544017637,221.59267168144));
#1377 = CARTESIAN_POINT('',(2.748893564846,222.68307509979));
#1378 = CARTESIAN_POINT('',(2.945243112052,223.84153770492));
#1379 = CARTESIAN_POINT('',(3.141592659258,225.00000003344));
#1380 = ( GEOMETRIC_REPRESENTATION_CONTEXT(2) 
PARAMETRIC_REPRESENTATION_CONTEXT() REPRESENTATION_CONTEXT('2D SPACE',''
  ) );
#1381 = PCURVE('',#1382,#1387);
#1382 = CYLINDRICAL_SURFACE('',#1383,5.9);
#1383 = AXIS2_PLACEMENT_3D('',#1384,#1385,#1386);
#1384 = CARTESIAN_POINT('',(20.,-3.,23.5));
#1385 = DIRECTION('',(0.,1.,0.));
#1386 = DIRECTION('',(0.,-0.,1.));
#1387 = DEFINITIONAL_REPRESENTATION('',(#1388),#1405);
#1388 = B_SPLINE_CURVE_WITH_KNOTS('',8,(#1389,#1390,#1391,#1392,#1393,
    #1394,#1395,#1396,#1397,#1398,#1399,#1400,#1401,#1402,#1403,#1404),
  .UNSPECIFIED.,.F.,.F.,(9,7,9),(1.570796326795,3.141592615679,
    4.71238900059),.UNSPECIFIED.);
#1389 = CARTESIAN_POINT('',(6.28318530718,22.999999999999));
#1390 = CARTESIAN_POINT('',(6.086835771977,21.841537742308));
#1391 = CARTESIAN_POINT('',(5.890486236776,20.683075209549));
#1392 = CARTESIAN_POINT('',(5.694136701575,19.592671852931));
#1393 = CARTESIAN_POINT('',(5.497787166373,18.638373481302));
#1394 = CARTESIAN_POINT('',(5.301437631172,17.879873635695));
#1395 = CARTESIAN_POINT('',(5.105088095968,17.359958668026));
#1396 = CARTESIAN_POINT('',(4.908738560767,17.100000052339));
#1397 = CARTESIAN_POINT('',(4.516039478359,17.099999947661));
#1398 = CARTESIAN_POINT('',(4.319689931154,17.359958490461));
#1399 = CARTESIAN_POINT('',(4.123340383952,17.879873423128));
#1400 = CARTESIAN_POINT('',(3.926990836741,18.638373272699));
#1401 = CARTESIAN_POINT('',(3.730641289543,19.592671681968));
#1402 = CARTESIAN_POINT('',(3.534291742332,20.68307509988));
#1403 = CARTESIAN_POINT('',(3.337942195127,21.841537704929));
#1404 = CARTESIAN_POINT('',(3.141592647922,23.00000003344));
#1405 = ( GEOMETRIC_REPRESENTATION_CONTEXT(2) 
PARAMETRIC_REPRESENTATION_CONTEXT() REPRESENTATION_CONTEXT('2D SPACE',''
  ) );
#1406 = ORIENTED_EDGE('',*,*,#1407,.T.);
#1407 = EDGE_CURVE('',#1351,#1408,#1410,.T.);
#1408 = VERTEX_POINT('',#1409);
#1409 = CARTESIAN_POINT('',(25.9,14.1,23.5));
#1410 = SURFACE_CURVE('',#1411,(#1416,#1429),.PCURVE_S1.);
#1411 = ELLIPSE('',#1412,8.343860018001,5.9);
#1412 = AXIS2_PLACEMENT_3D('',#1413,#1414,#1415);
#1413 = CARTESIAN_POINT('',(20.,20.,23.5));
#1414 = DIRECTION('',(0.707106781187,0.707106781187,0.));
#1415 = DIRECTION('',(0.707106781187,-0.707106781187,0.));
#1416 = PCURVE('',#324,#1417);
#1417 = DEFINITIONAL_REPRESENTATION('',(#1418),#1428);
#1418 = B_SPLINE_CURVE_WITH_KNOTS('',8,(#1419,#1420,#1421,#1422,#1423,
    #1424,#1425,#1426,#1427),.UNSPECIFIED.,.F.,.F.,(9,9),(4.712388884358
    ,6.28318530718),.PIECEWISE_BEZIER_KNOTS.);
#1419 = CARTESIAN_POINT('',(-9.602713113566E-08,224.99999943344));
#1420 = CARTESIAN_POINT('',(0.196349456826,226.15846179527));
#1421 = CARTESIAN_POINT('',(0.392699009679,227.31692445705));
#1422 = CARTESIAN_POINT('',(0.589048562528,228.40732794928));
#1423 = CARTESIAN_POINT('',(0.785398115385,229.3616264427));
#1424 = CARTESIAN_POINT('',(0.981747668234,230.12012637783));
#1425 = CARTESIAN_POINT('',(1.17809722109,230.64004138988));
#1426 = CARTESIAN_POINT('',(1.374446773942,230.9));
#1427 = CARTESIAN_POINT('',(1.570796326795,230.9));
#1428 = ( GEOMETRIC_REPRESENTATION_CONTEXT(2) 
PARAMETRIC_REPRESENTATION_CONTEXT() REPRESENTATION_CONTEXT('2D SPACE',''
  ) );
#1429 = PCURVE('',#1382,#1430);
#1430 = DEFINITIONAL_REPRESENTATION('',(#1431),#1441);
#1431 = B_SPLINE_CURVE_WITH_KNOTS('',8,(#1432,#1433,#1434,#1435,#1436,
    #1437,#1438,#1439,#1440),.UNSPECIFIED.,.F.,.F.,(9,9),(4.712388884358
    ,6.28318530718),.PIECEWISE_BEZIER_KNOTS.);
#1432 = CARTESIAN_POINT('',(-9.602713113566E-08,23.00000056656));
#1433 = CARTESIAN_POINT('',(0.196349456826,21.841538204729));
#1434 = CARTESIAN_POINT('',(0.392699009678,20.683075542881));
#1435 = CARTESIAN_POINT('',(0.589048562531,19.592672050481));
#1436 = CARTESIAN_POINT('',(0.78539811538,18.638373557076));
#1437 = CARTESIAN_POINT('',(0.981747668236,17.879873621872));
#1438 = CARTESIAN_POINT('',(1.178097221089,17.359958610106));
#1439 = CARTESIAN_POINT('',(1.374446773942,17.1));
#1440 = CARTESIAN_POINT('',(1.570796326795,17.1));
#1441 = ( GEOMETRIC_REPRESENTATION_CONTEXT(2) 
PARAMETRIC_REPRESENTATION_CONTEXT() REPRESENTATION_CONTEXT('2D SPACE',''
  ) );
#1442 = ORIENTED_EDGE('',*,*,#1443,.T.);
#1443 = EDGE_CURVE('',#1408,#1353,#1444,.T.);
#1444 = SURFACE_CURVE('',#1445,(#1450,#1463),.PCURVE_S1.);
#1445 = ELLIPSE('',#1446,8.343860018001,5.9);
#1446 = AXIS2_PLACEMENT_3D('',#1447,#1448,#1449);
#1447 = CARTESIAN_POINT('',(20.,20.,23.5));
#1448 = DIRECTION('',(0.707106781187,0.707106781187,0.));
#1449 = DIRECTION('',(0.707106781187,-0.707106781187,0.));
#1450 = PCURVE('',#324,#1451);
#1451 = DEFINITIONAL_REPRESENTATION('',(#1452),#1462);
#1452 = B_SPLINE_CURVE_WITH_KNOTS('',8,(#1453,#1454,#1455,#1456,#1457,
    #1458,#1459,#1460,#1461),.UNSPECIFIED.,.F.,.F.,(9,9),(0.,
    1.570796422822),.PIECEWISE_BEZIER_KNOTS.);
#1453 = CARTESIAN_POINT('',(1.570796326795,230.9));
#1454 = CARTESIAN_POINT('',(1.767145879648,230.9));
#1455 = CARTESIAN_POINT('',(1.963495432503,230.64004138973));
#1456 = CARTESIAN_POINT('',(2.159844985338,230.12012637781));
#1457 = CARTESIAN_POINT('',(2.356194538215,229.36162644276));
#1458 = CARTESIAN_POINT('',(2.552544091041,228.40732794907));
#1459 = CARTESIAN_POINT('',(2.748893643914,227.31692445703));
#1460 = CARTESIAN_POINT('',(2.945243196764,226.15846179527));
#1461 = CARTESIAN_POINT('',(3.141592749617,224.99999943344));
#1462 = ( GEOMETRIC_REPRESENTATION_CONTEXT(2) 
PARAMETRIC_REPRESENTATION_CONTEXT() REPRESENTATION_CONTEXT('2D SPACE',''
  ) );
#1463 = PCURVE('',#1382,#1464);
#1464 = DEFINITIONAL_REPRESENTATION('',(#1465),#1475);
#1465 = B_SPLINE_CURVE_WITH_KNOTS('',8,(#1466,#1467,#1468,#1469,#1470,
    #1471,#1472,#1473,#1474),.UNSPECIFIED.,.F.,.F.,(9,9),(0.,
    1.570796422822),.PIECEWISE_BEZIER_KNOTS.);
#1466 = CARTESIAN_POINT('',(1.570796326795,17.1));
#1467 = CARTESIAN_POINT('',(1.767145879648,17.1));
#1468 = CARTESIAN_POINT('',(1.963495432503,17.35995861011));
#1469 = CARTESIAN_POINT('',(2.159844985338,17.879873621862));
#1470 = CARTESIAN_POINT('',(2.356194538215,18.638373557143));
#1471 = CARTESIAN_POINT('',(2.552544091041,19.592672050494));
#1472 = CARTESIAN_POINT('',(2.748893643914,20.68307554289));
#1473 = CARTESIAN_POINT('',(2.945243196764,21.841538204729));
#1474 = CARTESIAN_POINT('',(3.141592749617,23.00000056656));
#1475 = ( GEOMETRIC_REPRESENTATION_CONTEXT(2) 
PARAMETRIC_REPRESENTATION_CONTEXT() REPRESENTATION_CONTEXT('2D SPACE',''
  ) );
#1476 = FACE_BOUND('',#1477,.T.);
#1477 = EDGE_LOOP('',(#1478,#1535,#1571));
#1478 = ORIENTED_EDGE('',*,*,#1479,.F.);
#1479 = EDGE_CURVE('',#1480,#1482,#1484,.T.);
#1480 = VERTEX_POINT('',#1481);
#1481 = CARTESIAN_POINT('',(60.,20.,29.4));
#1482 = VERTEX_POINT('',#1483);
#1483 = CARTESIAN_POINT('',(60.000000238419,20.,17.6));
#1484 = SURFACE_CURVE('',#1485,(#1490,#1510),.PCURVE_S1.);
#1485 = ELLIPSE('',#1486,8.343860018001,5.9);
#1486 = AXIS2_PLACEMENT_3D('',#1487,#1488,#1489);
#1487 = CARTESIAN_POINT('',(60.,20.,23.5));
#1488 = DIRECTION('',(0.707106781187,-0.707106781187,0.));
#1489 = DIRECTION('',(0.707106781187,0.707106781187,0.));
#1490 = PCURVE('',#324,#1491);
#1491 = DEFINITIONAL_REPRESENTATION('',(#1492),#1509);
#1492 = B_SPLINE_CURVE_WITH_KNOTS('',8,(#1493,#1494,#1495,#1496,#1497,
    #1498,#1499,#1500,#1501,#1502,#1503,#1504,#1505,#1506,#1507,#1508),
  .UNSPECIFIED.,.F.,.F.,(9,7,9),(1.570796326795,3.141592615679,
    4.71238900059),.UNSPECIFIED.);
#1493 = CARTESIAN_POINT('',(-6.948752931128E-15,265.));
#1494 = CARTESIAN_POINT('',(0.196349535202,263.8415377423));
#1495 = CARTESIAN_POINT('',(0.392699070403,262.68307520967));
#1496 = CARTESIAN_POINT('',(0.589048605606,261.59267185227));
#1497 = CARTESIAN_POINT('',(0.785398140805,260.63837348217));
#1498 = CARTESIAN_POINT('',(0.98174767601,259.87987363502));
#1499 = CARTESIAN_POINT('',(1.178097211211,259.35995866812));
#1500 = CARTESIAN_POINT('',(1.374446746413,259.10000005233));
#1501 = CARTESIAN_POINT('',(1.767145828821,259.09999994766));
#1502 = CARTESIAN_POINT('',(1.963495376027,259.35995848992));
#1503 = CARTESIAN_POINT('',(2.159844923219,259.87987342441));
#1504 = CARTESIAN_POINT('',(2.356194470446,260.63837326998));
#1505 = CARTESIAN_POINT('',(2.552544017631,261.59267168327));
#1506 = CARTESIAN_POINT('',(2.748893564848,262.68307509938));
#1507 = CARTESIAN_POINT('',(2.945243112052,263.84153770492));
#1508 = CARTESIAN_POINT('',(3.141592659258,265.00000003344));
#1509 = ( GEOMETRIC_REPRESENTATION_CONTEXT(2) 
PARAMETRIC_REPRESENTATION_CONTEXT() REPRESENTATION_CONTEXT('2D SPACE',''
  ) );
#1510 = PCURVE('',#1511,#1516);
#1511 = CYLINDRICAL_SURFACE('',#1512,5.9);
#1512 = AXIS2_PLACEMENT_3D('',#1513,#1514,#1515);
#1513 = CARTESIAN_POINT('',(60.,-3.,23.5));
#1514 = DIRECTION('',(0.,1.,0.));
#1515 = DIRECTION('',(0.,-0.,1.));
#1516 = DEFINITIONAL_REPRESENTATION('',(#1517),#1534);
#1517 = B_SPLINE_CURVE_WITH_KNOTS('',8,(#1518,#1519,#1520,#1521,#1522,
    #1523,#1524,#1525,#1526,#1527,#1528,#1529,#1530,#1531,#1532,#1533),
  .UNSPECIFIED.,.F.,.F.,(9,7,9),(1.570796326795,3.141592615679,
    4.71238900059),.UNSPECIFIED.);
#1518 = CARTESIAN_POINT('',(6.28318530718,22.999999999999));
#1519 = CARTESIAN_POINT('',(6.086835771977,21.841537742308));
#1520 = CARTESIAN_POINT('',(5.890486236777,20.683075209571));
#1521 = CARTESIAN_POINT('',(5.694136701575,19.592671852865));
#1522 = CARTESIAN_POINT('',(5.497787166374,18.638373481439));
#1523 = CARTESIAN_POINT('',(5.301437631171,17.879873635597));
#1524 = CARTESIAN_POINT('',(5.105088095969,17.359958668052));
#1525 = CARTESIAN_POINT('',(4.908738560767,17.100000052339));
#1526 = CARTESIAN_POINT('',(4.516039478359,17.099999947661));
#1527 = CARTESIAN_POINT('',(4.319689931154,17.359958490451));
#1528 = CARTESIAN_POINT('',(4.123340383954,17.879873423169));
#1529 = CARTESIAN_POINT('',(3.926990836744,18.638373272638));
#1530 = CARTESIAN_POINT('',(3.730641289545,19.59267168201));
#1531 = CARTESIAN_POINT('',(3.534291742333,20.683075099873));
#1532 = CARTESIAN_POINT('',(3.337942195127,21.841537704929));
#1533 = CARTESIAN_POINT('',(3.141592647922,23.00000003344));
#1534 = ( GEOMETRIC_REPRESENTATION_CONTEXT(2) 
PARAMETRIC_REPRESENTATION_CONTEXT() REPRESENTATION_CONTEXT('2D SPACE',''
  ) );
#1535 = ORIENTED_EDGE('',*,*,#1536,.T.);
#1536 = EDGE_CURVE('',#1480,#1537,#1539,.T.);
#1537 = VERTEX_POINT('',#1538);
#1538 = CARTESIAN_POINT('',(65.9,14.1,23.5));
#1539 = SURFACE_CURVE('',#1540,(#1545,#1558),.PCURVE_S1.);
#1540 = ELLIPSE('',#1541,8.343860018001,5.9);
#1541 = AXIS2_PLACEMENT_3D('',#1542,#1543,#1544);
#1542 = CARTESIAN_POINT('',(60.,20.,23.5));
#1543 = DIRECTION('',(0.707106781187,0.707106781187,0.));
#1544 = DIRECTION('',(0.707106781187,-0.707106781187,0.));
#1545 = PCURVE('',#324,#1546);
#1546 = DEFINITIONAL_REPRESENTATION('',(#1547),#1557);
#1547 = B_SPLINE_CURVE_WITH_KNOTS('',8,(#1548,#1549,#1550,#1551,#1552,
    #1553,#1554,#1555,#1556),.UNSPECIFIED.,.F.,.F.,(9,9),(4.712388884358
    ,6.28318530718),.PIECEWISE_BEZIER_KNOTS.);
#1548 = CARTESIAN_POINT('',(-9.602713113566E-08,264.99999943344));
#1549 = CARTESIAN_POINT('',(0.196349456826,266.15846179527));
#1550 = CARTESIAN_POINT('',(0.392699009679,267.31692445716));
#1551 = CARTESIAN_POINT('',(0.589048562528,268.40732794859));
#1552 = CARTESIAN_POINT('',(0.785398115385,269.36162644304));
#1553 = CARTESIAN_POINT('',(0.981747668234,270.12012637748));
#1554 = CARTESIAN_POINT('',(1.17809722109,270.64004138991));
#1555 = CARTESIAN_POINT('',(1.374446773942,270.9));
#1556 = CARTESIAN_POINT('',(1.570796326795,270.9));
#1557 = ( GEOMETRIC_REPRESENTATION_CONTEXT(2) 
PARAMETRIC_REPRESENTATION_CONTEXT() REPRESENTATION_CONTEXT('2D SPACE',''
  ) );
#1558 = PCURVE('',#1511,#1559);
#1559 = DEFINITIONAL_REPRESENTATION('',(#1560),#1570);
#1560 = B_SPLINE_CURVE_WITH_KNOTS('',8,(#1561,#1562,#1563,#1564,#1565,
    #1566,#1567,#1568,#1569),.UNSPECIFIED.,.F.,.F.,(9,9),(4.712388884358
    ,6.28318530718),.PIECEWISE_BEZIER_KNOTS.);
#1561 = CARTESIAN_POINT('',(-9.602713113566E-08,23.00000056656));
#1562 = CARTESIAN_POINT('',(0.196349456826,21.841538204729));
#1563 = CARTESIAN_POINT('',(0.392699009678,20.683075542881));
#1564 = CARTESIAN_POINT('',(0.589048562528,19.592672050481));
#1565 = CARTESIAN_POINT('',(0.785398115385,18.638373557076));
#1566 = CARTESIAN_POINT('',(0.981747668235,17.879873621872));
#1567 = CARTESIAN_POINT('',(1.17809722109,17.359958610106));
#1568 = CARTESIAN_POINT('',(1.374446773942,17.1));
#1569 = CARTESIAN_POINT('',(1.570796326795,17.1));
#1570 = ( GEOMETRIC_REPRESENTATION_CONTEXT(2) 
PARAMETRIC_REPRESENTATION_CONTEXT() REPRESENTATION_CONTEXT('2D SPACE',''
  ) );
#1571 = ORIENTED_EDGE('',*,*,#1572,.T.);
#1572 = EDGE_CURVE('',#1537,#1482,#1573,.T.);
#1573 = SURFACE_CURVE('',#1574,(#1579,#1592),.PCURVE_S1.);
#1574 = ELLIPSE('',#1575,8.343860018001,5.9);
#1575 = AXIS2_PLACEMENT_3D('',#1576,#1577,#1578);
#1576 = CARTESIAN_POINT('',(60.,20.,23.5));
#1577 = DIRECTION('',(0.707106781187,0.707106781187,0.));
#1578 = DIRECTION('',(0.707106781187,-0.707106781187,0.));
#1579 = PCURVE('',#324,#1580);
#1580 = DEFINITIONAL_REPRESENTATION('',(#1581),#1591);
#1581 = B_SPLINE_CURVE_WITH_KNOTS('',8,(#1582,#1583,#1584,#1585,#1586,
    #1587,#1588,#1589,#1590),.UNSPECIFIED.,.F.,.F.,(9,9),(0.,
    1.570796422822),.PIECEWISE_BEZIER_KNOTS.);
#1582 = CARTESIAN_POINT('',(1.570796326795,270.9));
#1583 = CARTESIAN_POINT('',(1.767145879648,270.9));
#1584 = CARTESIAN_POINT('',(1.963495432501,270.64004138981));
#1585 = CARTESIAN_POINT('',(2.159844985345,270.12012637782));
#1586 = CARTESIAN_POINT('',(2.356194538206,269.36162644241));
#1587 = CARTESIAN_POINT('',(2.552544091048,268.4073279493));
#1588 = CARTESIAN_POINT('',(2.748893643912,267.31692445697));
#1589 = CARTESIAN_POINT('',(2.945243196764,266.15846179527));
#1590 = CARTESIAN_POINT('',(3.141592749617,264.99999943344));
#1591 = ( GEOMETRIC_REPRESENTATION_CONTEXT(2) 
PARAMETRIC_REPRESENTATION_CONTEXT() REPRESENTATION_CONTEXT('2D SPACE',''
  ) );
#1592 = PCURVE('',#1511,#1593);
#1593 = DEFINITIONAL_REPRESENTATION('',(#1594),#1604);
#1594 = B_SPLINE_CURVE_WITH_KNOTS('',8,(#1595,#1596,#1597,#1598,#1599,
    #1600,#1601,#1602,#1603),.UNSPECIFIED.,.F.,.F.,(9,9),(0.,
    1.570796422822),.PIECEWISE_BEZIER_KNOTS.);
#1595 = CARTESIAN_POINT('',(1.570796326795,17.1));
#1596 = CARTESIAN_POINT('',(1.767145879648,17.1));
#1597 = CARTESIAN_POINT('',(1.963495432501,17.359958610088));
#1598 = CARTESIAN_POINT('',(2.159844985348,17.879873621949));
#1599 = CARTESIAN_POINT('',(2.356194538205,18.638373556968));
#1600 = CARTESIAN_POINT('',(2.552544091051,19.592672050552));
#1601 = CARTESIAN_POINT('',(2.748893643912,20.683075542868));
#1602 = CARTESIAN_POINT('',(2.945243196764,21.841538204729));
#1603 = CARTESIAN_POINT('',(3.141592749617,23.00000056656));
#1604 = ( GEOMETRIC_REPRESENTATION_CONTEXT(2) 
PARAMETRIC_REPRESENTATION_CONTEXT() REPRESENTATION_CONTEXT('2D SPACE',''
  ) );
#1605 = FACE_BOUND('',#1606,.T.);
#1606 = EDGE_LOOP('',(#1607,#1664,#1700));
#1607 = ORIENTED_EDGE('',*,*,#1608,.F.);
#1608 = EDGE_CURVE('',#1609,#1611,#1613,.T.);
#1609 = VERTEX_POINT('',#1610);
#1610 = CARTESIAN_POINT('',(100.,20.,29.4));
#1611 = VERTEX_POINT('',#1612);
#1612 = CARTESIAN_POINT('',(100.00000023841,20.,17.6));
#1613 = SURFACE_CURVE('',#1614,(#1619,#1639),.PCURVE_S1.);
#1614 = ELLIPSE('',#1615,8.343860018001,5.9);
#1615 = AXIS2_PLACEMENT_3D('',#1616,#1617,#1618);
#1616 = CARTESIAN_POINT('',(100.,20.,23.5));
#1617 = DIRECTION('',(0.707106781187,-0.707106781187,0.));
#1618 = DIRECTION('',(0.707106781187,0.707106781187,0.));
#1619 = PCURVE('',#324,#1620);
#1620 = DEFINITIONAL_REPRESENTATION('',(#1621),#1638);
#1621 = B_SPLINE_CURVE_WITH_KNOTS('',8,(#1622,#1623,#1624,#1625,#1626,
    #1627,#1628,#1629,#1630,#1631,#1632,#1633,#1634,#1635,#1636,#1637),
  .UNSPECIFIED.,.F.,.F.,(9,7,9),(1.570796326795,3.141592615678,
    4.712389000589),.UNSPECIFIED.);
#1622 = CARTESIAN_POINT('',(-6.599966100848E-15,305.));
#1623 = CARTESIAN_POINT('',(0.196349535202,303.8415377423));
#1624 = CARTESIAN_POINT('',(0.392699070403,302.68307520887));
#1625 = CARTESIAN_POINT('',(0.589048605606,301.59267185442));
#1626 = CARTESIAN_POINT('',(0.785398140802,300.6383734779));
#1627 = CARTESIAN_POINT('',(0.98174767601,299.87987363738));
#1628 = CARTESIAN_POINT('',(1.178097211211,299.35995866742));
#1629 = CARTESIAN_POINT('',(1.374446746413,299.10000005233));
#1630 = CARTESIAN_POINT('',(1.767145828821,299.09999994766));
#1631 = CARTESIAN_POINT('',(1.963495376026,299.35995849041));
#1632 = CARTESIAN_POINT('',(2.159844923228,299.87987342279));
#1633 = CARTESIAN_POINT('',(2.356194470431,300.63837327219));
#1634 = CARTESIAN_POINT('',(2.552544017637,301.59267168141));
#1635 = CARTESIAN_POINT('',(2.748893564846,302.6830750999));
#1636 = CARTESIAN_POINT('',(2.945243112052,303.84153770492));
#1637 = CARTESIAN_POINT('',(3.141592659258,305.00000003344));
#1638 = ( GEOMETRIC_REPRESENTATION_CONTEXT(2) 
PARAMETRIC_REPRESENTATION_CONTEXT() REPRESENTATION_CONTEXT('2D SPACE',''
  ) );
#1639 = PCURVE('',#1640,#1645);
#1640 = CYLINDRICAL_SURFACE('',#1641,5.9);
#1641 = AXIS2_PLACEMENT_3D('',#1642,#1643,#1644);
#1642 = CARTESIAN_POINT('',(100.,-3.,23.5));
#1643 = DIRECTION('',(0.,1.,0.));
#1644 = DIRECTION('',(0.,-0.,1.));
#1645 = DEFINITIONAL_REPRESENTATION('',(#1646),#1663);
#1646 = B_SPLINE_CURVE_WITH_KNOTS('',8,(#1647,#1648,#1649,#1650,#1651,
    #1652,#1653,#1654,#1655,#1656,#1657,#1658,#1659,#1660,#1661,#1662),
  .UNSPECIFIED.,.F.,.F.,(9,7,9),(1.570796326795,3.141592615678,
    4.712389000589),.UNSPECIFIED.);
#1647 = CARTESIAN_POINT('',(6.28318530718,22.999999999999));
#1648 = CARTESIAN_POINT('',(6.086835771977,21.841537742308));
#1649 = CARTESIAN_POINT('',(5.890486236776,20.683075209549));
#1650 = CARTESIAN_POINT('',(5.694136701574,19.592671852931));
#1651 = CARTESIAN_POINT('',(5.497787166372,18.63837348136));
#1652 = CARTESIAN_POINT('',(5.301437631171,17.879873635666));
#1653 = CARTESIAN_POINT('',(5.105088095968,17.359958668026));
#1654 = CARTESIAN_POINT('',(4.908738560767,17.100000052339));
#1655 = CARTESIAN_POINT('',(4.516039478359,17.099999947661));
#1656 = CARTESIAN_POINT('',(4.319689931154,17.359958490461));
#1657 = CARTESIAN_POINT('',(4.123340383955,17.879873423128));
#1658 = CARTESIAN_POINT('',(3.926990836748,18.638373272699));
#1659 = CARTESIAN_POINT('',(3.730641289542,19.592671681968));
#1660 = CARTESIAN_POINT('',(3.534291742333,20.68307509988));
#1661 = CARTESIAN_POINT('',(3.337942195127,21.841537704929));
#1662 = CARTESIAN_POINT('',(3.141592647922,23.00000003344));
#1663 = ( GEOMETRIC_REPRESENTATION_CONTEXT(2) 
PARAMETRIC_REPRESENTATION_CONTEXT() REPRESENTATION_CONTEXT('2D SPACE',''
  ) );
#1664 = ORIENTED_EDGE('',*,*,#1665,.T.);
#1665 = EDGE_CURVE('',#1609,#1666,#1668,.T.);
#1666 = VERTEX_POINT('',#1667);
#1667 = CARTESIAN_POINT('',(105.9,14.1,23.5));
#1668 = SURFACE_CURVE('',#1669,(#1674,#1687),.PCURVE_S1.);
#1669 = ELLIPSE('',#1670,8.343860018001,5.9);
#1670 = AXIS2_PLACEMENT_3D('',#1671,#1672,#1673);
#1671 = CARTESIAN_POINT('',(100.,20.,23.5));
#1672 = DIRECTION('',(0.707106781187,0.707106781187,0.));
#1673 = DIRECTION('',(0.707106781187,-0.707106781187,0.));
#1674 = PCURVE('',#324,#1675);
#1675 = DEFINITIONAL_REPRESENTATION('',(#1676),#1686);
#1676 = B_SPLINE_CURVE_WITH_KNOTS('',8,(#1677,#1678,#1679,#1680,#1681,
    #1682,#1683,#1684,#1685),.UNSPECIFIED.,.F.,.F.,(9,9),(4.712388884358
    ,6.28318530718),.PIECEWISE_BEZIER_KNOTS.);
#1677 = CARTESIAN_POINT('',(-9.602713202383E-08,304.99999943344));
#1678 = CARTESIAN_POINT('',(0.196349456826,306.15846179527));
#1679 = CARTESIAN_POINT('',(0.392699009678,307.31692445719));
#1680 = CARTESIAN_POINT('',(0.58904856253,308.40732794846));
#1681 = CARTESIAN_POINT('',(0.785398115383,309.36162644348));
#1682 = CARTESIAN_POINT('',(0.981747668235,310.12012637711));
#1683 = CARTESIAN_POINT('',(1.178097221089,310.64004139002));
#1684 = CARTESIAN_POINT('',(1.374446773942,310.9));
#1685 = CARTESIAN_POINT('',(1.570796326795,310.9));
#1686 = ( GEOMETRIC_REPRESENTATION_CONTEXT(2) 
PARAMETRIC_REPRESENTATION_CONTEXT() REPRESENTATION_CONTEXT('2D SPACE',''
  ) );
#1687 = PCURVE('',#1640,#1688);
#1688 = DEFINITIONAL_REPRESENTATION('',(#1689),#1699);
#1689 = B_SPLINE_CURVE_WITH_KNOTS('',8,(#1690,#1691,#1692,#1693,#1694,
    #1695,#1696,#1697,#1698),.UNSPECIFIED.,.F.,.F.,(9,9),(4.712388884358
    ,6.28318530718),.PIECEWISE_BEZIER_KNOTS.);
#1690 = CARTESIAN_POINT('',(-9.602713113566E-08,23.00000056656));
#1691 = CARTESIAN_POINT('',(0.196349456826,21.841538204729));
#1692 = CARTESIAN_POINT('',(0.392699009678,20.683075542852));
#1693 = CARTESIAN_POINT('',(0.589048562529,19.592672050568));
#1694 = CARTESIAN_POINT('',(0.785398115384,18.638373556959));
#1695 = CARTESIAN_POINT('',(0.981747668235,17.879873621988));
#1696 = CARTESIAN_POINT('',(1.178097221089,17.359958610077));
#1697 = CARTESIAN_POINT('',(1.374446773942,17.1));
#1698 = CARTESIAN_POINT('',(1.570796326795,17.1));
#1699 = ( GEOMETRIC_REPRESENTATION_CONTEXT(2) 
PARAMETRIC_REPRESENTATION_CONTEXT() REPRESENTATION_CONTEXT('2D SPACE',''
  ) );
#1700 = ORIENTED_EDGE('',*,*,#1701,.T.);
#1701 = EDGE_CURVE('',#1666,#1611,#1702,.T.);
#1702 = SURFACE_CURVE('',#1703,(#1708,#1721),.PCURVE_S1.);
#1703 = ELLIPSE('',#1704,8.343860018001,5.9);
#1704 = AXIS2_PLACEMENT_3D('',#1705,#1706,#1707);
#1705 = CARTESIAN_POINT('',(100.,20.,23.5));
#1706 = DIRECTION('',(0.707106781187,0.707106781187,0.));
#1707 = DIRECTION('',(0.707106781187,-0.707106781187,0.));
#1708 = PCURVE('',#324,#1709);
#1709 = DEFINITIONAL_REPRESENTATION('',(#1710),#1720);
#1710 = B_SPLINE_CURVE_WITH_KNOTS('',8,(#1711,#1712,#1713,#1714,#1715,
    #1716,#1717,#1718,#1719),.UNSPECIFIED.,.F.,.F.,(9,9),(0.,
    1.570796422822),.PIECEWISE_BEZIER_KNOTS.);
#1711 = CARTESIAN_POINT('',(1.570796326795,310.9));
#1712 = CARTESIAN_POINT('',(1.767145879648,310.9));
#1713 = CARTESIAN_POINT('',(1.9634954325,310.64004138975));
#1714 = CARTESIAN_POINT('',(2.159844985345,310.12012637734));
#1715 = CARTESIAN_POINT('',(2.356194538208,309.36162644261));
#1716 = CARTESIAN_POINT('',(2.552544091052,308.40732794881));
#1717 = CARTESIAN_POINT('',(2.748893643911,307.31692445697));
#1718 = CARTESIAN_POINT('',(2.945243196764,306.15846179527));
#1719 = CARTESIAN_POINT('',(3.141592749617,304.99999943344));
#1720 = ( GEOMETRIC_REPRESENTATION_CONTEXT(2) 
PARAMETRIC_REPRESENTATION_CONTEXT() REPRESENTATION_CONTEXT('2D SPACE',''
  ) );
#1721 = PCURVE('',#1640,#1722);
#1722 = DEFINITIONAL_REPRESENTATION('',(#1723),#1733);
#1723 = B_SPLINE_CURVE_WITH_KNOTS('',8,(#1724,#1725,#1726,#1727,#1728,
    #1729,#1730,#1731,#1732),.UNSPECIFIED.,.F.,.F.,(9,9),(0.,
    1.570796422822),.PIECEWISE_BEZIER_KNOTS.);
#1724 = CARTESIAN_POINT('',(1.570796326795,17.1));
#1725 = CARTESIAN_POINT('',(1.767145879648,17.1));
#1726 = CARTESIAN_POINT('',(1.963495432498,17.35995861011));
#1727 = CARTESIAN_POINT('',(2.159844985352,17.879873621862));
#1728 = CARTESIAN_POINT('',(2.356194538199,18.638373557143));
#1729 = CARTESIAN_POINT('',(2.552544091059,19.592672050494));
#1730 = CARTESIAN_POINT('',(2.748893643909,20.68307554289));
#1731 = CARTESIAN_POINT('',(2.945243196764,21.841538204729));
#1732 = CARTESIAN_POINT('',(3.141592749617,23.00000056656));
#1733 = ( GEOMETRIC_REPRESENTATION_CONTEXT(2) 
PARAMETRIC_REPRESENTATION_CONTEXT() REPRESENTATION_CONTEXT('2D SPACE',''
  ) );
#1734 = FACE_BOUND('',#1735,.T.);
#1735 = EDGE_LOOP('',(#1736,#1793,#1829));
#1736 = ORIENTED_EDGE('',*,*,#1737,.F.);
#1737 = EDGE_CURVE('',#1738,#1740,#1742,.T.);
#1738 = VERTEX_POINT('',#1739);
#1739 = CARTESIAN_POINT('',(140.,20.,29.4));
#1740 = VERTEX_POINT('',#1741);
#1741 = CARTESIAN_POINT('',(140.00000023841,20.,17.6));
#1742 = SURFACE_CURVE('',#1743,(#1748,#1768),.PCURVE_S1.);
#1743 = ELLIPSE('',#1744,8.343860018001,5.9);
#1744 = AXIS2_PLACEMENT_3D('',#1745,#1746,#1747);
#1745 = CARTESIAN_POINT('',(140.,20.,23.5));
#1746 = DIRECTION('',(0.707106781187,-0.707106781187,0.));
#1747 = DIRECTION('',(0.707106781187,0.707106781187,0.));
#1748 = PCURVE('',#324,#1749);
#1749 = DEFINITIONAL_REPRESENTATION('',(#1750),#1767);
#1750 = B_SPLINE_CURVE_WITH_KNOTS('',8,(#1751,#1752,#1753,#1754,#1755,
    #1756,#1757,#1758,#1759,#1760,#1761,#1762,#1763,#1764,#1765,#1766),
  .UNSPECIFIED.,.F.,.F.,(9,7,9),(1.570796326795,3.141592615678,
    4.712389000589),.UNSPECIFIED.);
#1751 = CARTESIAN_POINT('',(-6.964955333603E-15,345.));
#1752 = CARTESIAN_POINT('',(0.196349535202,343.8415377423));
#1753 = CARTESIAN_POINT('',(0.392699070403,342.68307520919));
#1754 = CARTESIAN_POINT('',(0.589048605604,341.59267185313));
#1755 = CARTESIAN_POINT('',(0.785398140806,340.6383734795));
#1756 = CARTESIAN_POINT('',(0.981747676009,339.87987363573));
#1757 = CARTESIAN_POINT('',(1.178097211211,339.35995866777));
#1758 = CARTESIAN_POINT('',(1.374446746413,339.10000005233));
#1759 = CARTESIAN_POINT('',(1.767145828821,339.09999994766));
#1760 = CARTESIAN_POINT('',(1.963495376025,339.35995849023));
#1761 = CARTESIAN_POINT('',(2.15984492323,339.87987342294));
#1762 = CARTESIAN_POINT('',(2.356194470441,340.63837327197));
#1763 = CARTESIAN_POINT('',(2.55254401764,341.59267168223));
#1764 = CARTESIAN_POINT('',(2.748893564846,342.6830750996));
#1765 = CARTESIAN_POINT('',(2.945243112052,343.84153770492));
#1766 = CARTESIAN_POINT('',(3.141592659258,345.00000003344));
#1767 = ( GEOMETRIC_REPRESENTATION_CONTEXT(2) 
PARAMETRIC_REPRESENTATION_CONTEXT() REPRESENTATION_CONTEXT('2D SPACE',''
  ) );
#1768 = PCURVE('',#1769,#1774);
#1769 = CYLINDRICAL_SURFACE('',#1770,5.9);
#1770 = AXIS2_PLACEMENT_3D('',#1771,#1772,#1773);
#1771 = CARTESIAN_POINT('',(140.,-3.,23.5));
#1772 = DIRECTION('',(0.,1.,0.));
#1773 = DIRECTION('',(0.,-0.,1.));
#1774 = DEFINITIONAL_REPRESENTATION('',(#1775),#1792);
#1775 = B_SPLINE_CURVE_WITH_KNOTS('',8,(#1776,#1777,#1778,#1779,#1780,
    #1781,#1782,#1783,#1784,#1785,#1786,#1787,#1788,#1789,#1790,#1791),
  .UNSPECIFIED.,.F.,.F.,(9,7,9),(1.570796326795,3.141592615678,
    4.712389000589),.UNSPECIFIED.);
#1776 = CARTESIAN_POINT('',(6.28318530718,22.999999999999));
#1777 = CARTESIAN_POINT('',(6.086835771977,21.841537742308));
#1778 = CARTESIAN_POINT('',(5.890486236777,20.683075209567));
#1779 = CARTESIAN_POINT('',(5.694136701573,19.592671852909));
#1780 = CARTESIAN_POINT('',(5.497787166375,18.638373481439));
#1781 = CARTESIAN_POINT('',(5.301437631169,17.87987363564));
#1782 = CARTESIAN_POINT('',(5.105088095969,17.359958668044));
#1783 = CARTESIAN_POINT('',(4.908738560767,17.100000052339));
#1784 = CARTESIAN_POINT('',(4.516039478359,17.099999947661));
#1785 = CARTESIAN_POINT('',(4.319689931151,17.359958490476));
#1786 = CARTESIAN_POINT('',(4.123340383967,17.879873423107));
#1787 = CARTESIAN_POINT('',(3.926990836727,18.638373272751));
#1788 = CARTESIAN_POINT('',(3.730641289554,19.59267168195));
#1789 = CARTESIAN_POINT('',(3.53429174233,20.683075099895));
#1790 = CARTESIAN_POINT('',(3.337942195127,21.841537704929));
#1791 = CARTESIAN_POINT('',(3.141592647922,23.00000003344));
#1792 = ( GEOMETRIC_REPRESENTATION_CONTEXT(2) 
PARAMETRIC_REPRESENTATION_CONTEXT() REPRESENTATION_CONTEXT('2D SPACE',''
  ) );
#1793 = ORIENTED_EDGE('',*,*,#1794,.T.);
#1794 = EDGE_CURVE('',#1738,#1795,#1797,.T.);
#1795 = VERTEX_POINT('',#1796);
#1796 = CARTESIAN_POINT('',(145.9,14.1,23.5));
#1797 = SURFACE_CURVE('',#1798,(#1803,#1816),.PCURVE_S1.);
#1798 = ELLIPSE('',#1799,8.343860018001,5.9);
#1799 = AXIS2_PLACEMENT_3D('',#1800,#1801,#1802);
#1800 = CARTESIAN_POINT('',(140.,20.,23.5));
#1801 = DIRECTION('',(0.707106781187,0.707106781187,0.));
#1802 = DIRECTION('',(0.707106781187,-0.707106781187,0.));
#1803 = PCURVE('',#324,#1804);
#1804 = DEFINITIONAL_REPRESENTATION('',(#1805),#1815);
#1805 = B_SPLINE_CURVE_WITH_KNOTS('',8,(#1806,#1807,#1808,#1809,#1810,
    #1811,#1812,#1813,#1814),.UNSPECIFIED.,.F.,.F.,(9,9),(4.712388884358
    ,6.28318530718),.PIECEWISE_BEZIER_KNOTS.);
#1806 = CARTESIAN_POINT('',(-9.602713202383E-08,344.99999943344));
#1807 = CARTESIAN_POINT('',(0.196349456826,346.15846179527));
#1808 = CARTESIAN_POINT('',(0.392699009678,347.316924457));
#1809 = CARTESIAN_POINT('',(0.58904856253,348.40732794896));
#1810 = CARTESIAN_POINT('',(0.785398115383,349.36162644233));
#1811 = CARTESIAN_POINT('',(0.981747668235,350.12012637759));
#1812 = CARTESIAN_POINT('',(1.178097221089,350.64004138979));
#1813 = CARTESIAN_POINT('',(1.374446773942,350.9));
#1814 = CARTESIAN_POINT('',(1.570796326795,350.9));
#1815 = ( GEOMETRIC_REPRESENTATION_CONTEXT(2) 
PARAMETRIC_REPRESENTATION_CONTEXT() REPRESENTATION_CONTEXT('2D SPACE',''
  ) );
#1816 = PCURVE('',#1769,#1817);
#1817 = DEFINITIONAL_REPRESENTATION('',(#1818),#1828);
#1818 = B_SPLINE_CURVE_WITH_KNOTS('',8,(#1819,#1820,#1821,#1822,#1823,
    #1824,#1825,#1826,#1827),.UNSPECIFIED.,.F.,.F.,(9,9),(4.712388884358
    ,6.28318530718),.PIECEWISE_BEZIER_KNOTS.);
#1819 = CARTESIAN_POINT('',(-9.602713380019E-08,23.00000056656));
#1820 = CARTESIAN_POINT('',(0.196349456826,21.841538204729));
#1821 = CARTESIAN_POINT('',(0.392699009677,20.683075542852));
#1822 = CARTESIAN_POINT('',(0.589048562533,19.592672050568));
#1823 = CARTESIAN_POINT('',(0.785398115379,18.638373556959));
#1824 = CARTESIAN_POINT('',(0.981747668238,17.879873621988));
#1825 = CARTESIAN_POINT('',(1.178097221088,17.359958610077));
#1826 = CARTESIAN_POINT('',(1.374446773942,17.1));
#1827 = CARTESIAN_POINT('',(1.570796326795,17.1));
#1828 = ( GEOMETRIC_REPRESENTATION_CONTEXT(2) 
PARAMETRIC_REPRESENTATION_CONTEXT() REPRESENTATION_CONTEXT('2D SPACE',''
  ) );
#1829 = ORIENTED_EDGE('',*,*,#1830,.T.);
#1830 = EDGE_CURVE('',#1795,#1740,#1831,.T.);
#1831 = SURFACE_CURVE('',#1832,(#1837,#1850),.PCURVE_S1.);
#1832 = ELLIPSE('',#1833,8.343860018001,5.9);
#1833 = AXIS2_PLACEMENT_3D('',#1834,#1835,#1836);
#1834 = CARTESIAN_POINT('',(140.,20.,23.5));
#1835 = DIRECTION('',(0.707106781187,0.707106781187,0.));
#1836 = DIRECTION('',(0.707106781187,-0.707106781187,0.));
#1837 = PCURVE('',#324,#1838);
#1838 = DEFINITIONAL_REPRESENTATION('',(#1839),#1849);
#1839 = B_SPLINE_CURVE_WITH_KNOTS('',8,(#1840,#1841,#1842,#1843,#1844,
    #1845,#1846,#1847,#1848),.UNSPECIFIED.,.F.,.F.,(9,9),(0.,
    1.570796422822),.PIECEWISE_BEZIER_KNOTS.);
#1840 = CARTESIAN_POINT('',(1.570796326795,350.9));
#1841 = CARTESIAN_POINT('',(1.767145879648,350.9));
#1842 = CARTESIAN_POINT('',(1.9634954325,350.64004138984));
#1843 = CARTESIAN_POINT('',(2.159844985351,350.12012637697));
#1844 = CARTESIAN_POINT('',(2.356194538201,349.36162644328));
#1845 = CARTESIAN_POINT('',(2.552544091054,348.40732794856));
#1846 = CARTESIAN_POINT('',(2.748893643911,347.31692445708));
#1847 = CARTESIAN_POINT('',(2.945243196764,346.15846179527));
#1848 = CARTESIAN_POINT('',(3.141592749617,344.99999943344));
#1849 = ( GEOMETRIC_REPRESENTATION_CONTEXT(2) 
PARAMETRIC_REPRESENTATION_CONTEXT() REPRESENTATION_CONTEXT('2D SPACE',''
  ) );
#1850 = PCURVE('',#1769,#1851);
#1851 = DEFINITIONAL_REPRESENTATION('',(#1852),#1862);
#1852 = B_SPLINE_CURVE_WITH_KNOTS('',8,(#1853,#1854,#1855,#1856,#1857,
    #1858,#1859,#1860,#1861),.UNSPECIFIED.,.F.,.F.,(9,9),(0.,
    1.570796422822),.PIECEWISE_BEZIER_KNOTS.);
#1853 = CARTESIAN_POINT('',(1.570796326795,17.1));
#1854 = CARTESIAN_POINT('',(1.767145879648,17.1));
#1855 = CARTESIAN_POINT('',(1.963495432499,17.359958610091));
#1856 = CARTESIAN_POINT('',(2.159844985357,17.879873621938));
#1857 = CARTESIAN_POINT('',(2.356194538194,18.638373557029));
#1858 = CARTESIAN_POINT('',(2.552544091061,19.592672050539));
#1859 = CARTESIAN_POINT('',(2.74889364391,20.683075542868));
#1860 = CARTESIAN_POINT('',(2.945243196764,21.841538204729));
#1861 = CARTESIAN_POINT('',(3.141592749617,23.00000056656));
#1862 = ( GEOMETRIC_REPRESENTATION_CONTEXT(2) 
PARAMETRIC_REPRESENTATION_CONTEXT() REPRESENTATION_CONTEXT('2D SPACE',''
  ) );
#1863 = ADVANCED_FACE('',(#1864),#287,.T.);
#1864 = FACE_BOUND('',#1865,.T.);
#1865 = EDGE_LOOP('',(#1866,#1867,#1890,#1917));
#1866 = ORIENTED_EDGE('',*,*,#272,.F.);
#1867 = ORIENTED_EDGE('',*,*,#1868,.F.);
#1868 = EDGE_CURVE('',#1869,#250,#1871,.T.);
#1869 = VERTEX_POINT('',#1870);
#1870 = CARTESIAN_POINT('',(-180.,-3.,30.4));
#1871 = SEAM_CURVE('',#1872,(#1876,#1883),.PCURVE_S1.);
#1872 = LINE('',#1873,#1874);
#1873 = CARTESIAN_POINT('',(-180.,-3.,30.4));
#1874 = VECTOR('',#1875,1.);
#1875 = DIRECTION('',(1.73191211247E-16,0.707106781187,-0.707106781187)
  );
#1876 = PCURVE('',#287,#1877);
#1877 = DEFINITIONAL_REPRESENTATION('',(#1878),#1882);
#1878 = LINE('',#1879,#1880);
#1879 = CARTESIAN_POINT('',(6.28318530718,0.));
#1880 = VECTOR('',#1881,1.);
#1881 = DIRECTION('',(-0.,-1.));
#1882 = ( GEOMETRIC_REPRESENTATION_CONTEXT(2) 
PARAMETRIC_REPRESENTATION_CONTEXT() REPRESENTATION_CONTEXT('2D SPACE',''
  ) );
#1883 = PCURVE('',#287,#1884);
#1884 = DEFINITIONAL_REPRESENTATION('',(#1885),#1889);
#1885 = LINE('',#1886,#1887);
#1886 = CARTESIAN_POINT('',(-4.138911435803E-13,0.));
#1887 = VECTOR('',#1888,1.);
#1888 = DIRECTION('',(-0.,-1.));
#1889 = ( GEOMETRIC_REPRESENTATION_CONTEXT(2) 
PARAMETRIC_REPRESENTATION_CONTEXT() REPRESENTATION_CONTEXT('2D SPACE',''
  ) );
#1890 = ORIENTED_EDGE('',*,*,#1891,.T.);
#1891 = EDGE_CURVE('',#1869,#1869,#1892,.T.);
#1892 = SURFACE_CURVE('',#1893,(#1898,#1905),.PCURVE_S1.);
#1893 = CIRCLE('',#1894,6.9);
#1894 = AXIS2_PLACEMENT_3D('',#1895,#1896,#1897);
#1895 = CARTESIAN_POINT('',(-180.,-3.,23.5));
#1896 = DIRECTION('',(0.,1.,0.));
#1897 = DIRECTION('',(0.,-0.,1.));
#1898 = PCURVE('',#287,#1899);
#1899 = DEFINITIONAL_REPRESENTATION('',(#1900),#1904);
#1900 = LINE('',#1901,#1902);
#1901 = CARTESIAN_POINT('',(6.28318530718,-8.881784197001E-16));
#1902 = VECTOR('',#1903,1.);
#1903 = DIRECTION('',(-1.,0.));
#1904 = ( GEOMETRIC_REPRESENTATION_CONTEXT(2) 
PARAMETRIC_REPRESENTATION_CONTEXT() REPRESENTATION_CONTEXT('2D SPACE',''
  ) );
#1905 = PCURVE('',#1906,#1911);
#1906 = PLANE('',#1907);
#1907 = AXIS2_PLACEMENT_3D('',#1908,#1909,#1910);
#1908 = CARTESIAN_POINT('',(-180.,-3.,23.5));
#1909 = DIRECTION('',(0.,1.,0.));
#1910 = DIRECTION('',(0.,-0.,1.));
#1911 = DEFINITIONAL_REPRESENTATION('',(#1912),#1916);
#1912 = CIRCLE('',#1913,6.9);
#1913 = AXIS2_PLACEMENT_2D('',#1914,#1915);
#1914 = CARTESIAN_POINT('',(0.,0.));
#1915 = DIRECTION('',(1.,0.));
#1916 = ( GEOMETRIC_REPRESENTATION_CONTEXT(2) 
PARAMETRIC_REPRESENTATION_CONTEXT() REPRESENTATION_CONTEXT('2D SPACE',''
  ) );
#1917 = ORIENTED_EDGE('',*,*,#1868,.T.);
#1918 = ADVANCED_FACE('',(#1919),#396,.T.);
#1919 = FACE_BOUND('',#1920,.T.);
#1920 = EDGE_LOOP('',(#1921,#1922,#1945,#1972));
#1921 = ORIENTED_EDGE('',*,*,#379,.F.);
#1922 = ORIENTED_EDGE('',*,*,#1923,.F.);
#1923 = EDGE_CURVE('',#1924,#380,#1926,.T.);
#1924 = VERTEX_POINT('',#1925);
#1925 = CARTESIAN_POINT('',(-180.,40.,16.6));
#1926 = SEAM_CURVE('',#1927,(#1931,#1938),.PCURVE_S1.);
#1927 = LINE('',#1928,#1929);
#1928 = CARTESIAN_POINT('',(-180.,40.,16.6));
#1929 = VECTOR('',#1930,1.);
#1930 = DIRECTION('',(1.731912112471E-16,-0.707106781187,0.707106781187)
  );
#1931 = PCURVE('',#396,#1932);
#1932 = DEFINITIONAL_REPRESENTATION('',(#1933),#1937);
#1933 = LINE('',#1934,#1935);
#1934 = CARTESIAN_POINT('',(-6.28318530718,0.));
#1935 = VECTOR('',#1936,1.);
#1936 = DIRECTION('',(-0.,-1.));
#1937 = ( GEOMETRIC_REPRESENTATION_CONTEXT(2) 
PARAMETRIC_REPRESENTATION_CONTEXT() REPRESENTATION_CONTEXT('2D SPACE',''
  ) );
#1938 = PCURVE('',#396,#1939);
#1939 = DEFINITIONAL_REPRESENTATION('',(#1940),#1944);
#1940 = LINE('',#1941,#1942);
#1941 = CARTESIAN_POINT('',(0.,-0.));
#1942 = VECTOR('',#1943,1.);
#1943 = DIRECTION('',(-0.,-1.));
#1944 = ( GEOMETRIC_REPRESENTATION_CONTEXT(2) 
PARAMETRIC_REPRESENTATION_CONTEXT() REPRESENTATION_CONTEXT('2D SPACE',''
  ) );
#1945 = ORIENTED_EDGE('',*,*,#1946,.T.);
#1946 = EDGE_CURVE('',#1924,#1924,#1947,.T.);
#1947 = SURFACE_CURVE('',#1948,(#1953,#1960),.PCURVE_S1.);
#1948 = CIRCLE('',#1949,6.9);
#1949 = AXIS2_PLACEMENT_3D('',#1950,#1951,#1952);
#1950 = CARTESIAN_POINT('',(-180.,40.,23.5));
#1951 = DIRECTION('',(0.,-1.,0.));
#1952 = DIRECTION('',(0.,-0.,-1.));
#1953 = PCURVE('',#396,#1954);
#1954 = DEFINITIONAL_REPRESENTATION('',(#1955),#1959);
#1955 = LINE('',#1956,#1957);
#1956 = CARTESIAN_POINT('',(-0.,-0.));
#1957 = VECTOR('',#1958,1.);
#1958 = DIRECTION('',(-1.,-0.));
#1959 = ( GEOMETRIC_REPRESENTATION_CONTEXT(2) 
PARAMETRIC_REPRESENTATION_CONTEXT() REPRESENTATION_CONTEXT('2D SPACE',''
  ) );
#1960 = PCURVE('',#1961,#1966);
#1961 = PLANE('',#1962);
#1962 = AXIS2_PLACEMENT_3D('',#1963,#1964,#1965);
#1963 = CARTESIAN_POINT('',(-180.,40.,23.5));
#1964 = DIRECTION('',(0.,-1.,0.));
#1965 = DIRECTION('',(0.,-0.,-1.));
#1966 = DEFINITIONAL_REPRESENTATION('',(#1967),#1971);
#1967 = CIRCLE('',#1968,6.9);
#1968 = AXIS2_PLACEMENT_2D('',#1969,#1970);
#1969 = CARTESIAN_POINT('',(0.,0.));
#1970 = DIRECTION('',(1.,0.));
#1971 = ( GEOMETRIC_REPRESENTATION_CONTEXT(2) 
PARAMETRIC_REPRESENTATION_CONTEXT() REPRESENTATION_CONTEXT('2D SPACE',''
  ) );
#1972 = ORIENTED_EDGE('',*,*,#1923,.T.);
#1973 = ADVANCED_FACE('',(#1974),#796,.T.);
#1974 = FACE_BOUND('',#1975,.T.);
#1975 = EDGE_LOOP('',(#1976,#1999,#2026,#2027,#2028,#2069));
#1976 = ORIENTED_EDGE('',*,*,#1977,.F.);
#1977 = EDGE_CURVE('',#1978,#691,#1980,.T.);
#1978 = VERTEX_POINT('',#1979);
#1979 = CARTESIAN_POINT('',(180.,-2.,29.4));
#1980 = SEAM_CURVE('',#1981,(#1985,#1992),.PCURVE_S1.);
#1981 = LINE('',#1982,#1983);
#1982 = CARTESIAN_POINT('',(180.,-3.,29.4));
#1983 = VECTOR('',#1984,1.);
#1984 = DIRECTION('',(0.,1.,0.));
#1985 = PCURVE('',#796,#1986);
#1986 = DEFINITIONAL_REPRESENTATION('',(#1987),#1991);
#1987 = LINE('',#1988,#1989);
#1988 = CARTESIAN_POINT('',(4.138911435803E-13,0.));
#1989 = VECTOR('',#1990,1.);
#1990 = DIRECTION('',(0.,1.));
#1991 = ( GEOMETRIC_REPRESENTATION_CONTEXT(2) 
PARAMETRIC_REPRESENTATION_CONTEXT() REPRESENTATION_CONTEXT('2D SPACE',''
  ) );
#1992 = PCURVE('',#796,#1993);
#1993 = DEFINITIONAL_REPRESENTATION('',(#1994),#1998);
#1994 = LINE('',#1995,#1996);
#1995 = CARTESIAN_POINT('',(6.28318530718,0.));
#1996 = VECTOR('',#1997,1.);
#1997 = DIRECTION('',(0.,1.));
#1998 = ( GEOMETRIC_REPRESENTATION_CONTEXT(2) 
PARAMETRIC_REPRESENTATION_CONTEXT() REPRESENTATION_CONTEXT('2D SPACE',''
  ) );
#1999 = ORIENTED_EDGE('',*,*,#2000,.T.);
#2000 = EDGE_CURVE('',#1978,#1978,#2001,.T.);
#2001 = SURFACE_CURVE('',#2002,(#2007,#2014),.PCURVE_S1.);
#2002 = CIRCLE('',#2003,5.9);
#2003 = AXIS2_PLACEMENT_3D('',#2004,#2005,#2006);
#2004 = CARTESIAN_POINT('',(180.,-2.,23.5));
#2005 = DIRECTION('',(0.,1.,0.));
#2006 = DIRECTION('',(0.,-0.,1.));
#2007 = PCURVE('',#796,#2008);
#2008 = DEFINITIONAL_REPRESENTATION('',(#2009),#2013);
#2009 = LINE('',#2010,#2011);
#2010 = CARTESIAN_POINT('',(0.,1.));
#2011 = VECTOR('',#2012,1.);
#2012 = DIRECTION('',(1.,0.));
#2013 = ( GEOMETRIC_REPRESENTATION_CONTEXT(2) 
PARAMETRIC_REPRESENTATION_CONTEXT() REPRESENTATION_CONTEXT('2D SPACE',''
  ) );
#2014 = PCURVE('',#2015,#2020);
#2015 = CONICAL_SURFACE('',#2016,6.9,0.785398163397);
#2016 = AXIS2_PLACEMENT_3D('',#2017,#2018,#2019);
#2017 = CARTESIAN_POINT('',(180.,-3.,23.5));
#2018 = DIRECTION('',(-0.,-1.,-0.));
#2019 = DIRECTION('',(0.,-0.,1.));
#2020 = DEFINITIONAL_REPRESENTATION('',(#2021),#2025);
#2021 = LINE('',#2022,#2023);
#2022 = CARTESIAN_POINT('',(6.28318530718,-1.));
#2023 = VECTOR('',#2024,1.);
#2024 = DIRECTION('',(-1.,0.));
#2025 = ( GEOMETRIC_REPRESENTATION_CONTEXT(2) 
PARAMETRIC_REPRESENTATION_CONTEXT() REPRESENTATION_CONTEXT('2D SPACE',''
  ) );
#2026 = ORIENTED_EDGE('',*,*,#1977,.T.);
#2027 = ORIENTED_EDGE('',*,*,#768,.T.);
#2028 = ORIENTED_EDGE('',*,*,#2029,.F.);
#2029 = EDGE_CURVE('',#2030,#714,#2032,.T.);
#2030 = VERTEX_POINT('',#2031);
#2031 = CARTESIAN_POINT('',(185.9,14.1,23.5));
#2032 = SURFACE_CURVE('',#2033,(#2038,#2051),.PCURVE_S1.);
#2033 = ELLIPSE('',#2034,8.343860018001,5.9);
#2034 = AXIS2_PLACEMENT_3D('',#2035,#2036,#2037);
#2035 = CARTESIAN_POINT('',(180.,20.,23.5));
#2036 = DIRECTION('',(0.707106781187,0.707106781187,0.));
#2037 = DIRECTION('',(0.707106781187,-0.707106781187,0.));
#2038 = PCURVE('',#796,#2039);
#2039 = DEFINITIONAL_REPRESENTATION('',(#2040),#2050);
#2040 = B_SPLINE_CURVE_WITH_KNOTS('',8,(#2041,#2042,#2043,#2044,#2045,
    #2046,#2047,#2048,#2049),.UNSPECIFIED.,.F.,.F.,(9,9),(0.,
    1.570796422822),.PIECEWISE_BEZIER_KNOTS.);
#2041 = CARTESIAN_POINT('',(1.570796326795,17.1));
#2042 = CARTESIAN_POINT('',(1.767145879648,17.1));
#2043 = CARTESIAN_POINT('',(1.963495432499,17.359958610091));
#2044 = CARTESIAN_POINT('',(2.159844985357,17.879873621938));
#2045 = CARTESIAN_POINT('',(2.356194538194,18.638373557029));
#2046 = CARTESIAN_POINT('',(2.552544091061,19.592672050539));
#2047 = CARTESIAN_POINT('',(2.74889364391,20.683075542868));
#2048 = CARTESIAN_POINT('',(2.945243196764,21.841538204729));
#2049 = CARTESIAN_POINT('',(3.141592749617,23.00000056656));
#2050 = ( GEOMETRIC_REPRESENTATION_CONTEXT(2) 
PARAMETRIC_REPRESENTATION_CONTEXT() REPRESENTATION_CONTEXT('2D SPACE',''
  ) );
#2051 = PCURVE('',#2052,#2057);
#2052 = CYLINDRICAL_SURFACE('',#2053,5.9);
#2053 = AXIS2_PLACEMENT_3D('',#2054,#2055,#2056);
#2054 = CARTESIAN_POINT('',(-205.,20.,23.5));
#2055 = DIRECTION('',(1.,0.,0.));
#2056 = DIRECTION('',(-0.,0.,1.));
#2057 = DEFINITIONAL_REPRESENTATION('',(#2058),#2068);
#2058 = B_SPLINE_CURVE_WITH_KNOTS('',8,(#2059,#2060,#2061,#2062,#2063,
    #2064,#2065,#2066,#2067),.UNSPECIFIED.,.F.,.F.,(9,9),(0.,
    1.570796422822),.PIECEWISE_BEZIER_KNOTS.);
#2059 = CARTESIAN_POINT('',(1.570796326795,390.9));
#2060 = CARTESIAN_POINT('',(1.767145879648,390.9));
#2061 = CARTESIAN_POINT('',(1.9634954325,390.64004139017));
#2062 = CARTESIAN_POINT('',(2.159844985351,390.12012637597));
#2063 = CARTESIAN_POINT('',(2.356194538201,389.36162644436));
#2064 = CARTESIAN_POINT('',(2.552544091054,388.40732794735));
#2065 = CARTESIAN_POINT('',(2.748893643911,387.31692445737));
#2066 = CARTESIAN_POINT('',(2.945243196764,386.15846179527));
#2067 = CARTESIAN_POINT('',(3.141592749617,384.99999943344));
#2068 = ( GEOMETRIC_REPRESENTATION_CONTEXT(2) 
PARAMETRIC_REPRESENTATION_CONTEXT() REPRESENTATION_CONTEXT('2D SPACE',''
  ) );
#2069 = ORIENTED_EDGE('',*,*,#2070,.F.);
#2070 = EDGE_CURVE('',#691,#2030,#2071,.T.);
#2071 = SURFACE_CURVE('',#2072,(#2077,#2090),.PCURVE_S1.);
#2072 = ELLIPSE('',#2073,8.343860018001,5.9);
#2073 = AXIS2_PLACEMENT_3D('',#2074,#2075,#2076);
#2074 = CARTESIAN_POINT('',(180.,20.,23.5));
#2075 = DIRECTION('',(0.707106781187,0.707106781187,0.));
#2076 = DIRECTION('',(0.707106781187,-0.707106781187,0.));
#2077 = PCURVE('',#796,#2078);
#2078 = DEFINITIONAL_REPRESENTATION('',(#2079),#2089);
#2079 = B_SPLINE_CURVE_WITH_KNOTS('',8,(#2080,#2081,#2082,#2083,#2084,
    #2085,#2086,#2087,#2088),.UNSPECIFIED.,.F.,.F.,(9,9),(4.712388884358
    ,6.28318530718),.PIECEWISE_BEZIER_KNOTS.);
#2080 = CARTESIAN_POINT('',(-9.602713380019E-08,23.00000056656));
#2081 = CARTESIAN_POINT('',(0.196349456826,21.841538204729));
#2082 = CARTESIAN_POINT('',(0.392699009677,20.683075542852));
#2083 = CARTESIAN_POINT('',(0.589048562533,19.592672050568));
#2084 = CARTESIAN_POINT('',(0.785398115379,18.638373556959));
#2085 = CARTESIAN_POINT('',(0.981747668238,17.879873621988));
#2086 = CARTESIAN_POINT('',(1.178097221088,17.359958610077));
#2087 = CARTESIAN_POINT('',(1.374446773942,17.1));
#2088 = CARTESIAN_POINT('',(1.570796326795,17.1));
#2089 = ( GEOMETRIC_REPRESENTATION_CONTEXT(2) 
PARAMETRIC_REPRESENTATION_CONTEXT() REPRESENTATION_CONTEXT('2D SPACE',''
  ) );
#2090 = PCURVE('',#2052,#2091);
#2091 = DEFINITIONAL_REPRESENTATION('',(#2092),#2102);
#2092 = B_SPLINE_CURVE_WITH_KNOTS('',8,(#2093,#2094,#2095,#2096,#2097,
    #2098,#2099,#2100,#2101),.UNSPECIFIED.,.F.,.F.,(9,9),(4.712388884358
    ,6.28318530718),.PIECEWISE_BEZIER_KNOTS.);
#2093 = CARTESIAN_POINT('',(-9.602713202383E-08,384.99999943344));
#2094 = CARTESIAN_POINT('',(0.196349456826,386.15846179527));
#2095 = CARTESIAN_POINT('',(0.392699009678,387.31692445703));
#2096 = CARTESIAN_POINT('',(0.58904856253,388.40732794894));
#2097 = CARTESIAN_POINT('',(0.785398115383,389.36162644207));
#2098 = CARTESIAN_POINT('',(0.981747668235,390.12012637757));
#2099 = CARTESIAN_POINT('',(1.178097221089,390.64004138978));
#2100 = CARTESIAN_POINT('',(1.374446773942,390.9));
#2101 = CARTESIAN_POINT('',(1.570796326795,390.9));
#2102 = ( GEOMETRIC_REPRESENTATION_CONTEXT(2) 
PARAMETRIC_REPRESENTATION_CONTEXT() REPRESENTATION_CONTEXT('2D SPACE',''
  ) );
#2103 = ADVANCED_FACE('',(#2104),#743,.T.);
#2104 = FACE_BOUND('',#2105,.T.);
#2105 = EDGE_LOOP('',(#2106,#2135,#2156,#2157,#2193,#2227));
#2106 = ORIENTED_EDGE('',*,*,#2107,.T.);
#2107 = EDGE_CURVE('',#2108,#2108,#2110,.T.);
#2108 = VERTEX_POINT('',#2109);
#2109 = CARTESIAN_POINT('',(180.,39.,17.6));
#2110 = SURFACE_CURVE('',#2111,(#2116,#2123),.PCURVE_S1.);
#2111 = CIRCLE('',#2112,5.9);
#2112 = AXIS2_PLACEMENT_3D('',#2113,#2114,#2115);
#2113 = CARTESIAN_POINT('',(180.,39.,23.5));
#2114 = DIRECTION('',(0.,-1.,0.));
#2115 = DIRECTION('',(0.,-0.,-1.));
#2116 = PCURVE('',#743,#2117);
#2117 = DEFINITIONAL_REPRESENTATION('',(#2118),#2122);
#2118 = LINE('',#2119,#2120);
#2119 = CARTESIAN_POINT('',(0.,1.));
#2120 = VECTOR('',#2121,1.);
#2121 = DIRECTION('',(1.,0.));
#2122 = ( GEOMETRIC_REPRESENTATION_CONTEXT(2) 
PARAMETRIC_REPRESENTATION_CONTEXT() REPRESENTATION_CONTEXT('2D SPACE',''
  ) );
#2123 = PCURVE('',#2124,#2129);
#2124 = CONICAL_SURFACE('',#2125,6.9,0.785398163397);
#2125 = AXIS2_PLACEMENT_3D('',#2126,#2127,#2128);
#2126 = CARTESIAN_POINT('',(180.,40.,23.5));
#2127 = DIRECTION('',(-0.,1.,-0.));
#2128 = DIRECTION('',(0.,-0.,-1.));
#2129 = DEFINITIONAL_REPRESENTATION('',(#2130),#2134);
#2130 = LINE('',#2131,#2132);
#2131 = CARTESIAN_POINT('',(-0.,-1.));
#2132 = VECTOR('',#2133,1.);
#2133 = DIRECTION('',(-1.,-0.));
#2134 = ( GEOMETRIC_REPRESENTATION_CONTEXT(2) 
PARAMETRIC_REPRESENTATION_CONTEXT() REPRESENTATION_CONTEXT('2D SPACE',''
  ) );
#2135 = ORIENTED_EDGE('',*,*,#2136,.T.);
#2136 = EDGE_CURVE('',#2108,#714,#2137,.T.);
#2137 = SEAM_CURVE('',#2138,(#2142,#2149),.PCURVE_S1.);
#2138 = LINE('',#2139,#2140);
#2139 = CARTESIAN_POINT('',(180.,40.,17.6));
#2140 = VECTOR('',#2141,1.);
#2141 = DIRECTION('',(0.,-1.,0.));
#2142 = PCURVE('',#743,#2143);
#2143 = DEFINITIONAL_REPRESENTATION('',(#2144),#2148);
#2144 = LINE('',#2145,#2146);
#2145 = CARTESIAN_POINT('',(0.,-0.));
#2146 = VECTOR('',#2147,1.);
#2147 = DIRECTION('',(0.,1.));
#2148 = ( GEOMETRIC_REPRESENTATION_CONTEXT(2) 
PARAMETRIC_REPRESENTATION_CONTEXT() REPRESENTATION_CONTEXT('2D SPACE',''
  ) );
#2149 = PCURVE('',#743,#2150);
#2150 = DEFINITIONAL_REPRESENTATION('',(#2151),#2155);
#2151 = LINE('',#2152,#2153);
#2152 = CARTESIAN_POINT('',(6.28318530718,-0.));
#2153 = VECTOR('',#2154,1.);
#2154 = DIRECTION('',(0.,1.));
#2155 = ( GEOMETRIC_REPRESENTATION_CONTEXT(2) 
PARAMETRIC_REPRESENTATION_CONTEXT() REPRESENTATION_CONTEXT('2D SPACE',''
  ) );
#2156 = ORIENTED_EDGE('',*,*,#713,.T.);
#2157 = ORIENTED_EDGE('',*,*,#2158,.F.);
#2158 = EDGE_CURVE('',#2159,#691,#2161,.T.);
#2159 = VERTEX_POINT('',#2160);
#2160 = CARTESIAN_POINT('',(185.9,25.9,23.5));
#2161 = SURFACE_CURVE('',#2162,(#2167,#2180),.PCURVE_S1.);
#2162 = ELLIPSE('',#2163,8.343860018001,5.9);
#2163 = AXIS2_PLACEMENT_3D('',#2164,#2165,#2166);
#2164 = CARTESIAN_POINT('',(180.,20.,23.5));
#2165 = DIRECTION('',(0.707106781187,-0.707106781187,0.));
#2166 = DIRECTION('',(0.707106781187,0.707106781187,0.));
#2167 = PCURVE('',#743,#2168);
#2168 = DEFINITIONAL_REPRESENTATION('',(#2169),#2179);
#2169 = B_SPLINE_CURVE_WITH_KNOTS('',8,(#2170,#2171,#2172,#2173,#2174,
    #2175,#2176,#2177,#2178),.UNSPECIFIED.,.F.,.F.,(9,9),(0.,
    1.570796326795),.PIECEWISE_BEZIER_KNOTS.);
#2170 = CARTESIAN_POINT('',(1.570796326795,14.1));
#2171 = CARTESIAN_POINT('',(1.767145867644,14.1));
#2172 = CARTESIAN_POINT('',(1.963495408492,14.359958578331));
#2173 = CARTESIAN_POINT('',(2.159844949343,14.879873526512));
#2174 = CARTESIAN_POINT('',(2.356194490183,15.638373371673));
#2175 = CARTESIAN_POINT('',(2.55254403104,16.592671758764));
#2176 = CARTESIAN_POINT('',(2.748893571889,17.683075142934));
#2177 = CARTESIAN_POINT('',(2.94524311274,18.841537708989));
#2178 = CARTESIAN_POINT('',(3.14159265359,20.));
#2179 = ( GEOMETRIC_REPRESENTATION_CONTEXT(2) 
PARAMETRIC_REPRESENTATION_CONTEXT() REPRESENTATION_CONTEXT('2D SPACE',''
  ) );
#2180 = PCURVE('',#2052,#2181);
#2181 = DEFINITIONAL_REPRESENTATION('',(#2182),#2192);
#2182 = B_SPLINE_CURVE_WITH_KNOTS('',8,(#2183,#2184,#2185,#2186,#2187,
    #2188,#2189,#2190,#2191),.UNSPECIFIED.,.F.,.F.,(9,9),(0.,
    1.570796326795),.PIECEWISE_BEZIER_KNOTS.);
#2183 = CARTESIAN_POINT('',(4.712388980385,390.9));
#2184 = CARTESIAN_POINT('',(4.908738521234,390.9));
#2185 = CARTESIAN_POINT('',(5.105088062083,390.64004142127));
#2186 = CARTESIAN_POINT('',(5.301437602935,390.12012647338));
#2187 = CARTESIAN_POINT('',(5.49778714378,389.36162662693));
#2188 = CARTESIAN_POINT('',(5.694136684634,388.40732824136));
#2189 = CARTESIAN_POINT('',(5.890486225481,387.3169248567));
#2190 = CARTESIAN_POINT('',(6.08683576633,386.15846229101));
#2191 = CARTESIAN_POINT('',(6.28318530718,385.));
#2192 = ( GEOMETRIC_REPRESENTATION_CONTEXT(2) 
PARAMETRIC_REPRESENTATION_CONTEXT() REPRESENTATION_CONTEXT('2D SPACE',''
  ) );
#2193 = ORIENTED_EDGE('',*,*,#2194,.F.);
#2194 = EDGE_CURVE('',#714,#2159,#2195,.T.);
#2195 = SURFACE_CURVE('',#2196,(#2201,#2214),.PCURVE_S1.);
#2196 = ELLIPSE('',#2197,8.343860018001,5.9);
#2197 = AXIS2_PLACEMENT_3D('',#2198,#2199,#2200);
#2198 = CARTESIAN_POINT('',(180.,20.,23.5));
#2199 = DIRECTION('',(0.707106781187,-0.707106781187,0.));
#2200 = DIRECTION('',(0.707106781187,0.707106781187,0.));
#2201 = PCURVE('',#743,#2202);
#2202 = DEFINITIONAL_REPRESENTATION('',(#2203),#2213);
#2203 = B_SPLINE_CURVE_WITH_KNOTS('',8,(#2204,#2205,#2206,#2207,#2208,
    #2209,#2210,#2211,#2212),.UNSPECIFIED.,.F.,.F.,(9,9),(4.712388884358
    ,6.28318530718),.PIECEWISE_BEZIER_KNOTS.);
#2204 = CARTESIAN_POINT('',(-9.602713380019E-08,20.00000056656));
#2205 = CARTESIAN_POINT('',(0.196349456826,18.841538204729));
#2206 = CARTESIAN_POINT('',(0.392699009677,17.68307554289));
#2207 = CARTESIAN_POINT('',(0.589048562533,16.592672050475));
#2208 = CARTESIAN_POINT('',(0.785398115379,15.638373557138));
#2209 = CARTESIAN_POINT('',(0.981747668238,14.879873621843));
#2210 = CARTESIAN_POINT('',(1.178097221088,14.359958610115));
#2211 = CARTESIAN_POINT('',(1.374446773942,14.1));
#2212 = CARTESIAN_POINT('',(1.570796326795,14.1));
#2213 = ( GEOMETRIC_REPRESENTATION_CONTEXT(2) 
PARAMETRIC_REPRESENTATION_CONTEXT() REPRESENTATION_CONTEXT('2D SPACE',''
  ) );
#2214 = PCURVE('',#2052,#2215);
#2215 = DEFINITIONAL_REPRESENTATION('',(#2216),#2226);
#2216 = B_SPLINE_CURVE_WITH_KNOTS('',8,(#2217,#2218,#2219,#2220,#2221,
    #2222,#2223,#2224,#2225),.UNSPECIFIED.,.F.,.F.,(9,9),(4.712388884358
    ,6.28318530718),.PIECEWISE_BEZIER_KNOTS.);
#2217 = CARTESIAN_POINT('',(3.141592557563,384.99999943344));
#2218 = CARTESIAN_POINT('',(3.337942110415,386.15846179527));
#2219 = CARTESIAN_POINT('',(3.534291663261,387.31692445703));
#2220 = CARTESIAN_POINT('',(3.730641216133,388.40732794894));
#2221 = CARTESIAN_POINT('',(3.926990768944,389.36162644207));
#2222 = CARTESIAN_POINT('',(4.123340321835,390.12012637757));
#2223 = CARTESIAN_POINT('',(4.319689874673,390.64004138978));
#2224 = CARTESIAN_POINT('',(4.516039427532,390.9));
#2225 = CARTESIAN_POINT('',(4.712388980385,390.9));
#2226 = ( GEOMETRIC_REPRESENTATION_CONTEXT(2) 
PARAMETRIC_REPRESENTATION_CONTEXT() REPRESENTATION_CONTEXT('2D SPACE',''
  ) );
#2227 = ORIENTED_EDGE('',*,*,#2136,.F.);
#2228 = ADVANCED_FACE('',(#2229),#866,.T.);
#2229 = FACE_BOUND('',#2230,.T.);
#2230 = EDGE_LOOP('',(#2231,#2260,#2281,#2282,#2283,#2284));
#2231 = ORIENTED_EDGE('',*,*,#2232,.T.);
#2232 = EDGE_CURVE('',#2233,#2233,#2235,.T.);
#2233 = VERTEX_POINT('',#2234);
#2234 = CARTESIAN_POINT('',(-140.,-2.,29.4));
#2235 = SURFACE_CURVE('',#2236,(#2241,#2248),.PCURVE_S1.);
#2236 = CIRCLE('',#2237,5.9);
#2237 = AXIS2_PLACEMENT_3D('',#2238,#2239,#2240);
#2238 = CARTESIAN_POINT('',(-140.,-2.,23.5));
#2239 = DIRECTION('',(0.,1.,0.));
#2240 = DIRECTION('',(0.,-0.,1.));
#2241 = PCURVE('',#866,#2242);
#2242 = DEFINITIONAL_REPRESENTATION('',(#2243),#2247);
#2243 = LINE('',#2244,#2245);
#2244 = CARTESIAN_POINT('',(0.,1.));
#2245 = VECTOR('',#2246,1.);
#2246 = DIRECTION('',(1.,0.));
#2247 = ( GEOMETRIC_REPRESENTATION_CONTEXT(2) 
PARAMETRIC_REPRESENTATION_CONTEXT() REPRESENTATION_CONTEXT('2D SPACE',''
  ) );
#2248 = PCURVE('',#2249,#2254);
#2249 = CONICAL_SURFACE('',#2250,6.9,0.785398163397);
#2250 = AXIS2_PLACEMENT_3D('',#2251,#2252,#2253);
#2251 = CARTESIAN_POINT('',(-140.,-3.,23.5));
#2252 = DIRECTION('',(-0.,-1.,-0.));
#2253 = DIRECTION('',(0.,-0.,1.));
#2254 = DEFINITIONAL_REPRESENTATION('',(#2255),#2259);
#2255 = LINE('',#2256,#2257);
#2256 = CARTESIAN_POINT('',(6.28318530718,-1.));
#2257 = VECTOR('',#2258,1.);
#2258 = DIRECTION('',(-1.,0.));
#2259 = ( GEOMETRIC_REPRESENTATION_CONTEXT(2) 
PARAMETRIC_REPRESENTATION_CONTEXT() REPRESENTATION_CONTEXT('2D SPACE',''
  ) );
#2260 = ORIENTED_EDGE('',*,*,#2261,.T.);
#2261 = EDGE_CURVE('',#2233,#507,#2262,.T.);
#2262 = SEAM_CURVE('',#2263,(#2267,#2274),.PCURVE_S1.);
#2263 = LINE('',#2264,#2265);
#2264 = CARTESIAN_POINT('',(-140.,-3.,29.4));
#2265 = VECTOR('',#2266,1.);
#2266 = DIRECTION('',(0.,1.,0.));
#2267 = PCURVE('',#866,#2268);
#2268 = DEFINITIONAL_REPRESENTATION('',(#2269),#2273);
#2269 = LINE('',#2270,#2271);
#2270 = CARTESIAN_POINT('',(6.28318530718,0.));
#2271 = VECTOR('',#2272,1.);
#2272 = DIRECTION('',(0.,1.));
#2273 = ( GEOMETRIC_REPRESENTATION_CONTEXT(2) 
PARAMETRIC_REPRESENTATION_CONTEXT() REPRESENTATION_CONTEXT('2D SPACE',''
  ) );
#2274 = PCURVE('',#866,#2275);
#2275 = DEFINITIONAL_REPRESENTATION('',(#2276),#2280);
#2276 = LINE('',#2277,#2278);
#2277 = CARTESIAN_POINT('',(4.138911435803E-13,0.));
#2278 = VECTOR('',#2279,1.);
#2279 = DIRECTION('',(0.,1.));
#2280 = ( GEOMETRIC_REPRESENTATION_CONTEXT(2) 
PARAMETRIC_REPRESENTATION_CONTEXT() REPRESENTATION_CONTEXT('2D SPACE',''
  ) );
#2281 = ORIENTED_EDGE('',*,*,#834,.T.);
#2282 = ORIENTED_EDGE('',*,*,#927,.F.);
#2283 = ORIENTED_EDGE('',*,*,#891,.F.);
#2284 = ORIENTED_EDGE('',*,*,#2261,.F.);
#2285 = ADVANCED_FACE('',(#2286),#995,.T.);
#2286 = FACE_BOUND('',#2287,.T.);
#2287 = EDGE_LOOP('',(#2288,#2317,#2338,#2339,#2340,#2341));
#2288 = ORIENTED_EDGE('',*,*,#2289,.T.);
#2289 = EDGE_CURVE('',#2290,#2290,#2292,.T.);
#2290 = VERTEX_POINT('',#2291);
#2291 = CARTESIAN_POINT('',(-100.,-2.,29.4));
#2292 = SURFACE_CURVE('',#2293,(#2298,#2305),.PCURVE_S1.);
#2293 = CIRCLE('',#2294,5.9);
#2294 = AXIS2_PLACEMENT_3D('',#2295,#2296,#2297);
#2295 = CARTESIAN_POINT('',(-100.,-2.,23.5));
#2296 = DIRECTION('',(0.,1.,0.));
#2297 = DIRECTION('',(0.,-0.,1.));
#2298 = PCURVE('',#995,#2299);
#2299 = DEFINITIONAL_REPRESENTATION('',(#2300),#2304);
#2300 = LINE('',#2301,#2302);
#2301 = CARTESIAN_POINT('',(0.,1.));
#2302 = VECTOR('',#2303,1.);
#2303 = DIRECTION('',(1.,0.));
#2304 = ( GEOMETRIC_REPRESENTATION_CONTEXT(2) 
PARAMETRIC_REPRESENTATION_CONTEXT() REPRESENTATION_CONTEXT('2D SPACE',''
  ) );
#2305 = PCURVE('',#2306,#2311);
#2306 = CONICAL_SURFACE('',#2307,6.9,0.785398163397);
#2307 = AXIS2_PLACEMENT_3D('',#2308,#2309,#2310);
#2308 = CARTESIAN_POINT('',(-100.,-3.,23.5));
#2309 = DIRECTION('',(-0.,-1.,-0.));
#2310 = DIRECTION('',(0.,-0.,1.));
#2311 = DEFINITIONAL_REPRESENTATION('',(#2312),#2316);
#2312 = LINE('',#2313,#2314);
#2313 = CARTESIAN_POINT('',(6.28318530718,-1.));
#2314 = VECTOR('',#2315,1.);
#2315 = DIRECTION('',(-1.,0.));
#2316 = ( GEOMETRIC_REPRESENTATION_CONTEXT(2) 
PARAMETRIC_REPRESENTATION_CONTEXT() REPRESENTATION_CONTEXT('2D SPACE',''
  ) );
#2317 = ORIENTED_EDGE('',*,*,#2318,.T.);
#2318 = EDGE_CURVE('',#2290,#530,#2319,.T.);
#2319 = SEAM_CURVE('',#2320,(#2324,#2331),.PCURVE_S1.);
#2320 = LINE('',#2321,#2322);
#2321 = CARTESIAN_POINT('',(-100.,-3.,29.4));
#2322 = VECTOR('',#2323,1.);
#2323 = DIRECTION('',(0.,1.,0.));
#2324 = PCURVE('',#995,#2325);
#2325 = DEFINITIONAL_REPRESENTATION('',(#2326),#2330);
#2326 = LINE('',#2327,#2328);
#2327 = CARTESIAN_POINT('',(6.28318530718,0.));
#2328 = VECTOR('',#2329,1.);
#2329 = DIRECTION('',(0.,1.));
#2330 = ( GEOMETRIC_REPRESENTATION_CONTEXT(2) 
PARAMETRIC_REPRESENTATION_CONTEXT() REPRESENTATION_CONTEXT('2D SPACE',''
  ) );
#2331 = PCURVE('',#995,#2332);
#2332 = DEFINITIONAL_REPRESENTATION('',(#2333),#2337);
#2333 = LINE('',#2334,#2335);
#2334 = CARTESIAN_POINT('',(4.138911435803E-13,0.));
#2335 = VECTOR('',#2336,1.);
#2336 = DIRECTION('',(0.,1.));
#2337 = ( GEOMETRIC_REPRESENTATION_CONTEXT(2) 
PARAMETRIC_REPRESENTATION_CONTEXT() REPRESENTATION_CONTEXT('2D SPACE',''
  ) );
#2338 = ORIENTED_EDGE('',*,*,#963,.T.);
#2339 = ORIENTED_EDGE('',*,*,#1056,.F.);
#2340 = ORIENTED_EDGE('',*,*,#1020,.F.);
#2341 = ORIENTED_EDGE('',*,*,#2318,.F.);
#2342 = ADVANCED_FACE('',(#2343),#1124,.T.);
#2343 = FACE_BOUND('',#2344,.T.);
#2344 = EDGE_LOOP('',(#2345,#2374,#2395,#2396,#2397,#2398));
#2345 = ORIENTED_EDGE('',*,*,#2346,.T.);
#2346 = EDGE_CURVE('',#2347,#2347,#2349,.T.);
#2347 = VERTEX_POINT('',#2348);
#2348 = CARTESIAN_POINT('',(-60.,-2.,29.4));
#2349 = SURFACE_CURVE('',#2350,(#2355,#2362),.PCURVE_S1.);
#2350 = CIRCLE('',#2351,5.9);
#2351 = AXIS2_PLACEMENT_3D('',#2352,#2353,#2354);
#2352 = CARTESIAN_POINT('',(-60.,-2.,23.5));
#2353 = DIRECTION('',(0.,1.,0.));
#2354 = DIRECTION('',(0.,-0.,1.));
#2355 = PCURVE('',#1124,#2356);
#2356 = DEFINITIONAL_REPRESENTATION('',(#2357),#2361);
#2357 = LINE('',#2358,#2359);
#2358 = CARTESIAN_POINT('',(0.,1.));
#2359 = VECTOR('',#2360,1.);
#2360 = DIRECTION('',(1.,0.));
#2361 = ( GEOMETRIC_REPRESENTATION_CONTEXT(2) 
PARAMETRIC_REPRESENTATION_CONTEXT() REPRESENTATION_CONTEXT('2D SPACE',''
  ) );
#2362 = PCURVE('',#2363,#2368);
#2363 = CONICAL_SURFACE('',#2364,6.9,0.785398163397);
#2364 = AXIS2_PLACEMENT_3D('',#2365,#2366,#2367);
#2365 = CARTESIAN_POINT('',(-60.,-3.,23.5));
#2366 = DIRECTION('',(-0.,-1.,-0.));
#2367 = DIRECTION('',(0.,-0.,1.));
#2368 = DEFINITIONAL_REPRESENTATION('',(#2369),#2373);
#2369 = LINE('',#2370,#2371);
#2370 = CARTESIAN_POINT('',(6.28318530718,-1.));
#2371 = VECTOR('',#2372,1.);
#2372 = DIRECTION('',(-1.,0.));
#2373 = ( GEOMETRIC_REPRESENTATION_CONTEXT(2) 
PARAMETRIC_REPRESENTATION_CONTEXT() REPRESENTATION_CONTEXT('2D SPACE',''
  ) );
#2374 = ORIENTED_EDGE('',*,*,#2375,.T.);
#2375 = EDGE_CURVE('',#2347,#553,#2376,.T.);
#2376 = SEAM_CURVE('',#2377,(#2381,#2388),.PCURVE_S1.);
#2377 = LINE('',#2378,#2379);
#2378 = CARTESIAN_POINT('',(-60.,-3.,29.4));
#2379 = VECTOR('',#2380,1.);
#2380 = DIRECTION('',(0.,1.,0.));
#2381 = PCURVE('',#1124,#2382);
#2382 = DEFINITIONAL_REPRESENTATION('',(#2383),#2387);
#2383 = LINE('',#2384,#2385);
#2384 = CARTESIAN_POINT('',(6.28318530718,0.));
#2385 = VECTOR('',#2386,1.);
#2386 = DIRECTION('',(0.,1.));
#2387 = ( GEOMETRIC_REPRESENTATION_CONTEXT(2) 
PARAMETRIC_REPRESENTATION_CONTEXT() REPRESENTATION_CONTEXT('2D SPACE',''
  ) );
#2388 = PCURVE('',#1124,#2389);
#2389 = DEFINITIONAL_REPRESENTATION('',(#2390),#2394);
#2390 = LINE('',#2391,#2392);
#2391 = CARTESIAN_POINT('',(4.138911435803E-13,0.));
#2392 = VECTOR('',#2393,1.);
#2393 = DIRECTION('',(0.,1.));
#2394 = ( GEOMETRIC_REPRESENTATION_CONTEXT(2) 
PARAMETRIC_REPRESENTATION_CONTEXT() REPRESENTATION_CONTEXT('2D SPACE',''
  ) );
#2395 = ORIENTED_EDGE('',*,*,#1092,.T.);
#2396 = ORIENTED_EDGE('',*,*,#1185,.F.);
#2397 = ORIENTED_EDGE('',*,*,#1149,.F.);
#2398 = ORIENTED_EDGE('',*,*,#2375,.F.);
#2399 = ADVANCED_FACE('',(#2400),#1253,.T.);
#2400 = FACE_BOUND('',#2401,.T.);
#2401 = EDGE_LOOP('',(#2402,#2431,#2452,#2453,#2454,#2455));
#2402 = ORIENTED_EDGE('',*,*,#2403,.T.);
#2403 = EDGE_CURVE('',#2404,#2404,#2406,.T.);
#2404 = VERTEX_POINT('',#2405);
#2405 = CARTESIAN_POINT('',(-20.,-2.,29.4));
#2406 = SURFACE_CURVE('',#2407,(#2412,#2419),.PCURVE_S1.);
#2407 = CIRCLE('',#2408,5.9);
#2408 = AXIS2_PLACEMENT_3D('',#2409,#2410,#2411);
#2409 = CARTESIAN_POINT('',(-20.,-2.,23.5));
#2410 = DIRECTION('',(0.,1.,0.));
#2411 = DIRECTION('',(0.,-0.,1.));
#2412 = PCURVE('',#1253,#2413);
#2413 = DEFINITIONAL_REPRESENTATION('',(#2414),#2418);
#2414 = LINE('',#2415,#2416);
#2415 = CARTESIAN_POINT('',(0.,1.));
#2416 = VECTOR('',#2417,1.);
#2417 = DIRECTION('',(1.,0.));
#2418 = ( GEOMETRIC_REPRESENTATION_CONTEXT(2) 
PARAMETRIC_REPRESENTATION_CONTEXT() REPRESENTATION_CONTEXT('2D SPACE',''
  ) );
#2419 = PCURVE('',#2420,#2425);
#2420 = CONICAL_SURFACE('',#2421,6.9,0.785398163397);
#2421 = AXIS2_PLACEMENT_3D('',#2422,#2423,#2424);
#2422 = CARTESIAN_POINT('',(-20.,-3.,23.5));
#2423 = DIRECTION('',(-0.,-1.,-0.));
#2424 = DIRECTION('',(0.,-0.,1.));
#2425 = DEFINITIONAL_REPRESENTATION('',(#2426),#2430);
#2426 = LINE('',#2427,#2428);
#2427 = CARTESIAN_POINT('',(6.28318530718,-1.));
#2428 = VECTOR('',#2429,1.);
#2429 = DIRECTION('',(-1.,0.));
#2430 = ( GEOMETRIC_REPRESENTATION_CONTEXT(2) 
PARAMETRIC_REPRESENTATION_CONTEXT() REPRESENTATION_CONTEXT('2D SPACE',''
  ) );
#2431 = ORIENTED_EDGE('',*,*,#2432,.T.);
#2432 = EDGE_CURVE('',#2404,#576,#2433,.T.);
#2433 = SEAM_CURVE('',#2434,(#2438,#2445),.PCURVE_S1.);
#2434 = LINE('',#2435,#2436);
#2435 = CARTESIAN_POINT('',(-20.,-3.,29.4));
#2436 = VECTOR('',#2437,1.);
#2437 = DIRECTION('',(0.,1.,0.));
#2438 = PCURVE('',#1253,#2439);
#2439 = DEFINITIONAL_REPRESENTATION('',(#2440),#2444);
#2440 = LINE('',#2441,#2442);
#2441 = CARTESIAN_POINT('',(6.28318530718,0.));
#2442 = VECTOR('',#2443,1.);
#2443 = DIRECTION('',(0.,1.));
#2444 = ( GEOMETRIC_REPRESENTATION_CONTEXT(2) 
PARAMETRIC_REPRESENTATION_CONTEXT() REPRESENTATION_CONTEXT('2D SPACE',''
  ) );
#2445 = PCURVE('',#1253,#2446);
#2446 = DEFINITIONAL_REPRESENTATION('',(#2447),#2451);
#2447 = LINE('',#2448,#2449);
#2448 = CARTESIAN_POINT('',(4.138911435803E-13,0.));
#2449 = VECTOR('',#2450,1.);
#2450 = DIRECTION('',(0.,1.));
#2451 = ( GEOMETRIC_REPRESENTATION_CONTEXT(2) 
PARAMETRIC_REPRESENTATION_CONTEXT() REPRESENTATION_CONTEXT('2D SPACE',''
  ) );
#2452 = ORIENTED_EDGE('',*,*,#1221,.T.);
#2453 = ORIENTED_EDGE('',*,*,#1314,.F.);
#2454 = ORIENTED_EDGE('',*,*,#1278,.F.);
#2455 = ORIENTED_EDGE('',*,*,#2432,.F.);
#2456 = ADVANCED_FACE('',(#2457),#1382,.T.);
#2457 = FACE_BOUND('',#2458,.T.);
#2458 = EDGE_LOOP('',(#2459,#2488,#2509,#2510,#2511,#2512));
#2459 = ORIENTED_EDGE('',*,*,#2460,.T.);
#2460 = EDGE_CURVE('',#2461,#2461,#2463,.T.);
#2461 = VERTEX_POINT('',#2462);
#2462 = CARTESIAN_POINT('',(20.,-2.,29.4));
#2463 = SURFACE_CURVE('',#2464,(#2469,#2476),.PCURVE_S1.);
#2464 = CIRCLE('',#2465,5.9);
#2465 = AXIS2_PLACEMENT_3D('',#2466,#2467,#2468);
#2466 = CARTESIAN_POINT('',(20.,-2.,23.5));
#2467 = DIRECTION('',(0.,1.,0.));
#2468 = DIRECTION('',(0.,-0.,1.));
#2469 = PCURVE('',#1382,#2470);
#2470 = DEFINITIONAL_REPRESENTATION('',(#2471),#2475);
#2471 = LINE('',#2472,#2473);
#2472 = CARTESIAN_POINT('',(0.,1.));
#2473 = VECTOR('',#2474,1.);
#2474 = DIRECTION('',(1.,0.));
#2475 = ( GEOMETRIC_REPRESENTATION_CONTEXT(2) 
PARAMETRIC_REPRESENTATION_CONTEXT() REPRESENTATION_CONTEXT('2D SPACE',''
  ) );
#2476 = PCURVE('',#2477,#2482);
#2477 = CONICAL_SURFACE('',#2478,6.9,0.785398163397);
#2478 = AXIS2_PLACEMENT_3D('',#2479,#2480,#2481);
#2479 = CARTESIAN_POINT('',(20.,-3.,23.5));
#2480 = DIRECTION('',(-0.,-1.,-0.));
#2481 = DIRECTION('',(0.,-0.,1.));
#2482 = DEFINITIONAL_REPRESENTATION('',(#2483),#2487);
#2483 = LINE('',#2484,#2485);
#2484 = CARTESIAN_POINT('',(6.28318530718,-1.));
#2485 = VECTOR('',#2486,1.);
#2486 = DIRECTION('',(-1.,0.));
#2487 = ( GEOMETRIC_REPRESENTATION_CONTEXT(2) 
PARAMETRIC_REPRESENTATION_CONTEXT() REPRESENTATION_CONTEXT('2D SPACE',''
  ) );
#2488 = ORIENTED_EDGE('',*,*,#2489,.T.);
#2489 = EDGE_CURVE('',#2461,#599,#2490,.T.);
#2490 = SEAM_CURVE('',#2491,(#2495,#2502),.PCURVE_S1.);
#2491 = LINE('',#2492,#2493);
#2492 = CARTESIAN_POINT('',(20.,-3.,29.4));
#2493 = VECTOR('',#2494,1.);
#2494 = DIRECTION('',(0.,1.,0.));
#2495 = PCURVE('',#1382,#2496);
#2496 = DEFINITIONAL_REPRESENTATION('',(#2497),#2501);
#2497 = LINE('',#2498,#2499);
#2498 = CARTESIAN_POINT('',(6.28318530718,0.));
#2499 = VECTOR('',#2500,1.);
#2500 = DIRECTION('',(0.,1.));
#2501 = ( GEOMETRIC_REPRESENTATION_CONTEXT(2) 
PARAMETRIC_REPRESENTATION_CONTEXT() REPRESENTATION_CONTEXT('2D SPACE',''
  ) );
#2502 = PCURVE('',#1382,#2503);
#2503 = DEFINITIONAL_REPRESENTATION('',(#2504),#2508);
#2504 = LINE('',#2505,#2506);
#2505 = CARTESIAN_POINT('',(4.138911435803E-13,0.));
#2506 = VECTOR('',#2507,1.);
#2507 = DIRECTION('',(0.,1.));
#2508 = ( GEOMETRIC_REPRESENTATION_CONTEXT(2) 
PARAMETRIC_REPRESENTATION_CONTEXT() REPRESENTATION_CONTEXT('2D SPACE',''
  ) );
#2509 = ORIENTED_EDGE('',*,*,#1350,.T.);
#2510 = ORIENTED_EDGE('',*,*,#1443,.F.);
#2511 = ORIENTED_EDGE('',*,*,#1407,.F.);
#2512 = ORIENTED_EDGE('',*,*,#2489,.F.);
#2513 = ADVANCED_FACE('',(#2514),#1511,.T.);
#2514 = FACE_BOUND('',#2515,.T.);
#2515 = EDGE_LOOP('',(#2516,#2545,#2566,#2567,#2568,#2569));
#2516 = ORIENTED_EDGE('',*,*,#2517,.T.);
#2517 = EDGE_CURVE('',#2518,#2518,#2520,.T.);
#2518 = VERTEX_POINT('',#2519);
#2519 = CARTESIAN_POINT('',(60.,-2.,29.4));
#2520 = SURFACE_CURVE('',#2521,(#2526,#2533),.PCURVE_S1.);
#2521 = CIRCLE('',#2522,5.9);
#2522 = AXIS2_PLACEMENT_3D('',#2523,#2524,#2525);
#2523 = CARTESIAN_POINT('',(60.,-2.,23.5));
#2524 = DIRECTION('',(0.,1.,0.));
#2525 = DIRECTION('',(0.,-0.,1.));
#2526 = PCURVE('',#1511,#2527);
#2527 = DEFINITIONAL_REPRESENTATION('',(#2528),#2532);
#2528 = LINE('',#2529,#2530);
#2529 = CARTESIAN_POINT('',(0.,1.));
#2530 = VECTOR('',#2531,1.);
#2531 = DIRECTION('',(1.,0.));
#2532 = ( GEOMETRIC_REPRESENTATION_CONTEXT(2) 
PARAMETRIC_REPRESENTATION_CONTEXT() REPRESENTATION_CONTEXT('2D SPACE',''
  ) );
#2533 = PCURVE('',#2534,#2539);
#2534 = CONICAL_SURFACE('',#2535,6.9,0.785398163397);
#2535 = AXIS2_PLACEMENT_3D('',#2536,#2537,#2538);
#2536 = CARTESIAN_POINT('',(60.,-3.,23.5));
#2537 = DIRECTION('',(-0.,-1.,-0.));
#2538 = DIRECTION('',(0.,-0.,1.));
#2539 = DEFINITIONAL_REPRESENTATION('',(#2540),#2544);
#2540 = LINE('',#2541,#2542);
#2541 = CARTESIAN_POINT('',(6.28318530718,-1.));
#2542 = VECTOR('',#2543,1.);
#2543 = DIRECTION('',(-1.,0.));
#2544 = ( GEOMETRIC_REPRESENTATION_CONTEXT(2) 
PARAMETRIC_REPRESENTATION_CONTEXT() REPRESENTATION_CONTEXT('2D SPACE',''
  ) );
#2545 = ORIENTED_EDGE('',*,*,#2546,.T.);
#2546 = EDGE_CURVE('',#2518,#622,#2547,.T.);
#2547 = SEAM_CURVE('',#2548,(#2552,#2559),.PCURVE_S1.);
#2548 = LINE('',#2549,#2550);
#2549 = CARTESIAN_POINT('',(60.,-3.,29.4));
#2550 = VECTOR('',#2551,1.);
#2551 = DIRECTION('',(0.,1.,0.));
#2552 = PCURVE('',#1511,#2553);
#2553 = DEFINITIONAL_REPRESENTATION('',(#2554),#2558);
#2554 = LINE('',#2555,#2556);
#2555 = CARTESIAN_POINT('',(6.28318530718,0.));
#2556 = VECTOR('',#2557,1.);
#2557 = DIRECTION('',(0.,1.));
#2558 = ( GEOMETRIC_REPRESENTATION_CONTEXT(2) 
PARAMETRIC_REPRESENTATION_CONTEXT() REPRESENTATION_CONTEXT('2D SPACE',''
  ) );
#2559 = PCURVE('',#1511,#2560);
#2560 = DEFINITIONAL_REPRESENTATION('',(#2561),#2565);
#2561 = LINE('',#2562,#2563);
#2562 = CARTESIAN_POINT('',(4.138911435803E-13,0.));
#2563 = VECTOR('',#2564,1.);
#2564 = DIRECTION('',(0.,1.));
#2565 = ( GEOMETRIC_REPRESENTATION_CONTEXT(2) 
PARAMETRIC_REPRESENTATION_CONTEXT() REPRESENTATION_CONTEXT('2D SPACE',''
  ) );
#2566 = ORIENTED_EDGE('',*,*,#1479,.T.);
#2567 = ORIENTED_EDGE('',*,*,#1572,.F.);
#2568 = ORIENTED_EDGE('',*,*,#1536,.F.);
#2569 = ORIENTED_EDGE('',*,*,#2546,.F.);
#2570 = ADVANCED_FACE('',(#2571),#1640,.T.);
#2571 = FACE_BOUND('',#2572,.T.);
#2572 = EDGE_LOOP('',(#2573,#2602,#2623,#2624,#2625,#2626));
#2573 = ORIENTED_EDGE('',*,*,#2574,.T.);
#2574 = EDGE_CURVE('',#2575,#2575,#2577,.T.);
#2575 = VERTEX_POINT('',#2576);
#2576 = CARTESIAN_POINT('',(100.,-2.,29.4));
#2577 = SURFACE_CURVE('',#2578,(#2583,#2590),.PCURVE_S1.);
#2578 = CIRCLE('',#2579,5.9);
#2579 = AXIS2_PLACEMENT_3D('',#2580,#2581,#2582);
#2580 = CARTESIAN_POINT('',(100.,-2.,23.5));
#2581 = DIRECTION('',(0.,1.,0.));
#2582 = DIRECTION('',(0.,-0.,1.));
#2583 = PCURVE('',#1640,#2584);
#2584 = DEFINITIONAL_REPRESENTATION('',(#2585),#2589);
#2585 = LINE('',#2586,#2587);
#2586 = CARTESIAN_POINT('',(0.,1.));
#2587 = VECTOR('',#2588,1.);
#2588 = DIRECTION('',(1.,0.));
#2589 = ( GEOMETRIC_REPRESENTATION_CONTEXT(2) 
PARAMETRIC_REPRESENTATION_CONTEXT() REPRESENTATION_CONTEXT('2D SPACE',''
  ) );
#2590 = PCURVE('',#2591,#2596);
#2591 = CONICAL_SURFACE('',#2592,6.9,0.785398163397);
#2592 = AXIS2_PLACEMENT_3D('',#2593,#2594,#2595);
#2593 = CARTESIAN_POINT('',(100.,-3.,23.5));
#2594 = DIRECTION('',(-0.,-1.,-0.));
#2595 = DIRECTION('',(0.,-0.,1.));
#2596 = DEFINITIONAL_REPRESENTATION('',(#2597),#2601);
#2597 = LINE('',#2598,#2599);
#2598 = CARTESIAN_POINT('',(6.28318530718,-1.));
#2599 = VECTOR('',#2600,1.);
#2600 = DIRECTION('',(-1.,0.));
#2601 = ( GEOMETRIC_REPRESENTATION_CONTEXT(2) 
PARAMETRIC_REPRESENTATION_CONTEXT() REPRESENTATION_CONTEXT('2D SPACE',''
  ) );
#2602 = ORIENTED_EDGE('',*,*,#2603,.T.);
#2603 = EDGE_CURVE('',#2575,#645,#2604,.T.);
#2604 = SEAM_CURVE('',#2605,(#2609,#2616),.PCURVE_S1.);
#2605 = LINE('',#2606,#2607);
#2606 = CARTESIAN_POINT('',(100.,-3.,29.4));
#2607 = VECTOR('',#2608,1.);
#2608 = DIRECTION('',(0.,1.,0.));
#2609 = PCURVE('',#1640,#2610);
#2610 = DEFINITIONAL_REPRESENTATION('',(#2611),#2615);
#2611 = LINE('',#2612,#2613);
#2612 = CARTESIAN_POINT('',(6.28318530718,0.));
#2613 = VECTOR('',#2614,1.);
#2614 = DIRECTION('',(0.,1.));
#2615 = ( GEOMETRIC_REPRESENTATION_CONTEXT(2) 
PARAMETRIC_REPRESENTATION_CONTEXT() REPRESENTATION_CONTEXT('2D SPACE',''
  ) );
#2616 = PCURVE('',#1640,#2617);
#2617 = DEFINITIONAL_REPRESENTATION('',(#2618),#2622);
#2618 = LINE('',#2619,#2620);
#2619 = CARTESIAN_POINT('',(4.138911435803E-13,0.));
#2620 = VECTOR('',#2621,1.);
#2621 = DIRECTION('',(0.,1.));
#2622 = ( GEOMETRIC_REPRESENTATION_CONTEXT(2) 
PARAMETRIC_REPRESENTATION_CONTEXT() REPRESENTATION_CONTEXT('2D SPACE',''
  ) );
#2623 = ORIENTED_EDGE('',*,*,#1608,.T.);
#2624 = ORIENTED_EDGE('',*,*,#1701,.F.);
#2625 = ORIENTED_EDGE('',*,*,#1665,.F.);
#2626 = ORIENTED_EDGE('',*,*,#2603,.F.);
#2627 = ADVANCED_FACE('',(#2628),#1769,.T.);
#2628 = FACE_BOUND('',#2629,.T.);
#2629 = EDGE_LOOP('',(#2630,#2659,#2680,#2681,#2682,#2683));
#2630 = ORIENTED_EDGE('',*,*,#2631,.T.);
#2631 = EDGE_CURVE('',#2632,#2632,#2634,.T.);
#2632 = VERTEX_POINT('',#2633);
#2633 = CARTESIAN_POINT('',(140.,-2.,29.4));
#2634 = SURFACE_CURVE('',#2635,(#2640,#2647),.PCURVE_S1.);
#2635 = CIRCLE('',#2636,5.9);
#2636 = AXIS2_PLACEMENT_3D('',#2637,#2638,#2639);
#2637 = CARTESIAN_POINT('',(140.,-2.,23.5));
#2638 = DIRECTION('',(0.,1.,0.));
#2639 = DIRECTION('',(0.,-0.,1.));
#2640 = PCURVE('',#1769,#2641);
#2641 = DEFINITIONAL_REPRESENTATION('',(#2642),#2646);
#2642 = LINE('',#2643,#2644);
#2643 = CARTESIAN_POINT('',(0.,1.));
#2644 = VECTOR('',#2645,1.);
#2645 = DIRECTION('',(1.,0.));
#2646 = ( GEOMETRIC_REPRESENTATION_CONTEXT(2) 
PARAMETRIC_REPRESENTATION_CONTEXT() REPRESENTATION_CONTEXT('2D SPACE',''
  ) );
#2647 = PCURVE('',#2648,#2653);
#2648 = CONICAL_SURFACE('',#2649,6.9,0.785398163397);
#2649 = AXIS2_PLACEMENT_3D('',#2650,#2651,#2652);
#2650 = CARTESIAN_POINT('',(140.,-3.,23.5));
#2651 = DIRECTION('',(-0.,-1.,-0.));
#2652 = DIRECTION('',(0.,-0.,1.));
#2653 = DEFINITIONAL_REPRESENTATION('',(#2654),#2658);
#2654 = LINE('',#2655,#2656);
#2655 = CARTESIAN_POINT('',(6.28318530718,-1.));
#2656 = VECTOR('',#2657,1.);
#2657 = DIRECTION('',(-1.,0.));
#2658 = ( GEOMETRIC_REPRESENTATION_CONTEXT(2) 
PARAMETRIC_REPRESENTATION_CONTEXT() REPRESENTATION_CONTEXT('2D SPACE',''
  ) );
#2659 = ORIENTED_EDGE('',*,*,#2660,.T.);
#2660 = EDGE_CURVE('',#2632,#668,#2661,.T.);
#2661 = SEAM_CURVE('',#2662,(#2666,#2673),.PCURVE_S1.);
#2662 = LINE('',#2663,#2664);
#2663 = CARTESIAN_POINT('',(140.,-3.,29.4));
#2664 = VECTOR('',#2665,1.);
#2665 = DIRECTION('',(0.,1.,0.));
#2666 = PCURVE('',#1769,#2667);
#2667 = DEFINITIONAL_REPRESENTATION('',(#2668),#2672);
#2668 = LINE('',#2669,#2670);
#2669 = CARTESIAN_POINT('',(6.28318530718,0.));
#2670 = VECTOR('',#2671,1.);
#2671 = DIRECTION('',(0.,1.));
#2672 = ( GEOMETRIC_REPRESENTATION_CONTEXT(2) 
PARAMETRIC_REPRESENTATION_CONTEXT() REPRESENTATION_CONTEXT('2D SPACE',''
  ) );
#2673 = PCURVE('',#1769,#2674);
#2674 = DEFINITIONAL_REPRESENTATION('',(#2675),#2679);
#2675 = LINE('',#2676,#2677);
#2676 = CARTESIAN_POINT('',(4.138911435803E-13,0.));
#2677 = VECTOR('',#2678,1.);
#2678 = DIRECTION('',(0.,1.));
#2679 = ( GEOMETRIC_REPRESENTATION_CONTEXT(2) 
PARAMETRIC_REPRESENTATION_CONTEXT() REPRESENTATION_CONTEXT('2D SPACE',''
  ) );
#2680 = ORIENTED_EDGE('',*,*,#1737,.T.);
#2681 = ORIENTED_EDGE('',*,*,#1830,.F.);
#2682 = ORIENTED_EDGE('',*,*,#1794,.F.);
#2683 = ORIENTED_EDGE('',*,*,#2660,.F.);
#2684 = ADVANCED_FACE('',(#2685),#1906,.F.);
#2685 = FACE_BOUND('',#2686,.F.);
#2686 = EDGE_LOOP('',(#2687));
#2687 = ORIENTED_EDGE('',*,*,#1891,.T.);
#2688 = ADVANCED_FACE('',(#2689,#2692),#1961,.F.);
#2689 = FACE_BOUND('',#2690,.F.);
#2690 = EDGE_LOOP('',(#2691));
#2691 = ORIENTED_EDGE('',*,*,#1946,.T.);
#2692 = FACE_BOUND('',#2693,.F.);
#2693 = EDGE_LOOP('',(#2694));
#2694 = ORIENTED_EDGE('',*,*,#2695,.F.);
#2695 = EDGE_CURVE('',#2696,#2696,#2698,.T.);
#2696 = VERTEX_POINT('',#2697);
#2697 = CARTESIAN_POINT('',(-180.,40.,17.6));
#2698 = SURFACE_CURVE('',#2699,(#2704,#2711),.PCURVE_S1.);
#2699 = CIRCLE('',#2700,5.9);
#2700 = AXIS2_PLACEMENT_3D('',#2701,#2702,#2703);
#2701 = CARTESIAN_POINT('',(-180.,40.,23.5));
#2702 = DIRECTION('',(0.,-1.,0.));
#2703 = DIRECTION('',(0.,-0.,-1.));
#2704 = PCURVE('',#1961,#2705);
#2705 = DEFINITIONAL_REPRESENTATION('',(#2706),#2710);
#2706 = CIRCLE('',#2707,5.9);
#2707 = AXIS2_PLACEMENT_2D('',#2708,#2709);
#2708 = CARTESIAN_POINT('',(0.,0.));
#2709 = DIRECTION('',(1.,0.));
#2710 = ( GEOMETRIC_REPRESENTATION_CONTEXT(2) 
PARAMETRIC_REPRESENTATION_CONTEXT() REPRESENTATION_CONTEXT('2D SPACE',''
  ) );
#2711 = PCURVE('',#2712,#2717);
#2712 = PLANE('',#2713);
#2713 = AXIS2_PLACEMENT_3D('',#2714,#2715,#2716);
#2714 = CARTESIAN_POINT('',(-180.,40.,23.5));
#2715 = DIRECTION('',(0.,-1.,0.));
#2716 = DIRECTION('',(0.,-0.,-1.));
#2717 = DEFINITIONAL_REPRESENTATION('',(#2718),#2722);
#2718 = CIRCLE('',#2719,5.9);
#2719 = AXIS2_PLACEMENT_2D('',#2720,#2721);
#2720 = CARTESIAN_POINT('',(0.,0.));
#2721 = DIRECTION('',(1.,0.));
#2722 = ( GEOMETRIC_REPRESENTATION_CONTEXT(2) 
PARAMETRIC_REPRESENTATION_CONTEXT() REPRESENTATION_CONTEXT('2D SPACE',''
  ) );
#2723 = ADVANCED_FACE('',(#2724),#2052,.T.);
#2724 = FACE_BOUND('',#2725,.T.);
#2725 = EDGE_LOOP('',(#2726,#2727,#2750,#2779,#2801,#2802,#2803,#2804));
#2726 = ORIENTED_EDGE('',*,*,#2158,.T.);
#2727 = ORIENTED_EDGE('',*,*,#2728,.T.);
#2728 = EDGE_CURVE('',#691,#2729,#2731,.T.);
#2729 = VERTEX_POINT('',#2730);
#2730 = CARTESIAN_POINT('',(204.,20.,29.4));
#2731 = SEAM_CURVE('',#2732,(#2736,#2743),.PCURVE_S1.);
#2732 = LINE('',#2733,#2734);
#2733 = CARTESIAN_POINT('',(-205.,20.,29.4));
#2734 = VECTOR('',#2735,1.);
#2735 = DIRECTION('',(1.,0.,0.));
#2736 = PCURVE('',#2052,#2737);
#2737 = DEFINITIONAL_REPRESENTATION('',(#2738),#2742);
#2738 = LINE('',#2739,#2740);
#2739 = CARTESIAN_POINT('',(4.138911435803E-13,0.));
#2740 = VECTOR('',#2741,1.);
#2741 = DIRECTION('',(0.,1.));
#2742 = ( GEOMETRIC_REPRESENTATION_CONTEXT(2) 
PARAMETRIC_REPRESENTATION_CONTEXT() REPRESENTATION_CONTEXT('2D SPACE',''
  ) );
#2743 = PCURVE('',#2052,#2744);
#2744 = DEFINITIONAL_REPRESENTATION('',(#2745),#2749);
#2745 = LINE('',#2746,#2747);
#2746 = CARTESIAN_POINT('',(6.28318530718,0.));
#2747 = VECTOR('',#2748,1.);
#2748 = DIRECTION('',(0.,1.));
#2749 = ( GEOMETRIC_REPRESENTATION_CONTEXT(2) 
PARAMETRIC_REPRESENTATION_CONTEXT() REPRESENTATION_CONTEXT('2D SPACE',''
  ) );
#2750 = ORIENTED_EDGE('',*,*,#2751,.T.);
#2751 = EDGE_CURVE('',#2729,#2752,#2754,.T.);
#2752 = VERTEX_POINT('',#2753);
#2753 = CARTESIAN_POINT('',(204.,20.,17.6));
#2754 = SURFACE_CURVE('',#2755,(#2760,#2767),.PCURVE_S1.);
#2755 = CIRCLE('',#2756,5.9);
#2756 = AXIS2_PLACEMENT_3D('',#2757,#2758,#2759);
#2757 = CARTESIAN_POINT('',(204.,20.,23.5));
#2758 = DIRECTION('',(-1.,0.,0.));
#2759 = DIRECTION('',(0.,0.,-1.));
#2760 = PCURVE('',#2052,#2761);
#2761 = DEFINITIONAL_REPRESENTATION('',(#2762),#2766);
#2762 = LINE('',#2763,#2764);
#2763 = CARTESIAN_POINT('',(9.424777960769,409.));
#2764 = VECTOR('',#2765,1.);
#2765 = DIRECTION('',(-1.,0.));
#2766 = ( GEOMETRIC_REPRESENTATION_CONTEXT(2) 
PARAMETRIC_REPRESENTATION_CONTEXT() REPRESENTATION_CONTEXT('2D SPACE',''
  ) );
#2767 = PCURVE('',#2768,#2773);
#2768 = CONICAL_SURFACE('',#2769,6.9,0.785398163397);
#2769 = AXIS2_PLACEMENT_3D('',#2770,#2771,#2772);
#2770 = CARTESIAN_POINT('',(205.,20.,23.5));
#2771 = DIRECTION('',(1.,-0.,-0.));
#2772 = DIRECTION('',(0.,0.,-1.));
#2773 = DEFINITIONAL_REPRESENTATION('',(#2774),#2778);
#2774 = LINE('',#2775,#2776);
#2775 = CARTESIAN_POINT('',(6.28318530718,-1.));
#2776 = VECTOR('',#2777,1.);
#2777 = DIRECTION('',(-1.,-0.));
#2778 = ( GEOMETRIC_REPRESENTATION_CONTEXT(2) 
PARAMETRIC_REPRESENTATION_CONTEXT() REPRESENTATION_CONTEXT('2D SPACE',''
  ) );
#2779 = ORIENTED_EDGE('',*,*,#2780,.T.);
#2780 = EDGE_CURVE('',#2752,#2729,#2781,.T.);
#2781 = SURFACE_CURVE('',#2782,(#2787,#2794),.PCURVE_S1.);
#2782 = CIRCLE('',#2783,5.9);
#2783 = AXIS2_PLACEMENT_3D('',#2784,#2785,#2786);
#2784 = CARTESIAN_POINT('',(204.,20.,23.5));
#2785 = DIRECTION('',(-1.,0.,0.));
#2786 = DIRECTION('',(0.,0.,-1.));
#2787 = PCURVE('',#2052,#2788);
#2788 = DEFINITIONAL_REPRESENTATION('',(#2789),#2793);
#2789 = LINE('',#2790,#2791);
#2790 = CARTESIAN_POINT('',(3.14159265359,409.));
#2791 = VECTOR('',#2792,1.);
#2792 = DIRECTION('',(-1.,0.));
#2793 = ( GEOMETRIC_REPRESENTATION_CONTEXT(2) 
PARAMETRIC_REPRESENTATION_CONTEXT() REPRESENTATION_CONTEXT('2D SPACE',''
  ) );
#2794 = PCURVE('',#2768,#2795);
#2795 = DEFINITIONAL_REPRESENTATION('',(#2796),#2800);
#2796 = LINE('',#2797,#2798);
#2797 = CARTESIAN_POINT('',(6.28318530718,-1.));
#2798 = VECTOR('',#2799,1.);
#2799 = DIRECTION('',(-1.,-0.));
#2800 = ( GEOMETRIC_REPRESENTATION_CONTEXT(2) 
PARAMETRIC_REPRESENTATION_CONTEXT() REPRESENTATION_CONTEXT('2D SPACE',''
  ) );
#2801 = ORIENTED_EDGE('',*,*,#2728,.F.);
#2802 = ORIENTED_EDGE('',*,*,#2070,.T.);
#2803 = ORIENTED_EDGE('',*,*,#2029,.T.);
#2804 = ORIENTED_EDGE('',*,*,#2194,.T.);
#2805 = ADVANCED_FACE('',(#2806),#2015,.T.);
#2806 = FACE_BOUND('',#2807,.T.);
#2807 = EDGE_LOOP('',(#2808,#2809,#2832,#2859));
#2808 = ORIENTED_EDGE('',*,*,#2000,.F.);
#2809 = ORIENTED_EDGE('',*,*,#2810,.F.);
#2810 = EDGE_CURVE('',#2811,#1978,#2813,.T.);
#2811 = VERTEX_POINT('',#2812);
#2812 = CARTESIAN_POINT('',(180.,-3.,30.4));
#2813 = SEAM_CURVE('',#2814,(#2818,#2825),.PCURVE_S1.);
#2814 = LINE('',#2815,#2816);
#2815 = CARTESIAN_POINT('',(180.,-3.,30.4));
#2816 = VECTOR('',#2817,1.);
#2817 = DIRECTION('',(1.73191211247E-16,0.707106781187,-0.707106781187)
  );
#2818 = PCURVE('',#2015,#2819);
#2819 = DEFINITIONAL_REPRESENTATION('',(#2820),#2824);
#2820 = LINE('',#2821,#2822);
#2821 = CARTESIAN_POINT('',(6.28318530718,0.));
#2822 = VECTOR('',#2823,1.);
#2823 = DIRECTION('',(-0.,-1.));
#2824 = ( GEOMETRIC_REPRESENTATION_CONTEXT(2) 
PARAMETRIC_REPRESENTATION_CONTEXT() REPRESENTATION_CONTEXT('2D SPACE',''
  ) );
#2825 = PCURVE('',#2015,#2826);
#2826 = DEFINITIONAL_REPRESENTATION('',(#2827),#2831);
#2827 = LINE('',#2828,#2829);
#2828 = CARTESIAN_POINT('',(-4.138911435803E-13,0.));
#2829 = VECTOR('',#2830,1.);
#2830 = DIRECTION('',(-0.,-1.));
#2831 = ( GEOMETRIC_REPRESENTATION_CONTEXT(2) 
PARAMETRIC_REPRESENTATION_CONTEXT() REPRESENTATION_CONTEXT('2D SPACE',''
  ) );
#2832 = ORIENTED_EDGE('',*,*,#2833,.T.);
#2833 = EDGE_CURVE('',#2811,#2811,#2834,.T.);
#2834 = SURFACE_CURVE('',#2835,(#2840,#2847),.PCURVE_S1.);
#2835 = CIRCLE('',#2836,6.9);
#2836 = AXIS2_PLACEMENT_3D('',#2837,#2838,#2839);
#2837 = CARTESIAN_POINT('',(180.,-3.,23.5));
#2838 = DIRECTION('',(0.,1.,0.));
#2839 = DIRECTION('',(0.,-0.,1.));
#2840 = PCURVE('',#2015,#2841);
#2841 = DEFINITIONAL_REPRESENTATION('',(#2842),#2846);
#2842 = LINE('',#2843,#2844);
#2843 = CARTESIAN_POINT('',(6.28318530718,-8.881784197001E-16));
#2844 = VECTOR('',#2845,1.);
#2845 = DIRECTION('',(-1.,0.));
#2846 = ( GEOMETRIC_REPRESENTATION_CONTEXT(2) 
PARAMETRIC_REPRESENTATION_CONTEXT() REPRESENTATION_CONTEXT('2D SPACE',''
  ) );
#2847 = PCURVE('',#2848,#2853);
#2848 = PLANE('',#2849);
#2849 = AXIS2_PLACEMENT_3D('',#2850,#2851,#2852);
#2850 = CARTESIAN_POINT('',(180.,-3.,23.5));
#2851 = DIRECTION('',(0.,1.,0.));
#2852 = DIRECTION('',(0.,-0.,1.));
#2853 = DEFINITIONAL_REPRESENTATION('',(#2854),#2858);
#2854 = CIRCLE('',#2855,6.9);
#2855 = AXIS2_PLACEMENT_2D('',#2856,#2857);
#2856 = CARTESIAN_POINT('',(0.,0.));
#2857 = DIRECTION('',(1.,0.));
#2858 = ( GEOMETRIC_REPRESENTATION_CONTEXT(2) 
PARAMETRIC_REPRESENTATION_CONTEXT() REPRESENTATION_CONTEXT('2D SPACE',''
  ) );
#2859 = ORIENTED_EDGE('',*,*,#2810,.T.);
#2860 = ADVANCED_FACE('',(#2861),#2124,.T.);
#2861 = FACE_BOUND('',#2862,.T.);
#2862 = EDGE_LOOP('',(#2863,#2864,#2887,#2914));
#2863 = ORIENTED_EDGE('',*,*,#2107,.F.);
#2864 = ORIENTED_EDGE('',*,*,#2865,.F.);
#2865 = EDGE_CURVE('',#2866,#2108,#2868,.T.);
#2866 = VERTEX_POINT('',#2867);
#2867 = CARTESIAN_POINT('',(180.,40.,16.6));
#2868 = SEAM_CURVE('',#2869,(#2873,#2880),.PCURVE_S1.);
#2869 = LINE('',#2870,#2871);
#2870 = CARTESIAN_POINT('',(180.,40.,16.6));
#2871 = VECTOR('',#2872,1.);
#2872 = DIRECTION('',(1.731912112471E-16,-0.707106781187,0.707106781187)
  );
#2873 = PCURVE('',#2124,#2874);
#2874 = DEFINITIONAL_REPRESENTATION('',(#2875),#2879);
#2875 = LINE('',#2876,#2877);
#2876 = CARTESIAN_POINT('',(-6.28318530718,0.));
#2877 = VECTOR('',#2878,1.);
#2878 = DIRECTION('',(-0.,-1.));
#2879 = ( GEOMETRIC_REPRESENTATION_CONTEXT(2) 
PARAMETRIC_REPRESENTATION_CONTEXT() REPRESENTATION_CONTEXT('2D SPACE',''
  ) );
#2880 = PCURVE('',#2124,#2881);
#2881 = DEFINITIONAL_REPRESENTATION('',(#2882),#2886);
#2882 = LINE('',#2883,#2884);
#2883 = CARTESIAN_POINT('',(0.,-0.));
#2884 = VECTOR('',#2885,1.);
#2885 = DIRECTION('',(-0.,-1.));
#2886 = ( GEOMETRIC_REPRESENTATION_CONTEXT(2) 
PARAMETRIC_REPRESENTATION_CONTEXT() REPRESENTATION_CONTEXT('2D SPACE',''
  ) );
#2887 = ORIENTED_EDGE('',*,*,#2888,.T.);
#2888 = EDGE_CURVE('',#2866,#2866,#2889,.T.);
#2889 = SURFACE_CURVE('',#2890,(#2895,#2902),.PCURVE_S1.);
#2890 = CIRCLE('',#2891,6.9);
#2891 = AXIS2_PLACEMENT_3D('',#2892,#2893,#2894);
#2892 = CARTESIAN_POINT('',(180.,40.,23.5));
#2893 = DIRECTION('',(0.,-1.,0.));
#2894 = DIRECTION('',(0.,-0.,-1.));
#2895 = PCURVE('',#2124,#2896);
#2896 = DEFINITIONAL_REPRESENTATION('',(#2897),#2901);
#2897 = LINE('',#2898,#2899);
#2898 = CARTESIAN_POINT('',(-0.,-0.));
#2899 = VECTOR('',#2900,1.);
#2900 = DIRECTION('',(-1.,-0.));
#2901 = ( GEOMETRIC_REPRESENTATION_CONTEXT(2) 
PARAMETRIC_REPRESENTATION_CONTEXT() REPRESENTATION_CONTEXT('2D SPACE',''
  ) );
#2902 = PCURVE('',#2903,#2908);
#2903 = PLANE('',#2904);
#2904 = AXIS2_PLACEMENT_3D('',#2905,#2906,#2907);
#2905 = CARTESIAN_POINT('',(180.,40.,23.5));
#2906 = DIRECTION('',(0.,-1.,0.));
#2907 = DIRECTION('',(0.,-0.,-1.));
#2908 = DEFINITIONAL_REPRESENTATION('',(#2909),#2913);
#2909 = CIRCLE('',#2910,6.9);
#2910 = AXIS2_PLACEMENT_2D('',#2911,#2912);
#2911 = CARTESIAN_POINT('',(0.,0.));
#2912 = DIRECTION('',(1.,0.));
#2913 = ( GEOMETRIC_REPRESENTATION_CONTEXT(2) 
PARAMETRIC_REPRESENTATION_CONTEXT() REPRESENTATION_CONTEXT('2D SPACE',''
  ) );
#2914 = ORIENTED_EDGE('',*,*,#2865,.T.);
#2915 = ADVANCED_FACE('',(#2916),#2249,.T.);
#2916 = FACE_BOUND('',#2917,.T.);
#2917 = EDGE_LOOP('',(#2918,#2919,#2942,#2969));
#2918 = ORIENTED_EDGE('',*,*,#2232,.F.);
#2919 = ORIENTED_EDGE('',*,*,#2920,.F.);
#2920 = EDGE_CURVE('',#2921,#2233,#2923,.T.);
#2921 = VERTEX_POINT('',#2922);
#2922 = CARTESIAN_POINT('',(-140.,-3.,30.4));
#2923 = SEAM_CURVE('',#2924,(#2928,#2935),.PCURVE_S1.);
#2924 = LINE('',#2925,#2926);
#2925 = CARTESIAN_POINT('',(-140.,-3.,30.4));
#2926 = VECTOR('',#2927,1.);
#2927 = DIRECTION('',(1.73191211247E-16,0.707106781187,-0.707106781187)
  );
#2928 = PCURVE('',#2249,#2929);
#2929 = DEFINITIONAL_REPRESENTATION('',(#2930),#2934);
#2930 = LINE('',#2931,#2932);
#2931 = CARTESIAN_POINT('',(6.28318530718,0.));
#2932 = VECTOR('',#2933,1.);
#2933 = DIRECTION('',(-0.,-1.));
#2934 = ( GEOMETRIC_REPRESENTATION_CONTEXT(2) 
PARAMETRIC_REPRESENTATION_CONTEXT() REPRESENTATION_CONTEXT('2D SPACE',''
  ) );
#2935 = PCURVE('',#2249,#2936);
#2936 = DEFINITIONAL_REPRESENTATION('',(#2937),#2941);
#2937 = LINE('',#2938,#2939);
#2938 = CARTESIAN_POINT('',(-4.138911435803E-13,0.));
#2939 = VECTOR('',#2940,1.);
#2940 = DIRECTION('',(-0.,-1.));
#2941 = ( GEOMETRIC_REPRESENTATION_CONTEXT(2) 
PARAMETRIC_REPRESENTATION_CONTEXT() REPRESENTATION_CONTEXT('2D SPACE',''
  ) );
#2942 = ORIENTED_EDGE('',*,*,#2943,.T.);
#2943 = EDGE_CURVE('',#2921,#2921,#2944,.T.);
#2944 = SURFACE_CURVE('',#2945,(#2950,#2957),.PCURVE_S1.);
#2945 = CIRCLE('',#2946,6.9);
#2946 = AXIS2_PLACEMENT_3D('',#2947,#2948,#2949);
#2947 = CARTESIAN_POINT('',(-140.,-3.,23.5));
#2948 = DIRECTION('',(0.,1.,0.));
#2949 = DIRECTION('',(0.,-0.,1.));
#2950 = PCURVE('',#2249,#2951);
#2951 = DEFINITIONAL_REPRESENTATION('',(#2952),#2956);
#2952 = LINE('',#2953,#2954);
#2953 = CARTESIAN_POINT('',(6.28318530718,-8.881784197001E-16));
#2954 = VECTOR('',#2955,1.);
#2955 = DIRECTION('',(-1.,0.));
#2956 = ( GEOMETRIC_REPRESENTATION_CONTEXT(2) 
PARAMETRIC_REPRESENTATION_CONTEXT() REPRESENTATION_CONTEXT('2D SPACE',''
  ) );
#2957 = PCURVE('',#2958,#2963);
#2958 = PLANE('',#2959);
#2959 = AXIS2_PLACEMENT_3D('',#2960,#2961,#2962);
#2960 = CARTESIAN_POINT('',(-140.,-3.,23.5));
#2961 = DIRECTION('',(0.,1.,0.));
#2962 = DIRECTION('',(0.,-0.,1.));
#2963 = DEFINITIONAL_REPRESENTATION('',(#2964),#2968);
#2964 = CIRCLE('',#2965,6.9);
#2965 = AXIS2_PLACEMENT_2D('',#2966,#2967);
#2966 = CARTESIAN_POINT('',(0.,0.));
#2967 = DIRECTION('',(1.,0.));
#2968 = ( GEOMETRIC_REPRESENTATION_CONTEXT(2) 
PARAMETRIC_REPRESENTATION_CONTEXT() REPRESENTATION_CONTEXT('2D SPACE',''
  ) );
#2969 = ORIENTED_EDGE('',*,*,#2920,.T.);
#2970 = ADVANCED_FACE('',(#2971),#2306,.T.);
#2971 = FACE_BOUND('',#2972,.T.);
#2972 = EDGE_LOOP('',(#2973,#2974,#2997,#3024));
#2973 = ORIENTED_EDGE('',*,*,#2289,.F.);
#2974 = ORIENTED_EDGE('',*,*,#2975,.F.);
#2975 = EDGE_CURVE('',#2976,#2290,#2978,.T.);
#2976 = VERTEX_POINT('',#2977);
#2977 = CARTESIAN_POINT('',(-100.,-3.,30.4));
#2978 = SEAM_CURVE('',#2979,(#2983,#2990),.PCURVE_S1.);
#2979 = LINE('',#2980,#2981);
#2980 = CARTESIAN_POINT('',(-100.,-3.,30.4));
#2981 = VECTOR('',#2982,1.);
#2982 = DIRECTION('',(1.73191211247E-16,0.707106781187,-0.707106781187)
  );
#2983 = PCURVE('',#2306,#2984);
#2984 = DEFINITIONAL_REPRESENTATION('',(#2985),#2989);
#2985 = LINE('',#2986,#2987);
#2986 = CARTESIAN_POINT('',(6.28318530718,0.));
#2987 = VECTOR('',#2988,1.);
#2988 = DIRECTION('',(-0.,-1.));
#2989 = ( GEOMETRIC_REPRESENTATION_CONTEXT(2) 
PARAMETRIC_REPRESENTATION_CONTEXT() REPRESENTATION_CONTEXT('2D SPACE',''
  ) );
#2990 = PCURVE('',#2306,#2991);
#2991 = DEFINITIONAL_REPRESENTATION('',(#2992),#2996);
#2992 = LINE('',#2993,#2994);
#2993 = CARTESIAN_POINT('',(-4.138911435803E-13,0.));
#2994 = VECTOR('',#2995,1.);
#2995 = DIRECTION('',(-0.,-1.));
#2996 = ( GEOMETRIC_REPRESENTATION_CONTEXT(2) 
PARAMETRIC_REPRESENTATION_CONTEXT() REPRESENTATION_CONTEXT('2D SPACE',''
  ) );
#2997 = ORIENTED_EDGE('',*,*,#2998,.T.);
#2998 = EDGE_CURVE('',#2976,#2976,#2999,.T.);
#2999 = SURFACE_CURVE('',#3000,(#3005,#3012),.PCURVE_S1.);
#3000 = CIRCLE('',#3001,6.9);
#3001 = AXIS2_PLACEMENT_3D('',#3002,#3003,#3004);
#3002 = CARTESIAN_POINT('',(-100.,-3.,23.5));
#3003 = DIRECTION('',(0.,1.,0.));
#3004 = DIRECTION('',(0.,-0.,1.));
#3005 = PCURVE('',#2306,#3006);
#3006 = DEFINITIONAL_REPRESENTATION('',(#3007),#3011);
#3007 = LINE('',#3008,#3009);
#3008 = CARTESIAN_POINT('',(6.28318530718,-8.881784197001E-16));
#3009 = VECTOR('',#3010,1.);
#3010 = DIRECTION('',(-1.,0.));
#3011 = ( GEOMETRIC_REPRESENTATION_CONTEXT(2) 
PARAMETRIC_REPRESENTATION_CONTEXT() REPRESENTATION_CONTEXT('2D SPACE',''
  ) );
#3012 = PCURVE('',#3013,#3018);
#3013 = PLANE('',#3014);
#3014 = AXIS2_PLACEMENT_3D('',#3015,#3016,#3017);
#3015 = CARTESIAN_POINT('',(-100.,-3.,23.5));
#3016 = DIRECTION('',(0.,1.,0.));
#3017 = DIRECTION('',(0.,-0.,1.));
#3018 = DEFINITIONAL_REPRESENTATION('',(#3019),#3023);
#3019 = CIRCLE('',#3020,6.9);
#3020 = AXIS2_PLACEMENT_2D('',#3021,#3022);
#3021 = CARTESIAN_POINT('',(0.,0.));
#3022 = DIRECTION('',(1.,0.));
#3023 = ( GEOMETRIC_REPRESENTATION_CONTEXT(2) 
PARAMETRIC_REPRESENTATION_CONTEXT() REPRESENTATION_CONTEXT('2D SPACE',''
  ) );
#3024 = ORIENTED_EDGE('',*,*,#2975,.T.);
#3025 = ADVANCED_FACE('',(#3026),#2363,.T.);
#3026 = FACE_BOUND('',#3027,.T.);
#3027 = EDGE_LOOP('',(#3028,#3029,#3052,#3079));
#3028 = ORIENTED_EDGE('',*,*,#2346,.F.);
#3029 = ORIENTED_EDGE('',*,*,#3030,.F.);
#3030 = EDGE_CURVE('',#3031,#2347,#3033,.T.);
#3031 = VERTEX_POINT('',#3032);
#3032 = CARTESIAN_POINT('',(-60.,-3.,30.4));
#3033 = SEAM_CURVE('',#3034,(#3038,#3045),.PCURVE_S1.);
#3034 = LINE('',#3035,#3036);
#3035 = CARTESIAN_POINT('',(-60.,-3.,30.4));
#3036 = VECTOR('',#3037,1.);
#3037 = DIRECTION('',(1.73191211247E-16,0.707106781187,-0.707106781187)
  );
#3038 = PCURVE('',#2363,#3039);
#3039 = DEFINITIONAL_REPRESENTATION('',(#3040),#3044);
#3040 = LINE('',#3041,#3042);
#3041 = CARTESIAN_POINT('',(6.28318530718,0.));
#3042 = VECTOR('',#3043,1.);
#3043 = DIRECTION('',(-0.,-1.));
#3044 = ( GEOMETRIC_REPRESENTATION_CONTEXT(2) 
PARAMETRIC_REPRESENTATION_CONTEXT() REPRESENTATION_CONTEXT('2D SPACE',''
  ) );
#3045 = PCURVE('',#2363,#3046);
#3046 = DEFINITIONAL_REPRESENTATION('',(#3047),#3051);
#3047 = LINE('',#3048,#3049);
#3048 = CARTESIAN_POINT('',(-4.138911435803E-13,0.));
#3049 = VECTOR('',#3050,1.);
#3050 = DIRECTION('',(-0.,-1.));
#3051 = ( GEOMETRIC_REPRESENTATION_CONTEXT(2) 
PARAMETRIC_REPRESENTATION_CONTEXT() REPRESENTATION_CONTEXT('2D SPACE',''
  ) );
#3052 = ORIENTED_EDGE('',*,*,#3053,.T.);
#3053 = EDGE_CURVE('',#3031,#3031,#3054,.T.);
#3054 = SURFACE_CURVE('',#3055,(#3060,#3067),.PCURVE_S1.);
#3055 = CIRCLE('',#3056,6.9);
#3056 = AXIS2_PLACEMENT_3D('',#3057,#3058,#3059);
#3057 = CARTESIAN_POINT('',(-60.,-3.,23.5));
#3058 = DIRECTION('',(0.,1.,0.));
#3059 = DIRECTION('',(0.,-0.,1.));
#3060 = PCURVE('',#2363,#3061);
#3061 = DEFINITIONAL_REPRESENTATION('',(#3062),#3066);
#3062 = LINE('',#3063,#3064);
#3063 = CARTESIAN_POINT('',(6.28318530718,-8.881784197001E-16));
#3064 = VECTOR('',#3065,1.);
#3065 = DIRECTION('',(-1.,0.));
#3066 = ( GEOMETRIC_REPRESENTATION_CONTEXT(2) 
PARAMETRIC_REPRESENTATION_CONTEXT() REPRESENTATION_CONTEXT('2D SPACE',''
  ) );
#3067 = PCURVE('',#3068,#3073);
#3068 = PLANE('',#3069);
#3069 = AXIS2_PLACEMENT_3D('',#3070,#3071,#3072);
#3070 = CARTESIAN_POINT('',(-60.,-3.,23.5));
#3071 = DIRECTION('',(0.,1.,0.));
#3072 = DIRECTION('',(0.,-0.,1.));
#3073 = DEFINITIONAL_REPRESENTATION('',(#3074),#3078);
#3074 = CIRCLE('',#3075,6.9);
#3075 = AXIS2_PLACEMENT_2D('',#3076,#3077);
#3076 = CARTESIAN_POINT('',(0.,0.));
#3077 = DIRECTION('',(1.,0.));
#3078 = ( GEOMETRIC_REPRESENTATION_CONTEXT(2) 
PARAMETRIC_REPRESENTATION_CONTEXT() REPRESENTATION_CONTEXT('2D SPACE',''
  ) );
#3079 = ORIENTED_EDGE('',*,*,#3030,.T.);
#3080 = ADVANCED_FACE('',(#3081),#2420,.T.);
#3081 = FACE_BOUND('',#3082,.T.);
#3082 = EDGE_LOOP('',(#3083,#3084,#3107,#3134));
#3083 = ORIENTED_EDGE('',*,*,#2403,.F.);
#3084 = ORIENTED_EDGE('',*,*,#3085,.F.);
#3085 = EDGE_CURVE('',#3086,#2404,#3088,.T.);
#3086 = VERTEX_POINT('',#3087);
#3087 = CARTESIAN_POINT('',(-20.,-3.,30.4));
#3088 = SEAM_CURVE('',#3089,(#3093,#3100),.PCURVE_S1.);
#3089 = LINE('',#3090,#3091);
#3090 = CARTESIAN_POINT('',(-20.,-3.,30.4));
#3091 = VECTOR('',#3092,1.);
#3092 = DIRECTION('',(1.73191211247E-16,0.707106781187,-0.707106781187)
  );
#3093 = PCURVE('',#2420,#3094);
#3094 = DEFINITIONAL_REPRESENTATION('',(#3095),#3099);
#3095 = LINE('',#3096,#3097);
#3096 = CARTESIAN_POINT('',(6.28318530718,0.));
#3097 = VECTOR('',#3098,1.);
#3098 = DIRECTION('',(-0.,-1.));
#3099 = ( GEOMETRIC_REPRESENTATION_CONTEXT(2) 
PARAMETRIC_REPRESENTATION_CONTEXT() REPRESENTATION_CONTEXT('2D SPACE',''
  ) );
#3100 = PCURVE('',#2420,#3101);
#3101 = DEFINITIONAL_REPRESENTATION('',(#3102),#3106);
#3102 = LINE('',#3103,#3104);
#3103 = CARTESIAN_POINT('',(-4.138911435803E-13,0.));
#3104 = VECTOR('',#3105,1.);
#3105 = DIRECTION('',(-0.,-1.));
#3106 = ( GEOMETRIC_REPRESENTATION_CONTEXT(2) 
PARAMETRIC_REPRESENTATION_CONTEXT() REPRESENTATION_CONTEXT('2D SPACE',''
  ) );
#3107 = ORIENTED_EDGE('',*,*,#3108,.T.);
#3108 = EDGE_CURVE('',#3086,#3086,#3109,.T.);
#3109 = SURFACE_CURVE('',#3110,(#3115,#3122),.PCURVE_S1.);
#3110 = CIRCLE('',#3111,6.9);
#3111 = AXIS2_PLACEMENT_3D('',#3112,#3113,#3114);
#3112 = CARTESIAN_POINT('',(-20.,-3.,23.5));
#3113 = DIRECTION('',(0.,1.,0.));
#3114 = DIRECTION('',(0.,-0.,1.));
#3115 = PCURVE('',#2420,#3116);
#3116 = DEFINITIONAL_REPRESENTATION('',(#3117),#3121);
#3117 = LINE('',#3118,#3119);
#3118 = CARTESIAN_POINT('',(6.28318530718,-8.881784197001E-16));
#3119 = VECTOR('',#3120,1.);
#3120 = DIRECTION('',(-1.,0.));
#3121 = ( GEOMETRIC_REPRESENTATION_CONTEXT(2) 
PARAMETRIC_REPRESENTATION_CONTEXT() REPRESENTATION_CONTEXT('2D SPACE',''
  ) );
#3122 = PCURVE('',#3123,#3128);
#3123 = PLANE('',#3124);
#3124 = AXIS2_PLACEMENT_3D('',#3125,#3126,#3127);
#3125 = CARTESIAN_POINT('',(-20.,-3.,23.5));
#3126 = DIRECTION('',(0.,1.,0.));
#3127 = DIRECTION('',(0.,-0.,1.));
#3128 = DEFINITIONAL_REPRESENTATION('',(#3129),#3133);
#3129 = CIRCLE('',#3130,6.9);
#3130 = AXIS2_PLACEMENT_2D('',#3131,#3132);
#3131 = CARTESIAN_POINT('',(0.,0.));
#3132 = DIRECTION('',(1.,0.));
#3133 = ( GEOMETRIC_REPRESENTATION_CONTEXT(2) 
PARAMETRIC_REPRESENTATION_CONTEXT() REPRESENTATION_CONTEXT('2D SPACE',''
  ) );
#3134 = ORIENTED_EDGE('',*,*,#3085,.T.);
#3135 = ADVANCED_FACE('',(#3136),#2477,.T.);
#3136 = FACE_BOUND('',#3137,.T.);
#3137 = EDGE_LOOP('',(#3138,#3139,#3162,#3189));
#3138 = ORIENTED_EDGE('',*,*,#2460,.F.);
#3139 = ORIENTED_EDGE('',*,*,#3140,.F.);
#3140 = EDGE_CURVE('',#3141,#2461,#3143,.T.);
#3141 = VERTEX_POINT('',#3142);
#3142 = CARTESIAN_POINT('',(20.,-3.,30.4));
#3143 = SEAM_CURVE('',#3144,(#3148,#3155),.PCURVE_S1.);
#3144 = LINE('',#3145,#3146);
#3145 = CARTESIAN_POINT('',(20.,-3.,30.4));
#3146 = VECTOR('',#3147,1.);
#3147 = DIRECTION('',(1.73191211247E-16,0.707106781187,-0.707106781187)
  );
#3148 = PCURVE('',#2477,#3149);
#3149 = DEFINITIONAL_REPRESENTATION('',(#3150),#3154);
#3150 = LINE('',#3151,#3152);
#3151 = CARTESIAN_POINT('',(6.28318530718,0.));
#3152 = VECTOR('',#3153,1.);
#3153 = DIRECTION('',(-0.,-1.));
#3154 = ( GEOMETRIC_REPRESENTATION_CONTEXT(2) 
PARAMETRIC_REPRESENTATION_CONTEXT() REPRESENTATION_CONTEXT('2D SPACE',''
  ) );
#3155 = PCURVE('',#2477,#3156);
#3156 = DEFINITIONAL_REPRESENTATION('',(#3157),#3161);
#3157 = LINE('',#3158,#3159);
#3158 = CARTESIAN_POINT('',(-4.138911435803E-13,0.));
#3159 = VECTOR('',#3160,1.);
#3160 = DIRECTION('',(-0.,-1.));
#3161 = ( GEOMETRIC_REPRESENTATION_CONTEXT(2) 
PARAMETRIC_REPRESENTATION_CONTEXT() REPRESENTATION_CONTEXT('2D SPACE',''
  ) );
#3162 = ORIENTED_EDGE('',*,*,#3163,.T.);
#3163 = EDGE_CURVE('',#3141,#3141,#3164,.T.);
#3164 = SURFACE_CURVE('',#3165,(#3170,#3177),.PCURVE_S1.);
#3165 = CIRCLE('',#3166,6.9);
#3166 = AXIS2_PLACEMENT_3D('',#3167,#3168,#3169);
#3167 = CARTESIAN_POINT('',(20.,-3.,23.5));
#3168 = DIRECTION('',(0.,1.,0.));
#3169 = DIRECTION('',(0.,-0.,1.));
#3170 = PCURVE('',#2477,#3171);
#3171 = DEFINITIONAL_REPRESENTATION('',(#3172),#3176);
#3172 = LINE('',#3173,#3174);
#3173 = CARTESIAN_POINT('',(6.28318530718,-8.881784197001E-16));
#3174 = VECTOR('',#3175,1.);
#3175 = DIRECTION('',(-1.,0.));
#3176 = ( GEOMETRIC_REPRESENTATION_CONTEXT(2) 
PARAMETRIC_REPRESENTATION_CONTEXT() REPRESENTATION_CONTEXT('2D SPACE',''
  ) );
#3177 = PCURVE('',#3178,#3183);
#3178 = PLANE('',#3179);
#3179 = AXIS2_PLACEMENT_3D('',#3180,#3181,#3182);
#3180 = CARTESIAN_POINT('',(20.,-3.,23.5));
#3181 = DIRECTION('',(0.,1.,0.));
#3182 = DIRECTION('',(0.,-0.,1.));
#3183 = DEFINITIONAL_REPRESENTATION('',(#3184),#3188);
#3184 = CIRCLE('',#3185,6.9);
#3185 = AXIS2_PLACEMENT_2D('',#3186,#3187);
#3186 = CARTESIAN_POINT('',(0.,0.));
#3187 = DIRECTION('',(1.,0.));
#3188 = ( GEOMETRIC_REPRESENTATION_CONTEXT(2) 
PARAMETRIC_REPRESENTATION_CONTEXT() REPRESENTATION_CONTEXT('2D SPACE',''
  ) );
#3189 = ORIENTED_EDGE('',*,*,#3140,.T.);
#3190 = ADVANCED_FACE('',(#3191),#2534,.T.);
#3191 = FACE_BOUND('',#3192,.T.);
#3192 = EDGE_LOOP('',(#3193,#3194,#3217,#3244));
#3193 = ORIENTED_EDGE('',*,*,#2517,.F.);
#3194 = ORIENTED_EDGE('',*,*,#3195,.F.);
#3195 = EDGE_CURVE('',#3196,#2518,#3198,.T.);
#3196 = VERTEX_POINT('',#3197);
#3197 = CARTESIAN_POINT('',(60.,-3.,30.4));
#3198 = SEAM_CURVE('',#3199,(#3203,#3210),.PCURVE_S1.);
#3199 = LINE('',#3200,#3201);
#3200 = CARTESIAN_POINT('',(60.,-3.,30.4));
#3201 = VECTOR('',#3202,1.);
#3202 = DIRECTION('',(1.73191211247E-16,0.707106781187,-0.707106781187)
  );
#3203 = PCURVE('',#2534,#3204);
#3204 = DEFINITIONAL_REPRESENTATION('',(#3205),#3209);
#3205 = LINE('',#3206,#3207);
#3206 = CARTESIAN_POINT('',(6.28318530718,0.));
#3207 = VECTOR('',#3208,1.);
#3208 = DIRECTION('',(-0.,-1.));
#3209 = ( GEOMETRIC_REPRESENTATION_CONTEXT(2) 
PARAMETRIC_REPRESENTATION_CONTEXT() REPRESENTATION_CONTEXT('2D SPACE',''
  ) );
#3210 = PCURVE('',#2534,#3211);
#3211 = DEFINITIONAL_REPRESENTATION('',(#3212),#3216);
#3212 = LINE('',#3213,#3214);
#3213 = CARTESIAN_POINT('',(-4.138911435803E-13,0.));
#3214 = VECTOR('',#3215,1.);
#3215 = DIRECTION('',(-0.,-1.));
#3216 = ( GEOMETRIC_REPRESENTATION_CONTEXT(2) 
PARAMETRIC_REPRESENTATION_CONTEXT() REPRESENTATION_CONTEXT('2D SPACE',''
  ) );
#3217 = ORIENTED_EDGE('',*,*,#3218,.T.);
#3218 = EDGE_CURVE('',#3196,#3196,#3219,.T.);
#3219 = SURFACE_CURVE('',#3220,(#3225,#3232),.PCURVE_S1.);
#3220 = CIRCLE('',#3221,6.9);
#3221 = AXIS2_PLACEMENT_3D('',#3222,#3223,#3224);
#3222 = CARTESIAN_POINT('',(60.,-3.,23.5));
#3223 = DIRECTION('',(0.,1.,0.));
#3224 = DIRECTION('',(0.,-0.,1.));
#3225 = PCURVE('',#2534,#3226);
#3226 = DEFINITIONAL_REPRESENTATION('',(#3227),#3231);
#3227 = LINE('',#3228,#3229);
#3228 = CARTESIAN_POINT('',(6.28318530718,-8.881784197001E-16));
#3229 = VECTOR('',#3230,1.);
#3230 = DIRECTION('',(-1.,0.));
#3231 = ( GEOMETRIC_REPRESENTATION_CONTEXT(2) 
PARAMETRIC_REPRESENTATION_CONTEXT() REPRESENTATION_CONTEXT('2D SPACE',''
  ) );
#3232 = PCURVE('',#3233,#3238);
#3233 = PLANE('',#3234);
#3234 = AXIS2_PLACEMENT_3D('',#3235,#3236,#3237);
#3235 = CARTESIAN_POINT('',(60.,-3.,23.5));
#3236 = DIRECTION('',(0.,1.,0.));
#3237 = DIRECTION('',(0.,-0.,1.));
#3238 = DEFINITIONAL_REPRESENTATION('',(#3239),#3243);
#3239 = CIRCLE('',#3240,6.9);
#3240 = AXIS2_PLACEMENT_2D('',#3241,#3242);
#3241 = CARTESIAN_POINT('',(0.,0.));
#3242 = DIRECTION('',(1.,0.));
#3243 = ( GEOMETRIC_REPRESENTATION_CONTEXT(2) 
PARAMETRIC_REPRESENTATION_CONTEXT() REPRESENTATION_CONTEXT('2D SPACE',''
  ) );
#3244 = ORIENTED_EDGE('',*,*,#3195,.T.);
#3245 = ADVANCED_FACE('',(#3246),#2591,.T.);
#3246 = FACE_BOUND('',#3247,.T.);
#3247 = EDGE_LOOP('',(#3248,#3249,#3272,#3299));
#3248 = ORIENTED_EDGE('',*,*,#2574,.F.);
#3249 = ORIENTED_EDGE('',*,*,#3250,.F.);
#3250 = EDGE_CURVE('',#3251,#2575,#3253,.T.);
#3251 = VERTEX_POINT('',#3252);
#3252 = CARTESIAN_POINT('',(100.,-3.,30.4));
#3253 = SEAM_CURVE('',#3254,(#3258,#3265),.PCURVE_S1.);
#3254 = LINE('',#3255,#3256);
#3255 = CARTESIAN_POINT('',(100.,-3.,30.4));
#3256 = VECTOR('',#3257,1.);
#3257 = DIRECTION('',(1.73191211247E-16,0.707106781187,-0.707106781187)
  );
#3258 = PCURVE('',#2591,#3259);
#3259 = DEFINITIONAL_REPRESENTATION('',(#3260),#3264);
#3260 = LINE('',#3261,#3262);
#3261 = CARTESIAN_POINT('',(6.28318530718,0.));
#3262 = VECTOR('',#3263,1.);
#3263 = DIRECTION('',(-0.,-1.));
#3264 = ( GEOMETRIC_REPRESENTATION_CONTEXT(2) 
PARAMETRIC_REPRESENTATION_CONTEXT() REPRESENTATION_CONTEXT('2D SPACE',''
  ) );
#3265 = PCURVE('',#2591,#3266);
#3266 = DEFINITIONAL_REPRESENTATION('',(#3267),#3271);
#3267 = LINE('',#3268,#3269);
#3268 = CARTESIAN_POINT('',(-4.138911435803E-13,0.));
#3269 = VECTOR('',#3270,1.);
#3270 = DIRECTION('',(-0.,-1.));
#3271 = ( GEOMETRIC_REPRESENTATION_CONTEXT(2) 
PARAMETRIC_REPRESENTATION_CONTEXT() REPRESENTATION_CONTEXT('2D SPACE',''
  ) );
#3272 = ORIENTED_EDGE('',*,*,#3273,.T.);
#3273 = EDGE_CURVE('',#3251,#3251,#3274,.T.);
#3274 = SURFACE_CURVE('',#3275,(#3280,#3287),.PCURVE_S1.);
#3275 = CIRCLE('',#3276,6.9);
#3276 = AXIS2_PLACEMENT_3D('',#3277,#3278,#3279);
#3277 = CARTESIAN_POINT('',(100.,-3.,23.5));
#3278 = DIRECTION('',(0.,1.,0.));
#3279 = DIRECTION('',(0.,-0.,1.));
#3280 = PCURVE('',#2591,#3281);
#3281 = DEFINITIONAL_REPRESENTATION('',(#3282),#3286);
#3282 = LINE('',#3283,#3284);
#3283 = CARTESIAN_POINT('',(6.28318530718,-8.881784197001E-16));
#3284 = VECTOR('',#3285,1.);
#3285 = DIRECTION('',(-1.,0.));
#3286 = ( GEOMETRIC_REPRESENTATION_CONTEXT(2) 
PARAMETRIC_REPRESENTATION_CONTEXT() REPRESENTATION_CONTEXT('2D SPACE',''
  ) );
#3287 = PCURVE('',#3288,#3293);
#3288 = PLANE('',#3289);
#3289 = AXIS2_PLACEMENT_3D('',#3290,#3291,#3292);
#3290 = CARTESIAN_POINT('',(100.,-3.,23.5));
#3291 = DIRECTION('',(0.,1.,0.));
#3292 = DIRECTION('',(0.,-0.,1.));
#3293 = DEFINITIONAL_REPRESENTATION('',(#3294),#3298);
#3294 = CIRCLE('',#3295,6.9);
#3295 = AXIS2_PLACEMENT_2D('',#3296,#3297);
#3296 = CARTESIAN_POINT('',(0.,0.));
#3297 = DIRECTION('',(1.,0.));
#3298 = ( GEOMETRIC_REPRESENTATION_CONTEXT(2) 
PARAMETRIC_REPRESENTATION_CONTEXT() REPRESENTATION_CONTEXT('2D SPACE',''
  ) );
#3299 = ORIENTED_EDGE('',*,*,#3250,.T.);
#3300 = ADVANCED_FACE('',(#3301),#2648,.T.);
#3301 = FACE_BOUND('',#3302,.T.);
#3302 = EDGE_LOOP('',(#3303,#3304,#3327,#3354));
#3303 = ORIENTED_EDGE('',*,*,#2631,.F.);
#3304 = ORIENTED_EDGE('',*,*,#3305,.F.);
#3305 = EDGE_CURVE('',#3306,#2632,#3308,.T.);
#3306 = VERTEX_POINT('',#3307);
#3307 = CARTESIAN_POINT('',(140.,-3.,30.4));
#3308 = SEAM_CURVE('',#3309,(#3313,#3320),.PCURVE_S1.);
#3309 = LINE('',#3310,#3311);
#3310 = CARTESIAN_POINT('',(140.,-3.,30.4));
#3311 = VECTOR('',#3312,1.);
#3312 = DIRECTION('',(1.73191211247E-16,0.707106781187,-0.707106781187)
  );
#3313 = PCURVE('',#2648,#3314);
#3314 = DEFINITIONAL_REPRESENTATION('',(#3315),#3319);
#3315 = LINE('',#3316,#3317);
#3316 = CARTESIAN_POINT('',(6.28318530718,0.));
#3317 = VECTOR('',#3318,1.);
#3318 = DIRECTION('',(-0.,-1.));
#3319 = ( GEOMETRIC_REPRESENTATION_CONTEXT(2) 
PARAMETRIC_REPRESENTATION_CONTEXT() REPRESENTATION_CONTEXT('2D SPACE',''
  ) );
#3320 = PCURVE('',#2648,#3321);
#3321 = DEFINITIONAL_REPRESENTATION('',(#3322),#3326);
#3322 = LINE('',#3323,#3324);
#3323 = CARTESIAN_POINT('',(-4.138911435803E-13,0.));
#3324 = VECTOR('',#3325,1.);
#3325 = DIRECTION('',(-0.,-1.));
#3326 = ( GEOMETRIC_REPRESENTATION_CONTEXT(2) 
PARAMETRIC_REPRESENTATION_CONTEXT() REPRESENTATION_CONTEXT('2D SPACE',''
  ) );
#3327 = ORIENTED_EDGE('',*,*,#3328,.T.);
#3328 = EDGE_CURVE('',#3306,#3306,#3329,.T.);
#3329 = SURFACE_CURVE('',#3330,(#3335,#3342),.PCURVE_S1.);
#3330 = CIRCLE('',#3331,6.9);
#3331 = AXIS2_PLACEMENT_3D('',#3332,#3333,#3334);
#3332 = CARTESIAN_POINT('',(140.,-3.,23.5));
#3333 = DIRECTION('',(0.,1.,0.));
#3334 = DIRECTION('',(0.,-0.,1.));
#3335 = PCURVE('',#2648,#3336);
#3336 = DEFINITIONAL_REPRESENTATION('',(#3337),#3341);
#3337 = LINE('',#3338,#3339);
#3338 = CARTESIAN_POINT('',(6.28318530718,-8.881784197001E-16));
#3339 = VECTOR('',#3340,1.);
#3340 = DIRECTION('',(-1.,0.));
#3341 = ( GEOMETRIC_REPRESENTATION_CONTEXT(2) 
PARAMETRIC_REPRESENTATION_CONTEXT() REPRESENTATION_CONTEXT('2D SPACE',''
  ) );
#3342 = PCURVE('',#3343,#3348);
#3343 = PLANE('',#3344);
#3344 = AXIS2_PLACEMENT_3D('',#3345,#3346,#3347);
#3345 = CARTESIAN_POINT('',(140.,-3.,23.5));
#3346 = DIRECTION('',(0.,1.,0.));
#3347 = DIRECTION('',(0.,-0.,1.));
#3348 = DEFINITIONAL_REPRESENTATION('',(#3349),#3353);
#3349 = CIRCLE('',#3350,6.9);
#3350 = AXIS2_PLACEMENT_2D('',#3351,#3352);
#3351 = CARTESIAN_POINT('',(0.,0.));
#3352 = DIRECTION('',(1.,0.));
#3353 = ( GEOMETRIC_REPRESENTATION_CONTEXT(2) 
PARAMETRIC_REPRESENTATION_CONTEXT() REPRESENTATION_CONTEXT('2D SPACE',''
  ) );
#3354 = ORIENTED_EDGE('',*,*,#3305,.T.);
#3355 = ADVANCED_FACE('',(#3356),#2712,.F.);
#3356 = FACE_BOUND('',#3357,.T.);
#3357 = EDGE_LOOP('',(#3358));
#3358 = ORIENTED_EDGE('',*,*,#2695,.F.);
#3359 = ADVANCED_FACE('',(#3360),#2768,.T.);
#3360 = FACE_BOUND('',#3361,.T.);
#3361 = EDGE_LOOP('',(#3362,#3385,#3386,#3387,#3388));
#3362 = ORIENTED_EDGE('',*,*,#3363,.T.);
#3363 = EDGE_CURVE('',#3364,#2752,#3366,.T.);
#3364 = VERTEX_POINT('',#3365);
#3365 = CARTESIAN_POINT('',(205.,20.,16.6));
#3366 = SEAM_CURVE('',#3367,(#3371,#3378),.PCURVE_S1.);
#3367 = LINE('',#3368,#3369);
#3368 = CARTESIAN_POINT('',(205.,20.,16.6));
#3369 = VECTOR('',#3370,1.);
#3370 = DIRECTION('',(-0.707106781187,-1.73191211247E-16,0.707106781187)
  );
#3371 = PCURVE('',#2768,#3372);
#3372 = DEFINITIONAL_REPRESENTATION('',(#3373),#3377);
#3373 = LINE('',#3374,#3375);
#3374 = CARTESIAN_POINT('',(0.,0.));
#3375 = VECTOR('',#3376,1.);
#3376 = DIRECTION('',(-0.,-1.));
#3377 = ( GEOMETRIC_REPRESENTATION_CONTEXT(2) 
PARAMETRIC_REPRESENTATION_CONTEXT() REPRESENTATION_CONTEXT('2D SPACE',''
  ) );
#3378 = PCURVE('',#2768,#3379);
#3379 = DEFINITIONAL_REPRESENTATION('',(#3380),#3384);
#3380 = LINE('',#3381,#3382);
#3381 = CARTESIAN_POINT('',(6.283185307179,0.));
#3382 = VECTOR('',#3383,1.);
#3383 = DIRECTION('',(-0.,-1.));
#3384 = ( GEOMETRIC_REPRESENTATION_CONTEXT(2) 
PARAMETRIC_REPRESENTATION_CONTEXT() REPRESENTATION_CONTEXT('2D SPACE',''
  ) );
#3385 = ORIENTED_EDGE('',*,*,#2751,.F.);
#3386 = ORIENTED_EDGE('',*,*,#2780,.F.);
#3387 = ORIENTED_EDGE('',*,*,#3363,.F.);
#3388 = ORIENTED_EDGE('',*,*,#3389,.T.);
#3389 = EDGE_CURVE('',#3364,#3364,#3390,.T.);
#3390 = SURFACE_CURVE('',#3391,(#3396,#3403),.PCURVE_S1.);
#3391 = CIRCLE('',#3392,6.9);
#3392 = AXIS2_PLACEMENT_3D('',#3393,#3394,#3395);
#3393 = CARTESIAN_POINT('',(205.,20.,23.5));
#3394 = DIRECTION('',(-1.,0.,0.));
#3395 = DIRECTION('',(0.,0.,-1.));
#3396 = PCURVE('',#2768,#3397);
#3397 = DEFINITIONAL_REPRESENTATION('',(#3398),#3402);
#3398 = LINE('',#3399,#3400);
#3399 = CARTESIAN_POINT('',(6.28318530718,-8.881784197001E-16));
#3400 = VECTOR('',#3401,1.);
#3401 = DIRECTION('',(-1.,0.));
#3402 = ( GEOMETRIC_REPRESENTATION_CONTEXT(2) 
PARAMETRIC_REPRESENTATION_CONTEXT() REPRESENTATION_CONTEXT('2D SPACE',''
  ) );
#3403 = PCURVE('',#3404,#3409);
#3404 = PLANE('',#3405);
#3405 = AXIS2_PLACEMENT_3D('',#3406,#3407,#3408);
#3406 = CARTESIAN_POINT('',(205.,20.,23.5));
#3407 = DIRECTION('',(-1.,0.,0.));
#3408 = DIRECTION('',(0.,0.,-1.));
#3409 = DEFINITIONAL_REPRESENTATION('',(#3410),#3414);
#3410 = CIRCLE('',#3411,6.9);
#3411 = AXIS2_PLACEMENT_2D('',#3412,#3413);
#3412 = CARTESIAN_POINT('',(0.,0.));
#3413 = DIRECTION('',(1.,0.));
#3414 = ( GEOMETRIC_REPRESENTATION_CONTEXT(2) 
PARAMETRIC_REPRESENTATION_CONTEXT() REPRESENTATION_CONTEXT('2D SPACE',''
  ) );
#3415 = ADVANCED_FACE('',(#3416),#2848,.F.);
#3416 = FACE_BOUND('',#3417,.F.);
#3417 = EDGE_LOOP('',(#3418));
#3418 = ORIENTED_EDGE('',*,*,#2833,.T.);
#3419 = ADVANCED_FACE('',(#3420,#3423),#2903,.F.);
#3420 = FACE_BOUND('',#3421,.F.);
#3421 = EDGE_LOOP('',(#3422));
#3422 = ORIENTED_EDGE('',*,*,#2888,.T.);
#3423 = FACE_BOUND('',#3424,.F.);
#3424 = EDGE_LOOP('',(#3425));
#3425 = ORIENTED_EDGE('',*,*,#3426,.F.);
#3426 = EDGE_CURVE('',#3427,#3427,#3429,.T.);
#3427 = VERTEX_POINT('',#3428);
#3428 = CARTESIAN_POINT('',(180.,40.,17.6));
#3429 = SURFACE_CURVE('',#3430,(#3435,#3442),.PCURVE_S1.);
#3430 = CIRCLE('',#3431,5.9);
#3431 = AXIS2_PLACEMENT_3D('',#3432,#3433,#3434);
#3432 = CARTESIAN_POINT('',(180.,40.,23.5));
#3433 = DIRECTION('',(0.,-1.,0.));
#3434 = DIRECTION('',(0.,-0.,-1.));
#3435 = PCURVE('',#2903,#3436);
#3436 = DEFINITIONAL_REPRESENTATION('',(#3437),#3441);
#3437 = CIRCLE('',#3438,5.9);
#3438 = AXIS2_PLACEMENT_2D('',#3439,#3440);
#3439 = CARTESIAN_POINT('',(0.,0.));
#3440 = DIRECTION('',(1.,0.));
#3441 = ( GEOMETRIC_REPRESENTATION_CONTEXT(2) 
PARAMETRIC_REPRESENTATION_CONTEXT() REPRESENTATION_CONTEXT('2D SPACE',''
  ) );
#3442 = PCURVE('',#3443,#3448);
#3443 = PLANE('',#3444);
#3444 = AXIS2_PLACEMENT_3D('',#3445,#3446,#3447);
#3445 = CARTESIAN_POINT('',(180.,40.,23.5));
#3446 = DIRECTION('',(0.,-1.,0.));
#3447 = DIRECTION('',(0.,-0.,-1.));
#3448 = DEFINITIONAL_REPRESENTATION('',(#3449),#3453);
#3449 = CIRCLE('',#3450,5.9);
#3450 = AXIS2_PLACEMENT_2D('',#3451,#3452);
#3451 = CARTESIAN_POINT('',(0.,0.));
#3452 = DIRECTION('',(1.,0.));
#3453 = ( GEOMETRIC_REPRESENTATION_CONTEXT(2) 
PARAMETRIC_REPRESENTATION_CONTEXT() REPRESENTATION_CONTEXT('2D SPACE',''
  ) );
#3454 = ADVANCED_FACE('',(#3455),#2958,.F.);
#3455 = FACE_BOUND('',#3456,.F.);
#3456 = EDGE_LOOP('',(#3457));
#3457 = ORIENTED_EDGE('',*,*,#2943,.T.);
#3458 = ADVANCED_FACE('',(#3459),#3013,.F.);
#3459 = FACE_BOUND('',#3460,.F.);
#3460 = EDGE_LOOP('',(#3461));
#3461 = ORIENTED_EDGE('',*,*,#2998,.T.);
#3462 = ADVANCED_FACE('',(#3463),#3068,.F.);
#3463 = FACE_BOUND('',#3464,.F.);
#3464 = EDGE_LOOP('',(#3465));
#3465 = ORIENTED_EDGE('',*,*,#3053,.T.);
#3466 = ADVANCED_FACE('',(#3467),#3123,.F.);
#3467 = FACE_BOUND('',#3468,.F.);
#3468 = EDGE_LOOP('',(#3469));
#3469 = ORIENTED_EDGE('',*,*,#3108,.T.);
#3470 = ADVANCED_FACE('',(#3471),#3178,.F.);
#3471 = FACE_BOUND('',#3472,.F.);
#3472 = EDGE_LOOP('',(#3473));
#3473 = ORIENTED_EDGE('',*,*,#3163,.T.);
#3474 = ADVANCED_FACE('',(#3475),#3233,.F.);
#3475 = FACE_BOUND('',#3476,.F.);
#3476 = EDGE_LOOP('',(#3477));
#3477 = ORIENTED_EDGE('',*,*,#3218,.T.);
#3478 = ADVANCED_FACE('',(#3479),#3288,.F.);
#3479 = FACE_BOUND('',#3480,.F.);
#3480 = EDGE_LOOP('',(#3481));
#3481 = ORIENTED_EDGE('',*,*,#3273,.T.);
#3482 = ADVANCED_FACE('',(#3483),#3343,.F.);
#3483 = FACE_BOUND('',#3484,.F.);
#3484 = EDGE_LOOP('',(#3485));
#3485 = ORIENTED_EDGE('',*,*,#3328,.T.);
#3486 = ADVANCED_FACE('',(#3487),#3404,.F.);
#3487 = FACE_BOUND('',#3488,.F.);
#3488 = EDGE_LOOP('',(#3489));
#3489 = ORIENTED_EDGE('',*,*,#3389,.T.);
#3490 = ADVANCED_FACE('',(#3491),#3443,.F.);
#3491 = FACE_BOUND('',#3492,.T.);
#3492 = EDGE_LOOP('',(#3493));
#3493 = ORIENTED_EDGE('',*,*,#3426,.F.);
#3494 = ( GEOMETRIC_REPRESENTATION_CONTEXT(3) 
GLOBAL_UNCERTAINTY_ASSIGNED_CONTEXT((#3498)) 
GLOBAL_UNIT_ASSIGNED_CONTEXT((#3495,#3496,#3497)) REPRESENTATION_CONTEXT
('Context #1','3D Context with UNIT and UNCERTAINTY') );
#3495 = ( LENGTH_UNIT() NAMED_UNIT(*) SI_UNIT(.MILLI.,.METRE.) );
#3496 = ( NAMED_UNIT(*) PLANE_ANGLE_UNIT() SI_UNIT($,.RADIAN.) );
#3497 = ( NAMED_UNIT(*) SI_UNIT($,.STERADIAN.) SOLID_ANGLE_UNIT() );
#3498 = UNCERTAINTY_MEASURE_WITH_UNIT(LENGTH_MEASURE(1.E-07),#3495,
  'distance_accuracy_value','confusion accuracy');
#3499 = PRODUCT_RELATED_PRODUCT_CATEGORY('part',$,(#7));
ENDSEC;
END-ISO-10303-21;
