ISO-10303-21;
HEADER;
FILE_DESCRIPTION(('Open CASCADE Model'),'2;1');
FILE_NAME('Open CASCADE Shape Model','2026-09-14T22:49:30',('Author'),(
    'Open CASCADE'),'Open CASCADE STEP processor 7.9','Open CASCADE 7.9'
  ,'Unknown');
FILE_SCHEMA(('AUTOMOTIVE_DESIGN { 1 0 10303 214 1 1 1 1 }'));
ENDSEC;
DATA;
#1 = APPLICATION_PROTOCOL_DEFINITION('international standard',
  'automotive_design',2000,#2);
#2 = APPLICATION_CONTEXT(
  'core data for automotive mechanical design processes');
#3 = SHAPE_DEFINITION_REPRESENTATION(#4,#10);
#4 = PRODUCT_DEFINITION_SHAPE('','',#5);
#5 = PRODUCT_DEFINITION('design','',#6,#9);
#6 = PRODUCT_DEFINITION_FORMATION('','',#7);
#7 = PRODUCT('RM10_2U_revision_K_long_bore',
  'RM10_2U_revision_K_long_bore','',(#8));
#8 = PRODUCT_CONTEXT('',#2,'mechanical');
#9 = PRODUCT_DEFINITION_CONTEXT('part definition',#2,'design');
#10 = SHAPE_REPRESENTATION('',(#11,#15,#19,#23,#27,#31,#35),#39);
#11 = AXIS2_PLACEMENT_3D('',#12,#13,#14);
#12 = CARTESIAN_POINT('',(0.,0.,0.));
#13 = DIRECTION('',(0.,0.,1.));
#14 = DIRECTION('',(1.,0.,-0.));
#15 = AXIS2_PLACEMENT_3D('',#16,#17,#18);
#16 = CARTESIAN_POINT('',(0.,0.,0.));
#17 = DIRECTION('',(0.,0.,1.));
#18 = DIRECTION('',(1.,0.,-0.));
#19 = AXIS2_PLACEMENT_3D('',#20,#21,#22);
#20 = CARTESIAN_POINT('',(0.,0.,0.));
#21 = DIRECTION('',(0.,0.,1.));
#22 = DIRECTION('',(1.,0.,-0.));
#23 = AXIS2_PLACEMENT_3D('',#24,#25,#26);
#24 = CARTESIAN_POINT('',(0.,0.,0.));
#25 = DIRECTION('',(0.,0.,1.));
#26 = DIRECTION('',(1.,0.,-0.));
#27 = AXIS2_PLACEMENT_3D('',#28,#29,#30);
#28 = CARTESIAN_POINT('',(0.,0.,0.));
#29 = DIRECTION('',(0.,0.,1.));
#30 = DIRECTION('',(1.,0.,-0.));
#31 = AXIS2_PLACEMENT_3D('',#32,#33,#34);
#32 = CARTESIAN_POINT('',(0.,0.,0.));
#33 = DIRECTION('',(0.,0.,1.));
#34 = DIRECTION('',(1.,0.,-0.));
#35 = AXIS2_PLACEMENT_3D('',#36,#37,#38);
#36 = CARTESIAN_POINT('',(0.,0.,0.));
#37 = DIRECTION('',(0.,0.,1.));
#38 = DIRECTION('',(1.,0.,-0.));
#39 = ( GEOMETRIC_REPRESENTATION_CONTEXT(3) 
GLOBAL_UNCERTAINTY_ASSIGNED_CONTEXT((#43)) GLOBAL_UNIT_ASSIGNED_CONTEXT(
(#40,#41,#42)) REPRESENTATION_CONTEXT('Context #1',
  '3D Context with UNIT and UNCERTAINTY') );
#40 = ( LENGTH_UNIT() NAMED_UNIT(*) SI_UNIT(.MILLI.,.METRE.) );
#41 = ( NAMED_UNIT(*) PLANE_ANGLE_UNIT() SI_UNIT($,.RADIAN.) );
#42 = ( NAMED_UNIT(*) SI_UNIT($,.STERADIAN.) SOLID_ANGLE_UNIT() );
#43 = UNCERTAINTY_MEASURE_WITH_UNIT(LENGTH_MEASURE(1.E-07),#40,
  'distance_accuracy_value','confusion accuracy');
#44 = PRODUCT_RELATED_PRODUCT_CATEGORY('part',$,(#7));
#45 = SHAPE_DEFINITION_REPRESENTATION(#46,#52);
#46 = PRODUCT_DEFINITION_SHAPE('','',#47);
#47 = PRODUCT_DEFINITION('design','',#48,#51);
#48 = PRODUCT_DEFINITION_FORMATION('','',#49);
#49 = PRODUCT('body','body','',(#50));
#50 = PRODUCT_CONTEXT('',#2,'mechanical');
#51 = PRODUCT_DEFINITION_CONTEXT('part definition',#2,'design');
#52 = ADVANCED_BREP_SHAPE_REPRESENTATION('',(#11,#53),#9509);
#53 = MANIFOLD_SOLID_BREP('',#54);
#54 = CLOSED_SHELL('',(#55,#981,#1057,#1176,#1287,#1314,#1369,#1423,
    #1477,#1531,#1585,#1639,#1693,#1748,#1802,#1856,#1910,#1964,#2019,
    #2073,#2127,#2181,#2235,#2290,#2344,#2398,#2453,#2507,#2561,#2615,
    #2669,#2724,#2731,#2810,#2889,#2939,#2989,#2993,#3048,#3103,#3158,
    #3213,#3268,#3323,#3327,#3382,#3437,#3492,#3547,#3551,#3606,#3661,
    #3716,#3771,#3775,#3830,#3885,#3889,#3944,#3999,#4054,#4109,#4113,
    #5671,#7229,#7264,#7299,#7334,#7369,#7404,#7439,#7474,#7509,#7544,
    #7579,#7614,#7649,#7684,#7719,#7754,#7789,#7824,#7859,#7894,#7929,
    #7981,#8033,#8085,#8137,#8189,#8241,#8293,#8345,#8397,#8449,#8501,
    #8553,#8605,#8657,#8709,#8761,#8813,#8865,#8917,#8969,#8996,#9023,
    #9050,#9077,#9104,#9131,#9158,#9185,#9212,#9239,#9266,#9293,#9320,
    #9347,#9374,#9401,#9428,#9455,#9482));
#55 = ADVANCED_FACE('',(#56,#175,#206,#237,#268,#299,#330,#361,#392,#423
    ,#454,#485,#516,#547,#578,#609,#640,#671,#702,#733,#764,#795,#826,
    #857,#888,#919,#950),#70,.F.);
#56 = FACE_BOUND('',#57,.F.);
#57 = EDGE_LOOP('',(#58,#93,#121,#149));
#58 = ORIENTED_EDGE('',*,*,#59,.F.);
#59 = EDGE_CURVE('',#60,#62,#64,.T.);
#60 = VERTEX_POINT('',#61);
#61 = CARTESIAN_POINT('',(-205.,0.,0.));
#62 = VERTEX_POINT('',#63);
#63 = CARTESIAN_POINT('',(205.,0.,0.));
#64 = SURFACE_CURVE('',#65,(#69,#81),.PCURVE_S1.);
#65 = LINE('',#66,#67);
#66 = CARTESIAN_POINT('',(-205.,0.,0.));
#67 = VECTOR('',#68,1.);
#68 = DIRECTION('',(1.,0.,0.));
#69 = PCURVE('',#70,#75);
#70 = PLANE('',#71);
#71 = AXIS2_PLACEMENT_3D('',#72,#73,#74);
#72 = CARTESIAN_POINT('',(-205.,0.,0.));
#73 = DIRECTION('',(0.,1.,0.));
#74 = DIRECTION('',(0.,0.,1.));
#75 = DEFINITIONAL_REPRESENTATION('',(#76),#80);
#76 = LINE('',#77,#78);
#77 = CARTESIAN_POINT('',(0.,0.));
#78 = VECTOR('',#79,1.);
#79 = DIRECTION('',(0.,1.));
#80 = ( GEOMETRIC_REPRESENTATION_CONTEXT(2) 
PARAMETRIC_REPRESENTATION_CONTEXT() REPRESENTATION_CONTEXT('2D SPACE',''
  ) );
#81 = PCURVE('',#82,#87);
#82 = PLANE('',#83);
#83 = AXIS2_PLACEMENT_3D('',#84,#85,#86);
#84 = CARTESIAN_POINT('',(-205.,0.,0.));
#85 = DIRECTION('',(0.,0.,1.));
#86 = DIRECTION('',(1.,0.,0.));
#87 = DEFINITIONAL_REPRESENTATION('',(#88),#92);
#88 = LINE('',#89,#90);
#89 = CARTESIAN_POINT('',(0.,0.));
#90 = VECTOR('',#91,1.);
#91 = DIRECTION('',(1.,0.));
#92 = ( GEOMETRIC_REPRESENTATION_CONTEXT(2) 
PARAMETRIC_REPRESENTATION_CONTEXT() REPRESENTATION_CONTEXT('2D SPACE',''
  ) );
#93 = ORIENTED_EDGE('',*,*,#94,.T.);
#94 = EDGE_CURVE('',#60,#95,#97,.T.);
#95 = VERTEX_POINT('',#96);
#96 = CARTESIAN_POINT('',(-205.,0.,87.));
#97 = SURFACE_CURVE('',#98,(#102,#109),.PCURVE_S1.);
#98 = LINE('',#99,#100);
#99 = CARTESIAN_POINT('',(-205.,0.,0.));
#100 = VECTOR('',#101,1.);
#101 = DIRECTION('',(0.,0.,1.));
#102 = PCURVE('',#70,#103);
#103 = DEFINITIONAL_REPRESENTATION('',(#104),#108);
#104 = LINE('',#105,#106);
#105 = CARTESIAN_POINT('',(0.,0.));
#106 = VECTOR('',#107,1.);
#107 = DIRECTION('',(1.,0.));
#108 = ( GEOMETRIC_REPRESENTATION_CONTEXT(2) 
PARAMETRIC_REPRESENTATION_CONTEXT() REPRESENTATION_CONTEXT('2D SPACE',''
  ) );
#109 = PCURVE('',#110,#115);
#110 = PLANE('',#111);
#111 = AXIS2_PLACEMENT_3D('',#112,#113,#114);
#112 = CARTESIAN_POINT('',(-205.,0.,0.));
#113 = DIRECTION('',(1.,0.,0.));
#114 = DIRECTION('',(0.,0.,1.));
#115 = DEFINITIONAL_REPRESENTATION('',(#116),#120);
#116 = LINE('',#117,#118);
#117 = CARTESIAN_POINT('',(0.,0.));
#118 = VECTOR('',#119,1.);
#119 = DIRECTION('',(1.,0.));
#120 = ( GEOMETRIC_REPRESENTATION_CONTEXT(2) 
PARAMETRIC_REPRESENTATION_CONTEXT() REPRESENTATION_CONTEXT('2D SPACE',''
  ) );
#121 = ORIENTED_EDGE('',*,*,#122,.T.);
#122 = EDGE_CURVE('',#95,#123,#125,.T.);
#123 = VERTEX_POINT('',#124);
#124 = CARTESIAN_POINT('',(205.,0.,87.));
#125 = SURFACE_CURVE('',#126,(#130,#137),.PCURVE_S1.);
#126 = LINE('',#127,#128);
#127 = CARTESIAN_POINT('',(-205.,0.,87.));
#128 = VECTOR('',#129,1.);
#129 = DIRECTION('',(1.,0.,0.));
#130 = PCURVE('',#70,#131);
#131 = DEFINITIONAL_REPRESENTATION('',(#132),#136);
#132 = LINE('',#133,#134);
#133 = CARTESIAN_POINT('',(87.,0.));
#134 = VECTOR('',#135,1.);
#135 = DIRECTION('',(0.,1.));
#136 = ( GEOMETRIC_REPRESENTATION_CONTEXT(2) 
PARAMETRIC_REPRESENTATION_CONTEXT() REPRESENTATION_CONTEXT('2D SPACE',''
  ) );
#137 = PCURVE('',#138,#143);
#138 = PLANE('',#139);
#139 = AXIS2_PLACEMENT_3D('',#140,#141,#142);
#140 = CARTESIAN_POINT('',(-205.,0.,87.));
#141 = DIRECTION('',(0.,0.,1.));
#142 = DIRECTION('',(1.,0.,0.));
#143 = DEFINITIONAL_REPRESENTATION('',(#144),#148);
#144 = LINE('',#145,#146);
#145 = CARTESIAN_POINT('',(0.,0.));
#146 = VECTOR('',#147,1.);
#147 = DIRECTION('',(1.,0.));
#148 = ( GEOMETRIC_REPRESENTATION_CONTEXT(2) 
PARAMETRIC_REPRESENTATION_CONTEXT() REPRESENTATION_CONTEXT('2D SPACE',''
  ) );
#149 = ORIENTED_EDGE('',*,*,#150,.F.);
#150 = EDGE_CURVE('',#62,#123,#151,.T.);
#151 = SURFACE_CURVE('',#152,(#156,#163),.PCURVE_S1.);
#152 = LINE('',#153,#154);
#153 = CARTESIAN_POINT('',(205.,0.,0.));
#154 = VECTOR('',#155,1.);
#155 = DIRECTION('',(0.,0.,1.));
#156 = PCURVE('',#70,#157);
#157 = DEFINITIONAL_REPRESENTATION('',(#158),#162);
#158 = LINE('',#159,#160);
#159 = CARTESIAN_POINT('',(0.,410.));
#160 = VECTOR('',#161,1.);
#161 = DIRECTION('',(1.,0.));
#162 = ( GEOMETRIC_REPRESENTATION_CONTEXT(2) 
PARAMETRIC_REPRESENTATION_CONTEXT() REPRESENTATION_CONTEXT('2D SPACE',''
  ) );
#163 = PCURVE('',#164,#169);
#164 = PLANE('',#165);
#165 = AXIS2_PLACEMENT_3D('',#166,#167,#168);
#166 = CARTESIAN_POINT('',(205.,0.,0.));
#167 = DIRECTION('',(1.,0.,0.));
#168 = DIRECTION('',(0.,0.,1.));
#169 = DEFINITIONAL_REPRESENTATION('',(#170),#174);
#170 = LINE('',#171,#172);
#171 = CARTESIAN_POINT('',(0.,0.));
#172 = VECTOR('',#173,1.);
#173 = DIRECTION('',(1.,0.));
#174 = ( GEOMETRIC_REPRESENTATION_CONTEXT(2) 
PARAMETRIC_REPRESENTATION_CONTEXT() REPRESENTATION_CONTEXT('2D SPACE',''
  ) );
#175 = FACE_BOUND('',#176,.F.);
#176 = EDGE_LOOP('',(#177));
#177 = ORIENTED_EDGE('',*,*,#178,.F.);
#178 = EDGE_CURVE('',#179,#179,#181,.T.);
#179 = VERTEX_POINT('',#180);
#180 = CARTESIAN_POINT('',(-160.,0.,8.65));
#181 = SURFACE_CURVE('',#182,(#187,#194),.PCURVE_S1.);
#182 = CIRCLE('',#183,1.65);
#183 = AXIS2_PLACEMENT_3D('',#184,#185,#186);
#184 = CARTESIAN_POINT('',(-160.,0.,7.));
#185 = DIRECTION('',(0.,1.,0.));
#186 = DIRECTION('',(0.,-0.,1.));
#187 = PCURVE('',#70,#188);
#188 = DEFINITIONAL_REPRESENTATION('',(#189),#193);
#189 = CIRCLE('',#190,1.65);
#190 = AXIS2_PLACEMENT_2D('',#191,#192);
#191 = CARTESIAN_POINT('',(7.,45.));
#192 = DIRECTION('',(1.,0.));
#193 = ( GEOMETRIC_REPRESENTATION_CONTEXT(2) 
PARAMETRIC_REPRESENTATION_CONTEXT() REPRESENTATION_CONTEXT('2D SPACE',''
  ) );
#194 = PCURVE('',#195,#200);
#195 = CYLINDRICAL_SURFACE('',#196,1.65);
#196 = AXIS2_PLACEMENT_3D('',#197,#198,#199);
#197 = CARTESIAN_POINT('',(-160.,0.,7.));
#198 = DIRECTION('',(0.,1.,0.));
#199 = DIRECTION('',(0.,-0.,1.));
#200 = DEFINITIONAL_REPRESENTATION('',(#201),#205);
#201 = LINE('',#202,#203);
#202 = CARTESIAN_POINT('',(0.,0.));
#203 = VECTOR('',#204,1.);
#204 = DIRECTION('',(1.,0.));
#205 = ( GEOMETRIC_REPRESENTATION_CONTEXT(2) 
PARAMETRIC_REPRESENTATION_CONTEXT() REPRESENTATION_CONTEXT('2D SPACE',''
  ) );
#206 = FACE_BOUND('',#207,.F.);
#207 = EDGE_LOOP('',(#208));
#208 = ORIENTED_EDGE('',*,*,#209,.F.);
#209 = EDGE_CURVE('',#210,#210,#212,.T.);
#210 = VERTEX_POINT('',#211);
#211 = CARTESIAN_POINT('',(-180.,0.,38.5));
#212 = SURFACE_CURVE('',#213,(#218,#225),.PCURVE_S1.);
#213 = CIRCLE('',#214,15.);
#214 = AXIS2_PLACEMENT_3D('',#215,#216,#217);
#215 = CARTESIAN_POINT('',(-180.,0.,23.5));
#216 = DIRECTION('',(0.,1.,0.));
#217 = DIRECTION('',(0.,-0.,1.));
#218 = PCURVE('',#70,#219);
#219 = DEFINITIONAL_REPRESENTATION('',(#220),#224);
#220 = CIRCLE('',#221,15.);
#221 = AXIS2_PLACEMENT_2D('',#222,#223);
#222 = CARTESIAN_POINT('',(23.5,25.));
#223 = DIRECTION('',(1.,0.));
#224 = ( GEOMETRIC_REPRESENTATION_CONTEXT(2) 
PARAMETRIC_REPRESENTATION_CONTEXT() REPRESENTATION_CONTEXT('2D SPACE',''
  ) );
#225 = PCURVE('',#226,#231);
#226 = TOROIDAL_SURFACE('',#227,15.,1.);
#227 = AXIS2_PLACEMENT_3D('',#228,#229,#230);
#228 = CARTESIAN_POINT('',(-180.,-1.,23.5));
#229 = DIRECTION('',(0.,1.,0.));
#230 = DIRECTION('',(0.,-0.,1.));
#231 = DEFINITIONAL_REPRESENTATION('',(#232),#236);
#232 = LINE('',#233,#234);
#233 = CARTESIAN_POINT('',(0.,1.570796326795));
#234 = VECTOR('',#235,1.);
#235 = DIRECTION('',(1.,0.));
#236 = ( GEOMETRIC_REPRESENTATION_CONTEXT(2) 
PARAMETRIC_REPRESENTATION_CONTEXT() REPRESENTATION_CONTEXT('2D SPACE',''
  ) );
#237 = FACE_BOUND('',#238,.F.);
#238 = EDGE_LOOP('',(#239));
#239 = ORIENTED_EDGE('',*,*,#240,.F.);
#240 = EDGE_CURVE('',#241,#241,#243,.T.);
#241 = VERTEX_POINT('',#242);
#242 = CARTESIAN_POINT('',(-140.,0.,38.5));
#243 = SURFACE_CURVE('',#244,(#249,#256),.PCURVE_S1.);
#244 = CIRCLE('',#245,15.);
#245 = AXIS2_PLACEMENT_3D('',#246,#247,#248);
#246 = CARTESIAN_POINT('',(-140.,0.,23.5));
#247 = DIRECTION('',(0.,1.,0.));
#248 = DIRECTION('',(0.,-0.,1.));
#249 = PCURVE('',#70,#250);
#250 = DEFINITIONAL_REPRESENTATION('',(#251),#255);
#251 = CIRCLE('',#252,15.);
#252 = AXIS2_PLACEMENT_2D('',#253,#254);
#253 = CARTESIAN_POINT('',(23.5,65.));
#254 = DIRECTION('',(1.,0.));
#255 = ( GEOMETRIC_REPRESENTATION_CONTEXT(2) 
PARAMETRIC_REPRESENTATION_CONTEXT() REPRESENTATION_CONTEXT('2D SPACE',''
  ) );
#256 = PCURVE('',#257,#262);
#257 = TOROIDAL_SURFACE('',#258,15.,1.);
#258 = AXIS2_PLACEMENT_3D('',#259,#260,#261);
#259 = CARTESIAN_POINT('',(-140.,-1.,23.5));
#260 = DIRECTION('',(0.,1.,0.));
#261 = DIRECTION('',(0.,-0.,1.));
#262 = DEFINITIONAL_REPRESENTATION('',(#263),#267);
#263 = LINE('',#264,#265);
#264 = CARTESIAN_POINT('',(0.,1.570796326795));
#265 = VECTOR('',#266,1.);
#266 = DIRECTION('',(1.,0.));
#267 = ( GEOMETRIC_REPRESENTATION_CONTEXT(2) 
PARAMETRIC_REPRESENTATION_CONTEXT() REPRESENTATION_CONTEXT('2D SPACE',''
  ) );
#268 = FACE_BOUND('',#269,.F.);
#269 = EDGE_LOOP('',(#270));
#270 = ORIENTED_EDGE('',*,*,#271,.F.);
#271 = EDGE_CURVE('',#272,#272,#274,.T.);
#272 = VERTEX_POINT('',#273);
#273 = CARTESIAN_POINT('',(-100.,0.,38.5));
#274 = SURFACE_CURVE('',#275,(#280,#287),.PCURVE_S1.);
#275 = CIRCLE('',#276,15.);
#276 = AXIS2_PLACEMENT_3D('',#277,#278,#279);
#277 = CARTESIAN_POINT('',(-100.,0.,23.5));
#278 = DIRECTION('',(0.,1.,0.));
#279 = DIRECTION('',(0.,-0.,1.));
#280 = PCURVE('',#70,#281);
#281 = DEFINITIONAL_REPRESENTATION('',(#282),#286);
#282 = CIRCLE('',#283,15.);
#283 = AXIS2_PLACEMENT_2D('',#284,#285);
#284 = CARTESIAN_POINT('',(23.5,105.));
#285 = DIRECTION('',(1.,0.));
#286 = ( GEOMETRIC_REPRESENTATION_CONTEXT(2) 
PARAMETRIC_REPRESENTATION_CONTEXT() REPRESENTATION_CONTEXT('2D SPACE',''
  ) );
#287 = PCURVE('',#288,#293);
#288 = TOROIDAL_SURFACE('',#289,15.,1.);
#289 = AXIS2_PLACEMENT_3D('',#290,#291,#292);
#290 = CARTESIAN_POINT('',(-100.,-1.,23.5));
#291 = DIRECTION('',(0.,1.,0.));
#292 = DIRECTION('',(0.,-0.,1.));
#293 = DEFINITIONAL_REPRESENTATION('',(#294),#298);
#294 = LINE('',#295,#296);
#295 = CARTESIAN_POINT('',(0.,1.570796326795));
#296 = VECTOR('',#297,1.);
#297 = DIRECTION('',(1.,0.));
#298 = ( GEOMETRIC_REPRESENTATION_CONTEXT(2) 
PARAMETRIC_REPRESENTATION_CONTEXT() REPRESENTATION_CONTEXT('2D SPACE',''
  ) );
#299 = FACE_BOUND('',#300,.F.);
#300 = EDGE_LOOP('',(#301));
#301 = ORIENTED_EDGE('',*,*,#302,.F.);
#302 = EDGE_CURVE('',#303,#303,#305,.T.);
#303 = VERTEX_POINT('',#304);
#304 = CARTESIAN_POINT('',(-60.,0.,38.5));
#305 = SURFACE_CURVE('',#306,(#311,#318),.PCURVE_S1.);
#306 = CIRCLE('',#307,15.);
#307 = AXIS2_PLACEMENT_3D('',#308,#309,#310);
#308 = CARTESIAN_POINT('',(-60.,0.,23.5));
#309 = DIRECTION('',(0.,1.,0.));
#310 = DIRECTION('',(0.,-0.,1.));
#311 = PCURVE('',#70,#312);
#312 = DEFINITIONAL_REPRESENTATION('',(#313),#317);
#313 = CIRCLE('',#314,15.);
#314 = AXIS2_PLACEMENT_2D('',#315,#316);
#315 = CARTESIAN_POINT('',(23.5,145.));
#316 = DIRECTION('',(1.,0.));
#317 = ( GEOMETRIC_REPRESENTATION_CONTEXT(2) 
PARAMETRIC_REPRESENTATION_CONTEXT() REPRESENTATION_CONTEXT('2D SPACE',''
  ) );
#318 = PCURVE('',#319,#324);
#319 = TOROIDAL_SURFACE('',#320,15.,1.);
#320 = AXIS2_PLACEMENT_3D('',#321,#322,#323);
#321 = CARTESIAN_POINT('',(-60.,-1.,23.5));
#322 = DIRECTION('',(0.,1.,0.));
#323 = DIRECTION('',(0.,-0.,1.));
#324 = DEFINITIONAL_REPRESENTATION('',(#325),#329);
#325 = LINE('',#326,#327);
#326 = CARTESIAN_POINT('',(0.,1.570796326795));
#327 = VECTOR('',#328,1.);
#328 = DIRECTION('',(1.,0.));
#329 = ( GEOMETRIC_REPRESENTATION_CONTEXT(2) 
PARAMETRIC_REPRESENTATION_CONTEXT() REPRESENTATION_CONTEXT('2D SPACE',''
  ) );
#330 = FACE_BOUND('',#331,.F.);
#331 = EDGE_LOOP('',(#332));
#332 = ORIENTED_EDGE('',*,*,#333,.F.);
#333 = EDGE_CURVE('',#334,#334,#336,.T.);
#334 = VERTEX_POINT('',#335);
#335 = CARTESIAN_POINT('',(-20.,0.,38.5));
#336 = SURFACE_CURVE('',#337,(#342,#349),.PCURVE_S1.);
#337 = CIRCLE('',#338,15.);
#338 = AXIS2_PLACEMENT_3D('',#339,#340,#341);
#339 = CARTESIAN_POINT('',(-20.,0.,23.5));
#340 = DIRECTION('',(0.,1.,0.));
#341 = DIRECTION('',(0.,-0.,1.));
#342 = PCURVE('',#70,#343);
#343 = DEFINITIONAL_REPRESENTATION('',(#344),#348);
#344 = CIRCLE('',#345,15.);
#345 = AXIS2_PLACEMENT_2D('',#346,#347);
#346 = CARTESIAN_POINT('',(23.5,185.));
#347 = DIRECTION('',(1.,0.));
#348 = ( GEOMETRIC_REPRESENTATION_CONTEXT(2) 
PARAMETRIC_REPRESENTATION_CONTEXT() REPRESENTATION_CONTEXT('2D SPACE',''
  ) );
#349 = PCURVE('',#350,#355);
#350 = TOROIDAL_SURFACE('',#351,15.,1.);
#351 = AXIS2_PLACEMENT_3D('',#352,#353,#354);
#352 = CARTESIAN_POINT('',(-20.,-1.,23.5));
#353 = DIRECTION('',(0.,1.,0.));
#354 = DIRECTION('',(0.,-0.,1.));
#355 = DEFINITIONAL_REPRESENTATION('',(#356),#360);
#356 = LINE('',#357,#358);
#357 = CARTESIAN_POINT('',(0.,1.570796326795));
#358 = VECTOR('',#359,1.);
#359 = DIRECTION('',(1.,0.));
#360 = ( GEOMETRIC_REPRESENTATION_CONTEXT(2) 
PARAMETRIC_REPRESENTATION_CONTEXT() REPRESENTATION_CONTEXT('2D SPACE',''
  ) );
#361 = FACE_BOUND('',#362,.F.);
#362 = EDGE_LOOP('',(#363));
#363 = ORIENTED_EDGE('',*,*,#364,.F.);
#364 = EDGE_CURVE('',#365,#365,#367,.T.);
#365 = VERTEX_POINT('',#366);
#366 = CARTESIAN_POINT('',(-180.,0.,78.5));
#367 = SURFACE_CURVE('',#368,(#373,#380),.PCURVE_S1.);
#368 = CIRCLE('',#369,15.);
#369 = AXIS2_PLACEMENT_3D('',#370,#371,#372);
#370 = CARTESIAN_POINT('',(-180.,0.,63.5));
#371 = DIRECTION('',(0.,1.,0.));
#372 = DIRECTION('',(0.,-0.,1.));
#373 = PCURVE('',#70,#374);
#374 = DEFINITIONAL_REPRESENTATION('',(#375),#379);
#375 = CIRCLE('',#376,15.);
#376 = AXIS2_PLACEMENT_2D('',#377,#378);
#377 = CARTESIAN_POINT('',(63.5,25.));
#378 = DIRECTION('',(1.,0.));
#379 = ( GEOMETRIC_REPRESENTATION_CONTEXT(2) 
PARAMETRIC_REPRESENTATION_CONTEXT() REPRESENTATION_CONTEXT('2D SPACE',''
  ) );
#380 = PCURVE('',#381,#386);
#381 = TOROIDAL_SURFACE('',#382,15.,1.);
#382 = AXIS2_PLACEMENT_3D('',#383,#384,#385);
#383 = CARTESIAN_POINT('',(-180.,-1.,63.5));
#384 = DIRECTION('',(0.,1.,0.));
#385 = DIRECTION('',(0.,-0.,1.));
#386 = DEFINITIONAL_REPRESENTATION('',(#387),#391);
#387 = LINE('',#388,#389);
#388 = CARTESIAN_POINT('',(0.,1.570796326795));
#389 = VECTOR('',#390,1.);
#390 = DIRECTION('',(1.,0.));
#391 = ( GEOMETRIC_REPRESENTATION_CONTEXT(2) 
PARAMETRIC_REPRESENTATION_CONTEXT() REPRESENTATION_CONTEXT('2D SPACE',''
  ) );
#392 = FACE_BOUND('',#393,.F.);
#393 = EDGE_LOOP('',(#394));
#394 = ORIENTED_EDGE('',*,*,#395,.F.);
#395 = EDGE_CURVE('',#396,#396,#398,.T.);
#396 = VERTEX_POINT('',#397);
#397 = CARTESIAN_POINT('',(-160.,0.,81.65));
#398 = SURFACE_CURVE('',#399,(#404,#411),.PCURVE_S1.);
#399 = CIRCLE('',#400,1.65);
#400 = AXIS2_PLACEMENT_3D('',#401,#402,#403);
#401 = CARTESIAN_POINT('',(-160.,0.,80.));
#402 = DIRECTION('',(0.,1.,0.));
#403 = DIRECTION('',(0.,-0.,1.));
#404 = PCURVE('',#70,#405);
#405 = DEFINITIONAL_REPRESENTATION('',(#406),#410);
#406 = CIRCLE('',#407,1.65);
#407 = AXIS2_PLACEMENT_2D('',#408,#409);
#408 = CARTESIAN_POINT('',(80.,45.));
#409 = DIRECTION('',(1.,0.));
#410 = ( GEOMETRIC_REPRESENTATION_CONTEXT(2) 
PARAMETRIC_REPRESENTATION_CONTEXT() REPRESENTATION_CONTEXT('2D SPACE',''
  ) );
#411 = PCURVE('',#412,#417);
#412 = CYLINDRICAL_SURFACE('',#413,1.65);
#413 = AXIS2_PLACEMENT_3D('',#414,#415,#416);
#414 = CARTESIAN_POINT('',(-160.,0.,80.));
#415 = DIRECTION('',(0.,1.,0.));
#416 = DIRECTION('',(0.,-0.,1.));
#417 = DEFINITIONAL_REPRESENTATION('',(#418),#422);
#418 = LINE('',#419,#420);
#419 = CARTESIAN_POINT('',(0.,0.));
#420 = VECTOR('',#421,1.);
#421 = DIRECTION('',(1.,0.));
#422 = ( GEOMETRIC_REPRESENTATION_CONTEXT(2) 
PARAMETRIC_REPRESENTATION_CONTEXT() REPRESENTATION_CONTEXT('2D SPACE',''
  ) );
#423 = FACE_BOUND('',#424,.F.);
#424 = EDGE_LOOP('',(#425));
#425 = ORIENTED_EDGE('',*,*,#426,.F.);
#426 = EDGE_CURVE('',#427,#427,#429,.T.);
#427 = VERTEX_POINT('',#428);
#428 = CARTESIAN_POINT('',(-140.,0.,78.5));
#429 = SURFACE_CURVE('',#430,(#435,#442),.PCURVE_S1.);
#430 = CIRCLE('',#431,15.);
#431 = AXIS2_PLACEMENT_3D('',#432,#433,#434);
#432 = CARTESIAN_POINT('',(-140.,0.,63.5));
#433 = DIRECTION('',(0.,1.,0.));
#434 = DIRECTION('',(0.,-0.,1.));
#435 = PCURVE('',#70,#436);
#436 = DEFINITIONAL_REPRESENTATION('',(#437),#441);
#437 = CIRCLE('',#438,15.);
#438 = AXIS2_PLACEMENT_2D('',#439,#440);
#439 = CARTESIAN_POINT('',(63.5,65.));
#440 = DIRECTION('',(1.,0.));
#441 = ( GEOMETRIC_REPRESENTATION_CONTEXT(2) 
PARAMETRIC_REPRESENTATION_CONTEXT() REPRESENTATION_CONTEXT('2D SPACE',''
  ) );
#442 = PCURVE('',#443,#448);
#443 = TOROIDAL_SURFACE('',#444,15.,1.);
#444 = AXIS2_PLACEMENT_3D('',#445,#446,#447);
#445 = CARTESIAN_POINT('',(-140.,-1.,63.5));
#446 = DIRECTION('',(0.,1.,0.));
#447 = DIRECTION('',(0.,-0.,1.));
#448 = DEFINITIONAL_REPRESENTATION('',(#449),#453);
#449 = LINE('',#450,#451);
#450 = CARTESIAN_POINT('',(0.,1.570796326795));
#451 = VECTOR('',#452,1.);
#452 = DIRECTION('',(1.,0.));
#453 = ( GEOMETRIC_REPRESENTATION_CONTEXT(2) 
PARAMETRIC_REPRESENTATION_CONTEXT() REPRESENTATION_CONTEXT('2D SPACE',''
  ) );
#454 = FACE_BOUND('',#455,.F.);
#455 = EDGE_LOOP('',(#456));
#456 = ORIENTED_EDGE('',*,*,#457,.F.);
#457 = EDGE_CURVE('',#458,#458,#460,.T.);
#458 = VERTEX_POINT('',#459);
#459 = CARTESIAN_POINT('',(-100.,0.,78.5));
#460 = SURFACE_CURVE('',#461,(#466,#473),.PCURVE_S1.);
#461 = CIRCLE('',#462,15.);
#462 = AXIS2_PLACEMENT_3D('',#463,#464,#465);
#463 = CARTESIAN_POINT('',(-100.,0.,63.5));
#464 = DIRECTION('',(0.,1.,0.));
#465 = DIRECTION('',(0.,-0.,1.));
#466 = PCURVE('',#70,#467);
#467 = DEFINITIONAL_REPRESENTATION('',(#468),#472);
#468 = CIRCLE('',#469,15.);
#469 = AXIS2_PLACEMENT_2D('',#470,#471);
#470 = CARTESIAN_POINT('',(63.5,105.));
#471 = DIRECTION('',(1.,0.));
#472 = ( GEOMETRIC_REPRESENTATION_CONTEXT(2) 
PARAMETRIC_REPRESENTATION_CONTEXT() REPRESENTATION_CONTEXT('2D SPACE',''
  ) );
#473 = PCURVE('',#474,#479);
#474 = TOROIDAL_SURFACE('',#475,15.,1.);
#475 = AXIS2_PLACEMENT_3D('',#476,#477,#478);
#476 = CARTESIAN_POINT('',(-100.,-1.,63.5));
#477 = DIRECTION('',(0.,1.,0.));
#478 = DIRECTION('',(0.,-0.,1.));
#479 = DEFINITIONAL_REPRESENTATION('',(#480),#484);
#480 = LINE('',#481,#482);
#481 = CARTESIAN_POINT('',(0.,1.570796326795));
#482 = VECTOR('',#483,1.);
#483 = DIRECTION('',(1.,0.));
#484 = ( GEOMETRIC_REPRESENTATION_CONTEXT(2) 
PARAMETRIC_REPRESENTATION_CONTEXT() REPRESENTATION_CONTEXT('2D SPACE',''
  ) );
#485 = FACE_BOUND('',#486,.F.);
#486 = EDGE_LOOP('',(#487));
#487 = ORIENTED_EDGE('',*,*,#488,.F.);
#488 = EDGE_CURVE('',#489,#489,#491,.T.);
#489 = VERTEX_POINT('',#490);
#490 = CARTESIAN_POINT('',(-60.,0.,78.5));
#491 = SURFACE_CURVE('',#492,(#497,#504),.PCURVE_S1.);
#492 = CIRCLE('',#493,15.);
#493 = AXIS2_PLACEMENT_3D('',#494,#495,#496);
#494 = CARTESIAN_POINT('',(-60.,0.,63.5));
#495 = DIRECTION('',(0.,1.,0.));
#496 = DIRECTION('',(0.,-0.,1.));
#497 = PCURVE('',#70,#498);
#498 = DEFINITIONAL_REPRESENTATION('',(#499),#503);
#499 = CIRCLE('',#500,15.);
#500 = AXIS2_PLACEMENT_2D('',#501,#502);
#501 = CARTESIAN_POINT('',(63.5,145.));
#502 = DIRECTION('',(1.,0.));
#503 = ( GEOMETRIC_REPRESENTATION_CONTEXT(2) 
PARAMETRIC_REPRESENTATION_CONTEXT() REPRESENTATION_CONTEXT('2D SPACE',''
  ) );
#504 = PCURVE('',#505,#510);
#505 = TOROIDAL_SURFACE('',#506,15.,1.);
#506 = AXIS2_PLACEMENT_3D('',#507,#508,#509);
#507 = CARTESIAN_POINT('',(-60.,-1.,63.5));
#508 = DIRECTION('',(0.,1.,0.));
#509 = DIRECTION('',(0.,-0.,1.));
#510 = DEFINITIONAL_REPRESENTATION('',(#511),#515);
#511 = LINE('',#512,#513);
#512 = CARTESIAN_POINT('',(0.,1.570796326795));
#513 = VECTOR('',#514,1.);
#514 = DIRECTION('',(1.,0.));
#515 = ( GEOMETRIC_REPRESENTATION_CONTEXT(2) 
PARAMETRIC_REPRESENTATION_CONTEXT() REPRESENTATION_CONTEXT('2D SPACE',''
  ) );
#516 = FACE_BOUND('',#517,.F.);
#517 = EDGE_LOOP('',(#518));
#518 = ORIENTED_EDGE('',*,*,#519,.F.);
#519 = EDGE_CURVE('',#520,#520,#522,.T.);
#520 = VERTEX_POINT('',#521);
#521 = CARTESIAN_POINT('',(-20.,0.,78.5));
#522 = SURFACE_CURVE('',#523,(#528,#535),.PCURVE_S1.);
#523 = CIRCLE('',#524,15.);
#524 = AXIS2_PLACEMENT_3D('',#525,#526,#527);
#525 = CARTESIAN_POINT('',(-20.,0.,63.5));
#526 = DIRECTION('',(0.,1.,0.));
#527 = DIRECTION('',(0.,-0.,1.));
#528 = PCURVE('',#70,#529);
#529 = DEFINITIONAL_REPRESENTATION('',(#530),#534);
#530 = CIRCLE('',#531,15.);
#531 = AXIS2_PLACEMENT_2D('',#532,#533);
#532 = CARTESIAN_POINT('',(63.5,185.));
#533 = DIRECTION('',(1.,0.));
#534 = ( GEOMETRIC_REPRESENTATION_CONTEXT(2) 
PARAMETRIC_REPRESENTATION_CONTEXT() REPRESENTATION_CONTEXT('2D SPACE',''
  ) );
#535 = PCURVE('',#536,#541);
#536 = TOROIDAL_SURFACE('',#537,15.,1.);
#537 = AXIS2_PLACEMENT_3D('',#538,#539,#540);
#538 = CARTESIAN_POINT('',(-20.,-1.,63.5));
#539 = DIRECTION('',(0.,1.,0.));
#540 = DIRECTION('',(0.,-0.,1.));
#541 = DEFINITIONAL_REPRESENTATION('',(#542),#546);
#542 = LINE('',#543,#544);
#543 = CARTESIAN_POINT('',(0.,1.570796326795));
#544 = VECTOR('',#545,1.);
#545 = DIRECTION('',(1.,0.));
#546 = ( GEOMETRIC_REPRESENTATION_CONTEXT(2) 
PARAMETRIC_REPRESENTATION_CONTEXT() REPRESENTATION_CONTEXT('2D SPACE',''
  ) );
#547 = FACE_BOUND('',#548,.F.);
#548 = EDGE_LOOP('',(#549));
#549 = ORIENTED_EDGE('',*,*,#550,.F.);
#550 = EDGE_CURVE('',#551,#551,#553,.T.);
#551 = VERTEX_POINT('',#552);
#552 = CARTESIAN_POINT('',(-4.041334437186E-16,0.,8.65));
#553 = SURFACE_CURVE('',#554,(#559,#566),.PCURVE_S1.);
#554 = CIRCLE('',#555,1.65);
#555 = AXIS2_PLACEMENT_3D('',#556,#557,#558);
#556 = CARTESIAN_POINT('',(0.,0.,7.));
#557 = DIRECTION('',(0.,1.,0.));
#558 = DIRECTION('',(0.,-0.,1.));
#559 = PCURVE('',#70,#560);
#560 = DEFINITIONAL_REPRESENTATION('',(#561),#565);
#561 = CIRCLE('',#562,1.65);
#562 = AXIS2_PLACEMENT_2D('',#563,#564);
#563 = CARTESIAN_POINT('',(7.,205.));
#564 = DIRECTION('',(1.,0.));
#565 = ( GEOMETRIC_REPRESENTATION_CONTEXT(2) 
PARAMETRIC_REPRESENTATION_CONTEXT() REPRESENTATION_CONTEXT('2D SPACE',''
  ) );
#566 = PCURVE('',#567,#572);
#567 = CYLINDRICAL_SURFACE('',#568,1.65);
#568 = AXIS2_PLACEMENT_3D('',#569,#570,#571);
#569 = CARTESIAN_POINT('',(0.,0.,7.));
#570 = DIRECTION('',(0.,1.,0.));
#571 = DIRECTION('',(0.,-0.,1.));
#572 = DEFINITIONAL_REPRESENTATION('',(#573),#577);
#573 = LINE('',#574,#575);
#574 = CARTESIAN_POINT('',(0.,0.));
#575 = VECTOR('',#576,1.);
#576 = DIRECTION('',(1.,0.));
#577 = ( GEOMETRIC_REPRESENTATION_CONTEXT(2) 
PARAMETRIC_REPRESENTATION_CONTEXT() REPRESENTATION_CONTEXT('2D SPACE',''
  ) );
#578 = FACE_BOUND('',#579,.F.);
#579 = EDGE_LOOP('',(#580));
#580 = ORIENTED_EDGE('',*,*,#581,.F.);
#581 = EDGE_CURVE('',#582,#582,#584,.T.);
#582 = VERTEX_POINT('',#583);
#583 = CARTESIAN_POINT('',(20.,0.,38.5));
#584 = SURFACE_CURVE('',#585,(#590,#597),.PCURVE_S1.);
#585 = CIRCLE('',#586,15.);
#586 = AXIS2_PLACEMENT_3D('',#587,#588,#589);
#587 = CARTESIAN_POINT('',(20.,0.,23.5));
#588 = DIRECTION('',(0.,1.,0.));
#589 = DIRECTION('',(0.,-0.,1.));
#590 = PCURVE('',#70,#591);
#591 = DEFINITIONAL_REPRESENTATION('',(#592),#596);
#592 = CIRCLE('',#593,15.);
#593 = AXIS2_PLACEMENT_2D('',#594,#595);
#594 = CARTESIAN_POINT('',(23.5,225.));
#595 = DIRECTION('',(1.,0.));
#596 = ( GEOMETRIC_REPRESENTATION_CONTEXT(2) 
PARAMETRIC_REPRESENTATION_CONTEXT() REPRESENTATION_CONTEXT('2D SPACE',''
  ) );
#597 = PCURVE('',#598,#603);
#598 = TOROIDAL_SURFACE('',#599,15.,1.);
#599 = AXIS2_PLACEMENT_3D('',#600,#601,#602);
#600 = CARTESIAN_POINT('',(20.,-1.,23.5));
#601 = DIRECTION('',(0.,1.,0.));
#602 = DIRECTION('',(0.,-0.,1.));
#603 = DEFINITIONAL_REPRESENTATION('',(#604),#608);
#604 = LINE('',#605,#606);
#605 = CARTESIAN_POINT('',(0.,1.570796326795));
#606 = VECTOR('',#607,1.);
#607 = DIRECTION('',(1.,0.));
#608 = ( GEOMETRIC_REPRESENTATION_CONTEXT(2) 
PARAMETRIC_REPRESENTATION_CONTEXT() REPRESENTATION_CONTEXT('2D SPACE',''
  ) );
#609 = FACE_BOUND('',#610,.F.);
#610 = EDGE_LOOP('',(#611));
#611 = ORIENTED_EDGE('',*,*,#612,.F.);
#612 = EDGE_CURVE('',#613,#613,#615,.T.);
#613 = VERTEX_POINT('',#614);
#614 = CARTESIAN_POINT('',(60.,0.,38.5));
#615 = SURFACE_CURVE('',#616,(#621,#628),.PCURVE_S1.);
#616 = CIRCLE('',#617,15.);
#617 = AXIS2_PLACEMENT_3D('',#618,#619,#620);
#618 = CARTESIAN_POINT('',(60.,0.,23.5));
#619 = DIRECTION('',(0.,1.,0.));
#620 = DIRECTION('',(0.,-0.,1.));
#621 = PCURVE('',#70,#622);
#622 = DEFINITIONAL_REPRESENTATION('',(#623),#627);
#623 = CIRCLE('',#624,15.);
#624 = AXIS2_PLACEMENT_2D('',#625,#626);
#625 = CARTESIAN_POINT('',(23.5,265.));
#626 = DIRECTION('',(1.,0.));
#627 = ( GEOMETRIC_REPRESENTATION_CONTEXT(2) 
PARAMETRIC_REPRESENTATION_CONTEXT() REPRESENTATION_CONTEXT('2D SPACE',''
  ) );
#628 = PCURVE('',#629,#634);
#629 = TOROIDAL_SURFACE('',#630,15.,1.);
#630 = AXIS2_PLACEMENT_3D('',#631,#632,#633);
#631 = CARTESIAN_POINT('',(60.,-1.,23.5));
#632 = DIRECTION('',(0.,1.,0.));
#633 = DIRECTION('',(0.,-0.,1.));
#634 = DEFINITIONAL_REPRESENTATION('',(#635),#639);
#635 = LINE('',#636,#637);
#636 = CARTESIAN_POINT('',(0.,1.570796326795));
#637 = VECTOR('',#638,1.);
#638 = DIRECTION('',(1.,0.));
#639 = ( GEOMETRIC_REPRESENTATION_CONTEXT(2) 
PARAMETRIC_REPRESENTATION_CONTEXT() REPRESENTATION_CONTEXT('2D SPACE',''
  ) );
#640 = FACE_BOUND('',#641,.F.);
#641 = EDGE_LOOP('',(#642));
#642 = ORIENTED_EDGE('',*,*,#643,.F.);
#643 = EDGE_CURVE('',#644,#644,#646,.T.);
#644 = VERTEX_POINT('',#645);
#645 = CARTESIAN_POINT('',(100.,0.,38.5));
#646 = SURFACE_CURVE('',#647,(#652,#659),.PCURVE_S1.);
#647 = CIRCLE('',#648,15.);
#648 = AXIS2_PLACEMENT_3D('',#649,#650,#651);
#649 = CARTESIAN_POINT('',(100.,0.,23.5));
#650 = DIRECTION('',(0.,1.,0.));
#651 = DIRECTION('',(0.,-0.,1.));
#652 = PCURVE('',#70,#653);
#653 = DEFINITIONAL_REPRESENTATION('',(#654),#658);
#654 = CIRCLE('',#655,15.);
#655 = AXIS2_PLACEMENT_2D('',#656,#657);
#656 = CARTESIAN_POINT('',(23.5,305.));
#657 = DIRECTION('',(1.,0.));
#658 = ( GEOMETRIC_REPRESENTATION_CONTEXT(2) 
PARAMETRIC_REPRESENTATION_CONTEXT() REPRESENTATION_CONTEXT('2D SPACE',''
  ) );
#659 = PCURVE('',#660,#665);
#660 = TOROIDAL_SURFACE('',#661,15.,1.);
#661 = AXIS2_PLACEMENT_3D('',#662,#663,#664);
#662 = CARTESIAN_POINT('',(100.,-1.,23.5));
#663 = DIRECTION('',(0.,1.,0.));
#664 = DIRECTION('',(0.,-0.,1.));
#665 = DEFINITIONAL_REPRESENTATION('',(#666),#670);
#666 = LINE('',#667,#668);
#667 = CARTESIAN_POINT('',(0.,1.570796326795));
#668 = VECTOR('',#669,1.);
#669 = DIRECTION('',(1.,0.));
#670 = ( GEOMETRIC_REPRESENTATION_CONTEXT(2) 
PARAMETRIC_REPRESENTATION_CONTEXT() REPRESENTATION_CONTEXT('2D SPACE',''
  ) );
#671 = FACE_BOUND('',#672,.F.);
#672 = EDGE_LOOP('',(#673));
#673 = ORIENTED_EDGE('',*,*,#674,.F.);
#674 = EDGE_CURVE('',#675,#675,#677,.T.);
#675 = VERTEX_POINT('',#676);
#676 = CARTESIAN_POINT('',(140.,0.,38.5));
#677 = SURFACE_CURVE('',#678,(#683,#690),.PCURVE_S1.);
#678 = CIRCLE('',#679,15.);
#679 = AXIS2_PLACEMENT_3D('',#680,#681,#682);
#680 = CARTESIAN_POINT('',(140.,0.,23.5));
#681 = DIRECTION('',(0.,1.,0.));
#682 = DIRECTION('',(0.,-0.,1.));
#683 = PCURVE('',#70,#684);
#684 = DEFINITIONAL_REPRESENTATION('',(#685),#689);
#685 = CIRCLE('',#686,15.);
#686 = AXIS2_PLACEMENT_2D('',#687,#688);
#687 = CARTESIAN_POINT('',(23.5,345.));
#688 = DIRECTION('',(1.,0.));
#689 = ( GEOMETRIC_REPRESENTATION_CONTEXT(2) 
PARAMETRIC_REPRESENTATION_CONTEXT() REPRESENTATION_CONTEXT('2D SPACE',''
  ) );
#690 = PCURVE('',#691,#696);
#691 = TOROIDAL_SURFACE('',#692,15.,1.);
#692 = AXIS2_PLACEMENT_3D('',#693,#694,#695);
#693 = CARTESIAN_POINT('',(140.,-1.,23.5));
#694 = DIRECTION('',(0.,1.,0.));
#695 = DIRECTION('',(0.,-0.,1.));
#696 = DEFINITIONAL_REPRESENTATION('',(#697),#701);
#697 = LINE('',#698,#699);
#698 = CARTESIAN_POINT('',(0.,1.570796326795));
#699 = VECTOR('',#700,1.);
#700 = DIRECTION('',(1.,0.));
#701 = ( GEOMETRIC_REPRESENTATION_CONTEXT(2) 
PARAMETRIC_REPRESENTATION_CONTEXT() REPRESENTATION_CONTEXT('2D SPACE',''
  ) );
#702 = FACE_BOUND('',#703,.F.);
#703 = EDGE_LOOP('',(#704));
#704 = ORIENTED_EDGE('',*,*,#705,.F.);
#705 = EDGE_CURVE('',#706,#706,#708,.T.);
#706 = VERTEX_POINT('',#707);
#707 = CARTESIAN_POINT('',(160.,0.,8.65));
#708 = SURFACE_CURVE('',#709,(#714,#721),.PCURVE_S1.);
#709 = CIRCLE('',#710,1.65);
#710 = AXIS2_PLACEMENT_3D('',#711,#712,#713);
#711 = CARTESIAN_POINT('',(160.,0.,7.));
#712 = DIRECTION('',(0.,1.,0.));
#713 = DIRECTION('',(0.,-0.,1.));
#714 = PCURVE('',#70,#715);
#715 = DEFINITIONAL_REPRESENTATION('',(#716),#720);
#716 = CIRCLE('',#717,1.65);
#717 = AXIS2_PLACEMENT_2D('',#718,#719);
#718 = CARTESIAN_POINT('',(7.,365.));
#719 = DIRECTION('',(1.,0.));
#720 = ( GEOMETRIC_REPRESENTATION_CONTEXT(2) 
PARAMETRIC_REPRESENTATION_CONTEXT() REPRESENTATION_CONTEXT('2D SPACE',''
  ) );
#721 = PCURVE('',#722,#727);
#722 = CYLINDRICAL_SURFACE('',#723,1.65);
#723 = AXIS2_PLACEMENT_3D('',#724,#725,#726);
#724 = CARTESIAN_POINT('',(160.,0.,7.));
#725 = DIRECTION('',(0.,1.,0.));
#726 = DIRECTION('',(0.,-0.,1.));
#727 = DEFINITIONAL_REPRESENTATION('',(#728),#732);
#728 = LINE('',#729,#730);
#729 = CARTESIAN_POINT('',(0.,0.));
#730 = VECTOR('',#731,1.);
#731 = DIRECTION('',(1.,0.));
#732 = ( GEOMETRIC_REPRESENTATION_CONTEXT(2) 
PARAMETRIC_REPRESENTATION_CONTEXT() REPRESENTATION_CONTEXT('2D SPACE',''
  ) );
#733 = FACE_BOUND('',#734,.F.);
#734 = EDGE_LOOP('',(#735));
#735 = ORIENTED_EDGE('',*,*,#736,.F.);
#736 = EDGE_CURVE('',#737,#737,#739,.T.);
#737 = VERTEX_POINT('',#738);
#738 = CARTESIAN_POINT('',(180.,0.,38.5));
#739 = SURFACE_CURVE('',#740,(#745,#752),.PCURVE_S1.);
#740 = CIRCLE('',#741,15.);
#741 = AXIS2_PLACEMENT_3D('',#742,#743,#744);
#742 = CARTESIAN_POINT('',(180.,0.,23.5));
#743 = DIRECTION('',(0.,1.,0.));
#744 = DIRECTION('',(0.,-0.,1.));
#745 = PCURVE('',#70,#746);
#746 = DEFINITIONAL_REPRESENTATION('',(#747),#751);
#747 = CIRCLE('',#748,15.);
#748 = AXIS2_PLACEMENT_2D('',#749,#750);
#749 = CARTESIAN_POINT('',(23.5,385.));
#750 = DIRECTION('',(1.,0.));
#751 = ( GEOMETRIC_REPRESENTATION_CONTEXT(2) 
PARAMETRIC_REPRESENTATION_CONTEXT() REPRESENTATION_CONTEXT('2D SPACE',''
  ) );
#752 = PCURVE('',#753,#758);
#753 = TOROIDAL_SURFACE('',#754,15.,1.);
#754 = AXIS2_PLACEMENT_3D('',#755,#756,#757);
#755 = CARTESIAN_POINT('',(180.,-1.,23.5));
#756 = DIRECTION('',(0.,1.,0.));
#757 = DIRECTION('',(0.,-0.,1.));
#758 = DEFINITIONAL_REPRESENTATION('',(#759),#763);
#759 = LINE('',#760,#761);
#760 = CARTESIAN_POINT('',(0.,1.570796326795));
#761 = VECTOR('',#762,1.);
#762 = DIRECTION('',(1.,0.));
#763 = ( GEOMETRIC_REPRESENTATION_CONTEXT(2) 
PARAMETRIC_REPRESENTATION_CONTEXT() REPRESENTATION_CONTEXT('2D SPACE',''
  ) );
#764 = FACE_BOUND('',#765,.F.);
#765 = EDGE_LOOP('',(#766));
#766 = ORIENTED_EDGE('',*,*,#767,.F.);
#767 = EDGE_CURVE('',#768,#768,#770,.T.);
#768 = VERTEX_POINT('',#769);
#769 = CARTESIAN_POINT('',(20.,0.,78.5));
#770 = SURFACE_CURVE('',#771,(#776,#783),.PCURVE_S1.);
#771 = CIRCLE('',#772,15.);
#772 = AXIS2_PLACEMENT_3D('',#773,#774,#775);
#773 = CARTESIAN_POINT('',(20.,0.,63.5));
#774 = DIRECTION('',(0.,1.,0.));
#775 = DIRECTION('',(0.,-0.,1.));
#776 = PCURVE('',#70,#777);
#777 = DEFINITIONAL_REPRESENTATION('',(#778),#782);
#778 = CIRCLE('',#779,15.);
#779 = AXIS2_PLACEMENT_2D('',#780,#781);
#780 = CARTESIAN_POINT('',(63.5,225.));
#781 = DIRECTION('',(1.,0.));
#782 = ( GEOMETRIC_REPRESENTATION_CONTEXT(2) 
PARAMETRIC_REPRESENTATION_CONTEXT() REPRESENTATION_CONTEXT('2D SPACE',''
  ) );
#783 = PCURVE('',#784,#789);
#784 = TOROIDAL_SURFACE('',#785,15.,1.);
#785 = AXIS2_PLACEMENT_3D('',#786,#787,#788);
#786 = CARTESIAN_POINT('',(20.,-1.,63.5));
#787 = DIRECTION('',(0.,1.,0.));
#788 = DIRECTION('',(0.,-0.,1.));
#789 = DEFINITIONAL_REPRESENTATION('',(#790),#794);
#790 = LINE('',#791,#792);
#791 = CARTESIAN_POINT('',(0.,1.570796326795));
#792 = VECTOR('',#793,1.);
#793 = DIRECTION('',(1.,0.));
#794 = ( GEOMETRIC_REPRESENTATION_CONTEXT(2) 
PARAMETRIC_REPRESENTATION_CONTEXT() REPRESENTATION_CONTEXT('2D SPACE',''
  ) );
#795 = FACE_BOUND('',#796,.F.);
#796 = EDGE_LOOP('',(#797));
#797 = ORIENTED_EDGE('',*,*,#798,.F.);
#798 = EDGE_CURVE('',#799,#799,#801,.T.);
#799 = VERTEX_POINT('',#800);
#800 = CARTESIAN_POINT('',(-4.041334437186E-16,0.,81.65));
#801 = SURFACE_CURVE('',#802,(#807,#814),.PCURVE_S1.);
#802 = CIRCLE('',#803,1.65);
#803 = AXIS2_PLACEMENT_3D('',#804,#805,#806);
#804 = CARTESIAN_POINT('',(0.,0.,80.));
#805 = DIRECTION('',(0.,1.,0.));
#806 = DIRECTION('',(0.,-0.,1.));
#807 = PCURVE('',#70,#808);
#808 = DEFINITIONAL_REPRESENTATION('',(#809),#813);
#809 = CIRCLE('',#810,1.65);
#810 = AXIS2_PLACEMENT_2D('',#811,#812);
#811 = CARTESIAN_POINT('',(80.,205.));
#812 = DIRECTION('',(1.,0.));
#813 = ( GEOMETRIC_REPRESENTATION_CONTEXT(2) 
PARAMETRIC_REPRESENTATION_CONTEXT() REPRESENTATION_CONTEXT('2D SPACE',''
  ) );
#814 = PCURVE('',#815,#820);
#815 = CYLINDRICAL_SURFACE('',#816,1.65);
#816 = AXIS2_PLACEMENT_3D('',#817,#818,#819);
#817 = CARTESIAN_POINT('',(0.,0.,80.));
#818 = DIRECTION('',(0.,1.,0.));
#819 = DIRECTION('',(0.,-0.,1.));
#820 = DEFINITIONAL_REPRESENTATION('',(#821),#825);
#821 = LINE('',#822,#823);
#822 = CARTESIAN_POINT('',(0.,0.));
#823 = VECTOR('',#824,1.);
#824 = DIRECTION('',(1.,0.));
#825 = ( GEOMETRIC_REPRESENTATION_CONTEXT(2) 
PARAMETRIC_REPRESENTATION_CONTEXT() REPRESENTATION_CONTEXT('2D SPACE',''
  ) );
#826 = FACE_BOUND('',#827,.F.);
#827 = EDGE_LOOP('',(#828));
#828 = ORIENTED_EDGE('',*,*,#829,.F.);
#829 = EDGE_CURVE('',#830,#830,#832,.T.);
#830 = VERTEX_POINT('',#831);
#831 = CARTESIAN_POINT('',(60.,0.,78.5));
#832 = SURFACE_CURVE('',#833,(#838,#845),.PCURVE_S1.);
#833 = CIRCLE('',#834,15.);
#834 = AXIS2_PLACEMENT_3D('',#835,#836,#837);
#835 = CARTESIAN_POINT('',(60.,0.,63.5));
#836 = DIRECTION('',(0.,1.,0.));
#837 = DIRECTION('',(0.,-0.,1.));
#838 = PCURVE('',#70,#839);
#839 = DEFINITIONAL_REPRESENTATION('',(#840),#844);
#840 = CIRCLE('',#841,15.);
#841 = AXIS2_PLACEMENT_2D('',#842,#843);
#842 = CARTESIAN_POINT('',(63.5,265.));
#843 = DIRECTION('',(1.,0.));
#844 = ( GEOMETRIC_REPRESENTATION_CONTEXT(2) 
PARAMETRIC_REPRESENTATION_CONTEXT() REPRESENTATION_CONTEXT('2D SPACE',''
  ) );
#845 = PCURVE('',#846,#851);
#846 = TOROIDAL_SURFACE('',#847,15.,1.);
#847 = AXIS2_PLACEMENT_3D('',#848,#849,#850);
#848 = CARTESIAN_POINT('',(60.,-1.,63.5));
#849 = DIRECTION('',(0.,1.,0.));
#850 = DIRECTION('',(0.,-0.,1.));
#851 = DEFINITIONAL_REPRESENTATION('',(#852),#856);
#852 = LINE('',#853,#854);
#853 = CARTESIAN_POINT('',(0.,1.570796326795));
#854 = VECTOR('',#855,1.);
#855 = DIRECTION('',(1.,0.));
#856 = ( GEOMETRIC_REPRESENTATION_CONTEXT(2) 
PARAMETRIC_REPRESENTATION_CONTEXT() REPRESENTATION_CONTEXT('2D SPACE',''
  ) );
#857 = FACE_BOUND('',#858,.F.);
#858 = EDGE_LOOP('',(#859));
#859 = ORIENTED_EDGE('',*,*,#860,.F.);
#860 = EDGE_CURVE('',#861,#861,#863,.T.);
#861 = VERTEX_POINT('',#862);
#862 = CARTESIAN_POINT('',(100.,0.,78.5));
#863 = SURFACE_CURVE('',#864,(#869,#876),.PCURVE_S1.);
#864 = CIRCLE('',#865,15.);
#865 = AXIS2_PLACEMENT_3D('',#866,#867,#868);
#866 = CARTESIAN_POINT('',(100.,0.,63.5));
#867 = DIRECTION('',(0.,1.,0.));
#868 = DIRECTION('',(0.,-0.,1.));
#869 = PCURVE('',#70,#870);
#870 = DEFINITIONAL_REPRESENTATION('',(#871),#875);
#871 = CIRCLE('',#872,15.);
#872 = AXIS2_PLACEMENT_2D('',#873,#874);
#873 = CARTESIAN_POINT('',(63.5,305.));
#874 = DIRECTION('',(1.,0.));
#875 = ( GEOMETRIC_REPRESENTATION_CONTEXT(2) 
PARAMETRIC_REPRESENTATION_CONTEXT() REPRESENTATION_CONTEXT('2D SPACE',''
  ) );
#876 = PCURVE('',#877,#882);
#877 = TOROIDAL_SURFACE('',#878,15.,1.);
#878 = AXIS2_PLACEMENT_3D('',#879,#880,#881);
#879 = CARTESIAN_POINT('',(100.,-1.,63.5));
#880 = DIRECTION('',(0.,1.,0.));
#881 = DIRECTION('',(0.,-0.,1.));
#882 = DEFINITIONAL_REPRESENTATION('',(#883),#887);
#883 = LINE('',#884,#885);
#884 = CARTESIAN_POINT('',(0.,1.570796326795));
#885 = VECTOR('',#886,1.);
#886 = DIRECTION('',(1.,0.));
#887 = ( GEOMETRIC_REPRESENTATION_CONTEXT(2) 
PARAMETRIC_REPRESENTATION_CONTEXT() REPRESENTATION_CONTEXT('2D SPACE',''
  ) );
#888 = FACE_BOUND('',#889,.F.);
#889 = EDGE_LOOP('',(#890));
#890 = ORIENTED_EDGE('',*,*,#891,.F.);
#891 = EDGE_CURVE('',#892,#892,#894,.T.);
#892 = VERTEX_POINT('',#893);
#893 = CARTESIAN_POINT('',(140.,0.,78.5));
#894 = SURFACE_CURVE('',#895,(#900,#907),.PCURVE_S1.);
#895 = CIRCLE('',#896,15.);
#896 = AXIS2_PLACEMENT_3D('',#897,#898,#899);
#897 = CARTESIAN_POINT('',(140.,0.,63.5));
#898 = DIRECTION('',(0.,1.,0.));
#899 = DIRECTION('',(0.,-0.,1.));
#900 = PCURVE('',#70,#901);
#901 = DEFINITIONAL_REPRESENTATION('',(#902),#906);
#902 = CIRCLE('',#903,15.);
#903 = AXIS2_PLACEMENT_2D('',#904,#905);
#904 = CARTESIAN_POINT('',(63.5,345.));
#905 = DIRECTION('',(1.,0.));
#906 = ( GEOMETRIC_REPRESENTATION_CONTEXT(2) 
PARAMETRIC_REPRESENTATION_CONTEXT() REPRESENTATION_CONTEXT('2D SPACE',''
  ) );
#907 = PCURVE('',#908,#913);
#908 = TOROIDAL_SURFACE('',#909,15.,1.);
#909 = AXIS2_PLACEMENT_3D('',#910,#911,#912);
#910 = CARTESIAN_POINT('',(140.,-1.,63.5));
#911 = DIRECTION('',(0.,1.,0.));
#912 = DIRECTION('',(0.,-0.,1.));
#913 = DEFINITIONAL_REPRESENTATION('',(#914),#918);
#914 = LINE('',#915,#916);
#915 = CARTESIAN_POINT('',(0.,1.570796326795));
#916 = VECTOR('',#917,1.);
#917 = DIRECTION('',(1.,0.));
#918 = ( GEOMETRIC_REPRESENTATION_CONTEXT(2) 
PARAMETRIC_REPRESENTATION_CONTEXT() REPRESENTATION_CONTEXT('2D SPACE',''
  ) );
#919 = FACE_BOUND('',#920,.F.);
#920 = EDGE_LOOP('',(#921));
#921 = ORIENTED_EDGE('',*,*,#922,.F.);
#922 = EDGE_CURVE('',#923,#923,#925,.T.);
#923 = VERTEX_POINT('',#924);
#924 = CARTESIAN_POINT('',(180.,0.,78.5));
#925 = SURFACE_CURVE('',#926,(#931,#938),.PCURVE_S1.);
#926 = CIRCLE('',#927,15.);
#927 = AXIS2_PLACEMENT_3D('',#928,#929,#930);
#928 = CARTESIAN_POINT('',(180.,0.,63.5));
#929 = DIRECTION('',(0.,1.,0.));
#930 = DIRECTION('',(0.,-0.,1.));
#931 = PCURVE('',#70,#932);
#932 = DEFINITIONAL_REPRESENTATION('',(#933),#937);
#933 = CIRCLE('',#934,15.);
#934 = AXIS2_PLACEMENT_2D('',#935,#936);
#935 = CARTESIAN_POINT('',(63.5,385.));
#936 = DIRECTION('',(1.,0.));
#937 = ( GEOMETRIC_REPRESENTATION_CONTEXT(2) 
PARAMETRIC_REPRESENTATION_CONTEXT() REPRESENTATION_CONTEXT('2D SPACE',''
  ) );
#938 = PCURVE('',#939,#944);
#939 = TOROIDAL_SURFACE('',#940,15.,1.);
#940 = AXIS2_PLACEMENT_3D('',#941,#942,#943);
#941 = CARTESIAN_POINT('',(180.,-1.,63.5));
#942 = DIRECTION('',(0.,1.,0.));
#943 = DIRECTION('',(0.,-0.,1.));
#944 = DEFINITIONAL_REPRESENTATION('',(#945),#949);
#945 = LINE('',#946,#947);
#946 = CARTESIAN_POINT('',(0.,1.570796326795));
#947 = VECTOR('',#948,1.);
#948 = DIRECTION('',(1.,0.));
#949 = ( GEOMETRIC_REPRESENTATION_CONTEXT(2) 
PARAMETRIC_REPRESENTATION_CONTEXT() REPRESENTATION_CONTEXT('2D SPACE',''
  ) );
#950 = FACE_BOUND('',#951,.F.);
#951 = EDGE_LOOP('',(#952));
#952 = ORIENTED_EDGE('',*,*,#953,.F.);
#953 = EDGE_CURVE('',#954,#954,#956,.T.);
#954 = VERTEX_POINT('',#955);
#955 = CARTESIAN_POINT('',(160.,0.,81.65));
#956 = SURFACE_CURVE('',#957,(#962,#969),.PCURVE_S1.);
#957 = CIRCLE('',#958,1.65);
#958 = AXIS2_PLACEMENT_3D('',#959,#960,#961);
#959 = CARTESIAN_POINT('',(160.,0.,80.));
#960 = DIRECTION('',(0.,1.,0.));
#961 = DIRECTION('',(0.,-0.,1.));
#962 = PCURVE('',#70,#963);
#963 = DEFINITIONAL_REPRESENTATION('',(#964),#968);
#964 = CIRCLE('',#965,1.65);
#965 = AXIS2_PLACEMENT_2D('',#966,#967);
#966 = CARTESIAN_POINT('',(80.,365.));
#967 = DIRECTION('',(1.,0.));
#968 = ( GEOMETRIC_REPRESENTATION_CONTEXT(2) 
PARAMETRIC_REPRESENTATION_CONTEXT() REPRESENTATION_CONTEXT('2D SPACE',''
  ) );
#969 = PCURVE('',#970,#975);
#970 = CYLINDRICAL_SURFACE('',#971,1.65);
#971 = AXIS2_PLACEMENT_3D('',#972,#973,#974);
#972 = CARTESIAN_POINT('',(160.,0.,80.));
#973 = DIRECTION('',(0.,1.,0.));
#974 = DIRECTION('',(0.,-0.,1.));
#975 = DEFINITIONAL_REPRESENTATION('',(#976),#980);
#976 = LINE('',#977,#978);
#977 = CARTESIAN_POINT('',(0.,0.));
#978 = VECTOR('',#979,1.);
#979 = DIRECTION('',(1.,0.));
#980 = ( GEOMETRIC_REPRESENTATION_CONTEXT(2) 
PARAMETRIC_REPRESENTATION_CONTEXT() REPRESENTATION_CONTEXT('2D SPACE',''
  ) );
#981 = ADVANCED_FACE('',(#982),#82,.F.);
#982 = FACE_BOUND('',#983,.F.);
#983 = EDGE_LOOP('',(#984,#1007,#1008,#1031));
#984 = ORIENTED_EDGE('',*,*,#985,.F.);
#985 = EDGE_CURVE('',#60,#986,#988,.T.);
#986 = VERTEX_POINT('',#987);
#987 = CARTESIAN_POINT('',(-205.,40.,0.));
#988 = SURFACE_CURVE('',#989,(#993,#1000),.PCURVE_S1.);
#989 = LINE('',#990,#991);
#990 = CARTESIAN_POINT('',(-205.,0.,0.));
#991 = VECTOR('',#992,1.);
#992 = DIRECTION('',(0.,1.,0.));
#993 = PCURVE('',#82,#994);
#994 = DEFINITIONAL_REPRESENTATION('',(#995),#999);
#995 = LINE('',#996,#997);
#996 = CARTESIAN_POINT('',(0.,0.));
#997 = VECTOR('',#998,1.);
#998 = DIRECTION('',(0.,1.));
#999 = ( GEOMETRIC_REPRESENTATION_CONTEXT(2) 
PARAMETRIC_REPRESENTATION_CONTEXT() REPRESENTATION_CONTEXT('2D SPACE',''
  ) );
#1000 = PCURVE('',#110,#1001);
#1001 = DEFINITIONAL_REPRESENTATION('',(#1002),#1006);
#1002 = LINE('',#1003,#1004);
#1003 = CARTESIAN_POINT('',(0.,0.));
#1004 = VECTOR('',#1005,1.);
#1005 = DIRECTION('',(0.,-1.));
#1006 = ( GEOMETRIC_REPRESENTATION_CONTEXT(2) 
PARAMETRIC_REPRESENTATION_CONTEXT() REPRESENTATION_CONTEXT('2D SPACE',''
  ) );
#1007 = ORIENTED_EDGE('',*,*,#59,.T.);
#1008 = ORIENTED_EDGE('',*,*,#1009,.T.);
#1009 = EDGE_CURVE('',#62,#1010,#1012,.T.);
#1010 = VERTEX_POINT('',#1011);
#1011 = CARTESIAN_POINT('',(205.,40.,0.));
#1012 = SURFACE_CURVE('',#1013,(#1017,#1024),.PCURVE_S1.);
#1013 = LINE('',#1014,#1015);
#1014 = CARTESIAN_POINT('',(205.,0.,0.));
#1015 = VECTOR('',#1016,1.);
#1016 = DIRECTION('',(0.,1.,0.));
#1017 = PCURVE('',#82,#1018);
#1018 = DEFINITIONAL_REPRESENTATION('',(#1019),#1023);
#1019 = LINE('',#1020,#1021);
#1020 = CARTESIAN_POINT('',(410.,0.));
#1021 = VECTOR('',#1022,1.);
#1022 = DIRECTION('',(0.,1.));
#1023 = ( GEOMETRIC_REPRESENTATION_CONTEXT(2) 
PARAMETRIC_REPRESENTATION_CONTEXT() REPRESENTATION_CONTEXT('2D SPACE',''
  ) );
#1024 = PCURVE('',#164,#1025);
#1025 = DEFINITIONAL_REPRESENTATION('',(#1026),#1030);
#1026 = LINE('',#1027,#1028);
#1027 = CARTESIAN_POINT('',(0.,0.));
#1028 = VECTOR('',#1029,1.);
#1029 = DIRECTION('',(0.,-1.));
#1030 = ( GEOMETRIC_REPRESENTATION_CONTEXT(2) 
PARAMETRIC_REPRESENTATION_CONTEXT() REPRESENTATION_CONTEXT('2D SPACE',''
  ) );
#1031 = ORIENTED_EDGE('',*,*,#1032,.F.);
#1032 = EDGE_CURVE('',#986,#1010,#1033,.T.);
#1033 = SURFACE_CURVE('',#1034,(#1038,#1045),.PCURVE_S1.);
#1034 = LINE('',#1035,#1036);
#1035 = CARTESIAN_POINT('',(-205.,40.,0.));
#1036 = VECTOR('',#1037,1.);
#1037 = DIRECTION('',(1.,0.,0.));
#1038 = PCURVE('',#82,#1039);
#1039 = DEFINITIONAL_REPRESENTATION('',(#1040),#1044);
#1040 = LINE('',#1041,#1042);
#1041 = CARTESIAN_POINT('',(0.,40.));
#1042 = VECTOR('',#1043,1.);
#1043 = DIRECTION('',(1.,0.));
#1044 = ( GEOMETRIC_REPRESENTATION_CONTEXT(2) 
PARAMETRIC_REPRESENTATION_CONTEXT() REPRESENTATION_CONTEXT('2D SPACE',''
  ) );
#1045 = PCURVE('',#1046,#1051);
#1046 = PLANE('',#1047);
#1047 = AXIS2_PLACEMENT_3D('',#1048,#1049,#1050);
#1048 = CARTESIAN_POINT('',(-205.,40.,0.));
#1049 = DIRECTION('',(0.,1.,0.));
#1050 = DIRECTION('',(0.,0.,1.));
#1051 = DEFINITIONAL_REPRESENTATION('',(#1052),#1056);
#1052 = LINE('',#1053,#1054);
#1053 = CARTESIAN_POINT('',(0.,0.));
#1054 = VECTOR('',#1055,1.);
#1055 = DIRECTION('',(0.,1.));
#1056 = ( GEOMETRIC_REPRESENTATION_CONTEXT(2) 
PARAMETRIC_REPRESENTATION_CONTEXT() REPRESENTATION_CONTEXT('2D SPACE',''
  ) );
#1057 = ADVANCED_FACE('',(#1058,#1106,#1141),#164,.T.);
#1058 = FACE_BOUND('',#1059,.T.);
#1059 = EDGE_LOOP('',(#1060,#1061,#1062,#1085));
#1060 = ORIENTED_EDGE('',*,*,#150,.F.);
#1061 = ORIENTED_EDGE('',*,*,#1009,.T.);
#1062 = ORIENTED_EDGE('',*,*,#1063,.T.);
#1063 = EDGE_CURVE('',#1010,#1064,#1066,.T.);
#1064 = VERTEX_POINT('',#1065);
#1065 = CARTESIAN_POINT('',(205.,40.,87.));
#1066 = SURFACE_CURVE('',#1067,(#1071,#1078),.PCURVE_S1.);
#1067 = LINE('',#1068,#1069);
#1068 = CARTESIAN_POINT('',(205.,40.,0.));
#1069 = VECTOR('',#1070,1.);
#1070 = DIRECTION('',(0.,0.,1.));
#1071 = PCURVE('',#164,#1072);
#1072 = DEFINITIONAL_REPRESENTATION('',(#1073),#1077);
#1073 = LINE('',#1074,#1075);
#1074 = CARTESIAN_POINT('',(0.,-40.));
#1075 = VECTOR('',#1076,1.);
#1076 = DIRECTION('',(1.,0.));
#1077 = ( GEOMETRIC_REPRESENTATION_CONTEXT(2) 
PARAMETRIC_REPRESENTATION_CONTEXT() REPRESENTATION_CONTEXT('2D SPACE',''
  ) );
#1078 = PCURVE('',#1046,#1079);
#1079 = DEFINITIONAL_REPRESENTATION('',(#1080),#1084);
#1080 = LINE('',#1081,#1082);
#1081 = CARTESIAN_POINT('',(0.,410.));
#1082 = VECTOR('',#1083,1.);
#1083 = DIRECTION('',(1.,0.));
#1084 = ( GEOMETRIC_REPRESENTATION_CONTEXT(2) 
PARAMETRIC_REPRESENTATION_CONTEXT() REPRESENTATION_CONTEXT('2D SPACE',''
  ) );
#1085 = ORIENTED_EDGE('',*,*,#1086,.F.);
#1086 = EDGE_CURVE('',#123,#1064,#1087,.T.);
#1087 = SURFACE_CURVE('',#1088,(#1092,#1099),.PCURVE_S1.);
#1088 = LINE('',#1089,#1090);
#1089 = CARTESIAN_POINT('',(205.,0.,87.));
#1090 = VECTOR('',#1091,1.);
#1091 = DIRECTION('',(0.,1.,0.));
#1092 = PCURVE('',#164,#1093);
#1093 = DEFINITIONAL_REPRESENTATION('',(#1094),#1098);
#1094 = LINE('',#1095,#1096);
#1095 = CARTESIAN_POINT('',(87.,0.));
#1096 = VECTOR('',#1097,1.);
#1097 = DIRECTION('',(0.,-1.));
#1098 = ( GEOMETRIC_REPRESENTATION_CONTEXT(2) 
PARAMETRIC_REPRESENTATION_CONTEXT() REPRESENTATION_CONTEXT('2D SPACE',''
  ) );
#1099 = PCURVE('',#138,#1100);
#1100 = DEFINITIONAL_REPRESENTATION('',(#1101),#1105);
#1101 = LINE('',#1102,#1103);
#1102 = CARTESIAN_POINT('',(410.,0.));
#1103 = VECTOR('',#1104,1.);
#1104 = DIRECTION('',(0.,1.));
#1105 = ( GEOMETRIC_REPRESENTATION_CONTEXT(2) 
PARAMETRIC_REPRESENTATION_CONTEXT() REPRESENTATION_CONTEXT('2D SPACE',''
  ) );
#1106 = FACE_BOUND('',#1107,.T.);
#1107 = EDGE_LOOP('',(#1108));
#1108 = ORIENTED_EDGE('',*,*,#1109,.T.);
#1109 = EDGE_CURVE('',#1110,#1110,#1112,.T.);
#1110 = VERTEX_POINT('',#1111);
#1111 = CARTESIAN_POINT('',(205.,26.,16.6));
#1112 = SURFACE_CURVE('',#1113,(#1118,#1129),.PCURVE_S1.);
#1113 = CIRCLE('',#1114,6.9);
#1114 = AXIS2_PLACEMENT_3D('',#1115,#1116,#1117);
#1115 = CARTESIAN_POINT('',(205.,26.,23.5));
#1116 = DIRECTION('',(-1.,0.,0.));
#1117 = DIRECTION('',(0.,0.,-1.));
#1118 = PCURVE('',#164,#1119);
#1119 = DEFINITIONAL_REPRESENTATION('',(#1120),#1128);
#1120 = ( BOUNDED_CURVE() B_SPLINE_CURVE(2,(#1121,#1122,#1123,#1124,
#1125,#1126,#1127),.UNSPECIFIED.,.T.,.F.) B_SPLINE_CURVE_WITH_KNOTS((1,2
    ,2,2,2,1),(-2.094395102393,0.,2.094395102393,4.188790204786,
6.28318530718,8.377580409573),.UNSPECIFIED.) CURVE() 
GEOMETRIC_REPRESENTATION_ITEM() RATIONAL_B_SPLINE_CURVE((1.,0.5,1.,0.5,
1.,0.5,1.)) REPRESENTATION_ITEM('') );
#1121 = CARTESIAN_POINT('',(16.6,-26.));
#1122 = CARTESIAN_POINT('',(16.6,-14.04884942777));
#1123 = CARTESIAN_POINT('',(26.95,-20.02442471388));
#1124 = CARTESIAN_POINT('',(37.3,-26.));
#1125 = CARTESIAN_POINT('',(26.95,-31.97557528611));
#1126 = CARTESIAN_POINT('',(16.6,-37.95115057222));
#1127 = CARTESIAN_POINT('',(16.6,-26.));
#1128 = ( GEOMETRIC_REPRESENTATION_CONTEXT(2) 
PARAMETRIC_REPRESENTATION_CONTEXT() REPRESENTATION_CONTEXT('2D SPACE',''
  ) );
#1129 = PCURVE('',#1130,#1135);
#1130 = CONICAL_SURFACE('',#1131,6.9,0.785398163397);
#1131 = AXIS2_PLACEMENT_3D('',#1132,#1133,#1134);
#1132 = CARTESIAN_POINT('',(205.,26.,23.5));
#1133 = DIRECTION('',(1.,-0.,-0.));
#1134 = DIRECTION('',(0.,0.,-1.));
#1135 = DEFINITIONAL_REPRESENTATION('',(#1136),#1140);
#1136 = LINE('',#1137,#1138);
#1137 = CARTESIAN_POINT('',(-0.,-0.));
#1138 = VECTOR('',#1139,1.);
#1139 = DIRECTION('',(-1.,-0.));
#1140 = ( GEOMETRIC_REPRESENTATION_CONTEXT(2) 
PARAMETRIC_REPRESENTATION_CONTEXT() REPRESENTATION_CONTEXT('2D SPACE',''
  ) );
#1141 = FACE_BOUND('',#1142,.T.);
#1142 = EDGE_LOOP('',(#1143));
#1143 = ORIENTED_EDGE('',*,*,#1144,.T.);
#1144 = EDGE_CURVE('',#1145,#1145,#1147,.T.);
#1145 = VERTEX_POINT('',#1146);
#1146 = CARTESIAN_POINT('',(205.,26.,56.6));
#1147 = SURFACE_CURVE('',#1148,(#1153,#1164),.PCURVE_S1.);
#1148 = CIRCLE('',#1149,6.9);
#1149 = AXIS2_PLACEMENT_3D('',#1150,#1151,#1152);
#1150 = CARTESIAN_POINT('',(205.,26.,63.5));
#1151 = DIRECTION('',(-1.,0.,0.));
#1152 = DIRECTION('',(0.,0.,-1.));
#1153 = PCURVE('',#164,#1154);
#1154 = DEFINITIONAL_REPRESENTATION('',(#1155),#1163);
#1155 = ( BOUNDED_CURVE() B_SPLINE_CURVE(2,(#1156,#1157,#1158,#1159,
#1160,#1161,#1162),.UNSPECIFIED.,.T.,.F.) B_SPLINE_CURVE_WITH_KNOTS((1,2
    ,2,2,2,1),(-2.094395102393,0.,2.094395102393,4.188790204786,
6.28318530718,8.377580409573),.UNSPECIFIED.) CURVE() 
GEOMETRIC_REPRESENTATION_ITEM() RATIONAL_B_SPLINE_CURVE((1.,0.5,1.,0.5,
1.,0.5,1.)) REPRESENTATION_ITEM('') );
#1156 = CARTESIAN_POINT('',(56.6,-26.));
#1157 = CARTESIAN_POINT('',(56.6,-14.04884942777));
#1158 = CARTESIAN_POINT('',(66.95,-20.02442471388));
#1159 = CARTESIAN_POINT('',(77.3,-26.));
#1160 = CARTESIAN_POINT('',(66.95,-31.97557528611));
#1161 = CARTESIAN_POINT('',(56.6,-37.95115057222));
#1162 = CARTESIAN_POINT('',(56.6,-26.));
#1163 = ( GEOMETRIC_REPRESENTATION_CONTEXT(2) 
PARAMETRIC_REPRESENTATION_CONTEXT() REPRESENTATION_CONTEXT('2D SPACE',''
  ) );
#1164 = PCURVE('',#1165,#1170);
#1165 = CONICAL_SURFACE('',#1166,6.9,0.785398163397);
#1166 = AXIS2_PLACEMENT_3D('',#1167,#1168,#1169);
#1167 = CARTESIAN_POINT('',(205.,26.,63.5));
#1168 = DIRECTION('',(1.,-0.,-0.));
#1169 = DIRECTION('',(0.,0.,-1.));
#1170 = DEFINITIONAL_REPRESENTATION('',(#1171),#1175);
#1171 = LINE('',#1172,#1173);
#1172 = CARTESIAN_POINT('',(-0.,-0.));
#1173 = VECTOR('',#1174,1.);
#1174 = DIRECTION('',(-1.,-0.));
#1175 = ( GEOMETRIC_REPRESENTATION_CONTEXT(2) 
PARAMETRIC_REPRESENTATION_CONTEXT() REPRESENTATION_CONTEXT('2D SPACE',''
  ) );
#1176 = ADVANCED_FACE('',(#1177,#1225,#1256),#110,.F.);
#1177 = FACE_BOUND('',#1178,.F.);
#1178 = EDGE_LOOP('',(#1179,#1180,#1181,#1204));
#1179 = ORIENTED_EDGE('',*,*,#94,.F.);
#1180 = ORIENTED_EDGE('',*,*,#985,.T.);
#1181 = ORIENTED_EDGE('',*,*,#1182,.T.);
#1182 = EDGE_CURVE('',#986,#1183,#1185,.T.);
#1183 = VERTEX_POINT('',#1184);
#1184 = CARTESIAN_POINT('',(-205.,40.,87.));
#1185 = SURFACE_CURVE('',#1186,(#1190,#1197),.PCURVE_S1.);
#1186 = LINE('',#1187,#1188);
#1187 = CARTESIAN_POINT('',(-205.,40.,0.));
#1188 = VECTOR('',#1189,1.);
#1189 = DIRECTION('',(0.,0.,1.));
#1190 = PCURVE('',#110,#1191);
#1191 = DEFINITIONAL_REPRESENTATION('',(#1192),#1196);
#1192 = LINE('',#1193,#1194);
#1193 = CARTESIAN_POINT('',(0.,-40.));
#1194 = VECTOR('',#1195,1.);
#1195 = DIRECTION('',(1.,0.));
#1196 = ( GEOMETRIC_REPRESENTATION_CONTEXT(2) 
PARAMETRIC_REPRESENTATION_CONTEXT() REPRESENTATION_CONTEXT('2D SPACE',''
  ) );
#1197 = PCURVE('',#1046,#1198);
#1198 = DEFINITIONAL_REPRESENTATION('',(#1199),#1203);
#1199 = LINE('',#1200,#1201);
#1200 = CARTESIAN_POINT('',(0.,0.));
#1201 = VECTOR('',#1202,1.);
#1202 = DIRECTION('',(1.,0.));
#1203 = ( GEOMETRIC_REPRESENTATION_CONTEXT(2) 
PARAMETRIC_REPRESENTATION_CONTEXT() REPRESENTATION_CONTEXT('2D SPACE',''
  ) );
#1204 = ORIENTED_EDGE('',*,*,#1205,.F.);
#1205 = EDGE_CURVE('',#95,#1183,#1206,.T.);
#1206 = SURFACE_CURVE('',#1207,(#1211,#1218),.PCURVE_S1.);
#1207 = LINE('',#1208,#1209);
#1208 = CARTESIAN_POINT('',(-205.,0.,87.));
#1209 = VECTOR('',#1210,1.);
#1210 = DIRECTION('',(0.,1.,0.));
#1211 = PCURVE('',#110,#1212);
#1212 = DEFINITIONAL_REPRESENTATION('',(#1213),#1217);
#1213 = LINE('',#1214,#1215);
#1214 = CARTESIAN_POINT('',(87.,0.));
#1215 = VECTOR('',#1216,1.);
#1216 = DIRECTION('',(0.,-1.));
#1217 = ( GEOMETRIC_REPRESENTATION_CONTEXT(2) 
PARAMETRIC_REPRESENTATION_CONTEXT() REPRESENTATION_CONTEXT('2D SPACE',''
  ) );
#1218 = PCURVE('',#138,#1219);
#1219 = DEFINITIONAL_REPRESENTATION('',(#1220),#1224);
#1220 = LINE('',#1221,#1222);
#1221 = CARTESIAN_POINT('',(0.,0.));
#1222 = VECTOR('',#1223,1.);
#1223 = DIRECTION('',(0.,1.));
#1224 = ( GEOMETRIC_REPRESENTATION_CONTEXT(2) 
PARAMETRIC_REPRESENTATION_CONTEXT() REPRESENTATION_CONTEXT('2D SPACE',''
  ) );
#1225 = FACE_BOUND('',#1226,.F.);
#1226 = EDGE_LOOP('',(#1227));
#1227 = ORIENTED_EDGE('',*,*,#1228,.F.);
#1228 = EDGE_CURVE('',#1229,#1229,#1231,.T.);
#1229 = VERTEX_POINT('',#1230);
#1230 = CARTESIAN_POINT('',(-205.,26.,30.4));
#1231 = SURFACE_CURVE('',#1232,(#1237,#1244),.PCURVE_S1.);
#1232 = CIRCLE('',#1233,6.9);
#1233 = AXIS2_PLACEMENT_3D('',#1234,#1235,#1236);
#1234 = CARTESIAN_POINT('',(-205.,26.,23.5));
#1235 = DIRECTION('',(1.,0.,0.));
#1236 = DIRECTION('',(-0.,0.,1.));
#1237 = PCURVE('',#110,#1238);
#1238 = DEFINITIONAL_REPRESENTATION('',(#1239),#1243);
#1239 = CIRCLE('',#1240,6.9);
#1240 = AXIS2_PLACEMENT_2D('',#1241,#1242);
#1241 = CARTESIAN_POINT('',(23.5,-26.));
#1242 = DIRECTION('',(1.,0.));
#1243 = ( GEOMETRIC_REPRESENTATION_CONTEXT(2) 
PARAMETRIC_REPRESENTATION_CONTEXT() REPRESENTATION_CONTEXT('2D SPACE',''
  ) );
#1244 = PCURVE('',#1245,#1250);
#1245 = CONICAL_SURFACE('',#1246,6.9,0.785398163397);
#1246 = AXIS2_PLACEMENT_3D('',#1247,#1248,#1249);
#1247 = CARTESIAN_POINT('',(-205.,26.,23.5));
#1248 = DIRECTION('',(-1.,-0.,-0.));
#1249 = DIRECTION('',(-0.,0.,1.));
#1250 = DEFINITIONAL_REPRESENTATION('',(#1251),#1255);
#1251 = LINE('',#1252,#1253);
#1252 = CARTESIAN_POINT('',(-0.,-0.));
#1253 = VECTOR('',#1254,1.);
#1254 = DIRECTION('',(-1.,-0.));
#1255 = ( GEOMETRIC_REPRESENTATION_CONTEXT(2) 
PARAMETRIC_REPRESENTATION_CONTEXT() REPRESENTATION_CONTEXT('2D SPACE',''
  ) );
#1256 = FACE_BOUND('',#1257,.F.);
#1257 = EDGE_LOOP('',(#1258));
#1258 = ORIENTED_EDGE('',*,*,#1259,.F.);
#1259 = EDGE_CURVE('',#1260,#1260,#1262,.T.);
#1260 = VERTEX_POINT('',#1261);
#1261 = CARTESIAN_POINT('',(-205.,26.,70.4));
#1262 = SURFACE_CURVE('',#1263,(#1268,#1275),.PCURVE_S1.);
#1263 = CIRCLE('',#1264,6.9);
#1264 = AXIS2_PLACEMENT_3D('',#1265,#1266,#1267);
#1265 = CARTESIAN_POINT('',(-205.,26.,63.5));
#1266 = DIRECTION('',(1.,0.,0.));
#1267 = DIRECTION('',(-0.,0.,1.));
#1268 = PCURVE('',#110,#1269);
#1269 = DEFINITIONAL_REPRESENTATION('',(#1270),#1274);
#1270 = CIRCLE('',#1271,6.9);
#1271 = AXIS2_PLACEMENT_2D('',#1272,#1273);
#1272 = CARTESIAN_POINT('',(63.5,-26.));
#1273 = DIRECTION('',(1.,0.));
#1274 = ( GEOMETRIC_REPRESENTATION_CONTEXT(2) 
PARAMETRIC_REPRESENTATION_CONTEXT() REPRESENTATION_CONTEXT('2D SPACE',''
  ) );
#1275 = PCURVE('',#1276,#1281);
#1276 = CONICAL_SURFACE('',#1277,6.9,0.785398163397);
#1277 = AXIS2_PLACEMENT_3D('',#1278,#1279,#1280);
#1278 = CARTESIAN_POINT('',(-205.,26.,63.5));
#1279 = DIRECTION('',(-1.,-0.,-0.));
#1280 = DIRECTION('',(-0.,0.,1.));
#1281 = DEFINITIONAL_REPRESENTATION('',(#1282),#1286);
#1282 = LINE('',#1283,#1284);
#1283 = CARTESIAN_POINT('',(-0.,-0.));
#1284 = VECTOR('',#1285,1.);
#1285 = DIRECTION('',(-1.,-0.));
#1286 = ( GEOMETRIC_REPRESENTATION_CONTEXT(2) 
PARAMETRIC_REPRESENTATION_CONTEXT() REPRESENTATION_CONTEXT('2D SPACE',''
  ) );
#1287 = ADVANCED_FACE('',(#1288),#138,.T.);
#1288 = FACE_BOUND('',#1289,.T.);
#1289 = EDGE_LOOP('',(#1290,#1291,#1292,#1293));
#1290 = ORIENTED_EDGE('',*,*,#1205,.F.);
#1291 = ORIENTED_EDGE('',*,*,#122,.T.);
#1292 = ORIENTED_EDGE('',*,*,#1086,.T.);
#1293 = ORIENTED_EDGE('',*,*,#1294,.F.);
#1294 = EDGE_CURVE('',#1183,#1064,#1295,.T.);
#1295 = SURFACE_CURVE('',#1296,(#1300,#1307),.PCURVE_S1.);
#1296 = LINE('',#1297,#1298);
#1297 = CARTESIAN_POINT('',(-205.,40.,87.));
#1298 = VECTOR('',#1299,1.);
#1299 = DIRECTION('',(1.,0.,0.));
#1300 = PCURVE('',#138,#1301);
#1301 = DEFINITIONAL_REPRESENTATION('',(#1302),#1306);
#1302 = LINE('',#1303,#1304);
#1303 = CARTESIAN_POINT('',(0.,40.));
#1304 = VECTOR('',#1305,1.);
#1305 = DIRECTION('',(1.,0.));
#1306 = ( GEOMETRIC_REPRESENTATION_CONTEXT(2) 
PARAMETRIC_REPRESENTATION_CONTEXT() REPRESENTATION_CONTEXT('2D SPACE',''
  ) );
#1307 = PCURVE('',#1046,#1308);
#1308 = DEFINITIONAL_REPRESENTATION('',(#1309),#1313);
#1309 = LINE('',#1310,#1311);
#1310 = CARTESIAN_POINT('',(87.,0.));
#1311 = VECTOR('',#1312,1.);
#1312 = DIRECTION('',(0.,1.));
#1313 = ( GEOMETRIC_REPRESENTATION_CONTEXT(2) 
PARAMETRIC_REPRESENTATION_CONTEXT() REPRESENTATION_CONTEXT('2D SPACE',''
  ) );
#1314 = ADVANCED_FACE('',(#1315),#195,.F.);
#1315 = FACE_BOUND('',#1316,.F.);
#1316 = EDGE_LOOP('',(#1317,#1346,#1367,#1368));
#1317 = ORIENTED_EDGE('',*,*,#1318,.F.);
#1318 = EDGE_CURVE('',#1319,#1319,#1321,.T.);
#1319 = VERTEX_POINT('',#1320);
#1320 = CARTESIAN_POINT('',(-160.,14.,8.65));
#1321 = SURFACE_CURVE('',#1322,(#1327,#1334),.PCURVE_S1.);
#1322 = CIRCLE('',#1323,1.65);
#1323 = AXIS2_PLACEMENT_3D('',#1324,#1325,#1326);
#1324 = CARTESIAN_POINT('',(-160.,14.,7.));
#1325 = DIRECTION('',(0.,1.,0.));
#1326 = DIRECTION('',(0.,-0.,1.));
#1327 = PCURVE('',#195,#1328);
#1328 = DEFINITIONAL_REPRESENTATION('',(#1329),#1333);
#1329 = LINE('',#1330,#1331);
#1330 = CARTESIAN_POINT('',(0.,14.));
#1331 = VECTOR('',#1332,1.);
#1332 = DIRECTION('',(1.,0.));
#1333 = ( GEOMETRIC_REPRESENTATION_CONTEXT(2) 
PARAMETRIC_REPRESENTATION_CONTEXT() REPRESENTATION_CONTEXT('2D SPACE',''
  ) );
#1334 = PCURVE('',#1335,#1340);
#1335 = PLANE('',#1336);
#1336 = AXIS2_PLACEMENT_3D('',#1337,#1338,#1339);
#1337 = CARTESIAN_POINT('',(-160.,14.,7.));
#1338 = DIRECTION('',(0.,1.,0.));
#1339 = DIRECTION('',(0.,-0.,1.));
#1340 = DEFINITIONAL_REPRESENTATION('',(#1341),#1345);
#1341 = CIRCLE('',#1342,1.65);
#1342 = AXIS2_PLACEMENT_2D('',#1343,#1344);
#1343 = CARTESIAN_POINT('',(0.,0.));
#1344 = DIRECTION('',(1.,0.));
#1345 = ( GEOMETRIC_REPRESENTATION_CONTEXT(2) 
PARAMETRIC_REPRESENTATION_CONTEXT() REPRESENTATION_CONTEXT('2D SPACE',''
  ) );
#1346 = ORIENTED_EDGE('',*,*,#1347,.F.);
#1347 = EDGE_CURVE('',#179,#1319,#1348,.T.);
#1348 = SEAM_CURVE('',#1349,(#1353,#1360),.PCURVE_S1.);
#1349 = LINE('',#1350,#1351);
#1350 = CARTESIAN_POINT('',(-160.,0.,8.65));
#1351 = VECTOR('',#1352,1.);
#1352 = DIRECTION('',(0.,1.,0.));
#1353 = PCURVE('',#195,#1354);
#1354 = DEFINITIONAL_REPRESENTATION('',(#1355),#1359);
#1355 = LINE('',#1356,#1357);
#1356 = CARTESIAN_POINT('',(6.28318530718,-0.));
#1357 = VECTOR('',#1358,1.);
#1358 = DIRECTION('',(0.,1.));
#1359 = ( GEOMETRIC_REPRESENTATION_CONTEXT(2) 
PARAMETRIC_REPRESENTATION_CONTEXT() REPRESENTATION_CONTEXT('2D SPACE',''
  ) );
#1360 = PCURVE('',#195,#1361);
#1361 = DEFINITIONAL_REPRESENTATION('',(#1362),#1366);
#1362 = LINE('',#1363,#1364);
#1363 = CARTESIAN_POINT('',(0.,-0.));
#1364 = VECTOR('',#1365,1.);
#1365 = DIRECTION('',(0.,1.));
#1366 = ( GEOMETRIC_REPRESENTATION_CONTEXT(2) 
PARAMETRIC_REPRESENTATION_CONTEXT() REPRESENTATION_CONTEXT('2D SPACE',''
  ) );
#1367 = ORIENTED_EDGE('',*,*,#178,.T.);
#1368 = ORIENTED_EDGE('',*,*,#1347,.T.);
#1369 = ADVANCED_FACE('',(#1370),#226,.F.);
#1370 = FACE_BOUND('',#1371,.F.);
#1371 = EDGE_LOOP('',(#1372,#1394,#1395,#1396));
#1372 = ORIENTED_EDGE('',*,*,#1373,.F.);
#1373 = EDGE_CURVE('',#210,#1374,#1376,.T.);
#1374 = VERTEX_POINT('',#1375);
#1375 = CARTESIAN_POINT('',(-180.,-1.,37.5));
#1376 = SEAM_CURVE('',#1377,(#1382,#1388),.PCURVE_S1.);
#1377 = CIRCLE('',#1378,1.);
#1378 = AXIS2_PLACEMENT_3D('',#1379,#1380,#1381);
#1379 = CARTESIAN_POINT('',(-180.,-1.,38.5));
#1380 = DIRECTION('',(-1.,0.,0.));
#1381 = DIRECTION('',(0.,0.,1.));
#1382 = PCURVE('',#226,#1383);
#1383 = DEFINITIONAL_REPRESENTATION('',(#1384),#1387);
#1384 = B_SPLINE_CURVE_WITH_KNOTS('',1,(#1385,#1386),.UNSPECIFIED.,.F.,
  .F.,(2,2),(1.570796326795,3.14159265359),.PIECEWISE_BEZIER_KNOTS.);
#1385 = CARTESIAN_POINT('',(0.,1.570796326795));
#1386 = CARTESIAN_POINT('',(0.,3.14159265359));
#1387 = ( GEOMETRIC_REPRESENTATION_CONTEXT(2) 
PARAMETRIC_REPRESENTATION_CONTEXT() REPRESENTATION_CONTEXT('2D SPACE',''
  ) );
#1388 = PCURVE('',#226,#1389);
#1389 = DEFINITIONAL_REPRESENTATION('',(#1390),#1393);
#1390 = B_SPLINE_CURVE_WITH_KNOTS('',1,(#1391,#1392),.UNSPECIFIED.,.F.,
  .F.,(2,2),(1.570796326795,3.14159265359),.PIECEWISE_BEZIER_KNOTS.);
#1391 = CARTESIAN_POINT('',(6.28318530718,1.570796326795));
#1392 = CARTESIAN_POINT('',(6.28318530718,3.14159265359));
#1393 = ( GEOMETRIC_REPRESENTATION_CONTEXT(2) 
PARAMETRIC_REPRESENTATION_CONTEXT() REPRESENTATION_CONTEXT('2D SPACE',''
  ) );
#1394 = ORIENTED_EDGE('',*,*,#209,.T.);
#1395 = ORIENTED_EDGE('',*,*,#1373,.T.);
#1396 = ORIENTED_EDGE('',*,*,#1397,.F.);
#1397 = EDGE_CURVE('',#1374,#1374,#1398,.T.);
#1398 = SURFACE_CURVE('',#1399,(#1404,#1411),.PCURVE_S1.);
#1399 = CIRCLE('',#1400,14.);
#1400 = AXIS2_PLACEMENT_3D('',#1401,#1402,#1403);
#1401 = CARTESIAN_POINT('',(-180.,-1.,23.5));
#1402 = DIRECTION('',(0.,1.,0.));
#1403 = DIRECTION('',(0.,-0.,1.));
#1404 = PCURVE('',#226,#1405);
#1405 = DEFINITIONAL_REPRESENTATION('',(#1406),#1410);
#1406 = LINE('',#1407,#1408);
#1407 = CARTESIAN_POINT('',(0.,3.14159265359));
#1408 = VECTOR('',#1409,1.);
#1409 = DIRECTION('',(1.,0.));
#1410 = ( GEOMETRIC_REPRESENTATION_CONTEXT(2) 
PARAMETRIC_REPRESENTATION_CONTEXT() REPRESENTATION_CONTEXT('2D SPACE',''
  ) );
#1411 = PCURVE('',#1412,#1417);
#1412 = CYLINDRICAL_SURFACE('',#1413,14.);
#1413 = AXIS2_PLACEMENT_3D('',#1414,#1415,#1416);
#1414 = CARTESIAN_POINT('',(-180.,-6.,23.5));
#1415 = DIRECTION('',(0.,1.,0.));
#1416 = DIRECTION('',(0.,-0.,1.));
#1417 = DEFINITIONAL_REPRESENTATION('',(#1418),#1422);
#1418 = LINE('',#1419,#1420);
#1419 = CARTESIAN_POINT('',(0.,5.));
#1420 = VECTOR('',#1421,1.);
#1421 = DIRECTION('',(1.,0.));
#1422 = ( GEOMETRIC_REPRESENTATION_CONTEXT(2) 
PARAMETRIC_REPRESENTATION_CONTEXT() REPRESENTATION_CONTEXT('2D SPACE',''
  ) );
#1423 = ADVANCED_FACE('',(#1424),#257,.F.);
#1424 = FACE_BOUND('',#1425,.F.);
#1425 = EDGE_LOOP('',(#1426,#1448,#1449,#1450));
#1426 = ORIENTED_EDGE('',*,*,#1427,.F.);
#1427 = EDGE_CURVE('',#241,#1428,#1430,.T.);
#1428 = VERTEX_POINT('',#1429);
#1429 = CARTESIAN_POINT('',(-140.,-1.,37.5));
#1430 = SEAM_CURVE('',#1431,(#1436,#1442),.PCURVE_S1.);
#1431 = CIRCLE('',#1432,1.);
#1432 = AXIS2_PLACEMENT_3D('',#1433,#1434,#1435);
#1433 = CARTESIAN_POINT('',(-140.,-1.,38.5));
#1434 = DIRECTION('',(-1.,0.,0.));
#1435 = DIRECTION('',(0.,0.,1.));
#1436 = PCURVE('',#257,#1437);
#1437 = DEFINITIONAL_REPRESENTATION('',(#1438),#1441);
#1438 = B_SPLINE_CURVE_WITH_KNOTS('',1,(#1439,#1440),.UNSPECIFIED.,.F.,
  .F.,(2,2),(1.570796326795,3.14159265359),.PIECEWISE_BEZIER_KNOTS.);
#1439 = CARTESIAN_POINT('',(0.,1.570796326795));
#1440 = CARTESIAN_POINT('',(0.,3.14159265359));
#1441 = ( GEOMETRIC_REPRESENTATION_CONTEXT(2) 
PARAMETRIC_REPRESENTATION_CONTEXT() REPRESENTATION_CONTEXT('2D SPACE',''
  ) );
#1442 = PCURVE('',#257,#1443);
#1443 = DEFINITIONAL_REPRESENTATION('',(#1444),#1447);
#1444 = B_SPLINE_CURVE_WITH_KNOTS('',1,(#1445,#1446),.UNSPECIFIED.,.F.,
  .F.,(2,2),(1.570796326795,3.14159265359),.PIECEWISE_BEZIER_KNOTS.);
#1445 = CARTESIAN_POINT('',(6.28318530718,1.570796326795));
#1446 = CARTESIAN_POINT('',(6.28318530718,3.14159265359));
#1447 = ( GEOMETRIC_REPRESENTATION_CONTEXT(2) 
PARAMETRIC_REPRESENTATION_CONTEXT() REPRESENTATION_CONTEXT('2D SPACE',''
  ) );
#1448 = ORIENTED_EDGE('',*,*,#240,.T.);
#1449 = ORIENTED_EDGE('',*,*,#1427,.T.);
#1450 = ORIENTED_EDGE('',*,*,#1451,.F.);
#1451 = EDGE_CURVE('',#1428,#1428,#1452,.T.);
#1452 = SURFACE_CURVE('',#1453,(#1458,#1465),.PCURVE_S1.);
#1453 = CIRCLE('',#1454,14.);
#1454 = AXIS2_PLACEMENT_3D('',#1455,#1456,#1457);
#1455 = CARTESIAN_POINT('',(-140.,-1.,23.5));
#1456 = DIRECTION('',(0.,1.,0.));
#1457 = DIRECTION('',(0.,-0.,1.));
#1458 = PCURVE('',#257,#1459);
#1459 = DEFINITIONAL_REPRESENTATION('',(#1460),#1464);
#1460 = LINE('',#1461,#1462);
#1461 = CARTESIAN_POINT('',(0.,3.14159265359));
#1462 = VECTOR('',#1463,1.);
#1463 = DIRECTION('',(1.,0.));
#1464 = ( GEOMETRIC_REPRESENTATION_CONTEXT(2) 
PARAMETRIC_REPRESENTATION_CONTEXT() REPRESENTATION_CONTEXT('2D SPACE',''
  ) );
#1465 = PCURVE('',#1466,#1471);
#1466 = CYLINDRICAL_SURFACE('',#1467,14.);
#1467 = AXIS2_PLACEMENT_3D('',#1468,#1469,#1470);
#1468 = CARTESIAN_POINT('',(-140.,-6.,23.5));
#1469 = DIRECTION('',(0.,1.,0.));
#1470 = DIRECTION('',(0.,-0.,1.));
#1471 = DEFINITIONAL_REPRESENTATION('',(#1472),#1476);
#1472 = LINE('',#1473,#1474);
#1473 = CARTESIAN_POINT('',(0.,5.));
#1474 = VECTOR('',#1475,1.);
#1475 = DIRECTION('',(1.,0.));
#1476 = ( GEOMETRIC_REPRESENTATION_CONTEXT(2) 
PARAMETRIC_REPRESENTATION_CONTEXT() REPRESENTATION_CONTEXT('2D SPACE',''
  ) );
#1477 = ADVANCED_FACE('',(#1478),#288,.F.);
#1478 = FACE_BOUND('',#1479,.F.);
#1479 = EDGE_LOOP('',(#1480,#1502,#1503,#1504));
#1480 = ORIENTED_EDGE('',*,*,#1481,.F.);
#1481 = EDGE_CURVE('',#272,#1482,#1484,.T.);
#1482 = VERTEX_POINT('',#1483);
#1483 = CARTESIAN_POINT('',(-100.,-1.,37.5));
#1484 = SEAM_CURVE('',#1485,(#1490,#1496),.PCURVE_S1.);
#1485 = CIRCLE('',#1486,1.);
#1486 = AXIS2_PLACEMENT_3D('',#1487,#1488,#1489);
#1487 = CARTESIAN_POINT('',(-100.,-1.,38.5));
#1488 = DIRECTION('',(-1.,0.,0.));
#1489 = DIRECTION('',(0.,0.,1.));
#1490 = PCURVE('',#288,#1491);
#1491 = DEFINITIONAL_REPRESENTATION('',(#1492),#1495);
#1492 = B_SPLINE_CURVE_WITH_KNOTS('',1,(#1493,#1494),.UNSPECIFIED.,.F.,
  .F.,(2,2),(1.570796326795,3.14159265359),.PIECEWISE_BEZIER_KNOTS.);
#1493 = CARTESIAN_POINT('',(0.,1.570796326795));
#1494 = CARTESIAN_POINT('',(0.,3.14159265359));
#1495 = ( GEOMETRIC_REPRESENTATION_CONTEXT(2) 
PARAMETRIC_REPRESENTATION_CONTEXT() REPRESENTATION_CONTEXT('2D SPACE',''
  ) );
#1496 = PCURVE('',#288,#1497);
#1497 = DEFINITIONAL_REPRESENTATION('',(#1498),#1501);
#1498 = B_SPLINE_CURVE_WITH_KNOTS('',1,(#1499,#1500),.UNSPECIFIED.,.F.,
  .F.,(2,2),(1.570796326795,3.14159265359),.PIECEWISE_BEZIER_KNOTS.);
#1499 = CARTESIAN_POINT('',(6.28318530718,1.570796326795));
#1500 = CARTESIAN_POINT('',(6.28318530718,3.14159265359));
#1501 = ( GEOMETRIC_REPRESENTATION_CONTEXT(2) 
PARAMETRIC_REPRESENTATION_CONTEXT() REPRESENTATION_CONTEXT('2D SPACE',''
  ) );
#1502 = ORIENTED_EDGE('',*,*,#271,.T.);
#1503 = ORIENTED_EDGE('',*,*,#1481,.T.);
#1504 = ORIENTED_EDGE('',*,*,#1505,.F.);
#1505 = EDGE_CURVE('',#1482,#1482,#1506,.T.);
#1506 = SURFACE_CURVE('',#1507,(#1512,#1519),.PCURVE_S1.);
#1507 = CIRCLE('',#1508,14.);
#1508 = AXIS2_PLACEMENT_3D('',#1509,#1510,#1511);
#1509 = CARTESIAN_POINT('',(-100.,-1.,23.5));
#1510 = DIRECTION('',(0.,1.,0.));
#1511 = DIRECTION('',(0.,-0.,1.));
#1512 = PCURVE('',#288,#1513);
#1513 = DEFINITIONAL_REPRESENTATION('',(#1514),#1518);
#1514 = LINE('',#1515,#1516);
#1515 = CARTESIAN_POINT('',(0.,3.14159265359));
#1516 = VECTOR('',#1517,1.);
#1517 = DIRECTION('',(1.,0.));
#1518 = ( GEOMETRIC_REPRESENTATION_CONTEXT(2) 
PARAMETRIC_REPRESENTATION_CONTEXT() REPRESENTATION_CONTEXT('2D SPACE',''
  ) );
#1519 = PCURVE('',#1520,#1525);
#1520 = CYLINDRICAL_SURFACE('',#1521,14.);
#1521 = AXIS2_PLACEMENT_3D('',#1522,#1523,#1524);
#1522 = CARTESIAN_POINT('',(-100.,-6.,23.5));
#1523 = DIRECTION('',(0.,1.,0.));
#1524 = DIRECTION('',(0.,-0.,1.));
#1525 = DEFINITIONAL_REPRESENTATION('',(#1526),#1530);
#1526 = LINE('',#1527,#1528);
#1527 = CARTESIAN_POINT('',(0.,5.));
#1528 = VECTOR('',#1529,1.);
#1529 = DIRECTION('',(1.,0.));
#1530 = ( GEOMETRIC_REPRESENTATION_CONTEXT(2) 
PARAMETRIC_REPRESENTATION_CONTEXT() REPRESENTATION_CONTEXT('2D SPACE',''
  ) );
#1531 = ADVANCED_FACE('',(#1532),#319,.F.);
#1532 = FACE_BOUND('',#1533,.F.);
#1533 = EDGE_LOOP('',(#1534,#1556,#1557,#1558));
#1534 = ORIENTED_EDGE('',*,*,#1535,.F.);
#1535 = EDGE_CURVE('',#303,#1536,#1538,.T.);
#1536 = VERTEX_POINT('',#1537);
#1537 = CARTESIAN_POINT('',(-60.,-1.,37.5));
#1538 = SEAM_CURVE('',#1539,(#1544,#1550),.PCURVE_S1.);
#1539 = CIRCLE('',#1540,1.);
#1540 = AXIS2_PLACEMENT_3D('',#1541,#1542,#1543);
#1541 = CARTESIAN_POINT('',(-60.,-1.,38.5));
#1542 = DIRECTION('',(-1.,0.,0.));
#1543 = DIRECTION('',(0.,0.,1.));
#1544 = PCURVE('',#319,#1545);
#1545 = DEFINITIONAL_REPRESENTATION('',(#1546),#1549);
#1546 = B_SPLINE_CURVE_WITH_KNOTS('',1,(#1547,#1548),.UNSPECIFIED.,.F.,
  .F.,(2,2),(1.570796326795,3.14159265359),.PIECEWISE_BEZIER_KNOTS.);
#1547 = CARTESIAN_POINT('',(0.,1.570796326795));
#1548 = CARTESIAN_POINT('',(0.,3.14159265359));
#1549 = ( GEOMETRIC_REPRESENTATION_CONTEXT(2) 
PARAMETRIC_REPRESENTATION_CONTEXT() REPRESENTATION_CONTEXT('2D SPACE',''
  ) );
#1550 = PCURVE('',#319,#1551);
#1551 = DEFINITIONAL_REPRESENTATION('',(#1552),#1555);
#1552 = B_SPLINE_CURVE_WITH_KNOTS('',1,(#1553,#1554),.UNSPECIFIED.,.F.,
  .F.,(2,2),(1.570796326795,3.14159265359),.PIECEWISE_BEZIER_KNOTS.);
#1553 = CARTESIAN_POINT('',(6.28318530718,1.570796326795));
#1554 = CARTESIAN_POINT('',(6.28318530718,3.14159265359));
#1555 = ( GEOMETRIC_REPRESENTATION_CONTEXT(2) 
PARAMETRIC_REPRESENTATION_CONTEXT() REPRESENTATION_CONTEXT('2D SPACE',''
  ) );
#1556 = ORIENTED_EDGE('',*,*,#302,.T.);
#1557 = ORIENTED_EDGE('',*,*,#1535,.T.);
#1558 = ORIENTED_EDGE('',*,*,#1559,.F.);
#1559 = EDGE_CURVE('',#1536,#1536,#1560,.T.);
#1560 = SURFACE_CURVE('',#1561,(#1566,#1573),.PCURVE_S1.);
#1561 = CIRCLE('',#1562,14.);
#1562 = AXIS2_PLACEMENT_3D('',#1563,#1564,#1565);
#1563 = CARTESIAN_POINT('',(-60.,-1.,23.5));
#1564 = DIRECTION('',(0.,1.,0.));
#1565 = DIRECTION('',(0.,-0.,1.));
#1566 = PCURVE('',#319,#1567);
#1567 = DEFINITIONAL_REPRESENTATION('',(#1568),#1572);
#1568 = LINE('',#1569,#1570);
#1569 = CARTESIAN_POINT('',(0.,3.14159265359));
#1570 = VECTOR('',#1571,1.);
#1571 = DIRECTION('',(1.,0.));
#1572 = ( GEOMETRIC_REPRESENTATION_CONTEXT(2) 
PARAMETRIC_REPRESENTATION_CONTEXT() REPRESENTATION_CONTEXT('2D SPACE',''
  ) );
#1573 = PCURVE('',#1574,#1579);
#1574 = CYLINDRICAL_SURFACE('',#1575,14.);
#1575 = AXIS2_PLACEMENT_3D('',#1576,#1577,#1578);
#1576 = CARTESIAN_POINT('',(-60.,-6.,23.5));
#1577 = DIRECTION('',(0.,1.,0.));
#1578 = DIRECTION('',(0.,-0.,1.));
#1579 = DEFINITIONAL_REPRESENTATION('',(#1580),#1584);
#1580 = LINE('',#1581,#1582);
#1581 = CARTESIAN_POINT('',(0.,5.));
#1582 = VECTOR('',#1583,1.);
#1583 = DIRECTION('',(1.,0.));
#1584 = ( GEOMETRIC_REPRESENTATION_CONTEXT(2) 
PARAMETRIC_REPRESENTATION_CONTEXT() REPRESENTATION_CONTEXT('2D SPACE',''
  ) );
#1585 = ADVANCED_FACE('',(#1586),#350,.F.);
#1586 = FACE_BOUND('',#1587,.F.);
#1587 = EDGE_LOOP('',(#1588,#1610,#1611,#1612));
#1588 = ORIENTED_EDGE('',*,*,#1589,.F.);
#1589 = EDGE_CURVE('',#334,#1590,#1592,.T.);
#1590 = VERTEX_POINT('',#1591);
#1591 = CARTESIAN_POINT('',(-20.,-1.,37.5));
#1592 = SEAM_CURVE('',#1593,(#1598,#1604),.PCURVE_S1.);
#1593 = CIRCLE('',#1594,1.);
#1594 = AXIS2_PLACEMENT_3D('',#1595,#1596,#1597);
#1595 = CARTESIAN_POINT('',(-20.,-1.,38.5));
#1596 = DIRECTION('',(-1.,0.,0.));
#1597 = DIRECTION('',(0.,0.,1.));
#1598 = PCURVE('',#350,#1599);
#1599 = DEFINITIONAL_REPRESENTATION('',(#1600),#1603);
#1600 = B_SPLINE_CURVE_WITH_KNOTS('',1,(#1601,#1602),.UNSPECIFIED.,.F.,
  .F.,(2,2),(1.570796326795,3.14159265359),.PIECEWISE_BEZIER_KNOTS.);
#1601 = CARTESIAN_POINT('',(0.,1.570796326795));
#1602 = CARTESIAN_POINT('',(0.,3.14159265359));
#1603 = ( GEOMETRIC_REPRESENTATION_CONTEXT(2) 
PARAMETRIC_REPRESENTATION_CONTEXT() REPRESENTATION_CONTEXT('2D SPACE',''
  ) );
#1604 = PCURVE('',#350,#1605);
#1605 = DEFINITIONAL_REPRESENTATION('',(#1606),#1609);
#1606 = B_SPLINE_CURVE_WITH_KNOTS('',1,(#1607,#1608),.UNSPECIFIED.,.F.,
  .F.,(2,2),(1.570796326795,3.14159265359),.PIECEWISE_BEZIER_KNOTS.);
#1607 = CARTESIAN_POINT('',(6.28318530718,1.570796326795));
#1608 = CARTESIAN_POINT('',(6.28318530718,3.14159265359));
#1609 = ( GEOMETRIC_REPRESENTATION_CONTEXT(2) 
PARAMETRIC_REPRESENTATION_CONTEXT() REPRESENTATION_CONTEXT('2D SPACE',''
  ) );
#1610 = ORIENTED_EDGE('',*,*,#333,.T.);
#1611 = ORIENTED_EDGE('',*,*,#1589,.T.);
#1612 = ORIENTED_EDGE('',*,*,#1613,.F.);
#1613 = EDGE_CURVE('',#1590,#1590,#1614,.T.);
#1614 = SURFACE_CURVE('',#1615,(#1620,#1627),.PCURVE_S1.);
#1615 = CIRCLE('',#1616,14.);
#1616 = AXIS2_PLACEMENT_3D('',#1617,#1618,#1619);
#1617 = CARTESIAN_POINT('',(-20.,-1.,23.5));
#1618 = DIRECTION('',(0.,1.,0.));
#1619 = DIRECTION('',(0.,-0.,1.));
#1620 = PCURVE('',#350,#1621);
#1621 = DEFINITIONAL_REPRESENTATION('',(#1622),#1626);
#1622 = LINE('',#1623,#1624);
#1623 = CARTESIAN_POINT('',(0.,3.14159265359));
#1624 = VECTOR('',#1625,1.);
#1625 = DIRECTION('',(1.,0.));
#1626 = ( GEOMETRIC_REPRESENTATION_CONTEXT(2) 
PARAMETRIC_REPRESENTATION_CONTEXT() REPRESENTATION_CONTEXT('2D SPACE',''
  ) );
#1627 = PCURVE('',#1628,#1633);
#1628 = CYLINDRICAL_SURFACE('',#1629,14.);
#1629 = AXIS2_PLACEMENT_3D('',#1630,#1631,#1632);
#1630 = CARTESIAN_POINT('',(-20.,-6.,23.5));
#1631 = DIRECTION('',(0.,1.,0.));
#1632 = DIRECTION('',(0.,-0.,1.));
#1633 = DEFINITIONAL_REPRESENTATION('',(#1634),#1638);
#1634 = LINE('',#1635,#1636);
#1635 = CARTESIAN_POINT('',(0.,5.));
#1636 = VECTOR('',#1637,1.);
#1637 = DIRECTION('',(1.,0.));
#1638 = ( GEOMETRIC_REPRESENTATION_CONTEXT(2) 
PARAMETRIC_REPRESENTATION_CONTEXT() REPRESENTATION_CONTEXT('2D SPACE',''
  ) );
#1639 = ADVANCED_FACE('',(#1640),#381,.F.);
#1640 = FACE_BOUND('',#1641,.F.);
#1641 = EDGE_LOOP('',(#1642,#1664,#1665,#1666));
#1642 = ORIENTED_EDGE('',*,*,#1643,.F.);
#1643 = EDGE_CURVE('',#365,#1644,#1646,.T.);
#1644 = VERTEX_POINT('',#1645);
#1645 = CARTESIAN_POINT('',(-180.,-1.,77.5));
#1646 = SEAM_CURVE('',#1647,(#1652,#1658),.PCURVE_S1.);
#1647 = CIRCLE('',#1648,1.);
#1648 = AXIS2_PLACEMENT_3D('',#1649,#1650,#1651);
#1649 = CARTESIAN_POINT('',(-180.,-1.,78.5));
#1650 = DIRECTION('',(-1.,0.,0.));
#1651 = DIRECTION('',(0.,0.,1.));
#1652 = PCURVE('',#381,#1653);
#1653 = DEFINITIONAL_REPRESENTATION('',(#1654),#1657);
#1654 = B_SPLINE_CURVE_WITH_KNOTS('',1,(#1655,#1656),.UNSPECIFIED.,.F.,
  .F.,(2,2),(1.570796326795,3.14159265359),.PIECEWISE_BEZIER_KNOTS.);
#1655 = CARTESIAN_POINT('',(0.,1.570796326795));
#1656 = CARTESIAN_POINT('',(0.,3.14159265359));
#1657 = ( GEOMETRIC_REPRESENTATION_CONTEXT(2) 
PARAMETRIC_REPRESENTATION_CONTEXT() REPRESENTATION_CONTEXT('2D SPACE',''
  ) );
#1658 = PCURVE('',#381,#1659);
#1659 = DEFINITIONAL_REPRESENTATION('',(#1660),#1663);
#1660 = B_SPLINE_CURVE_WITH_KNOTS('',1,(#1661,#1662),.UNSPECIFIED.,.F.,
  .F.,(2,2),(1.570796326795,3.14159265359),.PIECEWISE_BEZIER_KNOTS.);
#1661 = CARTESIAN_POINT('',(6.28318530718,1.570796326795));
#1662 = CARTESIAN_POINT('',(6.28318530718,3.14159265359));
#1663 = ( GEOMETRIC_REPRESENTATION_CONTEXT(2) 
PARAMETRIC_REPRESENTATION_CONTEXT() REPRESENTATION_CONTEXT('2D SPACE',''
  ) );
#1664 = ORIENTED_EDGE('',*,*,#364,.T.);
#1665 = ORIENTED_EDGE('',*,*,#1643,.T.);
#1666 = ORIENTED_EDGE('',*,*,#1667,.F.);
#1667 = EDGE_CURVE('',#1644,#1644,#1668,.T.);
#1668 = SURFACE_CURVE('',#1669,(#1674,#1681),.PCURVE_S1.);
#1669 = CIRCLE('',#1670,14.);
#1670 = AXIS2_PLACEMENT_3D('',#1671,#1672,#1673);
#1671 = CARTESIAN_POINT('',(-180.,-1.,63.5));
#1672 = DIRECTION('',(0.,1.,0.));
#1673 = DIRECTION('',(0.,-0.,1.));
#1674 = PCURVE('',#381,#1675);
#1675 = DEFINITIONAL_REPRESENTATION('',(#1676),#1680);
#1676 = LINE('',#1677,#1678);
#1677 = CARTESIAN_POINT('',(0.,3.14159265359));
#1678 = VECTOR('',#1679,1.);
#1679 = DIRECTION('',(1.,0.));
#1680 = ( GEOMETRIC_REPRESENTATION_CONTEXT(2) 
PARAMETRIC_REPRESENTATION_CONTEXT() REPRESENTATION_CONTEXT('2D SPACE',''
  ) );
#1681 = PCURVE('',#1682,#1687);
#1682 = CYLINDRICAL_SURFACE('',#1683,14.);
#1683 = AXIS2_PLACEMENT_3D('',#1684,#1685,#1686);
#1684 = CARTESIAN_POINT('',(-180.,-6.,63.5));
#1685 = DIRECTION('',(0.,1.,0.));
#1686 = DIRECTION('',(0.,-0.,1.));
#1687 = DEFINITIONAL_REPRESENTATION('',(#1688),#1692);
#1688 = LINE('',#1689,#1690);
#1689 = CARTESIAN_POINT('',(0.,5.));
#1690 = VECTOR('',#1691,1.);
#1691 = DIRECTION('',(1.,0.));
#1692 = ( GEOMETRIC_REPRESENTATION_CONTEXT(2) 
PARAMETRIC_REPRESENTATION_CONTEXT() REPRESENTATION_CONTEXT('2D SPACE',''
  ) );
#1693 = ADVANCED_FACE('',(#1694),#412,.F.);
#1694 = FACE_BOUND('',#1695,.F.);
#1695 = EDGE_LOOP('',(#1696,#1725,#1746,#1747));
#1696 = ORIENTED_EDGE('',*,*,#1697,.F.);
#1697 = EDGE_CURVE('',#1698,#1698,#1700,.T.);
#1698 = VERTEX_POINT('',#1699);
#1699 = CARTESIAN_POINT('',(-160.,14.,81.65));
#1700 = SURFACE_CURVE('',#1701,(#1706,#1713),.PCURVE_S1.);
#1701 = CIRCLE('',#1702,1.65);
#1702 = AXIS2_PLACEMENT_3D('',#1703,#1704,#1705);
#1703 = CARTESIAN_POINT('',(-160.,14.,80.));
#1704 = DIRECTION('',(0.,1.,0.));
#1705 = DIRECTION('',(0.,-0.,1.));
#1706 = PCURVE('',#412,#1707);
#1707 = DEFINITIONAL_REPRESENTATION('',(#1708),#1712);
#1708 = LINE('',#1709,#1710);
#1709 = CARTESIAN_POINT('',(0.,14.));
#1710 = VECTOR('',#1711,1.);
#1711 = DIRECTION('',(1.,0.));
#1712 = ( GEOMETRIC_REPRESENTATION_CONTEXT(2) 
PARAMETRIC_REPRESENTATION_CONTEXT() REPRESENTATION_CONTEXT('2D SPACE',''
  ) );
#1713 = PCURVE('',#1714,#1719);
#1714 = PLANE('',#1715);
#1715 = AXIS2_PLACEMENT_3D('',#1716,#1717,#1718);
#1716 = CARTESIAN_POINT('',(-160.,14.,80.));
#1717 = DIRECTION('',(0.,1.,0.));
#1718 = DIRECTION('',(0.,-0.,1.));
#1719 = DEFINITIONAL_REPRESENTATION('',(#1720),#1724);
#1720 = CIRCLE('',#1721,1.65);
#1721 = AXIS2_PLACEMENT_2D('',#1722,#1723);
#1722 = CARTESIAN_POINT('',(0.,0.));
#1723 = DIRECTION('',(1.,0.));
#1724 = ( GEOMETRIC_REPRESENTATION_CONTEXT(2) 
PARAMETRIC_REPRESENTATION_CONTEXT() REPRESENTATION_CONTEXT('2D SPACE',''
  ) );
#1725 = ORIENTED_EDGE('',*,*,#1726,.F.);
#1726 = EDGE_CURVE('',#396,#1698,#1727,.T.);
#1727 = SEAM_CURVE('',#1728,(#1732,#1739),.PCURVE_S1.);
#1728 = LINE('',#1729,#1730);
#1729 = CARTESIAN_POINT('',(-160.,0.,81.65));
#1730 = VECTOR('',#1731,1.);
#1731 = DIRECTION('',(0.,1.,0.));
#1732 = PCURVE('',#412,#1733);
#1733 = DEFINITIONAL_REPRESENTATION('',(#1734),#1738);
#1734 = LINE('',#1735,#1736);
#1735 = CARTESIAN_POINT('',(6.28318530718,-0.));
#1736 = VECTOR('',#1737,1.);
#1737 = DIRECTION('',(0.,1.));
#1738 = ( GEOMETRIC_REPRESENTATION_CONTEXT(2) 
PARAMETRIC_REPRESENTATION_CONTEXT() REPRESENTATION_CONTEXT('2D SPACE',''
  ) );
#1739 = PCURVE('',#412,#1740);
#1740 = DEFINITIONAL_REPRESENTATION('',(#1741),#1745);
#1741 = LINE('',#1742,#1743);
#1742 = CARTESIAN_POINT('',(0.,-0.));
#1743 = VECTOR('',#1744,1.);
#1744 = DIRECTION('',(0.,1.));
#1745 = ( GEOMETRIC_REPRESENTATION_CONTEXT(2) 
PARAMETRIC_REPRESENTATION_CONTEXT() REPRESENTATION_CONTEXT('2D SPACE',''
  ) );
#1746 = ORIENTED_EDGE('',*,*,#395,.T.);
#1747 = ORIENTED_EDGE('',*,*,#1726,.T.);
#1748 = ADVANCED_FACE('',(#1749),#443,.F.);
#1749 = FACE_BOUND('',#1750,.F.);
#1750 = EDGE_LOOP('',(#1751,#1773,#1774,#1775));
#1751 = ORIENTED_EDGE('',*,*,#1752,.F.);
#1752 = EDGE_CURVE('',#427,#1753,#1755,.T.);
#1753 = VERTEX_POINT('',#1754);
#1754 = CARTESIAN_POINT('',(-140.,-1.,77.5));
#1755 = SEAM_CURVE('',#1756,(#1761,#1767),.PCURVE_S1.);
#1756 = CIRCLE('',#1757,1.);
#1757 = AXIS2_PLACEMENT_3D('',#1758,#1759,#1760);
#1758 = CARTESIAN_POINT('',(-140.,-1.,78.5));
#1759 = DIRECTION('',(-1.,0.,0.));
#1760 = DIRECTION('',(0.,0.,1.));
#1761 = PCURVE('',#443,#1762);
#1762 = DEFINITIONAL_REPRESENTATION('',(#1763),#1766);
#1763 = B_SPLINE_CURVE_WITH_KNOTS('',1,(#1764,#1765),.UNSPECIFIED.,.F.,
  .F.,(2,2),(1.570796326795,3.14159265359),.PIECEWISE_BEZIER_KNOTS.);
#1764 = CARTESIAN_POINT('',(0.,1.570796326795));
#1765 = CARTESIAN_POINT('',(0.,3.14159265359));
#1766 = ( GEOMETRIC_REPRESENTATION_CONTEXT(2) 
PARAMETRIC_REPRESENTATION_CONTEXT() REPRESENTATION_CONTEXT('2D SPACE',''
  ) );
#1767 = PCURVE('',#443,#1768);
#1768 = DEFINITIONAL_REPRESENTATION('',(#1769),#1772);
#1769 = B_SPLINE_CURVE_WITH_KNOTS('',1,(#1770,#1771),.UNSPECIFIED.,.F.,
  .F.,(2,2),(1.570796326795,3.14159265359),.PIECEWISE_BEZIER_KNOTS.);
#1770 = CARTESIAN_POINT('',(6.28318530718,1.570796326795));
#1771 = CARTESIAN_POINT('',(6.28318530718,3.14159265359));
#1772 = ( GEOMETRIC_REPRESENTATION_CONTEXT(2) 
PARAMETRIC_REPRESENTATION_CONTEXT() REPRESENTATION_CONTEXT('2D SPACE',''
  ) );
#1773 = ORIENTED_EDGE('',*,*,#426,.T.);
#1774 = ORIENTED_EDGE('',*,*,#1752,.T.);
#1775 = ORIENTED_EDGE('',*,*,#1776,.F.);
#1776 = EDGE_CURVE('',#1753,#1753,#1777,.T.);
#1777 = SURFACE_CURVE('',#1778,(#1783,#1790),.PCURVE_S1.);
#1778 = CIRCLE('',#1779,14.);
#1779 = AXIS2_PLACEMENT_3D('',#1780,#1781,#1782);
#1780 = CARTESIAN_POINT('',(-140.,-1.,63.5));
#1781 = DIRECTION('',(0.,1.,0.));
#1782 = DIRECTION('',(0.,-0.,1.));
#1783 = PCURVE('',#443,#1784);
#1784 = DEFINITIONAL_REPRESENTATION('',(#1785),#1789);
#1785 = LINE('',#1786,#1787);
#1786 = CARTESIAN_POINT('',(0.,3.14159265359));
#1787 = VECTOR('',#1788,1.);
#1788 = DIRECTION('',(1.,0.));
#1789 = ( GEOMETRIC_REPRESENTATION_CONTEXT(2) 
PARAMETRIC_REPRESENTATION_CONTEXT() REPRESENTATION_CONTEXT('2D SPACE',''
  ) );
#1790 = PCURVE('',#1791,#1796);
#1791 = CYLINDRICAL_SURFACE('',#1792,14.);
#1792 = AXIS2_PLACEMENT_3D('',#1793,#1794,#1795);
#1793 = CARTESIAN_POINT('',(-140.,-6.,63.5));
#1794 = DIRECTION('',(0.,1.,0.));
#1795 = DIRECTION('',(0.,-0.,1.));
#1796 = DEFINITIONAL_REPRESENTATION('',(#1797),#1801);
#1797 = LINE('',#1798,#1799);
#1798 = CARTESIAN_POINT('',(0.,5.));
#1799 = VECTOR('',#1800,1.);
#1800 = DIRECTION('',(1.,0.));
#1801 = ( GEOMETRIC_REPRESENTATION_CONTEXT(2) 
PARAMETRIC_REPRESENTATION_CONTEXT() REPRESENTATION_CONTEXT('2D SPACE',''
  ) );
#1802 = ADVANCED_FACE('',(#1803),#474,.F.);
#1803 = FACE_BOUND('',#1804,.F.);
#1804 = EDGE_LOOP('',(#1805,#1827,#1828,#1829));
#1805 = ORIENTED_EDGE('',*,*,#1806,.F.);
#1806 = EDGE_CURVE('',#458,#1807,#1809,.T.);
#1807 = VERTEX_POINT('',#1808);
#1808 = CARTESIAN_POINT('',(-100.,-1.,77.5));
#1809 = SEAM_CURVE('',#1810,(#1815,#1821),.PCURVE_S1.);
#1810 = CIRCLE('',#1811,1.);
#1811 = AXIS2_PLACEMENT_3D('',#1812,#1813,#1814);
#1812 = CARTESIAN_POINT('',(-100.,-1.,78.5));
#1813 = DIRECTION('',(-1.,0.,0.));
#1814 = DIRECTION('',(0.,0.,1.));
#1815 = PCURVE('',#474,#1816);
#1816 = DEFINITIONAL_REPRESENTATION('',(#1817),#1820);
#1817 = B_SPLINE_CURVE_WITH_KNOTS('',1,(#1818,#1819),.UNSPECIFIED.,.F.,
  .F.,(2,2),(1.570796326795,3.14159265359),.PIECEWISE_BEZIER_KNOTS.);
#1818 = CARTESIAN_POINT('',(0.,1.570796326795));
#1819 = CARTESIAN_POINT('',(0.,3.14159265359));
#1820 = ( GEOMETRIC_REPRESENTATION_CONTEXT(2) 
PARAMETRIC_REPRESENTATION_CONTEXT() REPRESENTATION_CONTEXT('2D SPACE',''
  ) );
#1821 = PCURVE('',#474,#1822);
#1822 = DEFINITIONAL_REPRESENTATION('',(#1823),#1826);
#1823 = B_SPLINE_CURVE_WITH_KNOTS('',1,(#1824,#1825),.UNSPECIFIED.,.F.,
  .F.,(2,2),(1.570796326795,3.14159265359),.PIECEWISE_BEZIER_KNOTS.);
#1824 = CARTESIAN_POINT('',(6.28318530718,1.570796326795));
#1825 = CARTESIAN_POINT('',(6.28318530718,3.14159265359));
#1826 = ( GEOMETRIC_REPRESENTATION_CONTEXT(2) 
PARAMETRIC_REPRESENTATION_CONTEXT() REPRESENTATION_CONTEXT('2D SPACE',''
  ) );
#1827 = ORIENTED_EDGE('',*,*,#457,.T.);
#1828 = ORIENTED_EDGE('',*,*,#1806,.T.);
#1829 = ORIENTED_EDGE('',*,*,#1830,.F.);
#1830 = EDGE_CURVE('',#1807,#1807,#1831,.T.);
#1831 = SURFACE_CURVE('',#1832,(#1837,#1844),.PCURVE_S1.);
#1832 = CIRCLE('',#1833,14.);
#1833 = AXIS2_PLACEMENT_3D('',#1834,#1835,#1836);
#1834 = CARTESIAN_POINT('',(-100.,-1.,63.5));
#1835 = DIRECTION('',(0.,1.,0.));
#1836 = DIRECTION('',(0.,-0.,1.));
#1837 = PCURVE('',#474,#1838);
#1838 = DEFINITIONAL_REPRESENTATION('',(#1839),#1843);
#1839 = LINE('',#1840,#1841);
#1840 = CARTESIAN_POINT('',(0.,3.14159265359));
#1841 = VECTOR('',#1842,1.);
#1842 = DIRECTION('',(1.,0.));
#1843 = ( GEOMETRIC_REPRESENTATION_CONTEXT(2) 
PARAMETRIC_REPRESENTATION_CONTEXT() REPRESENTATION_CONTEXT('2D SPACE',''
  ) );
#1844 = PCURVE('',#1845,#1850);
#1845 = CYLINDRICAL_SURFACE('',#1846,14.);
#1846 = AXIS2_PLACEMENT_3D('',#1847,#1848,#1849);
#1847 = CARTESIAN_POINT('',(-100.,-6.,63.5));
#1848 = DIRECTION('',(0.,1.,0.));
#1849 = DIRECTION('',(0.,-0.,1.));
#1850 = DEFINITIONAL_REPRESENTATION('',(#1851),#1855);
#1851 = LINE('',#1852,#1853);
#1852 = CARTESIAN_POINT('',(0.,5.));
#1853 = VECTOR('',#1854,1.);
#1854 = DIRECTION('',(1.,0.));
#1855 = ( GEOMETRIC_REPRESENTATION_CONTEXT(2) 
PARAMETRIC_REPRESENTATION_CONTEXT() REPRESENTATION_CONTEXT('2D SPACE',''
  ) );
#1856 = ADVANCED_FACE('',(#1857),#505,.F.);
#1857 = FACE_BOUND('',#1858,.F.);
#1858 = EDGE_LOOP('',(#1859,#1881,#1882,#1883));
#1859 = ORIENTED_EDGE('',*,*,#1860,.F.);
#1860 = EDGE_CURVE('',#489,#1861,#1863,.T.);
#1861 = VERTEX_POINT('',#1862);
#1862 = CARTESIAN_POINT('',(-60.,-1.,77.5));
#1863 = SEAM_CURVE('',#1864,(#1869,#1875),.PCURVE_S1.);
#1864 = CIRCLE('',#1865,1.);
#1865 = AXIS2_PLACEMENT_3D('',#1866,#1867,#1868);
#1866 = CARTESIAN_POINT('',(-60.,-1.,78.5));
#1867 = DIRECTION('',(-1.,0.,0.));
#1868 = DIRECTION('',(0.,0.,1.));
#1869 = PCURVE('',#505,#1870);
#1870 = DEFINITIONAL_REPRESENTATION('',(#1871),#1874);
#1871 = B_SPLINE_CURVE_WITH_KNOTS('',1,(#1872,#1873),.UNSPECIFIED.,.F.,
  .F.,(2,2),(1.570796326795,3.14159265359),.PIECEWISE_BEZIER_KNOTS.);
#1872 = CARTESIAN_POINT('',(0.,1.570796326795));
#1873 = CARTESIAN_POINT('',(0.,3.14159265359));
#1874 = ( GEOMETRIC_REPRESENTATION_CONTEXT(2) 
PARAMETRIC_REPRESENTATION_CONTEXT() REPRESENTATION_CONTEXT('2D SPACE',''
  ) );
#1875 = PCURVE('',#505,#1876);
#1876 = DEFINITIONAL_REPRESENTATION('',(#1877),#1880);
#1877 = B_SPLINE_CURVE_WITH_KNOTS('',1,(#1878,#1879),.UNSPECIFIED.,.F.,
  .F.,(2,2),(1.570796326795,3.14159265359),.PIECEWISE_BEZIER_KNOTS.);
#1878 = CARTESIAN_POINT('',(6.28318530718,1.570796326795));
#1879 = CARTESIAN_POINT('',(6.28318530718,3.14159265359));
#1880 = ( GEOMETRIC_REPRESENTATION_CONTEXT(2) 
PARAMETRIC_REPRESENTATION_CONTEXT() REPRESENTATION_CONTEXT('2D SPACE',''
  ) );
#1881 = ORIENTED_EDGE('',*,*,#488,.T.);
#1882 = ORIENTED_EDGE('',*,*,#1860,.T.);
#1883 = ORIENTED_EDGE('',*,*,#1884,.F.);
#1884 = EDGE_CURVE('',#1861,#1861,#1885,.T.);
#1885 = SURFACE_CURVE('',#1886,(#1891,#1898),.PCURVE_S1.);
#1886 = CIRCLE('',#1887,14.);
#1887 = AXIS2_PLACEMENT_3D('',#1888,#1889,#1890);
#1888 = CARTESIAN_POINT('',(-60.,-1.,63.5));
#1889 = DIRECTION('',(0.,1.,0.));
#1890 = DIRECTION('',(0.,-0.,1.));
#1891 = PCURVE('',#505,#1892);
#1892 = DEFINITIONAL_REPRESENTATION('',(#1893),#1897);
#1893 = LINE('',#1894,#1895);
#1894 = CARTESIAN_POINT('',(0.,3.14159265359));
#1895 = VECTOR('',#1896,1.);
#1896 = DIRECTION('',(1.,0.));
#1897 = ( GEOMETRIC_REPRESENTATION_CONTEXT(2) 
PARAMETRIC_REPRESENTATION_CONTEXT() REPRESENTATION_CONTEXT('2D SPACE',''
  ) );
#1898 = PCURVE('',#1899,#1904);
#1899 = CYLINDRICAL_SURFACE('',#1900,14.);
#1900 = AXIS2_PLACEMENT_3D('',#1901,#1902,#1903);
#1901 = CARTESIAN_POINT('',(-60.,-6.,63.5));
#1902 = DIRECTION('',(0.,1.,0.));
#1903 = DIRECTION('',(0.,-0.,1.));
#1904 = DEFINITIONAL_REPRESENTATION('',(#1905),#1909);
#1905 = LINE('',#1906,#1907);
#1906 = CARTESIAN_POINT('',(0.,5.));
#1907 = VECTOR('',#1908,1.);
#1908 = DIRECTION('',(1.,0.));
#1909 = ( GEOMETRIC_REPRESENTATION_CONTEXT(2) 
PARAMETRIC_REPRESENTATION_CONTEXT() REPRESENTATION_CONTEXT('2D SPACE',''
  ) );
#1910 = ADVANCED_FACE('',(#1911),#536,.F.);
#1911 = FACE_BOUND('',#1912,.F.);
#1912 = EDGE_LOOP('',(#1913,#1935,#1936,#1937));
#1913 = ORIENTED_EDGE('',*,*,#1914,.F.);
#1914 = EDGE_CURVE('',#520,#1915,#1917,.T.);
#1915 = VERTEX_POINT('',#1916);
#1916 = CARTESIAN_POINT('',(-20.,-1.,77.5));
#1917 = SEAM_CURVE('',#1918,(#1923,#1929),.PCURVE_S1.);
#1918 = CIRCLE('',#1919,1.);
#1919 = AXIS2_PLACEMENT_3D('',#1920,#1921,#1922);
#1920 = CARTESIAN_POINT('',(-20.,-1.,78.5));
#1921 = DIRECTION('',(-1.,0.,0.));
#1922 = DIRECTION('',(0.,0.,1.));
#1923 = PCURVE('',#536,#1924);
#1924 = DEFINITIONAL_REPRESENTATION('',(#1925),#1928);
#1925 = B_SPLINE_CURVE_WITH_KNOTS('',1,(#1926,#1927),.UNSPECIFIED.,.F.,
  .F.,(2,2),(1.570796326795,3.14159265359),.PIECEWISE_BEZIER_KNOTS.);
#1926 = CARTESIAN_POINT('',(0.,1.570796326795));
#1927 = CARTESIAN_POINT('',(0.,3.14159265359));
#1928 = ( GEOMETRIC_REPRESENTATION_CONTEXT(2) 
PARAMETRIC_REPRESENTATION_CONTEXT() REPRESENTATION_CONTEXT('2D SPACE',''
  ) );
#1929 = PCURVE('',#536,#1930);
#1930 = DEFINITIONAL_REPRESENTATION('',(#1931),#1934);
#1931 = B_SPLINE_CURVE_WITH_KNOTS('',1,(#1932,#1933),.UNSPECIFIED.,.F.,
  .F.,(2,2),(1.570796326795,3.14159265359),.PIECEWISE_BEZIER_KNOTS.);
#1932 = CARTESIAN_POINT('',(6.28318530718,1.570796326795));
#1933 = CARTESIAN_POINT('',(6.28318530718,3.14159265359));
#1934 = ( GEOMETRIC_REPRESENTATION_CONTEXT(2) 
PARAMETRIC_REPRESENTATION_CONTEXT() REPRESENTATION_CONTEXT('2D SPACE',''
  ) );
#1935 = ORIENTED_EDGE('',*,*,#519,.T.);
#1936 = ORIENTED_EDGE('',*,*,#1914,.T.);
#1937 = ORIENTED_EDGE('',*,*,#1938,.F.);
#1938 = EDGE_CURVE('',#1915,#1915,#1939,.T.);
#1939 = SURFACE_CURVE('',#1940,(#1945,#1952),.PCURVE_S1.);
#1940 = CIRCLE('',#1941,14.);
#1941 = AXIS2_PLACEMENT_3D('',#1942,#1943,#1944);
#1942 = CARTESIAN_POINT('',(-20.,-1.,63.5));
#1943 = DIRECTION('',(0.,1.,0.));
#1944 = DIRECTION('',(0.,-0.,1.));
#1945 = PCURVE('',#536,#1946);
#1946 = DEFINITIONAL_REPRESENTATION('',(#1947),#1951);
#1947 = LINE('',#1948,#1949);
#1948 = CARTESIAN_POINT('',(0.,3.14159265359));
#1949 = VECTOR('',#1950,1.);
#1950 = DIRECTION('',(1.,0.));
#1951 = ( GEOMETRIC_REPRESENTATION_CONTEXT(2) 
PARAMETRIC_REPRESENTATION_CONTEXT() REPRESENTATION_CONTEXT('2D SPACE',''
  ) );
#1952 = PCURVE('',#1953,#1958);
#1953 = CYLINDRICAL_SURFACE('',#1954,14.);
#1954 = AXIS2_PLACEMENT_3D('',#1955,#1956,#1957);
#1955 = CARTESIAN_POINT('',(-20.,-6.,63.5));
#1956 = DIRECTION('',(0.,1.,0.));
#1957 = DIRECTION('',(0.,-0.,1.));
#1958 = DEFINITIONAL_REPRESENTATION('',(#1959),#1963);
#1959 = LINE('',#1960,#1961);
#1960 = CARTESIAN_POINT('',(0.,5.));
#1961 = VECTOR('',#1962,1.);
#1962 = DIRECTION('',(1.,0.));
#1963 = ( GEOMETRIC_REPRESENTATION_CONTEXT(2) 
PARAMETRIC_REPRESENTATION_CONTEXT() REPRESENTATION_CONTEXT('2D SPACE',''
  ) );
#1964 = ADVANCED_FACE('',(#1965),#567,.F.);
#1965 = FACE_BOUND('',#1966,.F.);
#1966 = EDGE_LOOP('',(#1967,#1996,#2017,#2018));
#1967 = ORIENTED_EDGE('',*,*,#1968,.F.);
#1968 = EDGE_CURVE('',#1969,#1969,#1971,.T.);
#1969 = VERTEX_POINT('',#1970);
#1970 = CARTESIAN_POINT('',(-4.041334437186E-16,14.,8.65));
#1971 = SURFACE_CURVE('',#1972,(#1977,#1984),.PCURVE_S1.);
#1972 = CIRCLE('',#1973,1.65);
#1973 = AXIS2_PLACEMENT_3D('',#1974,#1975,#1976);
#1974 = CARTESIAN_POINT('',(0.,14.,7.));
#1975 = DIRECTION('',(0.,1.,0.));
#1976 = DIRECTION('',(0.,-0.,1.));
#1977 = PCURVE('',#567,#1978);
#1978 = DEFINITIONAL_REPRESENTATION('',(#1979),#1983);
#1979 = LINE('',#1980,#1981);
#1980 = CARTESIAN_POINT('',(0.,14.));
#1981 = VECTOR('',#1982,1.);
#1982 = DIRECTION('',(1.,0.));
#1983 = ( GEOMETRIC_REPRESENTATION_CONTEXT(2) 
PARAMETRIC_REPRESENTATION_CONTEXT() REPRESENTATION_CONTEXT('2D SPACE',''
  ) );
#1984 = PCURVE('',#1985,#1990);
#1985 = PLANE('',#1986);
#1986 = AXIS2_PLACEMENT_3D('',#1987,#1988,#1989);
#1987 = CARTESIAN_POINT('',(0.,14.,7.));
#1988 = DIRECTION('',(0.,1.,0.));
#1989 = DIRECTION('',(0.,-0.,1.));
#1990 = DEFINITIONAL_REPRESENTATION('',(#1991),#1995);
#1991 = CIRCLE('',#1992,1.65);
#1992 = AXIS2_PLACEMENT_2D('',#1993,#1994);
#1993 = CARTESIAN_POINT('',(0.,0.));
#1994 = DIRECTION('',(1.,0.));
#1995 = ( GEOMETRIC_REPRESENTATION_CONTEXT(2) 
PARAMETRIC_REPRESENTATION_CONTEXT() REPRESENTATION_CONTEXT('2D SPACE',''
  ) );
#1996 = ORIENTED_EDGE('',*,*,#1997,.F.);
#1997 = EDGE_CURVE('',#551,#1969,#1998,.T.);
#1998 = SEAM_CURVE('',#1999,(#2003,#2010),.PCURVE_S1.);
#1999 = LINE('',#2000,#2001);
#2000 = CARTESIAN_POINT('',(-4.041334437186E-16,0.,8.65));
#2001 = VECTOR('',#2002,1.);
#2002 = DIRECTION('',(0.,1.,0.));
#2003 = PCURVE('',#567,#2004);
#2004 = DEFINITIONAL_REPRESENTATION('',(#2005),#2009);
#2005 = LINE('',#2006,#2007);
#2006 = CARTESIAN_POINT('',(6.28318530718,-0.));
#2007 = VECTOR('',#2008,1.);
#2008 = DIRECTION('',(0.,1.));
#2009 = ( GEOMETRIC_REPRESENTATION_CONTEXT(2) 
PARAMETRIC_REPRESENTATION_CONTEXT() REPRESENTATION_CONTEXT('2D SPACE',''
  ) );
#2010 = PCURVE('',#567,#2011);
#2011 = DEFINITIONAL_REPRESENTATION('',(#2012),#2016);
#2012 = LINE('',#2013,#2014);
#2013 = CARTESIAN_POINT('',(0.,-0.));
#2014 = VECTOR('',#2015,1.);
#2015 = DIRECTION('',(0.,1.));
#2016 = ( GEOMETRIC_REPRESENTATION_CONTEXT(2) 
PARAMETRIC_REPRESENTATION_CONTEXT() REPRESENTATION_CONTEXT('2D SPACE',''
  ) );
#2017 = ORIENTED_EDGE('',*,*,#550,.T.);
#2018 = ORIENTED_EDGE('',*,*,#1997,.T.);
#2019 = ADVANCED_FACE('',(#2020),#598,.F.);
#2020 = FACE_BOUND('',#2021,.F.);
#2021 = EDGE_LOOP('',(#2022,#2044,#2045,#2046));
#2022 = ORIENTED_EDGE('',*,*,#2023,.F.);
#2023 = EDGE_CURVE('',#582,#2024,#2026,.T.);
#2024 = VERTEX_POINT('',#2025);
#2025 = CARTESIAN_POINT('',(20.,-1.,37.5));
#2026 = SEAM_CURVE('',#2027,(#2032,#2038),.PCURVE_S1.);
#2027 = CIRCLE('',#2028,1.);
#2028 = AXIS2_PLACEMENT_3D('',#2029,#2030,#2031);
#2029 = CARTESIAN_POINT('',(20.,-1.,38.5));
#2030 = DIRECTION('',(-1.,0.,0.));
#2031 = DIRECTION('',(0.,0.,1.));
#2032 = PCURVE('',#598,#2033);
#2033 = DEFINITIONAL_REPRESENTATION('',(#2034),#2037);
#2034 = B_SPLINE_CURVE_WITH_KNOTS('',1,(#2035,#2036),.UNSPECIFIED.,.F.,
  .F.,(2,2),(1.570796326795,3.14159265359),.PIECEWISE_BEZIER_KNOTS.);
#2035 = CARTESIAN_POINT('',(0.,1.570796326795));
#2036 = CARTESIAN_POINT('',(0.,3.14159265359));
#2037 = ( GEOMETRIC_REPRESENTATION_CONTEXT(2) 
PARAMETRIC_REPRESENTATION_CONTEXT() REPRESENTATION_CONTEXT('2D SPACE',''
  ) );
#2038 = PCURVE('',#598,#2039);
#2039 = DEFINITIONAL_REPRESENTATION('',(#2040),#2043);
#2040 = B_SPLINE_CURVE_WITH_KNOTS('',1,(#2041,#2042),.UNSPECIFIED.,.F.,
  .F.,(2,2),(1.570796326795,3.14159265359),.PIECEWISE_BEZIER_KNOTS.);
#2041 = CARTESIAN_POINT('',(6.28318530718,1.570796326795));
#2042 = CARTESIAN_POINT('',(6.28318530718,3.14159265359));
#2043 = ( GEOMETRIC_REPRESENTATION_CONTEXT(2) 
PARAMETRIC_REPRESENTATION_CONTEXT() REPRESENTATION_CONTEXT('2D SPACE',''
  ) );
#2044 = ORIENTED_EDGE('',*,*,#581,.T.);
#2045 = ORIENTED_EDGE('',*,*,#2023,.T.);
#2046 = ORIENTED_EDGE('',*,*,#2047,.F.);
#2047 = EDGE_CURVE('',#2024,#2024,#2048,.T.);
#2048 = SURFACE_CURVE('',#2049,(#2054,#2061),.PCURVE_S1.);
#2049 = CIRCLE('',#2050,14.);
#2050 = AXIS2_PLACEMENT_3D('',#2051,#2052,#2053);
#2051 = CARTESIAN_POINT('',(20.,-1.,23.5));
#2052 = DIRECTION('',(0.,1.,0.));
#2053 = DIRECTION('',(0.,-0.,1.));
#2054 = PCURVE('',#598,#2055);
#2055 = DEFINITIONAL_REPRESENTATION('',(#2056),#2060);
#2056 = LINE('',#2057,#2058);
#2057 = CARTESIAN_POINT('',(0.,3.14159265359));
#2058 = VECTOR('',#2059,1.);
#2059 = DIRECTION('',(1.,0.));
#2060 = ( GEOMETRIC_REPRESENTATION_CONTEXT(2) 
PARAMETRIC_REPRESENTATION_CONTEXT() REPRESENTATION_CONTEXT('2D SPACE',''
  ) );
#2061 = PCURVE('',#2062,#2067);
#2062 = CYLINDRICAL_SURFACE('',#2063,14.);
#2063 = AXIS2_PLACEMENT_3D('',#2064,#2065,#2066);
#2064 = CARTESIAN_POINT('',(20.,-6.,23.5));
#2065 = DIRECTION('',(0.,1.,0.));
#2066 = DIRECTION('',(0.,-0.,1.));
#2067 = DEFINITIONAL_REPRESENTATION('',(#2068),#2072);
#2068 = LINE('',#2069,#2070);
#2069 = CARTESIAN_POINT('',(0.,5.));
#2070 = VECTOR('',#2071,1.);
#2071 = DIRECTION('',(1.,0.));
#2072 = ( GEOMETRIC_REPRESENTATION_CONTEXT(2) 
PARAMETRIC_REPRESENTATION_CONTEXT() REPRESENTATION_CONTEXT('2D SPACE',''
  ) );
#2073 = ADVANCED_FACE('',(#2074),#629,.F.);
#2074 = FACE_BOUND('',#2075,.F.);
#2075 = EDGE_LOOP('',(#2076,#2098,#2099,#2100));
#2076 = ORIENTED_EDGE('',*,*,#2077,.F.);
#2077 = EDGE_CURVE('',#613,#2078,#2080,.T.);
#2078 = VERTEX_POINT('',#2079);
#2079 = CARTESIAN_POINT('',(60.,-1.,37.5));
#2080 = SEAM_CURVE('',#2081,(#2086,#2092),.PCURVE_S1.);
#2081 = CIRCLE('',#2082,1.);
#2082 = AXIS2_PLACEMENT_3D('',#2083,#2084,#2085);
#2083 = CARTESIAN_POINT('',(60.,-1.,38.5));
#2084 = DIRECTION('',(-1.,0.,0.));
#2085 = DIRECTION('',(0.,0.,1.));
#2086 = PCURVE('',#629,#2087);
#2087 = DEFINITIONAL_REPRESENTATION('',(#2088),#2091);
#2088 = B_SPLINE_CURVE_WITH_KNOTS('',1,(#2089,#2090),.UNSPECIFIED.,.F.,
  .F.,(2,2),(1.570796326795,3.14159265359),.PIECEWISE_BEZIER_KNOTS.);
#2089 = CARTESIAN_POINT('',(0.,1.570796326795));
#2090 = CARTESIAN_POINT('',(0.,3.14159265359));
#2091 = ( GEOMETRIC_REPRESENTATION_CONTEXT(2) 
PARAMETRIC_REPRESENTATION_CONTEXT() REPRESENTATION_CONTEXT('2D SPACE',''
  ) );
#2092 = PCURVE('',#629,#2093);
#2093 = DEFINITIONAL_REPRESENTATION('',(#2094),#2097);
#2094 = B_SPLINE_CURVE_WITH_KNOTS('',1,(#2095,#2096),.UNSPECIFIED.,.F.,
  .F.,(2,2),(1.570796326795,3.14159265359),.PIECEWISE_BEZIER_KNOTS.);
#2095 = CARTESIAN_POINT('',(6.28318530718,1.570796326795));
#2096 = CARTESIAN_POINT('',(6.28318530718,3.14159265359));
#2097 = ( GEOMETRIC_REPRESENTATION_CONTEXT(2) 
PARAMETRIC_REPRESENTATION_CONTEXT() REPRESENTATION_CONTEXT('2D SPACE',''
  ) );
#2098 = ORIENTED_EDGE('',*,*,#612,.T.);
#2099 = ORIENTED_EDGE('',*,*,#2077,.T.);
#2100 = ORIENTED_EDGE('',*,*,#2101,.F.);
#2101 = EDGE_CURVE('',#2078,#2078,#2102,.T.);
#2102 = SURFACE_CURVE('',#2103,(#2108,#2115),.PCURVE_S1.);
#2103 = CIRCLE('',#2104,14.);
#2104 = AXIS2_PLACEMENT_3D('',#2105,#2106,#2107);
#2105 = CARTESIAN_POINT('',(60.,-1.,23.5));
#2106 = DIRECTION('',(0.,1.,0.));
#2107 = DIRECTION('',(0.,-0.,1.));
#2108 = PCURVE('',#629,#2109);
#2109 = DEFINITIONAL_REPRESENTATION('',(#2110),#2114);
#2110 = LINE('',#2111,#2112);
#2111 = CARTESIAN_POINT('',(0.,3.14159265359));
#2112 = VECTOR('',#2113,1.);
#2113 = DIRECTION('',(1.,0.));
#2114 = ( GEOMETRIC_REPRESENTATION_CONTEXT(2) 
PARAMETRIC_REPRESENTATION_CONTEXT() REPRESENTATION_CONTEXT('2D SPACE',''
  ) );
#2115 = PCURVE('',#2116,#2121);
#2116 = CYLINDRICAL_SURFACE('',#2117,14.);
#2117 = AXIS2_PLACEMENT_3D('',#2118,#2119,#2120);
#2118 = CARTESIAN_POINT('',(60.,-6.,23.5));
#2119 = DIRECTION('',(0.,1.,0.));
#2120 = DIRECTION('',(0.,-0.,1.));
#2121 = DEFINITIONAL_REPRESENTATION('',(#2122),#2126);
#2122 = LINE('',#2123,#2124);
#2123 = CARTESIAN_POINT('',(0.,5.));
#2124 = VECTOR('',#2125,1.);
#2125 = DIRECTION('',(1.,0.));
#2126 = ( GEOMETRIC_REPRESENTATION_CONTEXT(2) 
PARAMETRIC_REPRESENTATION_CONTEXT() REPRESENTATION_CONTEXT('2D SPACE',''
  ) );
#2127 = ADVANCED_FACE('',(#2128),#660,.F.);
#2128 = FACE_BOUND('',#2129,.F.);
#2129 = EDGE_LOOP('',(#2130,#2152,#2153,#2154));
#2130 = ORIENTED_EDGE('',*,*,#2131,.F.);
#2131 = EDGE_CURVE('',#644,#2132,#2134,.T.);
#2132 = VERTEX_POINT('',#2133);
#2133 = CARTESIAN_POINT('',(100.,-1.,37.5));
#2134 = SEAM_CURVE('',#2135,(#2140,#2146),.PCURVE_S1.);
#2135 = CIRCLE('',#2136,1.);
#2136 = AXIS2_PLACEMENT_3D('',#2137,#2138,#2139);
#2137 = CARTESIAN_POINT('',(100.,-1.,38.5));
#2138 = DIRECTION('',(-1.,0.,0.));
#2139 = DIRECTION('',(0.,0.,1.));
#2140 = PCURVE('',#660,#2141);
#2141 = DEFINITIONAL_REPRESENTATION('',(#2142),#2145);
#2142 = B_SPLINE_CURVE_WITH_KNOTS('',1,(#2143,#2144),.UNSPECIFIED.,.F.,
  .F.,(2,2),(1.570796326795,3.14159265359),.PIECEWISE_BEZIER_KNOTS.);
#2143 = CARTESIAN_POINT('',(0.,1.570796326795));
#2144 = CARTESIAN_POINT('',(0.,3.14159265359));
#2145 = ( GEOMETRIC_REPRESENTATION_CONTEXT(2) 
PARAMETRIC_REPRESENTATION_CONTEXT() REPRESENTATION_CONTEXT('2D SPACE',''
  ) );
#2146 = PCURVE('',#660,#2147);
#2147 = DEFINITIONAL_REPRESENTATION('',(#2148),#2151);
#2148 = B_SPLINE_CURVE_WITH_KNOTS('',1,(#2149,#2150),.UNSPECIFIED.,.F.,
  .F.,(2,2),(1.570796326795,3.14159265359),.PIECEWISE_BEZIER_KNOTS.);
#2149 = CARTESIAN_POINT('',(6.28318530718,1.570796326795));
#2150 = CARTESIAN_POINT('',(6.28318530718,3.14159265359));
#2151 = ( GEOMETRIC_REPRESENTATION_CONTEXT(2) 
PARAMETRIC_REPRESENTATION_CONTEXT() REPRESENTATION_CONTEXT('2D SPACE',''
  ) );
#2152 = ORIENTED_EDGE('',*,*,#643,.T.);
#2153 = ORIENTED_EDGE('',*,*,#2131,.T.);
#2154 = ORIENTED_EDGE('',*,*,#2155,.F.);
#2155 = EDGE_CURVE('',#2132,#2132,#2156,.T.);
#2156 = SURFACE_CURVE('',#2157,(#2162,#2169),.PCURVE_S1.);
#2157 = CIRCLE('',#2158,14.);
#2158 = AXIS2_PLACEMENT_3D('',#2159,#2160,#2161);
#2159 = CARTESIAN_POINT('',(100.,-1.,23.5));
#2160 = DIRECTION('',(0.,1.,0.));
#2161 = DIRECTION('',(0.,-0.,1.));
#2162 = PCURVE('',#660,#2163);
#2163 = DEFINITIONAL_REPRESENTATION('',(#2164),#2168);
#2164 = LINE('',#2165,#2166);
#2165 = CARTESIAN_POINT('',(0.,3.14159265359));
#2166 = VECTOR('',#2167,1.);
#2167 = DIRECTION('',(1.,0.));
#2168 = ( GEOMETRIC_REPRESENTATION_CONTEXT(2) 
PARAMETRIC_REPRESENTATION_CONTEXT() REPRESENTATION_CONTEXT('2D SPACE',''
  ) );
#2169 = PCURVE('',#2170,#2175);
#2170 = CYLINDRICAL_SURFACE('',#2171,14.);
#2171 = AXIS2_PLACEMENT_3D('',#2172,#2173,#2174);
#2172 = CARTESIAN_POINT('',(100.,-6.,23.5));
#2173 = DIRECTION('',(0.,1.,0.));
#2174 = DIRECTION('',(0.,-0.,1.));
#2175 = DEFINITIONAL_REPRESENTATION('',(#2176),#2180);
#2176 = LINE('',#2177,#2178);
#2177 = CARTESIAN_POINT('',(0.,5.));
#2178 = VECTOR('',#2179,1.);
#2179 = DIRECTION('',(1.,0.));
#2180 = ( GEOMETRIC_REPRESENTATION_CONTEXT(2) 
PARAMETRIC_REPRESENTATION_CONTEXT() REPRESENTATION_CONTEXT('2D SPACE',''
  ) );
#2181 = ADVANCED_FACE('',(#2182),#691,.F.);
#2182 = FACE_BOUND('',#2183,.F.);
#2183 = EDGE_LOOP('',(#2184,#2206,#2207,#2208));
#2184 = ORIENTED_EDGE('',*,*,#2185,.F.);
#2185 = EDGE_CURVE('',#675,#2186,#2188,.T.);
#2186 = VERTEX_POINT('',#2187);
#2187 = CARTESIAN_POINT('',(140.,-1.,37.5));
#2188 = SEAM_CURVE('',#2189,(#2194,#2200),.PCURVE_S1.);
#2189 = CIRCLE('',#2190,1.);
#2190 = AXIS2_PLACEMENT_3D('',#2191,#2192,#2193);
#2191 = CARTESIAN_POINT('',(140.,-1.,38.5));
#2192 = DIRECTION('',(-1.,0.,0.));
#2193 = DIRECTION('',(0.,0.,1.));
#2194 = PCURVE('',#691,#2195);
#2195 = DEFINITIONAL_REPRESENTATION('',(#2196),#2199);
#2196 = B_SPLINE_CURVE_WITH_KNOTS('',1,(#2197,#2198),.UNSPECIFIED.,.F.,
  .F.,(2,2),(1.570796326795,3.14159265359),.PIECEWISE_BEZIER_KNOTS.);
#2197 = CARTESIAN_POINT('',(0.,1.570796326795));
#2198 = CARTESIAN_POINT('',(0.,3.14159265359));
#2199 = ( GEOMETRIC_REPRESENTATION_CONTEXT(2) 
PARAMETRIC_REPRESENTATION_CONTEXT() REPRESENTATION_CONTEXT('2D SPACE',''
  ) );
#2200 = PCURVE('',#691,#2201);
#2201 = DEFINITIONAL_REPRESENTATION('',(#2202),#2205);
#2202 = B_SPLINE_CURVE_WITH_KNOTS('',1,(#2203,#2204),.UNSPECIFIED.,.F.,
  .F.,(2,2),(1.570796326795,3.14159265359),.PIECEWISE_BEZIER_KNOTS.);
#2203 = CARTESIAN_POINT('',(6.28318530718,1.570796326795));
#2204 = CARTESIAN_POINT('',(6.28318530718,3.14159265359));
#2205 = ( GEOMETRIC_REPRESENTATION_CONTEXT(2) 
PARAMETRIC_REPRESENTATION_CONTEXT() REPRESENTATION_CONTEXT('2D SPACE',''
  ) );
#2206 = ORIENTED_EDGE('',*,*,#674,.T.);
#2207 = ORIENTED_EDGE('',*,*,#2185,.T.);
#2208 = ORIENTED_EDGE('',*,*,#2209,.F.);
#2209 = EDGE_CURVE('',#2186,#2186,#2210,.T.);
#2210 = SURFACE_CURVE('',#2211,(#2216,#2223),.PCURVE_S1.);
#2211 = CIRCLE('',#2212,14.);
#2212 = AXIS2_PLACEMENT_3D('',#2213,#2214,#2215);
#2213 = CARTESIAN_POINT('',(140.,-1.,23.5));
#2214 = DIRECTION('',(0.,1.,0.));
#2215 = DIRECTION('',(0.,-0.,1.));
#2216 = PCURVE('',#691,#2217);
#2217 = DEFINITIONAL_REPRESENTATION('',(#2218),#2222);
#2218 = LINE('',#2219,#2220);
#2219 = CARTESIAN_POINT('',(0.,3.14159265359));
#2220 = VECTOR('',#2221,1.);
#2221 = DIRECTION('',(1.,0.));
#2222 = ( GEOMETRIC_REPRESENTATION_CONTEXT(2) 
PARAMETRIC_REPRESENTATION_CONTEXT() REPRESENTATION_CONTEXT('2D SPACE',''
  ) );
#2223 = PCURVE('',#2224,#2229);
#2224 = CYLINDRICAL_SURFACE('',#2225,14.);
#2225 = AXIS2_PLACEMENT_3D('',#2226,#2227,#2228);
#2226 = CARTESIAN_POINT('',(140.,-6.,23.5));
#2227 = DIRECTION('',(0.,1.,0.));
#2228 = DIRECTION('',(0.,-0.,1.));
#2229 = DEFINITIONAL_REPRESENTATION('',(#2230),#2234);
#2230 = LINE('',#2231,#2232);
#2231 = CARTESIAN_POINT('',(0.,5.));
#2232 = VECTOR('',#2233,1.);
#2233 = DIRECTION('',(1.,0.));
#2234 = ( GEOMETRIC_REPRESENTATION_CONTEXT(2) 
PARAMETRIC_REPRESENTATION_CONTEXT() REPRESENTATION_CONTEXT('2D SPACE',''
  ) );
#2235 = ADVANCED_FACE('',(#2236),#722,.F.);
#2236 = FACE_BOUND('',#2237,.F.);
#2237 = EDGE_LOOP('',(#2238,#2267,#2288,#2289));
#2238 = ORIENTED_EDGE('',*,*,#2239,.F.);
#2239 = EDGE_CURVE('',#2240,#2240,#2242,.T.);
#2240 = VERTEX_POINT('',#2241);
#2241 = CARTESIAN_POINT('',(160.,14.,8.65));
#2242 = SURFACE_CURVE('',#2243,(#2248,#2255),.PCURVE_S1.);
#2243 = CIRCLE('',#2244,1.65);
#2244 = AXIS2_PLACEMENT_3D('',#2245,#2246,#2247);
#2245 = CARTESIAN_POINT('',(160.,14.,7.));
#2246 = DIRECTION('',(0.,1.,0.));
#2247 = DIRECTION('',(0.,-0.,1.));
#2248 = PCURVE('',#722,#2249);
#2249 = DEFINITIONAL_REPRESENTATION('',(#2250),#2254);
#2250 = LINE('',#2251,#2252);
#2251 = CARTESIAN_POINT('',(0.,14.));
#2252 = VECTOR('',#2253,1.);
#2253 = DIRECTION('',(1.,0.));
#2254 = ( GEOMETRIC_REPRESENTATION_CONTEXT(2) 
PARAMETRIC_REPRESENTATION_CONTEXT() REPRESENTATION_CONTEXT('2D SPACE',''
  ) );
#2255 = PCURVE('',#2256,#2261);
#2256 = PLANE('',#2257);
#2257 = AXIS2_PLACEMENT_3D('',#2258,#2259,#2260);
#2258 = CARTESIAN_POINT('',(160.,14.,7.));
#2259 = DIRECTION('',(0.,1.,0.));
#2260 = DIRECTION('',(0.,-0.,1.));
#2261 = DEFINITIONAL_REPRESENTATION('',(#2262),#2266);
#2262 = CIRCLE('',#2263,1.65);
#2263 = AXIS2_PLACEMENT_2D('',#2264,#2265);
#2264 = CARTESIAN_POINT('',(0.,0.));
#2265 = DIRECTION('',(1.,0.));
#2266 = ( GEOMETRIC_REPRESENTATION_CONTEXT(2) 
PARAMETRIC_REPRESENTATION_CONTEXT() REPRESENTATION_CONTEXT('2D SPACE',''
  ) );
#2267 = ORIENTED_EDGE('',*,*,#2268,.F.);
#2268 = EDGE_CURVE('',#706,#2240,#2269,.T.);
#2269 = SEAM_CURVE('',#2270,(#2274,#2281),.PCURVE_S1.);
#2270 = LINE('',#2271,#2272);
#2271 = CARTESIAN_POINT('',(160.,0.,8.65));
#2272 = VECTOR('',#2273,1.);
#2273 = DIRECTION('',(0.,1.,0.));
#2274 = PCURVE('',#722,#2275);
#2275 = DEFINITIONAL_REPRESENTATION('',(#2276),#2280);
#2276 = LINE('',#2277,#2278);
#2277 = CARTESIAN_POINT('',(6.28318530718,-0.));
#2278 = VECTOR('',#2279,1.);
#2279 = DIRECTION('',(0.,1.));
#2280 = ( GEOMETRIC_REPRESENTATION_CONTEXT(2) 
PARAMETRIC_REPRESENTATION_CONTEXT() REPRESENTATION_CONTEXT('2D SPACE',''
  ) );
#2281 = PCURVE('',#722,#2282);
#2282 = DEFINITIONAL_REPRESENTATION('',(#2283),#2287);
#2283 = LINE('',#2284,#2285);
#2284 = CARTESIAN_POINT('',(0.,-0.));
#2285 = VECTOR('',#2286,1.);
#2286 = DIRECTION('',(0.,1.));
#2287 = ( GEOMETRIC_REPRESENTATION_CONTEXT(2) 
PARAMETRIC_REPRESENTATION_CONTEXT() REPRESENTATION_CONTEXT('2D SPACE',''
  ) );
#2288 = ORIENTED_EDGE('',*,*,#705,.T.);
#2289 = ORIENTED_EDGE('',*,*,#2268,.T.);
#2290 = ADVANCED_FACE('',(#2291),#753,.F.);
#2291 = FACE_BOUND('',#2292,.F.);
#2292 = EDGE_LOOP('',(#2293,#2315,#2316,#2317));
#2293 = ORIENTED_EDGE('',*,*,#2294,.F.);
#2294 = EDGE_CURVE('',#737,#2295,#2297,.T.);
#2295 = VERTEX_POINT('',#2296);
#2296 = CARTESIAN_POINT('',(180.,-1.,37.5));
#2297 = SEAM_CURVE('',#2298,(#2303,#2309),.PCURVE_S1.);
#2298 = CIRCLE('',#2299,1.);
#2299 = AXIS2_PLACEMENT_3D('',#2300,#2301,#2302);
#2300 = CARTESIAN_POINT('',(180.,-1.,38.5));
#2301 = DIRECTION('',(-1.,0.,0.));
#2302 = DIRECTION('',(0.,0.,1.));
#2303 = PCURVE('',#753,#2304);
#2304 = DEFINITIONAL_REPRESENTATION('',(#2305),#2308);
#2305 = B_SPLINE_CURVE_WITH_KNOTS('',1,(#2306,#2307),.UNSPECIFIED.,.F.,
  .F.,(2,2),(1.570796326795,3.14159265359),.PIECEWISE_BEZIER_KNOTS.);
#2306 = CARTESIAN_POINT('',(0.,1.570796326795));
#2307 = CARTESIAN_POINT('',(0.,3.14159265359));
#2308 = ( GEOMETRIC_REPRESENTATION_CONTEXT(2) 
PARAMETRIC_REPRESENTATION_CONTEXT() REPRESENTATION_CONTEXT('2D SPACE',''
  ) );
#2309 = PCURVE('',#753,#2310);
#2310 = DEFINITIONAL_REPRESENTATION('',(#2311),#2314);
#2311 = B_SPLINE_CURVE_WITH_KNOTS('',1,(#2312,#2313),.UNSPECIFIED.,.F.,
  .F.,(2,2),(1.570796326795,3.14159265359),.PIECEWISE_BEZIER_KNOTS.);
#2312 = CARTESIAN_POINT('',(6.28318530718,1.570796326795));
#2313 = CARTESIAN_POINT('',(6.28318530718,3.14159265359));
#2314 = ( GEOMETRIC_REPRESENTATION_CONTEXT(2) 
PARAMETRIC_REPRESENTATION_CONTEXT() REPRESENTATION_CONTEXT('2D SPACE',''
  ) );
#2315 = ORIENTED_EDGE('',*,*,#736,.T.);
#2316 = ORIENTED_EDGE('',*,*,#2294,.T.);
#2317 = ORIENTED_EDGE('',*,*,#2318,.F.);
#2318 = EDGE_CURVE('',#2295,#2295,#2319,.T.);
#2319 = SURFACE_CURVE('',#2320,(#2325,#2332),.PCURVE_S1.);
#2320 = CIRCLE('',#2321,14.);
#2321 = AXIS2_PLACEMENT_3D('',#2322,#2323,#2324);
#2322 = CARTESIAN_POINT('',(180.,-1.,23.5));
#2323 = DIRECTION('',(0.,1.,0.));
#2324 = DIRECTION('',(0.,-0.,1.));
#2325 = PCURVE('',#753,#2326);
#2326 = DEFINITIONAL_REPRESENTATION('',(#2327),#2331);
#2327 = LINE('',#2328,#2329);
#2328 = CARTESIAN_POINT('',(0.,3.14159265359));
#2329 = VECTOR('',#2330,1.);
#2330 = DIRECTION('',(1.,0.));
#2331 = ( GEOMETRIC_REPRESENTATION_CONTEXT(2) 
PARAMETRIC_REPRESENTATION_CONTEXT() REPRESENTATION_CONTEXT('2D SPACE',''
  ) );
#2332 = PCURVE('',#2333,#2338);
#2333 = CYLINDRICAL_SURFACE('',#2334,14.);
#2334 = AXIS2_PLACEMENT_3D('',#2335,#2336,#2337);
#2335 = CARTESIAN_POINT('',(180.,-6.,23.5));
#2336 = DIRECTION('',(0.,1.,0.));
#2337 = DIRECTION('',(0.,-0.,1.));
#2338 = DEFINITIONAL_REPRESENTATION('',(#2339),#2343);
#2339 = LINE('',#2340,#2341);
#2340 = CARTESIAN_POINT('',(0.,5.));
#2341 = VECTOR('',#2342,1.);
#2342 = DIRECTION('',(1.,0.));
#2343 = ( GEOMETRIC_REPRESENTATION_CONTEXT(2) 
PARAMETRIC_REPRESENTATION_CONTEXT() REPRESENTATION_CONTEXT('2D SPACE',''
  ) );
#2344 = ADVANCED_FACE('',(#2345),#784,.F.);
#2345 = FACE_BOUND('',#2346,.F.);
#2346 = EDGE_LOOP('',(#2347,#2369,#2370,#2371));
#2347 = ORIENTED_EDGE('',*,*,#2348,.F.);
#2348 = EDGE_CURVE('',#768,#2349,#2351,.T.);
#2349 = VERTEX_POINT('',#2350);
#2350 = CARTESIAN_POINT('',(20.,-1.,77.5));
#2351 = SEAM_CURVE('',#2352,(#2357,#2363),.PCURVE_S1.);
#2352 = CIRCLE('',#2353,1.);
#2353 = AXIS2_PLACEMENT_3D('',#2354,#2355,#2356);
#2354 = CARTESIAN_POINT('',(20.,-1.,78.5));
#2355 = DIRECTION('',(-1.,0.,0.));
#2356 = DIRECTION('',(0.,0.,1.));
#2357 = PCURVE('',#784,#2358);
#2358 = DEFINITIONAL_REPRESENTATION('',(#2359),#2362);
#2359 = B_SPLINE_CURVE_WITH_KNOTS('',1,(#2360,#2361),.UNSPECIFIED.,.F.,
  .F.,(2,2),(1.570796326795,3.14159265359),.PIECEWISE_BEZIER_KNOTS.);
#2360 = CARTESIAN_POINT('',(0.,1.570796326795));
#2361 = CARTESIAN_POINT('',(0.,3.14159265359));
#2362 = ( GEOMETRIC_REPRESENTATION_CONTEXT(2) 
PARAMETRIC_REPRESENTATION_CONTEXT() REPRESENTATION_CONTEXT('2D SPACE',''
  ) );
#2363 = PCURVE('',#784,#2364);
#2364 = DEFINITIONAL_REPRESENTATION('',(#2365),#2368);
#2365 = B_SPLINE_CURVE_WITH_KNOTS('',1,(#2366,#2367),.UNSPECIFIED.,.F.,
  .F.,(2,2),(1.570796326795,3.14159265359),.PIECEWISE_BEZIER_KNOTS.);
#2366 = CARTESIAN_POINT('',(6.28318530718,1.570796326795));
#2367 = CARTESIAN_POINT('',(6.28318530718,3.14159265359));
#2368 = ( GEOMETRIC_REPRESENTATION_CONTEXT(2) 
PARAMETRIC_REPRESENTATION_CONTEXT() REPRESENTATION_CONTEXT('2D SPACE',''
  ) );
#2369 = ORIENTED_EDGE('',*,*,#767,.T.);
#2370 = ORIENTED_EDGE('',*,*,#2348,.T.);
#2371 = ORIENTED_EDGE('',*,*,#2372,.F.);
#2372 = EDGE_CURVE('',#2349,#2349,#2373,.T.);
#2373 = SURFACE_CURVE('',#2374,(#2379,#2386),.PCURVE_S1.);
#2374 = CIRCLE('',#2375,14.);
#2375 = AXIS2_PLACEMENT_3D('',#2376,#2377,#2378);
#2376 = CARTESIAN_POINT('',(20.,-1.,63.5));
#2377 = DIRECTION('',(0.,1.,0.));
#2378 = DIRECTION('',(0.,-0.,1.));
#2379 = PCURVE('',#784,#2380);
#2380 = DEFINITIONAL_REPRESENTATION('',(#2381),#2385);
#2381 = LINE('',#2382,#2383);
#2382 = CARTESIAN_POINT('',(0.,3.14159265359));
#2383 = VECTOR('',#2384,1.);
#2384 = DIRECTION('',(1.,0.));
#2385 = ( GEOMETRIC_REPRESENTATION_CONTEXT(2) 
PARAMETRIC_REPRESENTATION_CONTEXT() REPRESENTATION_CONTEXT('2D SPACE',''
  ) );
#2386 = PCURVE('',#2387,#2392);
#2387 = CYLINDRICAL_SURFACE('',#2388,14.);
#2388 = AXIS2_PLACEMENT_3D('',#2389,#2390,#2391);
#2389 = CARTESIAN_POINT('',(20.,-6.,63.5));
#2390 = DIRECTION('',(0.,1.,0.));
#2391 = DIRECTION('',(0.,-0.,1.));
#2392 = DEFINITIONAL_REPRESENTATION('',(#2393),#2397);
#2393 = LINE('',#2394,#2395);
#2394 = CARTESIAN_POINT('',(0.,5.));
#2395 = VECTOR('',#2396,1.);
#2396 = DIRECTION('',(1.,0.));
#2397 = ( GEOMETRIC_REPRESENTATION_CONTEXT(2) 
PARAMETRIC_REPRESENTATION_CONTEXT() REPRESENTATION_CONTEXT('2D SPACE',''
  ) );
#2398 = ADVANCED_FACE('',(#2399),#815,.F.);
#2399 = FACE_BOUND('',#2400,.F.);
#2400 = EDGE_LOOP('',(#2401,#2430,#2451,#2452));
#2401 = ORIENTED_EDGE('',*,*,#2402,.F.);
#2402 = EDGE_CURVE('',#2403,#2403,#2405,.T.);
#2403 = VERTEX_POINT('',#2404);
#2404 = CARTESIAN_POINT('',(-4.041334437186E-16,14.,81.65));
#2405 = SURFACE_CURVE('',#2406,(#2411,#2418),.PCURVE_S1.);
#2406 = CIRCLE('',#2407,1.65);
#2407 = AXIS2_PLACEMENT_3D('',#2408,#2409,#2410);
#2408 = CARTESIAN_POINT('',(0.,14.,80.));
#2409 = DIRECTION('',(0.,1.,0.));
#2410 = DIRECTION('',(0.,-0.,1.));
#2411 = PCURVE('',#815,#2412);
#2412 = DEFINITIONAL_REPRESENTATION('',(#2413),#2417);
#2413 = LINE('',#2414,#2415);
#2414 = CARTESIAN_POINT('',(0.,14.));
#2415 = VECTOR('',#2416,1.);
#2416 = DIRECTION('',(1.,0.));
#2417 = ( GEOMETRIC_REPRESENTATION_CONTEXT(2) 
PARAMETRIC_REPRESENTATION_CONTEXT() REPRESENTATION_CONTEXT('2D SPACE',''
  ) );
#2418 = PCURVE('',#2419,#2424);
#2419 = PLANE('',#2420);
#2420 = AXIS2_PLACEMENT_3D('',#2421,#2422,#2423);
#2421 = CARTESIAN_POINT('',(0.,14.,80.));
#2422 = DIRECTION('',(0.,1.,0.));
#2423 = DIRECTION('',(0.,-0.,1.));
#2424 = DEFINITIONAL_REPRESENTATION('',(#2425),#2429);
#2425 = CIRCLE('',#2426,1.65);
#2426 = AXIS2_PLACEMENT_2D('',#2427,#2428);
#2427 = CARTESIAN_POINT('',(0.,0.));
#2428 = DIRECTION('',(1.,0.));
#2429 = ( GEOMETRIC_REPRESENTATION_CONTEXT(2) 
PARAMETRIC_REPRESENTATION_CONTEXT() REPRESENTATION_CONTEXT('2D SPACE',''
  ) );
#2430 = ORIENTED_EDGE('',*,*,#2431,.F.);
#2431 = EDGE_CURVE('',#799,#2403,#2432,.T.);
#2432 = SEAM_CURVE('',#2433,(#2437,#2444),.PCURVE_S1.);
#2433 = LINE('',#2434,#2435);
#2434 = CARTESIAN_POINT('',(-4.041334437186E-16,0.,81.65));
#2435 = VECTOR('',#2436,1.);
#2436 = DIRECTION('',(0.,1.,0.));
#2437 = PCURVE('',#815,#2438);
#2438 = DEFINITIONAL_REPRESENTATION('',(#2439),#2443);
#2439 = LINE('',#2440,#2441);
#2440 = CARTESIAN_POINT('',(6.28318530718,-0.));
#2441 = VECTOR('',#2442,1.);
#2442 = DIRECTION('',(0.,1.));
#2443 = ( GEOMETRIC_REPRESENTATION_CONTEXT(2) 
PARAMETRIC_REPRESENTATION_CONTEXT() REPRESENTATION_CONTEXT('2D SPACE',''
  ) );
#2444 = PCURVE('',#815,#2445);
#2445 = DEFINITIONAL_REPRESENTATION('',(#2446),#2450);
#2446 = LINE('',#2447,#2448);
#2447 = CARTESIAN_POINT('',(0.,-0.));
#2448 = VECTOR('',#2449,1.);
#2449 = DIRECTION('',(0.,1.));
#2450 = ( GEOMETRIC_REPRESENTATION_CONTEXT(2) 
PARAMETRIC_REPRESENTATION_CONTEXT() REPRESENTATION_CONTEXT('2D SPACE',''
  ) );
#2451 = ORIENTED_EDGE('',*,*,#798,.T.);
#2452 = ORIENTED_EDGE('',*,*,#2431,.T.);
#2453 = ADVANCED_FACE('',(#2454),#846,.F.);
#2454 = FACE_BOUND('',#2455,.F.);
#2455 = EDGE_LOOP('',(#2456,#2478,#2479,#2480));
#2456 = ORIENTED_EDGE('',*,*,#2457,.F.);
#2457 = EDGE_CURVE('',#830,#2458,#2460,.T.);
#2458 = VERTEX_POINT('',#2459);
#2459 = CARTESIAN_POINT('',(60.,-1.,77.5));
#2460 = SEAM_CURVE('',#2461,(#2466,#2472),.PCURVE_S1.);
#2461 = CIRCLE('',#2462,1.);
#2462 = AXIS2_PLACEMENT_3D('',#2463,#2464,#2465);
#2463 = CARTESIAN_POINT('',(60.,-1.,78.5));
#2464 = DIRECTION('',(-1.,0.,0.));
#2465 = DIRECTION('',(0.,0.,1.));
#2466 = PCURVE('',#846,#2467);
#2467 = DEFINITIONAL_REPRESENTATION('',(#2468),#2471);
#2468 = B_SPLINE_CURVE_WITH_KNOTS('',1,(#2469,#2470),.UNSPECIFIED.,.F.,
  .F.,(2,2),(1.570796326795,3.14159265359),.PIECEWISE_BEZIER_KNOTS.);
#2469 = CARTESIAN_POINT('',(0.,1.570796326795));
#2470 = CARTESIAN_POINT('',(0.,3.14159265359));
#2471 = ( GEOMETRIC_REPRESENTATION_CONTEXT(2) 
PARAMETRIC_REPRESENTATION_CONTEXT() REPRESENTATION_CONTEXT('2D SPACE',''
  ) );
#2472 = PCURVE('',#846,#2473);
#2473 = DEFINITIONAL_REPRESENTATION('',(#2474),#2477);
#2474 = B_SPLINE_CURVE_WITH_KNOTS('',1,(#2475,#2476),.UNSPECIFIED.,.F.,
  .F.,(2,2),(1.570796326795,3.14159265359),.PIECEWISE_BEZIER_KNOTS.);
#2475 = CARTESIAN_POINT('',(6.28318530718,1.570796326795));
#2476 = CARTESIAN_POINT('',(6.28318530718,3.14159265359));
#2477 = ( GEOMETRIC_REPRESENTATION_CONTEXT(2) 
PARAMETRIC_REPRESENTATION_CONTEXT() REPRESENTATION_CONTEXT('2D SPACE',''
  ) );
#2478 = ORIENTED_EDGE('',*,*,#829,.T.);
#2479 = ORIENTED_EDGE('',*,*,#2457,.T.);
#2480 = ORIENTED_EDGE('',*,*,#2481,.F.);
#2481 = EDGE_CURVE('',#2458,#2458,#2482,.T.);
#2482 = SURFACE_CURVE('',#2483,(#2488,#2495),.PCURVE_S1.);
#2483 = CIRCLE('',#2484,14.);
#2484 = AXIS2_PLACEMENT_3D('',#2485,#2486,#2487);
#2485 = CARTESIAN_POINT('',(60.,-1.,63.5));
#2486 = DIRECTION('',(0.,1.,0.));
#2487 = DIRECTION('',(0.,-0.,1.));
#2488 = PCURVE('',#846,#2489);
#2489 = DEFINITIONAL_REPRESENTATION('',(#2490),#2494);
#2490 = LINE('',#2491,#2492);
#2491 = CARTESIAN_POINT('',(0.,3.14159265359));
#2492 = VECTOR('',#2493,1.);
#2493 = DIRECTION('',(1.,0.));
#2494 = ( GEOMETRIC_REPRESENTATION_CONTEXT(2) 
PARAMETRIC_REPRESENTATION_CONTEXT() REPRESENTATION_CONTEXT('2D SPACE',''
  ) );
#2495 = PCURVE('',#2496,#2501);
#2496 = CYLINDRICAL_SURFACE('',#2497,14.);
#2497 = AXIS2_PLACEMENT_3D('',#2498,#2499,#2500);
#2498 = CARTESIAN_POINT('',(60.,-6.,63.5));
#2499 = DIRECTION('',(0.,1.,0.));
#2500 = DIRECTION('',(0.,-0.,1.));
#2501 = DEFINITIONAL_REPRESENTATION('',(#2502),#2506);
#2502 = LINE('',#2503,#2504);
#2503 = CARTESIAN_POINT('',(0.,5.));
#2504 = VECTOR('',#2505,1.);
#2505 = DIRECTION('',(1.,0.));
#2506 = ( GEOMETRIC_REPRESENTATION_CONTEXT(2) 
PARAMETRIC_REPRESENTATION_CONTEXT() REPRESENTATION_CONTEXT('2D SPACE',''
  ) );
#2507 = ADVANCED_FACE('',(#2508),#877,.F.);
#2508 = FACE_BOUND('',#2509,.F.);
#2509 = EDGE_LOOP('',(#2510,#2532,#2533,#2534));
#2510 = ORIENTED_EDGE('',*,*,#2511,.F.);
#2511 = EDGE_CURVE('',#861,#2512,#2514,.T.);
#2512 = VERTEX_POINT('',#2513);
#2513 = CARTESIAN_POINT('',(100.,-1.,77.5));
#2514 = SEAM_CURVE('',#2515,(#2520,#2526),.PCURVE_S1.);
#2515 = CIRCLE('',#2516,1.);
#2516 = AXIS2_PLACEMENT_3D('',#2517,#2518,#2519);
#2517 = CARTESIAN_POINT('',(100.,-1.,78.5));
#2518 = DIRECTION('',(-1.,0.,0.));
#2519 = DIRECTION('',(0.,0.,1.));
#2520 = PCURVE('',#877,#2521);
#2521 = DEFINITIONAL_REPRESENTATION('',(#2522),#2525);
#2522 = B_SPLINE_CURVE_WITH_KNOTS('',1,(#2523,#2524),.UNSPECIFIED.,.F.,
  .F.,(2,2),(1.570796326795,3.14159265359),.PIECEWISE_BEZIER_KNOTS.);
#2523 = CARTESIAN_POINT('',(0.,1.570796326795));
#2524 = CARTESIAN_POINT('',(0.,3.14159265359));
#2525 = ( GEOMETRIC_REPRESENTATION_CONTEXT(2) 
PARAMETRIC_REPRESENTATION_CONTEXT() REPRESENTATION_CONTEXT('2D SPACE',''
  ) );
#2526 = PCURVE('',#877,#2527);
#2527 = DEFINITIONAL_REPRESENTATION('',(#2528),#2531);
#2528 = B_SPLINE_CURVE_WITH_KNOTS('',1,(#2529,#2530),.UNSPECIFIED.,.F.,
  .F.,(2,2),(1.570796326795,3.14159265359),.PIECEWISE_BEZIER_KNOTS.);
#2529 = CARTESIAN_POINT('',(6.28318530718,1.570796326795));
#2530 = CARTESIAN_POINT('',(6.28318530718,3.14159265359));
#2531 = ( GEOMETRIC_REPRESENTATION_CONTEXT(2) 
PARAMETRIC_REPRESENTATION_CONTEXT() REPRESENTATION_CONTEXT('2D SPACE',''
  ) );
#2532 = ORIENTED_EDGE('',*,*,#860,.T.);
#2533 = ORIENTED_EDGE('',*,*,#2511,.T.);
#2534 = ORIENTED_EDGE('',*,*,#2535,.F.);
#2535 = EDGE_CURVE('',#2512,#2512,#2536,.T.);
#2536 = SURFACE_CURVE('',#2537,(#2542,#2549),.PCURVE_S1.);
#2537 = CIRCLE('',#2538,14.);
#2538 = AXIS2_PLACEMENT_3D('',#2539,#2540,#2541);
#2539 = CARTESIAN_POINT('',(100.,-1.,63.5));
#2540 = DIRECTION('',(0.,1.,0.));
#2541 = DIRECTION('',(0.,-0.,1.));
#2542 = PCURVE('',#877,#2543);
#2543 = DEFINITIONAL_REPRESENTATION('',(#2544),#2548);
#2544 = LINE('',#2545,#2546);
#2545 = CARTESIAN_POINT('',(0.,3.14159265359));
#2546 = VECTOR('',#2547,1.);
#2547 = DIRECTION('',(1.,0.));
#2548 = ( GEOMETRIC_REPRESENTATION_CONTEXT(2) 
PARAMETRIC_REPRESENTATION_CONTEXT() REPRESENTATION_CONTEXT('2D SPACE',''
  ) );
#2549 = PCURVE('',#2550,#2555);
#2550 = CYLINDRICAL_SURFACE('',#2551,14.);
#2551 = AXIS2_PLACEMENT_3D('',#2552,#2553,#2554);
#2552 = CARTESIAN_POINT('',(100.,-6.,63.5));
#2553 = DIRECTION('',(0.,1.,0.));
#2554 = DIRECTION('',(0.,-0.,1.));
#2555 = DEFINITIONAL_REPRESENTATION('',(#2556),#2560);
#2556 = LINE('',#2557,#2558);
#2557 = CARTESIAN_POINT('',(0.,5.));
#2558 = VECTOR('',#2559,1.);
#2559 = DIRECTION('',(1.,0.));
#2560 = ( GEOMETRIC_REPRESENTATION_CONTEXT(2) 
PARAMETRIC_REPRESENTATION_CONTEXT() REPRESENTATION_CONTEXT('2D SPACE',''
  ) );
#2561 = ADVANCED_FACE('',(#2562),#908,.F.);
#2562 = FACE_BOUND('',#2563,.F.);
#2563 = EDGE_LOOP('',(#2564,#2586,#2587,#2588));
#2564 = ORIENTED_EDGE('',*,*,#2565,.F.);
#2565 = EDGE_CURVE('',#892,#2566,#2568,.T.);
#2566 = VERTEX_POINT('',#2567);
#2567 = CARTESIAN_POINT('',(140.,-1.,77.5));
#2568 = SEAM_CURVE('',#2569,(#2574,#2580),.PCURVE_S1.);
#2569 = CIRCLE('',#2570,1.);
#2570 = AXIS2_PLACEMENT_3D('',#2571,#2572,#2573);
#2571 = CARTESIAN_POINT('',(140.,-1.,78.5));
#2572 = DIRECTION('',(-1.,0.,0.));
#2573 = DIRECTION('',(0.,0.,1.));
#2574 = PCURVE('',#908,#2575);
#2575 = DEFINITIONAL_REPRESENTATION('',(#2576),#2579);
#2576 = B_SPLINE_CURVE_WITH_KNOTS('',1,(#2577,#2578),.UNSPECIFIED.,.F.,
  .F.,(2,2),(1.570796326795,3.14159265359),.PIECEWISE_BEZIER_KNOTS.);
#2577 = CARTESIAN_POINT('',(0.,1.570796326795));
#2578 = CARTESIAN_POINT('',(0.,3.14159265359));
#2579 = ( GEOMETRIC_REPRESENTATION_CONTEXT(2) 
PARAMETRIC_REPRESENTATION_CONTEXT() REPRESENTATION_CONTEXT('2D SPACE',''
  ) );
#2580 = PCURVE('',#908,#2581);
#2581 = DEFINITIONAL_REPRESENTATION('',(#2582),#2585);
#2582 = B_SPLINE_CURVE_WITH_KNOTS('',1,(#2583,#2584),.UNSPECIFIED.,.F.,
  .F.,(2,2),(1.570796326795,3.14159265359),.PIECEWISE_BEZIER_KNOTS.);
#2583 = CARTESIAN_POINT('',(6.28318530718,1.570796326795));
#2584 = CARTESIAN_POINT('',(6.28318530718,3.14159265359));
#2585 = ( GEOMETRIC_REPRESENTATION_CONTEXT(2) 
PARAMETRIC_REPRESENTATION_CONTEXT() REPRESENTATION_CONTEXT('2D SPACE',''
  ) );
#2586 = ORIENTED_EDGE('',*,*,#891,.T.);
#2587 = ORIENTED_EDGE('',*,*,#2565,.T.);
#2588 = ORIENTED_EDGE('',*,*,#2589,.F.);
#2589 = EDGE_CURVE('',#2566,#2566,#2590,.T.);
#2590 = SURFACE_CURVE('',#2591,(#2596,#2603),.PCURVE_S1.);
#2591 = CIRCLE('',#2592,14.);
#2592 = AXIS2_PLACEMENT_3D('',#2593,#2594,#2595);
#2593 = CARTESIAN_POINT('',(140.,-1.,63.5));
#2594 = DIRECTION('',(0.,1.,0.));
#2595 = DIRECTION('',(0.,-0.,1.));
#2596 = PCURVE('',#908,#2597);
#2597 = DEFINITIONAL_REPRESENTATION('',(#2598),#2602);
#2598 = LINE('',#2599,#2600);
#2599 = CARTESIAN_POINT('',(0.,3.14159265359));
#2600 = VECTOR('',#2601,1.);
#2601 = DIRECTION('',(1.,0.));
#2602 = ( GEOMETRIC_REPRESENTATION_CONTEXT(2) 
PARAMETRIC_REPRESENTATION_CONTEXT() REPRESENTATION_CONTEXT('2D SPACE',''
  ) );
#2603 = PCURVE('',#2604,#2609);
#2604 = CYLINDRICAL_SURFACE('',#2605,14.);
#2605 = AXIS2_PLACEMENT_3D('',#2606,#2607,#2608);
#2606 = CARTESIAN_POINT('',(140.,-6.,63.5));
#2607 = DIRECTION('',(0.,1.,0.));
#2608 = DIRECTION('',(0.,-0.,1.));
#2609 = DEFINITIONAL_REPRESENTATION('',(#2610),#2614);
#2610 = LINE('',#2611,#2612);
#2611 = CARTESIAN_POINT('',(0.,5.));
#2612 = VECTOR('',#2613,1.);
#2613 = DIRECTION('',(1.,0.));
#2614 = ( GEOMETRIC_REPRESENTATION_CONTEXT(2) 
PARAMETRIC_REPRESENTATION_CONTEXT() REPRESENTATION_CONTEXT('2D SPACE',''
  ) );
#2615 = ADVANCED_FACE('',(#2616),#939,.F.);
#2616 = FACE_BOUND('',#2617,.F.);
#2617 = EDGE_LOOP('',(#2618,#2640,#2641,#2642));
#2618 = ORIENTED_EDGE('',*,*,#2619,.F.);
#2619 = EDGE_CURVE('',#923,#2620,#2622,.T.);
#2620 = VERTEX_POINT('',#2621);
#2621 = CARTESIAN_POINT('',(180.,-1.,77.5));
#2622 = SEAM_CURVE('',#2623,(#2628,#2634),.PCURVE_S1.);
#2623 = CIRCLE('',#2624,1.);
#2624 = AXIS2_PLACEMENT_3D('',#2625,#2626,#2627);
#2625 = CARTESIAN_POINT('',(180.,-1.,78.5));
#2626 = DIRECTION('',(-1.,0.,0.));
#2627 = DIRECTION('',(0.,0.,1.));
#2628 = PCURVE('',#939,#2629);
#2629 = DEFINITIONAL_REPRESENTATION('',(#2630),#2633);
#2630 = B_SPLINE_CURVE_WITH_KNOTS('',1,(#2631,#2632),.UNSPECIFIED.,.F.,
  .F.,(2,2),(1.570796326795,3.14159265359),.PIECEWISE_BEZIER_KNOTS.);
#2631 = CARTESIAN_POINT('',(0.,1.570796326795));
#2632 = CARTESIAN_POINT('',(0.,3.14159265359));
#2633 = ( GEOMETRIC_REPRESENTATION_CONTEXT(2) 
PARAMETRIC_REPRESENTATION_CONTEXT() REPRESENTATION_CONTEXT('2D SPACE',''
  ) );
#2634 = PCURVE('',#939,#2635);
#2635 = DEFINITIONAL_REPRESENTATION('',(#2636),#2639);
#2636 = B_SPLINE_CURVE_WITH_KNOTS('',1,(#2637,#2638),.UNSPECIFIED.,.F.,
  .F.,(2,2),(1.570796326795,3.14159265359),.PIECEWISE_BEZIER_KNOTS.);
#2637 = CARTESIAN_POINT('',(6.28318530718,1.570796326795));
#2638 = CARTESIAN_POINT('',(6.28318530718,3.14159265359));
#2639 = ( GEOMETRIC_REPRESENTATION_CONTEXT(2) 
PARAMETRIC_REPRESENTATION_CONTEXT() REPRESENTATION_CONTEXT('2D SPACE',''
  ) );
#2640 = ORIENTED_EDGE('',*,*,#922,.T.);
#2641 = ORIENTED_EDGE('',*,*,#2619,.T.);
#2642 = ORIENTED_EDGE('',*,*,#2643,.F.);
#2643 = EDGE_CURVE('',#2620,#2620,#2644,.T.);
#2644 = SURFACE_CURVE('',#2645,(#2650,#2657),.PCURVE_S1.);
#2645 = CIRCLE('',#2646,14.);
#2646 = AXIS2_PLACEMENT_3D('',#2647,#2648,#2649);
#2647 = CARTESIAN_POINT('',(180.,-1.,63.5));
#2648 = DIRECTION('',(0.,1.,0.));
#2649 = DIRECTION('',(0.,-0.,1.));
#2650 = PCURVE('',#939,#2651);
#2651 = DEFINITIONAL_REPRESENTATION('',(#2652),#2656);
#2652 = LINE('',#2653,#2654);
#2653 = CARTESIAN_POINT('',(0.,3.14159265359));
#2654 = VECTOR('',#2655,1.);
#2655 = DIRECTION('',(1.,0.));
#2656 = ( GEOMETRIC_REPRESENTATION_CONTEXT(2) 
PARAMETRIC_REPRESENTATION_CONTEXT() REPRESENTATION_CONTEXT('2D SPACE',''
  ) );
#2657 = PCURVE('',#2658,#2663);
#2658 = CYLINDRICAL_SURFACE('',#2659,14.);
#2659 = AXIS2_PLACEMENT_3D('',#2660,#2661,#2662);
#2660 = CARTESIAN_POINT('',(180.,-6.,63.5));
#2661 = DIRECTION('',(0.,1.,0.));
#2662 = DIRECTION('',(0.,-0.,1.));
#2663 = DEFINITIONAL_REPRESENTATION('',(#2664),#2668);
#2664 = LINE('',#2665,#2666);
#2665 = CARTESIAN_POINT('',(0.,5.));
#2666 = VECTOR('',#2667,1.);
#2667 = DIRECTION('',(1.,0.));
#2668 = ( GEOMETRIC_REPRESENTATION_CONTEXT(2) 
PARAMETRIC_REPRESENTATION_CONTEXT() REPRESENTATION_CONTEXT('2D SPACE',''
  ) );
#2669 = ADVANCED_FACE('',(#2670),#970,.F.);
#2670 = FACE_BOUND('',#2671,.F.);
#2671 = EDGE_LOOP('',(#2672,#2701,#2722,#2723));
#2672 = ORIENTED_EDGE('',*,*,#2673,.F.);
#2673 = EDGE_CURVE('',#2674,#2674,#2676,.T.);
#2674 = VERTEX_POINT('',#2675);
#2675 = CARTESIAN_POINT('',(160.,14.,81.65));
#2676 = SURFACE_CURVE('',#2677,(#2682,#2689),.PCURVE_S1.);
#2677 = CIRCLE('',#2678,1.65);
#2678 = AXIS2_PLACEMENT_3D('',#2679,#2680,#2681);
#2679 = CARTESIAN_POINT('',(160.,14.,80.));
#2680 = DIRECTION('',(0.,1.,0.));
#2681 = DIRECTION('',(0.,-0.,1.));
#2682 = PCURVE('',#970,#2683);
#2683 = DEFINITIONAL_REPRESENTATION('',(#2684),#2688);
#2684 = LINE('',#2685,#2686);
#2685 = CARTESIAN_POINT('',(0.,14.));
#2686 = VECTOR('',#2687,1.);
#2687 = DIRECTION('',(1.,0.));
#2688 = ( GEOMETRIC_REPRESENTATION_CONTEXT(2) 
PARAMETRIC_REPRESENTATION_CONTEXT() REPRESENTATION_CONTEXT('2D SPACE',''
  ) );
#2689 = PCURVE('',#2690,#2695);
#2690 = PLANE('',#2691);
#2691 = AXIS2_PLACEMENT_3D('',#2692,#2693,#2694);
#2692 = CARTESIAN_POINT('',(160.,14.,80.));
#2693 = DIRECTION('',(0.,1.,0.));
#2694 = DIRECTION('',(0.,-0.,1.));
#2695 = DEFINITIONAL_REPRESENTATION('',(#2696),#2700);
#2696 = CIRCLE('',#2697,1.65);
#2697 = AXIS2_PLACEMENT_2D('',#2698,#2699);
#2698 = CARTESIAN_POINT('',(0.,0.));
#2699 = DIRECTION('',(1.,0.));
#2700 = ( GEOMETRIC_REPRESENTATION_CONTEXT(2) 
PARAMETRIC_REPRESENTATION_CONTEXT() REPRESENTATION_CONTEXT('2D SPACE',''
  ) );
#2701 = ORIENTED_EDGE('',*,*,#2702,.F.);
#2702 = EDGE_CURVE('',#954,#2674,#2703,.T.);
#2703 = SEAM_CURVE('',#2704,(#2708,#2715),.PCURVE_S1.);
#2704 = LINE('',#2705,#2706);
#2705 = CARTESIAN_POINT('',(160.,0.,81.65));
#2706 = VECTOR('',#2707,1.);
#2707 = DIRECTION('',(0.,1.,0.));
#2708 = PCURVE('',#970,#2709);
#2709 = DEFINITIONAL_REPRESENTATION('',(#2710),#2714);
#2710 = LINE('',#2711,#2712);
#2711 = CARTESIAN_POINT('',(6.28318530718,-0.));
#2712 = VECTOR('',#2713,1.);
#2713 = DIRECTION('',(0.,1.));
#2714 = ( GEOMETRIC_REPRESENTATION_CONTEXT(2) 
PARAMETRIC_REPRESENTATION_CONTEXT() REPRESENTATION_CONTEXT('2D SPACE',''
  ) );
#2715 = PCURVE('',#970,#2716);
#2716 = DEFINITIONAL_REPRESENTATION('',(#2717),#2721);
#2717 = LINE('',#2718,#2719);
#2718 = CARTESIAN_POINT('',(0.,-0.));
#2719 = VECTOR('',#2720,1.);
#2720 = DIRECTION('',(0.,1.));
#2721 = ( GEOMETRIC_REPRESENTATION_CONTEXT(2) 
PARAMETRIC_REPRESENTATION_CONTEXT() REPRESENTATION_CONTEXT('2D SPACE',''
  ) );
#2722 = ORIENTED_EDGE('',*,*,#953,.T.);
#2723 = ORIENTED_EDGE('',*,*,#2702,.T.);
#2724 = ADVANCED_FACE('',(#2725),#1046,.T.);
#2725 = FACE_BOUND('',#2726,.T.);
#2726 = EDGE_LOOP('',(#2727,#2728,#2729,#2730));
#2727 = ORIENTED_EDGE('',*,*,#1032,.F.);
#2728 = ORIENTED_EDGE('',*,*,#1182,.T.);
#2729 = ORIENTED_EDGE('',*,*,#1294,.T.);
#2730 = ORIENTED_EDGE('',*,*,#1063,.F.);
#2731 = ADVANCED_FACE('',(#2732),#1130,.F.);
#2732 = FACE_BOUND('',#2733,.F.);
#2733 = EDGE_LOOP('',(#2734,#2757,#2786,#2808,#2809));
#2734 = ORIENTED_EDGE('',*,*,#2735,.T.);
#2735 = EDGE_CURVE('',#1110,#2736,#2738,.T.);
#2736 = VERTEX_POINT('',#2737);
#2737 = CARTESIAN_POINT('',(204.,26.,17.6));
#2738 = SEAM_CURVE('',#2739,(#2743,#2750),.PCURVE_S1.);
#2739 = LINE('',#2740,#2741);
#2740 = CARTESIAN_POINT('',(205.,26.,16.6));
#2741 = VECTOR('',#2742,1.);
#2742 = DIRECTION('',(-0.707106781187,-1.731912112471E-16,0.707106781187
    ));
#2743 = PCURVE('',#1130,#2744);
#2744 = DEFINITIONAL_REPRESENTATION('',(#2745),#2749);
#2745 = LINE('',#2746,#2747);
#2746 = CARTESIAN_POINT('',(-6.28318530718,0.));
#2747 = VECTOR('',#2748,1.);
#2748 = DIRECTION('',(-0.,-1.));
#2749 = ( GEOMETRIC_REPRESENTATION_CONTEXT(2) 
PARAMETRIC_REPRESENTATION_CONTEXT() REPRESENTATION_CONTEXT('2D SPACE',''
  ) );
#2750 = PCURVE('',#1130,#2751);
#2751 = DEFINITIONAL_REPRESENTATION('',(#2752),#2756);
#2752 = LINE('',#2753,#2754);
#2753 = CARTESIAN_POINT('',(0.,-0.));
#2754 = VECTOR('',#2755,1.);
#2755 = DIRECTION('',(-0.,-1.));
#2756 = ( GEOMETRIC_REPRESENTATION_CONTEXT(2) 
PARAMETRIC_REPRESENTATION_CONTEXT() REPRESENTATION_CONTEXT('2D SPACE',''
  ) );
#2757 = ORIENTED_EDGE('',*,*,#2758,.F.);
#2758 = EDGE_CURVE('',#2759,#2736,#2761,.T.);
#2759 = VERTEX_POINT('',#2760);
#2760 = CARTESIAN_POINT('',(204.,26.,29.4));
#2761 = SURFACE_CURVE('',#2762,(#2767,#2774),.PCURVE_S1.);
#2762 = CIRCLE('',#2763,5.9);
#2763 = AXIS2_PLACEMENT_3D('',#2764,#2765,#2766);
#2764 = CARTESIAN_POINT('',(204.,26.,23.5));
#2765 = DIRECTION('',(-1.,0.,0.));
#2766 = DIRECTION('',(0.,0.,-1.));
#2767 = PCURVE('',#1130,#2768);
#2768 = DEFINITIONAL_REPRESENTATION('',(#2769),#2773);
#2769 = LINE('',#2770,#2771);
#2770 = CARTESIAN_POINT('',(-0.,-1.));
#2771 = VECTOR('',#2772,1.);
#2772 = DIRECTION('',(-1.,-0.));
#2773 = ( GEOMETRIC_REPRESENTATION_CONTEXT(2) 
PARAMETRIC_REPRESENTATION_CONTEXT() REPRESENTATION_CONTEXT('2D SPACE',''
  ) );
#2774 = PCURVE('',#2775,#2780);
#2775 = CYLINDRICAL_SURFACE('',#2776,5.9);
#2776 = AXIS2_PLACEMENT_3D('',#2777,#2778,#2779);
#2777 = CARTESIAN_POINT('',(-205.,26.,23.5));
#2778 = DIRECTION('',(1.,0.,0.));
#2779 = DIRECTION('',(-0.,0.,1.));
#2780 = DEFINITIONAL_REPRESENTATION('',(#2781),#2785);
#2781 = LINE('',#2782,#2783);
#2782 = CARTESIAN_POINT('',(9.424777960769,409.));
#2783 = VECTOR('',#2784,1.);
#2784 = DIRECTION('',(-1.,0.));
#2785 = ( GEOMETRIC_REPRESENTATION_CONTEXT(2) 
PARAMETRIC_REPRESENTATION_CONTEXT() REPRESENTATION_CONTEXT('2D SPACE',''
  ) );
#2786 = ORIENTED_EDGE('',*,*,#2787,.F.);
#2787 = EDGE_CURVE('',#2736,#2759,#2788,.T.);
#2788 = SURFACE_CURVE('',#2789,(#2794,#2801),.PCURVE_S1.);
#2789 = CIRCLE('',#2790,5.9);
#2790 = AXIS2_PLACEMENT_3D('',#2791,#2792,#2793);
#2791 = CARTESIAN_POINT('',(204.,26.,23.5));
#2792 = DIRECTION('',(-1.,0.,0.));
#2793 = DIRECTION('',(0.,0.,-1.));
#2794 = PCURVE('',#1130,#2795);
#2795 = DEFINITIONAL_REPRESENTATION('',(#2796),#2800);
#2796 = LINE('',#2797,#2798);
#2797 = CARTESIAN_POINT('',(-0.,-1.));
#2798 = VECTOR('',#2799,1.);
#2799 = DIRECTION('',(-1.,-0.));
#2800 = ( GEOMETRIC_REPRESENTATION_CONTEXT(2) 
PARAMETRIC_REPRESENTATION_CONTEXT() REPRESENTATION_CONTEXT('2D SPACE',''
  ) );
#2801 = PCURVE('',#2775,#2802);
#2802 = DEFINITIONAL_REPRESENTATION('',(#2803),#2807);
#2803 = LINE('',#2804,#2805);
#2804 = CARTESIAN_POINT('',(3.14159265359,409.));
#2805 = VECTOR('',#2806,1.);
#2806 = DIRECTION('',(-1.,0.));
#2807 = ( GEOMETRIC_REPRESENTATION_CONTEXT(2) 
PARAMETRIC_REPRESENTATION_CONTEXT() REPRESENTATION_CONTEXT('2D SPACE',''
  ) );
#2808 = ORIENTED_EDGE('',*,*,#2735,.F.);
#2809 = ORIENTED_EDGE('',*,*,#1109,.T.);
#2810 = ADVANCED_FACE('',(#2811),#1165,.F.);
#2811 = FACE_BOUND('',#2812,.F.);
#2812 = EDGE_LOOP('',(#2813,#2836,#2865,#2887,#2888));
#2813 = ORIENTED_EDGE('',*,*,#2814,.T.);
#2814 = EDGE_CURVE('',#1145,#2815,#2817,.T.);
#2815 = VERTEX_POINT('',#2816);
#2816 = CARTESIAN_POINT('',(204.,26.,57.6));
#2817 = SEAM_CURVE('',#2818,(#2822,#2829),.PCURVE_S1.);
#2818 = LINE('',#2819,#2820);
#2819 = CARTESIAN_POINT('',(205.,26.,56.6));
#2820 = VECTOR('',#2821,1.);
#2821 = DIRECTION('',(-0.707106781187,-1.731912112471E-16,0.707106781187
    ));
#2822 = PCURVE('',#1165,#2823);
#2823 = DEFINITIONAL_REPRESENTATION('',(#2824),#2828);
#2824 = LINE('',#2825,#2826);
#2825 = CARTESIAN_POINT('',(-6.28318530718,0.));
#2826 = VECTOR('',#2827,1.);
#2827 = DIRECTION('',(-0.,-1.));
#2828 = ( GEOMETRIC_REPRESENTATION_CONTEXT(2) 
PARAMETRIC_REPRESENTATION_CONTEXT() REPRESENTATION_CONTEXT('2D SPACE',''
  ) );
#2829 = PCURVE('',#1165,#2830);
#2830 = DEFINITIONAL_REPRESENTATION('',(#2831),#2835);
#2831 = LINE('',#2832,#2833);
#2832 = CARTESIAN_POINT('',(0.,-0.));
#2833 = VECTOR('',#2834,1.);
#2834 = DIRECTION('',(-0.,-1.));
#2835 = ( GEOMETRIC_REPRESENTATION_CONTEXT(2) 
PARAMETRIC_REPRESENTATION_CONTEXT() REPRESENTATION_CONTEXT('2D SPACE',''
  ) );
#2836 = ORIENTED_EDGE('',*,*,#2837,.F.);
#2837 = EDGE_CURVE('',#2838,#2815,#2840,.T.);
#2838 = VERTEX_POINT('',#2839);
#2839 = CARTESIAN_POINT('',(204.,26.,69.4));
#2840 = SURFACE_CURVE('',#2841,(#2846,#2853),.PCURVE_S1.);
#2841 = CIRCLE('',#2842,5.9);
#2842 = AXIS2_PLACEMENT_3D('',#2843,#2844,#2845);
#2843 = CARTESIAN_POINT('',(204.,26.,63.5));
#2844 = DIRECTION('',(-1.,0.,0.));
#2845 = DIRECTION('',(0.,0.,-1.));
#2846 = PCURVE('',#1165,#2847);
#2847 = DEFINITIONAL_REPRESENTATION('',(#2848),#2852);
#2848 = LINE('',#2849,#2850);
#2849 = CARTESIAN_POINT('',(-0.,-1.));
#2850 = VECTOR('',#2851,1.);
#2851 = DIRECTION('',(-1.,-0.));
#2852 = ( GEOMETRIC_REPRESENTATION_CONTEXT(2) 
PARAMETRIC_REPRESENTATION_CONTEXT() REPRESENTATION_CONTEXT('2D SPACE',''
  ) );
#2853 = PCURVE('',#2854,#2859);
#2854 = CYLINDRICAL_SURFACE('',#2855,5.9);
#2855 = AXIS2_PLACEMENT_3D('',#2856,#2857,#2858);
#2856 = CARTESIAN_POINT('',(-205.,26.,63.5));
#2857 = DIRECTION('',(1.,0.,0.));
#2858 = DIRECTION('',(-0.,0.,1.));
#2859 = DEFINITIONAL_REPRESENTATION('',(#2860),#2864);
#2860 = LINE('',#2861,#2862);
#2861 = CARTESIAN_POINT('',(9.424777960769,409.));
#2862 = VECTOR('',#2863,1.);
#2863 = DIRECTION('',(-1.,0.));
#2864 = ( GEOMETRIC_REPRESENTATION_CONTEXT(2) 
PARAMETRIC_REPRESENTATION_CONTEXT() REPRESENTATION_CONTEXT('2D SPACE',''
  ) );
#2865 = ORIENTED_EDGE('',*,*,#2866,.F.);
#2866 = EDGE_CURVE('',#2815,#2838,#2867,.T.);
#2867 = SURFACE_CURVE('',#2868,(#2873,#2880),.PCURVE_S1.);
#2868 = CIRCLE('',#2869,5.9);
#2869 = AXIS2_PLACEMENT_3D('',#2870,#2871,#2872);
#2870 = CARTESIAN_POINT('',(204.,26.,63.5));
#2871 = DIRECTION('',(-1.,0.,0.));
#2872 = DIRECTION('',(0.,0.,-1.));
#2873 = PCURVE('',#1165,#2874);
#2874 = DEFINITIONAL_REPRESENTATION('',(#2875),#2879);
#2875 = LINE('',#2876,#2877);
#2876 = CARTESIAN_POINT('',(-0.,-1.));
#2877 = VECTOR('',#2878,1.);
#2878 = DIRECTION('',(-1.,-0.));
#2879 = ( GEOMETRIC_REPRESENTATION_CONTEXT(2) 
PARAMETRIC_REPRESENTATION_CONTEXT() REPRESENTATION_CONTEXT('2D SPACE',''
  ) );
#2880 = PCURVE('',#2854,#2881);
#2881 = DEFINITIONAL_REPRESENTATION('',(#2882),#2886);
#2882 = LINE('',#2883,#2884);
#2883 = CARTESIAN_POINT('',(3.14159265359,409.));
#2884 = VECTOR('',#2885,1.);
#2885 = DIRECTION('',(-1.,0.));
#2886 = ( GEOMETRIC_REPRESENTATION_CONTEXT(2) 
PARAMETRIC_REPRESENTATION_CONTEXT() REPRESENTATION_CONTEXT('2D SPACE',''
  ) );
#2887 = ORIENTED_EDGE('',*,*,#2814,.F.);
#2888 = ORIENTED_EDGE('',*,*,#1144,.T.);
#2889 = ADVANCED_FACE('',(#2890),#1245,.F.);
#2890 = FACE_BOUND('',#2891,.F.);
#2891 = EDGE_LOOP('',(#2892,#2916,#2937,#2938));
#2892 = ORIENTED_EDGE('',*,*,#2893,.F.);
#2893 = EDGE_CURVE('',#2894,#2894,#2896,.T.);
#2894 = VERTEX_POINT('',#2895);
#2895 = CARTESIAN_POINT('',(-204.,26.,29.4));
#2896 = SURFACE_CURVE('',#2897,(#2902,#2909),.PCURVE_S1.);
#2897 = CIRCLE('',#2898,5.9);
#2898 = AXIS2_PLACEMENT_3D('',#2899,#2900,#2901);
#2899 = CARTESIAN_POINT('',(-204.,26.,23.5));
#2900 = DIRECTION('',(1.,0.,0.));
#2901 = DIRECTION('',(-0.,0.,1.));
#2902 = PCURVE('',#1245,#2903);
#2903 = DEFINITIONAL_REPRESENTATION('',(#2904),#2908);
#2904 = LINE('',#2905,#2906);
#2905 = CARTESIAN_POINT('',(-0.,-1.));
#2906 = VECTOR('',#2907,1.);
#2907 = DIRECTION('',(-1.,-0.));
#2908 = ( GEOMETRIC_REPRESENTATION_CONTEXT(2) 
PARAMETRIC_REPRESENTATION_CONTEXT() REPRESENTATION_CONTEXT('2D SPACE',''
  ) );
#2909 = PCURVE('',#2775,#2910);
#2910 = DEFINITIONAL_REPRESENTATION('',(#2911),#2915);
#2911 = LINE('',#2912,#2913);
#2912 = CARTESIAN_POINT('',(0.,1.));
#2913 = VECTOR('',#2914,1.);
#2914 = DIRECTION('',(1.,0.));
#2915 = ( GEOMETRIC_REPRESENTATION_CONTEXT(2) 
PARAMETRIC_REPRESENTATION_CONTEXT() REPRESENTATION_CONTEXT('2D SPACE',''
  ) );
#2916 = ORIENTED_EDGE('',*,*,#2917,.F.);
#2917 = EDGE_CURVE('',#1229,#2894,#2918,.T.);
#2918 = SEAM_CURVE('',#2919,(#2923,#2930),.PCURVE_S1.);
#2919 = LINE('',#2920,#2921);
#2920 = CARTESIAN_POINT('',(-205.,26.,30.4));
#2921 = VECTOR('',#2922,1.);
#2922 = DIRECTION('',(0.707106781187,-1.731912112471E-16,-0.707106781187
    ));
#2923 = PCURVE('',#1245,#2924);
#2924 = DEFINITIONAL_REPRESENTATION('',(#2925),#2929);
#2925 = LINE('',#2926,#2927);
#2926 = CARTESIAN_POINT('',(-6.28318530718,0.));
#2927 = VECTOR('',#2928,1.);
#2928 = DIRECTION('',(-0.,-1.));
#2929 = ( GEOMETRIC_REPRESENTATION_CONTEXT(2) 
PARAMETRIC_REPRESENTATION_CONTEXT() REPRESENTATION_CONTEXT('2D SPACE',''
  ) );
#2930 = PCURVE('',#1245,#2931);
#2931 = DEFINITIONAL_REPRESENTATION('',(#2932),#2936);
#2932 = LINE('',#2933,#2934);
#2933 = CARTESIAN_POINT('',(0.,-0.));
#2934 = VECTOR('',#2935,1.);
#2935 = DIRECTION('',(-0.,-1.));
#2936 = ( GEOMETRIC_REPRESENTATION_CONTEXT(2) 
PARAMETRIC_REPRESENTATION_CONTEXT() REPRESENTATION_CONTEXT('2D SPACE',''
  ) );
#2937 = ORIENTED_EDGE('',*,*,#1228,.T.);
#2938 = ORIENTED_EDGE('',*,*,#2917,.T.);
#2939 = ADVANCED_FACE('',(#2940),#1276,.F.);
#2940 = FACE_BOUND('',#2941,.F.);
#2941 = EDGE_LOOP('',(#2942,#2966,#2987,#2988));
#2942 = ORIENTED_EDGE('',*,*,#2943,.F.);
#2943 = EDGE_CURVE('',#2944,#2944,#2946,.T.);
#2944 = VERTEX_POINT('',#2945);
#2945 = CARTESIAN_POINT('',(-204.,26.,69.4));
#2946 = SURFACE_CURVE('',#2947,(#2952,#2959),.PCURVE_S1.);
#2947 = CIRCLE('',#2948,5.9);
#2948 = AXIS2_PLACEMENT_3D('',#2949,#2950,#2951);
#2949 = CARTESIAN_POINT('',(-204.,26.,63.5));
#2950 = DIRECTION('',(1.,0.,0.));
#2951 = DIRECTION('',(-0.,0.,1.));
#2952 = PCURVE('',#1276,#2953);
#2953 = DEFINITIONAL_REPRESENTATION('',(#2954),#2958);
#2954 = LINE('',#2955,#2956);
#2955 = CARTESIAN_POINT('',(-0.,-1.));
#2956 = VECTOR('',#2957,1.);
#2957 = DIRECTION('',(-1.,-0.));
#2958 = ( GEOMETRIC_REPRESENTATION_CONTEXT(2) 
PARAMETRIC_REPRESENTATION_CONTEXT() REPRESENTATION_CONTEXT('2D SPACE',''
  ) );
#2959 = PCURVE('',#2854,#2960);
#2960 = DEFINITIONAL_REPRESENTATION('',(#2961),#2965);
#2961 = LINE('',#2962,#2963);
#2962 = CARTESIAN_POINT('',(0.,1.));
#2963 = VECTOR('',#2964,1.);
#2964 = DIRECTION('',(1.,0.));
#2965 = ( GEOMETRIC_REPRESENTATION_CONTEXT(2) 
PARAMETRIC_REPRESENTATION_CONTEXT() REPRESENTATION_CONTEXT('2D SPACE',''
  ) );
#2966 = ORIENTED_EDGE('',*,*,#2967,.F.);
#2967 = EDGE_CURVE('',#1260,#2944,#2968,.T.);
#2968 = SEAM_CURVE('',#2969,(#2973,#2980),.PCURVE_S1.);
#2969 = LINE('',#2970,#2971);
#2970 = CARTESIAN_POINT('',(-205.,26.,70.4));
#2971 = VECTOR('',#2972,1.);
#2972 = DIRECTION('',(0.707106781187,-1.731912112471E-16,-0.707106781187
    ));
#2973 = PCURVE('',#1276,#2974);
#2974 = DEFINITIONAL_REPRESENTATION('',(#2975),#2979);
#2975 = LINE('',#2976,#2977);
#2976 = CARTESIAN_POINT('',(-6.28318530718,0.));
#2977 = VECTOR('',#2978,1.);
#2978 = DIRECTION('',(-0.,-1.));
#2979 = ( GEOMETRIC_REPRESENTATION_CONTEXT(2) 
PARAMETRIC_REPRESENTATION_CONTEXT() REPRESENTATION_CONTEXT('2D SPACE',''
  ) );
#2980 = PCURVE('',#1276,#2981);
#2981 = DEFINITIONAL_REPRESENTATION('',(#2982),#2986);
#2982 = LINE('',#2983,#2984);
#2983 = CARTESIAN_POINT('',(0.,-0.));
#2984 = VECTOR('',#2985,1.);
#2985 = DIRECTION('',(-0.,-1.));
#2986 = ( GEOMETRIC_REPRESENTATION_CONTEXT(2) 
PARAMETRIC_REPRESENTATION_CONTEXT() REPRESENTATION_CONTEXT('2D SPACE',''
  ) );
#2987 = ORIENTED_EDGE('',*,*,#1259,.T.);
#2988 = ORIENTED_EDGE('',*,*,#2967,.T.);
#2989 = ADVANCED_FACE('',(#2990),#1335,.F.);
#2990 = FACE_BOUND('',#2991,.F.);
#2991 = EDGE_LOOP('',(#2992));
#2992 = ORIENTED_EDGE('',*,*,#1318,.T.);
#2993 = ADVANCED_FACE('',(#2994),#1412,.T.);
#2994 = FACE_BOUND('',#2995,.T.);
#2995 = EDGE_LOOP('',(#2996,#3019,#3020,#3021));
#2996 = ORIENTED_EDGE('',*,*,#2997,.T.);
#2997 = EDGE_CURVE('',#2998,#1374,#3000,.T.);
#2998 = VERTEX_POINT('',#2999);
#2999 = CARTESIAN_POINT('',(-180.,-6.,37.5));
#3000 = SEAM_CURVE('',#3001,(#3005,#3012),.PCURVE_S1.);
#3001 = LINE('',#3002,#3003);
#3002 = CARTESIAN_POINT('',(-180.,-6.,37.5));
#3003 = VECTOR('',#3004,1.);
#3004 = DIRECTION('',(0.,1.,0.));
#3005 = PCURVE('',#1412,#3006);
#3006 = DEFINITIONAL_REPRESENTATION('',(#3007),#3011);
#3007 = LINE('',#3008,#3009);
#3008 = CARTESIAN_POINT('',(6.28318530718,-0.));
#3009 = VECTOR('',#3010,1.);
#3010 = DIRECTION('',(0.,1.));
#3011 = ( GEOMETRIC_REPRESENTATION_CONTEXT(2) 
PARAMETRIC_REPRESENTATION_CONTEXT() REPRESENTATION_CONTEXT('2D SPACE',''
  ) );
#3012 = PCURVE('',#1412,#3013);
#3013 = DEFINITIONAL_REPRESENTATION('',(#3014),#3018);
#3014 = LINE('',#3015,#3016);
#3015 = CARTESIAN_POINT('',(0.,-0.));
#3016 = VECTOR('',#3017,1.);
#3017 = DIRECTION('',(0.,1.));
#3018 = ( GEOMETRIC_REPRESENTATION_CONTEXT(2) 
PARAMETRIC_REPRESENTATION_CONTEXT() REPRESENTATION_CONTEXT('2D SPACE',''
  ) );
#3019 = ORIENTED_EDGE('',*,*,#1397,.F.);
#3020 = ORIENTED_EDGE('',*,*,#2997,.F.);
#3021 = ORIENTED_EDGE('',*,*,#3022,.T.);
#3022 = EDGE_CURVE('',#2998,#2998,#3023,.T.);
#3023 = SURFACE_CURVE('',#3024,(#3029,#3036),.PCURVE_S1.);
#3024 = CIRCLE('',#3025,14.);
#3025 = AXIS2_PLACEMENT_3D('',#3026,#3027,#3028);
#3026 = CARTESIAN_POINT('',(-180.,-6.,23.5));
#3027 = DIRECTION('',(0.,1.,0.));
#3028 = DIRECTION('',(0.,-0.,1.));
#3029 = PCURVE('',#1412,#3030);
#3030 = DEFINITIONAL_REPRESENTATION('',(#3031),#3035);
#3031 = LINE('',#3032,#3033);
#3032 = CARTESIAN_POINT('',(0.,0.));
#3033 = VECTOR('',#3034,1.);
#3034 = DIRECTION('',(1.,0.));
#3035 = ( GEOMETRIC_REPRESENTATION_CONTEXT(2) 
PARAMETRIC_REPRESENTATION_CONTEXT() REPRESENTATION_CONTEXT('2D SPACE',''
  ) );
#3036 = PCURVE('',#3037,#3042);
#3037 = PLANE('',#3038);
#3038 = AXIS2_PLACEMENT_3D('',#3039,#3040,#3041);
#3039 = CARTESIAN_POINT('',(-180.,-6.,23.5));
#3040 = DIRECTION('',(0.,1.,0.));
#3041 = DIRECTION('',(0.,-0.,1.));
#3042 = DEFINITIONAL_REPRESENTATION('',(#3043),#3047);
#3043 = CIRCLE('',#3044,14.);
#3044 = AXIS2_PLACEMENT_2D('',#3045,#3046);
#3045 = CARTESIAN_POINT('',(0.,0.));
#3046 = DIRECTION('',(1.,0.));
#3047 = ( GEOMETRIC_REPRESENTATION_CONTEXT(2) 
PARAMETRIC_REPRESENTATION_CONTEXT() REPRESENTATION_CONTEXT('2D SPACE',''
  ) );
#3048 = ADVANCED_FACE('',(#3049),#1466,.T.);
#3049 = FACE_BOUND('',#3050,.T.);
#3050 = EDGE_LOOP('',(#3051,#3074,#3075,#3076));
#3051 = ORIENTED_EDGE('',*,*,#3052,.T.);
#3052 = EDGE_CURVE('',#3053,#1428,#3055,.T.);
#3053 = VERTEX_POINT('',#3054);
#3054 = CARTESIAN_POINT('',(-140.,-6.,37.5));
#3055 = SEAM_CURVE('',#3056,(#3060,#3067),.PCURVE_S1.);
#3056 = LINE('',#3057,#3058);
#3057 = CARTESIAN_POINT('',(-140.,-6.,37.5));
#3058 = VECTOR('',#3059,1.);
#3059 = DIRECTION('',(0.,1.,0.));
#3060 = PCURVE('',#1466,#3061);
#3061 = DEFINITIONAL_REPRESENTATION('',(#3062),#3066);
#3062 = LINE('',#3063,#3064);
#3063 = CARTESIAN_POINT('',(6.28318530718,-0.));
#3064 = VECTOR('',#3065,1.);
#3065 = DIRECTION('',(0.,1.));
#3066 = ( GEOMETRIC_REPRESENTATION_CONTEXT(2) 
PARAMETRIC_REPRESENTATION_CONTEXT() REPRESENTATION_CONTEXT('2D SPACE',''
  ) );
#3067 = PCURVE('',#1466,#3068);
#3068 = DEFINITIONAL_REPRESENTATION('',(#3069),#3073);
#3069 = LINE('',#3070,#3071);
#3070 = CARTESIAN_POINT('',(0.,-0.));
#3071 = VECTOR('',#3072,1.);
#3072 = DIRECTION('',(0.,1.));
#3073 = ( GEOMETRIC_REPRESENTATION_CONTEXT(2) 
PARAMETRIC_REPRESENTATION_CONTEXT() REPRESENTATION_CONTEXT('2D SPACE',''
  ) );
#3074 = ORIENTED_EDGE('',*,*,#1451,.F.);
#3075 = ORIENTED_EDGE('',*,*,#3052,.F.);
#3076 = ORIENTED_EDGE('',*,*,#3077,.T.);
#3077 = EDGE_CURVE('',#3053,#3053,#3078,.T.);
#3078 = SURFACE_CURVE('',#3079,(#3084,#3091),.PCURVE_S1.);
#3079 = CIRCLE('',#3080,14.);
#3080 = AXIS2_PLACEMENT_3D('',#3081,#3082,#3083);
#3081 = CARTESIAN_POINT('',(-140.,-6.,23.5));
#3082 = DIRECTION('',(0.,1.,0.));
#3083 = DIRECTION('',(0.,-0.,1.));
#3084 = PCURVE('',#1466,#3085);
#3085 = DEFINITIONAL_REPRESENTATION('',(#3086),#3090);
#3086 = LINE('',#3087,#3088);
#3087 = CARTESIAN_POINT('',(0.,0.));
#3088 = VECTOR('',#3089,1.);
#3089 = DIRECTION('',(1.,0.));
#3090 = ( GEOMETRIC_REPRESENTATION_CONTEXT(2) 
PARAMETRIC_REPRESENTATION_CONTEXT() REPRESENTATION_CONTEXT('2D SPACE',''
  ) );
#3091 = PCURVE('',#3092,#3097);
#3092 = PLANE('',#3093);
#3093 = AXIS2_PLACEMENT_3D('',#3094,#3095,#3096);
#3094 = CARTESIAN_POINT('',(-140.,-6.,23.5));
#3095 = DIRECTION('',(0.,1.,0.));
#3096 = DIRECTION('',(0.,-0.,1.));
#3097 = DEFINITIONAL_REPRESENTATION('',(#3098),#3102);
#3098 = CIRCLE('',#3099,14.);
#3099 = AXIS2_PLACEMENT_2D('',#3100,#3101);
#3100 = CARTESIAN_POINT('',(0.,0.));
#3101 = DIRECTION('',(1.,0.));
#3102 = ( GEOMETRIC_REPRESENTATION_CONTEXT(2) 
PARAMETRIC_REPRESENTATION_CONTEXT() REPRESENTATION_CONTEXT('2D SPACE',''
  ) );
#3103 = ADVANCED_FACE('',(#3104),#1520,.T.);
#3104 = FACE_BOUND('',#3105,.T.);
#3105 = EDGE_LOOP('',(#3106,#3129,#3130,#3131));
#3106 = ORIENTED_EDGE('',*,*,#3107,.T.);
#3107 = EDGE_CURVE('',#3108,#1482,#3110,.T.);
#3108 = VERTEX_POINT('',#3109);
#3109 = CARTESIAN_POINT('',(-100.,-6.,37.5));
#3110 = SEAM_CURVE('',#3111,(#3115,#3122),.PCURVE_S1.);
#3111 = LINE('',#3112,#3113);
#3112 = CARTESIAN_POINT('',(-100.,-6.,37.5));
#3113 = VECTOR('',#3114,1.);
#3114 = DIRECTION('',(0.,1.,0.));
#3115 = PCURVE('',#1520,#3116);
#3116 = DEFINITIONAL_REPRESENTATION('',(#3117),#3121);
#3117 = LINE('',#3118,#3119);
#3118 = CARTESIAN_POINT('',(6.28318530718,-0.));
#3119 = VECTOR('',#3120,1.);
#3120 = DIRECTION('',(0.,1.));
#3121 = ( GEOMETRIC_REPRESENTATION_CONTEXT(2) 
PARAMETRIC_REPRESENTATION_CONTEXT() REPRESENTATION_CONTEXT('2D SPACE',''
  ) );
#3122 = PCURVE('',#1520,#3123);
#3123 = DEFINITIONAL_REPRESENTATION('',(#3124),#3128);
#3124 = LINE('',#3125,#3126);
#3125 = CARTESIAN_POINT('',(0.,-0.));
#3126 = VECTOR('',#3127,1.);
#3127 = DIRECTION('',(0.,1.));
#3128 = ( GEOMETRIC_REPRESENTATION_CONTEXT(2) 
PARAMETRIC_REPRESENTATION_CONTEXT() REPRESENTATION_CONTEXT('2D SPACE',''
  ) );
#3129 = ORIENTED_EDGE('',*,*,#1505,.F.);
#3130 = ORIENTED_EDGE('',*,*,#3107,.F.);
#3131 = ORIENTED_EDGE('',*,*,#3132,.T.);
#3132 = EDGE_CURVE('',#3108,#3108,#3133,.T.);
#3133 = SURFACE_CURVE('',#3134,(#3139,#3146),.PCURVE_S1.);
#3134 = CIRCLE('',#3135,14.);
#3135 = AXIS2_PLACEMENT_3D('',#3136,#3137,#3138);
#3136 = CARTESIAN_POINT('',(-100.,-6.,23.5));
#3137 = DIRECTION('',(0.,1.,0.));
#3138 = DIRECTION('',(0.,-0.,1.));
#3139 = PCURVE('',#1520,#3140);
#3140 = DEFINITIONAL_REPRESENTATION('',(#3141),#3145);
#3141 = LINE('',#3142,#3143);
#3142 = CARTESIAN_POINT('',(0.,0.));
#3143 = VECTOR('',#3144,1.);
#3144 = DIRECTION('',(1.,0.));
#3145 = ( GEOMETRIC_REPRESENTATION_CONTEXT(2) 
PARAMETRIC_REPRESENTATION_CONTEXT() REPRESENTATION_CONTEXT('2D SPACE',''
  ) );
#3146 = PCURVE('',#3147,#3152);
#3147 = PLANE('',#3148);
#3148 = AXIS2_PLACEMENT_3D('',#3149,#3150,#3151);
#3149 = CARTESIAN_POINT('',(-100.,-6.,23.5));
#3150 = DIRECTION('',(0.,1.,0.));
#3151 = DIRECTION('',(0.,-0.,1.));
#3152 = DEFINITIONAL_REPRESENTATION('',(#3153),#3157);
#3153 = CIRCLE('',#3154,14.);
#3154 = AXIS2_PLACEMENT_2D('',#3155,#3156);
#3155 = CARTESIAN_POINT('',(0.,0.));
#3156 = DIRECTION('',(1.,0.));
#3157 = ( GEOMETRIC_REPRESENTATION_CONTEXT(2) 
PARAMETRIC_REPRESENTATION_CONTEXT() REPRESENTATION_CONTEXT('2D SPACE',''
  ) );
#3158 = ADVANCED_FACE('',(#3159),#1574,.T.);
#3159 = FACE_BOUND('',#3160,.T.);
#3160 = EDGE_LOOP('',(#3161,#3184,#3185,#3186));
#3161 = ORIENTED_EDGE('',*,*,#3162,.T.);
#3162 = EDGE_CURVE('',#3163,#1536,#3165,.T.);
#3163 = VERTEX_POINT('',#3164);
#3164 = CARTESIAN_POINT('',(-60.,-6.,37.5));
#3165 = SEAM_CURVE('',#3166,(#3170,#3177),.PCURVE_S1.);
#3166 = LINE('',#3167,#3168);
#3167 = CARTESIAN_POINT('',(-60.,-6.,37.5));
#3168 = VECTOR('',#3169,1.);
#3169 = DIRECTION('',(0.,1.,0.));
#3170 = PCURVE('',#1574,#3171);
#3171 = DEFINITIONAL_REPRESENTATION('',(#3172),#3176);
#3172 = LINE('',#3173,#3174);
#3173 = CARTESIAN_POINT('',(6.28318530718,-0.));
#3174 = VECTOR('',#3175,1.);
#3175 = DIRECTION('',(0.,1.));
#3176 = ( GEOMETRIC_REPRESENTATION_CONTEXT(2) 
PARAMETRIC_REPRESENTATION_CONTEXT() REPRESENTATION_CONTEXT('2D SPACE',''
  ) );
#3177 = PCURVE('',#1574,#3178);
#3178 = DEFINITIONAL_REPRESENTATION('',(#3179),#3183);
#3179 = LINE('',#3180,#3181);
#3180 = CARTESIAN_POINT('',(0.,-0.));
#3181 = VECTOR('',#3182,1.);
#3182 = DIRECTION('',(0.,1.));
#3183 = ( GEOMETRIC_REPRESENTATION_CONTEXT(2) 
PARAMETRIC_REPRESENTATION_CONTEXT() REPRESENTATION_CONTEXT('2D SPACE',''
  ) );
#3184 = ORIENTED_EDGE('',*,*,#1559,.F.);
#3185 = ORIENTED_EDGE('',*,*,#3162,.F.);
#3186 = ORIENTED_EDGE('',*,*,#3187,.T.);
#3187 = EDGE_CURVE('',#3163,#3163,#3188,.T.);
#3188 = SURFACE_CURVE('',#3189,(#3194,#3201),.PCURVE_S1.);
#3189 = CIRCLE('',#3190,14.);
#3190 = AXIS2_PLACEMENT_3D('',#3191,#3192,#3193);
#3191 = CARTESIAN_POINT('',(-60.,-6.,23.5));
#3192 = DIRECTION('',(0.,1.,0.));
#3193 = DIRECTION('',(0.,-0.,1.));
#3194 = PCURVE('',#1574,#3195);
#3195 = DEFINITIONAL_REPRESENTATION('',(#3196),#3200);
#3196 = LINE('',#3197,#3198);
#3197 = CARTESIAN_POINT('',(0.,0.));
#3198 = VECTOR('',#3199,1.);
#3199 = DIRECTION('',(1.,0.));
#3200 = ( GEOMETRIC_REPRESENTATION_CONTEXT(2) 
PARAMETRIC_REPRESENTATION_CONTEXT() REPRESENTATION_CONTEXT('2D SPACE',''
  ) );
#3201 = PCURVE('',#3202,#3207);
#3202 = PLANE('',#3203);
#3203 = AXIS2_PLACEMENT_3D('',#3204,#3205,#3206);
#3204 = CARTESIAN_POINT('',(-60.,-6.,23.5));
#3205 = DIRECTION('',(0.,1.,0.));
#3206 = DIRECTION('',(0.,-0.,1.));
#3207 = DEFINITIONAL_REPRESENTATION('',(#3208),#3212);
#3208 = CIRCLE('',#3209,14.);
#3209 = AXIS2_PLACEMENT_2D('',#3210,#3211);
#3210 = CARTESIAN_POINT('',(0.,0.));
#3211 = DIRECTION('',(1.,0.));
#3212 = ( GEOMETRIC_REPRESENTATION_CONTEXT(2) 
PARAMETRIC_REPRESENTATION_CONTEXT() REPRESENTATION_CONTEXT('2D SPACE',''
  ) );
#3213 = ADVANCED_FACE('',(#3214),#1628,.T.);
#3214 = FACE_BOUND('',#3215,.T.);
#3215 = EDGE_LOOP('',(#3216,#3239,#3240,#3241));
#3216 = ORIENTED_EDGE('',*,*,#3217,.T.);
#3217 = EDGE_CURVE('',#3218,#1590,#3220,.T.);
#3218 = VERTEX_POINT('',#3219);
#3219 = CARTESIAN_POINT('',(-20.,-6.,37.5));
#3220 = SEAM_CURVE('',#3221,(#3225,#3232),.PCURVE_S1.);
#3221 = LINE('',#3222,#3223);
#3222 = CARTESIAN_POINT('',(-20.,-6.,37.5));
#3223 = VECTOR('',#3224,1.);
#3224 = DIRECTION('',(0.,1.,0.));
#3225 = PCURVE('',#1628,#3226);
#3226 = DEFINITIONAL_REPRESENTATION('',(#3227),#3231);
#3227 = LINE('',#3228,#3229);
#3228 = CARTESIAN_POINT('',(6.28318530718,-0.));
#3229 = VECTOR('',#3230,1.);
#3230 = DIRECTION('',(0.,1.));
#3231 = ( GEOMETRIC_REPRESENTATION_CONTEXT(2) 
PARAMETRIC_REPRESENTATION_CONTEXT() REPRESENTATION_CONTEXT('2D SPACE',''
  ) );
#3232 = PCURVE('',#1628,#3233);
#3233 = DEFINITIONAL_REPRESENTATION('',(#3234),#3238);
#3234 = LINE('',#3235,#3236);
#3235 = CARTESIAN_POINT('',(0.,-0.));
#3236 = VECTOR('',#3237,1.);
#3237 = DIRECTION('',(0.,1.));
#3238 = ( GEOMETRIC_REPRESENTATION_CONTEXT(2) 
PARAMETRIC_REPRESENTATION_CONTEXT() REPRESENTATION_CONTEXT('2D SPACE',''
  ) );
#3239 = ORIENTED_EDGE('',*,*,#1613,.F.);
#3240 = ORIENTED_EDGE('',*,*,#3217,.F.);
#3241 = ORIENTED_EDGE('',*,*,#3242,.T.);
#3242 = EDGE_CURVE('',#3218,#3218,#3243,.T.);
#3243 = SURFACE_CURVE('',#3244,(#3249,#3256),.PCURVE_S1.);
#3244 = CIRCLE('',#3245,14.);
#3245 = AXIS2_PLACEMENT_3D('',#3246,#3247,#3248);
#3246 = CARTESIAN_POINT('',(-20.,-6.,23.5));
#3247 = DIRECTION('',(0.,1.,0.));
#3248 = DIRECTION('',(0.,-0.,1.));
#3249 = PCURVE('',#1628,#3250);
#3250 = DEFINITIONAL_REPRESENTATION('',(#3251),#3255);
#3251 = LINE('',#3252,#3253);
#3252 = CARTESIAN_POINT('',(0.,0.));
#3253 = VECTOR('',#3254,1.);
#3254 = DIRECTION('',(1.,0.));
#3255 = ( GEOMETRIC_REPRESENTATION_CONTEXT(2) 
PARAMETRIC_REPRESENTATION_CONTEXT() REPRESENTATION_CONTEXT('2D SPACE',''
  ) );
#3256 = PCURVE('',#3257,#3262);
#3257 = PLANE('',#3258);
#3258 = AXIS2_PLACEMENT_3D('',#3259,#3260,#3261);
#3259 = CARTESIAN_POINT('',(-20.,-6.,23.5));
#3260 = DIRECTION('',(0.,1.,0.));
#3261 = DIRECTION('',(0.,-0.,1.));
#3262 = DEFINITIONAL_REPRESENTATION('',(#3263),#3267);
#3263 = CIRCLE('',#3264,14.);
#3264 = AXIS2_PLACEMENT_2D('',#3265,#3266);
#3265 = CARTESIAN_POINT('',(0.,0.));
#3266 = DIRECTION('',(1.,0.));
#3267 = ( GEOMETRIC_REPRESENTATION_CONTEXT(2) 
PARAMETRIC_REPRESENTATION_CONTEXT() REPRESENTATION_CONTEXT('2D SPACE',''
  ) );
#3268 = ADVANCED_FACE('',(#3269),#1682,.T.);
#3269 = FACE_BOUND('',#3270,.T.);
#3270 = EDGE_LOOP('',(#3271,#3294,#3295,#3296));
#3271 = ORIENTED_EDGE('',*,*,#3272,.T.);
#3272 = EDGE_CURVE('',#3273,#1644,#3275,.T.);
#3273 = VERTEX_POINT('',#3274);
#3274 = CARTESIAN_POINT('',(-180.,-6.,77.5));
#3275 = SEAM_CURVE('',#3276,(#3280,#3287),.PCURVE_S1.);
#3276 = LINE('',#3277,#3278);
#3277 = CARTESIAN_POINT('',(-180.,-6.,77.5));
#3278 = VECTOR('',#3279,1.);
#3279 = DIRECTION('',(0.,1.,0.));
#3280 = PCURVE('',#1682,#3281);
#3281 = DEFINITIONAL_REPRESENTATION('',(#3282),#3286);
#3282 = LINE('',#3283,#3284);
#3283 = CARTESIAN_POINT('',(6.28318530718,-0.));
#3284 = VECTOR('',#3285,1.);
#3285 = DIRECTION('',(0.,1.));
#3286 = ( GEOMETRIC_REPRESENTATION_CONTEXT(2) 
PARAMETRIC_REPRESENTATION_CONTEXT() REPRESENTATION_CONTEXT('2D SPACE',''
  ) );
#3287 = PCURVE('',#1682,#3288);
#3288 = DEFINITIONAL_REPRESENTATION('',(#3289),#3293);
#3289 = LINE('',#3290,#3291);
#3290 = CARTESIAN_POINT('',(0.,-0.));
#3291 = VECTOR('',#3292,1.);
#3292 = DIRECTION('',(0.,1.));
#3293 = ( GEOMETRIC_REPRESENTATION_CONTEXT(2) 
PARAMETRIC_REPRESENTATION_CONTEXT() REPRESENTATION_CONTEXT('2D SPACE',''
  ) );
#3294 = ORIENTED_EDGE('',*,*,#1667,.F.);
#3295 = ORIENTED_EDGE('',*,*,#3272,.F.);
#3296 = ORIENTED_EDGE('',*,*,#3297,.T.);
#3297 = EDGE_CURVE('',#3273,#3273,#3298,.T.);
#3298 = SURFACE_CURVE('',#3299,(#3304,#3311),.PCURVE_S1.);
#3299 = CIRCLE('',#3300,14.);
#3300 = AXIS2_PLACEMENT_3D('',#3301,#3302,#3303);
#3301 = CARTESIAN_POINT('',(-180.,-6.,63.5));
#3302 = DIRECTION('',(0.,1.,0.));
#3303 = DIRECTION('',(0.,-0.,1.));
#3304 = PCURVE('',#1682,#3305);
#3305 = DEFINITIONAL_REPRESENTATION('',(#3306),#3310);
#3306 = LINE('',#3307,#3308);
#3307 = CARTESIAN_POINT('',(0.,0.));
#3308 = VECTOR('',#3309,1.);
#3309 = DIRECTION('',(1.,0.));
#3310 = ( GEOMETRIC_REPRESENTATION_CONTEXT(2) 
PARAMETRIC_REPRESENTATION_CONTEXT() REPRESENTATION_CONTEXT('2D SPACE',''
  ) );
#3311 = PCURVE('',#3312,#3317);
#3312 = PLANE('',#3313);
#3313 = AXIS2_PLACEMENT_3D('',#3314,#3315,#3316);
#3314 = CARTESIAN_POINT('',(-180.,-6.,63.5));
#3315 = DIRECTION('',(0.,1.,0.));
#3316 = DIRECTION('',(0.,-0.,1.));
#3317 = DEFINITIONAL_REPRESENTATION('',(#3318),#3322);
#3318 = CIRCLE('',#3319,14.);
#3319 = AXIS2_PLACEMENT_2D('',#3320,#3321);
#3320 = CARTESIAN_POINT('',(0.,0.));
#3321 = DIRECTION('',(1.,0.));
#3322 = ( GEOMETRIC_REPRESENTATION_CONTEXT(2) 
PARAMETRIC_REPRESENTATION_CONTEXT() REPRESENTATION_CONTEXT('2D SPACE',''
  ) );
#3323 = ADVANCED_FACE('',(#3324),#1714,.F.);
#3324 = FACE_BOUND('',#3325,.F.);
#3325 = EDGE_LOOP('',(#3326));
#3326 = ORIENTED_EDGE('',*,*,#1697,.T.);
#3327 = ADVANCED_FACE('',(#3328),#1791,.T.);
#3328 = FACE_BOUND('',#3329,.T.);
#3329 = EDGE_LOOP('',(#3330,#3353,#3354,#3355));
#3330 = ORIENTED_EDGE('',*,*,#3331,.T.);
#3331 = EDGE_CURVE('',#3332,#1753,#3334,.T.);
#3332 = VERTEX_POINT('',#3333);
#3333 = CARTESIAN_POINT('',(-140.,-6.,77.5));
#3334 = SEAM_CURVE('',#3335,(#3339,#3346),.PCURVE_S1.);
#3335 = LINE('',#3336,#3337);
#3336 = CARTESIAN_POINT('',(-140.,-6.,77.5));
#3337 = VECTOR('',#3338,1.);
#3338 = DIRECTION('',(0.,1.,0.));
#3339 = PCURVE('',#1791,#3340);
#3340 = DEFINITIONAL_REPRESENTATION('',(#3341),#3345);
#3341 = LINE('',#3342,#3343);
#3342 = CARTESIAN_POINT('',(6.28318530718,-0.));
#3343 = VECTOR('',#3344,1.);
#3344 = DIRECTION('',(0.,1.));
#3345 = ( GEOMETRIC_REPRESENTATION_CONTEXT(2) 
PARAMETRIC_REPRESENTATION_CONTEXT() REPRESENTATION_CONTEXT('2D SPACE',''
  ) );
#3346 = PCURVE('',#1791,#3347);
#3347 = DEFINITIONAL_REPRESENTATION('',(#3348),#3352);
#3348 = LINE('',#3349,#3350);
#3349 = CARTESIAN_POINT('',(0.,-0.));
#3350 = VECTOR('',#3351,1.);
#3351 = DIRECTION('',(0.,1.));
#3352 = ( GEOMETRIC_REPRESENTATION_CONTEXT(2) 
PARAMETRIC_REPRESENTATION_CONTEXT() REPRESENTATION_CONTEXT('2D SPACE',''
  ) );
#3353 = ORIENTED_EDGE('',*,*,#1776,.F.);
#3354 = ORIENTED_EDGE('',*,*,#3331,.F.);
#3355 = ORIENTED_EDGE('',*,*,#3356,.T.);
#3356 = EDGE_CURVE('',#3332,#3332,#3357,.T.);
#3357 = SURFACE_CURVE('',#3358,(#3363,#3370),.PCURVE_S1.);
#3358 = CIRCLE('',#3359,14.);
#3359 = AXIS2_PLACEMENT_3D('',#3360,#3361,#3362);
#3360 = CARTESIAN_POINT('',(-140.,-6.,63.5));
#3361 = DIRECTION('',(0.,1.,0.));
#3362 = DIRECTION('',(0.,-0.,1.));
#3363 = PCURVE('',#1791,#3364);
#3364 = DEFINITIONAL_REPRESENTATION('',(#3365),#3369);
#3365 = LINE('',#3366,#3367);
#3366 = CARTESIAN_POINT('',(0.,0.));
#3367 = VECTOR('',#3368,1.);
#3368 = DIRECTION('',(1.,0.));
#3369 = ( GEOMETRIC_REPRESENTATION_CONTEXT(2) 
PARAMETRIC_REPRESENTATION_CONTEXT() REPRESENTATION_CONTEXT('2D SPACE',''
  ) );
#3370 = PCURVE('',#3371,#3376);
#3371 = PLANE('',#3372);
#3372 = AXIS2_PLACEMENT_3D('',#3373,#3374,#3375);
#3373 = CARTESIAN_POINT('',(-140.,-6.,63.5));
#3374 = DIRECTION('',(0.,1.,0.));
#3375 = DIRECTION('',(0.,-0.,1.));
#3376 = DEFINITIONAL_REPRESENTATION('',(#3377),#3381);
#3377 = CIRCLE('',#3378,14.);
#3378 = AXIS2_PLACEMENT_2D('',#3379,#3380);
#3379 = CARTESIAN_POINT('',(0.,0.));
#3380 = DIRECTION('',(1.,0.));
#3381 = ( GEOMETRIC_REPRESENTATION_CONTEXT(2) 
PARAMETRIC_REPRESENTATION_CONTEXT() REPRESENTATION_CONTEXT('2D SPACE',''
  ) );
#3382 = ADVANCED_FACE('',(#3383),#1845,.T.);
#3383 = FACE_BOUND('',#3384,.T.);
#3384 = EDGE_LOOP('',(#3385,#3408,#3409,#3410));
#3385 = ORIENTED_EDGE('',*,*,#3386,.T.);
#3386 = EDGE_CURVE('',#3387,#1807,#3389,.T.);
#3387 = VERTEX_POINT('',#3388);
#3388 = CARTESIAN_POINT('',(-100.,-6.,77.5));
#3389 = SEAM_CURVE('',#3390,(#3394,#3401),.PCURVE_S1.);
#3390 = LINE('',#3391,#3392);
#3391 = CARTESIAN_POINT('',(-100.,-6.,77.5));
#3392 = VECTOR('',#3393,1.);
#3393 = DIRECTION('',(0.,1.,0.));
#3394 = PCURVE('',#1845,#3395);
#3395 = DEFINITIONAL_REPRESENTATION('',(#3396),#3400);
#3396 = LINE('',#3397,#3398);
#3397 = CARTESIAN_POINT('',(6.28318530718,-0.));
#3398 = VECTOR('',#3399,1.);
#3399 = DIRECTION('',(0.,1.));
#3400 = ( GEOMETRIC_REPRESENTATION_CONTEXT(2) 
PARAMETRIC_REPRESENTATION_CONTEXT() REPRESENTATION_CONTEXT('2D SPACE',''
  ) );
#3401 = PCURVE('',#1845,#3402);
#3402 = DEFINITIONAL_REPRESENTATION('',(#3403),#3407);
#3403 = LINE('',#3404,#3405);
#3404 = CARTESIAN_POINT('',(0.,-0.));
#3405 = VECTOR('',#3406,1.);
#3406 = DIRECTION('',(0.,1.));
#3407 = ( GEOMETRIC_REPRESENTATION_CONTEXT(2) 
PARAMETRIC_REPRESENTATION_CONTEXT() REPRESENTATION_CONTEXT('2D SPACE',''
  ) );
#3408 = ORIENTED_EDGE('',*,*,#1830,.F.);
#3409 = ORIENTED_EDGE('',*,*,#3386,.F.);
#3410 = ORIENTED_EDGE('',*,*,#3411,.T.);
#3411 = EDGE_CURVE('',#3387,#3387,#3412,.T.);
#3412 = SURFACE_CURVE('',#3413,(#3418,#3425),.PCURVE_S1.);
#3413 = CIRCLE('',#3414,14.);
#3414 = AXIS2_PLACEMENT_3D('',#3415,#3416,#3417);
#3415 = CARTESIAN_POINT('',(-100.,-6.,63.5));
#3416 = DIRECTION('',(0.,1.,0.));
#3417 = DIRECTION('',(0.,-0.,1.));
#3418 = PCURVE('',#1845,#3419);
#3419 = DEFINITIONAL_REPRESENTATION('',(#3420),#3424);
#3420 = LINE('',#3421,#3422);
#3421 = CARTESIAN_POINT('',(0.,0.));
#3422 = VECTOR('',#3423,1.);
#3423 = DIRECTION('',(1.,0.));
#3424 = ( GEOMETRIC_REPRESENTATION_CONTEXT(2) 
PARAMETRIC_REPRESENTATION_CONTEXT() REPRESENTATION_CONTEXT('2D SPACE',''
  ) );
#3425 = PCURVE('',#3426,#3431);
#3426 = PLANE('',#3427);
#3427 = AXIS2_PLACEMENT_3D('',#3428,#3429,#3430);
#3428 = CARTESIAN_POINT('',(-100.,-6.,63.5));
#3429 = DIRECTION('',(0.,1.,0.));
#3430 = DIRECTION('',(0.,-0.,1.));
#3431 = DEFINITIONAL_REPRESENTATION('',(#3432),#3436);
#3432 = CIRCLE('',#3433,14.);
#3433 = AXIS2_PLACEMENT_2D('',#3434,#3435);
#3434 = CARTESIAN_POINT('',(0.,0.));
#3435 = DIRECTION('',(1.,0.));
#3436 = ( GEOMETRIC_REPRESENTATION_CONTEXT(2) 
PARAMETRIC_REPRESENTATION_CONTEXT() REPRESENTATION_CONTEXT('2D SPACE',''
  ) );
#3437 = ADVANCED_FACE('',(#3438),#1899,.T.);
#3438 = FACE_BOUND('',#3439,.T.);
#3439 = EDGE_LOOP('',(#3440,#3463,#3464,#3465));
#3440 = ORIENTED_EDGE('',*,*,#3441,.T.);
#3441 = EDGE_CURVE('',#3442,#1861,#3444,.T.);
#3442 = VERTEX_POINT('',#3443);
#3443 = CARTESIAN_POINT('',(-60.,-6.,77.5));
#3444 = SEAM_CURVE('',#3445,(#3449,#3456),.PCURVE_S1.);
#3445 = LINE('',#3446,#3447);
#3446 = CARTESIAN_POINT('',(-60.,-6.,77.5));
#3447 = VECTOR('',#3448,1.);
#3448 = DIRECTION('',(0.,1.,0.));
#3449 = PCURVE('',#1899,#3450);
#3450 = DEFINITIONAL_REPRESENTATION('',(#3451),#3455);
#3451 = LINE('',#3452,#3453);
#3452 = CARTESIAN_POINT('',(6.28318530718,-0.));
#3453 = VECTOR('',#3454,1.);
#3454 = DIRECTION('',(0.,1.));
#3455 = ( GEOMETRIC_REPRESENTATION_CONTEXT(2) 
PARAMETRIC_REPRESENTATION_CONTEXT() REPRESENTATION_CONTEXT('2D SPACE',''
  ) );
#3456 = PCURVE('',#1899,#3457);
#3457 = DEFINITIONAL_REPRESENTATION('',(#3458),#3462);
#3458 = LINE('',#3459,#3460);
#3459 = CARTESIAN_POINT('',(0.,-0.));
#3460 = VECTOR('',#3461,1.);
#3461 = DIRECTION('',(0.,1.));
#3462 = ( GEOMETRIC_REPRESENTATION_CONTEXT(2) 
PARAMETRIC_REPRESENTATION_CONTEXT() REPRESENTATION_CONTEXT('2D SPACE',''
  ) );
#3463 = ORIENTED_EDGE('',*,*,#1884,.F.);
#3464 = ORIENTED_EDGE('',*,*,#3441,.F.);
#3465 = ORIENTED_EDGE('',*,*,#3466,.T.);
#3466 = EDGE_CURVE('',#3442,#3442,#3467,.T.);
#3467 = SURFACE_CURVE('',#3468,(#3473,#3480),.PCURVE_S1.);
#3468 = CIRCLE('',#3469,14.);
#3469 = AXIS2_PLACEMENT_3D('',#3470,#3471,#3472);
#3470 = CARTESIAN_POINT('',(-60.,-6.,63.5));
#3471 = DIRECTION('',(0.,1.,0.));
#3472 = DIRECTION('',(0.,-0.,1.));
#3473 = PCURVE('',#1899,#3474);
#3474 = DEFINITIONAL_REPRESENTATION('',(#3475),#3479);
#3475 = LINE('',#3476,#3477);
#3476 = CARTESIAN_POINT('',(0.,0.));
#3477 = VECTOR('',#3478,1.);
#3478 = DIRECTION('',(1.,0.));
#3479 = ( GEOMETRIC_REPRESENTATION_CONTEXT(2) 
PARAMETRIC_REPRESENTATION_CONTEXT() REPRESENTATION_CONTEXT('2D SPACE',''
  ) );
#3480 = PCURVE('',#3481,#3486);
#3481 = PLANE('',#3482);
#3482 = AXIS2_PLACEMENT_3D('',#3483,#3484,#3485);
#3483 = CARTESIAN_POINT('',(-60.,-6.,63.5));
#3484 = DIRECTION('',(0.,1.,0.));
#3485 = DIRECTION('',(0.,-0.,1.));
#3486 = DEFINITIONAL_REPRESENTATION('',(#3487),#3491);
#3487 = CIRCLE('',#3488,14.);
#3488 = AXIS2_PLACEMENT_2D('',#3489,#3490);
#3489 = CARTESIAN_POINT('',(0.,0.));
#3490 = DIRECTION('',(1.,0.));
#3491 = ( GEOMETRIC_REPRESENTATION_CONTEXT(2) 
PARAMETRIC_REPRESENTATION_CONTEXT() REPRESENTATION_CONTEXT('2D SPACE',''
  ) );
#3492 = ADVANCED_FACE('',(#3493),#1953,.T.);
#3493 = FACE_BOUND('',#3494,.T.);
#3494 = EDGE_LOOP('',(#3495,#3518,#3519,#3520));
#3495 = ORIENTED_EDGE('',*,*,#3496,.T.);
#3496 = EDGE_CURVE('',#3497,#1915,#3499,.T.);
#3497 = VERTEX_POINT('',#3498);
#3498 = CARTESIAN_POINT('',(-20.,-6.,77.5));
#3499 = SEAM_CURVE('',#3500,(#3504,#3511),.PCURVE_S1.);
#3500 = LINE('',#3501,#3502);
#3501 = CARTESIAN_POINT('',(-20.,-6.,77.5));
#3502 = VECTOR('',#3503,1.);
#3503 = DIRECTION('',(0.,1.,0.));
#3504 = PCURVE('',#1953,#3505);
#3505 = DEFINITIONAL_REPRESENTATION('',(#3506),#3510);
#3506 = LINE('',#3507,#3508);
#3507 = CARTESIAN_POINT('',(6.28318530718,-0.));
#3508 = VECTOR('',#3509,1.);
#3509 = DIRECTION('',(0.,1.));
#3510 = ( GEOMETRIC_REPRESENTATION_CONTEXT(2) 
PARAMETRIC_REPRESENTATION_CONTEXT() REPRESENTATION_CONTEXT('2D SPACE',''
  ) );
#3511 = PCURVE('',#1953,#3512);
#3512 = DEFINITIONAL_REPRESENTATION('',(#3513),#3517);
#3513 = LINE('',#3514,#3515);
#3514 = CARTESIAN_POINT('',(0.,-0.));
#3515 = VECTOR('',#3516,1.);
#3516 = DIRECTION('',(0.,1.));
#3517 = ( GEOMETRIC_REPRESENTATION_CONTEXT(2) 
PARAMETRIC_REPRESENTATION_CONTEXT() REPRESENTATION_CONTEXT('2D SPACE',''
  ) );
#3518 = ORIENTED_EDGE('',*,*,#1938,.F.);
#3519 = ORIENTED_EDGE('',*,*,#3496,.F.);
#3520 = ORIENTED_EDGE('',*,*,#3521,.T.);
#3521 = EDGE_CURVE('',#3497,#3497,#3522,.T.);
#3522 = SURFACE_CURVE('',#3523,(#3528,#3535),.PCURVE_S1.);
#3523 = CIRCLE('',#3524,14.);
#3524 = AXIS2_PLACEMENT_3D('',#3525,#3526,#3527);
#3525 = CARTESIAN_POINT('',(-20.,-6.,63.5));
#3526 = DIRECTION('',(0.,1.,0.));
#3527 = DIRECTION('',(0.,-0.,1.));
#3528 = PCURVE('',#1953,#3529);
#3529 = DEFINITIONAL_REPRESENTATION('',(#3530),#3534);
#3530 = LINE('',#3531,#3532);
#3531 = CARTESIAN_POINT('',(0.,0.));
#3532 = VECTOR('',#3533,1.);
#3533 = DIRECTION('',(1.,0.));
#3534 = ( GEOMETRIC_REPRESENTATION_CONTEXT(2) 
PARAMETRIC_REPRESENTATION_CONTEXT() REPRESENTATION_CONTEXT('2D SPACE',''
  ) );
#3535 = PCURVE('',#3536,#3541);
#3536 = PLANE('',#3537);
#3537 = AXIS2_PLACEMENT_3D('',#3538,#3539,#3540);
#3538 = CARTESIAN_POINT('',(-20.,-6.,63.5));
#3539 = DIRECTION('',(0.,1.,0.));
#3540 = DIRECTION('',(0.,-0.,1.));
#3541 = DEFINITIONAL_REPRESENTATION('',(#3542),#3546);
#3542 = CIRCLE('',#3543,14.);
#3543 = AXIS2_PLACEMENT_2D('',#3544,#3545);
#3544 = CARTESIAN_POINT('',(0.,0.));
#3545 = DIRECTION('',(1.,0.));
#3546 = ( GEOMETRIC_REPRESENTATION_CONTEXT(2) 
PARAMETRIC_REPRESENTATION_CONTEXT() REPRESENTATION_CONTEXT('2D SPACE',''
  ) );
#3547 = ADVANCED_FACE('',(#3548),#1985,.F.);
#3548 = FACE_BOUND('',#3549,.F.);
#3549 = EDGE_LOOP('',(#3550));
#3550 = ORIENTED_EDGE('',*,*,#1968,.T.);
#3551 = ADVANCED_FACE('',(#3552),#2062,.T.);
#3552 = FACE_BOUND('',#3553,.T.);
#3553 = EDGE_LOOP('',(#3554,#3577,#3578,#3579));
#3554 = ORIENTED_EDGE('',*,*,#3555,.T.);
#3555 = EDGE_CURVE('',#3556,#2024,#3558,.T.);
#3556 = VERTEX_POINT('',#3557);
#3557 = CARTESIAN_POINT('',(20.,-6.,37.5));
#3558 = SEAM_CURVE('',#3559,(#3563,#3570),.PCURVE_S1.);
#3559 = LINE('',#3560,#3561);
#3560 = CARTESIAN_POINT('',(20.,-6.,37.5));
#3561 = VECTOR('',#3562,1.);
#3562 = DIRECTION('',(0.,1.,0.));
#3563 = PCURVE('',#2062,#3564);
#3564 = DEFINITIONAL_REPRESENTATION('',(#3565),#3569);
#3565 = LINE('',#3566,#3567);
#3566 = CARTESIAN_POINT('',(6.28318530718,-0.));
#3567 = VECTOR('',#3568,1.);
#3568 = DIRECTION('',(0.,1.));
#3569 = ( GEOMETRIC_REPRESENTATION_CONTEXT(2) 
PARAMETRIC_REPRESENTATION_CONTEXT() REPRESENTATION_CONTEXT('2D SPACE',''
  ) );
#3570 = PCURVE('',#2062,#3571);
#3571 = DEFINITIONAL_REPRESENTATION('',(#3572),#3576);
#3572 = LINE('',#3573,#3574);
#3573 = CARTESIAN_POINT('',(0.,-0.));
#3574 = VECTOR('',#3575,1.);
#3575 = DIRECTION('',(0.,1.));
#3576 = ( GEOMETRIC_REPRESENTATION_CONTEXT(2) 
PARAMETRIC_REPRESENTATION_CONTEXT() REPRESENTATION_CONTEXT('2D SPACE',''
  ) );
#3577 = ORIENTED_EDGE('',*,*,#2047,.F.);
#3578 = ORIENTED_EDGE('',*,*,#3555,.F.);
#3579 = ORIENTED_EDGE('',*,*,#3580,.T.);
#3580 = EDGE_CURVE('',#3556,#3556,#3581,.T.);
#3581 = SURFACE_CURVE('',#3582,(#3587,#3594),.PCURVE_S1.);
#3582 = CIRCLE('',#3583,14.);
#3583 = AXIS2_PLACEMENT_3D('',#3584,#3585,#3586);
#3584 = CARTESIAN_POINT('',(20.,-6.,23.5));
#3585 = DIRECTION('',(0.,1.,0.));
#3586 = DIRECTION('',(0.,-0.,1.));
#3587 = PCURVE('',#2062,#3588);
#3588 = DEFINITIONAL_REPRESENTATION('',(#3589),#3593);
#3589 = LINE('',#3590,#3591);
#3590 = CARTESIAN_POINT('',(0.,0.));
#3591 = VECTOR('',#3592,1.);
#3592 = DIRECTION('',(1.,0.));
#3593 = ( GEOMETRIC_REPRESENTATION_CONTEXT(2) 
PARAMETRIC_REPRESENTATION_CONTEXT() REPRESENTATION_CONTEXT('2D SPACE',''
  ) );
#3594 = PCURVE('',#3595,#3600);
#3595 = PLANE('',#3596);
#3596 = AXIS2_PLACEMENT_3D('',#3597,#3598,#3599);
#3597 = CARTESIAN_POINT('',(20.,-6.,23.5));
#3598 = DIRECTION('',(0.,1.,0.));
#3599 = DIRECTION('',(0.,-0.,1.));
#3600 = DEFINITIONAL_REPRESENTATION('',(#3601),#3605);
#3601 = CIRCLE('',#3602,14.);
#3602 = AXIS2_PLACEMENT_2D('',#3603,#3604);
#3603 = CARTESIAN_POINT('',(0.,0.));
#3604 = DIRECTION('',(1.,0.));
#3605 = ( GEOMETRIC_REPRESENTATION_CONTEXT(2) 
PARAMETRIC_REPRESENTATION_CONTEXT() REPRESENTATION_CONTEXT('2D SPACE',''
  ) );
#3606 = ADVANCED_FACE('',(#3607),#2116,.T.);
#3607 = FACE_BOUND('',#3608,.T.);
#3608 = EDGE_LOOP('',(#3609,#3632,#3633,#3634));
#3609 = ORIENTED_EDGE('',*,*,#3610,.T.);
#3610 = EDGE_CURVE('',#3611,#2078,#3613,.T.);
#3611 = VERTEX_POINT('',#3612);
#3612 = CARTESIAN_POINT('',(60.,-6.,37.5));
#3613 = SEAM_CURVE('',#3614,(#3618,#3625),.PCURVE_S1.);
#3614 = LINE('',#3615,#3616);
#3615 = CARTESIAN_POINT('',(60.,-6.,37.5));
#3616 = VECTOR('',#3617,1.);
#3617 = DIRECTION('',(0.,1.,0.));
#3618 = PCURVE('',#2116,#3619);
#3619 = DEFINITIONAL_REPRESENTATION('',(#3620),#3624);
#3620 = LINE('',#3621,#3622);
#3621 = CARTESIAN_POINT('',(6.28318530718,-0.));
#3622 = VECTOR('',#3623,1.);
#3623 = DIRECTION('',(0.,1.));
#3624 = ( GEOMETRIC_REPRESENTATION_CONTEXT(2) 
PARAMETRIC_REPRESENTATION_CONTEXT() REPRESENTATION_CONTEXT('2D SPACE',''
  ) );
#3625 = PCURVE('',#2116,#3626);
#3626 = DEFINITIONAL_REPRESENTATION('',(#3627),#3631);
#3627 = LINE('',#3628,#3629);
#3628 = CARTESIAN_POINT('',(0.,-0.));
#3629 = VECTOR('',#3630,1.);
#3630 = DIRECTION('',(0.,1.));
#3631 = ( GEOMETRIC_REPRESENTATION_CONTEXT(2) 
PARAMETRIC_REPRESENTATION_CONTEXT() REPRESENTATION_CONTEXT('2D SPACE',''
  ) );
#3632 = ORIENTED_EDGE('',*,*,#2101,.F.);
#3633 = ORIENTED_EDGE('',*,*,#3610,.F.);
#3634 = ORIENTED_EDGE('',*,*,#3635,.T.);
#3635 = EDGE_CURVE('',#3611,#3611,#3636,.T.);
#3636 = SURFACE_CURVE('',#3637,(#3642,#3649),.PCURVE_S1.);
#3637 = CIRCLE('',#3638,14.);
#3638 = AXIS2_PLACEMENT_3D('',#3639,#3640,#3641);
#3639 = CARTESIAN_POINT('',(60.,-6.,23.5));
#3640 = DIRECTION('',(0.,1.,0.));
#3641 = DIRECTION('',(0.,-0.,1.));
#3642 = PCURVE('',#2116,#3643);
#3643 = DEFINITIONAL_REPRESENTATION('',(#3644),#3648);
#3644 = LINE('',#3645,#3646);
#3645 = CARTESIAN_POINT('',(0.,0.));
#3646 = VECTOR('',#3647,1.);
#3647 = DIRECTION('',(1.,0.));
#3648 = ( GEOMETRIC_REPRESENTATION_CONTEXT(2) 
PARAMETRIC_REPRESENTATION_CONTEXT() REPRESENTATION_CONTEXT('2D SPACE',''
  ) );
#3649 = PCURVE('',#3650,#3655);
#3650 = PLANE('',#3651);
#3651 = AXIS2_PLACEMENT_3D('',#3652,#3653,#3654);
#3652 = CARTESIAN_POINT('',(60.,-6.,23.5));
#3653 = DIRECTION('',(0.,1.,0.));
#3654 = DIRECTION('',(0.,-0.,1.));
#3655 = DEFINITIONAL_REPRESENTATION('',(#3656),#3660);
#3656 = CIRCLE('',#3657,14.);
#3657 = AXIS2_PLACEMENT_2D('',#3658,#3659);
#3658 = CARTESIAN_POINT('',(0.,0.));
#3659 = DIRECTION('',(1.,0.));
#3660 = ( GEOMETRIC_REPRESENTATION_CONTEXT(2) 
PARAMETRIC_REPRESENTATION_CONTEXT() REPRESENTATION_CONTEXT('2D SPACE',''
  ) );
#3661 = ADVANCED_FACE('',(#3662),#2170,.T.);
#3662 = FACE_BOUND('',#3663,.T.);
#3663 = EDGE_LOOP('',(#3664,#3687,#3688,#3689));
#3664 = ORIENTED_EDGE('',*,*,#3665,.T.);
#3665 = EDGE_CURVE('',#3666,#2132,#3668,.T.);
#3666 = VERTEX_POINT('',#3667);
#3667 = CARTESIAN_POINT('',(100.,-6.,37.5));
#3668 = SEAM_CURVE('',#3669,(#3673,#3680),.PCURVE_S1.);
#3669 = LINE('',#3670,#3671);
#3670 = CARTESIAN_POINT('',(100.,-6.,37.5));
#3671 = VECTOR('',#3672,1.);
#3672 = DIRECTION('',(0.,1.,0.));
#3673 = PCURVE('',#2170,#3674);
#3674 = DEFINITIONAL_REPRESENTATION('',(#3675),#3679);
#3675 = LINE('',#3676,#3677);
#3676 = CARTESIAN_POINT('',(6.28318530718,-0.));
#3677 = VECTOR('',#3678,1.);
#3678 = DIRECTION('',(0.,1.));
#3679 = ( GEOMETRIC_REPRESENTATION_CONTEXT(2) 
PARAMETRIC_REPRESENTATION_CONTEXT() REPRESENTATION_CONTEXT('2D SPACE',''
  ) );
#3680 = PCURVE('',#2170,#3681);
#3681 = DEFINITIONAL_REPRESENTATION('',(#3682),#3686);
#3682 = LINE('',#3683,#3684);
#3683 = CARTESIAN_POINT('',(0.,-0.));
#3684 = VECTOR('',#3685,1.);
#3685 = DIRECTION('',(0.,1.));
#3686 = ( GEOMETRIC_REPRESENTATION_CONTEXT(2) 
PARAMETRIC_REPRESENTATION_CONTEXT() REPRESENTATION_CONTEXT('2D SPACE',''
  ) );
#3687 = ORIENTED_EDGE('',*,*,#2155,.F.);
#3688 = ORIENTED_EDGE('',*,*,#3665,.F.);
#3689 = ORIENTED_EDGE('',*,*,#3690,.T.);
#3690 = EDGE_CURVE('',#3666,#3666,#3691,.T.);
#3691 = SURFACE_CURVE('',#3692,(#3697,#3704),.PCURVE_S1.);
#3692 = CIRCLE('',#3693,14.);
#3693 = AXIS2_PLACEMENT_3D('',#3694,#3695,#3696);
#3694 = CARTESIAN_POINT('',(100.,-6.,23.5));
#3695 = DIRECTION('',(0.,1.,0.));
#3696 = DIRECTION('',(0.,-0.,1.));
#3697 = PCURVE('',#2170,#3698);
#3698 = DEFINITIONAL_REPRESENTATION('',(#3699),#3703);
#3699 = LINE('',#3700,#3701);
#3700 = CARTESIAN_POINT('',(0.,0.));
#3701 = VECTOR('',#3702,1.);
#3702 = DIRECTION('',(1.,0.));
#3703 = ( GEOMETRIC_REPRESENTATION_CONTEXT(2) 
PARAMETRIC_REPRESENTATION_CONTEXT() REPRESENTATION_CONTEXT('2D SPACE',''
  ) );
#3704 = PCURVE('',#3705,#3710);
#3705 = PLANE('',#3706);
#3706 = AXIS2_PLACEMENT_3D('',#3707,#3708,#3709);
#3707 = CARTESIAN_POINT('',(100.,-6.,23.5));
#3708 = DIRECTION('',(0.,1.,0.));
#3709 = DIRECTION('',(0.,-0.,1.));
#3710 = DEFINITIONAL_REPRESENTATION('',(#3711),#3715);
#3711 = CIRCLE('',#3712,14.);
#3712 = AXIS2_PLACEMENT_2D('',#3713,#3714);
#3713 = CARTESIAN_POINT('',(0.,0.));
#3714 = DIRECTION('',(1.,0.));
#3715 = ( GEOMETRIC_REPRESENTATION_CONTEXT(2) 
PARAMETRIC_REPRESENTATION_CONTEXT() REPRESENTATION_CONTEXT('2D SPACE',''
  ) );
#3716 = ADVANCED_FACE('',(#3717),#2224,.T.);
#3717 = FACE_BOUND('',#3718,.T.);
#3718 = EDGE_LOOP('',(#3719,#3742,#3743,#3744));
#3719 = ORIENTED_EDGE('',*,*,#3720,.T.);
#3720 = EDGE_CURVE('',#3721,#2186,#3723,.T.);
#3721 = VERTEX_POINT('',#3722);
#3722 = CARTESIAN_POINT('',(140.,-6.,37.5));
#3723 = SEAM_CURVE('',#3724,(#3728,#3735),.PCURVE_S1.);
#3724 = LINE('',#3725,#3726);
#3725 = CARTESIAN_POINT('',(140.,-6.,37.5));
#3726 = VECTOR('',#3727,1.);
#3727 = DIRECTION('',(0.,1.,0.));
#3728 = PCURVE('',#2224,#3729);
#3729 = DEFINITIONAL_REPRESENTATION('',(#3730),#3734);
#3730 = LINE('',#3731,#3732);
#3731 = CARTESIAN_POINT('',(6.28318530718,-0.));
#3732 = VECTOR('',#3733,1.);
#3733 = DIRECTION('',(0.,1.));
#3734 = ( GEOMETRIC_REPRESENTATION_CONTEXT(2) 
PARAMETRIC_REPRESENTATION_CONTEXT() REPRESENTATION_CONTEXT('2D SPACE',''
  ) );
#3735 = PCURVE('',#2224,#3736);
#3736 = DEFINITIONAL_REPRESENTATION('',(#3737),#3741);
#3737 = LINE('',#3738,#3739);
#3738 = CARTESIAN_POINT('',(0.,-0.));
#3739 = VECTOR('',#3740,1.);
#3740 = DIRECTION('',(0.,1.));
#3741 = ( GEOMETRIC_REPRESENTATION_CONTEXT(2) 
PARAMETRIC_REPRESENTATION_CONTEXT() REPRESENTATION_CONTEXT('2D SPACE',''
  ) );
#3742 = ORIENTED_EDGE('',*,*,#2209,.F.);
#3743 = ORIENTED_EDGE('',*,*,#3720,.F.);
#3744 = ORIENTED_EDGE('',*,*,#3745,.T.);
#3745 = EDGE_CURVE('',#3721,#3721,#3746,.T.);
#3746 = SURFACE_CURVE('',#3747,(#3752,#3759),.PCURVE_S1.);
#3747 = CIRCLE('',#3748,14.);
#3748 = AXIS2_PLACEMENT_3D('',#3749,#3750,#3751);
#3749 = CARTESIAN_POINT('',(140.,-6.,23.5));
#3750 = DIRECTION('',(0.,1.,0.));
#3751 = DIRECTION('',(0.,-0.,1.));
#3752 = PCURVE('',#2224,#3753);
#3753 = DEFINITIONAL_REPRESENTATION('',(#3754),#3758);
#3754 = LINE('',#3755,#3756);
#3755 = CARTESIAN_POINT('',(0.,0.));
#3756 = VECTOR('',#3757,1.);
#3757 = DIRECTION('',(1.,0.));
#3758 = ( GEOMETRIC_REPRESENTATION_CONTEXT(2) 
PARAMETRIC_REPRESENTATION_CONTEXT() REPRESENTATION_CONTEXT('2D SPACE',''
  ) );
#3759 = PCURVE('',#3760,#3765);
#3760 = PLANE('',#3761);
#3761 = AXIS2_PLACEMENT_3D('',#3762,#3763,#3764);
#3762 = CARTESIAN_POINT('',(140.,-6.,23.5));
#3763 = DIRECTION('',(0.,1.,0.));
#3764 = DIRECTION('',(0.,-0.,1.));
#3765 = DEFINITIONAL_REPRESENTATION('',(#3766),#3770);
#3766 = CIRCLE('',#3767,14.);
#3767 = AXIS2_PLACEMENT_2D('',#3768,#3769);
#3768 = CARTESIAN_POINT('',(0.,0.));
#3769 = DIRECTION('',(1.,0.));
#3770 = ( GEOMETRIC_REPRESENTATION_CONTEXT(2) 
PARAMETRIC_REPRESENTATION_CONTEXT() REPRESENTATION_CONTEXT('2D SPACE',''
  ) );
#3771 = ADVANCED_FACE('',(#3772),#2256,.F.);
#3772 = FACE_BOUND('',#3773,.F.);
#3773 = EDGE_LOOP('',(#3774));
#3774 = ORIENTED_EDGE('',*,*,#2239,.T.);
#3775 = ADVANCED_FACE('',(#3776),#2333,.T.);
#3776 = FACE_BOUND('',#3777,.T.);
#3777 = EDGE_LOOP('',(#3778,#3801,#3802,#3803));
#3778 = ORIENTED_EDGE('',*,*,#3779,.T.);
#3779 = EDGE_CURVE('',#3780,#2295,#3782,.T.);
#3780 = VERTEX_POINT('',#3781);
#3781 = CARTESIAN_POINT('',(180.,-6.,37.5));
#3782 = SEAM_CURVE('',#3783,(#3787,#3794),.PCURVE_S1.);
#3783 = LINE('',#3784,#3785);
#3784 = CARTESIAN_POINT('',(180.,-6.,37.5));
#3785 = VECTOR('',#3786,1.);
#3786 = DIRECTION('',(0.,1.,0.));
#3787 = PCURVE('',#2333,#3788);
#3788 = DEFINITIONAL_REPRESENTATION('',(#3789),#3793);
#3789 = LINE('',#3790,#3791);
#3790 = CARTESIAN_POINT('',(6.28318530718,-0.));
#3791 = VECTOR('',#3792,1.);
#3792 = DIRECTION('',(0.,1.));
#3793 = ( GEOMETRIC_REPRESENTATION_CONTEXT(2) 
PARAMETRIC_REPRESENTATION_CONTEXT() REPRESENTATION_CONTEXT('2D SPACE',''
  ) );
#3794 = PCURVE('',#2333,#3795);
#3795 = DEFINITIONAL_REPRESENTATION('',(#3796),#3800);
#3796 = LINE('',#3797,#3798);
#3797 = CARTESIAN_POINT('',(0.,-0.));
#3798 = VECTOR('',#3799,1.);
#3799 = DIRECTION('',(0.,1.));
#3800 = ( GEOMETRIC_REPRESENTATION_CONTEXT(2) 
PARAMETRIC_REPRESENTATION_CONTEXT() REPRESENTATION_CONTEXT('2D SPACE',''
  ) );
#3801 = ORIENTED_EDGE('',*,*,#2318,.F.);
#3802 = ORIENTED_EDGE('',*,*,#3779,.F.);
#3803 = ORIENTED_EDGE('',*,*,#3804,.T.);
#3804 = EDGE_CURVE('',#3780,#3780,#3805,.T.);
#3805 = SURFACE_CURVE('',#3806,(#3811,#3818),.PCURVE_S1.);
#3806 = CIRCLE('',#3807,14.);
#3807 = AXIS2_PLACEMENT_3D('',#3808,#3809,#3810);
#3808 = CARTESIAN_POINT('',(180.,-6.,23.5));
#3809 = DIRECTION('',(0.,1.,0.));
#3810 = DIRECTION('',(0.,-0.,1.));
#3811 = PCURVE('',#2333,#3812);
#3812 = DEFINITIONAL_REPRESENTATION('',(#3813),#3817);
#3813 = LINE('',#3814,#3815);
#3814 = CARTESIAN_POINT('',(0.,0.));
#3815 = VECTOR('',#3816,1.);
#3816 = DIRECTION('',(1.,0.));
#3817 = ( GEOMETRIC_REPRESENTATION_CONTEXT(2) 
PARAMETRIC_REPRESENTATION_CONTEXT() REPRESENTATION_CONTEXT('2D SPACE',''
  ) );
#3818 = PCURVE('',#3819,#3824);
#3819 = PLANE('',#3820);
#3820 = AXIS2_PLACEMENT_3D('',#3821,#3822,#3823);
#3821 = CARTESIAN_POINT('',(180.,-6.,23.5));
#3822 = DIRECTION('',(0.,1.,0.));
#3823 = DIRECTION('',(0.,-0.,1.));
#3824 = DEFINITIONAL_REPRESENTATION('',(#3825),#3829);
#3825 = CIRCLE('',#3826,14.);
#3826 = AXIS2_PLACEMENT_2D('',#3827,#3828);
#3827 = CARTESIAN_POINT('',(0.,0.));
#3828 = DIRECTION('',(1.,0.));
#3829 = ( GEOMETRIC_REPRESENTATION_CONTEXT(2) 
PARAMETRIC_REPRESENTATION_CONTEXT() REPRESENTATION_CONTEXT('2D SPACE',''
  ) );
#3830 = ADVANCED_FACE('',(#3831),#2387,.T.);
#3831 = FACE_BOUND('',#3832,.T.);
#3832 = EDGE_LOOP('',(#3833,#3856,#3857,#3858));
#3833 = ORIENTED_EDGE('',*,*,#3834,.T.);
#3834 = EDGE_CURVE('',#3835,#2349,#3837,.T.);
#3835 = VERTEX_POINT('',#3836);
#3836 = CARTESIAN_POINT('',(20.,-6.,77.5));
#3837 = SEAM_CURVE('',#3838,(#3842,#3849),.PCURVE_S1.);
#3838 = LINE('',#3839,#3840);
#3839 = CARTESIAN_POINT('',(20.,-6.,77.5));
#3840 = VECTOR('',#3841,1.);
#3841 = DIRECTION('',(0.,1.,0.));
#3842 = PCURVE('',#2387,#3843);
#3843 = DEFINITIONAL_REPRESENTATION('',(#3844),#3848);
#3844 = LINE('',#3845,#3846);
#3845 = CARTESIAN_POINT('',(6.28318530718,-0.));
#3846 = VECTOR('',#3847,1.);
#3847 = DIRECTION('',(0.,1.));
#3848 = ( GEOMETRIC_REPRESENTATION_CONTEXT(2) 
PARAMETRIC_REPRESENTATION_CONTEXT() REPRESENTATION_CONTEXT('2D SPACE',''
  ) );
#3849 = PCURVE('',#2387,#3850);
#3850 = DEFINITIONAL_REPRESENTATION('',(#3851),#3855);
#3851 = LINE('',#3852,#3853);
#3852 = CARTESIAN_POINT('',(0.,-0.));
#3853 = VECTOR('',#3854,1.);
#3854 = DIRECTION('',(0.,1.));
#3855 = ( GEOMETRIC_REPRESENTATION_CONTEXT(2) 
PARAMETRIC_REPRESENTATION_CONTEXT() REPRESENTATION_CONTEXT('2D SPACE',''
  ) );
#3856 = ORIENTED_EDGE('',*,*,#2372,.F.);
#3857 = ORIENTED_EDGE('',*,*,#3834,.F.);
#3858 = ORIENTED_EDGE('',*,*,#3859,.T.);
#3859 = EDGE_CURVE('',#3835,#3835,#3860,.T.);
#3860 = SURFACE_CURVE('',#3861,(#3866,#3873),.PCURVE_S1.);
#3861 = CIRCLE('',#3862,14.);
#3862 = AXIS2_PLACEMENT_3D('',#3863,#3864,#3865);
#3863 = CARTESIAN_POINT('',(20.,-6.,63.5));
#3864 = DIRECTION('',(0.,1.,0.));
#3865 = DIRECTION('',(0.,-0.,1.));
#3866 = PCURVE('',#2387,#3867);
#3867 = DEFINITIONAL_REPRESENTATION('',(#3868),#3872);
#3868 = LINE('',#3869,#3870);
#3869 = CARTESIAN_POINT('',(0.,0.));
#3870 = VECTOR('',#3871,1.);
#3871 = DIRECTION('',(1.,0.));
#3872 = ( GEOMETRIC_REPRESENTATION_CONTEXT(2) 
PARAMETRIC_REPRESENTATION_CONTEXT() REPRESENTATION_CONTEXT('2D SPACE',''
  ) );
#3873 = PCURVE('',#3874,#3879);
#3874 = PLANE('',#3875);
#3875 = AXIS2_PLACEMENT_3D('',#3876,#3877,#3878);
#3876 = CARTESIAN_POINT('',(20.,-6.,63.5));
#3877 = DIRECTION('',(0.,1.,0.));
#3878 = DIRECTION('',(0.,-0.,1.));
#3879 = DEFINITIONAL_REPRESENTATION('',(#3880),#3884);
#3880 = CIRCLE('',#3881,14.);
#3881 = AXIS2_PLACEMENT_2D('',#3882,#3883);
#3882 = CARTESIAN_POINT('',(0.,0.));
#3883 = DIRECTION('',(1.,0.));
#3884 = ( GEOMETRIC_REPRESENTATION_CONTEXT(2) 
PARAMETRIC_REPRESENTATION_CONTEXT() REPRESENTATION_CONTEXT('2D SPACE',''
  ) );
#3885 = ADVANCED_FACE('',(#3886),#2419,.F.);
#3886 = FACE_BOUND('',#3887,.F.);
#3887 = EDGE_LOOP('',(#3888));
#3888 = ORIENTED_EDGE('',*,*,#2402,.T.);
#3889 = ADVANCED_FACE('',(#3890),#2496,.T.);
#3890 = FACE_BOUND('',#3891,.T.);
#3891 = EDGE_LOOP('',(#3892,#3915,#3916,#3917));
#3892 = ORIENTED_EDGE('',*,*,#3893,.T.);
#3893 = EDGE_CURVE('',#3894,#2458,#3896,.T.);
#3894 = VERTEX_POINT('',#3895);
#3895 = CARTESIAN_POINT('',(60.,-6.,77.5));
#3896 = SEAM_CURVE('',#3897,(#3901,#3908),.PCURVE_S1.);
#3897 = LINE('',#3898,#3899);
#3898 = CARTESIAN_POINT('',(60.,-6.,77.5));
#3899 = VECTOR('',#3900,1.);
#3900 = DIRECTION('',(0.,1.,0.));
#3901 = PCURVE('',#2496,#3902);
#3902 = DEFINITIONAL_REPRESENTATION('',(#3903),#3907);
#3903 = LINE('',#3904,#3905);
#3904 = CARTESIAN_POINT('',(6.28318530718,-0.));
#3905 = VECTOR('',#3906,1.);
#3906 = DIRECTION('',(0.,1.));
#3907 = ( GEOMETRIC_REPRESENTATION_CONTEXT(2) 
PARAMETRIC_REPRESENTATION_CONTEXT() REPRESENTATION_CONTEXT('2D SPACE',''
  ) );
#3908 = PCURVE('',#2496,#3909);
#3909 = DEFINITIONAL_REPRESENTATION('',(#3910),#3914);
#3910 = LINE('',#3911,#3912);
#3911 = CARTESIAN_POINT('',(0.,-0.));
#3912 = VECTOR('',#3913,1.);
#3913 = DIRECTION('',(0.,1.));
#3914 = ( GEOMETRIC_REPRESENTATION_CONTEXT(2) 
PARAMETRIC_REPRESENTATION_CONTEXT() REPRESENTATION_CONTEXT('2D SPACE',''
  ) );
#3915 = ORIENTED_EDGE('',*,*,#2481,.F.);
#3916 = ORIENTED_EDGE('',*,*,#3893,.F.);
#3917 = ORIENTED_EDGE('',*,*,#3918,.T.);
#3918 = EDGE_CURVE('',#3894,#3894,#3919,.T.);
#3919 = SURFACE_CURVE('',#3920,(#3925,#3932),.PCURVE_S1.);
#3920 = CIRCLE('',#3921,14.);
#3921 = AXIS2_PLACEMENT_3D('',#3922,#3923,#3924);
#3922 = CARTESIAN_POINT('',(60.,-6.,63.5));
#3923 = DIRECTION('',(0.,1.,0.));
#3924 = DIRECTION('',(0.,-0.,1.));
#3925 = PCURVE('',#2496,#3926);
#3926 = DEFINITIONAL_REPRESENTATION('',(#3927),#3931);
#3927 = LINE('',#3928,#3929);
#3928 = CARTESIAN_POINT('',(0.,0.));
#3929 = VECTOR('',#3930,1.);
#3930 = DIRECTION('',(1.,0.));
#3931 = ( GEOMETRIC_REPRESENTATION_CONTEXT(2) 
PARAMETRIC_REPRESENTATION_CONTEXT() REPRESENTATION_CONTEXT('2D SPACE',''
  ) );
#3932 = PCURVE('',#3933,#3938);
#3933 = PLANE('',#3934);
#3934 = AXIS2_PLACEMENT_3D('',#3935,#3936,#3937);
#3935 = CARTESIAN_POINT('',(60.,-6.,63.5));
#3936 = DIRECTION('',(0.,1.,0.));
#3937 = DIRECTION('',(0.,-0.,1.));
#3938 = DEFINITIONAL_REPRESENTATION('',(#3939),#3943);
#3939 = CIRCLE('',#3940,14.);
#3940 = AXIS2_PLACEMENT_2D('',#3941,#3942);
#3941 = CARTESIAN_POINT('',(0.,0.));
#3942 = DIRECTION('',(1.,0.));
#3943 = ( GEOMETRIC_REPRESENTATION_CONTEXT(2) 
PARAMETRIC_REPRESENTATION_CONTEXT() REPRESENTATION_CONTEXT('2D SPACE',''
  ) );
#3944 = ADVANCED_FACE('',(#3945),#2550,.T.);
#3945 = FACE_BOUND('',#3946,.T.);
#3946 = EDGE_LOOP('',(#3947,#3970,#3971,#3972));
#3947 = ORIENTED_EDGE('',*,*,#3948,.T.);
#3948 = EDGE_CURVE('',#3949,#2512,#3951,.T.);
#3949 = VERTEX_POINT('',#3950);
#3950 = CARTESIAN_POINT('',(100.,-6.,77.5));
#3951 = SEAM_CURVE('',#3952,(#3956,#3963),.PCURVE_S1.);
#3952 = LINE('',#3953,#3954);
#3953 = CARTESIAN_POINT('',(100.,-6.,77.5));
#3954 = VECTOR('',#3955,1.);
#3955 = DIRECTION('',(0.,1.,0.));
#3956 = PCURVE('',#2550,#3957);
#3957 = DEFINITIONAL_REPRESENTATION('',(#3958),#3962);
#3958 = LINE('',#3959,#3960);
#3959 = CARTESIAN_POINT('',(6.28318530718,-0.));
#3960 = VECTOR('',#3961,1.);
#3961 = DIRECTION('',(0.,1.));
#3962 = ( GEOMETRIC_REPRESENTATION_CONTEXT(2) 
PARAMETRIC_REPRESENTATION_CONTEXT() REPRESENTATION_CONTEXT('2D SPACE',''
  ) );
#3963 = PCURVE('',#2550,#3964);
#3964 = DEFINITIONAL_REPRESENTATION('',(#3965),#3969);
#3965 = LINE('',#3966,#3967);
#3966 = CARTESIAN_POINT('',(0.,-0.));
#3967 = VECTOR('',#3968,1.);
#3968 = DIRECTION('',(0.,1.));
#3969 = ( GEOMETRIC_REPRESENTATION_CONTEXT(2) 
PARAMETRIC_REPRESENTATION_CONTEXT() REPRESENTATION_CONTEXT('2D SPACE',''
  ) );
#3970 = ORIENTED_EDGE('',*,*,#2535,.F.);
#3971 = ORIENTED_EDGE('',*,*,#3948,.F.);
#3972 = ORIENTED_EDGE('',*,*,#3973,.T.);
#3973 = EDGE_CURVE('',#3949,#3949,#3974,.T.);
#3974 = SURFACE_CURVE('',#3975,(#3980,#3987),.PCURVE_S1.);
#3975 = CIRCLE('',#3976,14.);
#3976 = AXIS2_PLACEMENT_3D('',#3977,#3978,#3979);
#3977 = CARTESIAN_POINT('',(100.,-6.,63.5));
#3978 = DIRECTION('',(0.,1.,0.));
#3979 = DIRECTION('',(0.,-0.,1.));
#3980 = PCURVE('',#2550,#3981);
#3981 = DEFINITIONAL_REPRESENTATION('',(#3982),#3986);
#3982 = LINE('',#3983,#3984);
#3983 = CARTESIAN_POINT('',(0.,0.));
#3984 = VECTOR('',#3985,1.);
#3985 = DIRECTION('',(1.,0.));
#3986 = ( GEOMETRIC_REPRESENTATION_CONTEXT(2) 
PARAMETRIC_REPRESENTATION_CONTEXT() REPRESENTATION_CONTEXT('2D SPACE',''
  ) );
#3987 = PCURVE('',#3988,#3993);
#3988 = PLANE('',#3989);
#3989 = AXIS2_PLACEMENT_3D('',#3990,#3991,#3992);
#3990 = CARTESIAN_POINT('',(100.,-6.,63.5));
#3991 = DIRECTION('',(0.,1.,0.));
#3992 = DIRECTION('',(0.,-0.,1.));
#3993 = DEFINITIONAL_REPRESENTATION('',(#3994),#3998);
#3994 = CIRCLE('',#3995,14.);
#3995 = AXIS2_PLACEMENT_2D('',#3996,#3997);
#3996 = CARTESIAN_POINT('',(0.,0.));
#3997 = DIRECTION('',(1.,0.));
#3998 = ( GEOMETRIC_REPRESENTATION_CONTEXT(2) 
PARAMETRIC_REPRESENTATION_CONTEXT() REPRESENTATION_CONTEXT('2D SPACE',''
  ) );
#3999 = ADVANCED_FACE('',(#4000),#2604,.T.);
#4000 = FACE_BOUND('',#4001,.T.);
#4001 = EDGE_LOOP('',(#4002,#4025,#4026,#4027));
#4002 = ORIENTED_EDGE('',*,*,#4003,.T.);
#4003 = EDGE_CURVE('',#4004,#2566,#4006,.T.);
#4004 = VERTEX_POINT('',#4005);
#4005 = CARTESIAN_POINT('',(140.,-6.,77.5));
#4006 = SEAM_CURVE('',#4007,(#4011,#4018),.PCURVE_S1.);
#4007 = LINE('',#4008,#4009);
#4008 = CARTESIAN_POINT('',(140.,-6.,77.5));
#4009 = VECTOR('',#4010,1.);
#4010 = DIRECTION('',(0.,1.,0.));
#4011 = PCURVE('',#2604,#4012);
#4012 = DEFINITIONAL_REPRESENTATION('',(#4013),#4017);
#4013 = LINE('',#4014,#4015);
#4014 = CARTESIAN_POINT('',(6.28318530718,-0.));
#4015 = VECTOR('',#4016,1.);
#4016 = DIRECTION('',(0.,1.));
#4017 = ( GEOMETRIC_REPRESENTATION_CONTEXT(2) 
PARAMETRIC_REPRESENTATION_CONTEXT() REPRESENTATION_CONTEXT('2D SPACE',''
  ) );
#4018 = PCURVE('',#2604,#4019);
#4019 = DEFINITIONAL_REPRESENTATION('',(#4020),#4024);
#4020 = LINE('',#4021,#4022);
#4021 = CARTESIAN_POINT('',(0.,-0.));
#4022 = VECTOR('',#4023,1.);
#4023 = DIRECTION('',(0.,1.));
#4024 = ( GEOMETRIC_REPRESENTATION_CONTEXT(2) 
PARAMETRIC_REPRESENTATION_CONTEXT() REPRESENTATION_CONTEXT('2D SPACE',''
  ) );
#4025 = ORIENTED_EDGE('',*,*,#2589,.F.);
#4026 = ORIENTED_EDGE('',*,*,#4003,.F.);
#4027 = ORIENTED_EDGE('',*,*,#4028,.T.);
#4028 = EDGE_CURVE('',#4004,#4004,#4029,.T.);
#4029 = SURFACE_CURVE('',#4030,(#4035,#4042),.PCURVE_S1.);
#4030 = CIRCLE('',#4031,14.);
#4031 = AXIS2_PLACEMENT_3D('',#4032,#4033,#4034);
#4032 = CARTESIAN_POINT('',(140.,-6.,63.5));
#4033 = DIRECTION('',(0.,1.,0.));
#4034 = DIRECTION('',(0.,-0.,1.));
#4035 = PCURVE('',#2604,#4036);
#4036 = DEFINITIONAL_REPRESENTATION('',(#4037),#4041);
#4037 = LINE('',#4038,#4039);
#4038 = CARTESIAN_POINT('',(0.,0.));
#4039 = VECTOR('',#4040,1.);
#4040 = DIRECTION('',(1.,0.));
#4041 = ( GEOMETRIC_REPRESENTATION_CONTEXT(2) 
PARAMETRIC_REPRESENTATION_CONTEXT() REPRESENTATION_CONTEXT('2D SPACE',''
  ) );
#4042 = PCURVE('',#4043,#4048);
#4043 = PLANE('',#4044);
#4044 = AXIS2_PLACEMENT_3D('',#4045,#4046,#4047);
#4045 = CARTESIAN_POINT('',(140.,-6.,63.5));
#4046 = DIRECTION('',(0.,1.,0.));
#4047 = DIRECTION('',(0.,-0.,1.));
#4048 = DEFINITIONAL_REPRESENTATION('',(#4049),#4053);
#4049 = CIRCLE('',#4050,14.);
#4050 = AXIS2_PLACEMENT_2D('',#4051,#4052);
#4051 = CARTESIAN_POINT('',(0.,0.));
#4052 = DIRECTION('',(1.,0.));
#4053 = ( GEOMETRIC_REPRESENTATION_CONTEXT(2) 
PARAMETRIC_REPRESENTATION_CONTEXT() REPRESENTATION_CONTEXT('2D SPACE',''
  ) );
#4054 = ADVANCED_FACE('',(#4055),#2658,.T.);
#4055 = FACE_BOUND('',#4056,.T.);
#4056 = EDGE_LOOP('',(#4057,#4080,#4081,#4082));
#4057 = ORIENTED_EDGE('',*,*,#4058,.T.);
#4058 = EDGE_CURVE('',#4059,#2620,#4061,.T.);
#4059 = VERTEX_POINT('',#4060);
#4060 = CARTESIAN_POINT('',(180.,-6.,77.5));
#4061 = SEAM_CURVE('',#4062,(#4066,#4073),.PCURVE_S1.);
#4062 = LINE('',#4063,#4064);
#4063 = CARTESIAN_POINT('',(180.,-6.,77.5));
#4064 = VECTOR('',#4065,1.);
#4065 = DIRECTION('',(0.,1.,0.));
#4066 = PCURVE('',#2658,#4067);
#4067 = DEFINITIONAL_REPRESENTATION('',(#4068),#4072);
#4068 = LINE('',#4069,#4070);
#4069 = CARTESIAN_POINT('',(6.28318530718,-0.));
#4070 = VECTOR('',#4071,1.);
#4071 = DIRECTION('',(0.,1.));
#4072 = ( GEOMETRIC_REPRESENTATION_CONTEXT(2) 
PARAMETRIC_REPRESENTATION_CONTEXT() REPRESENTATION_CONTEXT('2D SPACE',''
  ) );
#4073 = PCURVE('',#2658,#4074);
#4074 = DEFINITIONAL_REPRESENTATION('',(#4075),#4079);
#4075 = LINE('',#4076,#4077);
#4076 = CARTESIAN_POINT('',(0.,-0.));
#4077 = VECTOR('',#4078,1.);
#4078 = DIRECTION('',(0.,1.));
#4079 = ( GEOMETRIC_REPRESENTATION_CONTEXT(2) 
PARAMETRIC_REPRESENTATION_CONTEXT() REPRESENTATION_CONTEXT('2D SPACE',''
  ) );
#4080 = ORIENTED_EDGE('',*,*,#2643,.F.);
#4081 = ORIENTED_EDGE('',*,*,#4058,.F.);
#4082 = ORIENTED_EDGE('',*,*,#4083,.T.);
#4083 = EDGE_CURVE('',#4059,#4059,#4084,.T.);
#4084 = SURFACE_CURVE('',#4085,(#4090,#4097),.PCURVE_S1.);
#4085 = CIRCLE('',#4086,14.);
#4086 = AXIS2_PLACEMENT_3D('',#4087,#4088,#4089);
#4087 = CARTESIAN_POINT('',(180.,-6.,63.5));
#4088 = DIRECTION('',(0.,1.,0.));
#4089 = DIRECTION('',(0.,-0.,1.));
#4090 = PCURVE('',#2658,#4091);
#4091 = DEFINITIONAL_REPRESENTATION('',(#4092),#4096);
#4092 = LINE('',#4093,#4094);
#4093 = CARTESIAN_POINT('',(0.,0.));
#4094 = VECTOR('',#4095,1.);
#4095 = DIRECTION('',(1.,0.));
#4096 = ( GEOMETRIC_REPRESENTATION_CONTEXT(2) 
PARAMETRIC_REPRESENTATION_CONTEXT() REPRESENTATION_CONTEXT('2D SPACE',''
  ) );
#4097 = PCURVE('',#4098,#4103);
#4098 = PLANE('',#4099);
#4099 = AXIS2_PLACEMENT_3D('',#4100,#4101,#4102);
#4100 = CARTESIAN_POINT('',(180.,-6.,63.5));
#4101 = DIRECTION('',(0.,1.,0.));
#4102 = DIRECTION('',(0.,-0.,1.));
#4103 = DEFINITIONAL_REPRESENTATION('',(#4104),#4108);
#4104 = CIRCLE('',#4105,14.);
#4105 = AXIS2_PLACEMENT_2D('',#4106,#4107);
#4106 = CARTESIAN_POINT('',(0.,0.));
#4107 = DIRECTION('',(1.,0.));
#4108 = ( GEOMETRIC_REPRESENTATION_CONTEXT(2) 
PARAMETRIC_REPRESENTATION_CONTEXT() REPRESENTATION_CONTEXT('2D SPACE',''
  ) );
#4109 = ADVANCED_FACE('',(#4110),#2690,.F.);
#4110 = FACE_BOUND('',#4111,.F.);
#4111 = EDGE_LOOP('',(#4112));
#4112 = ORIENTED_EDGE('',*,*,#2673,.T.);
#4113 = ADVANCED_FACE('',(#4114,#4381,#4510,#4639,#4768,#4897,#5026,
    #5155,#5284,#5413,#5542),#2775,.F.);
#4114 = FACE_BOUND('',#4115,.F.);
#4115 = EDGE_LOOP('',(#4116,#4139,#4140,#4141,#4164,#4187,#4210,#4233,
    #4256,#4279,#4302,#4325,#4348,#4369,#4370,#4371,#4372,#4373,#4374,
    #4375,#4376,#4377,#4378,#4379,#4380));
#4116 = ORIENTED_EDGE('',*,*,#4117,.F.);
#4117 = EDGE_CURVE('',#2894,#4118,#4120,.T.);
#4118 = VERTEX_POINT('',#4119);
#4119 = CARTESIAN_POINT('',(-180.,26.,29.4));
#4120 = SEAM_CURVE('',#4121,(#4125,#4132),.PCURVE_S1.);
#4121 = LINE('',#4122,#4123);
#4122 = CARTESIAN_POINT('',(-205.,26.,29.4));
#4123 = VECTOR('',#4124,1.);
#4124 = DIRECTION('',(1.,0.,0.));
#4125 = PCURVE('',#2775,#4126);
#4126 = DEFINITIONAL_REPRESENTATION('',(#4127),#4131);
#4127 = LINE('',#4128,#4129);
#4128 = CARTESIAN_POINT('',(0.,-0.));
#4129 = VECTOR('',#4130,1.);
#4130 = DIRECTION('',(0.,1.));
#4131 = ( GEOMETRIC_REPRESENTATION_CONTEXT(2) 
PARAMETRIC_REPRESENTATION_CONTEXT() REPRESENTATION_CONTEXT('2D SPACE',''
  ) );
#4132 = PCURVE('',#2775,#4133);
#4133 = DEFINITIONAL_REPRESENTATION('',(#4134),#4138);
#4134 = LINE('',#4135,#4136);
#4135 = CARTESIAN_POINT('',(6.28318530718,-0.));
#4136 = VECTOR('',#4137,1.);
#4137 = DIRECTION('',(0.,1.));
#4138 = ( GEOMETRIC_REPRESENTATION_CONTEXT(2) 
PARAMETRIC_REPRESENTATION_CONTEXT() REPRESENTATION_CONTEXT('2D SPACE',''
  ) );
#4139 = ORIENTED_EDGE('',*,*,#2893,.T.);
#4140 = ORIENTED_EDGE('',*,*,#4117,.T.);
#4141 = ORIENTED_EDGE('',*,*,#4142,.T.);
#4142 = EDGE_CURVE('',#4118,#4143,#4145,.T.);
#4143 = VERTEX_POINT('',#4144);
#4144 = CARTESIAN_POINT('',(-140.,26.,29.4));
#4145 = SEAM_CURVE('',#4146,(#4150,#4157),.PCURVE_S1.);
#4146 = LINE('',#4147,#4148);
#4147 = CARTESIAN_POINT('',(-205.,26.,29.4));
#4148 = VECTOR('',#4149,1.);
#4149 = DIRECTION('',(1.,0.,0.));
#4150 = PCURVE('',#2775,#4151);
#4151 = DEFINITIONAL_REPRESENTATION('',(#4152),#4156);
#4152 = LINE('',#4153,#4154);
#4153 = CARTESIAN_POINT('',(0.,-0.));
#4154 = VECTOR('',#4155,1.);
#4155 = DIRECTION('',(0.,1.));
#4156 = ( GEOMETRIC_REPRESENTATION_CONTEXT(2) 
PARAMETRIC_REPRESENTATION_CONTEXT() REPRESENTATION_CONTEXT('2D SPACE',''
  ) );
#4157 = PCURVE('',#2775,#4158);
#4158 = DEFINITIONAL_REPRESENTATION('',(#4159),#4163);
#4159 = LINE('',#4160,#4161);
#4160 = CARTESIAN_POINT('',(6.28318530718,-0.));
#4161 = VECTOR('',#4162,1.);
#4162 = DIRECTION('',(0.,1.));
#4163 = ( GEOMETRIC_REPRESENTATION_CONTEXT(2) 
PARAMETRIC_REPRESENTATION_CONTEXT() REPRESENTATION_CONTEXT('2D SPACE',''
  ) );
#4164 = ORIENTED_EDGE('',*,*,#4165,.T.);
#4165 = EDGE_CURVE('',#4143,#4166,#4168,.T.);
#4166 = VERTEX_POINT('',#4167);
#4167 = CARTESIAN_POINT('',(-100.,26.,29.4));
#4168 = SEAM_CURVE('',#4169,(#4173,#4180),.PCURVE_S1.);
#4169 = LINE('',#4170,#4171);
#4170 = CARTESIAN_POINT('',(-205.,26.,29.4));
#4171 = VECTOR('',#4172,1.);
#4172 = DIRECTION('',(1.,0.,0.));
#4173 = PCURVE('',#2775,#4174);
#4174 = DEFINITIONAL_REPRESENTATION('',(#4175),#4179);
#4175 = LINE('',#4176,#4177);
#4176 = CARTESIAN_POINT('',(0.,-0.));
#4177 = VECTOR('',#4178,1.);
#4178 = DIRECTION('',(0.,1.));
#4179 = ( GEOMETRIC_REPRESENTATION_CONTEXT(2) 
PARAMETRIC_REPRESENTATION_CONTEXT() REPRESENTATION_CONTEXT('2D SPACE',''
  ) );
#4180 = PCURVE('',#2775,#4181);
#4181 = DEFINITIONAL_REPRESENTATION('',(#4182),#4186);
#4182 = LINE('',#4183,#4184);
#4183 = CARTESIAN_POINT('',(6.28318530718,-0.));
#4184 = VECTOR('',#4185,1.);
#4185 = DIRECTION('',(0.,1.));
#4186 = ( GEOMETRIC_REPRESENTATION_CONTEXT(2) 
PARAMETRIC_REPRESENTATION_CONTEXT() REPRESENTATION_CONTEXT('2D SPACE',''
  ) );
#4187 = ORIENTED_EDGE('',*,*,#4188,.T.);
#4188 = EDGE_CURVE('',#4166,#4189,#4191,.T.);
#4189 = VERTEX_POINT('',#4190);
#4190 = CARTESIAN_POINT('',(-60.,26.,29.4));
#4191 = SEAM_CURVE('',#4192,(#4196,#4203),.PCURVE_S1.);
#4192 = LINE('',#4193,#4194);
#4193 = CARTESIAN_POINT('',(-205.,26.,29.4));
#4194 = VECTOR('',#4195,1.);
#4195 = DIRECTION('',(1.,0.,0.));
#4196 = PCURVE('',#2775,#4197);
#4197 = DEFINITIONAL_REPRESENTATION('',(#4198),#4202);
#4198 = LINE('',#4199,#4200);
#4199 = CARTESIAN_POINT('',(0.,-0.));
#4200 = VECTOR('',#4201,1.);
#4201 = DIRECTION('',(0.,1.));
#4202 = ( GEOMETRIC_REPRESENTATION_CONTEXT(2) 
PARAMETRIC_REPRESENTATION_CONTEXT() REPRESENTATION_CONTEXT('2D SPACE',''
  ) );
#4203 = PCURVE('',#2775,#4204);
#4204 = DEFINITIONAL_REPRESENTATION('',(#4205),#4209);
#4205 = LINE('',#4206,#4207);
#4206 = CARTESIAN_POINT('',(6.28318530718,-0.));
#4207 = VECTOR('',#4208,1.);
#4208 = DIRECTION('',(0.,1.));
#4209 = ( GEOMETRIC_REPRESENTATION_CONTEXT(2) 
PARAMETRIC_REPRESENTATION_CONTEXT() REPRESENTATION_CONTEXT('2D SPACE',''
  ) );
#4210 = ORIENTED_EDGE('',*,*,#4211,.T.);
#4211 = EDGE_CURVE('',#4189,#4212,#4214,.T.);
#4212 = VERTEX_POINT('',#4213);
#4213 = CARTESIAN_POINT('',(-20.,26.,29.4));
#4214 = SEAM_CURVE('',#4215,(#4219,#4226),.PCURVE_S1.);
#4215 = LINE('',#4216,#4217);
#4216 = CARTESIAN_POINT('',(-205.,26.,29.4));
#4217 = VECTOR('',#4218,1.);
#4218 = DIRECTION('',(1.,0.,0.));
#4219 = PCURVE('',#2775,#4220);
#4220 = DEFINITIONAL_REPRESENTATION('',(#4221),#4225);
#4221 = LINE('',#4222,#4223);
#4222 = CARTESIAN_POINT('',(0.,-0.));
#4223 = VECTOR('',#4224,1.);
#4224 = DIRECTION('',(0.,1.));
#4225 = ( GEOMETRIC_REPRESENTATION_CONTEXT(2) 
PARAMETRIC_REPRESENTATION_CONTEXT() REPRESENTATION_CONTEXT('2D SPACE',''
  ) );
#4226 = PCURVE('',#2775,#4227);
#4227 = DEFINITIONAL_REPRESENTATION('',(#4228),#4232);
#4228 = LINE('',#4229,#4230);
#4229 = CARTESIAN_POINT('',(6.28318530718,-0.));
#4230 = VECTOR('',#4231,1.);
#4231 = DIRECTION('',(0.,1.));
#4232 = ( GEOMETRIC_REPRESENTATION_CONTEXT(2) 
PARAMETRIC_REPRESENTATION_CONTEXT() REPRESENTATION_CONTEXT('2D SPACE',''
  ) );
#4233 = ORIENTED_EDGE('',*,*,#4234,.T.);
#4234 = EDGE_CURVE('',#4212,#4235,#4237,.T.);
#4235 = VERTEX_POINT('',#4236);
#4236 = CARTESIAN_POINT('',(20.,26.,29.4));
#4237 = SEAM_CURVE('',#4238,(#4242,#4249),.PCURVE_S1.);
#4238 = LINE('',#4239,#4240);
#4239 = CARTESIAN_POINT('',(-205.,26.,29.4));
#4240 = VECTOR('',#4241,1.);
#4241 = DIRECTION('',(1.,0.,0.));
#4242 = PCURVE('',#2775,#4243);
#4243 = DEFINITIONAL_REPRESENTATION('',(#4244),#4248);
#4244 = LINE('',#4245,#4246);
#4245 = CARTESIAN_POINT('',(0.,-0.));
#4246 = VECTOR('',#4247,1.);
#4247 = DIRECTION('',(0.,1.));
#4248 = ( GEOMETRIC_REPRESENTATION_CONTEXT(2) 
PARAMETRIC_REPRESENTATION_CONTEXT() REPRESENTATION_CONTEXT('2D SPACE',''
  ) );
#4249 = PCURVE('',#2775,#4250);
#4250 = DEFINITIONAL_REPRESENTATION('',(#4251),#4255);
#4251 = LINE('',#4252,#4253);
#4252 = CARTESIAN_POINT('',(6.28318530718,-0.));
#4253 = VECTOR('',#4254,1.);
#4254 = DIRECTION('',(0.,1.));
#4255 = ( GEOMETRIC_REPRESENTATION_CONTEXT(2) 
PARAMETRIC_REPRESENTATION_CONTEXT() REPRESENTATION_CONTEXT('2D SPACE',''
  ) );
#4256 = ORIENTED_EDGE('',*,*,#4257,.T.);
#4257 = EDGE_CURVE('',#4235,#4258,#4260,.T.);
#4258 = VERTEX_POINT('',#4259);
#4259 = CARTESIAN_POINT('',(60.,26.,29.4));
#4260 = SEAM_CURVE('',#4261,(#4265,#4272),.PCURVE_S1.);
#4261 = LINE('',#4262,#4263);
#4262 = CARTESIAN_POINT('',(-205.,26.,29.4));
#4263 = VECTOR('',#4264,1.);
#4264 = DIRECTION('',(1.,0.,0.));
#4265 = PCURVE('',#2775,#4266);
#4266 = DEFINITIONAL_REPRESENTATION('',(#4267),#4271);
#4267 = LINE('',#4268,#4269);
#4268 = CARTESIAN_POINT('',(0.,-0.));
#4269 = VECTOR('',#4270,1.);
#4270 = DIRECTION('',(0.,1.));
#4271 = ( GEOMETRIC_REPRESENTATION_CONTEXT(2) 
PARAMETRIC_REPRESENTATION_CONTEXT() REPRESENTATION_CONTEXT('2D SPACE',''
  ) );
#4272 = PCURVE('',#2775,#4273);
#4273 = DEFINITIONAL_REPRESENTATION('',(#4274),#4278);
#4274 = LINE('',#4275,#4276);
#4275 = CARTESIAN_POINT('',(6.28318530718,-0.));
#4276 = VECTOR('',#4277,1.);
#4277 = DIRECTION('',(0.,1.));
#4278 = ( GEOMETRIC_REPRESENTATION_CONTEXT(2) 
PARAMETRIC_REPRESENTATION_CONTEXT() REPRESENTATION_CONTEXT('2D SPACE',''
  ) );
#4279 = ORIENTED_EDGE('',*,*,#4280,.T.);
#4280 = EDGE_CURVE('',#4258,#4281,#4283,.T.);
#4281 = VERTEX_POINT('',#4282);
#4282 = CARTESIAN_POINT('',(100.,26.,29.4));
#4283 = SEAM_CURVE('',#4284,(#4288,#4295),.PCURVE_S1.);
#4284 = LINE('',#4285,#4286);
#4285 = CARTESIAN_POINT('',(-205.,26.,29.4));
#4286 = VECTOR('',#4287,1.);
#4287 = DIRECTION('',(1.,0.,0.));
#4288 = PCURVE('',#2775,#4289);
#4289 = DEFINITIONAL_REPRESENTATION('',(#4290),#4294);
#4290 = LINE('',#4291,#4292);
#4291 = CARTESIAN_POINT('',(0.,-0.));
#4292 = VECTOR('',#4293,1.);
#4293 = DIRECTION('',(0.,1.));
#4294 = ( GEOMETRIC_REPRESENTATION_CONTEXT(2) 
PARAMETRIC_REPRESENTATION_CONTEXT() REPRESENTATION_CONTEXT('2D SPACE',''
  ) );
#4295 = PCURVE('',#2775,#4296);
#4296 = DEFINITIONAL_REPRESENTATION('',(#4297),#4301);
#4297 = LINE('',#4298,#4299);
#4298 = CARTESIAN_POINT('',(6.28318530718,-0.));
#4299 = VECTOR('',#4300,1.);
#4300 = DIRECTION('',(0.,1.));
#4301 = ( GEOMETRIC_REPRESENTATION_CONTEXT(2) 
PARAMETRIC_REPRESENTATION_CONTEXT() REPRESENTATION_CONTEXT('2D SPACE',''
  ) );
#4302 = ORIENTED_EDGE('',*,*,#4303,.T.);
#4303 = EDGE_CURVE('',#4281,#4304,#4306,.T.);
#4304 = VERTEX_POINT('',#4305);
#4305 = CARTESIAN_POINT('',(140.,26.,29.4));
#4306 = SEAM_CURVE('',#4307,(#4311,#4318),.PCURVE_S1.);
#4307 = LINE('',#4308,#4309);
#4308 = CARTESIAN_POINT('',(-205.,26.,29.4));
#4309 = VECTOR('',#4310,1.);
#4310 = DIRECTION('',(1.,0.,0.));
#4311 = PCURVE('',#2775,#4312);
#4312 = DEFINITIONAL_REPRESENTATION('',(#4313),#4317);
#4313 = LINE('',#4314,#4315);
#4314 = CARTESIAN_POINT('',(0.,-0.));
#4315 = VECTOR('',#4316,1.);
#4316 = DIRECTION('',(0.,1.));
#4317 = ( GEOMETRIC_REPRESENTATION_CONTEXT(2) 
PARAMETRIC_REPRESENTATION_CONTEXT() REPRESENTATION_CONTEXT('2D SPACE',''
  ) );
#4318 = PCURVE('',#2775,#4319);
#4319 = DEFINITIONAL_REPRESENTATION('',(#4320),#4324);
#4320 = LINE('',#4321,#4322);
#4321 = CARTESIAN_POINT('',(6.28318530718,-0.));
#4322 = VECTOR('',#4323,1.);
#4323 = DIRECTION('',(0.,1.));
#4324 = ( GEOMETRIC_REPRESENTATION_CONTEXT(2) 
PARAMETRIC_REPRESENTATION_CONTEXT() REPRESENTATION_CONTEXT('2D SPACE',''
  ) );
#4325 = ORIENTED_EDGE('',*,*,#4326,.T.);
#4326 = EDGE_CURVE('',#4304,#4327,#4329,.T.);
#4327 = VERTEX_POINT('',#4328);
#4328 = CARTESIAN_POINT('',(180.,26.,29.4));
#4329 = SEAM_CURVE('',#4330,(#4334,#4341),.PCURVE_S1.);
#4330 = LINE('',#4331,#4332);
#4331 = CARTESIAN_POINT('',(-205.,26.,29.4));
#4332 = VECTOR('',#4333,1.);
#4333 = DIRECTION('',(1.,0.,0.));
#4334 = PCURVE('',#2775,#4335);
#4335 = DEFINITIONAL_REPRESENTATION('',(#4336),#4340);
#4336 = LINE('',#4337,#4338);
#4337 = CARTESIAN_POINT('',(0.,-0.));
#4338 = VECTOR('',#4339,1.);
#4339 = DIRECTION('',(0.,1.));
#4340 = ( GEOMETRIC_REPRESENTATION_CONTEXT(2) 
PARAMETRIC_REPRESENTATION_CONTEXT() REPRESENTATION_CONTEXT('2D SPACE',''
  ) );
#4341 = PCURVE('',#2775,#4342);
#4342 = DEFINITIONAL_REPRESENTATION('',(#4343),#4347);
#4343 = LINE('',#4344,#4345);
#4344 = CARTESIAN_POINT('',(6.28318530718,-0.));
#4345 = VECTOR('',#4346,1.);
#4346 = DIRECTION('',(0.,1.));
#4347 = ( GEOMETRIC_REPRESENTATION_CONTEXT(2) 
PARAMETRIC_REPRESENTATION_CONTEXT() REPRESENTATION_CONTEXT('2D SPACE',''
  ) );
#4348 = ORIENTED_EDGE('',*,*,#4349,.T.);
#4349 = EDGE_CURVE('',#4327,#2759,#4350,.T.);
#4350 = SEAM_CURVE('',#4351,(#4355,#4362),.PCURVE_S1.);
#4351 = LINE('',#4352,#4353);
#4352 = CARTESIAN_POINT('',(-205.,26.,29.4));
#4353 = VECTOR('',#4354,1.);
#4354 = DIRECTION('',(1.,0.,0.));
#4355 = PCURVE('',#2775,#4356);
#4356 = DEFINITIONAL_REPRESENTATION('',(#4357),#4361);
#4357 = LINE('',#4358,#4359);
#4358 = CARTESIAN_POINT('',(0.,-0.));
#4359 = VECTOR('',#4360,1.);
#4360 = DIRECTION('',(0.,1.));
#4361 = ( GEOMETRIC_REPRESENTATION_CONTEXT(2) 
PARAMETRIC_REPRESENTATION_CONTEXT() REPRESENTATION_CONTEXT('2D SPACE',''
  ) );
#4362 = PCURVE('',#2775,#4363);
#4363 = DEFINITIONAL_REPRESENTATION('',(#4364),#4368);
#4364 = LINE('',#4365,#4366);
#4365 = CARTESIAN_POINT('',(6.28318530718,-0.));
#4366 = VECTOR('',#4367,1.);
#4367 = DIRECTION('',(0.,1.));
#4368 = ( GEOMETRIC_REPRESENTATION_CONTEXT(2) 
PARAMETRIC_REPRESENTATION_CONTEXT() REPRESENTATION_CONTEXT('2D SPACE',''
  ) );
#4369 = ORIENTED_EDGE('',*,*,#2758,.T.);
#4370 = ORIENTED_EDGE('',*,*,#2787,.T.);
#4371 = ORIENTED_EDGE('',*,*,#4349,.F.);
#4372 = ORIENTED_EDGE('',*,*,#4326,.F.);
#4373 = ORIENTED_EDGE('',*,*,#4303,.F.);
#4374 = ORIENTED_EDGE('',*,*,#4280,.F.);
#4375 = ORIENTED_EDGE('',*,*,#4257,.F.);
#4376 = ORIENTED_EDGE('',*,*,#4234,.F.);
#4377 = ORIENTED_EDGE('',*,*,#4211,.F.);
#4378 = ORIENTED_EDGE('',*,*,#4188,.F.);
#4379 = ORIENTED_EDGE('',*,*,#4165,.F.);
#4380 = ORIENTED_EDGE('',*,*,#4142,.F.);
#4381 = FACE_BOUND('',#4382,.F.);
#4382 = EDGE_LOOP('',(#4383,#4440,#4476));
#4383 = ORIENTED_EDGE('',*,*,#4384,.F.);
#4384 = EDGE_CURVE('',#4385,#4387,#4389,.T.);
#4385 = VERTEX_POINT('',#4386);
#4386 = CARTESIAN_POINT('',(-180.,26.,29.4));
#4387 = VERTEX_POINT('',#4388);
#4388 = CARTESIAN_POINT('',(-179.9999997615,26.,17.6));
#4389 = SURFACE_CURVE('',#4390,(#4395,#4415),.PCURVE_S1.);
#4390 = ELLIPSE('',#4391,8.343860018001,5.9);
#4391 = AXIS2_PLACEMENT_3D('',#4392,#4393,#4394);
#4392 = CARTESIAN_POINT('',(-180.,26.,23.5));
#4393 = DIRECTION('',(0.707106781187,-0.707106781187,0.));
#4394 = DIRECTION('',(0.707106781187,0.707106781187,0.));
#4395 = PCURVE('',#2775,#4396);
#4396 = DEFINITIONAL_REPRESENTATION('',(#4397),#4414);
#4397 = B_SPLINE_CURVE_WITH_KNOTS('',8,(#4398,#4399,#4400,#4401,#4402,
    #4403,#4404,#4405,#4406,#4407,#4408,#4409,#4410,#4411,#4412,#4413),
  .UNSPECIFIED.,.F.,.F.,(9,7,9),(1.570796255742,3.141592633385,
    4.712389011027),.UNSPECIFIED.);
#4398 = CARTESIAN_POINT('',(-7.1052421724E-08,25.000000419209));
#4399 = CARTESIAN_POINT('',(0.196349476153,23.841538090698));
#4400 = CARTESIAN_POINT('',(0.392699023358,22.683075468632));
#4401 = CARTESIAN_POINT('',(0.589048570562,21.592672016801));
#4402 = CARTESIAN_POINT('',(0.785398117769,20.638373557811));
#4403 = CARTESIAN_POINT('',(0.981747664972,19.879873645994));
#4404 = CARTESIAN_POINT('',(1.178097212179,19.359958641935));
#4405 = CARTESIAN_POINT('',(1.374446759385,19.100000023407));
#4406 = CARTESIAN_POINT('',(1.767145853795,19.099999976593));
#4407 = CARTESIAN_POINT('',(1.963495400999,19.359958548326));
#4408 = CARTESIAN_POINT('',(2.15984494821,19.879873508241));
#4409 = CARTESIAN_POINT('',(2.356194495404,20.638373381576));
#4410 = CARTESIAN_POINT('',(2.552544042622,21.592671809869));
#4411 = CARTESIAN_POINT('',(2.748893589819,22.683075240738));
#4412 = CARTESIAN_POINT('',(2.945243137027,23.841537852279));
#4413 = CARTESIAN_POINT('',(3.141592684232,25.000000180791));
#4414 = ( GEOMETRIC_REPRESENTATION_CONTEXT(2) 
PARAMETRIC_REPRESENTATION_CONTEXT() REPRESENTATION_CONTEXT('2D SPACE',''
  ) );
#4415 = PCURVE('',#4416,#4421);
#4416 = CYLINDRICAL_SURFACE('',#4417,5.9);
#4417 = AXIS2_PLACEMENT_3D('',#4418,#4419,#4420);
#4418 = CARTESIAN_POINT('',(-180.,-6.,23.5));
#4419 = DIRECTION('',(0.,1.,0.));
#4420 = DIRECTION('',(0.,-0.,1.));
#4421 = DEFINITIONAL_REPRESENTATION('',(#4422),#4439);
#4422 = B_SPLINE_CURVE_WITH_KNOTS('',8,(#4423,#4424,#4425,#4426,#4427,
    #4428,#4429,#4430,#4431,#4432,#4433,#4434,#4435,#4436,#4437,#4438),
  .UNSPECIFIED.,.F.,.F.,(9,7,9),(1.570796255742,3.141592633385,
    4.712389011027),.UNSPECIFIED.);
#4423 = CARTESIAN_POINT('',(6.283185378232,32.000000419209));
#4424 = CARTESIAN_POINT('',(6.086835831027,30.841538090698));
#4425 = CARTESIAN_POINT('',(5.890486283821,29.683075468614));
#4426 = CARTESIAN_POINT('',(5.694136736617,28.592672016822));
#4427 = CARTESIAN_POINT('',(5.497787189412,27.638373557751));
#4428 = CARTESIAN_POINT('',(5.301437642207,26.879873645972));
#4429 = CARTESIAN_POINT('',(5.105088095,26.359958641925));
#4430 = CARTESIAN_POINT('',(4.908738547795,26.100000023407));
#4431 = CARTESIAN_POINT('',(4.516039453384,26.099999976593));
#4432 = CARTESIAN_POINT('',(4.319689906177,26.359958548316));
#4433 = CARTESIAN_POINT('',(4.123340358985,26.879873508247));
#4434 = CARTESIAN_POINT('',(3.926990811757,27.63837338161));
#4435 = CARTESIAN_POINT('',(3.730641264574,28.592671809821));
#4436 = CARTESIAN_POINT('',(3.534291717356,29.683075240739));
#4437 = CARTESIAN_POINT('',(3.337942170153,30.841537852279));
#4438 = CARTESIAN_POINT('',(3.141592622947,32.000000180791));
#4439 = ( GEOMETRIC_REPRESENTATION_CONTEXT(2) 
PARAMETRIC_REPRESENTATION_CONTEXT() REPRESENTATION_CONTEXT('2D SPACE',''
  ) );
#4440 = ORIENTED_EDGE('',*,*,#4441,.T.);
#4441 = EDGE_CURVE('',#4385,#4442,#4444,.T.);
#4442 = VERTEX_POINT('',#4443);
#4443 = CARTESIAN_POINT('',(-174.1,20.1,23.5));
#4444 = SURFACE_CURVE('',#4445,(#4450,#4463),.PCURVE_S1.);
#4445 = ELLIPSE('',#4446,8.343860018001,5.9);
#4446 = AXIS2_PLACEMENT_3D('',#4447,#4448,#4449);
#4447 = CARTESIAN_POINT('',(-180.,26.,23.5));
#4448 = DIRECTION('',(0.707106781187,0.707106781187,0.));
#4449 = DIRECTION('',(0.707106781187,-0.707106781187,0.));
#4450 = PCURVE('',#2775,#4451);
#4451 = DEFINITIONAL_REPRESENTATION('',(#4452),#4462);
#4452 = B_SPLINE_CURVE_WITH_KNOTS('',8,(#4453,#4454,#4455,#4456,#4457,
    #4458,#4459,#4460,#4461),.UNSPECIFIED.,.F.,.F.,(9,9),(4.712388909332
    ,6.28318530718),.PIECEWISE_BEZIER_KNOTS.);
#4453 = CARTESIAN_POINT('',(-7.1052421724E-08,24.999999580791));
#4454 = CARTESIAN_POINT('',(0.196349478678,26.158461924203));
#4455 = CARTESIAN_POINT('',(0.392699028409,27.316924561099));
#4456 = CARTESIAN_POINT('',(0.589048578139,28.407328025375));
#4457 = CARTESIAN_POINT('',(0.78539812787,29.36162649096));
#4458 = CARTESIAN_POINT('',(0.9817476776,30.120126402882));
#4459 = CARTESIAN_POINT('',(1.178097227333,30.640041398136));
#4460 = CARTESIAN_POINT('',(1.374446777064,30.9));
#4461 = CARTESIAN_POINT('',(1.570796326795,30.9));
#4462 = ( GEOMETRIC_REPRESENTATION_CONTEXT(2) 
PARAMETRIC_REPRESENTATION_CONTEXT() REPRESENTATION_CONTEXT('2D SPACE',''
  ) );
#4463 = PCURVE('',#4416,#4464);
#4464 = DEFINITIONAL_REPRESENTATION('',(#4465),#4475);
#4465 = B_SPLINE_CURVE_WITH_KNOTS('',8,(#4466,#4467,#4468,#4469,#4470,
    #4471,#4472,#4473,#4474),.UNSPECIFIED.,.F.,.F.,(9,9),(4.712388909332
    ,6.28318530718),.PIECEWISE_BEZIER_KNOTS.);
#4466 = CARTESIAN_POINT('',(-7.105242350036E-08,32.000000419209));
#4467 = CARTESIAN_POINT('',(0.196349478678,30.841538075797));
#4468 = CARTESIAN_POINT('',(0.392699028409,29.683075438851));
#4469 = CARTESIAN_POINT('',(0.589048578141,28.59267197467));
#4470 = CARTESIAN_POINT('',(0.785398127867,27.638373508712));
#4471 = CARTESIAN_POINT('',(0.981747677602,26.879873597141));
#4472 = CARTESIAN_POINT('',(1.178097227332,26.359958601826));
#4473 = CARTESIAN_POINT('',(1.374446777064,26.1));
#4474 = CARTESIAN_POINT('',(1.570796326795,26.1));
#4475 = ( GEOMETRIC_REPRESENTATION_CONTEXT(2) 
PARAMETRIC_REPRESENTATION_CONTEXT() REPRESENTATION_CONTEXT('2D SPACE',''
  ) );
#4476 = ORIENTED_EDGE('',*,*,#4477,.T.);
#4477 = EDGE_CURVE('',#4442,#4387,#4478,.T.);
#4478 = SURFACE_CURVE('',#4479,(#4484,#4497),.PCURVE_S1.);
#4479 = ELLIPSE('',#4480,8.343860018001,5.9);
#4480 = AXIS2_PLACEMENT_3D('',#4481,#4482,#4483);
#4481 = CARTESIAN_POINT('',(-180.,26.,23.5));
#4482 = DIRECTION('',(0.707106781187,0.707106781187,0.));
#4483 = DIRECTION('',(0.707106781187,-0.707106781187,0.));
#4484 = PCURVE('',#2775,#4485);
#4485 = DEFINITIONAL_REPRESENTATION('',(#4486),#4496);
#4486 = B_SPLINE_CURVE_WITH_KNOTS('',8,(#4487,#4488,#4489,#4490,#4491,
    #4492,#4493,#4494,#4495),.UNSPECIFIED.,.F.,.F.,(9,9),(0.,
    1.570796397847),.PIECEWISE_BEZIER_KNOTS.);
#4487 = CARTESIAN_POINT('',(1.570796326795,30.9));
#4488 = CARTESIAN_POINT('',(1.767145876526,30.9));
#4489 = CARTESIAN_POINT('',(1.963495426256,30.640041398139));
#4490 = CARTESIAN_POINT('',(2.159844975984,30.120126402861));
#4491 = CARTESIAN_POINT('',(2.356194525716,29.361626490971));
#4492 = CARTESIAN_POINT('',(2.552544075447,28.407328025331));
#4493 = CARTESIAN_POINT('',(2.74889362518,27.316924561115));
#4494 = CARTESIAN_POINT('',(2.945243174911,26.158461924203));
#4495 = CARTESIAN_POINT('',(3.141592724642,24.999999580791));
#4496 = ( GEOMETRIC_REPRESENTATION_CONTEXT(2) 
PARAMETRIC_REPRESENTATION_CONTEXT() REPRESENTATION_CONTEXT('2D SPACE',''
  ) );
#4497 = PCURVE('',#4416,#4498);
#4498 = DEFINITIONAL_REPRESENTATION('',(#4499),#4509);
#4499 = B_SPLINE_CURVE_WITH_KNOTS('',8,(#4500,#4501,#4502,#4503,#4504,
    #4505,#4506,#4507,#4508),.UNSPECIFIED.,.F.,.F.,(9,9),(0.,
    1.570796397847),.PIECEWISE_BEZIER_KNOTS.);
#4500 = CARTESIAN_POINT('',(1.570796326795,26.1));
#4501 = CARTESIAN_POINT('',(1.767145876526,26.1));
#4502 = CARTESIAN_POINT('',(1.963495426254,26.359958601837));
#4503 = CARTESIAN_POINT('',(2.159844975991,26.879873597122));
#4504 = CARTESIAN_POINT('',(2.356194525707,27.638373508855));
#4505 = CARTESIAN_POINT('',(2.552544075454,28.592671974625));
#4506 = CARTESIAN_POINT('',(2.748893625177,29.683075438861));
#4507 = CARTESIAN_POINT('',(2.945243174911,30.841538075797));
#4508 = CARTESIAN_POINT('',(3.141592724642,32.000000419209));
#4509 = ( GEOMETRIC_REPRESENTATION_CONTEXT(2) 
PARAMETRIC_REPRESENTATION_CONTEXT() REPRESENTATION_CONTEXT('2D SPACE',''
  ) );
#4510 = FACE_BOUND('',#4511,.F.);
#4511 = EDGE_LOOP('',(#4512,#4569,#4605));
#4512 = ORIENTED_EDGE('',*,*,#4513,.F.);
#4513 = EDGE_CURVE('',#4514,#4516,#4518,.T.);
#4514 = VERTEX_POINT('',#4515);
#4515 = CARTESIAN_POINT('',(-140.,26.,29.4));
#4516 = VERTEX_POINT('',#4517);
#4517 = CARTESIAN_POINT('',(-139.9999997615,26.,17.6));
#4518 = SURFACE_CURVE('',#4519,(#4524,#4544),.PCURVE_S1.);
#4519 = ELLIPSE('',#4520,8.343860018001,5.9);
#4520 = AXIS2_PLACEMENT_3D('',#4521,#4522,#4523);
#4521 = CARTESIAN_POINT('',(-140.,26.,23.5));
#4522 = DIRECTION('',(0.707106781187,-0.707106781187,0.));
#4523 = DIRECTION('',(0.707106781187,0.707106781187,0.));
#4524 = PCURVE('',#2775,#4525);
#4525 = DEFINITIONAL_REPRESENTATION('',(#4526),#4543);
#4526 = B_SPLINE_CURVE_WITH_KNOTS('',8,(#4527,#4528,#4529,#4530,#4531,
    #4532,#4533,#4534,#4535,#4536,#4537,#4538,#4539,#4540,#4541,#4542),
  .UNSPECIFIED.,.F.,.F.,(9,7,9),(1.570796255742,3.141592633385,
    4.712389011027),.UNSPECIFIED.);
#4527 = CARTESIAN_POINT('',(-7.1052421724E-08,65.000000419209));
#4528 = CARTESIAN_POINT('',(0.196349476153,63.841538090698));
#4529 = CARTESIAN_POINT('',(0.392699023358,62.683075468679));
#4530 = CARTESIAN_POINT('',(0.589048570562,61.592672016524));
#4531 = CARTESIAN_POINT('',(0.785398117769,60.638373558145));
#4532 = CARTESIAN_POINT('',(0.981747664972,59.879873645694));
#4533 = CARTESIAN_POINT('',(1.178097212179,59.359958641983));
#4534 = CARTESIAN_POINT('',(1.374446759385,59.100000023407));
#4535 = CARTESIAN_POINT('',(1.767145853795,59.099999976593));
#4536 = CARTESIAN_POINT('',(1.963495400999,59.359958548239));
#4537 = CARTESIAN_POINT('',(2.15984494821,59.879873508427));
#4538 = CARTESIAN_POINT('',(2.356194495404,60.638373381013));
#4539 = CARTESIAN_POINT('',(2.552544042622,61.592671810073));
#4540 = CARTESIAN_POINT('',(2.748893589819,62.683075240644));
#4541 = CARTESIAN_POINT('',(2.945243137027,63.841537852279));
#4542 = CARTESIAN_POINT('',(3.141592684232,65.000000180791));
#4543 = ( GEOMETRIC_REPRESENTATION_CONTEXT(2) 
PARAMETRIC_REPRESENTATION_CONTEXT() REPRESENTATION_CONTEXT('2D SPACE',''
  ) );
#4544 = PCURVE('',#4545,#4550);
#4545 = CYLINDRICAL_SURFACE('',#4546,5.9);
#4546 = AXIS2_PLACEMENT_3D('',#4547,#4548,#4549);
#4547 = CARTESIAN_POINT('',(-140.,-6.,23.5));
#4548 = DIRECTION('',(0.,1.,0.));
#4549 = DIRECTION('',(0.,-0.,1.));
#4550 = DEFINITIONAL_REPRESENTATION('',(#4551),#4568);
#4551 = B_SPLINE_CURVE_WITH_KNOTS('',8,(#4552,#4553,#4554,#4555,#4556,
    #4557,#4558,#4559,#4560,#4561,#4562,#4563,#4564,#4565,#4566,#4567),
  .UNSPECIFIED.,.F.,.F.,(9,7,9),(1.570796255742,3.141592633385,
    4.712389011027),.UNSPECIFIED.);
#4552 = CARTESIAN_POINT('',(6.283185378232,32.000000419209));
#4553 = CARTESIAN_POINT('',(6.086835831027,30.841538090698));
#4554 = CARTESIAN_POINT('',(5.890486283821,29.683075468614));
#4555 = CARTESIAN_POINT('',(5.694136736617,28.592672016822));
#4556 = CARTESIAN_POINT('',(5.497787189412,27.638373557751));
#4557 = CARTESIAN_POINT('',(5.301437642207,26.879873645972));
#4558 = CARTESIAN_POINT('',(5.105088095,26.359958641925));
#4559 = CARTESIAN_POINT('',(4.908738547795,26.100000023407));
#4560 = CARTESIAN_POINT('',(4.516039453384,26.099999976593));
#4561 = CARTESIAN_POINT('',(4.319689906177,26.359958548316));
#4562 = CARTESIAN_POINT('',(4.123340358985,26.879873508247));
#4563 = CARTESIAN_POINT('',(3.926990811757,27.63837338161));
#4564 = CARTESIAN_POINT('',(3.730641264574,28.592671809821));
#4565 = CARTESIAN_POINT('',(3.534291717356,29.683075240739));
#4566 = CARTESIAN_POINT('',(3.337942170153,30.841537852279));
#4567 = CARTESIAN_POINT('',(3.141592622947,32.000000180791));
#4568 = ( GEOMETRIC_REPRESENTATION_CONTEXT(2) 
PARAMETRIC_REPRESENTATION_CONTEXT() REPRESENTATION_CONTEXT('2D SPACE',''
  ) );
#4569 = ORIENTED_EDGE('',*,*,#4570,.T.);
#4570 = EDGE_CURVE('',#4514,#4571,#4573,.T.);
#4571 = VERTEX_POINT('',#4572);
#4572 = CARTESIAN_POINT('',(-134.1,20.1,23.5));
#4573 = SURFACE_CURVE('',#4574,(#4579,#4592),.PCURVE_S1.);
#4574 = ELLIPSE('',#4575,8.343860018001,5.9);
#4575 = AXIS2_PLACEMENT_3D('',#4576,#4577,#4578);
#4576 = CARTESIAN_POINT('',(-140.,26.,23.5));
#4577 = DIRECTION('',(0.707106781187,0.707106781187,0.));
#4578 = DIRECTION('',(0.707106781187,-0.707106781187,0.));
#4579 = PCURVE('',#2775,#4580);
#4580 = DEFINITIONAL_REPRESENTATION('',(#4581),#4591);
#4581 = B_SPLINE_CURVE_WITH_KNOTS('',8,(#4582,#4583,#4584,#4585,#4586,
    #4587,#4588,#4589,#4590),.UNSPECIFIED.,.F.,.F.,(9,9),(4.712388909332
    ,6.28318530718),.PIECEWISE_BEZIER_KNOTS.);
#4582 = CARTESIAN_POINT('',(-7.1052421724E-08,64.999999580791));
#4583 = CARTESIAN_POINT('',(0.196349478678,66.158461924203));
#4584 = CARTESIAN_POINT('',(0.392699028409,67.316924561163));
#4585 = CARTESIAN_POINT('',(0.589048578139,68.407328025029));
#4586 = CARTESIAN_POINT('',(0.78539812787,69.361626491239));
#4587 = CARTESIAN_POINT('',(0.9817476776,70.120126402642));
#4588 = CARTESIAN_POINT('',(1.178097227333,70.640041398188));
#4589 = CARTESIAN_POINT('',(1.374446777064,70.9));
#4590 = CARTESIAN_POINT('',(1.570796326795,70.9));
#4591 = ( GEOMETRIC_REPRESENTATION_CONTEXT(2) 
PARAMETRIC_REPRESENTATION_CONTEXT() REPRESENTATION_CONTEXT('2D SPACE',''
  ) );
#4592 = PCURVE('',#4545,#4593);
#4593 = DEFINITIONAL_REPRESENTATION('',(#4594),#4604);
#4594 = B_SPLINE_CURVE_WITH_KNOTS('',8,(#4595,#4596,#4597,#4598,#4599,
    #4600,#4601,#4602,#4603),.UNSPECIFIED.,.F.,.F.,(9,9),(4.712388909332
    ,6.28318530718),.PIECEWISE_BEZIER_KNOTS.);
#4595 = CARTESIAN_POINT('',(-7.105242350036E-08,32.000000419209));
#4596 = CARTESIAN_POINT('',(0.196349478678,30.841538075797));
#4597 = CARTESIAN_POINT('',(0.392699028409,29.683075438851));
#4598 = CARTESIAN_POINT('',(0.589048578141,28.59267197467));
#4599 = CARTESIAN_POINT('',(0.785398127867,27.638373508712));
#4600 = CARTESIAN_POINT('',(0.981747677602,26.879873597141));
#4601 = CARTESIAN_POINT('',(1.178097227332,26.359958601826));
#4602 = CARTESIAN_POINT('',(1.374446777064,26.1));
#4603 = CARTESIAN_POINT('',(1.570796326795,26.1));
#4604 = ( GEOMETRIC_REPRESENTATION_CONTEXT(2) 
PARAMETRIC_REPRESENTATION_CONTEXT() REPRESENTATION_CONTEXT('2D SPACE',''
  ) );
#4605 = ORIENTED_EDGE('',*,*,#4606,.T.);
#4606 = EDGE_CURVE('',#4571,#4516,#4607,.T.);
#4607 = SURFACE_CURVE('',#4608,(#4613,#4626),.PCURVE_S1.);
#4608 = ELLIPSE('',#4609,8.343860018001,5.9);
#4609 = AXIS2_PLACEMENT_3D('',#4610,#4611,#4612);
#4610 = CARTESIAN_POINT('',(-140.,26.,23.5));
#4611 = DIRECTION('',(0.707106781187,0.707106781187,0.));
#4612 = DIRECTION('',(0.707106781187,-0.707106781187,0.));
#4613 = PCURVE('',#2775,#4614);
#4614 = DEFINITIONAL_REPRESENTATION('',(#4615),#4625);
#4615 = B_SPLINE_CURVE_WITH_KNOTS('',8,(#4616,#4617,#4618,#4619,#4620,
    #4621,#4622,#4623,#4624),.UNSPECIFIED.,.F.,.F.,(9,9),(0.,
    1.570796397847),.PIECEWISE_BEZIER_KNOTS.);
#4616 = CARTESIAN_POINT('',(1.570796326795,70.9));
#4617 = CARTESIAN_POINT('',(1.767145876526,70.9));
#4618 = CARTESIAN_POINT('',(1.963495426256,70.640041398152));
#4619 = CARTESIAN_POINT('',(2.159844975984,70.120126402602));
#4620 = CARTESIAN_POINT('',(2.356194525716,69.361626491221));
#4621 = CARTESIAN_POINT('',(2.552544075447,68.407328025179));
#4622 = CARTESIAN_POINT('',(2.74889362518,67.316924561145));
#4623 = CARTESIAN_POINT('',(2.945243174911,66.158461924203));
#4624 = CARTESIAN_POINT('',(3.141592724642,64.999999580791));
#4625 = ( GEOMETRIC_REPRESENTATION_CONTEXT(2) 
PARAMETRIC_REPRESENTATION_CONTEXT() REPRESENTATION_CONTEXT('2D SPACE',''
  ) );
#4626 = PCURVE('',#4545,#4627);
#4627 = DEFINITIONAL_REPRESENTATION('',(#4628),#4638);
#4628 = B_SPLINE_CURVE_WITH_KNOTS('',8,(#4629,#4630,#4631,#4632,#4633,
    #4634,#4635,#4636,#4637),.UNSPECIFIED.,.F.,.F.,(9,9),(0.,
    1.570796397847),.PIECEWISE_BEZIER_KNOTS.);
#4629 = CARTESIAN_POINT('',(1.570796326795,26.1));
#4630 = CARTESIAN_POINT('',(1.767145876526,26.1));
#4631 = CARTESIAN_POINT('',(1.963495426254,26.359958601837));
#4632 = CARTESIAN_POINT('',(2.159844975991,26.879873597122));
#4633 = CARTESIAN_POINT('',(2.356194525707,27.638373508855));
#4634 = CARTESIAN_POINT('',(2.552544075454,28.592671974625));
#4635 = CARTESIAN_POINT('',(2.748893625177,29.683075438861));
#4636 = CARTESIAN_POINT('',(2.945243174911,30.841538075797));
#4637 = CARTESIAN_POINT('',(3.141592724642,32.000000419209));
#4638 = ( GEOMETRIC_REPRESENTATION_CONTEXT(2) 
PARAMETRIC_REPRESENTATION_CONTEXT() REPRESENTATION_CONTEXT('2D SPACE',''
  ) );
#4639 = FACE_BOUND('',#4640,.F.);
#4640 = EDGE_LOOP('',(#4641,#4698,#4734));
#4641 = ORIENTED_EDGE('',*,*,#4642,.F.);
#4642 = EDGE_CURVE('',#4643,#4645,#4647,.T.);
#4643 = VERTEX_POINT('',#4644);
#4644 = CARTESIAN_POINT('',(-100.,26.,29.4));
#4645 = VERTEX_POINT('',#4646);
#4646 = CARTESIAN_POINT('',(-99.99999976158,26.,17.6));
#4647 = SURFACE_CURVE('',#4648,(#4653,#4673),.PCURVE_S1.);
#4648 = ELLIPSE('',#4649,8.343860018001,5.9);
#4649 = AXIS2_PLACEMENT_3D('',#4650,#4651,#4652);
#4650 = CARTESIAN_POINT('',(-100.,26.,23.5));
#4651 = DIRECTION('',(0.707106781187,-0.707106781187,0.));
#4652 = DIRECTION('',(0.707106781187,0.707106781187,0.));
#4653 = PCURVE('',#2775,#4654);
#4654 = DEFINITIONAL_REPRESENTATION('',(#4655),#4672);
#4655 = B_SPLINE_CURVE_WITH_KNOTS('',8,(#4656,#4657,#4658,#4659,#4660,
    #4661,#4662,#4663,#4664,#4665,#4666,#4667,#4668,#4669,#4670,#4671),
  .UNSPECIFIED.,.F.,.F.,(9,7,9),(1.570796255742,3.141592633385,
    4.712389011027),.UNSPECIFIED.);
#4656 = CARTESIAN_POINT('',(-7.1052421724E-08,105.0000004192));
#4657 = CARTESIAN_POINT('',(0.196349476153,103.84153809069));
#4658 = CARTESIAN_POINT('',(0.392699023358,102.6830754686));
#4659 = CARTESIAN_POINT('',(0.589048570562,101.59267201684));
#4660 = CARTESIAN_POINT('',(0.785398117769,100.63837355752));
#4661 = CARTESIAN_POINT('',(0.981747664972,99.879873646066));
#4662 = CARTESIAN_POINT('',(1.178097212179,99.359958641857));
#4663 = CARTESIAN_POINT('',(1.374446759385,99.100000023407));
#4664 = CARTESIAN_POINT('',(1.767145853795,99.099999976593));
#4665 = CARTESIAN_POINT('',(1.963495400999,99.359958548287));
#4666 = CARTESIAN_POINT('',(2.15984494821,99.879873508246));
#4667 = CARTESIAN_POINT('',(2.356194495404,100.63837338131));
#4668 = CARTESIAN_POINT('',(2.552544042622,101.59267180978));
#4669 = CARTESIAN_POINT('',(2.748893589819,102.6830752407));
#4670 = CARTESIAN_POINT('',(2.945243137027,103.84153785227));
#4671 = CARTESIAN_POINT('',(3.141592684232,105.00000018079));
#4672 = ( GEOMETRIC_REPRESENTATION_CONTEXT(2) 
PARAMETRIC_REPRESENTATION_CONTEXT() REPRESENTATION_CONTEXT('2D SPACE',''
  ) );
#4673 = PCURVE('',#4674,#4679);
#4674 = CYLINDRICAL_SURFACE('',#4675,5.9);
#4675 = AXIS2_PLACEMENT_3D('',#4676,#4677,#4678);
#4676 = CARTESIAN_POINT('',(-100.,-6.,23.5));
#4677 = DIRECTION('',(0.,1.,0.));
#4678 = DIRECTION('',(0.,-0.,1.));
#4679 = DEFINITIONAL_REPRESENTATION('',(#4680),#4697);
#4680 = B_SPLINE_CURVE_WITH_KNOTS('',8,(#4681,#4682,#4683,#4684,#4685,
    #4686,#4687,#4688,#4689,#4690,#4691,#4692,#4693,#4694,#4695,#4696),
  .UNSPECIFIED.,.F.,.F.,(9,7,9),(1.570796255742,3.141592633385,
    4.712389011027),.UNSPECIFIED.);
#4681 = CARTESIAN_POINT('',(6.283185378232,32.000000419209));
#4682 = CARTESIAN_POINT('',(6.086835831027,30.841538090698));
#4683 = CARTESIAN_POINT('',(5.890486283822,29.683075468614));
#4684 = CARTESIAN_POINT('',(5.694136736618,28.592672016822));
#4685 = CARTESIAN_POINT('',(5.497787189413,27.638373557751));
#4686 = CARTESIAN_POINT('',(5.301437642207,26.879873645972));
#4687 = CARTESIAN_POINT('',(5.105088095001,26.359958641925));
#4688 = CARTESIAN_POINT('',(4.908738547795,26.100000023407));
#4689 = CARTESIAN_POINT('',(4.516039453384,26.099999976593));
#4690 = CARTESIAN_POINT('',(4.319689906176,26.359958548316));
#4691 = CARTESIAN_POINT('',(4.123340358989,26.879873508247));
#4692 = CARTESIAN_POINT('',(3.926990811752,27.63837338161));
#4693 = CARTESIAN_POINT('',(3.730641264577,28.592671809821));
#4694 = CARTESIAN_POINT('',(3.534291717356,29.683075240739));
#4695 = CARTESIAN_POINT('',(3.337942170153,30.841537852279));
#4696 = CARTESIAN_POINT('',(3.141592622947,32.000000180791));
#4697 = ( GEOMETRIC_REPRESENTATION_CONTEXT(2) 
PARAMETRIC_REPRESENTATION_CONTEXT() REPRESENTATION_CONTEXT('2D SPACE',''
  ) );
#4698 = ORIENTED_EDGE('',*,*,#4699,.T.);
#4699 = EDGE_CURVE('',#4643,#4700,#4702,.T.);
#4700 = VERTEX_POINT('',#4701);
#4701 = CARTESIAN_POINT('',(-94.1,20.1,23.5));
#4702 = SURFACE_CURVE('',#4703,(#4708,#4721),.PCURVE_S1.);
#4703 = ELLIPSE('',#4704,8.343860018001,5.9);
#4704 = AXIS2_PLACEMENT_3D('',#4705,#4706,#4707);
#4705 = CARTESIAN_POINT('',(-100.,26.,23.5));
#4706 = DIRECTION('',(0.707106781187,0.707106781187,0.));
#4707 = DIRECTION('',(0.707106781187,-0.707106781187,0.));
#4708 = PCURVE('',#2775,#4709);
#4709 = DEFINITIONAL_REPRESENTATION('',(#4710),#4720);
#4710 = B_SPLINE_CURVE_WITH_KNOTS('',8,(#4711,#4712,#4713,#4714,#4715,
    #4716,#4717,#4718,#4719),.UNSPECIFIED.,.F.,.F.,(9,9),(4.712388909332
    ,6.28318530718),.PIECEWISE_BEZIER_KNOTS.);
#4711 = CARTESIAN_POINT('',(-7.1052421724E-08,104.99999958079));
#4712 = CARTESIAN_POINT('',(0.196349478678,106.1584619242));
#4713 = CARTESIAN_POINT('',(0.392699028409,107.31692456118));
#4714 = CARTESIAN_POINT('',(0.589048578139,108.40732802482));
#4715 = CARTESIAN_POINT('',(0.78539812787,109.36162649133));
#4716 = CARTESIAN_POINT('',(0.9817476776,110.12012640234));
#4717 = CARTESIAN_POINT('',(1.178097227333,110.64004139822));
#4718 = CARTESIAN_POINT('',(1.374446777064,110.9));
#4719 = CARTESIAN_POINT('',(1.570796326795,110.9));
#4720 = ( GEOMETRIC_REPRESENTATION_CONTEXT(2) 
PARAMETRIC_REPRESENTATION_CONTEXT() REPRESENTATION_CONTEXT('2D SPACE',''
  ) );
#4721 = PCURVE('',#4674,#4722);
#4722 = DEFINITIONAL_REPRESENTATION('',(#4723),#4733);
#4723 = B_SPLINE_CURVE_WITH_KNOTS('',8,(#4724,#4725,#4726,#4727,#4728,
    #4729,#4730,#4731,#4732),.UNSPECIFIED.,.F.,.F.,(9,9),(4.712388909332
    ,6.28318530718),.PIECEWISE_BEZIER_KNOTS.);
#4724 = CARTESIAN_POINT('',(-7.1052421724E-08,32.000000419209));
#4725 = CARTESIAN_POINT('',(0.196349478678,30.841538075797));
#4726 = CARTESIAN_POINT('',(0.392699028409,29.683075438851));
#4727 = CARTESIAN_POINT('',(0.589048578139,28.59267197467));
#4728 = CARTESIAN_POINT('',(0.785398127869,27.638373508712));
#4729 = CARTESIAN_POINT('',(0.981747677601,26.879873597141));
#4730 = CARTESIAN_POINT('',(1.178097227333,26.359958601826));
#4731 = CARTESIAN_POINT('',(1.374446777064,26.1));
#4732 = CARTESIAN_POINT('',(1.570796326795,26.1));
#4733 = ( GEOMETRIC_REPRESENTATION_CONTEXT(2) 
PARAMETRIC_REPRESENTATION_CONTEXT() REPRESENTATION_CONTEXT('2D SPACE',''
  ) );
#4734 = ORIENTED_EDGE('',*,*,#4735,.T.);
#4735 = EDGE_CURVE('',#4700,#4645,#4736,.T.);
#4736 = SURFACE_CURVE('',#4737,(#4742,#4755),.PCURVE_S1.);
#4737 = ELLIPSE('',#4738,8.343860018001,5.9);
#4738 = AXIS2_PLACEMENT_3D('',#4739,#4740,#4741);
#4739 = CARTESIAN_POINT('',(-100.,26.,23.5));
#4740 = DIRECTION('',(0.707106781187,0.707106781187,0.));
#4741 = DIRECTION('',(0.707106781187,-0.707106781187,0.));
#4742 = PCURVE('',#2775,#4743);
#4743 = DEFINITIONAL_REPRESENTATION('',(#4744),#4754);
#4744 = B_SPLINE_CURVE_WITH_KNOTS('',8,(#4745,#4746,#4747,#4748,#4749,
    #4750,#4751,#4752,#4753),.UNSPECIFIED.,.F.,.F.,(9,9),(0.,
    1.570796397847),.PIECEWISE_BEZIER_KNOTS.);
#4745 = CARTESIAN_POINT('',(1.570796326795,110.9));
#4746 = CARTESIAN_POINT('',(1.767145876526,110.9));
#4747 = CARTESIAN_POINT('',(1.963495426256,110.64004139809));
#4748 = CARTESIAN_POINT('',(2.159844975984,110.12012640275));
#4749 = CARTESIAN_POINT('',(2.356194525716,109.36162649084));
#4750 = CARTESIAN_POINT('',(2.552544075447,108.40732802521));
#4751 = CARTESIAN_POINT('',(2.74889362518,107.31692456109));
#4752 = CARTESIAN_POINT('',(2.945243174911,106.1584619242));
#4753 = CARTESIAN_POINT('',(3.141592724642,104.99999958079));
#4754 = ( GEOMETRIC_REPRESENTATION_CONTEXT(2) 
PARAMETRIC_REPRESENTATION_CONTEXT() REPRESENTATION_CONTEXT('2D SPACE',''
  ) );
#4755 = PCURVE('',#4674,#4756);
#4756 = DEFINITIONAL_REPRESENTATION('',(#4757),#4767);
#4757 = B_SPLINE_CURVE_WITH_KNOTS('',8,(#4758,#4759,#4760,#4761,#4762,
    #4763,#4764,#4765,#4766),.UNSPECIFIED.,.F.,.F.,(9,9),(0.,
    1.570796397847),.PIECEWISE_BEZIER_KNOTS.);
#4758 = CARTESIAN_POINT('',(1.570796326795,26.1));
#4759 = CARTESIAN_POINT('',(1.767145876526,26.1));
#4760 = CARTESIAN_POINT('',(1.963495426256,26.359958601837));
#4761 = CARTESIAN_POINT('',(2.159844975984,26.879873597122));
#4762 = CARTESIAN_POINT('',(2.356194525716,27.638373508855));
#4763 = CARTESIAN_POINT('',(2.552544075447,28.592671974625));
#4764 = CARTESIAN_POINT('',(2.74889362518,29.683075438861));
#4765 = CARTESIAN_POINT('',(2.945243174911,30.841538075797));
#4766 = CARTESIAN_POINT('',(3.141592724642,32.000000419209));
#4767 = ( GEOMETRIC_REPRESENTATION_CONTEXT(2) 
PARAMETRIC_REPRESENTATION_CONTEXT() REPRESENTATION_CONTEXT('2D SPACE',''
  ) );
#4768 = FACE_BOUND('',#4769,.F.);
#4769 = EDGE_LOOP('',(#4770,#4827,#4863));
#4770 = ORIENTED_EDGE('',*,*,#4771,.F.);
#4771 = EDGE_CURVE('',#4772,#4774,#4776,.T.);
#4772 = VERTEX_POINT('',#4773);
#4773 = CARTESIAN_POINT('',(-60.,26.,29.4));
#4774 = VERTEX_POINT('',#4775);
#4775 = CARTESIAN_POINT('',(-59.99999976158,26.,17.6));
#4776 = SURFACE_CURVE('',#4777,(#4782,#4802),.PCURVE_S1.);
#4777 = ELLIPSE('',#4778,8.343860018001,5.9);
#4778 = AXIS2_PLACEMENT_3D('',#4779,#4780,#4781);
#4779 = CARTESIAN_POINT('',(-60.,26.,23.5));
#4780 = DIRECTION('',(0.707106781187,-0.707106781187,0.));
#4781 = DIRECTION('',(0.707106781187,0.707106781187,0.));
#4782 = PCURVE('',#2775,#4783);
#4783 = DEFINITIONAL_REPRESENTATION('',(#4784),#4801);
#4784 = B_SPLINE_CURVE_WITH_KNOTS('',8,(#4785,#4786,#4787,#4788,#4789,
    #4790,#4791,#4792,#4793,#4794,#4795,#4796,#4797,#4798,#4799,#4800),
  .UNSPECIFIED.,.F.,.F.,(9,7,9),(1.570796255742,3.141592633385,
    4.712389011027),.UNSPECIFIED.);
#4785 = CARTESIAN_POINT('',(-7.1052421724E-08,145.0000004192));
#4786 = CARTESIAN_POINT('',(0.196349476153,143.84153809069));
#4787 = CARTESIAN_POINT('',(0.392699023358,142.68307546859));
#4788 = CARTESIAN_POINT('',(0.589048570562,141.59267201658));
#4789 = CARTESIAN_POINT('',(0.785398117769,140.63837355736));
#4790 = CARTESIAN_POINT('',(0.981747664972,139.87987364575));
#4791 = CARTESIAN_POINT('',(1.178097212179,139.35995864189));
#4792 = CARTESIAN_POINT('',(1.374446759385,139.1000000234));
#4793 = CARTESIAN_POINT('',(1.767145853795,139.09999997659));
#4794 = CARTESIAN_POINT('',(1.963495400999,139.35995854823));
#4795 = CARTESIAN_POINT('',(2.15984494821,139.87987350808));
#4796 = CARTESIAN_POINT('',(2.356194495404,140.63837338124));
#4797 = CARTESIAN_POINT('',(2.552544042622,141.5926718096));
#4798 = CARTESIAN_POINT('',(2.748893589819,142.68307524069));
#4799 = CARTESIAN_POINT('',(2.945243137027,143.84153785227));
#4800 = CARTESIAN_POINT('',(3.141592684232,145.00000018079));
#4801 = ( GEOMETRIC_REPRESENTATION_CONTEXT(2) 
PARAMETRIC_REPRESENTATION_CONTEXT() REPRESENTATION_CONTEXT('2D SPACE',''
  ) );
#4802 = PCURVE('',#4803,#4808);
#4803 = CYLINDRICAL_SURFACE('',#4804,5.9);
#4804 = AXIS2_PLACEMENT_3D('',#4805,#4806,#4807);
#4805 = CARTESIAN_POINT('',(-60.,-6.,23.5));
#4806 = DIRECTION('',(0.,1.,0.));
#4807 = DIRECTION('',(0.,-0.,1.));
#4808 = DEFINITIONAL_REPRESENTATION('',(#4809),#4826);
#4809 = B_SPLINE_CURVE_WITH_KNOTS('',8,(#4810,#4811,#4812,#4813,#4814,
    #4815,#4816,#4817,#4818,#4819,#4820,#4821,#4822,#4823,#4824,#4825),
  .UNSPECIFIED.,.F.,.F.,(9,7,9),(1.570796255742,3.141592633385,
    4.712389011027),.UNSPECIFIED.);
#4810 = CARTESIAN_POINT('',(6.283185378232,32.000000419209));
#4811 = CARTESIAN_POINT('',(6.086835831027,30.841538090698));
#4812 = CARTESIAN_POINT('',(5.890486283822,29.683075468614));
#4813 = CARTESIAN_POINT('',(5.694136736617,28.592672016822));
#4814 = CARTESIAN_POINT('',(5.497787189413,27.638373557751));
#4815 = CARTESIAN_POINT('',(5.301437642205,26.879873645972));
#4816 = CARTESIAN_POINT('',(5.105088095,26.359958641925));
#4817 = CARTESIAN_POINT('',(4.908738547795,26.100000023407));
#4818 = CARTESIAN_POINT('',(4.516039453384,26.099999976593));
#4819 = CARTESIAN_POINT('',(4.319689906177,26.359958548316));
#4820 = CARTESIAN_POINT('',(4.123340358986,26.879873508247));
#4821 = CARTESIAN_POINT('',(3.926990811759,27.63837338161));
#4822 = CARTESIAN_POINT('',(3.730641264573,28.592671809821));
#4823 = CARTESIAN_POINT('',(3.534291717356,29.683075240739));
#4824 = CARTESIAN_POINT('',(3.337942170153,30.841537852279));
#4825 = CARTESIAN_POINT('',(3.141592622947,32.000000180791));
#4826 = ( GEOMETRIC_REPRESENTATION_CONTEXT(2) 
PARAMETRIC_REPRESENTATION_CONTEXT() REPRESENTATION_CONTEXT('2D SPACE',''
  ) );
#4827 = ORIENTED_EDGE('',*,*,#4828,.T.);
#4828 = EDGE_CURVE('',#4772,#4829,#4831,.T.);
#4829 = VERTEX_POINT('',#4830);
#4830 = CARTESIAN_POINT('',(-54.1,20.1,23.5));
#4831 = SURFACE_CURVE('',#4832,(#4837,#4850),.PCURVE_S1.);
#4832 = ELLIPSE('',#4833,8.343860018001,5.9);
#4833 = AXIS2_PLACEMENT_3D('',#4834,#4835,#4836);
#4834 = CARTESIAN_POINT('',(-60.,26.,23.5));
#4835 = DIRECTION('',(0.707106781187,0.707106781187,0.));
#4836 = DIRECTION('',(0.707106781187,-0.707106781187,0.));
#4837 = PCURVE('',#2775,#4838);
#4838 = DEFINITIONAL_REPRESENTATION('',(#4839),#4849);
#4839 = B_SPLINE_CURVE_WITH_KNOTS('',8,(#4840,#4841,#4842,#4843,#4844,
    #4845,#4846,#4847,#4848),.UNSPECIFIED.,.F.,.F.,(9,9),(4.712388909332
    ,6.28318530718),.PIECEWISE_BEZIER_KNOTS.);
#4840 = CARTESIAN_POINT('',(-7.1052421724E-08,144.99999958079));
#4841 = CARTESIAN_POINT('',(0.196349478678,146.1584619242));
#4842 = CARTESIAN_POINT('',(0.392699028409,147.31692456084));
#4843 = CARTESIAN_POINT('',(0.589048578139,148.40732802584));
#4844 = CARTESIAN_POINT('',(0.78539812787,149.36162648972));
#4845 = CARTESIAN_POINT('',(0.9817476776,150.12012640334));
#4846 = CARTESIAN_POINT('',(1.178097227333,150.6400413979));
#4847 = CARTESIAN_POINT('',(1.374446777064,150.9));
#4848 = CARTESIAN_POINT('',(1.570796326795,150.9));
#4849 = ( GEOMETRIC_REPRESENTATION_CONTEXT(2) 
PARAMETRIC_REPRESENTATION_CONTEXT() REPRESENTATION_CONTEXT('2D SPACE',''
  ) );
#4850 = PCURVE('',#4803,#4851);
#4851 = DEFINITIONAL_REPRESENTATION('',(#4852),#4862);
#4852 = B_SPLINE_CURVE_WITH_KNOTS('',8,(#4853,#4854,#4855,#4856,#4857,
    #4858,#4859,#4860,#4861),.UNSPECIFIED.,.F.,.F.,(9,9),(4.712388909332
    ,6.28318530718),.PIECEWISE_BEZIER_KNOTS.);
#4853 = CARTESIAN_POINT('',(-7.1052421724E-08,32.000000419209));
#4854 = CARTESIAN_POINT('',(0.196349478678,30.841538075797));
#4855 = CARTESIAN_POINT('',(0.392699028409,29.683075438851));
#4856 = CARTESIAN_POINT('',(0.58904857814,28.59267197467));
#4857 = CARTESIAN_POINT('',(0.785398127868,27.638373508712));
#4858 = CARTESIAN_POINT('',(0.981747677602,26.879873597141));
#4859 = CARTESIAN_POINT('',(1.178097227332,26.359958601826));
#4860 = CARTESIAN_POINT('',(1.374446777064,26.1));
#4861 = CARTESIAN_POINT('',(1.570796326795,26.1));
#4862 = ( GEOMETRIC_REPRESENTATION_CONTEXT(2) 
PARAMETRIC_REPRESENTATION_CONTEXT() REPRESENTATION_CONTEXT('2D SPACE',''
  ) );
#4863 = ORIENTED_EDGE('',*,*,#4864,.T.);
#4864 = EDGE_CURVE('',#4829,#4774,#4865,.T.);
#4865 = SURFACE_CURVE('',#4866,(#4871,#4884),.PCURVE_S1.);
#4866 = ELLIPSE('',#4867,8.343860018001,5.9);
#4867 = AXIS2_PLACEMENT_3D('',#4868,#4869,#4870);
#4868 = CARTESIAN_POINT('',(-60.,26.,23.5));
#4869 = DIRECTION('',(0.707106781187,0.707106781187,0.));
#4870 = DIRECTION('',(0.707106781187,-0.707106781187,0.));
#4871 = PCURVE('',#2775,#4872);
#4872 = DEFINITIONAL_REPRESENTATION('',(#4873),#4883);
#4873 = B_SPLINE_CURVE_WITH_KNOTS('',8,(#4874,#4875,#4876,#4877,#4878,
    #4879,#4880,#4881,#4882),.UNSPECIFIED.,.F.,.F.,(9,9),(0.,
    1.570796397847),.PIECEWISE_BEZIER_KNOTS.);
#4874 = CARTESIAN_POINT('',(1.570796326795,150.9));
#4875 = CARTESIAN_POINT('',(1.767145876526,150.9));
#4876 = CARTESIAN_POINT('',(1.963495426256,150.64004139806));
#4877 = CARTESIAN_POINT('',(2.159844975984,150.12012640293));
#4878 = CARTESIAN_POINT('',(2.356194525716,149.36162649047));
#4879 = CARTESIAN_POINT('',(2.552544075447,148.40732802544));
#4880 = CARTESIAN_POINT('',(2.74889362518,147.31692456102));
#4881 = CARTESIAN_POINT('',(2.945243174911,146.1584619242));
#4882 = CARTESIAN_POINT('',(3.141592724642,144.99999958079));
#4883 = ( GEOMETRIC_REPRESENTATION_CONTEXT(2) 
PARAMETRIC_REPRESENTATION_CONTEXT() REPRESENTATION_CONTEXT('2D SPACE',''
  ) );
#4884 = PCURVE('',#4803,#4885);
#4885 = DEFINITIONAL_REPRESENTATION('',(#4886),#4896);
#4886 = B_SPLINE_CURVE_WITH_KNOTS('',8,(#4887,#4888,#4889,#4890,#4891,
    #4892,#4893,#4894,#4895),.UNSPECIFIED.,.F.,.F.,(9,9),(0.,
    1.570796397847),.PIECEWISE_BEZIER_KNOTS.);
#4887 = CARTESIAN_POINT('',(1.570796326795,26.1));
#4888 = CARTESIAN_POINT('',(1.767145876526,26.1));
#4889 = CARTESIAN_POINT('',(1.963495426256,26.359958601837));
#4890 = CARTESIAN_POINT('',(2.159844975984,26.879873597122));
#4891 = CARTESIAN_POINT('',(2.356194525716,27.638373508855));
#4892 = CARTESIAN_POINT('',(2.552544075447,28.592671974625));
#4893 = CARTESIAN_POINT('',(2.74889362518,29.683075438861));
#4894 = CARTESIAN_POINT('',(2.945243174911,30.841538075797));
#4895 = CARTESIAN_POINT('',(3.141592724642,32.000000419209));
#4896 = ( GEOMETRIC_REPRESENTATION_CONTEXT(2) 
PARAMETRIC_REPRESENTATION_CONTEXT() REPRESENTATION_CONTEXT('2D SPACE',''
  ) );
#4897 = FACE_BOUND('',#4898,.F.);
#4898 = EDGE_LOOP('',(#4899,#4956,#4992));
#4899 = ORIENTED_EDGE('',*,*,#4900,.F.);
#4900 = EDGE_CURVE('',#4901,#4903,#4905,.T.);
#4901 = VERTEX_POINT('',#4902);
#4902 = CARTESIAN_POINT('',(-20.,26.,29.4));
#4903 = VERTEX_POINT('',#4904);
#4904 = CARTESIAN_POINT('',(-19.99999976158,26.,17.6));
#4905 = SURFACE_CURVE('',#4906,(#4911,#4931),.PCURVE_S1.);
#4906 = ELLIPSE('',#4907,8.343860018001,5.9);
#4907 = AXIS2_PLACEMENT_3D('',#4908,#4909,#4910);
#4908 = CARTESIAN_POINT('',(-20.,26.,23.5));
#4909 = DIRECTION('',(0.707106781187,-0.707106781187,0.));
#4910 = DIRECTION('',(0.707106781187,0.707106781187,0.));
#4911 = PCURVE('',#2775,#4912);
#4912 = DEFINITIONAL_REPRESENTATION('',(#4913),#4930);
#4913 = B_SPLINE_CURVE_WITH_KNOTS('',8,(#4914,#4915,#4916,#4917,#4918,
    #4919,#4920,#4921,#4922,#4923,#4924,#4925,#4926,#4927,#4928,#4929),
  .UNSPECIFIED.,.F.,.F.,(9,7,9),(1.570796255742,3.141592633385,
    4.712389011027),.UNSPECIFIED.);
#4914 = CARTESIAN_POINT('',(-7.1052421724E-08,185.0000004192));
#4915 = CARTESIAN_POINT('',(0.196349476153,183.84153809069));
#4916 = CARTESIAN_POINT('',(0.392699023358,182.68307546862));
#4917 = CARTESIAN_POINT('',(0.589048570562,181.59267201606));
#4918 = CARTESIAN_POINT('',(0.785398117769,180.63837355794));
#4919 = CARTESIAN_POINT('',(0.981747664972,179.87987364545));
#4920 = CARTESIAN_POINT('',(1.178097212179,179.35995864195));
#4921 = CARTESIAN_POINT('',(1.374446759385,179.1000000234));
#4922 = CARTESIAN_POINT('',(1.767145853795,179.09999997659));
#4923 = CARTESIAN_POINT('',(1.963495400999,179.3599585481));
#4924 = CARTESIAN_POINT('',(2.15984494821,179.87987350847));
#4925 = CARTESIAN_POINT('',(2.356194495404,180.63837338098));
#4926 = CARTESIAN_POINT('',(2.552544042622,181.59267181005));
#4927 = CARTESIAN_POINT('',(2.748893589819,182.68307524051));
#4928 = CARTESIAN_POINT('',(2.945243137027,183.84153785227));
#4929 = CARTESIAN_POINT('',(3.141592684232,185.00000018079));
#4930 = ( GEOMETRIC_REPRESENTATION_CONTEXT(2) 
PARAMETRIC_REPRESENTATION_CONTEXT() REPRESENTATION_CONTEXT('2D SPACE',''
  ) );
#4931 = PCURVE('',#4932,#4937);
#4932 = CYLINDRICAL_SURFACE('',#4933,5.9);
#4933 = AXIS2_PLACEMENT_3D('',#4934,#4935,#4936);
#4934 = CARTESIAN_POINT('',(-20.,-6.,23.5));
#4935 = DIRECTION('',(0.,1.,0.));
#4936 = DIRECTION('',(0.,-0.,1.));
#4937 = DEFINITIONAL_REPRESENTATION('',(#4938),#4955);
#4938 = B_SPLINE_CURVE_WITH_KNOTS('',8,(#4939,#4940,#4941,#4942,#4943,
    #4944,#4945,#4946,#4947,#4948,#4949,#4950,#4951,#4952,#4953,#4954),
  .UNSPECIFIED.,.F.,.F.,(9,7,9),(1.570796255742,3.141592633385,
    4.712389011027),.UNSPECIFIED.);
#4939 = CARTESIAN_POINT('',(6.283185378232,32.000000419209));
#4940 = CARTESIAN_POINT('',(6.086835831027,30.841538090698));
#4941 = CARTESIAN_POINT('',(5.890486283822,29.683075468614));
#4942 = CARTESIAN_POINT('',(5.694136736617,28.592672016822));
#4943 = CARTESIAN_POINT('',(5.497787189411,27.638373557751));
#4944 = CARTESIAN_POINT('',(5.301437642207,26.879873645972));
#4945 = CARTESIAN_POINT('',(5.105088095,26.359958641925));
#4946 = CARTESIAN_POINT('',(4.908738547795,26.100000023407));
#4947 = CARTESIAN_POINT('',(4.516039453384,26.099999976593));
#4948 = CARTESIAN_POINT('',(4.319689906178,26.359958548316));
#4949 = CARTESIAN_POINT('',(4.123340358984,26.879873508247));
#4950 = CARTESIAN_POINT('',(3.926990811761,27.63837338161));
#4951 = CARTESIAN_POINT('',(3.730641264572,28.592671809821));
#4952 = CARTESIAN_POINT('',(3.534291717357,29.683075240739));
#4953 = CARTESIAN_POINT('',(3.337942170153,30.841537852279));
#4954 = CARTESIAN_POINT('',(3.141592622947,32.000000180791));
#4955 = ( GEOMETRIC_REPRESENTATION_CONTEXT(2) 
PARAMETRIC_REPRESENTATION_CONTEXT() REPRESENTATION_CONTEXT('2D SPACE',''
  ) );
#4956 = ORIENTED_EDGE('',*,*,#4957,.T.);
#4957 = EDGE_CURVE('',#4901,#4958,#4960,.T.);
#4958 = VERTEX_POINT('',#4959);
#4959 = CARTESIAN_POINT('',(-14.1,20.1,23.5));
#4960 = SURFACE_CURVE('',#4961,(#4966,#4979),.PCURVE_S1.);
#4961 = ELLIPSE('',#4962,8.343860018001,5.9);
#4962 = AXIS2_PLACEMENT_3D('',#4963,#4964,#4965);
#4963 = CARTESIAN_POINT('',(-20.,26.,23.5));
#4964 = DIRECTION('',(0.707106781187,0.707106781187,0.));
#4965 = DIRECTION('',(0.707106781187,-0.707106781187,0.));
#4966 = PCURVE('',#2775,#4967);
#4967 = DEFINITIONAL_REPRESENTATION('',(#4968),#4978);
#4968 = B_SPLINE_CURVE_WITH_KNOTS('',8,(#4969,#4970,#4971,#4972,#4973,
    #4974,#4975,#4976,#4977),.UNSPECIFIED.,.F.,.F.,(9,9),(4.712388909332
    ,6.28318530718),.PIECEWISE_BEZIER_KNOTS.);
#4969 = CARTESIAN_POINT('',(-7.105242261218E-08,184.99999958079));
#4970 = CARTESIAN_POINT('',(0.196349478678,186.1584619242));
#4971 = CARTESIAN_POINT('',(0.392699028409,187.31692456119));
#4972 = CARTESIAN_POINT('',(0.589048578139,188.40732802481));
#4973 = CARTESIAN_POINT('',(0.785398127871,189.36162649118));
#4974 = CARTESIAN_POINT('',(0.9817476776,190.12012640232));
#4975 = CARTESIAN_POINT('',(1.178097227333,190.6400413981));
#4976 = CARTESIAN_POINT('',(1.374446777064,190.9));
#4977 = CARTESIAN_POINT('',(1.570796326795,190.9));
#4978 = ( GEOMETRIC_REPRESENTATION_CONTEXT(2) 
PARAMETRIC_REPRESENTATION_CONTEXT() REPRESENTATION_CONTEXT('2D SPACE',''
  ) );
#4979 = PCURVE('',#4932,#4980);
#4980 = DEFINITIONAL_REPRESENTATION('',(#4981),#4991);
#4981 = B_SPLINE_CURVE_WITH_KNOTS('',8,(#4982,#4983,#4984,#4985,#4986,
    #4987,#4988,#4989,#4990),.UNSPECIFIED.,.F.,.F.,(9,9),(4.712388909332
    ,6.28318530718),.PIECEWISE_BEZIER_KNOTS.);
#4982 = CARTESIAN_POINT('',(-7.105242261218E-08,32.000000419209));
#4983 = CARTESIAN_POINT('',(0.196349478678,30.841538075797));
#4984 = CARTESIAN_POINT('',(0.392699028409,29.68307543884));
#4985 = CARTESIAN_POINT('',(0.589048578139,28.592671974714));
#4986 = CARTESIAN_POINT('',(0.785398127871,27.638373508755));
#4987 = CARTESIAN_POINT('',(0.9817476776,26.879873597185));
#4988 = CARTESIAN_POINT('',(1.178097227333,26.359958601815));
#4989 = CARTESIAN_POINT('',(1.374446777064,26.1));
#4990 = CARTESIAN_POINT('',(1.570796326795,26.1));
#4991 = ( GEOMETRIC_REPRESENTATION_CONTEXT(2) 
PARAMETRIC_REPRESENTATION_CONTEXT() REPRESENTATION_CONTEXT('2D SPACE',''
  ) );
#4992 = ORIENTED_EDGE('',*,*,#4993,.T.);
#4993 = EDGE_CURVE('',#4958,#4903,#4994,.T.);
#4994 = SURFACE_CURVE('',#4995,(#5000,#5013),.PCURVE_S1.);
#4995 = ELLIPSE('',#4996,8.343860018001,5.9);
#4996 = AXIS2_PLACEMENT_3D('',#4997,#4998,#4999);
#4997 = CARTESIAN_POINT('',(-20.,26.,23.5));
#4998 = DIRECTION('',(0.707106781187,0.707106781187,0.));
#4999 = DIRECTION('',(0.707106781187,-0.707106781187,0.));
#5000 = PCURVE('',#2775,#5001);
#5001 = DEFINITIONAL_REPRESENTATION('',(#5002),#5012);
#5002 = B_SPLINE_CURVE_WITH_KNOTS('',8,(#5003,#5004,#5005,#5006,#5007,
    #5008,#5009,#5010,#5011),.UNSPECIFIED.,.F.,.F.,(9,9),(0.,
    1.570796397847),.PIECEWISE_BEZIER_KNOTS.);
#5003 = CARTESIAN_POINT('',(1.570796326795,190.9));
#5004 = CARTESIAN_POINT('',(1.767145876526,190.9));
#5005 = CARTESIAN_POINT('',(1.963495426256,190.64004139816));
#5006 = CARTESIAN_POINT('',(2.159844975984,190.12012640268));
#5007 = CARTESIAN_POINT('',(2.356194525716,189.36162649056));
#5008 = CARTESIAN_POINT('',(2.552544075447,188.40732802519));
#5009 = CARTESIAN_POINT('',(2.74889362518,187.31692456107));
#5010 = CARTESIAN_POINT('',(2.945243174911,186.1584619242));
#5011 = CARTESIAN_POINT('',(3.141592724642,184.99999958079));
#5012 = ( GEOMETRIC_REPRESENTATION_CONTEXT(2) 
PARAMETRIC_REPRESENTATION_CONTEXT() REPRESENTATION_CONTEXT('2D SPACE',''
  ) );
#5013 = PCURVE('',#4932,#5014);
#5014 = DEFINITIONAL_REPRESENTATION('',(#5015),#5025);
#5015 = B_SPLINE_CURVE_WITH_KNOTS('',8,(#5016,#5017,#5018,#5019,#5020,
    #5021,#5022,#5023,#5024),.UNSPECIFIED.,.F.,.F.,(9,9),(0.,
    1.570796397847),.PIECEWISE_BEZIER_KNOTS.);
#5016 = CARTESIAN_POINT('',(1.570796326795,26.1));
#5017 = CARTESIAN_POINT('',(1.767145876526,26.1));
#5018 = CARTESIAN_POINT('',(1.963495426256,26.359958601837));
#5019 = CARTESIAN_POINT('',(2.159844975984,26.879873597122));
#5020 = CARTESIAN_POINT('',(2.356194525716,27.638373508855));
#5021 = CARTESIAN_POINT('',(2.552544075447,28.592671974625));
#5022 = CARTESIAN_POINT('',(2.74889362518,29.683075438861));
#5023 = CARTESIAN_POINT('',(2.945243174911,30.841538075797));
#5024 = CARTESIAN_POINT('',(3.141592724642,32.000000419209));
#5025 = ( GEOMETRIC_REPRESENTATION_CONTEXT(2) 
PARAMETRIC_REPRESENTATION_CONTEXT() REPRESENTATION_CONTEXT('2D SPACE',''
  ) );
#5026 = FACE_BOUND('',#5027,.F.);
#5027 = EDGE_LOOP('',(#5028,#5085,#5121));
#5028 = ORIENTED_EDGE('',*,*,#5029,.F.);
#5029 = EDGE_CURVE('',#5030,#5032,#5034,.T.);
#5030 = VERTEX_POINT('',#5031);
#5031 = CARTESIAN_POINT('',(20.,26.,29.4));
#5032 = VERTEX_POINT('',#5033);
#5033 = CARTESIAN_POINT('',(20.000000238419,26.,17.6));
#5034 = SURFACE_CURVE('',#5035,(#5040,#5060),.PCURVE_S1.);
#5035 = ELLIPSE('',#5036,8.343860018001,5.9);
#5036 = AXIS2_PLACEMENT_3D('',#5037,#5038,#5039);
#5037 = CARTESIAN_POINT('',(20.,26.,23.5));
#5038 = DIRECTION('',(0.707106781187,-0.707106781187,0.));
#5039 = DIRECTION('',(0.707106781187,0.707106781187,0.));
#5040 = PCURVE('',#2775,#5041);
#5041 = DEFINITIONAL_REPRESENTATION('',(#5042),#5059);
#5042 = B_SPLINE_CURVE_WITH_KNOTS('',8,(#5043,#5044,#5045,#5046,#5047,
    #5048,#5049,#5050,#5051,#5052,#5053,#5054,#5055,#5056,#5057,#5058),
  .UNSPECIFIED.,.F.,.F.,(9,7,9),(1.570796255742,3.141592633385,
    4.712389011027),.UNSPECIFIED.);
#5043 = CARTESIAN_POINT('',(-7.1052421724E-08,225.0000004192));
#5044 = CARTESIAN_POINT('',(0.196349476153,223.84153809069));
#5045 = CARTESIAN_POINT('',(0.392699023358,222.6830754686));
#5046 = CARTESIAN_POINT('',(0.589048570562,221.59267201649));
#5047 = CARTESIAN_POINT('',(0.785398117769,220.63837355742));
#5048 = CARTESIAN_POINT('',(0.981747664972,219.87987364565));
#5049 = CARTESIAN_POINT('',(1.178097212179,219.35995864192));
#5050 = CARTESIAN_POINT('',(1.374446759385,219.1000000234));
#5051 = CARTESIAN_POINT('',(1.767145853795,219.09999997659));
#5052 = CARTESIAN_POINT('',(1.963495400999,219.3599585481));
#5053 = CARTESIAN_POINT('',(2.15984494821,219.87987350833));
#5054 = CARTESIAN_POINT('',(2.356194495404,220.63837338107));
#5055 = CARTESIAN_POINT('',(2.552544042622,221.59267180992));
#5056 = CARTESIAN_POINT('',(2.748893589819,222.68307524059));
#5057 = CARTESIAN_POINT('',(2.945243137027,223.84153785227));
#5058 = CARTESIAN_POINT('',(3.141592684232,225.00000018079));
#5059 = ( GEOMETRIC_REPRESENTATION_CONTEXT(2) 
PARAMETRIC_REPRESENTATION_CONTEXT() REPRESENTATION_CONTEXT('2D SPACE',''
  ) );
#5060 = PCURVE('',#5061,#5066);
#5061 = CYLINDRICAL_SURFACE('',#5062,5.9);
#5062 = AXIS2_PLACEMENT_3D('',#5063,#5064,#5065);
#5063 = CARTESIAN_POINT('',(20.,-6.,23.5));
#5064 = DIRECTION('',(0.,1.,0.));
#5065 = DIRECTION('',(0.,-0.,1.));
#5066 = DEFINITIONAL_REPRESENTATION('',(#5067),#5084);
#5067 = B_SPLINE_CURVE_WITH_KNOTS('',8,(#5068,#5069,#5070,#5071,#5072,
    #5073,#5074,#5075,#5076,#5077,#5078,#5079,#5080,#5081,#5082,#5083),
  .UNSPECIFIED.,.F.,.F.,(9,7,9),(1.570796255742,3.141592633385,
    4.712389011027),.UNSPECIFIED.);
#5068 = CARTESIAN_POINT('',(6.283185378232,32.000000419209));
#5069 = CARTESIAN_POINT('',(6.086835831027,30.841538090698));
#5070 = CARTESIAN_POINT('',(5.890486283822,29.683075468614));
#5071 = CARTESIAN_POINT('',(5.694136736617,28.592672016822));
#5072 = CARTESIAN_POINT('',(5.497787189411,27.638373557751));
#5073 = CARTESIAN_POINT('',(5.301437642207,26.879873645972));
#5074 = CARTESIAN_POINT('',(5.105088095,26.359958641925));
#5075 = CARTESIAN_POINT('',(4.908738547795,26.100000023407));
#5076 = CARTESIAN_POINT('',(4.516039453384,26.099999976593));
#5077 = CARTESIAN_POINT('',(4.319689906179,26.359958548316));
#5078 = CARTESIAN_POINT('',(4.123340358977,26.879873508247));
#5079 = CARTESIAN_POINT('',(3.926990811769,27.63837338161));
#5080 = CARTESIAN_POINT('',(3.730641264565,28.592671809821));
#5081 = CARTESIAN_POINT('',(3.534291717358,29.683075240739));
#5082 = CARTESIAN_POINT('',(3.337942170153,30.841537852279));
#5083 = CARTESIAN_POINT('',(3.141592622947,32.000000180791));
#5084 = ( GEOMETRIC_REPRESENTATION_CONTEXT(2) 
PARAMETRIC_REPRESENTATION_CONTEXT() REPRESENTATION_CONTEXT('2D SPACE',''
  ) );
#5085 = ORIENTED_EDGE('',*,*,#5086,.T.);
#5086 = EDGE_CURVE('',#5030,#5087,#5089,.T.);
#5087 = VERTEX_POINT('',#5088);
#5088 = CARTESIAN_POINT('',(25.9,20.1,23.5));
#5089 = SURFACE_CURVE('',#5090,(#5095,#5108),.PCURVE_S1.);
#5090 = ELLIPSE('',#5091,8.343860018001,5.9);
#5091 = AXIS2_PLACEMENT_3D('',#5092,#5093,#5094);
#5092 = CARTESIAN_POINT('',(20.,26.,23.5));
#5093 = DIRECTION('',(0.707106781187,0.707106781187,0.));
#5094 = DIRECTION('',(0.707106781187,-0.707106781187,0.));
#5095 = PCURVE('',#2775,#5096);
#5096 = DEFINITIONAL_REPRESENTATION('',(#5097),#5107);
#5097 = B_SPLINE_CURVE_WITH_KNOTS('',8,(#5098,#5099,#5100,#5101,#5102,
    #5103,#5104,#5105,#5106),.UNSPECIFIED.,.F.,.F.,(9,9),(4.712388909332
    ,6.28318530718),.PIECEWISE_BEZIER_KNOTS.);
#5098 = CARTESIAN_POINT('',(-7.105242261218E-08,224.99999958079));
#5099 = CARTESIAN_POINT('',(0.196349478678,226.1584619242));
#5100 = CARTESIAN_POINT('',(0.392699028409,227.31692456108));
#5101 = CARTESIAN_POINT('',(0.589048578139,228.40732802535));
#5102 = CARTESIAN_POINT('',(0.785398127871,229.36162649078));
#5103 = CARTESIAN_POINT('',(0.9817476776,230.12012640287));
#5104 = CARTESIAN_POINT('',(1.178097227333,230.64004139807));
#5105 = CARTESIAN_POINT('',(1.374446777064,230.9));
#5106 = CARTESIAN_POINT('',(1.570796326795,230.9));
#5107 = ( GEOMETRIC_REPRESENTATION_CONTEXT(2) 
PARAMETRIC_REPRESENTATION_CONTEXT() REPRESENTATION_CONTEXT('2D SPACE',''
  ) );
#5108 = PCURVE('',#5061,#5109);
#5109 = DEFINITIONAL_REPRESENTATION('',(#5110),#5120);
#5110 = B_SPLINE_CURVE_WITH_KNOTS('',8,(#5111,#5112,#5113,#5114,#5115,
    #5116,#5117,#5118,#5119),.UNSPECIFIED.,.F.,.F.,(9,9),(4.712388909332
    ,6.28318530718),.PIECEWISE_BEZIER_KNOTS.);
#5111 = CARTESIAN_POINT('',(-7.105242261218E-08,32.000000419209));
#5112 = CARTESIAN_POINT('',(0.196349478678,30.841538075797));
#5113 = CARTESIAN_POINT('',(0.392699028409,29.68307543884));
#5114 = CARTESIAN_POINT('',(0.589048578139,28.592671974714));
#5115 = CARTESIAN_POINT('',(0.785398127871,27.638373508755));
#5116 = CARTESIAN_POINT('',(0.9817476776,26.879873597185));
#5117 = CARTESIAN_POINT('',(1.178097227333,26.359958601815));
#5118 = CARTESIAN_POINT('',(1.374446777064,26.1));
#5119 = CARTESIAN_POINT('',(1.570796326795,26.1));
#5120 = ( GEOMETRIC_REPRESENTATION_CONTEXT(2) 
PARAMETRIC_REPRESENTATION_CONTEXT() REPRESENTATION_CONTEXT('2D SPACE',''
  ) );
#5121 = ORIENTED_EDGE('',*,*,#5122,.T.);
#5122 = EDGE_CURVE('',#5087,#5032,#5123,.T.);
#5123 = SURFACE_CURVE('',#5124,(#5129,#5142),.PCURVE_S1.);
#5124 = ELLIPSE('',#5125,8.343860018001,5.9);
#5125 = AXIS2_PLACEMENT_3D('',#5126,#5127,#5128);
#5126 = CARTESIAN_POINT('',(20.,26.,23.5));
#5127 = DIRECTION('',(0.707106781187,0.707106781187,0.));
#5128 = DIRECTION('',(0.707106781187,-0.707106781187,0.));
#5129 = PCURVE('',#2775,#5130);
#5130 = DEFINITIONAL_REPRESENTATION('',(#5131),#5141);
#5131 = B_SPLINE_CURVE_WITH_KNOTS('',8,(#5132,#5133,#5134,#5135,#5136,
    #5137,#5138,#5139,#5140),.UNSPECIFIED.,.F.,.F.,(9,9),(0.,
    1.570796397847),.PIECEWISE_BEZIER_KNOTS.);
#5132 = CARTESIAN_POINT('',(1.570796326795,230.9));
#5133 = CARTESIAN_POINT('',(1.767145876526,230.9));
#5134 = CARTESIAN_POINT('',(1.963495426256,230.6400413981));
#5135 = CARTESIAN_POINT('',(2.159844975984,230.12012640266));
#5136 = CARTESIAN_POINT('',(2.356194525716,229.36162649076));
#5137 = CARTESIAN_POINT('',(2.552544075447,228.40732802517));
#5138 = CARTESIAN_POINT('',(2.74889362518,227.31692456107));
#5139 = CARTESIAN_POINT('',(2.945243174911,226.1584619242));
#5140 = CARTESIAN_POINT('',(3.141592724642,224.99999958079));
#5141 = ( GEOMETRIC_REPRESENTATION_CONTEXT(2) 
PARAMETRIC_REPRESENTATION_CONTEXT() REPRESENTATION_CONTEXT('2D SPACE',''
  ) );
#5142 = PCURVE('',#5061,#5143);
#5143 = DEFINITIONAL_REPRESENTATION('',(#5144),#5154);
#5144 = B_SPLINE_CURVE_WITH_KNOTS('',8,(#5145,#5146,#5147,#5148,#5149,
    #5150,#5151,#5152,#5153),.UNSPECIFIED.,.F.,.F.,(9,9),(0.,
    1.570796397847),.PIECEWISE_BEZIER_KNOTS.);
#5145 = CARTESIAN_POINT('',(1.570796326795,26.1));
#5146 = CARTESIAN_POINT('',(1.767145876526,26.1));
#5147 = CARTESIAN_POINT('',(1.963495426256,26.359958601837));
#5148 = CARTESIAN_POINT('',(2.159844975984,26.879873597122));
#5149 = CARTESIAN_POINT('',(2.356194525716,27.638373508855));
#5150 = CARTESIAN_POINT('',(2.552544075447,28.592671974625));
#5151 = CARTESIAN_POINT('',(2.74889362518,29.683075438861));
#5152 = CARTESIAN_POINT('',(2.945243174911,30.841538075797));
#5153 = CARTESIAN_POINT('',(3.141592724642,32.000000419209));
#5154 = ( GEOMETRIC_REPRESENTATION_CONTEXT(2) 
PARAMETRIC_REPRESENTATION_CONTEXT() REPRESENTATION_CONTEXT('2D SPACE',''
  ) );
#5155 = FACE_BOUND('',#5156,.F.);
#5156 = EDGE_LOOP('',(#5157,#5214,#5250));
#5157 = ORIENTED_EDGE('',*,*,#5158,.F.);
#5158 = EDGE_CURVE('',#5159,#5161,#5163,.T.);
#5159 = VERTEX_POINT('',#5160);
#5160 = CARTESIAN_POINT('',(60.,26.,29.4));
#5161 = VERTEX_POINT('',#5162);
#5162 = CARTESIAN_POINT('',(60.000000238419,26.,17.6));
#5163 = SURFACE_CURVE('',#5164,(#5169,#5189),.PCURVE_S1.);
#5164 = ELLIPSE('',#5165,8.343860018001,5.9);
#5165 = AXIS2_PLACEMENT_3D('',#5166,#5167,#5168);
#5166 = CARTESIAN_POINT('',(60.,26.,23.5));
#5167 = DIRECTION('',(0.707106781187,-0.707106781187,0.));
#5168 = DIRECTION('',(0.707106781187,0.707106781187,0.));
#5169 = PCURVE('',#2775,#5170);
#5170 = DEFINITIONAL_REPRESENTATION('',(#5171),#5188);
#5171 = B_SPLINE_CURVE_WITH_KNOTS('',8,(#5172,#5173,#5174,#5175,#5176,
    #5177,#5178,#5179,#5180,#5181,#5182,#5183,#5184,#5185,#5186,#5187),
  .UNSPECIFIED.,.F.,.F.,(9,7,9),(1.570796255742,3.141592633385,
    4.712389011027),.UNSPECIFIED.);
#5172 = CARTESIAN_POINT('',(-7.1052421724E-08,265.0000004192));
#5173 = CARTESIAN_POINT('',(0.196349476153,263.84153809069));
#5174 = CARTESIAN_POINT('',(0.392699023358,262.68307546869));
#5175 = CARTESIAN_POINT('',(0.589048570562,261.59267201612));
#5176 = CARTESIAN_POINT('',(0.785398117769,260.6383735582));
#5177 = CARTESIAN_POINT('',(0.981747664972,259.87987364552));
#5178 = CARTESIAN_POINT('',(1.178097212179,259.35995864203));
#5179 = CARTESIAN_POINT('',(1.374446759385,259.1000000234));
#5180 = CARTESIAN_POINT('',(1.767145853795,259.09999997659));
#5181 = CARTESIAN_POINT('',(1.963495400999,259.35995854827));
#5182 = CARTESIAN_POINT('',(2.15984494821,259.87987350764));
#5183 = CARTESIAN_POINT('',(2.356194495404,260.63837338164));
#5184 = CARTESIAN_POINT('',(2.552544042622,261.59267180898));
#5185 = CARTESIAN_POINT('',(2.748893589819,262.68307524074));
#5186 = CARTESIAN_POINT('',(2.945243137027,263.84153785227));
#5187 = CARTESIAN_POINT('',(3.141592684232,265.00000018079));
#5188 = ( GEOMETRIC_REPRESENTATION_CONTEXT(2) 
PARAMETRIC_REPRESENTATION_CONTEXT() REPRESENTATION_CONTEXT('2D SPACE',''
  ) );
#5189 = PCURVE('',#5190,#5195);
#5190 = CYLINDRICAL_SURFACE('',#5191,5.9);
#5191 = AXIS2_PLACEMENT_3D('',#5192,#5193,#5194);
#5192 = CARTESIAN_POINT('',(60.,-6.,23.5));
#5193 = DIRECTION('',(0.,1.,0.));
#5194 = DIRECTION('',(0.,-0.,1.));
#5195 = DEFINITIONAL_REPRESENTATION('',(#5196),#5213);
#5196 = B_SPLINE_CURVE_WITH_KNOTS('',8,(#5197,#5198,#5199,#5200,#5201,
    #5202,#5203,#5204,#5205,#5206,#5207,#5208,#5209,#5210,#5211,#5212),
  .UNSPECIFIED.,.F.,.F.,(9,7,9),(1.570796255742,3.141592633385,
    4.712389011027),.UNSPECIFIED.);
#5197 = CARTESIAN_POINT('',(6.283185378232,32.000000419209));
#5198 = CARTESIAN_POINT('',(6.086835831027,30.841538090698));
#5199 = CARTESIAN_POINT('',(5.890486283822,29.683075468614));
#5200 = CARTESIAN_POINT('',(5.694136736616,28.592672016822));
#5201 = CARTESIAN_POINT('',(5.497787189413,27.638373557751));
#5202 = CARTESIAN_POINT('',(5.301437642205,26.879873645972));
#5203 = CARTESIAN_POINT('',(5.105088095001,26.359958641925));
#5204 = CARTESIAN_POINT('',(4.908738547795,26.100000023407));
#5205 = CARTESIAN_POINT('',(4.516039453384,26.099999976593));
#5206 = CARTESIAN_POINT('',(4.319689906178,26.359958548316));
#5207 = CARTESIAN_POINT('',(4.123340358986,26.879873508247));
#5208 = CARTESIAN_POINT('',(3.926990811759,27.63837338161));
#5209 = CARTESIAN_POINT('',(3.730641264573,28.592671809821));
#5210 = CARTESIAN_POINT('',(3.534291717356,29.683075240739));
#5211 = CARTESIAN_POINT('',(3.337942170153,30.841537852279));
#5212 = CARTESIAN_POINT('',(3.141592622947,32.000000180791));
#5213 = ( GEOMETRIC_REPRESENTATION_CONTEXT(2) 
PARAMETRIC_REPRESENTATION_CONTEXT() REPRESENTATION_CONTEXT('2D SPACE',''
  ) );
#5214 = ORIENTED_EDGE('',*,*,#5215,.T.);
#5215 = EDGE_CURVE('',#5159,#5216,#5218,.T.);
#5216 = VERTEX_POINT('',#5217);
#5217 = CARTESIAN_POINT('',(65.9,20.1,23.5));
#5218 = SURFACE_CURVE('',#5219,(#5224,#5237),.PCURVE_S1.);
#5219 = ELLIPSE('',#5220,8.343860018001,5.9);
#5220 = AXIS2_PLACEMENT_3D('',#5221,#5222,#5223);
#5221 = CARTESIAN_POINT('',(60.,26.,23.5));
#5222 = DIRECTION('',(0.707106781187,0.707106781187,0.));
#5223 = DIRECTION('',(0.707106781187,-0.707106781187,0.));
#5224 = PCURVE('',#2775,#5225);
#5225 = DEFINITIONAL_REPRESENTATION('',(#5226),#5236);
#5226 = B_SPLINE_CURVE_WITH_KNOTS('',8,(#5227,#5228,#5229,#5230,#5231,
    #5232,#5233,#5234,#5235),.UNSPECIFIED.,.F.,.F.,(9,9),(4.712388909332
    ,6.28318530718),.PIECEWISE_BEZIER_KNOTS.);
#5227 = CARTESIAN_POINT('',(-7.1052421724E-08,264.99999958079));
#5228 = CARTESIAN_POINT('',(0.196349478678,266.1584619242));
#5229 = CARTESIAN_POINT('',(0.392699028409,267.31692456104));
#5230 = CARTESIAN_POINT('',(0.589048578139,268.40732802536));
#5231 = CARTESIAN_POINT('',(0.78539812787,269.36162649089));
#5232 = CARTESIAN_POINT('',(0.9817476776,270.12012640275));
#5233 = CARTESIAN_POINT('',(1.178097227333,270.64004139801));
#5234 = CARTESIAN_POINT('',(1.374446777064,270.9));
#5235 = CARTESIAN_POINT('',(1.570796326795,270.9));
#5236 = ( GEOMETRIC_REPRESENTATION_CONTEXT(2) 
PARAMETRIC_REPRESENTATION_CONTEXT() REPRESENTATION_CONTEXT('2D SPACE',''
  ) );
#5237 = PCURVE('',#5190,#5238);
#5238 = DEFINITIONAL_REPRESENTATION('',(#5239),#5249);
#5239 = B_SPLINE_CURVE_WITH_KNOTS('',8,(#5240,#5241,#5242,#5243,#5244,
    #5245,#5246,#5247,#5248),.UNSPECIFIED.,.F.,.F.,(9,9),(4.712388909332
    ,6.28318530718),.PIECEWISE_BEZIER_KNOTS.);
#5240 = CARTESIAN_POINT('',(-7.1052421724E-08,32.000000419209));
#5241 = CARTESIAN_POINT('',(0.196349478678,30.841538075797));
#5242 = CARTESIAN_POINT('',(0.392699028409,29.683075438851));
#5243 = CARTESIAN_POINT('',(0.589048578139,28.59267197467));
#5244 = CARTESIAN_POINT('',(0.785398127871,27.638373508712));
#5245 = CARTESIAN_POINT('',(0.981747677602,26.879873597141));
#5246 = CARTESIAN_POINT('',(1.178097227333,26.359958601826));
#5247 = CARTESIAN_POINT('',(1.374446777064,26.1));
#5248 = CARTESIAN_POINT('',(1.570796326795,26.1));
#5249 = ( GEOMETRIC_REPRESENTATION_CONTEXT(2) 
PARAMETRIC_REPRESENTATION_CONTEXT() REPRESENTATION_CONTEXT('2D SPACE',''
  ) );
#5250 = ORIENTED_EDGE('',*,*,#5251,.T.);
#5251 = EDGE_CURVE('',#5216,#5161,#5252,.T.);
#5252 = SURFACE_CURVE('',#5253,(#5258,#5271),.PCURVE_S1.);
#5253 = ELLIPSE('',#5254,8.343860018001,5.9);
#5254 = AXIS2_PLACEMENT_3D('',#5255,#5256,#5257);
#5255 = CARTESIAN_POINT('',(60.,26.,23.5));
#5256 = DIRECTION('',(0.707106781187,0.707106781187,0.));
#5257 = DIRECTION('',(0.707106781187,-0.707106781187,0.));
#5258 = PCURVE('',#2775,#5259);
#5259 = DEFINITIONAL_REPRESENTATION('',(#5260),#5270);
#5260 = B_SPLINE_CURVE_WITH_KNOTS('',8,(#5261,#5262,#5263,#5264,#5265,
    #5266,#5267,#5268,#5269),.UNSPECIFIED.,.F.,.F.,(9,9),(0.,
    1.570796397847),.PIECEWISE_BEZIER_KNOTS.);
#5261 = CARTESIAN_POINT('',(1.570796326795,270.9));
#5262 = CARTESIAN_POINT('',(1.767145876526,270.9));
#5263 = CARTESIAN_POINT('',(1.963495426256,270.64004139792));
#5264 = CARTESIAN_POINT('',(2.159844975984,270.1201264036));
#5265 = CARTESIAN_POINT('',(2.356194525716,269.36162648947));
#5266 = CARTESIAN_POINT('',(2.552544075447,268.40732802598));
#5267 = CARTESIAN_POINT('',(2.74889362518,267.31692456092));
#5268 = CARTESIAN_POINT('',(2.945243174911,266.1584619242));
#5269 = CARTESIAN_POINT('',(3.141592724642,264.99999958079));
#5270 = ( GEOMETRIC_REPRESENTATION_CONTEXT(2) 
PARAMETRIC_REPRESENTATION_CONTEXT() REPRESENTATION_CONTEXT('2D SPACE',''
  ) );
#5271 = PCURVE('',#5190,#5272);
#5272 = DEFINITIONAL_REPRESENTATION('',(#5273),#5283);
#5273 = B_SPLINE_CURVE_WITH_KNOTS('',8,(#5274,#5275,#5276,#5277,#5278,
    #5279,#5280,#5281,#5282),.UNSPECIFIED.,.F.,.F.,(9,9),(0.,
    1.570796397847),.PIECEWISE_BEZIER_KNOTS.);
#5274 = CARTESIAN_POINT('',(1.570796326795,26.1));
#5275 = CARTESIAN_POINT('',(1.767145876526,26.1));
#5276 = CARTESIAN_POINT('',(1.963495426254,26.359958601837));
#5277 = CARTESIAN_POINT('',(2.159844975989,26.879873597122));
#5278 = CARTESIAN_POINT('',(2.356194525707,27.638373508855));
#5279 = CARTESIAN_POINT('',(2.552544075453,28.592671974625));
#5280 = CARTESIAN_POINT('',(2.748893625178,29.683075438861));
#5281 = CARTESIAN_POINT('',(2.945243174911,30.841538075797));
#5282 = CARTESIAN_POINT('',(3.141592724642,32.000000419209));
#5283 = ( GEOMETRIC_REPRESENTATION_CONTEXT(2) 
PARAMETRIC_REPRESENTATION_CONTEXT() REPRESENTATION_CONTEXT('2D SPACE',''
  ) );
#5284 = FACE_BOUND('',#5285,.F.);
#5285 = EDGE_LOOP('',(#5286,#5343,#5379));
#5286 = ORIENTED_EDGE('',*,*,#5287,.F.);
#5287 = EDGE_CURVE('',#5288,#5290,#5292,.T.);
#5288 = VERTEX_POINT('',#5289);
#5289 = CARTESIAN_POINT('',(100.,26.,29.4));
#5290 = VERTEX_POINT('',#5291);
#5291 = CARTESIAN_POINT('',(100.00000023841,26.,17.6));
#5292 = SURFACE_CURVE('',#5293,(#5298,#5318),.PCURVE_S1.);
#5293 = ELLIPSE('',#5294,8.343860018001,5.9);
#5294 = AXIS2_PLACEMENT_3D('',#5295,#5296,#5297);
#5295 = CARTESIAN_POINT('',(100.,26.,23.5));
#5296 = DIRECTION('',(0.707106781187,-0.707106781187,0.));
#5297 = DIRECTION('',(0.707106781187,0.707106781187,0.));
#5298 = PCURVE('',#2775,#5299);
#5299 = DEFINITIONAL_REPRESENTATION('',(#5300),#5317);
#5300 = B_SPLINE_CURVE_WITH_KNOTS('',8,(#5301,#5302,#5303,#5304,#5305,
    #5306,#5307,#5308,#5309,#5310,#5311,#5312,#5313,#5314,#5315,#5316),
  .UNSPECIFIED.,.F.,.F.,(9,7,9),(1.570796255742,3.141592633385,
    4.712389011027),.UNSPECIFIED.);
#5301 = CARTESIAN_POINT('',(-7.1052421724E-08,305.0000004192));
#5302 = CARTESIAN_POINT('',(0.196349476153,303.84153809069));
#5303 = CARTESIAN_POINT('',(0.392699023358,302.68307546848));
#5304 = CARTESIAN_POINT('',(0.589048570562,301.59267201683));
#5305 = CARTESIAN_POINT('',(0.785398117769,300.63837355738));
#5306 = CARTESIAN_POINT('',(0.981747664972,299.87987364551));
#5307 = CARTESIAN_POINT('',(1.178097212179,299.35995864185));
#5308 = CARTESIAN_POINT('',(1.374446759385,299.1000000234));
#5309 = CARTESIAN_POINT('',(1.767145853795,299.09999997659));
#5310 = CARTESIAN_POINT('',(1.963495400999,299.3599585484));
#5311 = CARTESIAN_POINT('',(2.15984494821,299.87987350689));
#5312 = CARTESIAN_POINT('',(2.356194495404,300.6383733825));
#5313 = CARTESIAN_POINT('',(2.552544042622,301.59267180866));
#5314 = CARTESIAN_POINT('',(2.748893589819,302.68307524076));
#5315 = CARTESIAN_POINT('',(2.945243137027,303.84153785227));
#5316 = CARTESIAN_POINT('',(3.141592684232,305.00000018079));
#5317 = ( GEOMETRIC_REPRESENTATION_CONTEXT(2) 
PARAMETRIC_REPRESENTATION_CONTEXT() REPRESENTATION_CONTEXT('2D SPACE',''
  ) );
#5318 = PCURVE('',#5319,#5324);
#5319 = CYLINDRICAL_SURFACE('',#5320,5.9);
#5320 = AXIS2_PLACEMENT_3D('',#5321,#5322,#5323);
#5321 = CARTESIAN_POINT('',(100.,-6.,23.5));
#5322 = DIRECTION('',(0.,1.,0.));
#5323 = DIRECTION('',(0.,-0.,1.));
#5324 = DEFINITIONAL_REPRESENTATION('',(#5325),#5342);
#5325 = B_SPLINE_CURVE_WITH_KNOTS('',8,(#5326,#5327,#5328,#5329,#5330,
    #5331,#5332,#5333,#5334,#5335,#5336,#5337,#5338,#5339,#5340,#5341),
  .UNSPECIFIED.,.F.,.F.,(9,7,9),(1.570796255742,3.141592633385,
    4.712389011027),.UNSPECIFIED.);
#5326 = CARTESIAN_POINT('',(6.283185378232,32.000000419209));
#5327 = CARTESIAN_POINT('',(6.086835831027,30.841538090698));
#5328 = CARTESIAN_POINT('',(5.890486283822,29.683075468614));
#5329 = CARTESIAN_POINT('',(5.694136736618,28.592672016822));
#5330 = CARTESIAN_POINT('',(5.497787189413,27.638373557751));
#5331 = CARTESIAN_POINT('',(5.301437642207,26.879873645972));
#5332 = CARTESIAN_POINT('',(5.105088095001,26.359958641925));
#5333 = CARTESIAN_POINT('',(4.908738547795,26.100000023407));
#5334 = CARTESIAN_POINT('',(4.516039453384,26.099999976593));
#5335 = CARTESIAN_POINT('',(4.319689906176,26.359958548316));
#5336 = CARTESIAN_POINT('',(4.123340358989,26.879873508247));
#5337 = CARTESIAN_POINT('',(3.926990811752,27.63837338161));
#5338 = CARTESIAN_POINT('',(3.730641264577,28.592671809821));
#5339 = CARTESIAN_POINT('',(3.534291717356,29.683075240739));
#5340 = CARTESIAN_POINT('',(3.337942170153,30.841537852279));
#5341 = CARTESIAN_POINT('',(3.141592622947,32.000000180791));
#5342 = ( GEOMETRIC_REPRESENTATION_CONTEXT(2) 
PARAMETRIC_REPRESENTATION_CONTEXT() REPRESENTATION_CONTEXT('2D SPACE',''
  ) );
#5343 = ORIENTED_EDGE('',*,*,#5344,.T.);
#5344 = EDGE_CURVE('',#5288,#5345,#5347,.T.);
#5345 = VERTEX_POINT('',#5346);
#5346 = CARTESIAN_POINT('',(105.9,20.1,23.5));
#5347 = SURFACE_CURVE('',#5348,(#5353,#5366),.PCURVE_S1.);
#5348 = ELLIPSE('',#5349,8.343860018001,5.9);
#5349 = AXIS2_PLACEMENT_3D('',#5350,#5351,#5352);
#5350 = CARTESIAN_POINT('',(100.,26.,23.5));
#5351 = DIRECTION('',(0.707106781187,0.707106781187,0.));
#5352 = DIRECTION('',(0.707106781187,-0.707106781187,0.));
#5353 = PCURVE('',#2775,#5354);
#5354 = DEFINITIONAL_REPRESENTATION('',(#5355),#5365);
#5355 = B_SPLINE_CURVE_WITH_KNOTS('',8,(#5356,#5357,#5358,#5359,#5360,
    #5361,#5362,#5363,#5364),.UNSPECIFIED.,.F.,.F.,(9,9),(4.712388909332
    ,6.28318530718),.PIECEWISE_BEZIER_KNOTS.);
#5356 = CARTESIAN_POINT('',(-7.1052421724E-08,304.99999958079));
#5357 = CARTESIAN_POINT('',(0.196349478678,306.1584619242));
#5358 = CARTESIAN_POINT('',(0.392699028409,307.31692456106));
#5359 = CARTESIAN_POINT('',(0.589048578139,308.40732802516));
#5360 = CARTESIAN_POINT('',(0.78539812787,309.36162649044));
#5361 = CARTESIAN_POINT('',(0.9817476776,310.12012640252));
#5362 = CARTESIAN_POINT('',(1.178097227333,310.64004139801));
#5363 = CARTESIAN_POINT('',(1.374446777064,310.9));
#5364 = CARTESIAN_POINT('',(1.570796326795,310.9));
#5365 = ( GEOMETRIC_REPRESENTATION_CONTEXT(2) 
PARAMETRIC_REPRESENTATION_CONTEXT() REPRESENTATION_CONTEXT('2D SPACE',''
  ) );
#5366 = PCURVE('',#5319,#5367);
#5367 = DEFINITIONAL_REPRESENTATION('',(#5368),#5378);
#5368 = B_SPLINE_CURVE_WITH_KNOTS('',8,(#5369,#5370,#5371,#5372,#5373,
    #5374,#5375,#5376,#5377),.UNSPECIFIED.,.F.,.F.,(9,9),(4.712388909332
    ,6.28318530718),.PIECEWISE_BEZIER_KNOTS.);
#5369 = CARTESIAN_POINT('',(-7.1052421724E-08,32.000000419209));
#5370 = CARTESIAN_POINT('',(0.196349478678,30.841538075797));
#5371 = CARTESIAN_POINT('',(0.392699028409,29.683075438851));
#5372 = CARTESIAN_POINT('',(0.589048578139,28.59267197467));
#5373 = CARTESIAN_POINT('',(0.785398127869,27.638373508712));
#5374 = CARTESIAN_POINT('',(0.981747677601,26.879873597141));
#5375 = CARTESIAN_POINT('',(1.178097227333,26.359958601826));
#5376 = CARTESIAN_POINT('',(1.374446777064,26.1));
#5377 = CARTESIAN_POINT('',(1.570796326795,26.1));
#5378 = ( GEOMETRIC_REPRESENTATION_CONTEXT(2) 
PARAMETRIC_REPRESENTATION_CONTEXT() REPRESENTATION_CONTEXT('2D SPACE',''
  ) );
#5379 = ORIENTED_EDGE('',*,*,#5380,.T.);
#5380 = EDGE_CURVE('',#5345,#5290,#5381,.T.);
#5381 = SURFACE_CURVE('',#5382,(#5387,#5400),.PCURVE_S1.);
#5382 = ELLIPSE('',#5383,8.343860018001,5.9);
#5383 = AXIS2_PLACEMENT_3D('',#5384,#5385,#5386);
#5384 = CARTESIAN_POINT('',(100.,26.,23.5));
#5385 = DIRECTION('',(0.707106781187,0.707106781187,0.));
#5386 = DIRECTION('',(0.707106781187,-0.707106781187,0.));
#5387 = PCURVE('',#2775,#5388);
#5388 = DEFINITIONAL_REPRESENTATION('',(#5389),#5399);
#5389 = B_SPLINE_CURVE_WITH_KNOTS('',8,(#5390,#5391,#5392,#5393,#5394,
    #5395,#5396,#5397,#5398),.UNSPECIFIED.,.F.,.F.,(9,9),(0.,
    1.570796397847),.PIECEWISE_BEZIER_KNOTS.);
#5390 = CARTESIAN_POINT('',(1.570796326795,310.9));
#5391 = CARTESIAN_POINT('',(1.767145876526,310.9));
#5392 = CARTESIAN_POINT('',(1.963495426256,310.64004139821));
#5393 = CARTESIAN_POINT('',(2.159844975984,310.12012640184));
#5394 = CARTESIAN_POINT('',(2.356194525716,309.36162649154));
#5395 = CARTESIAN_POINT('',(2.552544075447,308.40732802445));
#5396 = CARTESIAN_POINT('',(2.74889362518,307.31692456127));
#5397 = CARTESIAN_POINT('',(2.945243174911,306.1584619242));
#5398 = CARTESIAN_POINT('',(3.141592724642,304.99999958079));
#5399 = ( GEOMETRIC_REPRESENTATION_CONTEXT(2) 
PARAMETRIC_REPRESENTATION_CONTEXT() REPRESENTATION_CONTEXT('2D SPACE',''
  ) );
#5400 = PCURVE('',#5319,#5401);
#5401 = DEFINITIONAL_REPRESENTATION('',(#5402),#5412);
#5402 = B_SPLINE_CURVE_WITH_KNOTS('',8,(#5403,#5404,#5405,#5406,#5407,
    #5408,#5409,#5410,#5411),.UNSPECIFIED.,.F.,.F.,(9,9),(0.,
    1.570796397847),.PIECEWISE_BEZIER_KNOTS.);
#5403 = CARTESIAN_POINT('',(1.570796326795,26.1));
#5404 = CARTESIAN_POINT('',(1.767145876526,26.1));
#5405 = CARTESIAN_POINT('',(1.963495426256,26.359958601837));
#5406 = CARTESIAN_POINT('',(2.159844975984,26.879873597122));
#5407 = CARTESIAN_POINT('',(2.356194525716,27.638373508855));
#5408 = CARTESIAN_POINT('',(2.552544075447,28.592671974625));
#5409 = CARTESIAN_POINT('',(2.74889362518,29.683075438861));
#5410 = CARTESIAN_POINT('',(2.945243174911,30.841538075797));
#5411 = CARTESIAN_POINT('',(3.141592724642,32.000000419209));
#5412 = ( GEOMETRIC_REPRESENTATION_CONTEXT(2) 
PARAMETRIC_REPRESENTATION_CONTEXT() REPRESENTATION_CONTEXT('2D SPACE',''
  ) );
#5413 = FACE_BOUND('',#5414,.F.);
#5414 = EDGE_LOOP('',(#5415,#5472,#5508));
#5415 = ORIENTED_EDGE('',*,*,#5416,.F.);
#5416 = EDGE_CURVE('',#5417,#5419,#5421,.T.);
#5417 = VERTEX_POINT('',#5418);
#5418 = CARTESIAN_POINT('',(140.,26.,29.4));
#5419 = VERTEX_POINT('',#5420);
#5420 = CARTESIAN_POINT('',(140.00000023841,26.,17.6));
#5421 = SURFACE_CURVE('',#5422,(#5427,#5447),.PCURVE_S1.);
#5422 = ELLIPSE('',#5423,8.343860018001,5.9);
#5423 = AXIS2_PLACEMENT_3D('',#5424,#5425,#5426);
#5424 = CARTESIAN_POINT('',(140.,26.,23.5));
#5425 = DIRECTION('',(0.707106781187,-0.707106781187,0.));
#5426 = DIRECTION('',(0.707106781187,0.707106781187,0.));
#5427 = PCURVE('',#2775,#5428);
#5428 = DEFINITIONAL_REPRESENTATION('',(#5429),#5446);
#5429 = B_SPLINE_CURVE_WITH_KNOTS('',8,(#5430,#5431,#5432,#5433,#5434,
    #5435,#5436,#5437,#5438,#5439,#5440,#5441,#5442,#5443,#5444,#5445),
  .UNSPECIFIED.,.F.,.F.,(9,7,9),(1.570796255742,3.141592633385,
    4.712389011027),.UNSPECIFIED.);
#5430 = CARTESIAN_POINT('',(-7.1052421724E-08,345.0000004192));
#5431 = CARTESIAN_POINT('',(0.196349476153,343.84153809069));
#5432 = CARTESIAN_POINT('',(0.392699023358,342.68307546822));
#5433 = CARTESIAN_POINT('',(0.589048570562,341.59267201774));
#5434 = CARTESIAN_POINT('',(0.785398117769,340.63837355526));
#5435 = CARTESIAN_POINT('',(0.981747664972,339.87987364689));
#5436 = CARTESIAN_POINT('',(1.178097212179,339.35995864162));
#5437 = CARTESIAN_POINT('',(1.374446759385,339.1000000234));
#5438 = CARTESIAN_POINT('',(1.767145853795,339.09999997659));
#5439 = CARTESIAN_POINT('',(1.963495400999,339.35995854836));
#5440 = CARTESIAN_POINT('',(2.15984494821,339.87987350689));
#5441 = CARTESIAN_POINT('',(2.356194495404,340.63837338261));
#5442 = CARTESIAN_POINT('',(2.552544042622,341.59267180882));
#5443 = CARTESIAN_POINT('',(2.748893589819,342.68307524088));
#5444 = CARTESIAN_POINT('',(2.945243137027,343.84153785227));
#5445 = CARTESIAN_POINT('',(3.141592684232,345.00000018079));
#5446 = ( GEOMETRIC_REPRESENTATION_CONTEXT(2) 
PARAMETRIC_REPRESENTATION_CONTEXT() REPRESENTATION_CONTEXT('2D SPACE',''
  ) );
#5447 = PCURVE('',#5448,#5453);
#5448 = CYLINDRICAL_SURFACE('',#5449,5.9);
#5449 = AXIS2_PLACEMENT_3D('',#5450,#5451,#5452);
#5450 = CARTESIAN_POINT('',(140.,-6.,23.5));
#5451 = DIRECTION('',(0.,1.,0.));
#5452 = DIRECTION('',(0.,-0.,1.));
#5453 = DEFINITIONAL_REPRESENTATION('',(#5454),#5471);
#5454 = B_SPLINE_CURVE_WITH_KNOTS('',8,(#5455,#5456,#5457,#5458,#5459,
    #5460,#5461,#5462,#5463,#5464,#5465,#5466,#5467,#5468,#5469,#5470),
  .UNSPECIFIED.,.F.,.F.,(9,7,9),(1.570796255742,3.141592633385,
    4.712389011027),.UNSPECIFIED.);
#5455 = CARTESIAN_POINT('',(6.283185378232,32.000000419209));
#5456 = CARTESIAN_POINT('',(6.086835831027,30.841538090698));
#5457 = CARTESIAN_POINT('',(5.890486283821,29.683075468614));
#5458 = CARTESIAN_POINT('',(5.694136736617,28.592672016822));
#5459 = CARTESIAN_POINT('',(5.497787189412,27.638373557751));
#5460 = CARTESIAN_POINT('',(5.301437642207,26.879873645972));
#5461 = CARTESIAN_POINT('',(5.105088095,26.359958641925));
#5462 = CARTESIAN_POINT('',(4.908738547795,26.100000023407));
#5463 = CARTESIAN_POINT('',(4.516039453384,26.099999976593));
#5464 = CARTESIAN_POINT('',(4.319689906177,26.359958548316));
#5465 = CARTESIAN_POINT('',(4.123340358985,26.879873508247));
#5466 = CARTESIAN_POINT('',(3.926990811757,27.63837338161));
#5467 = CARTESIAN_POINT('',(3.730641264574,28.592671809821));
#5468 = CARTESIAN_POINT('',(3.534291717356,29.683075240739));
#5469 = CARTESIAN_POINT('',(3.337942170153,30.841537852279));
#5470 = CARTESIAN_POINT('',(3.141592622947,32.000000180791));
#5471 = ( GEOMETRIC_REPRESENTATION_CONTEXT(2) 
PARAMETRIC_REPRESENTATION_CONTEXT() REPRESENTATION_CONTEXT('2D SPACE',''
  ) );
#5472 = ORIENTED_EDGE('',*,*,#5473,.T.);
#5473 = EDGE_CURVE('',#5417,#5474,#5476,.T.);
#5474 = VERTEX_POINT('',#5475);
#5475 = CARTESIAN_POINT('',(145.9,20.1,23.5));
#5476 = SURFACE_CURVE('',#5477,(#5482,#5495),.PCURVE_S1.);
#5477 = ELLIPSE('',#5478,8.343860018001,5.9);
#5478 = AXIS2_PLACEMENT_3D('',#5479,#5480,#5481);
#5479 = CARTESIAN_POINT('',(140.,26.,23.5));
#5480 = DIRECTION('',(0.707106781187,0.707106781187,0.));
#5481 = DIRECTION('',(0.707106781187,-0.707106781187,0.));
#5482 = PCURVE('',#2775,#5483);
#5483 = DEFINITIONAL_REPRESENTATION('',(#5484),#5494);
#5484 = B_SPLINE_CURVE_WITH_KNOTS('',8,(#5485,#5486,#5487,#5488,#5489,
    #5490,#5491,#5492,#5493),.UNSPECIFIED.,.F.,.F.,(9,9),(4.712388909332
    ,6.28318530718),.PIECEWISE_BEZIER_KNOTS.);
#5485 = CARTESIAN_POINT('',(-7.1052421724E-08,344.99999958079));
#5486 = CARTESIAN_POINT('',(0.196349478678,346.1584619242));
#5487 = CARTESIAN_POINT('',(0.392699028409,347.31692456074));
#5488 = CARTESIAN_POINT('',(0.589048578139,348.40732802607));
#5489 = CARTESIAN_POINT('',(0.78539812787,349.36162648948));
#5490 = CARTESIAN_POINT('',(0.9817476776,350.12012640344));
#5491 = CARTESIAN_POINT('',(1.178097227333,350.64004139771));
#5492 = CARTESIAN_POINT('',(1.374446777064,350.9));
#5493 = CARTESIAN_POINT('',(1.570796326795,350.9));
#5494 = ( GEOMETRIC_REPRESENTATION_CONTEXT(2) 
PARAMETRIC_REPRESENTATION_CONTEXT() REPRESENTATION_CONTEXT('2D SPACE',''
  ) );
#5495 = PCURVE('',#5448,#5496);
#5496 = DEFINITIONAL_REPRESENTATION('',(#5497),#5507);
#5497 = B_SPLINE_CURVE_WITH_KNOTS('',8,(#5498,#5499,#5500,#5501,#5502,
    #5503,#5504,#5505,#5506),.UNSPECIFIED.,.F.,.F.,(9,9),(4.712388909332
    ,6.28318530718),.PIECEWISE_BEZIER_KNOTS.);
#5498 = CARTESIAN_POINT('',(-7.105242350036E-08,32.000000419209));
#5499 = CARTESIAN_POINT('',(0.196349478678,30.841538075797));
#5500 = CARTESIAN_POINT('',(0.392699028409,29.683075438851));
#5501 = CARTESIAN_POINT('',(0.589048578141,28.59267197467));
#5502 = CARTESIAN_POINT('',(0.785398127867,27.638373508712));
#5503 = CARTESIAN_POINT('',(0.981747677602,26.879873597141));
#5504 = CARTESIAN_POINT('',(1.178097227332,26.359958601826));
#5505 = CARTESIAN_POINT('',(1.374446777064,26.1));
#5506 = CARTESIAN_POINT('',(1.570796326795,26.1));
#5507 = ( GEOMETRIC_REPRESENTATION_CONTEXT(2) 
PARAMETRIC_REPRESENTATION_CONTEXT() REPRESENTATION_CONTEXT('2D SPACE',''
  ) );
#5508 = ORIENTED_EDGE('',*,*,#5509,.T.);
#5509 = EDGE_CURVE('',#5474,#5419,#5510,.T.);
#5510 = SURFACE_CURVE('',#5511,(#5516,#5529),.PCURVE_S1.);
#5511 = ELLIPSE('',#5512,8.343860018001,5.9);
#5512 = AXIS2_PLACEMENT_3D('',#5513,#5514,#5515);
#5513 = CARTESIAN_POINT('',(140.,26.,23.5));
#5514 = DIRECTION('',(0.707106781187,0.707106781187,0.));
#5515 = DIRECTION('',(0.707106781187,-0.707106781187,0.));
#5516 = PCURVE('',#2775,#5517);
#5517 = DEFINITIONAL_REPRESENTATION('',(#5518),#5528);
#5518 = B_SPLINE_CURVE_WITH_KNOTS('',8,(#5519,#5520,#5521,#5522,#5523,
    #5524,#5525,#5526,#5527),.UNSPECIFIED.,.F.,.F.,(9,9),(0.,
    1.570796397847),.PIECEWISE_BEZIER_KNOTS.);
#5519 = CARTESIAN_POINT('',(1.570796326795,350.9));
#5520 = CARTESIAN_POINT('',(1.767145876526,350.9));
#5521 = CARTESIAN_POINT('',(1.963495426256,350.64004139836));
#5522 = CARTESIAN_POINT('',(2.159844975984,350.12012640064));
#5523 = CARTESIAN_POINT('',(2.356194525716,349.36162649347));
#5524 = CARTESIAN_POINT('',(2.552544075447,348.40732802309));
#5525 = CARTESIAN_POINT('',(2.74889362518,347.31692456138));
#5526 = CARTESIAN_POINT('',(2.945243174911,346.1584619242));
#5527 = CARTESIAN_POINT('',(3.141592724642,344.99999958079));
#5528 = ( GEOMETRIC_REPRESENTATION_CONTEXT(2) 
PARAMETRIC_REPRESENTATION_CONTEXT() REPRESENTATION_CONTEXT('2D SPACE',''
  ) );
#5529 = PCURVE('',#5448,#5530);
#5530 = DEFINITIONAL_REPRESENTATION('',(#5531),#5541);
#5531 = B_SPLINE_CURVE_WITH_KNOTS('',8,(#5532,#5533,#5534,#5535,#5536,
    #5537,#5538,#5539,#5540),.UNSPECIFIED.,.F.,.F.,(9,9),(0.,
    1.570796397847),.PIECEWISE_BEZIER_KNOTS.);
#5532 = CARTESIAN_POINT('',(1.570796326795,26.1));
#5533 = CARTESIAN_POINT('',(1.767145876526,26.1));
#5534 = CARTESIAN_POINT('',(1.963495426254,26.359958601837));
#5535 = CARTESIAN_POINT('',(2.159844975991,26.879873597122));
#5536 = CARTESIAN_POINT('',(2.356194525707,27.638373508855));
#5537 = CARTESIAN_POINT('',(2.552544075454,28.592671974625));
#5538 = CARTESIAN_POINT('',(2.748893625177,29.683075438861));
#5539 = CARTESIAN_POINT('',(2.945243174911,30.841538075797));
#5540 = CARTESIAN_POINT('',(3.141592724642,32.000000419209));
#5541 = ( GEOMETRIC_REPRESENTATION_CONTEXT(2) 
PARAMETRIC_REPRESENTATION_CONTEXT() REPRESENTATION_CONTEXT('2D SPACE',''
  ) );
#5542 = FACE_BOUND('',#5543,.F.);
#5543 = EDGE_LOOP('',(#5544,#5601,#5637));
#5544 = ORIENTED_EDGE('',*,*,#5545,.F.);
#5545 = EDGE_CURVE('',#5546,#5548,#5550,.T.);
#5546 = VERTEX_POINT('',#5547);
#5547 = CARTESIAN_POINT('',(180.,26.,29.4));
#5548 = VERTEX_POINT('',#5549);
#5549 = CARTESIAN_POINT('',(180.00000023841,26.,17.6));
#5550 = SURFACE_CURVE('',#5551,(#5556,#5576),.PCURVE_S1.);
#5551 = ELLIPSE('',#5552,8.343860018001,5.9);
#5552 = AXIS2_PLACEMENT_3D('',#5553,#5554,#5555);
#5553 = CARTESIAN_POINT('',(180.,26.,23.5));
#5554 = DIRECTION('',(0.707106781187,-0.707106781187,0.));
#5555 = DIRECTION('',(0.707106781187,0.707106781187,0.));
#5556 = PCURVE('',#2775,#5557);
#5557 = DEFINITIONAL_REPRESENTATION('',(#5558),#5575);
#5558 = B_SPLINE_CURVE_WITH_KNOTS('',8,(#5559,#5560,#5561,#5562,#5563,
    #5564,#5565,#5566,#5567,#5568,#5569,#5570,#5571,#5572,#5573,#5574),
  .UNSPECIFIED.,.F.,.F.,(9,7,9),(1.570796255742,3.141592633385,
    4.712389011027),.UNSPECIFIED.);
#5559 = CARTESIAN_POINT('',(-7.1052421724E-08,385.0000004192));
#5560 = CARTESIAN_POINT('',(0.196349476153,383.84153809069));
#5561 = CARTESIAN_POINT('',(0.392699023358,382.68307546822));
#5562 = CARTESIAN_POINT('',(0.589048570562,381.59267201819));
#5563 = CARTESIAN_POINT('',(0.785398117769,380.63837355546));
#5564 = CARTESIAN_POINT('',(0.981747664972,379.87987364688));
#5565 = CARTESIAN_POINT('',(1.178097212179,379.35995864132));
#5566 = CARTESIAN_POINT('',(1.374446759385,379.1000000234));
#5567 = CARTESIAN_POINT('',(1.767145853795,379.09999997659));
#5568 = CARTESIAN_POINT('',(1.963495400999,379.35995854831));
#5569 = CARTESIAN_POINT('',(2.15984494821,379.87987350744));
#5570 = CARTESIAN_POINT('',(2.356194495404,380.63837338198));
#5571 = CARTESIAN_POINT('',(2.552544042622,381.59267180886));
#5572 = CARTESIAN_POINT('',(2.748893589819,382.68307524076));
#5573 = CARTESIAN_POINT('',(2.945243137027,383.84153785227));
#5574 = CARTESIAN_POINT('',(3.141592684232,385.00000018079));
#5575 = ( GEOMETRIC_REPRESENTATION_CONTEXT(2) 
PARAMETRIC_REPRESENTATION_CONTEXT() REPRESENTATION_CONTEXT('2D SPACE',''
  ) );
#5576 = PCURVE('',#5577,#5582);
#5577 = CYLINDRICAL_SURFACE('',#5578,5.9);
#5578 = AXIS2_PLACEMENT_3D('',#5579,#5580,#5581);
#5579 = CARTESIAN_POINT('',(180.,-6.,23.5));
#5580 = DIRECTION('',(0.,1.,0.));
#5581 = DIRECTION('',(0.,-0.,1.));
#5582 = DEFINITIONAL_REPRESENTATION('',(#5583),#5600);
#5583 = B_SPLINE_CURVE_WITH_KNOTS('',8,(#5584,#5585,#5586,#5587,#5588,
    #5589,#5590,#5591,#5592,#5593,#5594,#5595,#5596,#5597,#5598,#5599),
  .UNSPECIFIED.,.F.,.F.,(9,7,9),(1.570796255742,3.141592633385,
    4.712389011027),.UNSPECIFIED.);
#5584 = CARTESIAN_POINT('',(6.283185378232,32.000000419209));
#5585 = CARTESIAN_POINT('',(6.086835831027,30.841538090698));
#5586 = CARTESIAN_POINT('',(5.890486283821,29.683075468614));
#5587 = CARTESIAN_POINT('',(5.694136736617,28.592672016822));
#5588 = CARTESIAN_POINT('',(5.497787189412,27.638373557751));
#5589 = CARTESIAN_POINT('',(5.301437642207,26.879873645972));
#5590 = CARTESIAN_POINT('',(5.105088095,26.359958641925));
#5591 = CARTESIAN_POINT('',(4.908738547795,26.100000023407));
#5592 = CARTESIAN_POINT('',(4.516039453384,26.099999976593));
#5593 = CARTESIAN_POINT('',(4.319689906177,26.359958548316));
#5594 = CARTESIAN_POINT('',(4.123340358985,26.879873508247));
#5595 = CARTESIAN_POINT('',(3.926990811757,27.63837338161));
#5596 = CARTESIAN_POINT('',(3.730641264574,28.592671809821));
#5597 = CARTESIAN_POINT('',(3.534291717356,29.683075240739));
#5598 = CARTESIAN_POINT('',(3.337942170153,30.841537852279));
#5599 = CARTESIAN_POINT('',(3.141592622947,32.000000180791));
#5600 = ( GEOMETRIC_REPRESENTATION_CONTEXT(2) 
PARAMETRIC_REPRESENTATION_CONTEXT() REPRESENTATION_CONTEXT('2D SPACE',''
  ) );
#5601 = ORIENTED_EDGE('',*,*,#5602,.T.);
#5602 = EDGE_CURVE('',#5546,#5603,#5605,.T.);
#5603 = VERTEX_POINT('',#5604);
#5604 = CARTESIAN_POINT('',(185.9,20.1,23.5));
#5605 = SURFACE_CURVE('',#5606,(#5611,#5624),.PCURVE_S1.);
#5606 = ELLIPSE('',#5607,8.343860018001,5.9);
#5607 = AXIS2_PLACEMENT_3D('',#5608,#5609,#5610);
#5608 = CARTESIAN_POINT('',(180.,26.,23.5));
#5609 = DIRECTION('',(0.707106781187,0.707106781187,0.));
#5610 = DIRECTION('',(0.707106781187,-0.707106781187,0.));
#5611 = PCURVE('',#2775,#5612);
#5612 = DEFINITIONAL_REPRESENTATION('',(#5613),#5623);
#5613 = B_SPLINE_CURVE_WITH_KNOTS('',8,(#5614,#5615,#5616,#5617,#5618,
    #5619,#5620,#5621,#5622),.UNSPECIFIED.,.F.,.F.,(9,9),(4.712388909332
    ,6.28318530718),.PIECEWISE_BEZIER_KNOTS.);
#5614 = CARTESIAN_POINT('',(-7.1052421724E-08,384.99999958079));
#5615 = CARTESIAN_POINT('',(0.196349478678,386.1584619242));
#5616 = CARTESIAN_POINT('',(0.392699028409,387.31692456082));
#5617 = CARTESIAN_POINT('',(0.589048578139,388.40732802582));
#5618 = CARTESIAN_POINT('',(0.78539812787,389.36162648805));
#5619 = CARTESIAN_POINT('',(0.9817476776,390.12012640342));
#5620 = CARTESIAN_POINT('',(1.178097227333,390.64004139765));
#5621 = CARTESIAN_POINT('',(1.374446777064,390.9));
#5622 = CARTESIAN_POINT('',(1.570796326795,390.9));
#5623 = ( GEOMETRIC_REPRESENTATION_CONTEXT(2) 
PARAMETRIC_REPRESENTATION_CONTEXT() REPRESENTATION_CONTEXT('2D SPACE',''
  ) );
#5624 = PCURVE('',#5577,#5625);
#5625 = DEFINITIONAL_REPRESENTATION('',(#5626),#5636);
#5626 = B_SPLINE_CURVE_WITH_KNOTS('',8,(#5627,#5628,#5629,#5630,#5631,
    #5632,#5633,#5634,#5635),.UNSPECIFIED.,.F.,.F.,(9,9),(4.712388909332
    ,6.28318530718),.PIECEWISE_BEZIER_KNOTS.);
#5627 = CARTESIAN_POINT('',(-7.105242350036E-08,32.000000419209));
#5628 = CARTESIAN_POINT('',(0.196349478678,30.841538075797));
#5629 = CARTESIAN_POINT('',(0.392699028409,29.683075438851));
#5630 = CARTESIAN_POINT('',(0.589048578141,28.59267197467));
#5631 = CARTESIAN_POINT('',(0.785398127867,27.638373508712));
#5632 = CARTESIAN_POINT('',(0.981747677602,26.879873597141));
#5633 = CARTESIAN_POINT('',(1.178097227332,26.359958601826));
#5634 = CARTESIAN_POINT('',(1.374446777064,26.1));
#5635 = CARTESIAN_POINT('',(1.570796326795,26.1));
#5636 = ( GEOMETRIC_REPRESENTATION_CONTEXT(2) 
PARAMETRIC_REPRESENTATION_CONTEXT() REPRESENTATION_CONTEXT('2D SPACE',''
  ) );
#5637 = ORIENTED_EDGE('',*,*,#5638,.T.);
#5638 = EDGE_CURVE('',#5603,#5548,#5639,.T.);
#5639 = SURFACE_CURVE('',#5640,(#5645,#5658),.PCURVE_S1.);
#5640 = ELLIPSE('',#5641,8.343860018001,5.9);
#5641 = AXIS2_PLACEMENT_3D('',#5642,#5643,#5644);
#5642 = CARTESIAN_POINT('',(180.,26.,23.5));
#5643 = DIRECTION('',(0.707106781187,0.707106781187,0.));
#5644 = DIRECTION('',(0.707106781187,-0.707106781187,0.));
#5645 = PCURVE('',#2775,#5646);
#5646 = DEFINITIONAL_REPRESENTATION('',(#5647),#5657);
#5647 = B_SPLINE_CURVE_WITH_KNOTS('',8,(#5648,#5649,#5650,#5651,#5652,
    #5653,#5654,#5655,#5656),.UNSPECIFIED.,.F.,.F.,(9,9),(0.,
    1.570796397847),.PIECEWISE_BEZIER_KNOTS.);
#5648 = CARTESIAN_POINT('',(1.570796326795,390.9));
#5649 = CARTESIAN_POINT('',(1.767145876526,390.9));
#5650 = CARTESIAN_POINT('',(1.963495426256,390.64004139801));
#5651 = CARTESIAN_POINT('',(2.159844975984,390.12012640238));
#5652 = CARTESIAN_POINT('',(2.356194525716,389.36162649078));
#5653 = CARTESIAN_POINT('',(2.552544075447,388.40732802465));
#5654 = CARTESIAN_POINT('',(2.74889362518,387.31692456115));
#5655 = CARTESIAN_POINT('',(2.945243174911,386.1584619242));
#5656 = CARTESIAN_POINT('',(3.141592724642,384.99999958079));
#5657 = ( GEOMETRIC_REPRESENTATION_CONTEXT(2) 
PARAMETRIC_REPRESENTATION_CONTEXT() REPRESENTATION_CONTEXT('2D SPACE',''
  ) );
#5658 = PCURVE('',#5577,#5659);
#5659 = DEFINITIONAL_REPRESENTATION('',(#5660),#5670);
#5660 = B_SPLINE_CURVE_WITH_KNOTS('',8,(#5661,#5662,#5663,#5664,#5665,
    #5666,#5667,#5668,#5669),.UNSPECIFIED.,.F.,.F.,(9,9),(0.,
    1.570796397847),.PIECEWISE_BEZIER_KNOTS.);
#5661 = CARTESIAN_POINT('',(1.570796326795,26.1));
#5662 = CARTESIAN_POINT('',(1.767145876526,26.1));
#5663 = CARTESIAN_POINT('',(1.963495426254,26.359958601837));
#5664 = CARTESIAN_POINT('',(2.159844975991,26.879873597122));
#5665 = CARTESIAN_POINT('',(2.356194525707,27.638373508855));
#5666 = CARTESIAN_POINT('',(2.552544075454,28.592671974625));
#5667 = CARTESIAN_POINT('',(2.748893625177,29.683075438861));
#5668 = CARTESIAN_POINT('',(2.945243174911,30.841538075797));
#5669 = CARTESIAN_POINT('',(3.141592724642,32.000000419209));
#5670 = ( GEOMETRIC_REPRESENTATION_CONTEXT(2) 
PARAMETRIC_REPRESENTATION_CONTEXT() REPRESENTATION_CONTEXT('2D SPACE',''
  ) );
#5671 = ADVANCED_FACE('',(#5672,#5939,#6068,#6197,#6326,#6455,#6584,
    #6713,#6842,#6971,#7100),#2854,.F.);
#5672 = FACE_BOUND('',#5673,.F.);
#5673 = EDGE_LOOP('',(#5674,#5697,#5698,#5699,#5722,#5745,#5768,#5791,
    #5814,#5837,#5860,#5883,#5906,#5927,#5928,#5929,#5930,#5931,#5932,
    #5933,#5934,#5935,#5936,#5937,#5938));
#5674 = ORIENTED_EDGE('',*,*,#5675,.F.);
#5675 = EDGE_CURVE('',#2944,#5676,#5678,.T.);
#5676 = VERTEX_POINT('',#5677);
#5677 = CARTESIAN_POINT('',(-180.,26.,69.4));
#5678 = SEAM_CURVE('',#5679,(#5683,#5690),.PCURVE_S1.);
#5679 = LINE('',#5680,#5681);
#5680 = CARTESIAN_POINT('',(-205.,26.,69.4));
#5681 = VECTOR('',#5682,1.);
#5682 = DIRECTION('',(1.,0.,0.));
#5683 = PCURVE('',#2854,#5684);
#5684 = DEFINITIONAL_REPRESENTATION('',(#5685),#5689);
#5685 = LINE('',#5686,#5687);
#5686 = CARTESIAN_POINT('',(0.,-0.));
#5687 = VECTOR('',#5688,1.);
#5688 = DIRECTION('',(0.,1.));
#5689 = ( GEOMETRIC_REPRESENTATION_CONTEXT(2) 
PARAMETRIC_REPRESENTATION_CONTEXT() REPRESENTATION_CONTEXT('2D SPACE',''
  ) );
#5690 = PCURVE('',#2854,#5691);
#5691 = DEFINITIONAL_REPRESENTATION('',(#5692),#5696);
#5692 = LINE('',#5693,#5694);
#5693 = CARTESIAN_POINT('',(6.28318530718,-0.));
#5694 = VECTOR('',#5695,1.);
#5695 = DIRECTION('',(0.,1.));
#5696 = ( GEOMETRIC_REPRESENTATION_CONTEXT(2) 
PARAMETRIC_REPRESENTATION_CONTEXT() REPRESENTATION_CONTEXT('2D SPACE',''
  ) );
#5697 = ORIENTED_EDGE('',*,*,#2943,.T.);
#5698 = ORIENTED_EDGE('',*,*,#5675,.T.);
#5699 = ORIENTED_EDGE('',*,*,#5700,.T.);
#5700 = EDGE_CURVE('',#5676,#5701,#5703,.T.);
#5701 = VERTEX_POINT('',#5702);
#5702 = CARTESIAN_POINT('',(-140.,26.,69.4));
#5703 = SEAM_CURVE('',#5704,(#5708,#5715),.PCURVE_S1.);
#5704 = LINE('',#5705,#5706);
#5705 = CARTESIAN_POINT('',(-205.,26.,69.4));
#5706 = VECTOR('',#5707,1.);
#5707 = DIRECTION('',(1.,0.,0.));
#5708 = PCURVE('',#2854,#5709);
#5709 = DEFINITIONAL_REPRESENTATION('',(#5710),#5714);
#5710 = LINE('',#5711,#5712);
#5711 = CARTESIAN_POINT('',(0.,-0.));
#5712 = VECTOR('',#5713,1.);
#5713 = DIRECTION('',(0.,1.));
#5714 = ( GEOMETRIC_REPRESENTATION_CONTEXT(2) 
PARAMETRIC_REPRESENTATION_CONTEXT() REPRESENTATION_CONTEXT('2D SPACE',''
  ) );
#5715 = PCURVE('',#2854,#5716);
#5716 = DEFINITIONAL_REPRESENTATION('',(#5717),#5721);
#5717 = LINE('',#5718,#5719);
#5718 = CARTESIAN_POINT('',(6.28318530718,-0.));
#5719 = VECTOR('',#5720,1.);
#5720 = DIRECTION('',(0.,1.));
#5721 = ( GEOMETRIC_REPRESENTATION_CONTEXT(2) 
PARAMETRIC_REPRESENTATION_CONTEXT() REPRESENTATION_CONTEXT('2D SPACE',''
  ) );
#5722 = ORIENTED_EDGE('',*,*,#5723,.T.);
#5723 = EDGE_CURVE('',#5701,#5724,#5726,.T.);
#5724 = VERTEX_POINT('',#5725);
#5725 = CARTESIAN_POINT('',(-100.,26.,69.4));
#5726 = SEAM_CURVE('',#5727,(#5731,#5738),.PCURVE_S1.);
#5727 = LINE('',#5728,#5729);
#5728 = CARTESIAN_POINT('',(-205.,26.,69.4));
#5729 = VECTOR('',#5730,1.);
#5730 = DIRECTION('',(1.,0.,0.));
#5731 = PCURVE('',#2854,#5732);
#5732 = DEFINITIONAL_REPRESENTATION('',(#5733),#5737);
#5733 = LINE('',#5734,#5735);
#5734 = CARTESIAN_POINT('',(0.,-0.));
#5735 = VECTOR('',#5736,1.);
#5736 = DIRECTION('',(0.,1.));
#5737 = ( GEOMETRIC_REPRESENTATION_CONTEXT(2) 
PARAMETRIC_REPRESENTATION_CONTEXT() REPRESENTATION_CONTEXT('2D SPACE',''
  ) );
#5738 = PCURVE('',#2854,#5739);
#5739 = DEFINITIONAL_REPRESENTATION('',(#5740),#5744);
#5740 = LINE('',#5741,#5742);
#5741 = CARTESIAN_POINT('',(6.28318530718,-0.));
#5742 = VECTOR('',#5743,1.);
#5743 = DIRECTION('',(0.,1.));
#5744 = ( GEOMETRIC_REPRESENTATION_CONTEXT(2) 
PARAMETRIC_REPRESENTATION_CONTEXT() REPRESENTATION_CONTEXT('2D SPACE',''
  ) );
#5745 = ORIENTED_EDGE('',*,*,#5746,.T.);
#5746 = EDGE_CURVE('',#5724,#5747,#5749,.T.);
#5747 = VERTEX_POINT('',#5748);
#5748 = CARTESIAN_POINT('',(-60.,26.,69.4));
#5749 = SEAM_CURVE('',#5750,(#5754,#5761),.PCURVE_S1.);
#5750 = LINE('',#5751,#5752);
#5751 = CARTESIAN_POINT('',(-205.,26.,69.4));
#5752 = VECTOR('',#5753,1.);
#5753 = DIRECTION('',(1.,0.,0.));
#5754 = PCURVE('',#2854,#5755);
#5755 = DEFINITIONAL_REPRESENTATION('',(#5756),#5760);
#5756 = LINE('',#5757,#5758);
#5757 = CARTESIAN_POINT('',(0.,-0.));
#5758 = VECTOR('',#5759,1.);
#5759 = DIRECTION('',(0.,1.));
#5760 = ( GEOMETRIC_REPRESENTATION_CONTEXT(2) 
PARAMETRIC_REPRESENTATION_CONTEXT() REPRESENTATION_CONTEXT('2D SPACE',''
  ) );
#5761 = PCURVE('',#2854,#5762);
#5762 = DEFINITIONAL_REPRESENTATION('',(#5763),#5767);
#5763 = LINE('',#5764,#5765);
#5764 = CARTESIAN_POINT('',(6.28318530718,-0.));
#5765 = VECTOR('',#5766,1.);
#5766 = DIRECTION('',(0.,1.));
#5767 = ( GEOMETRIC_REPRESENTATION_CONTEXT(2) 
PARAMETRIC_REPRESENTATION_CONTEXT() REPRESENTATION_CONTEXT('2D SPACE',''
  ) );
#5768 = ORIENTED_EDGE('',*,*,#5769,.T.);
#5769 = EDGE_CURVE('',#5747,#5770,#5772,.T.);
#5770 = VERTEX_POINT('',#5771);
#5771 = CARTESIAN_POINT('',(-20.,26.,69.4));
#5772 = SEAM_CURVE('',#5773,(#5777,#5784),.PCURVE_S1.);
#5773 = LINE('',#5774,#5775);
#5774 = CARTESIAN_POINT('',(-205.,26.,69.4));
#5775 = VECTOR('',#5776,1.);
#5776 = DIRECTION('',(1.,0.,0.));
#5777 = PCURVE('',#2854,#5778);
#5778 = DEFINITIONAL_REPRESENTATION('',(#5779),#5783);
#5779 = LINE('',#5780,#5781);
#5780 = CARTESIAN_POINT('',(0.,-0.));
#5781 = VECTOR('',#5782,1.);
#5782 = DIRECTION('',(0.,1.));
#5783 = ( GEOMETRIC_REPRESENTATION_CONTEXT(2) 
PARAMETRIC_REPRESENTATION_CONTEXT() REPRESENTATION_CONTEXT('2D SPACE',''
  ) );
#5784 = PCURVE('',#2854,#5785);
#5785 = DEFINITIONAL_REPRESENTATION('',(#5786),#5790);
#5786 = LINE('',#5787,#5788);
#5787 = CARTESIAN_POINT('',(6.28318530718,-0.));
#5788 = VECTOR('',#5789,1.);
#5789 = DIRECTION('',(0.,1.));
#5790 = ( GEOMETRIC_REPRESENTATION_CONTEXT(2) 
PARAMETRIC_REPRESENTATION_CONTEXT() REPRESENTATION_CONTEXT('2D SPACE',''
  ) );
#5791 = ORIENTED_EDGE('',*,*,#5792,.T.);
#5792 = EDGE_CURVE('',#5770,#5793,#5795,.T.);
#5793 = VERTEX_POINT('',#5794);
#5794 = CARTESIAN_POINT('',(20.,26.,69.4));
#5795 = SEAM_CURVE('',#5796,(#5800,#5807),.PCURVE_S1.);
#5796 = LINE('',#5797,#5798);
#5797 = CARTESIAN_POINT('',(-205.,26.,69.4));
#5798 = VECTOR('',#5799,1.);
#5799 = DIRECTION('',(1.,0.,0.));
#5800 = PCURVE('',#2854,#5801);
#5801 = DEFINITIONAL_REPRESENTATION('',(#5802),#5806);
#5802 = LINE('',#5803,#5804);
#5803 = CARTESIAN_POINT('',(0.,-0.));
#5804 = VECTOR('',#5805,1.);
#5805 = DIRECTION('',(0.,1.));
#5806 = ( GEOMETRIC_REPRESENTATION_CONTEXT(2) 
PARAMETRIC_REPRESENTATION_CONTEXT() REPRESENTATION_CONTEXT('2D SPACE',''
  ) );
#5807 = PCURVE('',#2854,#5808);
#5808 = DEFINITIONAL_REPRESENTATION('',(#5809),#5813);
#5809 = LINE('',#5810,#5811);
#5810 = CARTESIAN_POINT('',(6.28318530718,-0.));
#5811 = VECTOR('',#5812,1.);
#5812 = DIRECTION('',(0.,1.));
#5813 = ( GEOMETRIC_REPRESENTATION_CONTEXT(2) 
PARAMETRIC_REPRESENTATION_CONTEXT() REPRESENTATION_CONTEXT('2D SPACE',''
  ) );
#5814 = ORIENTED_EDGE('',*,*,#5815,.T.);
#5815 = EDGE_CURVE('',#5793,#5816,#5818,.T.);
#5816 = VERTEX_POINT('',#5817);
#5817 = CARTESIAN_POINT('',(60.,26.,69.4));
#5818 = SEAM_CURVE('',#5819,(#5823,#5830),.PCURVE_S1.);
#5819 = LINE('',#5820,#5821);
#5820 = CARTESIAN_POINT('',(-205.,26.,69.4));
#5821 = VECTOR('',#5822,1.);
#5822 = DIRECTION('',(1.,0.,0.));
#5823 = PCURVE('',#2854,#5824);
#5824 = DEFINITIONAL_REPRESENTATION('',(#5825),#5829);
#5825 = LINE('',#5826,#5827);
#5826 = CARTESIAN_POINT('',(0.,-0.));
#5827 = VECTOR('',#5828,1.);
#5828 = DIRECTION('',(0.,1.));
#5829 = ( GEOMETRIC_REPRESENTATION_CONTEXT(2) 
PARAMETRIC_REPRESENTATION_CONTEXT() REPRESENTATION_CONTEXT('2D SPACE',''
  ) );
#5830 = PCURVE('',#2854,#5831);
#5831 = DEFINITIONAL_REPRESENTATION('',(#5832),#5836);
#5832 = LINE('',#5833,#5834);
#5833 = CARTESIAN_POINT('',(6.28318530718,-0.));
#5834 = VECTOR('',#5835,1.);
#5835 = DIRECTION('',(0.,1.));
#5836 = ( GEOMETRIC_REPRESENTATION_CONTEXT(2) 
PARAMETRIC_REPRESENTATION_CONTEXT() REPRESENTATION_CONTEXT('2D SPACE',''
  ) );
#5837 = ORIENTED_EDGE('',*,*,#5838,.T.);
#5838 = EDGE_CURVE('',#5816,#5839,#5841,.T.);
#5839 = VERTEX_POINT('',#5840);
#5840 = CARTESIAN_POINT('',(100.,26.,69.4));
#5841 = SEAM_CURVE('',#5842,(#5846,#5853),.PCURVE_S1.);
#5842 = LINE('',#5843,#5844);
#5843 = CARTESIAN_POINT('',(-205.,26.,69.4));
#5844 = VECTOR('',#5845,1.);
#5845 = DIRECTION('',(1.,0.,0.));
#5846 = PCURVE('',#2854,#5847);
#5847 = DEFINITIONAL_REPRESENTATION('',(#5848),#5852);
#5848 = LINE('',#5849,#5850);
#5849 = CARTESIAN_POINT('',(0.,-0.));
#5850 = VECTOR('',#5851,1.);
#5851 = DIRECTION('',(0.,1.));
#5852 = ( GEOMETRIC_REPRESENTATION_CONTEXT(2) 
PARAMETRIC_REPRESENTATION_CONTEXT() REPRESENTATION_CONTEXT('2D SPACE',''
  ) );
#5853 = PCURVE('',#2854,#5854);
#5854 = DEFINITIONAL_REPRESENTATION('',(#5855),#5859);
#5855 = LINE('',#5856,#5857);
#5856 = CARTESIAN_POINT('',(6.28318530718,-0.));
#5857 = VECTOR('',#5858,1.);
#5858 = DIRECTION('',(0.,1.));
#5859 = ( GEOMETRIC_REPRESENTATION_CONTEXT(2) 
PARAMETRIC_REPRESENTATION_CONTEXT() REPRESENTATION_CONTEXT('2D SPACE',''
  ) );
#5860 = ORIENTED_EDGE('',*,*,#5861,.T.);
#5861 = EDGE_CURVE('',#5839,#5862,#5864,.T.);
#5862 = VERTEX_POINT('',#5863);
#5863 = CARTESIAN_POINT('',(140.,26.,69.4));
#5864 = SEAM_CURVE('',#5865,(#5869,#5876),.PCURVE_S1.);
#5865 = LINE('',#5866,#5867);
#5866 = CARTESIAN_POINT('',(-205.,26.,69.4));
#5867 = VECTOR('',#5868,1.);
#5868 = DIRECTION('',(1.,0.,0.));
#5869 = PCURVE('',#2854,#5870);
#5870 = DEFINITIONAL_REPRESENTATION('',(#5871),#5875);
#5871 = LINE('',#5872,#5873);
#5872 = CARTESIAN_POINT('',(0.,-0.));
#5873 = VECTOR('',#5874,1.);
#5874 = DIRECTION('',(0.,1.));
#5875 = ( GEOMETRIC_REPRESENTATION_CONTEXT(2) 
PARAMETRIC_REPRESENTATION_CONTEXT() REPRESENTATION_CONTEXT('2D SPACE',''
  ) );
#5876 = PCURVE('',#2854,#5877);
#5877 = DEFINITIONAL_REPRESENTATION('',(#5878),#5882);
#5878 = LINE('',#5879,#5880);
#5879 = CARTESIAN_POINT('',(6.28318530718,-0.));
#5880 = VECTOR('',#5881,1.);
#5881 = DIRECTION('',(0.,1.));
#5882 = ( GEOMETRIC_REPRESENTATION_CONTEXT(2) 
PARAMETRIC_REPRESENTATION_CONTEXT() REPRESENTATION_CONTEXT('2D SPACE',''
  ) );
#5883 = ORIENTED_EDGE('',*,*,#5884,.T.);
#5884 = EDGE_CURVE('',#5862,#5885,#5887,.T.);
#5885 = VERTEX_POINT('',#5886);
#5886 = CARTESIAN_POINT('',(180.,26.,69.4));
#5887 = SEAM_CURVE('',#5888,(#5892,#5899),.PCURVE_S1.);
#5888 = LINE('',#5889,#5890);
#5889 = CARTESIAN_POINT('',(-205.,26.,69.4));
#5890 = VECTOR('',#5891,1.);
#5891 = DIRECTION('',(1.,0.,0.));
#5892 = PCURVE('',#2854,#5893);
#5893 = DEFINITIONAL_REPRESENTATION('',(#5894),#5898);
#5894 = LINE('',#5895,#5896);
#5895 = CARTESIAN_POINT('',(0.,-0.));
#5896 = VECTOR('',#5897,1.);
#5897 = DIRECTION('',(0.,1.));
#5898 = ( GEOMETRIC_REPRESENTATION_CONTEXT(2) 
PARAMETRIC_REPRESENTATION_CONTEXT() REPRESENTATION_CONTEXT('2D SPACE',''
  ) );
#5899 = PCURVE('',#2854,#5900);
#5900 = DEFINITIONAL_REPRESENTATION('',(#5901),#5905);
#5901 = LINE('',#5902,#5903);
#5902 = CARTESIAN_POINT('',(6.28318530718,-0.));
#5903 = VECTOR('',#5904,1.);
#5904 = DIRECTION('',(0.,1.));
#5905 = ( GEOMETRIC_REPRESENTATION_CONTEXT(2) 
PARAMETRIC_REPRESENTATION_CONTEXT() REPRESENTATION_CONTEXT('2D SPACE',''
  ) );
#5906 = ORIENTED_EDGE('',*,*,#5907,.T.);
#5907 = EDGE_CURVE('',#5885,#2838,#5908,.T.);
#5908 = SEAM_CURVE('',#5909,(#5913,#5920),.PCURVE_S1.);
#5909 = LINE('',#5910,#5911);
#5910 = CARTESIAN_POINT('',(-205.,26.,69.4));
#5911 = VECTOR('',#5912,1.);
#5912 = DIRECTION('',(1.,0.,0.));
#5913 = PCURVE('',#2854,#5914);
#5914 = DEFINITIONAL_REPRESENTATION('',(#5915),#5919);
#5915 = LINE('',#5916,#5917);
#5916 = CARTESIAN_POINT('',(0.,-0.));
#5917 = VECTOR('',#5918,1.);
#5918 = DIRECTION('',(0.,1.));
#5919 = ( GEOMETRIC_REPRESENTATION_CONTEXT(2) 
PARAMETRIC_REPRESENTATION_CONTEXT() REPRESENTATION_CONTEXT('2D SPACE',''
  ) );
#5920 = PCURVE('',#2854,#5921);
#5921 = DEFINITIONAL_REPRESENTATION('',(#5922),#5926);
#5922 = LINE('',#5923,#5924);
#5923 = CARTESIAN_POINT('',(6.28318530718,-0.));
#5924 = VECTOR('',#5925,1.);
#5925 = DIRECTION('',(0.,1.));
#5926 = ( GEOMETRIC_REPRESENTATION_CONTEXT(2) 
PARAMETRIC_REPRESENTATION_CONTEXT() REPRESENTATION_CONTEXT('2D SPACE',''
  ) );
#5927 = ORIENTED_EDGE('',*,*,#2837,.T.);
#5928 = ORIENTED_EDGE('',*,*,#2866,.T.);
#5929 = ORIENTED_EDGE('',*,*,#5907,.F.);
#5930 = ORIENTED_EDGE('',*,*,#5884,.F.);
#5931 = ORIENTED_EDGE('',*,*,#5861,.F.);
#5932 = ORIENTED_EDGE('',*,*,#5838,.F.);
#5933 = ORIENTED_EDGE('',*,*,#5815,.F.);
#5934 = ORIENTED_EDGE('',*,*,#5792,.F.);
#5935 = ORIENTED_EDGE('',*,*,#5769,.F.);
#5936 = ORIENTED_EDGE('',*,*,#5746,.F.);
#5937 = ORIENTED_EDGE('',*,*,#5723,.F.);
#5938 = ORIENTED_EDGE('',*,*,#5700,.F.);
#5939 = FACE_BOUND('',#5940,.F.);
#5940 = EDGE_LOOP('',(#5941,#5998,#6034));
#5941 = ORIENTED_EDGE('',*,*,#5942,.F.);
#5942 = EDGE_CURVE('',#5943,#5945,#5947,.T.);
#5943 = VERTEX_POINT('',#5944);
#5944 = CARTESIAN_POINT('',(-20.,26.,69.4));
#5945 = VERTEX_POINT('',#5946);
#5946 = CARTESIAN_POINT('',(-20.,26.,57.6));
#5947 = SURFACE_CURVE('',#5948,(#5953,#5973),.PCURVE_S1.);
#5948 = ELLIPSE('',#5949,8.343860018001,5.9);
#5949 = AXIS2_PLACEMENT_3D('',#5950,#5951,#5952);
#5950 = CARTESIAN_POINT('',(-20.,26.,63.5));
#5951 = DIRECTION('',(0.707106781187,-0.707106781187,0.));
#5952 = DIRECTION('',(0.707106781187,0.707106781187,0.));
#5953 = PCURVE('',#2854,#5954);
#5954 = DEFINITIONAL_REPRESENTATION('',(#5955),#5972);
#5955 = B_SPLINE_CURVE_WITH_KNOTS('',8,(#5956,#5957,#5958,#5959,#5960,
    #5961,#5962,#5963,#5964,#5965,#5966,#5967,#5968,#5969,#5970,#5971),
  .UNSPECIFIED.,.F.,.F.,(9,7,9),(1.570796215333,3.141592592975,
    4.712388970617),.UNSPECIFIED.);
#5956 = CARTESIAN_POINT('',(-1.114623504606E-07,185.00000065762));
#5957 = CARTESIAN_POINT('',(0.196349435743,183.84153832911));
#5958 = CARTESIAN_POINT('',(0.392698982948,182.68307569651));
#5959 = CARTESIAN_POINT('',(0.589048530153,181.59267222354));
#5960 = CARTESIAN_POINT('',(0.785398077356,180.63837373422));
#5961 = CARTESIAN_POINT('',(0.981747624563,179.8798737834));
#5962 = CARTESIAN_POINT('',(1.178097171769,179.35995873557));
#5963 = CARTESIAN_POINT('',(1.374446718975,179.10000007022));
#5964 = CARTESIAN_POINT('',(1.767145813385,179.09999992978));
#5965 = CARTESIAN_POINT('',(1.963495360591,179.35995845445));
#5966 = CARTESIAN_POINT('',(2.15984490779,179.87987337099));
#5967 = CARTESIAN_POINT('',(2.356194455005,180.63837320395));
#5968 = CARTESIAN_POINT('',(2.552544002202,181.59267160336));
#5969 = CARTESIAN_POINT('',(2.748893549412,182.68307501256));
#5970 = CARTESIAN_POINT('',(2.945243096617,183.84153761386));
#5971 = CARTESIAN_POINT('',(3.141592643822,184.99999994237));
#5972 = ( GEOMETRIC_REPRESENTATION_CONTEXT(2) 
PARAMETRIC_REPRESENTATION_CONTEXT() REPRESENTATION_CONTEXT('2D SPACE',''
  ) );
#5973 = PCURVE('',#5974,#5979);
#5974 = CYLINDRICAL_SURFACE('',#5975,5.9);
#5975 = AXIS2_PLACEMENT_3D('',#5976,#5977,#5978);
#5976 = CARTESIAN_POINT('',(-20.,-6.,63.5));
#5977 = DIRECTION('',(0.,1.,0.));
#5978 = DIRECTION('',(0.,-0.,1.));
#5979 = DEFINITIONAL_REPRESENTATION('',(#5980),#5997);
#5980 = B_SPLINE_CURVE_WITH_KNOTS('',8,(#5981,#5982,#5983,#5984,#5985,
    #5986,#5987,#5988,#5989,#5990,#5991,#5992,#5993,#5994,#5995,#5996),
  .UNSPECIFIED.,.F.,.F.,(9,7,9),(1.570796215333,3.141592592975,
    4.712388970617),.UNSPECIFIED.);
#5981 = CARTESIAN_POINT('',(6.283185418642,32.000000657628));
#5982 = CARTESIAN_POINT('',(6.086835871437,30.841538329117));
#5983 = CARTESIAN_POINT('',(5.890486324232,29.68307569656));
#5984 = CARTESIAN_POINT('',(5.694136777026,28.592672223622));
#5985 = CARTESIAN_POINT('',(5.497787229825,27.63837373414));
#5986 = CARTESIAN_POINT('',(5.301437682614,26.879873783592));
#5987 = CARTESIAN_POINT('',(5.105088135411,26.359958735573));
#5988 = CARTESIAN_POINT('',(4.908738588205,26.10000007022));
#5989 = CARTESIAN_POINT('',(4.516039493794,26.09999992978));
#5990 = CARTESIAN_POINT('',(4.319689946588,26.359958454723));
#5991 = CARTESIAN_POINT('',(4.123340399389,26.879873370438));
#5992 = CARTESIAN_POINT('',(3.926990852175,27.63837320547));
#5993 = CARTESIAN_POINT('',(3.730641304978,28.592671602825));
#5994 = CARTESIAN_POINT('',(3.534291757768,29.683075012844));
#5995 = CARTESIAN_POINT('',(3.337942210563,30.841537613861));
#5996 = CARTESIAN_POINT('',(3.141592663357,31.999999942372));
#5997 = ( GEOMETRIC_REPRESENTATION_CONTEXT(2) 
PARAMETRIC_REPRESENTATION_CONTEXT() REPRESENTATION_CONTEXT('2D SPACE',''
  ) );
#5998 = ORIENTED_EDGE('',*,*,#5999,.T.);
#5999 = EDGE_CURVE('',#5943,#6000,#6002,.T.);
#6000 = VERTEX_POINT('',#6001);
#6001 = CARTESIAN_POINT('',(-14.1,20.1,63.5));
#6002 = SURFACE_CURVE('',#6003,(#6008,#6021),.PCURVE_S1.);
#6003 = ELLIPSE('',#6004,8.343860018001,5.9);
#6004 = AXIS2_PLACEMENT_3D('',#6005,#6006,#6007);
#6005 = CARTESIAN_POINT('',(-20.,26.,63.5));
#6006 = DIRECTION('',(0.707106781187,0.707106781187,0.));
#6007 = DIRECTION('',(0.707106781187,-0.707106781187,0.));
#6008 = PCURVE('',#2854,#6009);
#6009 = DEFINITIONAL_REPRESENTATION('',(#6010),#6020);
#6010 = B_SPLINE_CURVE_WITH_KNOTS('',8,(#6011,#6012,#6013,#6014,#6015,
    #6016,#6017,#6018,#6019),.UNSPECIFIED.,.F.,.F.,(9,9),(4.712388868922
    ,6.28318530718),.PIECEWISE_BEZIER_KNOTS.);
#6011 = CARTESIAN_POINT('',(-1.114623504606E-07,184.99999934237));
#6012 = CARTESIAN_POINT('',(0.19634944332,186.15846171558));
#6013 = CARTESIAN_POINT('',(0.392698998101,187.31692439278));
#6014 = CARTESIAN_POINT('',(0.589048552885,188.40732790217));
#6015 = CARTESIAN_POINT('',(0.785398107662,189.36162641335));
#6016 = CARTESIAN_POINT('',(0.981747662448,190.12012636243));
#6017 = CARTESIAN_POINT('',(1.17809721723,190.64004138471));
#6018 = CARTESIAN_POINT('',(1.374446772013,190.9));
#6019 = CARTESIAN_POINT('',(1.570796326795,190.9));
#6020 = ( GEOMETRIC_REPRESENTATION_CONTEXT(2) 
PARAMETRIC_REPRESENTATION_CONTEXT() REPRESENTATION_CONTEXT('2D SPACE',''
  ) );
#6021 = PCURVE('',#5974,#6022);
#6022 = DEFINITIONAL_REPRESENTATION('',(#6023),#6033);
#6023 = B_SPLINE_CURVE_WITH_KNOTS('',8,(#6024,#6025,#6026,#6027,#6028,
    #6029,#6030,#6031,#6032),.UNSPECIFIED.,.F.,.F.,(9,9),(4.712388868922
    ,6.28318530718),.PIECEWISE_BEZIER_KNOTS.);
#6024 = CARTESIAN_POINT('',(-1.114623504606E-07,32.000000657628));
#6025 = CARTESIAN_POINT('',(0.19634944332,30.841538284413));
#6026 = CARTESIAN_POINT('',(0.392698998101,29.68307560713));
#6027 = CARTESIAN_POINT('',(0.589048552885,28.592672097416));
#6028 = CARTESIAN_POINT('',(0.785398107662,27.638373586732));
#6029 = CARTESIAN_POINT('',(0.981747662448,26.879873637282));
#6030 = CARTESIAN_POINT('',(1.17809721723,26.35995861518));
#6031 = CARTESIAN_POINT('',(1.374446772013,26.1));
#6032 = CARTESIAN_POINT('',(1.570796326795,26.1));
#6033 = ( GEOMETRIC_REPRESENTATION_CONTEXT(2) 
PARAMETRIC_REPRESENTATION_CONTEXT() REPRESENTATION_CONTEXT('2D SPACE',''
  ) );
#6034 = ORIENTED_EDGE('',*,*,#6035,.T.);
#6035 = EDGE_CURVE('',#6000,#5945,#6036,.T.);
#6036 = SURFACE_CURVE('',#6037,(#6042,#6055),.PCURVE_S1.);
#6037 = ELLIPSE('',#6038,8.343860018001,5.9);
#6038 = AXIS2_PLACEMENT_3D('',#6039,#6040,#6041);
#6039 = CARTESIAN_POINT('',(-20.,26.,63.5));
#6040 = DIRECTION('',(0.707106781187,0.707106781187,0.));
#6041 = DIRECTION('',(0.707106781187,-0.707106781187,0.));
#6042 = PCURVE('',#2854,#6043);
#6043 = DEFINITIONAL_REPRESENTATION('',(#6044),#6054);
#6044 = B_SPLINE_CURVE_WITH_KNOTS('',8,(#6045,#6046,#6047,#6048,#6049,
    #6050,#6051,#6052,#6053),.UNSPECIFIED.,.F.,.F.,(9,9),(0.,
    1.570796438257),.PIECEWISE_BEZIER_KNOTS.);
#6045 = CARTESIAN_POINT('',(1.570796326795,190.9));
#6046 = CARTESIAN_POINT('',(1.767145881577,190.9));
#6047 = CARTESIAN_POINT('',(1.963495436358,190.64004138484));
#6048 = CARTESIAN_POINT('',(2.159844991139,190.12012636216));
#6049 = CARTESIAN_POINT('',(2.356194545919,189.36162641296));
#6050 = CARTESIAN_POINT('',(2.552544100704,188.40732790221));
#6051 = CARTESIAN_POINT('',(2.748893655487,187.31692439284));
#6052 = CARTESIAN_POINT('',(2.94524321027,186.15846171558));
#6053 = CARTESIAN_POINT('',(3.141592765052,184.99999934237));
#6054 = ( GEOMETRIC_REPRESENTATION_CONTEXT(2) 
PARAMETRIC_REPRESENTATION_CONTEXT() REPRESENTATION_CONTEXT('2D SPACE',''
  ) );
#6055 = PCURVE('',#5974,#6056);
#6056 = DEFINITIONAL_REPRESENTATION('',(#6057),#6067);
#6057 = B_SPLINE_CURVE_WITH_KNOTS('',8,(#6058,#6059,#6060,#6061,#6062,
    #6063,#6064,#6065,#6066),.UNSPECIFIED.,.F.,.F.,(9,9),(0.,
    1.570796438257),.PIECEWISE_BEZIER_KNOTS.);
#6058 = CARTESIAN_POINT('',(1.570796326795,26.1));
#6059 = CARTESIAN_POINT('',(1.767145881577,26.1));
#6060 = CARTESIAN_POINT('',(1.963495436358,26.359958615176));
#6061 = CARTESIAN_POINT('',(2.159844991139,26.879873637305));
#6062 = CARTESIAN_POINT('',(2.356194545919,27.638373586769));
#6063 = CARTESIAN_POINT('',(2.552544100704,28.59267209748));
#6064 = CARTESIAN_POINT('',(2.748893655487,29.683075607145));
#6065 = CARTESIAN_POINT('',(2.94524321027,30.841538284413));
#6066 = CARTESIAN_POINT('',(3.141592765052,32.000000657628));
#6067 = ( GEOMETRIC_REPRESENTATION_CONTEXT(2) 
PARAMETRIC_REPRESENTATION_CONTEXT() REPRESENTATION_CONTEXT('2D SPACE',''
  ) );
#6068 = FACE_BOUND('',#6069,.F.);
#6069 = EDGE_LOOP('',(#6070,#6127,#6163));
#6070 = ORIENTED_EDGE('',*,*,#6071,.F.);
#6071 = EDGE_CURVE('',#6072,#6074,#6076,.T.);
#6072 = VERTEX_POINT('',#6073);
#6073 = CARTESIAN_POINT('',(-180.,26.,69.4));
#6074 = VERTEX_POINT('',#6075);
#6075 = CARTESIAN_POINT('',(-180.,26.,57.6));
#6076 = SURFACE_CURVE('',#6077,(#6082,#6102),.PCURVE_S1.);
#6077 = ELLIPSE('',#6078,8.343860018001,5.9);
#6078 = AXIS2_PLACEMENT_3D('',#6079,#6080,#6081);
#6079 = CARTESIAN_POINT('',(-180.,26.,63.5));
#6080 = DIRECTION('',(0.707106781187,-0.707106781187,0.));
#6081 = DIRECTION('',(0.707106781187,0.707106781187,0.));
#6082 = PCURVE('',#2854,#6083);
#6083 = DEFINITIONAL_REPRESENTATION('',(#6084),#6101);
#6084 = B_SPLINE_CURVE_WITH_KNOTS('',8,(#6085,#6086,#6087,#6088,#6089,
    #6090,#6091,#6092,#6093,#6094,#6095,#6096,#6097,#6098,#6099,#6100),
  .UNSPECIFIED.,.F.,.F.,(9,7,9),(1.570796215333,3.141592592975,
    4.712388970617),.UNSPECIFIED.);
#6085 = CARTESIAN_POINT('',(-1.114623504606E-07,25.000000657628));
#6086 = CARTESIAN_POINT('',(0.196349435743,23.841538329117));
#6087 = CARTESIAN_POINT('',(0.392698982948,22.683075696563));
#6088 = CARTESIAN_POINT('',(0.589048530153,21.592672223649));
#6089 = CARTESIAN_POINT('',(0.785398077356,20.638373734109));
#6090 = CARTESIAN_POINT('',(0.981747624563,19.879873783612));
#6091 = CARTESIAN_POINT('',(1.178097171769,19.359958735579));
#6092 = CARTESIAN_POINT('',(1.374446718975,19.10000007022));
#6093 = CARTESIAN_POINT('',(1.767145813385,19.09999992978));
#6094 = CARTESIAN_POINT('',(1.963495360591,19.35995845466));
#6095 = CARTESIAN_POINT('',(2.15984490779,19.879873370662));
#6096 = CARTESIAN_POINT('',(2.356194455005,20.638373205185));
#6097 = CARTESIAN_POINT('',(2.552544002202,21.592671603075));
#6098 = CARTESIAN_POINT('',(2.748893549412,22.683075012792));
#6099 = CARTESIAN_POINT('',(2.945243096617,23.841537613861));
#6100 = CARTESIAN_POINT('',(3.141592643822,24.999999942372));
#6101 = ( GEOMETRIC_REPRESENTATION_CONTEXT(2) 
PARAMETRIC_REPRESENTATION_CONTEXT() REPRESENTATION_CONTEXT('2D SPACE',''
  ) );
#6102 = PCURVE('',#6103,#6108);
#6103 = CYLINDRICAL_SURFACE('',#6104,5.9);
#6104 = AXIS2_PLACEMENT_3D('',#6105,#6106,#6107);
#6105 = CARTESIAN_POINT('',(-180.,-6.,63.5));
#6106 = DIRECTION('',(0.,1.,0.));
#6107 = DIRECTION('',(0.,-0.,1.));
#6108 = DEFINITIONAL_REPRESENTATION('',(#6109),#6126);
#6109 = B_SPLINE_CURVE_WITH_KNOTS('',8,(#6110,#6111,#6112,#6113,#6114,
    #6115,#6116,#6117,#6118,#6119,#6120,#6121,#6122,#6123,#6124,#6125),
  .UNSPECIFIED.,.F.,.F.,(9,7,9),(1.570796215333,3.141592592975,
    4.712388970617),.UNSPECIFIED.);
#6110 = CARTESIAN_POINT('',(6.283185418642,32.000000657628));
#6111 = CARTESIAN_POINT('',(6.086835871437,30.841538329117));
#6112 = CARTESIAN_POINT('',(5.890486324231,29.68307569656));
#6113 = CARTESIAN_POINT('',(5.69413677703,28.592672223622));
#6114 = CARTESIAN_POINT('',(5.497787229819,27.63837373414));
#6115 = CARTESIAN_POINT('',(5.301437682618,26.879873783592));
#6116 = CARTESIAN_POINT('',(5.10508813541,26.359958735573));
#6117 = CARTESIAN_POINT('',(4.908738588205,26.10000007022));
#6118 = CARTESIAN_POINT('',(4.516039493794,26.09999992978));
#6119 = CARTESIAN_POINT('',(4.319689946587,26.359958454723));
#6120 = CARTESIAN_POINT('',(4.123340399393,26.879873370438));
#6121 = CARTESIAN_POINT('',(3.92699085217,27.63837320547));
#6122 = CARTESIAN_POINT('',(3.730641304982,28.592671602825));
#6123 = CARTESIAN_POINT('',(3.534291757767,29.683075012844));
#6124 = CARTESIAN_POINT('',(3.337942210563,30.841537613861));
#6125 = CARTESIAN_POINT('',(3.141592663357,31.999999942372));
#6126 = ( GEOMETRIC_REPRESENTATION_CONTEXT(2) 
PARAMETRIC_REPRESENTATION_CONTEXT() REPRESENTATION_CONTEXT('2D SPACE',''
  ) );
#6127 = ORIENTED_EDGE('',*,*,#6128,.T.);
#6128 = EDGE_CURVE('',#6072,#6129,#6131,.T.);
#6129 = VERTEX_POINT('',#6130);
#6130 = CARTESIAN_POINT('',(-174.1,20.1,63.5));
#6131 = SURFACE_CURVE('',#6132,(#6137,#6150),.PCURVE_S1.);
#6132 = ELLIPSE('',#6133,8.343860018001,5.9);
#6133 = AXIS2_PLACEMENT_3D('',#6134,#6135,#6136);
#6134 = CARTESIAN_POINT('',(-180.,26.,63.5));
#6135 = DIRECTION('',(0.707106781187,0.707106781187,0.));
#6136 = DIRECTION('',(0.707106781187,-0.707106781187,0.));
#6137 = PCURVE('',#2854,#6138);
#6138 = DEFINITIONAL_REPRESENTATION('',(#6139),#6149);
#6139 = B_SPLINE_CURVE_WITH_KNOTS('',8,(#6140,#6141,#6142,#6143,#6144,
    #6145,#6146,#6147,#6148),.UNSPECIFIED.,.F.,.F.,(9,9),(4.712388868922
    ,6.28318530718),.PIECEWISE_BEZIER_KNOTS.);
#6140 = CARTESIAN_POINT('',(-1.114623504606E-07,24.999999342372));
#6141 = CARTESIAN_POINT('',(0.19634944332,26.158461715587));
#6142 = CARTESIAN_POINT('',(0.392698998101,27.316924392848));
#6143 = CARTESIAN_POINT('',(0.589048552885,28.407327902459));
#6144 = CARTESIAN_POINT('',(0.785398107662,29.361626413161));
#6145 = CARTESIAN_POINT('',(0.981747662448,30.120126362612));
#6146 = CARTESIAN_POINT('',(1.17809721723,30.640041384788));
#6147 = CARTESIAN_POINT('',(1.374446772013,30.9));
#6148 = CARTESIAN_POINT('',(1.570796326795,30.9));
#6149 = ( GEOMETRIC_REPRESENTATION_CONTEXT(2) 
PARAMETRIC_REPRESENTATION_CONTEXT() REPRESENTATION_CONTEXT('2D SPACE',''
  ) );
#6150 = PCURVE('',#6103,#6151);
#6151 = DEFINITIONAL_REPRESENTATION('',(#6152),#6162);
#6152 = B_SPLINE_CURVE_WITH_KNOTS('',8,(#6153,#6154,#6155,#6156,#6157,
    #6158,#6159,#6160,#6161),.UNSPECIFIED.,.F.,.F.,(9,9),(4.712388868922
    ,6.28318530718),.PIECEWISE_BEZIER_KNOTS.);
#6153 = CARTESIAN_POINT('',(-1.114623522369E-07,32.000000657628));
#6154 = CARTESIAN_POINT('',(0.19634944332,30.841538284413));
#6155 = CARTESIAN_POINT('',(0.392698998102,29.68307560713));
#6156 = CARTESIAN_POINT('',(0.589048552883,28.592672097416));
#6157 = CARTESIAN_POINT('',(0.785398107667,27.638373586732));
#6158 = CARTESIAN_POINT('',(0.981747662446,26.879873637282));
#6159 = CARTESIAN_POINT('',(1.17809721723,26.35995861518));
#6160 = CARTESIAN_POINT('',(1.374446772013,26.1));
#6161 = CARTESIAN_POINT('',(1.570796326795,26.1));
#6162 = ( GEOMETRIC_REPRESENTATION_CONTEXT(2) 
PARAMETRIC_REPRESENTATION_CONTEXT() REPRESENTATION_CONTEXT('2D SPACE',''
  ) );
#6163 = ORIENTED_EDGE('',*,*,#6164,.T.);
#6164 = EDGE_CURVE('',#6129,#6074,#6165,.T.);
#6165 = SURFACE_CURVE('',#6166,(#6171,#6184),.PCURVE_S1.);
#6166 = ELLIPSE('',#6167,8.343860018001,5.9);
#6167 = AXIS2_PLACEMENT_3D('',#6168,#6169,#6170);
#6168 = CARTESIAN_POINT('',(-180.,26.,63.5));
#6169 = DIRECTION('',(0.707106781187,0.707106781187,0.));
#6170 = DIRECTION('',(0.707106781187,-0.707106781187,0.));
#6171 = PCURVE('',#2854,#6172);
#6172 = DEFINITIONAL_REPRESENTATION('',(#6173),#6183);
#6173 = B_SPLINE_CURVE_WITH_KNOTS('',8,(#6174,#6175,#6176,#6177,#6178,
    #6179,#6180,#6181,#6182),.UNSPECIFIED.,.F.,.F.,(9,9),(0.,
    1.570796438257),.PIECEWISE_BEZIER_KNOTS.);
#6174 = CARTESIAN_POINT('',(1.570796326795,30.9));
#6175 = CARTESIAN_POINT('',(1.767145881577,30.9));
#6176 = CARTESIAN_POINT('',(1.963495436358,30.640041384751));
#6177 = CARTESIAN_POINT('',(2.15984499114,30.120126362815));
#6178 = CARTESIAN_POINT('',(2.35619454592,29.361626412976));
#6179 = CARTESIAN_POINT('',(2.552544100701,28.407327902654));
#6180 = CARTESIAN_POINT('',(2.748893655487,27.316924392795));
#6181 = CARTESIAN_POINT('',(2.94524321027,26.158461715587));
#6182 = CARTESIAN_POINT('',(3.141592765052,24.999999342372));
#6183 = ( GEOMETRIC_REPRESENTATION_CONTEXT(2) 
PARAMETRIC_REPRESENTATION_CONTEXT() REPRESENTATION_CONTEXT('2D SPACE',''
  ) );
#6184 = PCURVE('',#6103,#6185);
#6185 = DEFINITIONAL_REPRESENTATION('',(#6186),#6196);
#6186 = B_SPLINE_CURVE_WITH_KNOTS('',8,(#6187,#6188,#6189,#6190,#6191,
    #6192,#6193,#6194,#6195),.UNSPECIFIED.,.F.,.F.,(9,9),(0.,
    1.570796438257),.PIECEWISE_BEZIER_KNOTS.);
#6187 = CARTESIAN_POINT('',(1.570796326795,26.1));
#6188 = CARTESIAN_POINT('',(1.767145881577,26.1));
#6189 = CARTESIAN_POINT('',(1.963495436358,26.359958615168));
#6190 = CARTESIAN_POINT('',(2.159844991142,26.879873637337));
#6191 = CARTESIAN_POINT('',(2.356194545915,27.638373586699));
#6192 = CARTESIAN_POINT('',(2.552544100708,28.592672097511));
#6193 = CARTESIAN_POINT('',(2.748893655486,29.683075607137));
#6194 = CARTESIAN_POINT('',(2.94524321027,30.841538284413));
#6195 = CARTESIAN_POINT('',(3.141592765052,32.000000657628));
#6196 = ( GEOMETRIC_REPRESENTATION_CONTEXT(2) 
PARAMETRIC_REPRESENTATION_CONTEXT() REPRESENTATION_CONTEXT('2D SPACE',''
  ) );
#6197 = FACE_BOUND('',#6198,.F.);
#6198 = EDGE_LOOP('',(#6199,#6256,#6292));
#6199 = ORIENTED_EDGE('',*,*,#6200,.F.);
#6200 = EDGE_CURVE('',#6201,#6203,#6205,.T.);
#6201 = VERTEX_POINT('',#6202);
#6202 = CARTESIAN_POINT('',(-140.,26.,69.4));
#6203 = VERTEX_POINT('',#6204);
#6204 = CARTESIAN_POINT('',(-140.,26.,57.6));
#6205 = SURFACE_CURVE('',#6206,(#6211,#6231),.PCURVE_S1.);
#6206 = ELLIPSE('',#6207,8.343860018001,5.9);
#6207 = AXIS2_PLACEMENT_3D('',#6208,#6209,#6210);
#6208 = CARTESIAN_POINT('',(-140.,26.,63.5));
#6209 = DIRECTION('',(0.707106781187,-0.707106781187,0.));
#6210 = DIRECTION('',(0.707106781187,0.707106781187,0.));
#6211 = PCURVE('',#2854,#6212);
#6212 = DEFINITIONAL_REPRESENTATION('',(#6213),#6230);
#6213 = B_SPLINE_CURVE_WITH_KNOTS('',8,(#6214,#6215,#6216,#6217,#6218,
    #6219,#6220,#6221,#6222,#6223,#6224,#6225,#6226,#6227,#6228,#6229),
  .UNSPECIFIED.,.F.,.F.,(9,7,9),(1.570796215333,3.141592592975,
    4.712388970617),.UNSPECIFIED.);
#6214 = CARTESIAN_POINT('',(-1.114623504606E-07,65.000000657628));
#6215 = CARTESIAN_POINT('',(0.196349435743,63.841538329117));
#6216 = CARTESIAN_POINT('',(0.392698982948,62.683075696544));
#6217 = CARTESIAN_POINT('',(0.589048530153,61.592672223616));
#6218 = CARTESIAN_POINT('',(0.785398077356,60.6383737341));
#6219 = CARTESIAN_POINT('',(0.981747624563,59.879873783584));
#6220 = CARTESIAN_POINT('',(1.178097171769,59.359958735576));
#6221 = CARTESIAN_POINT('',(1.374446718975,59.10000007022));
#6222 = CARTESIAN_POINT('',(1.767145813385,59.09999992978));
#6223 = CARTESIAN_POINT('',(1.963495360591,59.359958454742));
#6224 = CARTESIAN_POINT('',(2.15984490779,59.879873370235));
#6225 = CARTESIAN_POINT('',(2.356194455005,60.638373205538));
#6226 = CARTESIAN_POINT('',(2.552544002202,61.592671602733));
#6227 = CARTESIAN_POINT('',(2.748893549412,62.683075012855));
#6228 = CARTESIAN_POINT('',(2.945243096617,63.841537613861));
#6229 = CARTESIAN_POINT('',(3.141592643822,64.999999942372));
#6230 = ( GEOMETRIC_REPRESENTATION_CONTEXT(2) 
PARAMETRIC_REPRESENTATION_CONTEXT() REPRESENTATION_CONTEXT('2D SPACE',''
  ) );
#6231 = PCURVE('',#6232,#6237);
#6232 = CYLINDRICAL_SURFACE('',#6233,5.9);
#6233 = AXIS2_PLACEMENT_3D('',#6234,#6235,#6236);
#6234 = CARTESIAN_POINT('',(-140.,-6.,63.5));
#6235 = DIRECTION('',(0.,1.,0.));
#6236 = DIRECTION('',(0.,-0.,1.));
#6237 = DEFINITIONAL_REPRESENTATION('',(#6238),#6255);
#6238 = B_SPLINE_CURVE_WITH_KNOTS('',8,(#6239,#6240,#6241,#6242,#6243,
    #6244,#6245,#6246,#6247,#6248,#6249,#6250,#6251,#6252,#6253,#6254),
  .UNSPECIFIED.,.F.,.F.,(9,7,9),(1.570796215333,3.141592592975,
    4.712388970617),.UNSPECIFIED.);
#6239 = CARTESIAN_POINT('',(6.283185418642,32.000000657628));
#6240 = CARTESIAN_POINT('',(6.086835871437,30.841538329117));
#6241 = CARTESIAN_POINT('',(5.890486324231,29.68307569656));
#6242 = CARTESIAN_POINT('',(5.69413677703,28.592672223622));
#6243 = CARTESIAN_POINT('',(5.497787229819,27.63837373414));
#6244 = CARTESIAN_POINT('',(5.301437682618,26.879873783592));
#6245 = CARTESIAN_POINT('',(5.10508813541,26.359958735573));
#6246 = CARTESIAN_POINT('',(4.908738588205,26.10000007022));
#6247 = CARTESIAN_POINT('',(4.516039493794,26.09999992978));
#6248 = CARTESIAN_POINT('',(4.319689946587,26.359958454723));
#6249 = CARTESIAN_POINT('',(4.123340399393,26.879873370438));
#6250 = CARTESIAN_POINT('',(3.92699085217,27.63837320547));
#6251 = CARTESIAN_POINT('',(3.730641304982,28.592671602825));
#6252 = CARTESIAN_POINT('',(3.534291757767,29.683075012844));
#6253 = CARTESIAN_POINT('',(3.337942210563,30.841537613861));
#6254 = CARTESIAN_POINT('',(3.141592663357,31.999999942372));
#6255 = ( GEOMETRIC_REPRESENTATION_CONTEXT(2) 
PARAMETRIC_REPRESENTATION_CONTEXT() REPRESENTATION_CONTEXT('2D SPACE',''
  ) );
#6256 = ORIENTED_EDGE('',*,*,#6257,.T.);
#6257 = EDGE_CURVE('',#6201,#6258,#6260,.T.);
#6258 = VERTEX_POINT('',#6259);
#6259 = CARTESIAN_POINT('',(-134.1,20.1,63.5));
#6260 = SURFACE_CURVE('',#6261,(#6266,#6279),.PCURVE_S1.);
#6261 = ELLIPSE('',#6262,8.343860018001,5.9);
#6262 = AXIS2_PLACEMENT_3D('',#6263,#6264,#6265);
#6263 = CARTESIAN_POINT('',(-140.,26.,63.5));
#6264 = DIRECTION('',(0.707106781187,0.707106781187,0.));
#6265 = DIRECTION('',(0.707106781187,-0.707106781187,0.));
#6266 = PCURVE('',#2854,#6267);
#6267 = DEFINITIONAL_REPRESENTATION('',(#6268),#6278);
#6268 = B_SPLINE_CURVE_WITH_KNOTS('',8,(#6269,#6270,#6271,#6272,#6273,
    #6274,#6275,#6276,#6277),.UNSPECIFIED.,.F.,.F.,(9,9),(4.712388868922
    ,6.28318530718),.PIECEWISE_BEZIER_KNOTS.);
#6269 = CARTESIAN_POINT('',(-1.114623504606E-07,64.999999342372));
#6270 = CARTESIAN_POINT('',(0.19634944332,66.158461715587));
#6271 = CARTESIAN_POINT('',(0.392698998101,67.316924392791));
#6272 = CARTESIAN_POINT('',(0.589048552885,68.407327902641));
#6273 = CARTESIAN_POINT('',(0.785398107662,69.361626412776));
#6274 = CARTESIAN_POINT('',(0.981747662448,70.120126362818));
#6275 = CARTESIAN_POINT('',(1.17809721723,70.640041384735));
#6276 = CARTESIAN_POINT('',(1.374446772013,70.9));
#6277 = CARTESIAN_POINT('',(1.570796326795,70.9));
#6278 = ( GEOMETRIC_REPRESENTATION_CONTEXT(2) 
PARAMETRIC_REPRESENTATION_CONTEXT() REPRESENTATION_CONTEXT('2D SPACE',''
  ) );
#6279 = PCURVE('',#6232,#6280);
#6280 = DEFINITIONAL_REPRESENTATION('',(#6281),#6291);
#6281 = B_SPLINE_CURVE_WITH_KNOTS('',8,(#6282,#6283,#6284,#6285,#6286,
    #6287,#6288,#6289,#6290),.UNSPECIFIED.,.F.,.F.,(9,9),(4.712388868922
    ,6.28318530718),.PIECEWISE_BEZIER_KNOTS.);
#6282 = CARTESIAN_POINT('',(-1.114623522369E-07,32.000000657628));
#6283 = CARTESIAN_POINT('',(0.19634944332,30.841538284413));
#6284 = CARTESIAN_POINT('',(0.392698998102,29.68307560713));
#6285 = CARTESIAN_POINT('',(0.589048552883,28.592672097416));
#6286 = CARTESIAN_POINT('',(0.785398107667,27.638373586732));
#6287 = CARTESIAN_POINT('',(0.981747662446,26.879873637282));
#6288 = CARTESIAN_POINT('',(1.17809721723,26.35995861518));
#6289 = CARTESIAN_POINT('',(1.374446772013,26.1));
#6290 = CARTESIAN_POINT('',(1.570796326795,26.1));
#6291 = ( GEOMETRIC_REPRESENTATION_CONTEXT(2) 
PARAMETRIC_REPRESENTATION_CONTEXT() REPRESENTATION_CONTEXT('2D SPACE',''
  ) );
#6292 = ORIENTED_EDGE('',*,*,#6293,.T.);
#6293 = EDGE_CURVE('',#6258,#6203,#6294,.T.);
#6294 = SURFACE_CURVE('',#6295,(#6300,#6313),.PCURVE_S1.);
#6295 = ELLIPSE('',#6296,8.343860018001,5.9);
#6296 = AXIS2_PLACEMENT_3D('',#6297,#6298,#6299);
#6297 = CARTESIAN_POINT('',(-140.,26.,63.5));
#6298 = DIRECTION('',(0.707106781187,0.707106781187,0.));
#6299 = DIRECTION('',(0.707106781187,-0.707106781187,0.));
#6300 = PCURVE('',#2854,#6301);
#6301 = DEFINITIONAL_REPRESENTATION('',(#6302),#6312);
#6302 = B_SPLINE_CURVE_WITH_KNOTS('',8,(#6303,#6304,#6305,#6306,#6307,
    #6308,#6309,#6310,#6311),.UNSPECIFIED.,.F.,.F.,(9,9),(0.,
    1.570796438257),.PIECEWISE_BEZIER_KNOTS.);
#6303 = CARTESIAN_POINT('',(1.570796326795,70.9));
#6304 = CARTESIAN_POINT('',(1.767145881577,70.9));
#6305 = CARTESIAN_POINT('',(1.963495436358,70.640041384826));
#6306 = CARTESIAN_POINT('',(2.15984499114,70.120126362283));
#6307 = CARTESIAN_POINT('',(2.35619454592,69.361626413476));
#6308 = CARTESIAN_POINT('',(2.552544100701,68.407327902154));
#6309 = CARTESIAN_POINT('',(2.748893655487,67.316924392894));
#6310 = CARTESIAN_POINT('',(2.94524321027,66.158461715587));
#6311 = CARTESIAN_POINT('',(3.141592765052,64.999999342372));
#6312 = ( GEOMETRIC_REPRESENTATION_CONTEXT(2) 
PARAMETRIC_REPRESENTATION_CONTEXT() REPRESENTATION_CONTEXT('2D SPACE',''
  ) );
#6313 = PCURVE('',#6232,#6314);
#6314 = DEFINITIONAL_REPRESENTATION('',(#6315),#6325);
#6315 = B_SPLINE_CURVE_WITH_KNOTS('',8,(#6316,#6317,#6318,#6319,#6320,
    #6321,#6322,#6323,#6324),.UNSPECIFIED.,.F.,.F.,(9,9),(0.,
    1.570796438257),.PIECEWISE_BEZIER_KNOTS.);
#6316 = CARTESIAN_POINT('',(1.570796326795,26.1));
#6317 = CARTESIAN_POINT('',(1.767145881577,26.1));
#6318 = CARTESIAN_POINT('',(1.963495436358,26.359958615168));
#6319 = CARTESIAN_POINT('',(2.159844991142,26.879873637337));
#6320 = CARTESIAN_POINT('',(2.356194545915,27.638373586699));
#6321 = CARTESIAN_POINT('',(2.552544100708,28.592672097511));
#6322 = CARTESIAN_POINT('',(2.748893655486,29.683075607137));
#6323 = CARTESIAN_POINT('',(2.94524321027,30.841538284413));
#6324 = CARTESIAN_POINT('',(3.141592765052,32.000000657628));
#6325 = ( GEOMETRIC_REPRESENTATION_CONTEXT(2) 
PARAMETRIC_REPRESENTATION_CONTEXT() REPRESENTATION_CONTEXT('2D SPACE',''
  ) );
#6326 = FACE_BOUND('',#6327,.F.);
#6327 = EDGE_LOOP('',(#6328,#6385,#6421));
#6328 = ORIENTED_EDGE('',*,*,#6329,.F.);
#6329 = EDGE_CURVE('',#6330,#6332,#6334,.T.);
#6330 = VERTEX_POINT('',#6331);
#6331 = CARTESIAN_POINT('',(-100.,26.,69.4));
#6332 = VERTEX_POINT('',#6333);
#6333 = CARTESIAN_POINT('',(-100.,26.,57.6));
#6334 = SURFACE_CURVE('',#6335,(#6340,#6360),.PCURVE_S1.);
#6335 = ELLIPSE('',#6336,8.343860018001,5.9);
#6336 = AXIS2_PLACEMENT_3D('',#6337,#6338,#6339);
#6337 = CARTESIAN_POINT('',(-100.,26.,63.5));
#6338 = DIRECTION('',(0.707106781187,-0.707106781187,0.));
#6339 = DIRECTION('',(0.707106781187,0.707106781187,0.));
#6340 = PCURVE('',#2854,#6341);
#6341 = DEFINITIONAL_REPRESENTATION('',(#6342),#6359);
#6342 = B_SPLINE_CURVE_WITH_KNOTS('',8,(#6343,#6344,#6345,#6346,#6347,
    #6348,#6349,#6350,#6351,#6352,#6353,#6354,#6355,#6356,#6357,#6358),
  .UNSPECIFIED.,.F.,.F.,(9,7,9),(1.570796215333,3.141592592975,
    4.712388970617),.UNSPECIFIED.);
#6343 = CARTESIAN_POINT('',(-1.114623504606E-07,105.00000065762));
#6344 = CARTESIAN_POINT('',(0.196349435743,103.84153832911));
#6345 = CARTESIAN_POINT('',(0.392698982948,102.68307569648));
#6346 = CARTESIAN_POINT('',(0.589048530153,101.59267222363));
#6347 = CARTESIAN_POINT('',(0.785398077356,100.63837373381));
#6348 = CARTESIAN_POINT('',(0.981747624563,99.879873783617));
#6349 = CARTESIAN_POINT('',(1.178097171769,99.359958735494));
#6350 = CARTESIAN_POINT('',(1.374446718975,99.10000007022));
#6351 = CARTESIAN_POINT('',(1.767145813385,99.09999992978));
#6352 = CARTESIAN_POINT('',(1.963495360591,99.359958454572));
#6353 = CARTESIAN_POINT('',(2.15984490779,99.879873370901));
#6354 = CARTESIAN_POINT('',(2.356194455005,100.63837320458));
#6355 = CARTESIAN_POINT('',(2.552544002202,101.59267160333));
#6356 = CARTESIAN_POINT('',(2.748893549412,102.68307501265));
#6357 = CARTESIAN_POINT('',(2.945243096617,103.84153761386));
#6358 = CARTESIAN_POINT('',(3.141592643822,104.99999994237));
#6359 = ( GEOMETRIC_REPRESENTATION_CONTEXT(2) 
PARAMETRIC_REPRESENTATION_CONTEXT() REPRESENTATION_CONTEXT('2D SPACE',''
  ) );
#6360 = PCURVE('',#6361,#6366);
#6361 = CYLINDRICAL_SURFACE('',#6362,5.9);
#6362 = AXIS2_PLACEMENT_3D('',#6363,#6364,#6365);
#6363 = CARTESIAN_POINT('',(-100.,-6.,63.5));
#6364 = DIRECTION('',(0.,1.,0.));
#6365 = DIRECTION('',(0.,-0.,1.));
#6366 = DEFINITIONAL_REPRESENTATION('',(#6367),#6384);
#6367 = B_SPLINE_CURVE_WITH_KNOTS('',8,(#6368,#6369,#6370,#6371,#6372,
    #6373,#6374,#6375,#6376,#6377,#6378,#6379,#6380,#6381,#6382,#6383),
  .UNSPECIFIED.,.F.,.F.,(9,7,9),(1.570796215333,3.141592592975,
    4.712388970617),.UNSPECIFIED.);
#6368 = CARTESIAN_POINT('',(6.283185418642,32.000000657628));
#6369 = CARTESIAN_POINT('',(6.086835871437,30.841538329117));
#6370 = CARTESIAN_POINT('',(5.890486324232,29.68307569656));
#6371 = CARTESIAN_POINT('',(5.694136777026,28.592672223622));
#6372 = CARTESIAN_POINT('',(5.497787229823,27.63837373414));
#6373 = CARTESIAN_POINT('',(5.301437682614,26.879873783592));
#6374 = CARTESIAN_POINT('',(5.105088135411,26.359958735573));
#6375 = CARTESIAN_POINT('',(4.908738588205,26.10000007022));
#6376 = CARTESIAN_POINT('',(4.516039493794,26.09999992978));
#6377 = CARTESIAN_POINT('',(4.319689946588,26.359958454723));
#6378 = CARTESIAN_POINT('',(4.123340399391,26.879873370438));
#6379 = CARTESIAN_POINT('',(3.926990852172,27.63837320547));
#6380 = CARTESIAN_POINT('',(3.730641304979,28.592671602825));
#6381 = CARTESIAN_POINT('',(3.534291757767,29.683075012844));
#6382 = CARTESIAN_POINT('',(3.337942210563,30.841537613861));
#6383 = CARTESIAN_POINT('',(3.141592663357,31.999999942372));
#6384 = ( GEOMETRIC_REPRESENTATION_CONTEXT(2) 
PARAMETRIC_REPRESENTATION_CONTEXT() REPRESENTATION_CONTEXT('2D SPACE',''
  ) );
#6385 = ORIENTED_EDGE('',*,*,#6386,.T.);
#6386 = EDGE_CURVE('',#6330,#6387,#6389,.T.);
#6387 = VERTEX_POINT('',#6388);
#6388 = CARTESIAN_POINT('',(-94.1,20.1,63.5));
#6389 = SURFACE_CURVE('',#6390,(#6395,#6408),.PCURVE_S1.);
#6390 = ELLIPSE('',#6391,8.343860018001,5.9);
#6391 = AXIS2_PLACEMENT_3D('',#6392,#6393,#6394);
#6392 = CARTESIAN_POINT('',(-100.,26.,63.5));
#6393 = DIRECTION('',(0.707106781187,0.707106781187,0.));
#6394 = DIRECTION('',(0.707106781187,-0.707106781187,0.));
#6395 = PCURVE('',#2854,#6396);
#6396 = DEFINITIONAL_REPRESENTATION('',(#6397),#6407);
#6397 = B_SPLINE_CURVE_WITH_KNOTS('',8,(#6398,#6399,#6400,#6401,#6402,
    #6403,#6404,#6405,#6406),.UNSPECIFIED.,.F.,.F.,(9,9),(4.712388868922
    ,6.28318530718),.PIECEWISE_BEZIER_KNOTS.);
#6398 = CARTESIAN_POINT('',(-1.114623504606E-07,104.99999934237));
#6399 = CARTESIAN_POINT('',(0.19634944332,106.15846171558));
#6400 = CARTESIAN_POINT('',(0.392698998101,107.31692439286));
#6401 = CARTESIAN_POINT('',(0.589048552885,108.40732790214));
#6402 = CARTESIAN_POINT('',(0.785398107662,109.36162641328));
#6403 = CARTESIAN_POINT('',(0.981747662448,110.12012636234));
#6404 = CARTESIAN_POINT('',(1.17809721723,110.6400413848));
#6405 = CARTESIAN_POINT('',(1.374446772013,110.9));
#6406 = CARTESIAN_POINT('',(1.570796326795,110.9));
#6407 = ( GEOMETRIC_REPRESENTATION_CONTEXT(2) 
PARAMETRIC_REPRESENTATION_CONTEXT() REPRESENTATION_CONTEXT('2D SPACE',''
  ) );
#6408 = PCURVE('',#6361,#6409);
#6409 = DEFINITIONAL_REPRESENTATION('',(#6410),#6420);
#6410 = B_SPLINE_CURVE_WITH_KNOTS('',8,(#6411,#6412,#6413,#6414,#6415,
    #6416,#6417,#6418,#6419),.UNSPECIFIED.,.F.,.F.,(9,9),(4.712388868922
    ,6.28318530718),.PIECEWISE_BEZIER_KNOTS.);
#6411 = CARTESIAN_POINT('',(-1.114623495724E-07,32.000000657628));
#6412 = CARTESIAN_POINT('',(0.19634944332,30.841538284413));
#6413 = CARTESIAN_POINT('',(0.392698998102,29.68307560713));
#6414 = CARTESIAN_POINT('',(0.589048552884,28.592672097416));
#6415 = CARTESIAN_POINT('',(0.785398107665,27.638373586732));
#6416 = CARTESIAN_POINT('',(0.981747662448,26.879873637282));
#6417 = CARTESIAN_POINT('',(1.17809721723,26.35995861518));
#6418 = CARTESIAN_POINT('',(1.374446772013,26.1));
#6419 = CARTESIAN_POINT('',(1.570796326795,26.1));
#6420 = ( GEOMETRIC_REPRESENTATION_CONTEXT(2) 
PARAMETRIC_REPRESENTATION_CONTEXT() REPRESENTATION_CONTEXT('2D SPACE',''
  ) );
#6421 = ORIENTED_EDGE('',*,*,#6422,.T.);
#6422 = EDGE_CURVE('',#6387,#6332,#6423,.T.);
#6423 = SURFACE_CURVE('',#6424,(#6429,#6442),.PCURVE_S1.);
#6424 = ELLIPSE('',#6425,8.343860018001,5.9);
#6425 = AXIS2_PLACEMENT_3D('',#6426,#6427,#6428);
#6426 = CARTESIAN_POINT('',(-100.,26.,63.5));
#6427 = DIRECTION('',(0.707106781187,0.707106781187,0.));
#6428 = DIRECTION('',(0.707106781187,-0.707106781187,0.));
#6429 = PCURVE('',#2854,#6430);
#6430 = DEFINITIONAL_REPRESENTATION('',(#6431),#6441);
#6431 = B_SPLINE_CURVE_WITH_KNOTS('',8,(#6432,#6433,#6434,#6435,#6436,
    #6437,#6438,#6439,#6440),.UNSPECIFIED.,.F.,.F.,(9,9),(0.,
    1.570796438257),.PIECEWISE_BEZIER_KNOTS.);
#6432 = CARTESIAN_POINT('',(1.570796326795,110.9));
#6433 = CARTESIAN_POINT('',(1.767145881577,110.9));
#6434 = CARTESIAN_POINT('',(1.963495436358,110.64004138469));
#6435 = CARTESIAN_POINT('',(2.15984499114,110.12012636283));
#6436 = CARTESIAN_POINT('',(2.35619454592,109.36162641291));
#6437 = CARTESIAN_POINT('',(2.552544100701,108.40732790271));
#6438 = CARTESIAN_POINT('',(2.748893655487,107.31692439273));
#6439 = CARTESIAN_POINT('',(2.94524321027,106.15846171558));
#6440 = CARTESIAN_POINT('',(3.141592765052,104.99999934237));
#6441 = ( GEOMETRIC_REPRESENTATION_CONTEXT(2) 
PARAMETRIC_REPRESENTATION_CONTEXT() REPRESENTATION_CONTEXT('2D SPACE',''
  ) );
#6442 = PCURVE('',#6361,#6443);
#6443 = DEFINITIONAL_REPRESENTATION('',(#6444),#6454);
#6444 = B_SPLINE_CURVE_WITH_KNOTS('',8,(#6445,#6446,#6447,#6448,#6449,
    #6450,#6451,#6452,#6453),.UNSPECIFIED.,.F.,.F.,(9,9),(0.,
    1.570796438257),.PIECEWISE_BEZIER_KNOTS.);
#6445 = CARTESIAN_POINT('',(1.570796326795,26.1));
#6446 = CARTESIAN_POINT('',(1.767145881577,26.1));
#6447 = CARTESIAN_POINT('',(1.96349543636,26.359958615168));
#6448 = CARTESIAN_POINT('',(2.159844991134,26.879873637337));
#6449 = CARTESIAN_POINT('',(2.356194545922,27.638373586699));
#6450 = CARTESIAN_POINT('',(2.552544100699,28.592672097511));
#6451 = CARTESIAN_POINT('',(2.748893655488,29.683075607137));
#6452 = CARTESIAN_POINT('',(2.94524321027,30.841538284413));
#6453 = CARTESIAN_POINT('',(3.141592765052,32.000000657628));
#6454 = ( GEOMETRIC_REPRESENTATION_CONTEXT(2) 
PARAMETRIC_REPRESENTATION_CONTEXT() REPRESENTATION_CONTEXT('2D SPACE',''
  ) );
#6455 = FACE_BOUND('',#6456,.F.);
#6456 = EDGE_LOOP('',(#6457,#6514,#6550));
#6457 = ORIENTED_EDGE('',*,*,#6458,.F.);
#6458 = EDGE_CURVE('',#6459,#6461,#6463,.T.);
#6459 = VERTEX_POINT('',#6460);
#6460 = CARTESIAN_POINT('',(-60.,26.,69.4));
#6461 = VERTEX_POINT('',#6462);
#6462 = CARTESIAN_POINT('',(-60.,26.,57.6));
#6463 = SURFACE_CURVE('',#6464,(#6469,#6489),.PCURVE_S1.);
#6464 = ELLIPSE('',#6465,8.343860018001,5.9);
#6465 = AXIS2_PLACEMENT_3D('',#6466,#6467,#6468);
#6466 = CARTESIAN_POINT('',(-60.,26.,63.5));
#6467 = DIRECTION('',(0.707106781187,-0.707106781187,0.));
#6468 = DIRECTION('',(0.707106781187,0.707106781187,0.));
#6469 = PCURVE('',#2854,#6470);
#6470 = DEFINITIONAL_REPRESENTATION('',(#6471),#6488);
#6471 = B_SPLINE_CURVE_WITH_KNOTS('',8,(#6472,#6473,#6474,#6475,#6476,
    #6477,#6478,#6479,#6480,#6481,#6482,#6483,#6484,#6485,#6486,#6487),
  .UNSPECIFIED.,.F.,.F.,(9,7,9),(1.570796215333,3.141592592975,
    4.712388970617),.UNSPECIFIED.);
#6472 = CARTESIAN_POINT('',(-1.114623504606E-07,145.00000065762));
#6473 = CARTESIAN_POINT('',(0.196349435743,143.84153832911));
#6474 = CARTESIAN_POINT('',(0.392698982948,142.68307569655));
#6475 = CARTESIAN_POINT('',(0.589048530153,141.59267222344));
#6476 = CARTESIAN_POINT('',(0.785398077356,140.6383737339));
#6477 = CARTESIAN_POINT('',(0.981747624563,139.8798737833));
#6478 = CARTESIAN_POINT('',(1.178097171769,139.35995873554));
#6479 = CARTESIAN_POINT('',(1.374446718975,139.10000007022));
#6480 = CARTESIAN_POINT('',(1.767145813385,139.09999992978));
#6481 = CARTESIAN_POINT('',(1.963495360591,139.3599584547));
#6482 = CARTESIAN_POINT('',(2.15984490779,139.87987337028));
#6483 = CARTESIAN_POINT('',(2.356194455005,140.63837320559));
#6484 = CARTESIAN_POINT('',(2.552544002202,141.59267160272));
#6485 = CARTESIAN_POINT('',(2.748893549412,142.68307501288));
#6486 = CARTESIAN_POINT('',(2.945243096617,143.84153761386));
#6487 = CARTESIAN_POINT('',(3.141592643822,144.99999994237));
#6488 = ( GEOMETRIC_REPRESENTATION_CONTEXT(2) 
PARAMETRIC_REPRESENTATION_CONTEXT() REPRESENTATION_CONTEXT('2D SPACE',''
  ) );
#6489 = PCURVE('',#6490,#6495);
#6490 = CYLINDRICAL_SURFACE('',#6491,5.9);
#6491 = AXIS2_PLACEMENT_3D('',#6492,#6493,#6494);
#6492 = CARTESIAN_POINT('',(-60.,-6.,63.5));
#6493 = DIRECTION('',(0.,1.,0.));
#6494 = DIRECTION('',(0.,-0.,1.));
#6495 = DEFINITIONAL_REPRESENTATION('',(#6496),#6513);
#6496 = B_SPLINE_CURVE_WITH_KNOTS('',8,(#6497,#6498,#6499,#6500,#6501,
    #6502,#6503,#6504,#6505,#6506,#6507,#6508,#6509,#6510,#6511,#6512),
  .UNSPECIFIED.,.F.,.F.,(9,7,9),(1.570796215333,3.141592592975,
    4.712388970617),.UNSPECIFIED.);
#6497 = CARTESIAN_POINT('',(6.283185418642,32.000000657628));
#6498 = CARTESIAN_POINT('',(6.086835871437,30.841538329117));
#6499 = CARTESIAN_POINT('',(5.890486324232,29.68307569656));
#6500 = CARTESIAN_POINT('',(5.694136777025,28.592672223622));
#6501 = CARTESIAN_POINT('',(5.497787229823,27.63837373414));
#6502 = CARTESIAN_POINT('',(5.301437682615,26.879873783592));
#6503 = CARTESIAN_POINT('',(5.105088135411,26.359958735573));
#6504 = CARTESIAN_POINT('',(4.908738588205,26.10000007022));
#6505 = CARTESIAN_POINT('',(4.516039493794,26.09999992978));
#6506 = CARTESIAN_POINT('',(4.319689946588,26.359958454723));
#6507 = CARTESIAN_POINT('',(4.123340399391,26.879873370438));
#6508 = CARTESIAN_POINT('',(3.926990852172,27.63837320547));
#6509 = CARTESIAN_POINT('',(3.730641304979,28.592671602825));
#6510 = CARTESIAN_POINT('',(3.534291757767,29.683075012844));
#6511 = CARTESIAN_POINT('',(3.337942210563,30.841537613861));
#6512 = CARTESIAN_POINT('',(3.141592663357,31.999999942372));
#6513 = ( GEOMETRIC_REPRESENTATION_CONTEXT(2) 
PARAMETRIC_REPRESENTATION_CONTEXT() REPRESENTATION_CONTEXT('2D SPACE',''
  ) );
#6514 = ORIENTED_EDGE('',*,*,#6515,.T.);
#6515 = EDGE_CURVE('',#6459,#6516,#6518,.T.);
#6516 = VERTEX_POINT('',#6517);
#6517 = CARTESIAN_POINT('',(-54.1,20.1,63.5));
#6518 = SURFACE_CURVE('',#6519,(#6524,#6537),.PCURVE_S1.);
#6519 = ELLIPSE('',#6520,8.343860018001,5.9);
#6520 = AXIS2_PLACEMENT_3D('',#6521,#6522,#6523);
#6521 = CARTESIAN_POINT('',(-60.,26.,63.5));
#6522 = DIRECTION('',(0.707106781187,0.707106781187,0.));
#6523 = DIRECTION('',(0.707106781187,-0.707106781187,0.));
#6524 = PCURVE('',#2854,#6525);
#6525 = DEFINITIONAL_REPRESENTATION('',(#6526),#6536);
#6526 = B_SPLINE_CURVE_WITH_KNOTS('',8,(#6527,#6528,#6529,#6530,#6531,
    #6532,#6533,#6534,#6535),.UNSPECIFIED.,.F.,.F.,(9,9),(4.712388868922
    ,6.28318530718),.PIECEWISE_BEZIER_KNOTS.);
#6527 = CARTESIAN_POINT('',(-1.114623504606E-07,144.99999934237));
#6528 = CARTESIAN_POINT('',(0.19634944332,146.15846171558));
#6529 = CARTESIAN_POINT('',(0.392698998101,147.31692439291));
#6530 = CARTESIAN_POINT('',(0.589048552885,148.40732790196));
#6531 = CARTESIAN_POINT('',(0.785398107662,149.36162641314));
#6532 = CARTESIAN_POINT('',(0.981747662448,150.12012636221));
#6533 = CARTESIAN_POINT('',(1.17809721723,150.64004138483));
#6534 = CARTESIAN_POINT('',(1.374446772013,150.9));
#6535 = CARTESIAN_POINT('',(1.570796326795,150.9));
#6536 = ( GEOMETRIC_REPRESENTATION_CONTEXT(2) 
PARAMETRIC_REPRESENTATION_CONTEXT() REPRESENTATION_CONTEXT('2D SPACE',''
  ) );
#6537 = PCURVE('',#6490,#6538);
#6538 = DEFINITIONAL_REPRESENTATION('',(#6539),#6549);
#6539 = B_SPLINE_CURVE_WITH_KNOTS('',8,(#6540,#6541,#6542,#6543,#6544,
    #6545,#6546,#6547,#6548),.UNSPECIFIED.,.F.,.F.,(9,9),(4.712388868922
    ,6.28318530718),.PIECEWISE_BEZIER_KNOTS.);
#6540 = CARTESIAN_POINT('',(-1.114623513487E-07,32.000000657628));
#6541 = CARTESIAN_POINT('',(0.19634944332,30.841538284413));
#6542 = CARTESIAN_POINT('',(0.392698998102,29.68307560713));
#6543 = CARTESIAN_POINT('',(0.589048552884,28.592672097416));
#6544 = CARTESIAN_POINT('',(0.785398107665,27.638373586732));
#6545 = CARTESIAN_POINT('',(0.981747662448,26.879873637282));
#6546 = CARTESIAN_POINT('',(1.17809721723,26.35995861518));
#6547 = CARTESIAN_POINT('',(1.374446772013,26.1));
#6548 = CARTESIAN_POINT('',(1.570796326795,26.1));
#6549 = ( GEOMETRIC_REPRESENTATION_CONTEXT(2) 
PARAMETRIC_REPRESENTATION_CONTEXT() REPRESENTATION_CONTEXT('2D SPACE',''
  ) );
#6550 = ORIENTED_EDGE('',*,*,#6551,.T.);
#6551 = EDGE_CURVE('',#6516,#6461,#6552,.T.);
#6552 = SURFACE_CURVE('',#6553,(#6558,#6571),.PCURVE_S1.);
#6553 = ELLIPSE('',#6554,8.343860018001,5.9);
#6554 = AXIS2_PLACEMENT_3D('',#6555,#6556,#6557);
#6555 = CARTESIAN_POINT('',(-60.,26.,63.5));
#6556 = DIRECTION('',(0.707106781187,0.707106781187,0.));
#6557 = DIRECTION('',(0.707106781187,-0.707106781187,0.));
#6558 = PCURVE('',#2854,#6559);
#6559 = DEFINITIONAL_REPRESENTATION('',(#6560),#6570);
#6560 = B_SPLINE_CURVE_WITH_KNOTS('',8,(#6561,#6562,#6563,#6564,#6565,
    #6566,#6567,#6568,#6569),.UNSPECIFIED.,.F.,.F.,(9,9),(0.,
    1.570796438257),.PIECEWISE_BEZIER_KNOTS.);
#6561 = CARTESIAN_POINT('',(1.570796326795,150.9));
#6562 = CARTESIAN_POINT('',(1.767145881577,150.9));
#6563 = CARTESIAN_POINT('',(1.963495436358,150.64004138475));
#6564 = CARTESIAN_POINT('',(2.15984499114,150.12012636263));
#6565 = CARTESIAN_POINT('',(2.35619454592,149.36162641269));
#6566 = CARTESIAN_POINT('',(2.552544100701,148.40732790254));
#6567 = CARTESIAN_POINT('',(2.748893655487,147.31692439275));
#6568 = CARTESIAN_POINT('',(2.94524321027,146.15846171558));
#6569 = CARTESIAN_POINT('',(3.141592765052,144.99999934237));
#6570 = ( GEOMETRIC_REPRESENTATION_CONTEXT(2) 
PARAMETRIC_REPRESENTATION_CONTEXT() REPRESENTATION_CONTEXT('2D SPACE',''
  ) );
#6571 = PCURVE('',#6490,#6572);
#6572 = DEFINITIONAL_REPRESENTATION('',(#6573),#6583);
#6573 = B_SPLINE_CURVE_WITH_KNOTS('',8,(#6574,#6575,#6576,#6577,#6578,
    #6579,#6580,#6581,#6582),.UNSPECIFIED.,.F.,.F.,(9,9),(0.,
    1.570796438257),.PIECEWISE_BEZIER_KNOTS.);
#6574 = CARTESIAN_POINT('',(1.570796326795,26.1));
#6575 = CARTESIAN_POINT('',(1.767145881577,26.1));
#6576 = CARTESIAN_POINT('',(1.963495436356,26.359958615168));
#6577 = CARTESIAN_POINT('',(2.159844991148,26.879873637337));
#6578 = CARTESIAN_POINT('',(2.356194545903,27.638373586699));
#6579 = CARTESIAN_POINT('',(2.55254410071,28.592672097511));
#6580 = CARTESIAN_POINT('',(2.748893655485,29.683075607137));
#6581 = CARTESIAN_POINT('',(2.94524321027,30.841538284413));
#6582 = CARTESIAN_POINT('',(3.141592765052,32.000000657628));
#6583 = ( GEOMETRIC_REPRESENTATION_CONTEXT(2) 
PARAMETRIC_REPRESENTATION_CONTEXT() REPRESENTATION_CONTEXT('2D SPACE',''
  ) );
#6584 = FACE_BOUND('',#6585,.F.);
#6585 = EDGE_LOOP('',(#6586,#6643,#6679));
#6586 = ORIENTED_EDGE('',*,*,#6587,.F.);
#6587 = EDGE_CURVE('',#6588,#6590,#6592,.T.);
#6588 = VERTEX_POINT('',#6589);
#6589 = CARTESIAN_POINT('',(20.,26.,69.4));
#6590 = VERTEX_POINT('',#6591);
#6591 = CARTESIAN_POINT('',(20.,26.,57.6));
#6592 = SURFACE_CURVE('',#6593,(#6598,#6618),.PCURVE_S1.);
#6593 = ELLIPSE('',#6594,8.343860018001,5.9);
#6594 = AXIS2_PLACEMENT_3D('',#6595,#6596,#6597);
#6595 = CARTESIAN_POINT('',(20.,26.,63.5));
#6596 = DIRECTION('',(0.707106781187,-0.707106781187,0.));
#6597 = DIRECTION('',(0.707106781187,0.707106781187,0.));
#6598 = PCURVE('',#2854,#6599);
#6599 = DEFINITIONAL_REPRESENTATION('',(#6600),#6617);
#6600 = B_SPLINE_CURVE_WITH_KNOTS('',8,(#6601,#6602,#6603,#6604,#6605,
    #6606,#6607,#6608,#6609,#6610,#6611,#6612,#6613,#6614,#6615,#6616),
  .UNSPECIFIED.,.F.,.F.,(9,7,9),(1.570796215333,3.141592592975,
    4.712388970617),.UNSPECIFIED.);
#6601 = CARTESIAN_POINT('',(-1.114623504606E-07,225.00000065762));
#6602 = CARTESIAN_POINT('',(0.196349435743,223.84153832911));
#6603 = CARTESIAN_POINT('',(0.392698982948,222.68307569644));
#6604 = CARTESIAN_POINT('',(0.589048530153,221.59267222309));
#6605 = CARTESIAN_POINT('',(0.785398077356,220.63837373398));
#6606 = CARTESIAN_POINT('',(0.981747624563,219.87987378305));
#6607 = CARTESIAN_POINT('',(1.178097171769,219.35995873554));
#6608 = CARTESIAN_POINT('',(1.374446718975,219.10000007022));
#6609 = CARTESIAN_POINT('',(1.767145813385,219.09999992978));
#6610 = CARTESIAN_POINT('',(1.963495360591,219.35995845476));
#6611 = CARTESIAN_POINT('',(2.15984490779,219.87987336949));
#6612 = CARTESIAN_POINT('',(2.356194455005,220.63837320593));
#6613 = CARTESIAN_POINT('',(2.552544002202,221.59267160173));
#6614 = CARTESIAN_POINT('',(2.748893549412,222.68307501296));
#6615 = CARTESIAN_POINT('',(2.945243096617,223.84153761386));
#6616 = CARTESIAN_POINT('',(3.141592643822,224.99999994237));
#6617 = ( GEOMETRIC_REPRESENTATION_CONTEXT(2) 
PARAMETRIC_REPRESENTATION_CONTEXT() REPRESENTATION_CONTEXT('2D SPACE',''
  ) );
#6618 = PCURVE('',#6619,#6624);
#6619 = CYLINDRICAL_SURFACE('',#6620,5.9);
#6620 = AXIS2_PLACEMENT_3D('',#6621,#6622,#6623);
#6621 = CARTESIAN_POINT('',(20.,-6.,63.5));
#6622 = DIRECTION('',(0.,1.,0.));
#6623 = DIRECTION('',(0.,-0.,1.));
#6624 = DEFINITIONAL_REPRESENTATION('',(#6625),#6642);
#6625 = B_SPLINE_CURVE_WITH_KNOTS('',8,(#6626,#6627,#6628,#6629,#6630,
    #6631,#6632,#6633,#6634,#6635,#6636,#6637,#6638,#6639,#6640,#6641),
  .UNSPECIFIED.,.F.,.F.,(9,7,9),(1.570796215333,3.141592592975,
    4.712388970617),.UNSPECIFIED.);
#6626 = CARTESIAN_POINT('',(6.283185418642,32.000000657628));
#6627 = CARTESIAN_POINT('',(6.086835871437,30.841538329117));
#6628 = CARTESIAN_POINT('',(5.890486324232,29.68307569656));
#6629 = CARTESIAN_POINT('',(5.694136777026,28.592672223622));
#6630 = CARTESIAN_POINT('',(5.497787229825,27.63837373414));
#6631 = CARTESIAN_POINT('',(5.301437682614,26.879873783592));
#6632 = CARTESIAN_POINT('',(5.105088135411,26.359958735573));
#6633 = CARTESIAN_POINT('',(4.908738588205,26.10000007022));
#6634 = CARTESIAN_POINT('',(4.516039493794,26.09999992978));
#6635 = CARTESIAN_POINT('',(4.319689946587,26.359958454723));
#6636 = CARTESIAN_POINT('',(4.123340399395,26.879873370438));
#6637 = CARTESIAN_POINT('',(3.926990852167,27.63837320547));
#6638 = CARTESIAN_POINT('',(3.730641304983,28.592671602825));
#6639 = CARTESIAN_POINT('',(3.534291757766,29.683075012844));
#6640 = CARTESIAN_POINT('',(3.337942210563,30.841537613861));
#6641 = CARTESIAN_POINT('',(3.141592663357,31.999999942372));
#6642 = ( GEOMETRIC_REPRESENTATION_CONTEXT(2) 
PARAMETRIC_REPRESENTATION_CONTEXT() REPRESENTATION_CONTEXT('2D SPACE',''
  ) );
#6643 = ORIENTED_EDGE('',*,*,#6644,.T.);
#6644 = EDGE_CURVE('',#6588,#6645,#6647,.T.);
#6645 = VERTEX_POINT('',#6646);
#6646 = CARTESIAN_POINT('',(25.9,20.1,63.5));
#6647 = SURFACE_CURVE('',#6648,(#6653,#6666),.PCURVE_S1.);
#6648 = ELLIPSE('',#6649,8.343860018001,5.9);
#6649 = AXIS2_PLACEMENT_3D('',#6650,#6651,#6652);
#6650 = CARTESIAN_POINT('',(20.,26.,63.5));
#6651 = DIRECTION('',(0.707106781187,0.707106781187,0.));
#6652 = DIRECTION('',(0.707106781187,-0.707106781187,0.));
#6653 = PCURVE('',#2854,#6654);
#6654 = DEFINITIONAL_REPRESENTATION('',(#6655),#6665);
#6655 = B_SPLINE_CURVE_WITH_KNOTS('',8,(#6656,#6657,#6658,#6659,#6660,
    #6661,#6662,#6663,#6664),.UNSPECIFIED.,.F.,.F.,(9,9),(4.712388868922
    ,6.28318530718),.PIECEWISE_BEZIER_KNOTS.);
#6656 = CARTESIAN_POINT('',(-1.114623504606E-07,224.99999934237));
#6657 = CARTESIAN_POINT('',(0.19634944332,226.15846171558));
#6658 = CARTESIAN_POINT('',(0.392698998101,227.31692439258));
#6659 = CARTESIAN_POINT('',(0.589048552885,228.40732790286));
#6660 = CARTESIAN_POINT('',(0.785398107662,229.36162641215));
#6661 = CARTESIAN_POINT('',(0.981747662448,230.12012636287));
#6662 = CARTESIAN_POINT('',(1.17809721723,230.64004138459));
#6663 = CARTESIAN_POINT('',(1.374446772013,230.9));
#6664 = CARTESIAN_POINT('',(1.570796326795,230.9));
#6665 = ( GEOMETRIC_REPRESENTATION_CONTEXT(2) 
PARAMETRIC_REPRESENTATION_CONTEXT() REPRESENTATION_CONTEXT('2D SPACE',''
  ) );
#6666 = PCURVE('',#6619,#6667);
#6667 = DEFINITIONAL_REPRESENTATION('',(#6668),#6678);
#6668 = B_SPLINE_CURVE_WITH_KNOTS('',8,(#6669,#6670,#6671,#6672,#6673,
    #6674,#6675,#6676,#6677),.UNSPECIFIED.,.F.,.F.,(9,9),(4.712388868922
    ,6.28318530718),.PIECEWISE_BEZIER_KNOTS.);
#6669 = CARTESIAN_POINT('',(-1.114623504606E-07,32.000000657628));
#6670 = CARTESIAN_POINT('',(0.19634944332,30.841538284413));
#6671 = CARTESIAN_POINT('',(0.392698998101,29.68307560713));
#6672 = CARTESIAN_POINT('',(0.589048552885,28.592672097416));
#6673 = CARTESIAN_POINT('',(0.785398107662,27.638373586732));
#6674 = CARTESIAN_POINT('',(0.981747662448,26.879873637282));
#6675 = CARTESIAN_POINT('',(1.17809721723,26.35995861518));
#6676 = CARTESIAN_POINT('',(1.374446772013,26.1));
#6677 = CARTESIAN_POINT('',(1.570796326795,26.1));
#6678 = ( GEOMETRIC_REPRESENTATION_CONTEXT(2) 
PARAMETRIC_REPRESENTATION_CONTEXT() REPRESENTATION_CONTEXT('2D SPACE',''
  ) );
#6679 = ORIENTED_EDGE('',*,*,#6680,.T.);
#6680 = EDGE_CURVE('',#6645,#6590,#6681,.T.);
#6681 = SURFACE_CURVE('',#6682,(#6687,#6700),.PCURVE_S1.);
#6682 = ELLIPSE('',#6683,8.343860018001,5.9);
#6683 = AXIS2_PLACEMENT_3D('',#6684,#6685,#6686);
#6684 = CARTESIAN_POINT('',(20.,26.,63.5));
#6685 = DIRECTION('',(0.707106781187,0.707106781187,0.));
#6686 = DIRECTION('',(0.707106781187,-0.707106781187,0.));
#6687 = PCURVE('',#2854,#6688);
#6688 = DEFINITIONAL_REPRESENTATION('',(#6689),#6699);
#6689 = B_SPLINE_CURVE_WITH_KNOTS('',8,(#6690,#6691,#6692,#6693,#6694,
    #6695,#6696,#6697,#6698),.UNSPECIFIED.,.F.,.F.,(9,9),(0.,
    1.570796438257),.PIECEWISE_BEZIER_KNOTS.);
#6690 = CARTESIAN_POINT('',(1.570796326795,230.9));
#6691 = CARTESIAN_POINT('',(1.767145881577,230.9));
#6692 = CARTESIAN_POINT('',(1.963495436358,230.64004138462));
#6693 = CARTESIAN_POINT('',(2.159844991139,230.12012636219));
#6694 = CARTESIAN_POINT('',(2.356194545919,229.36162641298));
#6695 = CARTESIAN_POINT('',(2.552544100704,228.40732790222));
#6696 = CARTESIAN_POINT('',(2.748893655487,227.31692439278));
#6697 = CARTESIAN_POINT('',(2.94524321027,226.15846171558));
#6698 = CARTESIAN_POINT('',(3.141592765052,224.99999934237));
#6699 = ( GEOMETRIC_REPRESENTATION_CONTEXT(2) 
PARAMETRIC_REPRESENTATION_CONTEXT() REPRESENTATION_CONTEXT('2D SPACE',''
  ) );
#6700 = PCURVE('',#6619,#6701);
#6701 = DEFINITIONAL_REPRESENTATION('',(#6702),#6712);
#6702 = B_SPLINE_CURVE_WITH_KNOTS('',8,(#6703,#6704,#6705,#6706,#6707,
    #6708,#6709,#6710,#6711),.UNSPECIFIED.,.F.,.F.,(9,9),(0.,
    1.570796438257),.PIECEWISE_BEZIER_KNOTS.);
#6703 = CARTESIAN_POINT('',(1.570796326795,26.1));
#6704 = CARTESIAN_POINT('',(1.767145881577,26.1));
#6705 = CARTESIAN_POINT('',(1.963495436358,26.359958615176));
#6706 = CARTESIAN_POINT('',(2.159844991139,26.879873637305));
#6707 = CARTESIAN_POINT('',(2.356194545919,27.638373586769));
#6708 = CARTESIAN_POINT('',(2.552544100704,28.59267209748));
#6709 = CARTESIAN_POINT('',(2.748893655487,29.683075607145));
#6710 = CARTESIAN_POINT('',(2.94524321027,30.841538284413));
#6711 = CARTESIAN_POINT('',(3.141592765052,32.000000657628));
#6712 = ( GEOMETRIC_REPRESENTATION_CONTEXT(2) 
PARAMETRIC_REPRESENTATION_CONTEXT() REPRESENTATION_CONTEXT('2D SPACE',''
  ) );
#6713 = FACE_BOUND('',#6714,.F.);
#6714 = EDGE_LOOP('',(#6715,#6772,#6808));
#6715 = ORIENTED_EDGE('',*,*,#6716,.F.);
#6716 = EDGE_CURVE('',#6717,#6719,#6721,.T.);
#6717 = VERTEX_POINT('',#6718);
#6718 = CARTESIAN_POINT('',(60.,26.,69.4));
#6719 = VERTEX_POINT('',#6720);
#6720 = CARTESIAN_POINT('',(60.,26.,57.6));
#6721 = SURFACE_CURVE('',#6722,(#6727,#6747),.PCURVE_S1.);
#6722 = ELLIPSE('',#6723,8.343860018001,5.9);
#6723 = AXIS2_PLACEMENT_3D('',#6724,#6725,#6726);
#6724 = CARTESIAN_POINT('',(60.,26.,63.5));
#6725 = DIRECTION('',(0.707106781187,-0.707106781187,0.));
#6726 = DIRECTION('',(0.707106781187,0.707106781187,0.));
#6727 = PCURVE('',#2854,#6728);
#6728 = DEFINITIONAL_REPRESENTATION('',(#6729),#6746);
#6729 = B_SPLINE_CURVE_WITH_KNOTS('',8,(#6730,#6731,#6732,#6733,#6734,
    #6735,#6736,#6737,#6738,#6739,#6740,#6741,#6742,#6743,#6744,#6745),
  .UNSPECIFIED.,.F.,.F.,(9,7,9),(1.570796215333,3.141592592975,
    4.712388970617),.UNSPECIFIED.);
#6730 = CARTESIAN_POINT('',(-1.114623504606E-07,265.00000065762));
#6731 = CARTESIAN_POINT('',(0.196349435743,263.84153832911));
#6732 = CARTESIAN_POINT('',(0.392698982948,262.68307569636));
#6733 = CARTESIAN_POINT('',(0.589048530153,261.59267222342));
#6734 = CARTESIAN_POINT('',(0.785398077356,260.63837373302));
#6735 = CARTESIAN_POINT('',(0.981747624563,259.87987378315));
#6736 = CARTESIAN_POINT('',(1.178097171769,259.35995873545));
#6737 = CARTESIAN_POINT('',(1.374446718975,259.10000007022));
#6738 = CARTESIAN_POINT('',(1.767145813385,259.09999992978));
#6739 = CARTESIAN_POINT('',(1.963495360591,259.35995845444));
#6740 = CARTESIAN_POINT('',(2.15984490779,259.8798733711));
#6741 = CARTESIAN_POINT('',(2.356194455005,260.63837320427));
#6742 = CARTESIAN_POINT('',(2.552544002202,261.59267160369));
#6743 = CARTESIAN_POINT('',(2.748893549412,262.68307501252));
#6744 = CARTESIAN_POINT('',(2.945243096617,263.84153761386));
#6745 = CARTESIAN_POINT('',(3.141592643822,264.99999994237));
#6746 = ( GEOMETRIC_REPRESENTATION_CONTEXT(2) 
PARAMETRIC_REPRESENTATION_CONTEXT() REPRESENTATION_CONTEXT('2D SPACE',''
  ) );
#6747 = PCURVE('',#6748,#6753);
#6748 = CYLINDRICAL_SURFACE('',#6749,5.9);
#6749 = AXIS2_PLACEMENT_3D('',#6750,#6751,#6752);
#6750 = CARTESIAN_POINT('',(60.,-6.,63.5));
#6751 = DIRECTION('',(0.,1.,0.));
#6752 = DIRECTION('',(0.,-0.,1.));
#6753 = DEFINITIONAL_REPRESENTATION('',(#6754),#6771);
#6754 = B_SPLINE_CURVE_WITH_KNOTS('',8,(#6755,#6756,#6757,#6758,#6759,
    #6760,#6761,#6762,#6763,#6764,#6765,#6766,#6767,#6768,#6769,#6770),
  .UNSPECIFIED.,.F.,.F.,(9,7,9),(1.570796215333,3.141592592975,
    4.712388970617),.UNSPECIFIED.);
#6755 = CARTESIAN_POINT('',(6.283185418642,32.000000657628));
#6756 = CARTESIAN_POINT('',(6.086835871437,30.841538329117));
#6757 = CARTESIAN_POINT('',(5.890486324232,29.68307569656));
#6758 = CARTESIAN_POINT('',(5.694136777025,28.592672223622));
#6759 = CARTESIAN_POINT('',(5.497787229827,27.63837373414));
#6760 = CARTESIAN_POINT('',(5.301437682612,26.879873783592));
#6761 = CARTESIAN_POINT('',(5.105088135411,26.359958735573));
#6762 = CARTESIAN_POINT('',(4.908738588205,26.10000007022));
#6763 = CARTESIAN_POINT('',(4.516039493794,26.09999992978));
#6764 = CARTESIAN_POINT('',(4.319689946588,26.359958454723));
#6765 = CARTESIAN_POINT('',(4.123340399391,26.879873370438));
#6766 = CARTESIAN_POINT('',(3.926990852172,27.63837320547));
#6767 = CARTESIAN_POINT('',(3.730641304979,28.592671602825));
#6768 = CARTESIAN_POINT('',(3.534291757767,29.683075012844));
#6769 = CARTESIAN_POINT('',(3.337942210563,30.841537613861));
#6770 = CARTESIAN_POINT('',(3.141592663357,31.999999942372));
#6771 = ( GEOMETRIC_REPRESENTATION_CONTEXT(2) 
PARAMETRIC_REPRESENTATION_CONTEXT() REPRESENTATION_CONTEXT('2D SPACE',''
  ) );
#6772 = ORIENTED_EDGE('',*,*,#6773,.T.);
#6773 = EDGE_CURVE('',#6717,#6774,#6776,.T.);
#6774 = VERTEX_POINT('',#6775);
#6775 = CARTESIAN_POINT('',(65.9,20.1,63.5));
#6776 = SURFACE_CURVE('',#6777,(#6782,#6795),.PCURVE_S1.);
#6777 = ELLIPSE('',#6778,8.343860018001,5.9);
#6778 = AXIS2_PLACEMENT_3D('',#6779,#6780,#6781);
#6779 = CARTESIAN_POINT('',(60.,26.,63.5));
#6780 = DIRECTION('',(0.707106781187,0.707106781187,0.));
#6781 = DIRECTION('',(0.707106781187,-0.707106781187,0.));
#6782 = PCURVE('',#2854,#6783);
#6783 = DEFINITIONAL_REPRESENTATION('',(#6784),#6794);
#6784 = B_SPLINE_CURVE_WITH_KNOTS('',8,(#6785,#6786,#6787,#6788,#6789,
    #6790,#6791,#6792,#6793),.UNSPECIFIED.,.F.,.F.,(9,9),(4.712388868922
    ,6.28318530718),.PIECEWISE_BEZIER_KNOTS.);
#6785 = CARTESIAN_POINT('',(-1.114623504606E-07,264.99999934237));
#6786 = CARTESIAN_POINT('',(0.19634944332,266.15846171558));
#6787 = CARTESIAN_POINT('',(0.392698998101,267.31692439254));
#6788 = CARTESIAN_POINT('',(0.589048552885,268.40732790287));
#6789 = CARTESIAN_POINT('',(0.785398107662,269.36162641133));
#6790 = CARTESIAN_POINT('',(0.981747662448,270.12012636275));
#6791 = CARTESIAN_POINT('',(1.17809721723,270.64004138444));
#6792 = CARTESIAN_POINT('',(1.374446772013,270.9));
#6793 = CARTESIAN_POINT('',(1.570796326795,270.9));
#6794 = ( GEOMETRIC_REPRESENTATION_CONTEXT(2) 
PARAMETRIC_REPRESENTATION_CONTEXT() REPRESENTATION_CONTEXT('2D SPACE',''
  ) );
#6795 = PCURVE('',#6748,#6796);
#6796 = DEFINITIONAL_REPRESENTATION('',(#6797),#6807);
#6797 = B_SPLINE_CURVE_WITH_KNOTS('',8,(#6798,#6799,#6800,#6801,#6802,
    #6803,#6804,#6805,#6806),.UNSPECIFIED.,.F.,.F.,(9,9),(4.712388868922
    ,6.28318530718),.PIECEWISE_BEZIER_KNOTS.);
#6798 = CARTESIAN_POINT('',(-1.114623513487E-07,32.000000657628));
#6799 = CARTESIAN_POINT('',(0.19634944332,30.841538284413));
#6800 = CARTESIAN_POINT('',(0.392698998102,29.68307560713));
#6801 = CARTESIAN_POINT('',(0.589048552883,28.592672097416));
#6802 = CARTESIAN_POINT('',(0.785398107666,27.638373586732));
#6803 = CARTESIAN_POINT('',(0.981747662447,26.879873637282));
#6804 = CARTESIAN_POINT('',(1.17809721723,26.35995861518));
#6805 = CARTESIAN_POINT('',(1.374446772013,26.1));
#6806 = CARTESIAN_POINT('',(1.570796326795,26.1));
#6807 = ( GEOMETRIC_REPRESENTATION_CONTEXT(2) 
PARAMETRIC_REPRESENTATION_CONTEXT() REPRESENTATION_CONTEXT('2D SPACE',''
  ) );
#6808 = ORIENTED_EDGE('',*,*,#6809,.T.);
#6809 = EDGE_CURVE('',#6774,#6719,#6810,.T.);
#6810 = SURFACE_CURVE('',#6811,(#6816,#6829),.PCURVE_S1.);
#6811 = ELLIPSE('',#6812,8.343860018001,5.9);
#6812 = AXIS2_PLACEMENT_3D('',#6813,#6814,#6815);
#6813 = CARTESIAN_POINT('',(60.,26.,63.5));
#6814 = DIRECTION('',(0.707106781187,0.707106781187,0.));
#6815 = DIRECTION('',(0.707106781187,-0.707106781187,0.));
#6816 = PCURVE('',#2854,#6817);
#6817 = DEFINITIONAL_REPRESENTATION('',(#6818),#6828);
#6818 = B_SPLINE_CURVE_WITH_KNOTS('',8,(#6819,#6820,#6821,#6822,#6823,
    #6824,#6825,#6826,#6827),.UNSPECIFIED.,.F.,.F.,(9,9),(0.,
    1.570796438257),.PIECEWISE_BEZIER_KNOTS.);
#6819 = CARTESIAN_POINT('',(1.570796326795,270.9));
#6820 = CARTESIAN_POINT('',(1.767145881577,270.9));
#6821 = CARTESIAN_POINT('',(1.963495436358,270.64004138464));
#6822 = CARTESIAN_POINT('',(2.15984499114,270.12012636255));
#6823 = CARTESIAN_POINT('',(2.35619454592,269.36162641216));
#6824 = CARTESIAN_POINT('',(2.552544100701,268.40732790233));
#6825 = CARTESIAN_POINT('',(2.748893655487,267.31692439269));
#6826 = CARTESIAN_POINT('',(2.94524321027,266.15846171558));
#6827 = CARTESIAN_POINT('',(3.141592765052,264.99999934237));
#6828 = ( GEOMETRIC_REPRESENTATION_CONTEXT(2) 
PARAMETRIC_REPRESENTATION_CONTEXT() REPRESENTATION_CONTEXT('2D SPACE',''
  ) );
#6829 = PCURVE('',#6748,#6830);
#6830 = DEFINITIONAL_REPRESENTATION('',(#6831),#6841);
#6831 = B_SPLINE_CURVE_WITH_KNOTS('',8,(#6832,#6833,#6834,#6835,#6836,
    #6837,#6838,#6839,#6840),.UNSPECIFIED.,.F.,.F.,(9,9),(0.,
    1.570796438257),.PIECEWISE_BEZIER_KNOTS.);
#6832 = CARTESIAN_POINT('',(1.570796326795,26.1));
#6833 = CARTESIAN_POINT('',(1.767145881577,26.1));
#6834 = CARTESIAN_POINT('',(1.963495436357,26.359958615168));
#6835 = CARTESIAN_POINT('',(2.159844991144,26.879873637337));
#6836 = CARTESIAN_POINT('',(2.35619454591,27.638373586699));
#6837 = CARTESIAN_POINT('',(2.552544100706,28.592672097511));
#6838 = CARTESIAN_POINT('',(2.748893655486,29.683075607137));
#6839 = CARTESIAN_POINT('',(2.94524321027,30.841538284413));
#6840 = CARTESIAN_POINT('',(3.141592765052,32.000000657628));
#6841 = ( GEOMETRIC_REPRESENTATION_CONTEXT(2) 
PARAMETRIC_REPRESENTATION_CONTEXT() REPRESENTATION_CONTEXT('2D SPACE',''
  ) );
#6842 = FACE_BOUND('',#6843,.F.);
#6843 = EDGE_LOOP('',(#6844,#6901,#6937));
#6844 = ORIENTED_EDGE('',*,*,#6845,.F.);
#6845 = EDGE_CURVE('',#6846,#6848,#6850,.T.);
#6846 = VERTEX_POINT('',#6847);
#6847 = CARTESIAN_POINT('',(100.,26.,69.4));
#6848 = VERTEX_POINT('',#6849);
#6849 = CARTESIAN_POINT('',(100.,26.,57.6));
#6850 = SURFACE_CURVE('',#6851,(#6856,#6876),.PCURVE_S1.);
#6851 = ELLIPSE('',#6852,8.343860018001,5.9);
#6852 = AXIS2_PLACEMENT_3D('',#6853,#6854,#6855);
#6853 = CARTESIAN_POINT('',(100.,26.,63.5));
#6854 = DIRECTION('',(0.707106781187,-0.707106781187,0.));
#6855 = DIRECTION('',(0.707106781187,0.707106781187,0.));
#6856 = PCURVE('',#2854,#6857);
#6857 = DEFINITIONAL_REPRESENTATION('',(#6858),#6875);
#6858 = B_SPLINE_CURVE_WITH_KNOTS('',8,(#6859,#6860,#6861,#6862,#6863,
    #6864,#6865,#6866,#6867,#6868,#6869,#6870,#6871,#6872,#6873,#6874),
  .UNSPECIFIED.,.F.,.F.,(9,7,9),(1.570796215333,3.141592592975,
    4.712388970617),.UNSPECIFIED.);
#6859 = CARTESIAN_POINT('',(-1.114623504606E-07,305.00000065762));
#6860 = CARTESIAN_POINT('',(0.196349435743,303.84153832911));
#6861 = CARTESIAN_POINT('',(0.392698982948,302.68307569661));
#6862 = CARTESIAN_POINT('',(0.589048530153,301.59267222273));
#6863 = CARTESIAN_POINT('',(0.785398077356,300.63837373522));
#6864 = CARTESIAN_POINT('',(0.981747624563,299.87987378268));
#6865 = CARTESIAN_POINT('',(1.178097171769,299.35995873559));
#6866 = CARTESIAN_POINT('',(1.374446718975,299.10000007022));
#6867 = CARTESIAN_POINT('',(1.767145813385,299.09999992978));
#6868 = CARTESIAN_POINT('',(1.963495360591,299.35995845447));
#6869 = CARTESIAN_POINT('',(2.15984490779,299.87987337097));
#6870 = CARTESIAN_POINT('',(2.356194455005,300.6383732047));
#6871 = CARTESIAN_POINT('',(2.552544002202,301.59267160332));
#6872 = CARTESIAN_POINT('',(2.748893549412,302.68307501252));
#6873 = CARTESIAN_POINT('',(2.945243096617,303.84153761386));
#6874 = CARTESIAN_POINT('',(3.141592643822,304.99999994237));
#6875 = ( GEOMETRIC_REPRESENTATION_CONTEXT(2) 
PARAMETRIC_REPRESENTATION_CONTEXT() REPRESENTATION_CONTEXT('2D SPACE',''
  ) );
#6876 = PCURVE('',#6877,#6882);
#6877 = CYLINDRICAL_SURFACE('',#6878,5.9);
#6878 = AXIS2_PLACEMENT_3D('',#6879,#6880,#6881);
#6879 = CARTESIAN_POINT('',(100.,-6.,63.5));
#6880 = DIRECTION('',(0.,1.,0.));
#6881 = DIRECTION('',(0.,-0.,1.));
#6882 = DEFINITIONAL_REPRESENTATION('',(#6883),#6900);
#6883 = B_SPLINE_CURVE_WITH_KNOTS('',8,(#6884,#6885,#6886,#6887,#6888,
    #6889,#6890,#6891,#6892,#6893,#6894,#6895,#6896,#6897,#6898,#6899),
  .UNSPECIFIED.,.F.,.F.,(9,7,9),(1.570796215333,3.141592592975,
    4.712388970617),.UNSPECIFIED.);
#6884 = CARTESIAN_POINT('',(6.283185418642,32.000000657628));
#6885 = CARTESIAN_POINT('',(6.086835871437,30.841538329117));
#6886 = CARTESIAN_POINT('',(5.890486324232,29.68307569656));
#6887 = CARTESIAN_POINT('',(5.694136777026,28.592672223622));
#6888 = CARTESIAN_POINT('',(5.497787229823,27.63837373414));
#6889 = CARTESIAN_POINT('',(5.301437682614,26.879873783592));
#6890 = CARTESIAN_POINT('',(5.105088135411,26.359958735573));
#6891 = CARTESIAN_POINT('',(4.908738588205,26.10000007022));
#6892 = CARTESIAN_POINT('',(4.516039493794,26.09999992978));
#6893 = CARTESIAN_POINT('',(4.319689946588,26.359958454723));
#6894 = CARTESIAN_POINT('',(4.123340399391,26.879873370438));
#6895 = CARTESIAN_POINT('',(3.926990852172,27.63837320547));
#6896 = CARTESIAN_POINT('',(3.730641304979,28.592671602825));
#6897 = CARTESIAN_POINT('',(3.534291757767,29.683075012844));
#6898 = CARTESIAN_POINT('',(3.337942210563,30.841537613861));
#6899 = CARTESIAN_POINT('',(3.141592663357,31.999999942372));
#6900 = ( GEOMETRIC_REPRESENTATION_CONTEXT(2) 
PARAMETRIC_REPRESENTATION_CONTEXT() REPRESENTATION_CONTEXT('2D SPACE',''
  ) );
#6901 = ORIENTED_EDGE('',*,*,#6902,.T.);
#6902 = EDGE_CURVE('',#6846,#6903,#6905,.T.);
#6903 = VERTEX_POINT('',#6904);
#6904 = CARTESIAN_POINT('',(105.9,20.1,63.5));
#6905 = SURFACE_CURVE('',#6906,(#6911,#6924),.PCURVE_S1.);
#6906 = ELLIPSE('',#6907,8.343860018001,5.9);
#6907 = AXIS2_PLACEMENT_3D('',#6908,#6909,#6910);
#6908 = CARTESIAN_POINT('',(100.,26.,63.5));
#6909 = DIRECTION('',(0.707106781187,0.707106781187,0.));
#6910 = DIRECTION('',(0.707106781187,-0.707106781187,0.));
#6911 = PCURVE('',#2854,#6912);
#6912 = DEFINITIONAL_REPRESENTATION('',(#6913),#6923);
#6913 = B_SPLINE_CURVE_WITH_KNOTS('',8,(#6914,#6915,#6916,#6917,#6918,
    #6919,#6920,#6921,#6922),.UNSPECIFIED.,.F.,.F.,(9,9),(4.712388868922
    ,6.28318530718),.PIECEWISE_BEZIER_KNOTS.);
#6914 = CARTESIAN_POINT('',(-1.114623504606E-07,304.99999934237));
#6915 = CARTESIAN_POINT('',(0.19634944332,306.15846171558));
#6916 = CARTESIAN_POINT('',(0.392698998101,307.31692439264));
#6917 = CARTESIAN_POINT('',(0.589048552885,308.40732790278));
#6918 = CARTESIAN_POINT('',(0.785398107662,309.36162641089));
#6919 = CARTESIAN_POINT('',(0.981747662448,310.120126363));
#6920 = CARTESIAN_POINT('',(1.17809721723,310.64004138455));
#6921 = CARTESIAN_POINT('',(1.374446772013,310.9));
#6922 = CARTESIAN_POINT('',(1.570796326795,310.9));
#6923 = ( GEOMETRIC_REPRESENTATION_CONTEXT(2) 
PARAMETRIC_REPRESENTATION_CONTEXT() REPRESENTATION_CONTEXT('2D SPACE',''
  ) );
#6924 = PCURVE('',#6877,#6925);
#6925 = DEFINITIONAL_REPRESENTATION('',(#6926),#6936);
#6926 = B_SPLINE_CURVE_WITH_KNOTS('',8,(#6927,#6928,#6929,#6930,#6931,
    #6932,#6933,#6934,#6935),.UNSPECIFIED.,.F.,.F.,(9,9),(4.712388868922
    ,6.28318530718),.PIECEWISE_BEZIER_KNOTS.);
#6927 = CARTESIAN_POINT('',(-1.114623495724E-07,32.000000657628));
#6928 = CARTESIAN_POINT('',(0.19634944332,30.841538284413));
#6929 = CARTESIAN_POINT('',(0.392698998102,29.68307560713));
#6930 = CARTESIAN_POINT('',(0.589048552884,28.592672097416));
#6931 = CARTESIAN_POINT('',(0.785398107665,27.638373586732));
#6932 = CARTESIAN_POINT('',(0.981747662448,26.879873637282));
#6933 = CARTESIAN_POINT('',(1.17809721723,26.35995861518));
#6934 = CARTESIAN_POINT('',(1.374446772013,26.1));
#6935 = CARTESIAN_POINT('',(1.570796326795,26.1));
#6936 = ( GEOMETRIC_REPRESENTATION_CONTEXT(2) 
PARAMETRIC_REPRESENTATION_CONTEXT() REPRESENTATION_CONTEXT('2D SPACE',''
  ) );
#6937 = ORIENTED_EDGE('',*,*,#6938,.T.);
#6938 = EDGE_CURVE('',#6903,#6848,#6939,.T.);
#6939 = SURFACE_CURVE('',#6940,(#6945,#6958),.PCURVE_S1.);
#6940 = ELLIPSE('',#6941,8.343860018001,5.9);
#6941 = AXIS2_PLACEMENT_3D('',#6942,#6943,#6944);
#6942 = CARTESIAN_POINT('',(100.,26.,63.5));
#6943 = DIRECTION('',(0.707106781187,0.707106781187,0.));
#6944 = DIRECTION('',(0.707106781187,-0.707106781187,0.));
#6945 = PCURVE('',#2854,#6946);
#6946 = DEFINITIONAL_REPRESENTATION('',(#6947),#6957);
#6947 = B_SPLINE_CURVE_WITH_KNOTS('',8,(#6948,#6949,#6950,#6951,#6952,
    #6953,#6954,#6955,#6956),.UNSPECIFIED.,.F.,.F.,(9,9),(0.,
    1.570796438257),.PIECEWISE_BEZIER_KNOTS.);
#6948 = CARTESIAN_POINT('',(1.570796326795,310.9));
#6949 = CARTESIAN_POINT('',(1.767145881577,310.9));
#6950 = CARTESIAN_POINT('',(1.963495436358,310.64004138453));
#6951 = CARTESIAN_POINT('',(2.15984499114,310.12012636288));
#6952 = CARTESIAN_POINT('',(2.35619454592,309.36162641283));
#6953 = CARTESIAN_POINT('',(2.552544100701,308.40732790278));
#6954 = CARTESIAN_POINT('',(2.748893655487,307.31692439257));
#6955 = CARTESIAN_POINT('',(2.94524321027,306.15846171558));
#6956 = CARTESIAN_POINT('',(3.141592765052,304.99999934237));
#6957 = ( GEOMETRIC_REPRESENTATION_CONTEXT(2) 
PARAMETRIC_REPRESENTATION_CONTEXT() REPRESENTATION_CONTEXT('2D SPACE',''
  ) );
#6958 = PCURVE('',#6877,#6959);
#6959 = DEFINITIONAL_REPRESENTATION('',(#6960),#6970);
#6960 = B_SPLINE_CURVE_WITH_KNOTS('',8,(#6961,#6962,#6963,#6964,#6965,
    #6966,#6967,#6968,#6969),.UNSPECIFIED.,.F.,.F.,(9,9),(0.,
    1.570796438257),.PIECEWISE_BEZIER_KNOTS.);
#6961 = CARTESIAN_POINT('',(1.570796326795,26.1));
#6962 = CARTESIAN_POINT('',(1.767145881577,26.1));
#6963 = CARTESIAN_POINT('',(1.96349543636,26.359958615168));
#6964 = CARTESIAN_POINT('',(2.159844991134,26.879873637337));
#6965 = CARTESIAN_POINT('',(2.356194545922,27.638373586699));
#6966 = CARTESIAN_POINT('',(2.552544100699,28.592672097511));
#6967 = CARTESIAN_POINT('',(2.748893655488,29.683075607137));
#6968 = CARTESIAN_POINT('',(2.94524321027,30.841538284413));
#6969 = CARTESIAN_POINT('',(3.141592765052,32.000000657628));
#6970 = ( GEOMETRIC_REPRESENTATION_CONTEXT(2) 
PARAMETRIC_REPRESENTATION_CONTEXT() REPRESENTATION_CONTEXT('2D SPACE',''
  ) );
#6971 = FACE_BOUND('',#6972,.F.);
#6972 = EDGE_LOOP('',(#6973,#7030,#7066));
#6973 = ORIENTED_EDGE('',*,*,#6974,.F.);
#6974 = EDGE_CURVE('',#6975,#6977,#6979,.T.);
#6975 = VERTEX_POINT('',#6976);
#6976 = CARTESIAN_POINT('',(140.,26.,69.4));
#6977 = VERTEX_POINT('',#6978);
#6978 = CARTESIAN_POINT('',(140.,26.,57.6));
#6979 = SURFACE_CURVE('',#6980,(#6985,#7005),.PCURVE_S1.);
#6980 = ELLIPSE('',#6981,8.343860018001,5.9);
#6981 = AXIS2_PLACEMENT_3D('',#6982,#6983,#6984);
#6982 = CARTESIAN_POINT('',(140.,26.,63.5));
#6983 = DIRECTION('',(0.707106781187,-0.707106781187,0.));
#6984 = DIRECTION('',(0.707106781187,0.707106781187,0.));
#6985 = PCURVE('',#2854,#6986);
#6986 = DEFINITIONAL_REPRESENTATION('',(#6987),#7004);
#6987 = B_SPLINE_CURVE_WITH_KNOTS('',8,(#6988,#6989,#6990,#6991,#6992,
    #6993,#6994,#6995,#6996,#6997,#6998,#6999,#7000,#7001,#7002,#7003),
  .UNSPECIFIED.,.F.,.F.,(9,7,9),(1.570796215333,3.141592592975,
    4.712388970617),.UNSPECIFIED.);
#6988 = CARTESIAN_POINT('',(-1.114623504606E-07,345.00000065762));
#6989 = CARTESIAN_POINT('',(0.196349435743,343.84153832911));
#6990 = CARTESIAN_POINT('',(0.392698982948,342.68307569642));
#6991 = CARTESIAN_POINT('',(0.589048530153,341.59267222335));
#6992 = CARTESIAN_POINT('',(0.785398077356,340.63837373315));
#6993 = CARTESIAN_POINT('',(0.981747624563,339.87987378351));
#6994 = CARTESIAN_POINT('',(1.178097171769,339.35995873547));
#6995 = CARTESIAN_POINT('',(1.374446718975,339.10000007022));
#6996 = CARTESIAN_POINT('',(1.767145813385,339.09999992978));
#6997 = CARTESIAN_POINT('',(1.963495360591,339.35995845457));
#6998 = CARTESIAN_POINT('',(2.15984490779,339.87987337042));
#6999 = CARTESIAN_POINT('',(2.356194455005,340.63837320472));
#7000 = CARTESIAN_POINT('',(2.552544002202,341.59267160252));
#7001 = CARTESIAN_POINT('',(2.748893549412,342.68307501269));
#7002 = CARTESIAN_POINT('',(2.945243096617,343.84153761386));
#7003 = CARTESIAN_POINT('',(3.141592643822,344.99999994237));
#7004 = ( GEOMETRIC_REPRESENTATION_CONTEXT(2) 
PARAMETRIC_REPRESENTATION_CONTEXT() REPRESENTATION_CONTEXT('2D SPACE',''
  ) );
#7005 = PCURVE('',#7006,#7011);
#7006 = CYLINDRICAL_SURFACE('',#7007,5.9);
#7007 = AXIS2_PLACEMENT_3D('',#7008,#7009,#7010);
#7008 = CARTESIAN_POINT('',(140.,-6.,63.5));
#7009 = DIRECTION('',(0.,1.,0.));
#7010 = DIRECTION('',(0.,-0.,1.));
#7011 = DEFINITIONAL_REPRESENTATION('',(#7012),#7029);
#7012 = B_SPLINE_CURVE_WITH_KNOTS('',8,(#7013,#7014,#7015,#7016,#7017,
    #7018,#7019,#7020,#7021,#7022,#7023,#7024,#7025,#7026,#7027,#7028),
  .UNSPECIFIED.,.F.,.F.,(9,7,9),(1.570796215333,3.141592592975,
    4.712388970617),.UNSPECIFIED.);
#7013 = CARTESIAN_POINT('',(6.283185418642,32.000000657628));
#7014 = CARTESIAN_POINT('',(6.086835871437,30.841538329117));
#7015 = CARTESIAN_POINT('',(5.890486324231,29.68307569656));
#7016 = CARTESIAN_POINT('',(5.69413677703,28.592672223622));
#7017 = CARTESIAN_POINT('',(5.497787229819,27.63837373414));
#7018 = CARTESIAN_POINT('',(5.301437682618,26.879873783592));
#7019 = CARTESIAN_POINT('',(5.10508813541,26.359958735573));
#7020 = CARTESIAN_POINT('',(4.908738588205,26.10000007022));
#7021 = CARTESIAN_POINT('',(4.516039493794,26.09999992978));
#7022 = CARTESIAN_POINT('',(4.319689946587,26.359958454723));
#7023 = CARTESIAN_POINT('',(4.123340399393,26.879873370438));
#7024 = CARTESIAN_POINT('',(3.92699085217,27.63837320547));
#7025 = CARTESIAN_POINT('',(3.730641304982,28.592671602825));
#7026 = CARTESIAN_POINT('',(3.534291757767,29.683075012844));
#7027 = CARTESIAN_POINT('',(3.337942210563,30.841537613861));
#7028 = CARTESIAN_POINT('',(3.141592663357,31.999999942372));
#7029 = ( GEOMETRIC_REPRESENTATION_CONTEXT(2) 
PARAMETRIC_REPRESENTATION_CONTEXT() REPRESENTATION_CONTEXT('2D SPACE',''
  ) );
#7030 = ORIENTED_EDGE('',*,*,#7031,.T.);
#7031 = EDGE_CURVE('',#6975,#7032,#7034,.T.);
#7032 = VERTEX_POINT('',#7033);
#7033 = CARTESIAN_POINT('',(145.9,20.1,63.5));
#7034 = SURFACE_CURVE('',#7035,(#7040,#7053),.PCURVE_S1.);
#7035 = ELLIPSE('',#7036,8.343860018001,5.9);
#7036 = AXIS2_PLACEMENT_3D('',#7037,#7038,#7039);
#7037 = CARTESIAN_POINT('',(140.,26.,63.5));
#7038 = DIRECTION('',(0.707106781187,0.707106781187,0.));
#7039 = DIRECTION('',(0.707106781187,-0.707106781187,0.));
#7040 = PCURVE('',#2854,#7041);
#7041 = DEFINITIONAL_REPRESENTATION('',(#7042),#7052);
#7042 = B_SPLINE_CURVE_WITH_KNOTS('',8,(#7043,#7044,#7045,#7046,#7047,
    #7048,#7049,#7050,#7051),.UNSPECIFIED.,.F.,.F.,(9,9),(4.712388868922
    ,6.28318530718),.PIECEWISE_BEZIER_KNOTS.);
#7043 = CARTESIAN_POINT('',(-1.114623504606E-07,344.99999934237));
#7044 = CARTESIAN_POINT('',(0.19634944332,346.15846171558));
#7045 = CARTESIAN_POINT('',(0.392698998101,347.31692439237));
#7046 = CARTESIAN_POINT('',(0.589048552885,348.40732790329));
#7047 = CARTESIAN_POINT('',(0.785398107662,349.3616264109));
#7048 = CARTESIAN_POINT('',(0.981747662448,350.12012636324));
#7049 = CARTESIAN_POINT('',(1.17809721723,350.64004138438));
#7050 = CARTESIAN_POINT('',(1.374446772013,350.9));
#7051 = CARTESIAN_POINT('',(1.570796326795,350.9));
#7052 = ( GEOMETRIC_REPRESENTATION_CONTEXT(2) 
PARAMETRIC_REPRESENTATION_CONTEXT() REPRESENTATION_CONTEXT('2D SPACE',''
  ) );
#7053 = PCURVE('',#7006,#7054);
#7054 = DEFINITIONAL_REPRESENTATION('',(#7055),#7065);
#7055 = B_SPLINE_CURVE_WITH_KNOTS('',8,(#7056,#7057,#7058,#7059,#7060,
    #7061,#7062,#7063,#7064),.UNSPECIFIED.,.F.,.F.,(9,9),(4.712388868922
    ,6.28318530718),.PIECEWISE_BEZIER_KNOTS.);
#7056 = CARTESIAN_POINT('',(-1.114623522369E-07,32.000000657628));
#7057 = CARTESIAN_POINT('',(0.19634944332,30.841538284413));
#7058 = CARTESIAN_POINT('',(0.392698998102,29.68307560713));
#7059 = CARTESIAN_POINT('',(0.589048552883,28.592672097416));
#7060 = CARTESIAN_POINT('',(0.785398107667,27.638373586732));
#7061 = CARTESIAN_POINT('',(0.981747662446,26.879873637282));
#7062 = CARTESIAN_POINT('',(1.17809721723,26.35995861518));
#7063 = CARTESIAN_POINT('',(1.374446772013,26.1));
#7064 = CARTESIAN_POINT('',(1.570796326795,26.1));
#7065 = ( GEOMETRIC_REPRESENTATION_CONTEXT(2) 
PARAMETRIC_REPRESENTATION_CONTEXT() REPRESENTATION_CONTEXT('2D SPACE',''
  ) );
#7066 = ORIENTED_EDGE('',*,*,#7067,.T.);
#7067 = EDGE_CURVE('',#7032,#6977,#7068,.T.);
#7068 = SURFACE_CURVE('',#7069,(#7074,#7087),.PCURVE_S1.);
#7069 = ELLIPSE('',#7070,8.343860018001,5.9);
#7070 = AXIS2_PLACEMENT_3D('',#7071,#7072,#7073);
#7071 = CARTESIAN_POINT('',(140.,26.,63.5));
#7072 = DIRECTION('',(0.707106781187,0.707106781187,0.));
#7073 = DIRECTION('',(0.707106781187,-0.707106781187,0.));
#7074 = PCURVE('',#2854,#7075);
#7075 = DEFINITIONAL_REPRESENTATION('',(#7076),#7086);
#7076 = B_SPLINE_CURVE_WITH_KNOTS('',8,(#7077,#7078,#7079,#7080,#7081,
    #7082,#7083,#7084,#7085),.UNSPECIFIED.,.F.,.F.,(9,9),(0.,
    1.570796438257),.PIECEWISE_BEZIER_KNOTS.);
#7077 = CARTESIAN_POINT('',(1.570796326795,350.9));
#7078 = CARTESIAN_POINT('',(1.767145881577,350.9));
#7079 = CARTESIAN_POINT('',(1.963495436358,350.64004138469));
#7080 = CARTESIAN_POINT('',(2.15984499114,350.12012636258));
#7081 = CARTESIAN_POINT('',(2.35619454592,349.36162641229));
#7082 = CARTESIAN_POINT('',(2.552544100701,348.4073279025));
#7083 = CARTESIAN_POINT('',(2.748893655487,347.31692439274));
#7084 = CARTESIAN_POINT('',(2.94524321027,346.15846171558));
#7085 = CARTESIAN_POINT('',(3.141592765052,344.99999934237));
#7086 = ( GEOMETRIC_REPRESENTATION_CONTEXT(2) 
PARAMETRIC_REPRESENTATION_CONTEXT() REPRESENTATION_CONTEXT('2D SPACE',''
  ) );
#7087 = PCURVE('',#7006,#7088);
#7088 = DEFINITIONAL_REPRESENTATION('',(#7089),#7099);
#7089 = B_SPLINE_CURVE_WITH_KNOTS('',8,(#7090,#7091,#7092,#7093,#7094,
    #7095,#7096,#7097,#7098),.UNSPECIFIED.,.F.,.F.,(9,9),(0.,
    1.570796438257),.PIECEWISE_BEZIER_KNOTS.);
#7090 = CARTESIAN_POINT('',(1.570796326795,26.1));
#7091 = CARTESIAN_POINT('',(1.767145881577,26.1));
#7092 = CARTESIAN_POINT('',(1.963495436358,26.359958615168));
#7093 = CARTESIAN_POINT('',(2.159844991142,26.879873637337));
#7094 = CARTESIAN_POINT('',(2.356194545915,27.638373586699));
#7095 = CARTESIAN_POINT('',(2.552544100708,28.592672097511));
#7096 = CARTESIAN_POINT('',(2.748893655486,29.683075607137));
#7097 = CARTESIAN_POINT('',(2.94524321027,30.841538284413));
#7098 = CARTESIAN_POINT('',(3.141592765052,32.000000657628));
#7099 = ( GEOMETRIC_REPRESENTATION_CONTEXT(2) 
PARAMETRIC_REPRESENTATION_CONTEXT() REPRESENTATION_CONTEXT('2D SPACE',''
  ) );
#7100 = FACE_BOUND('',#7101,.F.);
#7101 = EDGE_LOOP('',(#7102,#7159,#7195));
#7102 = ORIENTED_EDGE('',*,*,#7103,.F.);
#7103 = EDGE_CURVE('',#7104,#7106,#7108,.T.);
#7104 = VERTEX_POINT('',#7105);
#7105 = CARTESIAN_POINT('',(180.,26.,69.4));
#7106 = VERTEX_POINT('',#7107);
#7107 = CARTESIAN_POINT('',(180.,26.,57.6));
#7108 = SURFACE_CURVE('',#7109,(#7114,#7134),.PCURVE_S1.);
#7109 = ELLIPSE('',#7110,8.343860018001,5.9);
#7110 = AXIS2_PLACEMENT_3D('',#7111,#7112,#7113);
#7111 = CARTESIAN_POINT('',(180.,26.,63.5));
#7112 = DIRECTION('',(0.707106781187,-0.707106781187,0.));
#7113 = DIRECTION('',(0.707106781187,0.707106781187,0.));
#7114 = PCURVE('',#2854,#7115);
#7115 = DEFINITIONAL_REPRESENTATION('',(#7116),#7133);
#7116 = B_SPLINE_CURVE_WITH_KNOTS('',8,(#7117,#7118,#7119,#7120,#7121,
    #7122,#7123,#7124,#7125,#7126,#7127,#7128,#7129,#7130,#7131,#7132),
  .UNSPECIFIED.,.F.,.F.,(9,7,9),(1.570796215333,3.141592592975,
    4.712388970617),.UNSPECIFIED.);
#7117 = CARTESIAN_POINT('',(-1.114623504606E-07,385.00000065762));
#7118 = CARTESIAN_POINT('',(0.196349435743,383.84153832911));
#7119 = CARTESIAN_POINT('',(0.392698982948,382.68307569612));
#7120 = CARTESIAN_POINT('',(0.589048530153,381.59267222409));
#7121 = CARTESIAN_POINT('',(0.785398077356,380.63837373237));
#7122 = CARTESIAN_POINT('',(0.981747624563,379.87987378369));
#7123 = CARTESIAN_POINT('',(1.178097171769,379.35995873506));
#7124 = CARTESIAN_POINT('',(1.374446718975,379.10000007022));
#7125 = CARTESIAN_POINT('',(1.767145813385,379.09999992978));
#7126 = CARTESIAN_POINT('',(1.963495360591,379.35995845478));
#7127 = CARTESIAN_POINT('',(2.15984490779,379.87987336959));
#7128 = CARTESIAN_POINT('',(2.356194455005,380.63837320609));
#7129 = CARTESIAN_POINT('',(2.552544002202,381.5926716025));
#7130 = CARTESIAN_POINT('',(2.748893549412,382.68307501263));
#7131 = CARTESIAN_POINT('',(2.945243096617,383.84153761386));
#7132 = CARTESIAN_POINT('',(3.141592643822,384.99999994237));
#7133 = ( GEOMETRIC_REPRESENTATION_CONTEXT(2) 
PARAMETRIC_REPRESENTATION_CONTEXT() REPRESENTATION_CONTEXT('2D SPACE',''
  ) );
#7134 = PCURVE('',#7135,#7140);
#7135 = CYLINDRICAL_SURFACE('',#7136,5.9);
#7136 = AXIS2_PLACEMENT_3D('',#7137,#7138,#7139);
#7137 = CARTESIAN_POINT('',(180.,-6.,63.5));
#7138 = DIRECTION('',(0.,1.,0.));
#7139 = DIRECTION('',(0.,-0.,1.));
#7140 = DEFINITIONAL_REPRESENTATION('',(#7141),#7158);
#7141 = B_SPLINE_CURVE_WITH_KNOTS('',8,(#7142,#7143,#7144,#7145,#7146,
    #7147,#7148,#7149,#7150,#7151,#7152,#7153,#7154,#7155,#7156,#7157),
  .UNSPECIFIED.,.F.,.F.,(9,7,9),(1.570796215333,3.141592592975,
    4.712388970617),.UNSPECIFIED.);
#7142 = CARTESIAN_POINT('',(6.283185418642,32.000000657628));
#7143 = CARTESIAN_POINT('',(6.086835871437,30.841538329117));
#7144 = CARTESIAN_POINT('',(5.890486324231,29.68307569656));
#7145 = CARTESIAN_POINT('',(5.69413677703,28.592672223622));
#7146 = CARTESIAN_POINT('',(5.497787229819,27.63837373414));
#7147 = CARTESIAN_POINT('',(5.301437682618,26.879873783592));
#7148 = CARTESIAN_POINT('',(5.10508813541,26.359958735573));
#7149 = CARTESIAN_POINT('',(4.908738588205,26.10000007022));
#7150 = CARTESIAN_POINT('',(4.516039493794,26.09999992978));
#7151 = CARTESIAN_POINT('',(4.319689946587,26.359958454723));
#7152 = CARTESIAN_POINT('',(4.123340399393,26.879873370438));
#7153 = CARTESIAN_POINT('',(3.92699085217,27.63837320547));
#7154 = CARTESIAN_POINT('',(3.730641304982,28.592671602825));
#7155 = CARTESIAN_POINT('',(3.534291757767,29.683075012844));
#7156 = CARTESIAN_POINT('',(3.337942210563,30.841537613861));
#7157 = CARTESIAN_POINT('',(3.141592663357,31.999999942372));
#7158 = ( GEOMETRIC_REPRESENTATION_CONTEXT(2) 
PARAMETRIC_REPRESENTATION_CONTEXT() REPRESENTATION_CONTEXT('2D SPACE',''
  ) );
#7159 = ORIENTED_EDGE('',*,*,#7160,.T.);
#7160 = EDGE_CURVE('',#7104,#7161,#7163,.T.);
#7161 = VERTEX_POINT('',#7162);
#7162 = CARTESIAN_POINT('',(185.9,20.1,63.5));
#7163 = SURFACE_CURVE('',#7164,(#7169,#7182),.PCURVE_S1.);
#7164 = ELLIPSE('',#7165,8.343860018001,5.9);
#7165 = AXIS2_PLACEMENT_3D('',#7166,#7167,#7168);
#7166 = CARTESIAN_POINT('',(180.,26.,63.5));
#7167 = DIRECTION('',(0.707106781187,0.707106781187,0.));
#7168 = DIRECTION('',(0.707106781187,-0.707106781187,0.));
#7169 = PCURVE('',#2854,#7170);
#7170 = DEFINITIONAL_REPRESENTATION('',(#7171),#7181);
#7171 = B_SPLINE_CURVE_WITH_KNOTS('',8,(#7172,#7173,#7174,#7175,#7176,
    #7177,#7178,#7179,#7180),.UNSPECIFIED.,.F.,.F.,(9,9),(4.712388868922
    ,6.28318530718),.PIECEWISE_BEZIER_KNOTS.);
#7172 = CARTESIAN_POINT('',(-1.114623504606E-07,384.99999934237));
#7173 = CARTESIAN_POINT('',(0.19634944332,386.15846171558));
#7174 = CARTESIAN_POINT('',(0.392698998101,387.3169243931));
#7175 = CARTESIAN_POINT('',(0.589048552885,388.40732790071));
#7176 = CARTESIAN_POINT('',(0.785398107662,389.36162641437));
#7177 = CARTESIAN_POINT('',(0.981747662448,390.1201263609));
#7178 = CARTESIAN_POINT('',(1.17809721723,390.64004138507));
#7179 = CARTESIAN_POINT('',(1.374446772013,390.9));
#7180 = CARTESIAN_POINT('',(1.570796326795,390.9));
#7181 = ( GEOMETRIC_REPRESENTATION_CONTEXT(2) 
PARAMETRIC_REPRESENTATION_CONTEXT() REPRESENTATION_CONTEXT('2D SPACE',''
  ) );
#7182 = PCURVE('',#7135,#7183);
#7183 = DEFINITIONAL_REPRESENTATION('',(#7184),#7194);
#7184 = B_SPLINE_CURVE_WITH_KNOTS('',8,(#7185,#7186,#7187,#7188,#7189,
    #7190,#7191,#7192,#7193),.UNSPECIFIED.,.F.,.F.,(9,9),(4.712388868922
    ,6.28318530718),.PIECEWISE_BEZIER_KNOTS.);
#7185 = CARTESIAN_POINT('',(-1.114623522369E-07,32.000000657628));
#7186 = CARTESIAN_POINT('',(0.19634944332,30.841538284413));
#7187 = CARTESIAN_POINT('',(0.392698998102,29.68307560713));
#7188 = CARTESIAN_POINT('',(0.589048552883,28.592672097416));
#7189 = CARTESIAN_POINT('',(0.785398107667,27.638373586732));
#7190 = CARTESIAN_POINT('',(0.981747662446,26.879873637282));
#7191 = CARTESIAN_POINT('',(1.17809721723,26.35995861518));
#7192 = CARTESIAN_POINT('',(1.374446772013,26.1));
#7193 = CARTESIAN_POINT('',(1.570796326795,26.1));
#7194 = ( GEOMETRIC_REPRESENTATION_CONTEXT(2) 
PARAMETRIC_REPRESENTATION_CONTEXT() REPRESENTATION_CONTEXT('2D SPACE',''
  ) );
#7195 = ORIENTED_EDGE('',*,*,#7196,.T.);
#7196 = EDGE_CURVE('',#7161,#7106,#7197,.T.);
#7197 = SURFACE_CURVE('',#7198,(#7203,#7216),.PCURVE_S1.);
#7198 = ELLIPSE('',#7199,8.343860018001,5.9);
#7199 = AXIS2_PLACEMENT_3D('',#7200,#7201,#7202);
#7200 = CARTESIAN_POINT('',(180.,26.,63.5));
#7201 = DIRECTION('',(0.707106781187,0.707106781187,0.));
#7202 = DIRECTION('',(0.707106781187,-0.707106781187,0.));
#7203 = PCURVE('',#2854,#7204);
#7204 = DEFINITIONAL_REPRESENTATION('',(#7205),#7215);
#7205 = B_SPLINE_CURVE_WITH_KNOTS('',8,(#7206,#7207,#7208,#7209,#7210,
    #7211,#7212,#7213,#7214),.UNSPECIFIED.,.F.,.F.,(9,9),(0.,
    1.570796438257),.PIECEWISE_BEZIER_KNOTS.);
#7206 = CARTESIAN_POINT('',(1.570796326795,390.9));
#7207 = CARTESIAN_POINT('',(1.767145881577,390.9));
#7208 = CARTESIAN_POINT('',(1.963495436358,390.64004138418));
#7209 = CARTESIAN_POINT('',(2.15984499114,390.12012636401));
#7210 = CARTESIAN_POINT('',(2.35619454592,389.36162641021));
#7211 = CARTESIAN_POINT('',(2.552544100701,388.40732790344));
#7212 = CARTESIAN_POINT('',(2.748893655487,387.31692439239));
#7213 = CARTESIAN_POINT('',(2.94524321027,386.15846171558));
#7214 = CARTESIAN_POINT('',(3.141592765052,384.99999934237));
#7215 = ( GEOMETRIC_REPRESENTATION_CONTEXT(2) 
PARAMETRIC_REPRESENTATION_CONTEXT() REPRESENTATION_CONTEXT('2D SPACE',''
  ) );
#7216 = PCURVE('',#7135,#7217);
#7217 = DEFINITIONAL_REPRESENTATION('',(#7218),#7228);
#7218 = B_SPLINE_CURVE_WITH_KNOTS('',8,(#7219,#7220,#7221,#7222,#7223,
    #7224,#7225,#7226,#7227),.UNSPECIFIED.,.F.,.F.,(9,9),(0.,
    1.570796438257),.PIECEWISE_BEZIER_KNOTS.);
#7219 = CARTESIAN_POINT('',(1.570796326795,26.1));
#7220 = CARTESIAN_POINT('',(1.767145881577,26.1));
#7221 = CARTESIAN_POINT('',(1.963495436358,26.359958615168));
#7222 = CARTESIAN_POINT('',(2.159844991142,26.879873637337));
#7223 = CARTESIAN_POINT('',(2.356194545915,27.638373586699));
#7224 = CARTESIAN_POINT('',(2.552544100708,28.592672097511));
#7225 = CARTESIAN_POINT('',(2.748893655486,29.683075607137));
#7226 = CARTESIAN_POINT('',(2.94524321027,30.841538284413));
#7227 = CARTESIAN_POINT('',(3.141592765052,32.000000657628));
#7228 = ( GEOMETRIC_REPRESENTATION_CONTEXT(2) 
PARAMETRIC_REPRESENTATION_CONTEXT() REPRESENTATION_CONTEXT('2D SPACE',''
  ) );
#7229 = ADVANCED_FACE('',(#7230,#7233),#3037,.F.);
#7230 = FACE_BOUND('',#7231,.F.);
#7231 = EDGE_LOOP('',(#7232));
#7232 = ORIENTED_EDGE('',*,*,#3022,.T.);
#7233 = FACE_BOUND('',#7234,.F.);
#7234 = EDGE_LOOP('',(#7235));
#7235 = ORIENTED_EDGE('',*,*,#7236,.F.);
#7236 = EDGE_CURVE('',#7237,#7237,#7239,.T.);
#7237 = VERTEX_POINT('',#7238);
#7238 = CARTESIAN_POINT('',(-180.,-6.,30.4));
#7239 = SURFACE_CURVE('',#7240,(#7245,#7252),.PCURVE_S1.);
#7240 = CIRCLE('',#7241,6.9);
#7241 = AXIS2_PLACEMENT_3D('',#7242,#7243,#7244);
#7242 = CARTESIAN_POINT('',(-180.,-6.,23.5));
#7243 = DIRECTION('',(0.,1.,0.));
#7244 = DIRECTION('',(0.,-0.,1.));
#7245 = PCURVE('',#3037,#7246);
#7246 = DEFINITIONAL_REPRESENTATION('',(#7247),#7251);
#7247 = CIRCLE('',#7248,6.9);
#7248 = AXIS2_PLACEMENT_2D('',#7249,#7250);
#7249 = CARTESIAN_POINT('',(0.,0.));
#7250 = DIRECTION('',(1.,0.));
#7251 = ( GEOMETRIC_REPRESENTATION_CONTEXT(2) 
PARAMETRIC_REPRESENTATION_CONTEXT() REPRESENTATION_CONTEXT('2D SPACE',''
  ) );
#7252 = PCURVE('',#7253,#7258);
#7253 = CONICAL_SURFACE('',#7254,6.9,0.785398163397);
#7254 = AXIS2_PLACEMENT_3D('',#7255,#7256,#7257);
#7255 = CARTESIAN_POINT('',(-180.,-6.,23.5));
#7256 = DIRECTION('',(-0.,-1.,-0.));
#7257 = DIRECTION('',(0.,-0.,1.));
#7258 = DEFINITIONAL_REPRESENTATION('',(#7259),#7263);
#7259 = LINE('',#7260,#7261);
#7260 = CARTESIAN_POINT('',(-0.,-0.));
#7261 = VECTOR('',#7262,1.);
#7262 = DIRECTION('',(-1.,-0.));
#7263 = ( GEOMETRIC_REPRESENTATION_CONTEXT(2) 
PARAMETRIC_REPRESENTATION_CONTEXT() REPRESENTATION_CONTEXT('2D SPACE',''
  ) );
#7264 = ADVANCED_FACE('',(#7265,#7268),#3092,.F.);
#7265 = FACE_BOUND('',#7266,.F.);
#7266 = EDGE_LOOP('',(#7267));
#7267 = ORIENTED_EDGE('',*,*,#3077,.T.);
#7268 = FACE_BOUND('',#7269,.F.);
#7269 = EDGE_LOOP('',(#7270));
#7270 = ORIENTED_EDGE('',*,*,#7271,.F.);
#7271 = EDGE_CURVE('',#7272,#7272,#7274,.T.);
#7272 = VERTEX_POINT('',#7273);
#7273 = CARTESIAN_POINT('',(-140.,-6.,30.4));
#7274 = SURFACE_CURVE('',#7275,(#7280,#7287),.PCURVE_S1.);
#7275 = CIRCLE('',#7276,6.9);
#7276 = AXIS2_PLACEMENT_3D('',#7277,#7278,#7279);
#7277 = CARTESIAN_POINT('',(-140.,-6.,23.5));
#7278 = DIRECTION('',(0.,1.,0.));
#7279 = DIRECTION('',(0.,-0.,1.));
#7280 = PCURVE('',#3092,#7281);
#7281 = DEFINITIONAL_REPRESENTATION('',(#7282),#7286);
#7282 = CIRCLE('',#7283,6.9);
#7283 = AXIS2_PLACEMENT_2D('',#7284,#7285);
#7284 = CARTESIAN_POINT('',(0.,0.));
#7285 = DIRECTION('',(1.,0.));
#7286 = ( GEOMETRIC_REPRESENTATION_CONTEXT(2) 
PARAMETRIC_REPRESENTATION_CONTEXT() REPRESENTATION_CONTEXT('2D SPACE',''
  ) );
#7287 = PCURVE('',#7288,#7293);
#7288 = CONICAL_SURFACE('',#7289,6.9,0.785398163397);
#7289 = AXIS2_PLACEMENT_3D('',#7290,#7291,#7292);
#7290 = CARTESIAN_POINT('',(-140.,-6.,23.5));
#7291 = DIRECTION('',(-0.,-1.,-0.));
#7292 = DIRECTION('',(0.,-0.,1.));
#7293 = DEFINITIONAL_REPRESENTATION('',(#7294),#7298);
#7294 = LINE('',#7295,#7296);
#7295 = CARTESIAN_POINT('',(-0.,-0.));
#7296 = VECTOR('',#7297,1.);
#7297 = DIRECTION('',(-1.,-0.));
#7298 = ( GEOMETRIC_REPRESENTATION_CONTEXT(2) 
PARAMETRIC_REPRESENTATION_CONTEXT() REPRESENTATION_CONTEXT('2D SPACE',''
  ) );
#7299 = ADVANCED_FACE('',(#7300,#7303),#3147,.F.);
#7300 = FACE_BOUND('',#7301,.F.);
#7301 = EDGE_LOOP('',(#7302));
#7302 = ORIENTED_EDGE('',*,*,#3132,.T.);
#7303 = FACE_BOUND('',#7304,.F.);
#7304 = EDGE_LOOP('',(#7305));
#7305 = ORIENTED_EDGE('',*,*,#7306,.F.);
#7306 = EDGE_CURVE('',#7307,#7307,#7309,.T.);
#7307 = VERTEX_POINT('',#7308);
#7308 = CARTESIAN_POINT('',(-100.,-6.,30.4));
#7309 = SURFACE_CURVE('',#7310,(#7315,#7322),.PCURVE_S1.);
#7310 = CIRCLE('',#7311,6.9);
#7311 = AXIS2_PLACEMENT_3D('',#7312,#7313,#7314);
#7312 = CARTESIAN_POINT('',(-100.,-6.,23.5));
#7313 = DIRECTION('',(0.,1.,0.));
#7314 = DIRECTION('',(0.,-0.,1.));
#7315 = PCURVE('',#3147,#7316);
#7316 = DEFINITIONAL_REPRESENTATION('',(#7317),#7321);
#7317 = CIRCLE('',#7318,6.9);
#7318 = AXIS2_PLACEMENT_2D('',#7319,#7320);
#7319 = CARTESIAN_POINT('',(0.,0.));
#7320 = DIRECTION('',(1.,0.));
#7321 = ( GEOMETRIC_REPRESENTATION_CONTEXT(2) 
PARAMETRIC_REPRESENTATION_CONTEXT() REPRESENTATION_CONTEXT('2D SPACE',''
  ) );
#7322 = PCURVE('',#7323,#7328);
#7323 = CONICAL_SURFACE('',#7324,6.9,0.785398163397);
#7324 = AXIS2_PLACEMENT_3D('',#7325,#7326,#7327);
#7325 = CARTESIAN_POINT('',(-100.,-6.,23.5));
#7326 = DIRECTION('',(-0.,-1.,-0.));
#7327 = DIRECTION('',(0.,-0.,1.));
#7328 = DEFINITIONAL_REPRESENTATION('',(#7329),#7333);
#7329 = LINE('',#7330,#7331);
#7330 = CARTESIAN_POINT('',(-0.,-0.));
#7331 = VECTOR('',#7332,1.);
#7332 = DIRECTION('',(-1.,-0.));
#7333 = ( GEOMETRIC_REPRESENTATION_CONTEXT(2) 
PARAMETRIC_REPRESENTATION_CONTEXT() REPRESENTATION_CONTEXT('2D SPACE',''
  ) );
#7334 = ADVANCED_FACE('',(#7335,#7338),#3202,.F.);
#7335 = FACE_BOUND('',#7336,.F.);
#7336 = EDGE_LOOP('',(#7337));
#7337 = ORIENTED_EDGE('',*,*,#3187,.T.);
#7338 = FACE_BOUND('',#7339,.F.);
#7339 = EDGE_LOOP('',(#7340));
#7340 = ORIENTED_EDGE('',*,*,#7341,.F.);
#7341 = EDGE_CURVE('',#7342,#7342,#7344,.T.);
#7342 = VERTEX_POINT('',#7343);
#7343 = CARTESIAN_POINT('',(-60.,-6.,30.4));
#7344 = SURFACE_CURVE('',#7345,(#7350,#7357),.PCURVE_S1.);
#7345 = CIRCLE('',#7346,6.9);
#7346 = AXIS2_PLACEMENT_3D('',#7347,#7348,#7349);
#7347 = CARTESIAN_POINT('',(-60.,-6.,23.5));
#7348 = DIRECTION('',(0.,1.,0.));
#7349 = DIRECTION('',(0.,-0.,1.));
#7350 = PCURVE('',#3202,#7351);
#7351 = DEFINITIONAL_REPRESENTATION('',(#7352),#7356);
#7352 = CIRCLE('',#7353,6.9);
#7353 = AXIS2_PLACEMENT_2D('',#7354,#7355);
#7354 = CARTESIAN_POINT('',(0.,0.));
#7355 = DIRECTION('',(1.,0.));
#7356 = ( GEOMETRIC_REPRESENTATION_CONTEXT(2) 
PARAMETRIC_REPRESENTATION_CONTEXT() REPRESENTATION_CONTEXT('2D SPACE',''
  ) );
#7357 = PCURVE('',#7358,#7363);
#7358 = CONICAL_SURFACE('',#7359,6.9,0.785398163397);
#7359 = AXIS2_PLACEMENT_3D('',#7360,#7361,#7362);
#7360 = CARTESIAN_POINT('',(-60.,-6.,23.5));
#7361 = DIRECTION('',(-0.,-1.,-0.));
#7362 = DIRECTION('',(0.,-0.,1.));
#7363 = DEFINITIONAL_REPRESENTATION('',(#7364),#7368);
#7364 = LINE('',#7365,#7366);
#7365 = CARTESIAN_POINT('',(-0.,-0.));
#7366 = VECTOR('',#7367,1.);
#7367 = DIRECTION('',(-1.,-0.));
#7368 = ( GEOMETRIC_REPRESENTATION_CONTEXT(2) 
PARAMETRIC_REPRESENTATION_CONTEXT() REPRESENTATION_CONTEXT('2D SPACE',''
  ) );
#7369 = ADVANCED_FACE('',(#7370,#7373),#3257,.F.);
#7370 = FACE_BOUND('',#7371,.F.);
#7371 = EDGE_LOOP('',(#7372));
#7372 = ORIENTED_EDGE('',*,*,#3242,.T.);
#7373 = FACE_BOUND('',#7374,.F.);
#7374 = EDGE_LOOP('',(#7375));
#7375 = ORIENTED_EDGE('',*,*,#7376,.F.);
#7376 = EDGE_CURVE('',#7377,#7377,#7379,.T.);
#7377 = VERTEX_POINT('',#7378);
#7378 = CARTESIAN_POINT('',(-20.,-6.,30.4));
#7379 = SURFACE_CURVE('',#7380,(#7385,#7392),.PCURVE_S1.);
#7380 = CIRCLE('',#7381,6.9);
#7381 = AXIS2_PLACEMENT_3D('',#7382,#7383,#7384);
#7382 = CARTESIAN_POINT('',(-20.,-6.,23.5));
#7383 = DIRECTION('',(0.,1.,0.));
#7384 = DIRECTION('',(0.,-0.,1.));
#7385 = PCURVE('',#3257,#7386);
#7386 = DEFINITIONAL_REPRESENTATION('',(#7387),#7391);
#7387 = CIRCLE('',#7388,6.9);
#7388 = AXIS2_PLACEMENT_2D('',#7389,#7390);
#7389 = CARTESIAN_POINT('',(0.,0.));
#7390 = DIRECTION('',(1.,0.));
#7391 = ( GEOMETRIC_REPRESENTATION_CONTEXT(2) 
PARAMETRIC_REPRESENTATION_CONTEXT() REPRESENTATION_CONTEXT('2D SPACE',''
  ) );
#7392 = PCURVE('',#7393,#7398);
#7393 = CONICAL_SURFACE('',#7394,6.9,0.785398163397);
#7394 = AXIS2_PLACEMENT_3D('',#7395,#7396,#7397);
#7395 = CARTESIAN_POINT('',(-20.,-6.,23.5));
#7396 = DIRECTION('',(-0.,-1.,-0.));
#7397 = DIRECTION('',(0.,-0.,1.));
#7398 = DEFINITIONAL_REPRESENTATION('',(#7399),#7403);
#7399 = LINE('',#7400,#7401);
#7400 = CARTESIAN_POINT('',(-0.,-0.));
#7401 = VECTOR('',#7402,1.);
#7402 = DIRECTION('',(-1.,-0.));
#7403 = ( GEOMETRIC_REPRESENTATION_CONTEXT(2) 
PARAMETRIC_REPRESENTATION_CONTEXT() REPRESENTATION_CONTEXT('2D SPACE',''
  ) );
#7404 = ADVANCED_FACE('',(#7405,#7408),#3312,.F.);
#7405 = FACE_BOUND('',#7406,.F.);
#7406 = EDGE_LOOP('',(#7407));
#7407 = ORIENTED_EDGE('',*,*,#3297,.T.);
#7408 = FACE_BOUND('',#7409,.F.);
#7409 = EDGE_LOOP('',(#7410));
#7410 = ORIENTED_EDGE('',*,*,#7411,.F.);
#7411 = EDGE_CURVE('',#7412,#7412,#7414,.T.);
#7412 = VERTEX_POINT('',#7413);
#7413 = CARTESIAN_POINT('',(-180.,-6.,70.4));
#7414 = SURFACE_CURVE('',#7415,(#7420,#7427),.PCURVE_S1.);
#7415 = CIRCLE('',#7416,6.9);
#7416 = AXIS2_PLACEMENT_3D('',#7417,#7418,#7419);
#7417 = CARTESIAN_POINT('',(-180.,-6.,63.5));
#7418 = DIRECTION('',(0.,1.,0.));
#7419 = DIRECTION('',(0.,-0.,1.));
#7420 = PCURVE('',#3312,#7421);
#7421 = DEFINITIONAL_REPRESENTATION('',(#7422),#7426);
#7422 = CIRCLE('',#7423,6.9);
#7423 = AXIS2_PLACEMENT_2D('',#7424,#7425);
#7424 = CARTESIAN_POINT('',(0.,0.));
#7425 = DIRECTION('',(1.,0.));
#7426 = ( GEOMETRIC_REPRESENTATION_CONTEXT(2) 
PARAMETRIC_REPRESENTATION_CONTEXT() REPRESENTATION_CONTEXT('2D SPACE',''
  ) );
#7427 = PCURVE('',#7428,#7433);
#7428 = CONICAL_SURFACE('',#7429,6.9,0.785398163397);
#7429 = AXIS2_PLACEMENT_3D('',#7430,#7431,#7432);
#7430 = CARTESIAN_POINT('',(-180.,-6.,63.5));
#7431 = DIRECTION('',(-0.,-1.,-0.));
#7432 = DIRECTION('',(0.,-0.,1.));
#7433 = DEFINITIONAL_REPRESENTATION('',(#7434),#7438);
#7434 = LINE('',#7435,#7436);
#7435 = CARTESIAN_POINT('',(-0.,-0.));
#7436 = VECTOR('',#7437,1.);
#7437 = DIRECTION('',(-1.,-0.));
#7438 = ( GEOMETRIC_REPRESENTATION_CONTEXT(2) 
PARAMETRIC_REPRESENTATION_CONTEXT() REPRESENTATION_CONTEXT('2D SPACE',''
  ) );
#7439 = ADVANCED_FACE('',(#7440,#7443),#3371,.F.);
#7440 = FACE_BOUND('',#7441,.F.);
#7441 = EDGE_LOOP('',(#7442));
#7442 = ORIENTED_EDGE('',*,*,#3356,.T.);
#7443 = FACE_BOUND('',#7444,.F.);
#7444 = EDGE_LOOP('',(#7445));
#7445 = ORIENTED_EDGE('',*,*,#7446,.F.);
#7446 = EDGE_CURVE('',#7447,#7447,#7449,.T.);
#7447 = VERTEX_POINT('',#7448);
#7448 = CARTESIAN_POINT('',(-140.,-6.,70.4));
#7449 = SURFACE_CURVE('',#7450,(#7455,#7462),.PCURVE_S1.);
#7450 = CIRCLE('',#7451,6.9);
#7451 = AXIS2_PLACEMENT_3D('',#7452,#7453,#7454);
#7452 = CARTESIAN_POINT('',(-140.,-6.,63.5));
#7453 = DIRECTION('',(0.,1.,0.));
#7454 = DIRECTION('',(0.,-0.,1.));
#7455 = PCURVE('',#3371,#7456);
#7456 = DEFINITIONAL_REPRESENTATION('',(#7457),#7461);
#7457 = CIRCLE('',#7458,6.9);
#7458 = AXIS2_PLACEMENT_2D('',#7459,#7460);
#7459 = CARTESIAN_POINT('',(0.,0.));
#7460 = DIRECTION('',(1.,0.));
#7461 = ( GEOMETRIC_REPRESENTATION_CONTEXT(2) 
PARAMETRIC_REPRESENTATION_CONTEXT() REPRESENTATION_CONTEXT('2D SPACE',''
  ) );
#7462 = PCURVE('',#7463,#7468);
#7463 = CONICAL_SURFACE('',#7464,6.9,0.785398163397);
#7464 = AXIS2_PLACEMENT_3D('',#7465,#7466,#7467);
#7465 = CARTESIAN_POINT('',(-140.,-6.,63.5));
#7466 = DIRECTION('',(-0.,-1.,-0.));
#7467 = DIRECTION('',(0.,-0.,1.));
#7468 = DEFINITIONAL_REPRESENTATION('',(#7469),#7473);
#7469 = LINE('',#7470,#7471);
#7470 = CARTESIAN_POINT('',(-0.,-0.));
#7471 = VECTOR('',#7472,1.);
#7472 = DIRECTION('',(-1.,-0.));
#7473 = ( GEOMETRIC_REPRESENTATION_CONTEXT(2) 
PARAMETRIC_REPRESENTATION_CONTEXT() REPRESENTATION_CONTEXT('2D SPACE',''
  ) );
#7474 = ADVANCED_FACE('',(#7475,#7478),#3426,.F.);
#7475 = FACE_BOUND('',#7476,.F.);
#7476 = EDGE_LOOP('',(#7477));
#7477 = ORIENTED_EDGE('',*,*,#3411,.T.);
#7478 = FACE_BOUND('',#7479,.F.);
#7479 = EDGE_LOOP('',(#7480));
#7480 = ORIENTED_EDGE('',*,*,#7481,.F.);
#7481 = EDGE_CURVE('',#7482,#7482,#7484,.T.);
#7482 = VERTEX_POINT('',#7483);
#7483 = CARTESIAN_POINT('',(-100.,-6.,70.4));
#7484 = SURFACE_CURVE('',#7485,(#7490,#7497),.PCURVE_S1.);
#7485 = CIRCLE('',#7486,6.9);
#7486 = AXIS2_PLACEMENT_3D('',#7487,#7488,#7489);
#7487 = CARTESIAN_POINT('',(-100.,-6.,63.5));
#7488 = DIRECTION('',(0.,1.,0.));
#7489 = DIRECTION('',(0.,-0.,1.));
#7490 = PCURVE('',#3426,#7491);
#7491 = DEFINITIONAL_REPRESENTATION('',(#7492),#7496);
#7492 = CIRCLE('',#7493,6.9);
#7493 = AXIS2_PLACEMENT_2D('',#7494,#7495);
#7494 = CARTESIAN_POINT('',(0.,0.));
#7495 = DIRECTION('',(1.,0.));
#7496 = ( GEOMETRIC_REPRESENTATION_CONTEXT(2) 
PARAMETRIC_REPRESENTATION_CONTEXT() REPRESENTATION_CONTEXT('2D SPACE',''
  ) );
#7497 = PCURVE('',#7498,#7503);
#7498 = CONICAL_SURFACE('',#7499,6.9,0.785398163397);
#7499 = AXIS2_PLACEMENT_3D('',#7500,#7501,#7502);
#7500 = CARTESIAN_POINT('',(-100.,-6.,63.5));
#7501 = DIRECTION('',(-0.,-1.,-0.));
#7502 = DIRECTION('',(0.,-0.,1.));
#7503 = DEFINITIONAL_REPRESENTATION('',(#7504),#7508);
#7504 = LINE('',#7505,#7506);
#7505 = CARTESIAN_POINT('',(-0.,-0.));
#7506 = VECTOR('',#7507,1.);
#7507 = DIRECTION('',(-1.,-0.));
#7508 = ( GEOMETRIC_REPRESENTATION_CONTEXT(2) 
PARAMETRIC_REPRESENTATION_CONTEXT() REPRESENTATION_CONTEXT('2D SPACE',''
  ) );
#7509 = ADVANCED_FACE('',(#7510,#7513),#3481,.F.);
#7510 = FACE_BOUND('',#7511,.F.);
#7511 = EDGE_LOOP('',(#7512));
#7512 = ORIENTED_EDGE('',*,*,#3466,.T.);
#7513 = FACE_BOUND('',#7514,.F.);
#7514 = EDGE_LOOP('',(#7515));
#7515 = ORIENTED_EDGE('',*,*,#7516,.F.);
#7516 = EDGE_CURVE('',#7517,#7517,#7519,.T.);
#7517 = VERTEX_POINT('',#7518);
#7518 = CARTESIAN_POINT('',(-60.,-6.,70.4));
#7519 = SURFACE_CURVE('',#7520,(#7525,#7532),.PCURVE_S1.);
#7520 = CIRCLE('',#7521,6.9);
#7521 = AXIS2_PLACEMENT_3D('',#7522,#7523,#7524);
#7522 = CARTESIAN_POINT('',(-60.,-6.,63.5));
#7523 = DIRECTION('',(0.,1.,0.));
#7524 = DIRECTION('',(0.,-0.,1.));
#7525 = PCURVE('',#3481,#7526);
#7526 = DEFINITIONAL_REPRESENTATION('',(#7527),#7531);
#7527 = CIRCLE('',#7528,6.9);
#7528 = AXIS2_PLACEMENT_2D('',#7529,#7530);
#7529 = CARTESIAN_POINT('',(0.,0.));
#7530 = DIRECTION('',(1.,0.));
#7531 = ( GEOMETRIC_REPRESENTATION_CONTEXT(2) 
PARAMETRIC_REPRESENTATION_CONTEXT() REPRESENTATION_CONTEXT('2D SPACE',''
  ) );
#7532 = PCURVE('',#7533,#7538);
#7533 = CONICAL_SURFACE('',#7534,6.9,0.785398163397);
#7534 = AXIS2_PLACEMENT_3D('',#7535,#7536,#7537);
#7535 = CARTESIAN_POINT('',(-60.,-6.,63.5));
#7536 = DIRECTION('',(-0.,-1.,-0.));
#7537 = DIRECTION('',(0.,-0.,1.));
#7538 = DEFINITIONAL_REPRESENTATION('',(#7539),#7543);
#7539 = LINE('',#7540,#7541);
#7540 = CARTESIAN_POINT('',(-0.,-0.));
#7541 = VECTOR('',#7542,1.);
#7542 = DIRECTION('',(-1.,-0.));
#7543 = ( GEOMETRIC_REPRESENTATION_CONTEXT(2) 
PARAMETRIC_REPRESENTATION_CONTEXT() REPRESENTATION_CONTEXT('2D SPACE',''
  ) );
#7544 = ADVANCED_FACE('',(#7545,#7548),#3536,.F.);
#7545 = FACE_BOUND('',#7546,.F.);
#7546 = EDGE_LOOP('',(#7547));
#7547 = ORIENTED_EDGE('',*,*,#3521,.T.);
#7548 = FACE_BOUND('',#7549,.F.);
#7549 = EDGE_LOOP('',(#7550));
#7550 = ORIENTED_EDGE('',*,*,#7551,.F.);
#7551 = EDGE_CURVE('',#7552,#7552,#7554,.T.);
#7552 = VERTEX_POINT('',#7553);
#7553 = CARTESIAN_POINT('',(-20.,-6.,70.4));
#7554 = SURFACE_CURVE('',#7555,(#7560,#7567),.PCURVE_S1.);
#7555 = CIRCLE('',#7556,6.9);
#7556 = AXIS2_PLACEMENT_3D('',#7557,#7558,#7559);
#7557 = CARTESIAN_POINT('',(-20.,-6.,63.5));
#7558 = DIRECTION('',(0.,1.,0.));
#7559 = DIRECTION('',(0.,-0.,1.));
#7560 = PCURVE('',#3536,#7561);
#7561 = DEFINITIONAL_REPRESENTATION('',(#7562),#7566);
#7562 = CIRCLE('',#7563,6.9);
#7563 = AXIS2_PLACEMENT_2D('',#7564,#7565);
#7564 = CARTESIAN_POINT('',(0.,0.));
#7565 = DIRECTION('',(1.,0.));
#7566 = ( GEOMETRIC_REPRESENTATION_CONTEXT(2) 
PARAMETRIC_REPRESENTATION_CONTEXT() REPRESENTATION_CONTEXT('2D SPACE',''
  ) );
#7567 = PCURVE('',#7568,#7573);
#7568 = CONICAL_SURFACE('',#7569,6.9,0.785398163397);
#7569 = AXIS2_PLACEMENT_3D('',#7570,#7571,#7572);
#7570 = CARTESIAN_POINT('',(-20.,-6.,63.5));
#7571 = DIRECTION('',(-0.,-1.,-0.));
#7572 = DIRECTION('',(0.,-0.,1.));
#7573 = DEFINITIONAL_REPRESENTATION('',(#7574),#7578);
#7574 = LINE('',#7575,#7576);
#7575 = CARTESIAN_POINT('',(-0.,-0.));
#7576 = VECTOR('',#7577,1.);
#7577 = DIRECTION('',(-1.,-0.));
#7578 = ( GEOMETRIC_REPRESENTATION_CONTEXT(2) 
PARAMETRIC_REPRESENTATION_CONTEXT() REPRESENTATION_CONTEXT('2D SPACE',''
  ) );
#7579 = ADVANCED_FACE('',(#7580,#7583),#3595,.F.);
#7580 = FACE_BOUND('',#7581,.F.);
#7581 = EDGE_LOOP('',(#7582));
#7582 = ORIENTED_EDGE('',*,*,#3580,.T.);
#7583 = FACE_BOUND('',#7584,.F.);
#7584 = EDGE_LOOP('',(#7585));
#7585 = ORIENTED_EDGE('',*,*,#7586,.F.);
#7586 = EDGE_CURVE('',#7587,#7587,#7589,.T.);
#7587 = VERTEX_POINT('',#7588);
#7588 = CARTESIAN_POINT('',(20.,-6.,30.4));
#7589 = SURFACE_CURVE('',#7590,(#7595,#7602),.PCURVE_S1.);
#7590 = CIRCLE('',#7591,6.9);
#7591 = AXIS2_PLACEMENT_3D('',#7592,#7593,#7594);
#7592 = CARTESIAN_POINT('',(20.,-6.,23.5));
#7593 = DIRECTION('',(0.,1.,0.));
#7594 = DIRECTION('',(0.,-0.,1.));
#7595 = PCURVE('',#3595,#7596);
#7596 = DEFINITIONAL_REPRESENTATION('',(#7597),#7601);
#7597 = CIRCLE('',#7598,6.9);
#7598 = AXIS2_PLACEMENT_2D('',#7599,#7600);
#7599 = CARTESIAN_POINT('',(0.,0.));
#7600 = DIRECTION('',(1.,0.));
#7601 = ( GEOMETRIC_REPRESENTATION_CONTEXT(2) 
PARAMETRIC_REPRESENTATION_CONTEXT() REPRESENTATION_CONTEXT('2D SPACE',''
  ) );
#7602 = PCURVE('',#7603,#7608);
#7603 = CONICAL_SURFACE('',#7604,6.9,0.785398163397);
#7604 = AXIS2_PLACEMENT_3D('',#7605,#7606,#7607);
#7605 = CARTESIAN_POINT('',(20.,-6.,23.5));
#7606 = DIRECTION('',(-0.,-1.,-0.));
#7607 = DIRECTION('',(0.,-0.,1.));
#7608 = DEFINITIONAL_REPRESENTATION('',(#7609),#7613);
#7609 = LINE('',#7610,#7611);
#7610 = CARTESIAN_POINT('',(-0.,-0.));
#7611 = VECTOR('',#7612,1.);
#7612 = DIRECTION('',(-1.,-0.));
#7613 = ( GEOMETRIC_REPRESENTATION_CONTEXT(2) 
PARAMETRIC_REPRESENTATION_CONTEXT() REPRESENTATION_CONTEXT('2D SPACE',''
  ) );
#7614 = ADVANCED_FACE('',(#7615,#7618),#3650,.F.);
#7615 = FACE_BOUND('',#7616,.F.);
#7616 = EDGE_LOOP('',(#7617));
#7617 = ORIENTED_EDGE('',*,*,#3635,.T.);
#7618 = FACE_BOUND('',#7619,.F.);
#7619 = EDGE_LOOP('',(#7620));
#7620 = ORIENTED_EDGE('',*,*,#7621,.F.);
#7621 = EDGE_CURVE('',#7622,#7622,#7624,.T.);
#7622 = VERTEX_POINT('',#7623);
#7623 = CARTESIAN_POINT('',(60.,-6.,30.4));
#7624 = SURFACE_CURVE('',#7625,(#7630,#7637),.PCURVE_S1.);
#7625 = CIRCLE('',#7626,6.9);
#7626 = AXIS2_PLACEMENT_3D('',#7627,#7628,#7629);
#7627 = CARTESIAN_POINT('',(60.,-6.,23.5));
#7628 = DIRECTION('',(0.,1.,0.));
#7629 = DIRECTION('',(0.,-0.,1.));
#7630 = PCURVE('',#3650,#7631);
#7631 = DEFINITIONAL_REPRESENTATION('',(#7632),#7636);
#7632 = CIRCLE('',#7633,6.9);
#7633 = AXIS2_PLACEMENT_2D('',#7634,#7635);
#7634 = CARTESIAN_POINT('',(0.,0.));
#7635 = DIRECTION('',(1.,0.));
#7636 = ( GEOMETRIC_REPRESENTATION_CONTEXT(2) 
PARAMETRIC_REPRESENTATION_CONTEXT() REPRESENTATION_CONTEXT('2D SPACE',''
  ) );
#7637 = PCURVE('',#7638,#7643);
#7638 = CONICAL_SURFACE('',#7639,6.9,0.785398163397);
#7639 = AXIS2_PLACEMENT_3D('',#7640,#7641,#7642);
#7640 = CARTESIAN_POINT('',(60.,-6.,23.5));
#7641 = DIRECTION('',(-0.,-1.,-0.));
#7642 = DIRECTION('',(0.,-0.,1.));
#7643 = DEFINITIONAL_REPRESENTATION('',(#7644),#7648);
#7644 = LINE('',#7645,#7646);
#7645 = CARTESIAN_POINT('',(-0.,-0.));
#7646 = VECTOR('',#7647,1.);
#7647 = DIRECTION('',(-1.,-0.));
#7648 = ( GEOMETRIC_REPRESENTATION_CONTEXT(2) 
PARAMETRIC_REPRESENTATION_CONTEXT() REPRESENTATION_CONTEXT('2D SPACE',''
  ) );
#7649 = ADVANCED_FACE('',(#7650,#7653),#3705,.F.);
#7650 = FACE_BOUND('',#7651,.F.);
#7651 = EDGE_LOOP('',(#7652));
#7652 = ORIENTED_EDGE('',*,*,#3690,.T.);
#7653 = FACE_BOUND('',#7654,.F.);
#7654 = EDGE_LOOP('',(#7655));
#7655 = ORIENTED_EDGE('',*,*,#7656,.F.);
#7656 = EDGE_CURVE('',#7657,#7657,#7659,.T.);
#7657 = VERTEX_POINT('',#7658);
#7658 = CARTESIAN_POINT('',(100.,-6.,30.4));
#7659 = SURFACE_CURVE('',#7660,(#7665,#7672),.PCURVE_S1.);
#7660 = CIRCLE('',#7661,6.9);
#7661 = AXIS2_PLACEMENT_3D('',#7662,#7663,#7664);
#7662 = CARTESIAN_POINT('',(100.,-6.,23.5));
#7663 = DIRECTION('',(0.,1.,0.));
#7664 = DIRECTION('',(0.,-0.,1.));
#7665 = PCURVE('',#3705,#7666);
#7666 = DEFINITIONAL_REPRESENTATION('',(#7667),#7671);
#7667 = CIRCLE('',#7668,6.9);
#7668 = AXIS2_PLACEMENT_2D('',#7669,#7670);
#7669 = CARTESIAN_POINT('',(0.,0.));
#7670 = DIRECTION('',(1.,0.));
#7671 = ( GEOMETRIC_REPRESENTATION_CONTEXT(2) 
PARAMETRIC_REPRESENTATION_CONTEXT() REPRESENTATION_CONTEXT('2D SPACE',''
  ) );
#7672 = PCURVE('',#7673,#7678);
#7673 = CONICAL_SURFACE('',#7674,6.9,0.785398163397);
#7674 = AXIS2_PLACEMENT_3D('',#7675,#7676,#7677);
#7675 = CARTESIAN_POINT('',(100.,-6.,23.5));
#7676 = DIRECTION('',(-0.,-1.,-0.));
#7677 = DIRECTION('',(0.,-0.,1.));
#7678 = DEFINITIONAL_REPRESENTATION('',(#7679),#7683);
#7679 = LINE('',#7680,#7681);
#7680 = CARTESIAN_POINT('',(-0.,-0.));
#7681 = VECTOR('',#7682,1.);
#7682 = DIRECTION('',(-1.,-0.));
#7683 = ( GEOMETRIC_REPRESENTATION_CONTEXT(2) 
PARAMETRIC_REPRESENTATION_CONTEXT() REPRESENTATION_CONTEXT('2D SPACE',''
  ) );
#7684 = ADVANCED_FACE('',(#7685,#7688),#3760,.F.);
#7685 = FACE_BOUND('',#7686,.F.);
#7686 = EDGE_LOOP('',(#7687));
#7687 = ORIENTED_EDGE('',*,*,#3745,.T.);
#7688 = FACE_BOUND('',#7689,.F.);
#7689 = EDGE_LOOP('',(#7690));
#7690 = ORIENTED_EDGE('',*,*,#7691,.F.);
#7691 = EDGE_CURVE('',#7692,#7692,#7694,.T.);
#7692 = VERTEX_POINT('',#7693);
#7693 = CARTESIAN_POINT('',(140.,-6.,30.4));
#7694 = SURFACE_CURVE('',#7695,(#7700,#7707),.PCURVE_S1.);
#7695 = CIRCLE('',#7696,6.9);
#7696 = AXIS2_PLACEMENT_3D('',#7697,#7698,#7699);
#7697 = CARTESIAN_POINT('',(140.,-6.,23.5));
#7698 = DIRECTION('',(0.,1.,0.));
#7699 = DIRECTION('',(0.,-0.,1.));
#7700 = PCURVE('',#3760,#7701);
#7701 = DEFINITIONAL_REPRESENTATION('',(#7702),#7706);
#7702 = CIRCLE('',#7703,6.9);
#7703 = AXIS2_PLACEMENT_2D('',#7704,#7705);
#7704 = CARTESIAN_POINT('',(0.,0.));
#7705 = DIRECTION('',(1.,0.));
#7706 = ( GEOMETRIC_REPRESENTATION_CONTEXT(2) 
PARAMETRIC_REPRESENTATION_CONTEXT() REPRESENTATION_CONTEXT('2D SPACE',''
  ) );
#7707 = PCURVE('',#7708,#7713);
#7708 = CONICAL_SURFACE('',#7709,6.9,0.785398163397);
#7709 = AXIS2_PLACEMENT_3D('',#7710,#7711,#7712);
#7710 = CARTESIAN_POINT('',(140.,-6.,23.5));
#7711 = DIRECTION('',(-0.,-1.,-0.));
#7712 = DIRECTION('',(0.,-0.,1.));
#7713 = DEFINITIONAL_REPRESENTATION('',(#7714),#7718);
#7714 = LINE('',#7715,#7716);
#7715 = CARTESIAN_POINT('',(-0.,-0.));
#7716 = VECTOR('',#7717,1.);
#7717 = DIRECTION('',(-1.,-0.));
#7718 = ( GEOMETRIC_REPRESENTATION_CONTEXT(2) 
PARAMETRIC_REPRESENTATION_CONTEXT() REPRESENTATION_CONTEXT('2D SPACE',''
  ) );
#7719 = ADVANCED_FACE('',(#7720,#7723),#3819,.F.);
#7720 = FACE_BOUND('',#7721,.F.);
#7721 = EDGE_LOOP('',(#7722));
#7722 = ORIENTED_EDGE('',*,*,#3804,.T.);
#7723 = FACE_BOUND('',#7724,.F.);
#7724 = EDGE_LOOP('',(#7725));
#7725 = ORIENTED_EDGE('',*,*,#7726,.F.);
#7726 = EDGE_CURVE('',#7727,#7727,#7729,.T.);
#7727 = VERTEX_POINT('',#7728);
#7728 = CARTESIAN_POINT('',(180.,-6.,30.4));
#7729 = SURFACE_CURVE('',#7730,(#7735,#7742),.PCURVE_S1.);
#7730 = CIRCLE('',#7731,6.9);
#7731 = AXIS2_PLACEMENT_3D('',#7732,#7733,#7734);
#7732 = CARTESIAN_POINT('',(180.,-6.,23.5));
#7733 = DIRECTION('',(0.,1.,0.));
#7734 = DIRECTION('',(0.,-0.,1.));
#7735 = PCURVE('',#3819,#7736);
#7736 = DEFINITIONAL_REPRESENTATION('',(#7737),#7741);
#7737 = CIRCLE('',#7738,6.9);
#7738 = AXIS2_PLACEMENT_2D('',#7739,#7740);
#7739 = CARTESIAN_POINT('',(0.,0.));
#7740 = DIRECTION('',(1.,0.));
#7741 = ( GEOMETRIC_REPRESENTATION_CONTEXT(2) 
PARAMETRIC_REPRESENTATION_CONTEXT() REPRESENTATION_CONTEXT('2D SPACE',''
  ) );
#7742 = PCURVE('',#7743,#7748);
#7743 = CONICAL_SURFACE('',#7744,6.9,0.785398163397);
#7744 = AXIS2_PLACEMENT_3D('',#7745,#7746,#7747);
#7745 = CARTESIAN_POINT('',(180.,-6.,23.5));
#7746 = DIRECTION('',(-0.,-1.,-0.));
#7747 = DIRECTION('',(0.,-0.,1.));
#7748 = DEFINITIONAL_REPRESENTATION('',(#7749),#7753);
#7749 = LINE('',#7750,#7751);
#7750 = CARTESIAN_POINT('',(-0.,-0.));
#7751 = VECTOR('',#7752,1.);
#7752 = DIRECTION('',(-1.,-0.));
#7753 = ( GEOMETRIC_REPRESENTATION_CONTEXT(2) 
PARAMETRIC_REPRESENTATION_CONTEXT() REPRESENTATION_CONTEXT('2D SPACE',''
  ) );
#7754 = ADVANCED_FACE('',(#7755,#7758),#3874,.F.);
#7755 = FACE_BOUND('',#7756,.F.);
#7756 = EDGE_LOOP('',(#7757));
#7757 = ORIENTED_EDGE('',*,*,#3859,.T.);
#7758 = FACE_BOUND('',#7759,.F.);
#7759 = EDGE_LOOP('',(#7760));
#7760 = ORIENTED_EDGE('',*,*,#7761,.F.);
#7761 = EDGE_CURVE('',#7762,#7762,#7764,.T.);
#7762 = VERTEX_POINT('',#7763);
#7763 = CARTESIAN_POINT('',(20.,-6.,70.4));
#7764 = SURFACE_CURVE('',#7765,(#7770,#7777),.PCURVE_S1.);
#7765 = CIRCLE('',#7766,6.9);
#7766 = AXIS2_PLACEMENT_3D('',#7767,#7768,#7769);
#7767 = CARTESIAN_POINT('',(20.,-6.,63.5));
#7768 = DIRECTION('',(0.,1.,0.));
#7769 = DIRECTION('',(0.,-0.,1.));
#7770 = PCURVE('',#3874,#7771);
#7771 = DEFINITIONAL_REPRESENTATION('',(#7772),#7776);
#7772 = CIRCLE('',#7773,6.9);
#7773 = AXIS2_PLACEMENT_2D('',#7774,#7775);
#7774 = CARTESIAN_POINT('',(0.,0.));
#7775 = DIRECTION('',(1.,0.));
#7776 = ( GEOMETRIC_REPRESENTATION_CONTEXT(2) 
PARAMETRIC_REPRESENTATION_CONTEXT() REPRESENTATION_CONTEXT('2D SPACE',''
  ) );
#7777 = PCURVE('',#7778,#7783);
#7778 = CONICAL_SURFACE('',#7779,6.9,0.785398163397);
#7779 = AXIS2_PLACEMENT_3D('',#7780,#7781,#7782);
#7780 = CARTESIAN_POINT('',(20.,-6.,63.5));
#7781 = DIRECTION('',(-0.,-1.,-0.));
#7782 = DIRECTION('',(0.,-0.,1.));
#7783 = DEFINITIONAL_REPRESENTATION('',(#7784),#7788);
#7784 = LINE('',#7785,#7786);
#7785 = CARTESIAN_POINT('',(-0.,-0.));
#7786 = VECTOR('',#7787,1.);
#7787 = DIRECTION('',(-1.,-0.));
#7788 = ( GEOMETRIC_REPRESENTATION_CONTEXT(2) 
PARAMETRIC_REPRESENTATION_CONTEXT() REPRESENTATION_CONTEXT('2D SPACE',''
  ) );
#7789 = ADVANCED_FACE('',(#7790,#7793),#3933,.F.);
#7790 = FACE_BOUND('',#7791,.F.);
#7791 = EDGE_LOOP('',(#7792));
#7792 = ORIENTED_EDGE('',*,*,#3918,.T.);
#7793 = FACE_BOUND('',#7794,.F.);
#7794 = EDGE_LOOP('',(#7795));
#7795 = ORIENTED_EDGE('',*,*,#7796,.F.);
#7796 = EDGE_CURVE('',#7797,#7797,#7799,.T.);
#7797 = VERTEX_POINT('',#7798);
#7798 = CARTESIAN_POINT('',(60.,-6.,70.4));
#7799 = SURFACE_CURVE('',#7800,(#7805,#7812),.PCURVE_S1.);
#7800 = CIRCLE('',#7801,6.9);
#7801 = AXIS2_PLACEMENT_3D('',#7802,#7803,#7804);
#7802 = CARTESIAN_POINT('',(60.,-6.,63.5));
#7803 = DIRECTION('',(0.,1.,0.));
#7804 = DIRECTION('',(0.,-0.,1.));
#7805 = PCURVE('',#3933,#7806);
#7806 = DEFINITIONAL_REPRESENTATION('',(#7807),#7811);
#7807 = CIRCLE('',#7808,6.9);
#7808 = AXIS2_PLACEMENT_2D('',#7809,#7810);
#7809 = CARTESIAN_POINT('',(0.,0.));
#7810 = DIRECTION('',(1.,0.));
#7811 = ( GEOMETRIC_REPRESENTATION_CONTEXT(2) 
PARAMETRIC_REPRESENTATION_CONTEXT() REPRESENTATION_CONTEXT('2D SPACE',''
  ) );
#7812 = PCURVE('',#7813,#7818);
#7813 = CONICAL_SURFACE('',#7814,6.9,0.785398163397);
#7814 = AXIS2_PLACEMENT_3D('',#7815,#7816,#7817);
#7815 = CARTESIAN_POINT('',(60.,-6.,63.5));
#7816 = DIRECTION('',(-0.,-1.,-0.));
#7817 = DIRECTION('',(0.,-0.,1.));
#7818 = DEFINITIONAL_REPRESENTATION('',(#7819),#7823);
#7819 = LINE('',#7820,#7821);
#7820 = CARTESIAN_POINT('',(-0.,-0.));
#7821 = VECTOR('',#7822,1.);
#7822 = DIRECTION('',(-1.,-0.));
#7823 = ( GEOMETRIC_REPRESENTATION_CONTEXT(2) 
PARAMETRIC_REPRESENTATION_CONTEXT() REPRESENTATION_CONTEXT('2D SPACE',''
  ) );
#7824 = ADVANCED_FACE('',(#7825,#7828),#3988,.F.);
#7825 = FACE_BOUND('',#7826,.F.);
#7826 = EDGE_LOOP('',(#7827));
#7827 = ORIENTED_EDGE('',*,*,#3973,.T.);
#7828 = FACE_BOUND('',#7829,.F.);
#7829 = EDGE_LOOP('',(#7830));
#7830 = ORIENTED_EDGE('',*,*,#7831,.F.);
#7831 = EDGE_CURVE('',#7832,#7832,#7834,.T.);
#7832 = VERTEX_POINT('',#7833);
#7833 = CARTESIAN_POINT('',(100.,-6.,70.4));
#7834 = SURFACE_CURVE('',#7835,(#7840,#7847),.PCURVE_S1.);
#7835 = CIRCLE('',#7836,6.9);
#7836 = AXIS2_PLACEMENT_3D('',#7837,#7838,#7839);
#7837 = CARTESIAN_POINT('',(100.,-6.,63.5));
#7838 = DIRECTION('',(0.,1.,0.));
#7839 = DIRECTION('',(0.,-0.,1.));
#7840 = PCURVE('',#3988,#7841);
#7841 = DEFINITIONAL_REPRESENTATION('',(#7842),#7846);
#7842 = CIRCLE('',#7843,6.9);
#7843 = AXIS2_PLACEMENT_2D('',#7844,#7845);
#7844 = CARTESIAN_POINT('',(0.,0.));
#7845 = DIRECTION('',(1.,0.));
#7846 = ( GEOMETRIC_REPRESENTATION_CONTEXT(2) 
PARAMETRIC_REPRESENTATION_CONTEXT() REPRESENTATION_CONTEXT('2D SPACE',''
  ) );
#7847 = PCURVE('',#7848,#7853);
#7848 = CONICAL_SURFACE('',#7849,6.9,0.785398163397);
#7849 = AXIS2_PLACEMENT_3D('',#7850,#7851,#7852);
#7850 = CARTESIAN_POINT('',(100.,-6.,63.5));
#7851 = DIRECTION('',(-0.,-1.,-0.));
#7852 = DIRECTION('',(0.,-0.,1.));
#7853 = DEFINITIONAL_REPRESENTATION('',(#7854),#7858);
#7854 = LINE('',#7855,#7856);
#7855 = CARTESIAN_POINT('',(-0.,-0.));
#7856 = VECTOR('',#7857,1.);
#7857 = DIRECTION('',(-1.,-0.));
#7858 = ( GEOMETRIC_REPRESENTATION_CONTEXT(2) 
PARAMETRIC_REPRESENTATION_CONTEXT() REPRESENTATION_CONTEXT('2D SPACE',''
  ) );
#7859 = ADVANCED_FACE('',(#7860,#7863),#4043,.F.);
#7860 = FACE_BOUND('',#7861,.F.);
#7861 = EDGE_LOOP('',(#7862));
#7862 = ORIENTED_EDGE('',*,*,#4028,.T.);
#7863 = FACE_BOUND('',#7864,.F.);
#7864 = EDGE_LOOP('',(#7865));
#7865 = ORIENTED_EDGE('',*,*,#7866,.F.);
#7866 = EDGE_CURVE('',#7867,#7867,#7869,.T.);
#7867 = VERTEX_POINT('',#7868);
#7868 = CARTESIAN_POINT('',(140.,-6.,70.4));
#7869 = SURFACE_CURVE('',#7870,(#7875,#7882),.PCURVE_S1.);
#7870 = CIRCLE('',#7871,6.9);
#7871 = AXIS2_PLACEMENT_3D('',#7872,#7873,#7874);
#7872 = CARTESIAN_POINT('',(140.,-6.,63.5));
#7873 = DIRECTION('',(0.,1.,0.));
#7874 = DIRECTION('',(0.,-0.,1.));
#7875 = PCURVE('',#4043,#7876);
#7876 = DEFINITIONAL_REPRESENTATION('',(#7877),#7881);
#7877 = CIRCLE('',#7878,6.9);
#7878 = AXIS2_PLACEMENT_2D('',#7879,#7880);
#7879 = CARTESIAN_POINT('',(0.,0.));
#7880 = DIRECTION('',(1.,0.));
#7881 = ( GEOMETRIC_REPRESENTATION_CONTEXT(2) 
PARAMETRIC_REPRESENTATION_CONTEXT() REPRESENTATION_CONTEXT('2D SPACE',''
  ) );
#7882 = PCURVE('',#7883,#7888);
#7883 = CONICAL_SURFACE('',#7884,6.9,0.785398163397);
#7884 = AXIS2_PLACEMENT_3D('',#7885,#7886,#7887);
#7885 = CARTESIAN_POINT('',(140.,-6.,63.5));
#7886 = DIRECTION('',(-0.,-1.,-0.));
#7887 = DIRECTION('',(0.,-0.,1.));
#7888 = DEFINITIONAL_REPRESENTATION('',(#7889),#7893);
#7889 = LINE('',#7890,#7891);
#7890 = CARTESIAN_POINT('',(-0.,-0.));
#7891 = VECTOR('',#7892,1.);
#7892 = DIRECTION('',(-1.,-0.));
#7893 = ( GEOMETRIC_REPRESENTATION_CONTEXT(2) 
PARAMETRIC_REPRESENTATION_CONTEXT() REPRESENTATION_CONTEXT('2D SPACE',''
  ) );
#7894 = ADVANCED_FACE('',(#7895,#7898),#4098,.F.);
#7895 = FACE_BOUND('',#7896,.F.);
#7896 = EDGE_LOOP('',(#7897));
#7897 = ORIENTED_EDGE('',*,*,#4083,.T.);
#7898 = FACE_BOUND('',#7899,.F.);
#7899 = EDGE_LOOP('',(#7900));
#7900 = ORIENTED_EDGE('',*,*,#7901,.F.);
#7901 = EDGE_CURVE('',#7902,#7902,#7904,.T.);
#7902 = VERTEX_POINT('',#7903);
#7903 = CARTESIAN_POINT('',(180.,-6.,70.4));
#7904 = SURFACE_CURVE('',#7905,(#7910,#7917),.PCURVE_S1.);
#7905 = CIRCLE('',#7906,6.9);
#7906 = AXIS2_PLACEMENT_3D('',#7907,#7908,#7909);
#7907 = CARTESIAN_POINT('',(180.,-6.,63.5));
#7908 = DIRECTION('',(0.,1.,0.));
#7909 = DIRECTION('',(0.,-0.,1.));
#7910 = PCURVE('',#4098,#7911);
#7911 = DEFINITIONAL_REPRESENTATION('',(#7912),#7916);
#7912 = CIRCLE('',#7913,6.9);
#7913 = AXIS2_PLACEMENT_2D('',#7914,#7915);
#7914 = CARTESIAN_POINT('',(0.,0.));
#7915 = DIRECTION('',(1.,0.));
#7916 = ( GEOMETRIC_REPRESENTATION_CONTEXT(2) 
PARAMETRIC_REPRESENTATION_CONTEXT() REPRESENTATION_CONTEXT('2D SPACE',''
  ) );
#7917 = PCURVE('',#7918,#7923);
#7918 = CONICAL_SURFACE('',#7919,6.9,0.785398163397);
#7919 = AXIS2_PLACEMENT_3D('',#7920,#7921,#7922);
#7920 = CARTESIAN_POINT('',(180.,-6.,63.5));
#7921 = DIRECTION('',(-0.,-1.,-0.));
#7922 = DIRECTION('',(0.,-0.,1.));
#7923 = DEFINITIONAL_REPRESENTATION('',(#7924),#7928);
#7924 = LINE('',#7925,#7926);
#7925 = CARTESIAN_POINT('',(-0.,-0.));
#7926 = VECTOR('',#7927,1.);
#7927 = DIRECTION('',(-1.,-0.));
#7928 = ( GEOMETRIC_REPRESENTATION_CONTEXT(2) 
PARAMETRIC_REPRESENTATION_CONTEXT() REPRESENTATION_CONTEXT('2D SPACE',''
  ) );
#7929 = ADVANCED_FACE('',(#7930),#4416,.F.);
#7930 = FACE_BOUND('',#7931,.F.);
#7931 = EDGE_LOOP('',(#7932,#7956,#7977,#7978,#7979,#7980));
#7932 = ORIENTED_EDGE('',*,*,#7933,.T.);
#7933 = EDGE_CURVE('',#7934,#7934,#7936,.T.);
#7934 = VERTEX_POINT('',#7935);
#7935 = CARTESIAN_POINT('',(-180.,-5.,29.4));
#7936 = SURFACE_CURVE('',#7937,(#7942,#7949),.PCURVE_S1.);
#7937 = CIRCLE('',#7938,5.9);
#7938 = AXIS2_PLACEMENT_3D('',#7939,#7940,#7941);
#7939 = CARTESIAN_POINT('',(-180.,-5.,23.5));
#7940 = DIRECTION('',(0.,1.,0.));
#7941 = DIRECTION('',(0.,-0.,1.));
#7942 = PCURVE('',#4416,#7943);
#7943 = DEFINITIONAL_REPRESENTATION('',(#7944),#7948);
#7944 = LINE('',#7945,#7946);
#7945 = CARTESIAN_POINT('',(0.,1.));
#7946 = VECTOR('',#7947,1.);
#7947 = DIRECTION('',(1.,0.));
#7948 = ( GEOMETRIC_REPRESENTATION_CONTEXT(2) 
PARAMETRIC_REPRESENTATION_CONTEXT() REPRESENTATION_CONTEXT('2D SPACE',''
  ) );
#7949 = PCURVE('',#7253,#7950);
#7950 = DEFINITIONAL_REPRESENTATION('',(#7951),#7955);
#7951 = LINE('',#7952,#7953);
#7952 = CARTESIAN_POINT('',(-0.,-1.));
#7953 = VECTOR('',#7954,1.);
#7954 = DIRECTION('',(-1.,-0.));
#7955 = ( GEOMETRIC_REPRESENTATION_CONTEXT(2) 
PARAMETRIC_REPRESENTATION_CONTEXT() REPRESENTATION_CONTEXT('2D SPACE',''
  ) );
#7956 = ORIENTED_EDGE('',*,*,#7957,.T.);
#7957 = EDGE_CURVE('',#7934,#4118,#7958,.T.);
#7958 = SEAM_CURVE('',#7959,(#7963,#7970),.PCURVE_S1.);
#7959 = LINE('',#7960,#7961);
#7960 = CARTESIAN_POINT('',(-180.,-6.,29.4));
#7961 = VECTOR('',#7962,1.);
#7962 = DIRECTION('',(0.,1.,0.));
#7963 = PCURVE('',#4416,#7964);
#7964 = DEFINITIONAL_REPRESENTATION('',(#7965),#7969);
#7965 = LINE('',#7966,#7967);
#7966 = CARTESIAN_POINT('',(0.,-0.));
#7967 = VECTOR('',#7968,1.);
#7968 = DIRECTION('',(0.,1.));
#7969 = ( GEOMETRIC_REPRESENTATION_CONTEXT(2) 
PARAMETRIC_REPRESENTATION_CONTEXT() REPRESENTATION_CONTEXT('2D SPACE',''
  ) );
#7970 = PCURVE('',#4416,#7971);
#7971 = DEFINITIONAL_REPRESENTATION('',(#7972),#7976);
#7972 = LINE('',#7973,#7974);
#7973 = CARTESIAN_POINT('',(6.28318530718,-0.));
#7974 = VECTOR('',#7975,1.);
#7975 = DIRECTION('',(0.,1.));
#7976 = ( GEOMETRIC_REPRESENTATION_CONTEXT(2) 
PARAMETRIC_REPRESENTATION_CONTEXT() REPRESENTATION_CONTEXT('2D SPACE',''
  ) );
#7977 = ORIENTED_EDGE('',*,*,#4384,.T.);
#7978 = ORIENTED_EDGE('',*,*,#4477,.F.);
#7979 = ORIENTED_EDGE('',*,*,#4441,.F.);
#7980 = ORIENTED_EDGE('',*,*,#7957,.F.);
#7981 = ADVANCED_FACE('',(#7982),#4545,.F.);
#7982 = FACE_BOUND('',#7983,.F.);
#7983 = EDGE_LOOP('',(#7984,#8008,#8029,#8030,#8031,#8032));
#7984 = ORIENTED_EDGE('',*,*,#7985,.T.);
#7985 = EDGE_CURVE('',#7986,#7986,#7988,.T.);
#7986 = VERTEX_POINT('',#7987);
#7987 = CARTESIAN_POINT('',(-140.,-5.,29.4));
#7988 = SURFACE_CURVE('',#7989,(#7994,#8001),.PCURVE_S1.);
#7989 = CIRCLE('',#7990,5.9);
#7990 = AXIS2_PLACEMENT_3D('',#7991,#7992,#7993);
#7991 = CARTESIAN_POINT('',(-140.,-5.,23.5));
#7992 = DIRECTION('',(0.,1.,0.));
#7993 = DIRECTION('',(0.,-0.,1.));
#7994 = PCURVE('',#4545,#7995);
#7995 = DEFINITIONAL_REPRESENTATION('',(#7996),#8000);
#7996 = LINE('',#7997,#7998);
#7997 = CARTESIAN_POINT('',(0.,1.));
#7998 = VECTOR('',#7999,1.);
#7999 = DIRECTION('',(1.,0.));
#8000 = ( GEOMETRIC_REPRESENTATION_CONTEXT(2) 
PARAMETRIC_REPRESENTATION_CONTEXT() REPRESENTATION_CONTEXT('2D SPACE',''
  ) );
#8001 = PCURVE('',#7288,#8002);
#8002 = DEFINITIONAL_REPRESENTATION('',(#8003),#8007);
#8003 = LINE('',#8004,#8005);
#8004 = CARTESIAN_POINT('',(-0.,-1.));
#8005 = VECTOR('',#8006,1.);
#8006 = DIRECTION('',(-1.,-0.));
#8007 = ( GEOMETRIC_REPRESENTATION_CONTEXT(2) 
PARAMETRIC_REPRESENTATION_CONTEXT() REPRESENTATION_CONTEXT('2D SPACE',''
  ) );
#8008 = ORIENTED_EDGE('',*,*,#8009,.T.);
#8009 = EDGE_CURVE('',#7986,#4143,#8010,.T.);
#8010 = SEAM_CURVE('',#8011,(#8015,#8022),.PCURVE_S1.);
#8011 = LINE('',#8012,#8013);
#8012 = CARTESIAN_POINT('',(-140.,-6.,29.4));
#8013 = VECTOR('',#8014,1.);
#8014 = DIRECTION('',(0.,1.,0.));
#8015 = PCURVE('',#4545,#8016);
#8016 = DEFINITIONAL_REPRESENTATION('',(#8017),#8021);
#8017 = LINE('',#8018,#8019);
#8018 = CARTESIAN_POINT('',(0.,-0.));
#8019 = VECTOR('',#8020,1.);
#8020 = DIRECTION('',(0.,1.));
#8021 = ( GEOMETRIC_REPRESENTATION_CONTEXT(2) 
PARAMETRIC_REPRESENTATION_CONTEXT() REPRESENTATION_CONTEXT('2D SPACE',''
  ) );
#8022 = PCURVE('',#4545,#8023);
#8023 = DEFINITIONAL_REPRESENTATION('',(#8024),#8028);
#8024 = LINE('',#8025,#8026);
#8025 = CARTESIAN_POINT('',(6.28318530718,-0.));
#8026 = VECTOR('',#8027,1.);
#8027 = DIRECTION('',(0.,1.));
#8028 = ( GEOMETRIC_REPRESENTATION_CONTEXT(2) 
PARAMETRIC_REPRESENTATION_CONTEXT() REPRESENTATION_CONTEXT('2D SPACE',''
  ) );
#8029 = ORIENTED_EDGE('',*,*,#4513,.T.);
#8030 = ORIENTED_EDGE('',*,*,#4606,.F.);
#8031 = ORIENTED_EDGE('',*,*,#4570,.F.);
#8032 = ORIENTED_EDGE('',*,*,#8009,.F.);
#8033 = ADVANCED_FACE('',(#8034),#4674,.F.);
#8034 = FACE_BOUND('',#8035,.F.);
#8035 = EDGE_LOOP('',(#8036,#8060,#8081,#8082,#8083,#8084));
#8036 = ORIENTED_EDGE('',*,*,#8037,.T.);
#8037 = EDGE_CURVE('',#8038,#8038,#8040,.T.);
#8038 = VERTEX_POINT('',#8039);
#8039 = CARTESIAN_POINT('',(-100.,-5.,29.4));
#8040 = SURFACE_CURVE('',#8041,(#8046,#8053),.PCURVE_S1.);
#8041 = CIRCLE('',#8042,5.9);
#8042 = AXIS2_PLACEMENT_3D('',#8043,#8044,#8045);
#8043 = CARTESIAN_POINT('',(-100.,-5.,23.5));
#8044 = DIRECTION('',(0.,1.,0.));
#8045 = DIRECTION('',(0.,-0.,1.));
#8046 = PCURVE('',#4674,#8047);
#8047 = DEFINITIONAL_REPRESENTATION('',(#8048),#8052);
#8048 = LINE('',#8049,#8050);
#8049 = CARTESIAN_POINT('',(0.,1.));
#8050 = VECTOR('',#8051,1.);
#8051 = DIRECTION('',(1.,0.));
#8052 = ( GEOMETRIC_REPRESENTATION_CONTEXT(2) 
PARAMETRIC_REPRESENTATION_CONTEXT() REPRESENTATION_CONTEXT('2D SPACE',''
  ) );
#8053 = PCURVE('',#7323,#8054);
#8054 = DEFINITIONAL_REPRESENTATION('',(#8055),#8059);
#8055 = LINE('',#8056,#8057);
#8056 = CARTESIAN_POINT('',(-0.,-1.));
#8057 = VECTOR('',#8058,1.);
#8058 = DIRECTION('',(-1.,-0.));
#8059 = ( GEOMETRIC_REPRESENTATION_CONTEXT(2) 
PARAMETRIC_REPRESENTATION_CONTEXT() REPRESENTATION_CONTEXT('2D SPACE',''
  ) );
#8060 = ORIENTED_EDGE('',*,*,#8061,.T.);
#8061 = EDGE_CURVE('',#8038,#4166,#8062,.T.);
#8062 = SEAM_CURVE('',#8063,(#8067,#8074),.PCURVE_S1.);
#8063 = LINE('',#8064,#8065);
#8064 = CARTESIAN_POINT('',(-100.,-6.,29.4));
#8065 = VECTOR('',#8066,1.);
#8066 = DIRECTION('',(0.,1.,0.));
#8067 = PCURVE('',#4674,#8068);
#8068 = DEFINITIONAL_REPRESENTATION('',(#8069),#8073);
#8069 = LINE('',#8070,#8071);
#8070 = CARTESIAN_POINT('',(0.,-0.));
#8071 = VECTOR('',#8072,1.);
#8072 = DIRECTION('',(0.,1.));
#8073 = ( GEOMETRIC_REPRESENTATION_CONTEXT(2) 
PARAMETRIC_REPRESENTATION_CONTEXT() REPRESENTATION_CONTEXT('2D SPACE',''
  ) );
#8074 = PCURVE('',#4674,#8075);
#8075 = DEFINITIONAL_REPRESENTATION('',(#8076),#8080);
#8076 = LINE('',#8077,#8078);
#8077 = CARTESIAN_POINT('',(6.28318530718,-0.));
#8078 = VECTOR('',#8079,1.);
#8079 = DIRECTION('',(0.,1.));
#8080 = ( GEOMETRIC_REPRESENTATION_CONTEXT(2) 
PARAMETRIC_REPRESENTATION_CONTEXT() REPRESENTATION_CONTEXT('2D SPACE',''
  ) );
#8081 = ORIENTED_EDGE('',*,*,#4642,.T.);
#8082 = ORIENTED_EDGE('',*,*,#4735,.F.);
#8083 = ORIENTED_EDGE('',*,*,#4699,.F.);
#8084 = ORIENTED_EDGE('',*,*,#8061,.F.);
#8085 = ADVANCED_FACE('',(#8086),#4803,.F.);
#8086 = FACE_BOUND('',#8087,.F.);
#8087 = EDGE_LOOP('',(#8088,#8112,#8133,#8134,#8135,#8136));
#8088 = ORIENTED_EDGE('',*,*,#8089,.T.);
#8089 = EDGE_CURVE('',#8090,#8090,#8092,.T.);
#8090 = VERTEX_POINT('',#8091);
#8091 = CARTESIAN_POINT('',(-60.,-5.,29.4));
#8092 = SURFACE_CURVE('',#8093,(#8098,#8105),.PCURVE_S1.);
#8093 = CIRCLE('',#8094,5.9);
#8094 = AXIS2_PLACEMENT_3D('',#8095,#8096,#8097);
#8095 = CARTESIAN_POINT('',(-60.,-5.,23.5));
#8096 = DIRECTION('',(0.,1.,0.));
#8097 = DIRECTION('',(0.,-0.,1.));
#8098 = PCURVE('',#4803,#8099);
#8099 = DEFINITIONAL_REPRESENTATION('',(#8100),#8104);
#8100 = LINE('',#8101,#8102);
#8101 = CARTESIAN_POINT('',(0.,1.));
#8102 = VECTOR('',#8103,1.);
#8103 = DIRECTION('',(1.,0.));
#8104 = ( GEOMETRIC_REPRESENTATION_CONTEXT(2) 
PARAMETRIC_REPRESENTATION_CONTEXT() REPRESENTATION_CONTEXT('2D SPACE',''
  ) );
#8105 = PCURVE('',#7358,#8106);
#8106 = DEFINITIONAL_REPRESENTATION('',(#8107),#8111);
#8107 = LINE('',#8108,#8109);
#8108 = CARTESIAN_POINT('',(-0.,-1.));
#8109 = VECTOR('',#8110,1.);
#8110 = DIRECTION('',(-1.,-0.));
#8111 = ( GEOMETRIC_REPRESENTATION_CONTEXT(2) 
PARAMETRIC_REPRESENTATION_CONTEXT() REPRESENTATION_CONTEXT('2D SPACE',''
  ) );
#8112 = ORIENTED_EDGE('',*,*,#8113,.T.);
#8113 = EDGE_CURVE('',#8090,#4189,#8114,.T.);
#8114 = SEAM_CURVE('',#8115,(#8119,#8126),.PCURVE_S1.);
#8115 = LINE('',#8116,#8117);
#8116 = CARTESIAN_POINT('',(-60.,-6.,29.4));
#8117 = VECTOR('',#8118,1.);
#8118 = DIRECTION('',(0.,1.,0.));
#8119 = PCURVE('',#4803,#8120);
#8120 = DEFINITIONAL_REPRESENTATION('',(#8121),#8125);
#8121 = LINE('',#8122,#8123);
#8122 = CARTESIAN_POINT('',(0.,-0.));
#8123 = VECTOR('',#8124,1.);
#8124 = DIRECTION('',(0.,1.));
#8125 = ( GEOMETRIC_REPRESENTATION_CONTEXT(2) 
PARAMETRIC_REPRESENTATION_CONTEXT() REPRESENTATION_CONTEXT('2D SPACE',''
  ) );
#8126 = PCURVE('',#4803,#8127);
#8127 = DEFINITIONAL_REPRESENTATION('',(#8128),#8132);
#8128 = LINE('',#8129,#8130);
#8129 = CARTESIAN_POINT('',(6.28318530718,-0.));
#8130 = VECTOR('',#8131,1.);
#8131 = DIRECTION('',(0.,1.));
#8132 = ( GEOMETRIC_REPRESENTATION_CONTEXT(2) 
PARAMETRIC_REPRESENTATION_CONTEXT() REPRESENTATION_CONTEXT('2D SPACE',''
  ) );
#8133 = ORIENTED_EDGE('',*,*,#4771,.T.);
#8134 = ORIENTED_EDGE('',*,*,#4864,.F.);
#8135 = ORIENTED_EDGE('',*,*,#4828,.F.);
#8136 = ORIENTED_EDGE('',*,*,#8113,.F.);
#8137 = ADVANCED_FACE('',(#8138),#4932,.F.);
#8138 = FACE_BOUND('',#8139,.F.);
#8139 = EDGE_LOOP('',(#8140,#8164,#8185,#8186,#8187,#8188));
#8140 = ORIENTED_EDGE('',*,*,#8141,.T.);
#8141 = EDGE_CURVE('',#8142,#8142,#8144,.T.);
#8142 = VERTEX_POINT('',#8143);
#8143 = CARTESIAN_POINT('',(-20.,-5.,29.4));
#8144 = SURFACE_CURVE('',#8145,(#8150,#8157),.PCURVE_S1.);
#8145 = CIRCLE('',#8146,5.9);
#8146 = AXIS2_PLACEMENT_3D('',#8147,#8148,#8149);
#8147 = CARTESIAN_POINT('',(-20.,-5.,23.5));
#8148 = DIRECTION('',(0.,1.,0.));
#8149 = DIRECTION('',(0.,-0.,1.));
#8150 = PCURVE('',#4932,#8151);
#8151 = DEFINITIONAL_REPRESENTATION('',(#8152),#8156);
#8152 = LINE('',#8153,#8154);
#8153 = CARTESIAN_POINT('',(0.,1.));
#8154 = VECTOR('',#8155,1.);
#8155 = DIRECTION('',(1.,0.));
#8156 = ( GEOMETRIC_REPRESENTATION_CONTEXT(2) 
PARAMETRIC_REPRESENTATION_CONTEXT() REPRESENTATION_CONTEXT('2D SPACE',''
  ) );
#8157 = PCURVE('',#7393,#8158);
#8158 = DEFINITIONAL_REPRESENTATION('',(#8159),#8163);
#8159 = LINE('',#8160,#8161);
#8160 = CARTESIAN_POINT('',(-0.,-1.));
#8161 = VECTOR('',#8162,1.);
#8162 = DIRECTION('',(-1.,-0.));
#8163 = ( GEOMETRIC_REPRESENTATION_CONTEXT(2) 
PARAMETRIC_REPRESENTATION_CONTEXT() REPRESENTATION_CONTEXT('2D SPACE',''
  ) );
#8164 = ORIENTED_EDGE('',*,*,#8165,.T.);
#8165 = EDGE_CURVE('',#8142,#4212,#8166,.T.);
#8166 = SEAM_CURVE('',#8167,(#8171,#8178),.PCURVE_S1.);
#8167 = LINE('',#8168,#8169);
#8168 = CARTESIAN_POINT('',(-20.,-6.,29.4));
#8169 = VECTOR('',#8170,1.);
#8170 = DIRECTION('',(0.,1.,0.));
#8171 = PCURVE('',#4932,#8172);
#8172 = DEFINITIONAL_REPRESENTATION('',(#8173),#8177);
#8173 = LINE('',#8174,#8175);
#8174 = CARTESIAN_POINT('',(0.,-0.));
#8175 = VECTOR('',#8176,1.);
#8176 = DIRECTION('',(0.,1.));
#8177 = ( GEOMETRIC_REPRESENTATION_CONTEXT(2) 
PARAMETRIC_REPRESENTATION_CONTEXT() REPRESENTATION_CONTEXT('2D SPACE',''
  ) );
#8178 = PCURVE('',#4932,#8179);
#8179 = DEFINITIONAL_REPRESENTATION('',(#8180),#8184);
#8180 = LINE('',#8181,#8182);
#8181 = CARTESIAN_POINT('',(6.28318530718,-0.));
#8182 = VECTOR('',#8183,1.);
#8183 = DIRECTION('',(0.,1.));
#8184 = ( GEOMETRIC_REPRESENTATION_CONTEXT(2) 
PARAMETRIC_REPRESENTATION_CONTEXT() REPRESENTATION_CONTEXT('2D SPACE',''
  ) );
#8185 = ORIENTED_EDGE('',*,*,#4900,.T.);
#8186 = ORIENTED_EDGE('',*,*,#4993,.F.);
#8187 = ORIENTED_EDGE('',*,*,#4957,.F.);
#8188 = ORIENTED_EDGE('',*,*,#8165,.F.);
#8189 = ADVANCED_FACE('',(#8190),#5061,.F.);
#8190 = FACE_BOUND('',#8191,.F.);
#8191 = EDGE_LOOP('',(#8192,#8216,#8237,#8238,#8239,#8240));
#8192 = ORIENTED_EDGE('',*,*,#8193,.T.);
#8193 = EDGE_CURVE('',#8194,#8194,#8196,.T.);
#8194 = VERTEX_POINT('',#8195);
#8195 = CARTESIAN_POINT('',(20.,-5.,29.4));
#8196 = SURFACE_CURVE('',#8197,(#8202,#8209),.PCURVE_S1.);
#8197 = CIRCLE('',#8198,5.9);
#8198 = AXIS2_PLACEMENT_3D('',#8199,#8200,#8201);
#8199 = CARTESIAN_POINT('',(20.,-5.,23.5));
#8200 = DIRECTION('',(0.,1.,0.));
#8201 = DIRECTION('',(0.,-0.,1.));
#8202 = PCURVE('',#5061,#8203);
#8203 = DEFINITIONAL_REPRESENTATION('',(#8204),#8208);
#8204 = LINE('',#8205,#8206);
#8205 = CARTESIAN_POINT('',(0.,1.));
#8206 = VECTOR('',#8207,1.);
#8207 = DIRECTION('',(1.,0.));
#8208 = ( GEOMETRIC_REPRESENTATION_CONTEXT(2) 
PARAMETRIC_REPRESENTATION_CONTEXT() REPRESENTATION_CONTEXT('2D SPACE',''
  ) );
#8209 = PCURVE('',#7603,#8210);
#8210 = DEFINITIONAL_REPRESENTATION('',(#8211),#8215);
#8211 = LINE('',#8212,#8213);
#8212 = CARTESIAN_POINT('',(-0.,-1.));
#8213 = VECTOR('',#8214,1.);
#8214 = DIRECTION('',(-1.,-0.));
#8215 = ( GEOMETRIC_REPRESENTATION_CONTEXT(2) 
PARAMETRIC_REPRESENTATION_CONTEXT() REPRESENTATION_CONTEXT('2D SPACE',''
  ) );
#8216 = ORIENTED_EDGE('',*,*,#8217,.T.);
#8217 = EDGE_CURVE('',#8194,#4235,#8218,.T.);
#8218 = SEAM_CURVE('',#8219,(#8223,#8230),.PCURVE_S1.);
#8219 = LINE('',#8220,#8221);
#8220 = CARTESIAN_POINT('',(20.,-6.,29.4));
#8221 = VECTOR('',#8222,1.);
#8222 = DIRECTION('',(0.,1.,0.));
#8223 = PCURVE('',#5061,#8224);
#8224 = DEFINITIONAL_REPRESENTATION('',(#8225),#8229);
#8225 = LINE('',#8226,#8227);
#8226 = CARTESIAN_POINT('',(0.,-0.));
#8227 = VECTOR('',#8228,1.);
#8228 = DIRECTION('',(0.,1.));
#8229 = ( GEOMETRIC_REPRESENTATION_CONTEXT(2) 
PARAMETRIC_REPRESENTATION_CONTEXT() REPRESENTATION_CONTEXT('2D SPACE',''
  ) );
#8230 = PCURVE('',#5061,#8231);
#8231 = DEFINITIONAL_REPRESENTATION('',(#8232),#8236);
#8232 = LINE('',#8233,#8234);
#8233 = CARTESIAN_POINT('',(6.28318530718,-0.));
#8234 = VECTOR('',#8235,1.);
#8235 = DIRECTION('',(0.,1.));
#8236 = ( GEOMETRIC_REPRESENTATION_CONTEXT(2) 
PARAMETRIC_REPRESENTATION_CONTEXT() REPRESENTATION_CONTEXT('2D SPACE',''
  ) );
#8237 = ORIENTED_EDGE('',*,*,#5029,.T.);
#8238 = ORIENTED_EDGE('',*,*,#5122,.F.);
#8239 = ORIENTED_EDGE('',*,*,#5086,.F.);
#8240 = ORIENTED_EDGE('',*,*,#8217,.F.);
#8241 = ADVANCED_FACE('',(#8242),#5190,.F.);
#8242 = FACE_BOUND('',#8243,.F.);
#8243 = EDGE_LOOP('',(#8244,#8268,#8289,#8290,#8291,#8292));
#8244 = ORIENTED_EDGE('',*,*,#8245,.T.);
#8245 = EDGE_CURVE('',#8246,#8246,#8248,.T.);
#8246 = VERTEX_POINT('',#8247);
#8247 = CARTESIAN_POINT('',(60.,-5.,29.4));
#8248 = SURFACE_CURVE('',#8249,(#8254,#8261),.PCURVE_S1.);
#8249 = CIRCLE('',#8250,5.9);
#8250 = AXIS2_PLACEMENT_3D('',#8251,#8252,#8253);
#8251 = CARTESIAN_POINT('',(60.,-5.,23.5));
#8252 = DIRECTION('',(0.,1.,0.));
#8253 = DIRECTION('',(0.,-0.,1.));
#8254 = PCURVE('',#5190,#8255);
#8255 = DEFINITIONAL_REPRESENTATION('',(#8256),#8260);
#8256 = LINE('',#8257,#8258);
#8257 = CARTESIAN_POINT('',(0.,1.));
#8258 = VECTOR('',#8259,1.);
#8259 = DIRECTION('',(1.,0.));
#8260 = ( GEOMETRIC_REPRESENTATION_CONTEXT(2) 
PARAMETRIC_REPRESENTATION_CONTEXT() REPRESENTATION_CONTEXT('2D SPACE',''
  ) );
#8261 = PCURVE('',#7638,#8262);
#8262 = DEFINITIONAL_REPRESENTATION('',(#8263),#8267);
#8263 = LINE('',#8264,#8265);
#8264 = CARTESIAN_POINT('',(-0.,-1.));
#8265 = VECTOR('',#8266,1.);
#8266 = DIRECTION('',(-1.,-0.));
#8267 = ( GEOMETRIC_REPRESENTATION_CONTEXT(2) 
PARAMETRIC_REPRESENTATION_CONTEXT() REPRESENTATION_CONTEXT('2D SPACE',''
  ) );
#8268 = ORIENTED_EDGE('',*,*,#8269,.T.);
#8269 = EDGE_CURVE('',#8246,#4258,#8270,.T.);
#8270 = SEAM_CURVE('',#8271,(#8275,#8282),.PCURVE_S1.);
#8271 = LINE('',#8272,#8273);
#8272 = CARTESIAN_POINT('',(60.,-6.,29.4));
#8273 = VECTOR('',#8274,1.);
#8274 = DIRECTION('',(0.,1.,0.));
#8275 = PCURVE('',#5190,#8276);
#8276 = DEFINITIONAL_REPRESENTATION('',(#8277),#8281);
#8277 = LINE('',#8278,#8279);
#8278 = CARTESIAN_POINT('',(0.,-0.));
#8279 = VECTOR('',#8280,1.);
#8280 = DIRECTION('',(0.,1.));
#8281 = ( GEOMETRIC_REPRESENTATION_CONTEXT(2) 
PARAMETRIC_REPRESENTATION_CONTEXT() REPRESENTATION_CONTEXT('2D SPACE',''
  ) );
#8282 = PCURVE('',#5190,#8283);
#8283 = DEFINITIONAL_REPRESENTATION('',(#8284),#8288);
#8284 = LINE('',#8285,#8286);
#8285 = CARTESIAN_POINT('',(6.28318530718,-0.));
#8286 = VECTOR('',#8287,1.);
#8287 = DIRECTION('',(0.,1.));
#8288 = ( GEOMETRIC_REPRESENTATION_CONTEXT(2) 
PARAMETRIC_REPRESENTATION_CONTEXT() REPRESENTATION_CONTEXT('2D SPACE',''
  ) );
#8289 = ORIENTED_EDGE('',*,*,#5158,.T.);
#8290 = ORIENTED_EDGE('',*,*,#5251,.F.);
#8291 = ORIENTED_EDGE('',*,*,#5215,.F.);
#8292 = ORIENTED_EDGE('',*,*,#8269,.F.);
#8293 = ADVANCED_FACE('',(#8294),#5319,.F.);
#8294 = FACE_BOUND('',#8295,.F.);
#8295 = EDGE_LOOP('',(#8296,#8320,#8341,#8342,#8343,#8344));
#8296 = ORIENTED_EDGE('',*,*,#8297,.T.);
#8297 = EDGE_CURVE('',#8298,#8298,#8300,.T.);
#8298 = VERTEX_POINT('',#8299);
#8299 = CARTESIAN_POINT('',(100.,-5.,29.4));
#8300 = SURFACE_CURVE('',#8301,(#8306,#8313),.PCURVE_S1.);
#8301 = CIRCLE('',#8302,5.9);
#8302 = AXIS2_PLACEMENT_3D('',#8303,#8304,#8305);
#8303 = CARTESIAN_POINT('',(100.,-5.,23.5));
#8304 = DIRECTION('',(0.,1.,0.));
#8305 = DIRECTION('',(0.,-0.,1.));
#8306 = PCURVE('',#5319,#8307);
#8307 = DEFINITIONAL_REPRESENTATION('',(#8308),#8312);
#8308 = LINE('',#8309,#8310);
#8309 = CARTESIAN_POINT('',(0.,1.));
#8310 = VECTOR('',#8311,1.);
#8311 = DIRECTION('',(1.,0.));
#8312 = ( GEOMETRIC_REPRESENTATION_CONTEXT(2) 
PARAMETRIC_REPRESENTATION_CONTEXT() REPRESENTATION_CONTEXT('2D SPACE',''
  ) );
#8313 = PCURVE('',#7673,#8314);
#8314 = DEFINITIONAL_REPRESENTATION('',(#8315),#8319);
#8315 = LINE('',#8316,#8317);
#8316 = CARTESIAN_POINT('',(-0.,-1.));
#8317 = VECTOR('',#8318,1.);
#8318 = DIRECTION('',(-1.,-0.));
#8319 = ( GEOMETRIC_REPRESENTATION_CONTEXT(2) 
PARAMETRIC_REPRESENTATION_CONTEXT() REPRESENTATION_CONTEXT('2D SPACE',''
  ) );
#8320 = ORIENTED_EDGE('',*,*,#8321,.T.);
#8321 = EDGE_CURVE('',#8298,#4281,#8322,.T.);
#8322 = SEAM_CURVE('',#8323,(#8327,#8334),.PCURVE_S1.);
#8323 = LINE('',#8324,#8325);
#8324 = CARTESIAN_POINT('',(100.,-6.,29.4));
#8325 = VECTOR('',#8326,1.);
#8326 = DIRECTION('',(0.,1.,0.));
#8327 = PCURVE('',#5319,#8328);
#8328 = DEFINITIONAL_REPRESENTATION('',(#8329),#8333);
#8329 = LINE('',#8330,#8331);
#8330 = CARTESIAN_POINT('',(0.,-0.));
#8331 = VECTOR('',#8332,1.);
#8332 = DIRECTION('',(0.,1.));
#8333 = ( GEOMETRIC_REPRESENTATION_CONTEXT(2) 
PARAMETRIC_REPRESENTATION_CONTEXT() REPRESENTATION_CONTEXT('2D SPACE',''
  ) );
#8334 = PCURVE('',#5319,#8335);
#8335 = DEFINITIONAL_REPRESENTATION('',(#8336),#8340);
#8336 = LINE('',#8337,#8338);
#8337 = CARTESIAN_POINT('',(6.28318530718,-0.));
#8338 = VECTOR('',#8339,1.);
#8339 = DIRECTION('',(0.,1.));
#8340 = ( GEOMETRIC_REPRESENTATION_CONTEXT(2) 
PARAMETRIC_REPRESENTATION_CONTEXT() REPRESENTATION_CONTEXT('2D SPACE',''
  ) );
#8341 = ORIENTED_EDGE('',*,*,#5287,.T.);
#8342 = ORIENTED_EDGE('',*,*,#5380,.F.);
#8343 = ORIENTED_EDGE('',*,*,#5344,.F.);
#8344 = ORIENTED_EDGE('',*,*,#8321,.F.);
#8345 = ADVANCED_FACE('',(#8346),#5448,.F.);
#8346 = FACE_BOUND('',#8347,.F.);
#8347 = EDGE_LOOP('',(#8348,#8372,#8393,#8394,#8395,#8396));
#8348 = ORIENTED_EDGE('',*,*,#8349,.T.);
#8349 = EDGE_CURVE('',#8350,#8350,#8352,.T.);
#8350 = VERTEX_POINT('',#8351);
#8351 = CARTESIAN_POINT('',(140.,-5.,29.4));
#8352 = SURFACE_CURVE('',#8353,(#8358,#8365),.PCURVE_S1.);
#8353 = CIRCLE('',#8354,5.9);
#8354 = AXIS2_PLACEMENT_3D('',#8355,#8356,#8357);
#8355 = CARTESIAN_POINT('',(140.,-5.,23.5));
#8356 = DIRECTION('',(0.,1.,0.));
#8357 = DIRECTION('',(0.,-0.,1.));
#8358 = PCURVE('',#5448,#8359);
#8359 = DEFINITIONAL_REPRESENTATION('',(#8360),#8364);
#8360 = LINE('',#8361,#8362);
#8361 = CARTESIAN_POINT('',(0.,1.));
#8362 = VECTOR('',#8363,1.);
#8363 = DIRECTION('',(1.,0.));
#8364 = ( GEOMETRIC_REPRESENTATION_CONTEXT(2) 
PARAMETRIC_REPRESENTATION_CONTEXT() REPRESENTATION_CONTEXT('2D SPACE',''
  ) );
#8365 = PCURVE('',#7708,#8366);
#8366 = DEFINITIONAL_REPRESENTATION('',(#8367),#8371);
#8367 = LINE('',#8368,#8369);
#8368 = CARTESIAN_POINT('',(-0.,-1.));
#8369 = VECTOR('',#8370,1.);
#8370 = DIRECTION('',(-1.,-0.));
#8371 = ( GEOMETRIC_REPRESENTATION_CONTEXT(2) 
PARAMETRIC_REPRESENTATION_CONTEXT() REPRESENTATION_CONTEXT('2D SPACE',''
  ) );
#8372 = ORIENTED_EDGE('',*,*,#8373,.T.);
#8373 = EDGE_CURVE('',#8350,#4304,#8374,.T.);
#8374 = SEAM_CURVE('',#8375,(#8379,#8386),.PCURVE_S1.);
#8375 = LINE('',#8376,#8377);
#8376 = CARTESIAN_POINT('',(140.,-6.,29.4));
#8377 = VECTOR('',#8378,1.);
#8378 = DIRECTION('',(0.,1.,0.));
#8379 = PCURVE('',#5448,#8380);
#8380 = DEFINITIONAL_REPRESENTATION('',(#8381),#8385);
#8381 = LINE('',#8382,#8383);
#8382 = CARTESIAN_POINT('',(0.,-0.));
#8383 = VECTOR('',#8384,1.);
#8384 = DIRECTION('',(0.,1.));
#8385 = ( GEOMETRIC_REPRESENTATION_CONTEXT(2) 
PARAMETRIC_REPRESENTATION_CONTEXT() REPRESENTATION_CONTEXT('2D SPACE',''
  ) );
#8386 = PCURVE('',#5448,#8387);
#8387 = DEFINITIONAL_REPRESENTATION('',(#8388),#8392);
#8388 = LINE('',#8389,#8390);
#8389 = CARTESIAN_POINT('',(6.28318530718,-0.));
#8390 = VECTOR('',#8391,1.);
#8391 = DIRECTION('',(0.,1.));
#8392 = ( GEOMETRIC_REPRESENTATION_CONTEXT(2) 
PARAMETRIC_REPRESENTATION_CONTEXT() REPRESENTATION_CONTEXT('2D SPACE',''
  ) );
#8393 = ORIENTED_EDGE('',*,*,#5416,.T.);
#8394 = ORIENTED_EDGE('',*,*,#5509,.F.);
#8395 = ORIENTED_EDGE('',*,*,#5473,.F.);
#8396 = ORIENTED_EDGE('',*,*,#8373,.F.);
#8397 = ADVANCED_FACE('',(#8398),#5577,.F.);
#8398 = FACE_BOUND('',#8399,.F.);
#8399 = EDGE_LOOP('',(#8400,#8424,#8445,#8446,#8447,#8448));
#8400 = ORIENTED_EDGE('',*,*,#8401,.T.);
#8401 = EDGE_CURVE('',#8402,#8402,#8404,.T.);
#8402 = VERTEX_POINT('',#8403);
#8403 = CARTESIAN_POINT('',(180.,-5.,29.4));
#8404 = SURFACE_CURVE('',#8405,(#8410,#8417),.PCURVE_S1.);
#8405 = CIRCLE('',#8406,5.9);
#8406 = AXIS2_PLACEMENT_3D('',#8407,#8408,#8409);
#8407 = CARTESIAN_POINT('',(180.,-5.,23.5));
#8408 = DIRECTION('',(0.,1.,0.));
#8409 = DIRECTION('',(0.,-0.,1.));
#8410 = PCURVE('',#5577,#8411);
#8411 = DEFINITIONAL_REPRESENTATION('',(#8412),#8416);
#8412 = LINE('',#8413,#8414);
#8413 = CARTESIAN_POINT('',(0.,1.));
#8414 = VECTOR('',#8415,1.);
#8415 = DIRECTION('',(1.,0.));
#8416 = ( GEOMETRIC_REPRESENTATION_CONTEXT(2) 
PARAMETRIC_REPRESENTATION_CONTEXT() REPRESENTATION_CONTEXT('2D SPACE',''
  ) );
#8417 = PCURVE('',#7743,#8418);
#8418 = DEFINITIONAL_REPRESENTATION('',(#8419),#8423);
#8419 = LINE('',#8420,#8421);
#8420 = CARTESIAN_POINT('',(-0.,-1.));
#8421 = VECTOR('',#8422,1.);
#8422 = DIRECTION('',(-1.,-0.));
#8423 = ( GEOMETRIC_REPRESENTATION_CONTEXT(2) 
PARAMETRIC_REPRESENTATION_CONTEXT() REPRESENTATION_CONTEXT('2D SPACE',''
  ) );
#8424 = ORIENTED_EDGE('',*,*,#8425,.T.);
#8425 = EDGE_CURVE('',#8402,#4327,#8426,.T.);
#8426 = SEAM_CURVE('',#8427,(#8431,#8438),.PCURVE_S1.);
#8427 = LINE('',#8428,#8429);
#8428 = CARTESIAN_POINT('',(180.,-6.,29.4));
#8429 = VECTOR('',#8430,1.);
#8430 = DIRECTION('',(0.,1.,0.));
#8431 = PCURVE('',#5577,#8432);
#8432 = DEFINITIONAL_REPRESENTATION('',(#8433),#8437);
#8433 = LINE('',#8434,#8435);
#8434 = CARTESIAN_POINT('',(0.,-0.));
#8435 = VECTOR('',#8436,1.);
#8436 = DIRECTION('',(0.,1.));
#8437 = ( GEOMETRIC_REPRESENTATION_CONTEXT(2) 
PARAMETRIC_REPRESENTATION_CONTEXT() REPRESENTATION_CONTEXT('2D SPACE',''
  ) );
#8438 = PCURVE('',#5577,#8439);
#8439 = DEFINITIONAL_REPRESENTATION('',(#8440),#8444);
#8440 = LINE('',#8441,#8442);
#8441 = CARTESIAN_POINT('',(6.28318530718,-0.));
#8442 = VECTOR('',#8443,1.);
#8443 = DIRECTION('',(0.,1.));
#8444 = ( GEOMETRIC_REPRESENTATION_CONTEXT(2) 
PARAMETRIC_REPRESENTATION_CONTEXT() REPRESENTATION_CONTEXT('2D SPACE',''
  ) );
#8445 = ORIENTED_EDGE('',*,*,#5545,.T.);
#8446 = ORIENTED_EDGE('',*,*,#5638,.F.);
#8447 = ORIENTED_EDGE('',*,*,#5602,.F.);
#8448 = ORIENTED_EDGE('',*,*,#8425,.F.);
#8449 = ADVANCED_FACE('',(#8450),#5974,.F.);
#8450 = FACE_BOUND('',#8451,.F.);
#8451 = EDGE_LOOP('',(#8452,#8476,#8497,#8498,#8499,#8500));
#8452 = ORIENTED_EDGE('',*,*,#8453,.T.);
#8453 = EDGE_CURVE('',#8454,#8454,#8456,.T.);
#8454 = VERTEX_POINT('',#8455);
#8455 = CARTESIAN_POINT('',(-20.,-5.,69.4));
#8456 = SURFACE_CURVE('',#8457,(#8462,#8469),.PCURVE_S1.);
#8457 = CIRCLE('',#8458,5.9);
#8458 = AXIS2_PLACEMENT_3D('',#8459,#8460,#8461);
#8459 = CARTESIAN_POINT('',(-20.,-5.,63.5));
#8460 = DIRECTION('',(0.,1.,0.));
#8461 = DIRECTION('',(0.,-0.,1.));
#8462 = PCURVE('',#5974,#8463);
#8463 = DEFINITIONAL_REPRESENTATION('',(#8464),#8468);
#8464 = LINE('',#8465,#8466);
#8465 = CARTESIAN_POINT('',(0.,1.));
#8466 = VECTOR('',#8467,1.);
#8467 = DIRECTION('',(1.,0.));
#8468 = ( GEOMETRIC_REPRESENTATION_CONTEXT(2) 
PARAMETRIC_REPRESENTATION_CONTEXT() REPRESENTATION_CONTEXT('2D SPACE',''
  ) );
#8469 = PCURVE('',#7568,#8470);
#8470 = DEFINITIONAL_REPRESENTATION('',(#8471),#8475);
#8471 = LINE('',#8472,#8473);
#8472 = CARTESIAN_POINT('',(-0.,-1.));
#8473 = VECTOR('',#8474,1.);
#8474 = DIRECTION('',(-1.,-0.));
#8475 = ( GEOMETRIC_REPRESENTATION_CONTEXT(2) 
PARAMETRIC_REPRESENTATION_CONTEXT() REPRESENTATION_CONTEXT('2D SPACE',''
  ) );
#8476 = ORIENTED_EDGE('',*,*,#8477,.T.);
#8477 = EDGE_CURVE('',#8454,#5770,#8478,.T.);
#8478 = SEAM_CURVE('',#8479,(#8483,#8490),.PCURVE_S1.);
#8479 = LINE('',#8480,#8481);
#8480 = CARTESIAN_POINT('',(-20.,-6.,69.4));
#8481 = VECTOR('',#8482,1.);
#8482 = DIRECTION('',(0.,1.,0.));
#8483 = PCURVE('',#5974,#8484);
#8484 = DEFINITIONAL_REPRESENTATION('',(#8485),#8489);
#8485 = LINE('',#8486,#8487);
#8486 = CARTESIAN_POINT('',(0.,-0.));
#8487 = VECTOR('',#8488,1.);
#8488 = DIRECTION('',(0.,1.));
#8489 = ( GEOMETRIC_REPRESENTATION_CONTEXT(2) 
PARAMETRIC_REPRESENTATION_CONTEXT() REPRESENTATION_CONTEXT('2D SPACE',''
  ) );
#8490 = PCURVE('',#5974,#8491);
#8491 = DEFINITIONAL_REPRESENTATION('',(#8492),#8496);
#8492 = LINE('',#8493,#8494);
#8493 = CARTESIAN_POINT('',(6.28318530718,-0.));
#8494 = VECTOR('',#8495,1.);
#8495 = DIRECTION('',(0.,1.));
#8496 = ( GEOMETRIC_REPRESENTATION_CONTEXT(2) 
PARAMETRIC_REPRESENTATION_CONTEXT() REPRESENTATION_CONTEXT('2D SPACE',''
  ) );
#8497 = ORIENTED_EDGE('',*,*,#5942,.T.);
#8498 = ORIENTED_EDGE('',*,*,#6035,.F.);
#8499 = ORIENTED_EDGE('',*,*,#5999,.F.);
#8500 = ORIENTED_EDGE('',*,*,#8477,.F.);
#8501 = ADVANCED_FACE('',(#8502),#6103,.F.);
#8502 = FACE_BOUND('',#8503,.F.);
#8503 = EDGE_LOOP('',(#8504,#8528,#8549,#8550,#8551,#8552));
#8504 = ORIENTED_EDGE('',*,*,#8505,.T.);
#8505 = EDGE_CURVE('',#8506,#8506,#8508,.T.);
#8506 = VERTEX_POINT('',#8507);
#8507 = CARTESIAN_POINT('',(-180.,-5.,69.4));
#8508 = SURFACE_CURVE('',#8509,(#8514,#8521),.PCURVE_S1.);
#8509 = CIRCLE('',#8510,5.9);
#8510 = AXIS2_PLACEMENT_3D('',#8511,#8512,#8513);
#8511 = CARTESIAN_POINT('',(-180.,-5.,63.5));
#8512 = DIRECTION('',(0.,1.,0.));
#8513 = DIRECTION('',(0.,-0.,1.));
#8514 = PCURVE('',#6103,#8515);
#8515 = DEFINITIONAL_REPRESENTATION('',(#8516),#8520);
#8516 = LINE('',#8517,#8518);
#8517 = CARTESIAN_POINT('',(0.,1.));
#8518 = VECTOR('',#8519,1.);
#8519 = DIRECTION('',(1.,0.));
#8520 = ( GEOMETRIC_REPRESENTATION_CONTEXT(2) 
PARAMETRIC_REPRESENTATION_CONTEXT() REPRESENTATION_CONTEXT('2D SPACE',''
  ) );
#8521 = PCURVE('',#7428,#8522);
#8522 = DEFINITIONAL_REPRESENTATION('',(#8523),#8527);
#8523 = LINE('',#8524,#8525);
#8524 = CARTESIAN_POINT('',(-0.,-1.));
#8525 = VECTOR('',#8526,1.);
#8526 = DIRECTION('',(-1.,-0.));
#8527 = ( GEOMETRIC_REPRESENTATION_CONTEXT(2) 
PARAMETRIC_REPRESENTATION_CONTEXT() REPRESENTATION_CONTEXT('2D SPACE',''
  ) );
#8528 = ORIENTED_EDGE('',*,*,#8529,.T.);
#8529 = EDGE_CURVE('',#8506,#5676,#8530,.T.);
#8530 = SEAM_CURVE('',#8531,(#8535,#8542),.PCURVE_S1.);
#8531 = LINE('',#8532,#8533);
#8532 = CARTESIAN_POINT('',(-180.,-6.,69.4));
#8533 = VECTOR('',#8534,1.);
#8534 = DIRECTION('',(0.,1.,0.));
#8535 = PCURVE('',#6103,#8536);
#8536 = DEFINITIONAL_REPRESENTATION('',(#8537),#8541);
#8537 = LINE('',#8538,#8539);
#8538 = CARTESIAN_POINT('',(0.,-0.));
#8539 = VECTOR('',#8540,1.);
#8540 = DIRECTION('',(0.,1.));
#8541 = ( GEOMETRIC_REPRESENTATION_CONTEXT(2) 
PARAMETRIC_REPRESENTATION_CONTEXT() REPRESENTATION_CONTEXT('2D SPACE',''
  ) );
#8542 = PCURVE('',#6103,#8543);
#8543 = DEFINITIONAL_REPRESENTATION('',(#8544),#8548);
#8544 = LINE('',#8545,#8546);
#8545 = CARTESIAN_POINT('',(6.28318530718,-0.));
#8546 = VECTOR('',#8547,1.);
#8547 = DIRECTION('',(0.,1.));
#8548 = ( GEOMETRIC_REPRESENTATION_CONTEXT(2) 
PARAMETRIC_REPRESENTATION_CONTEXT() REPRESENTATION_CONTEXT('2D SPACE',''
  ) );
#8549 = ORIENTED_EDGE('',*,*,#6071,.T.);
#8550 = ORIENTED_EDGE('',*,*,#6164,.F.);
#8551 = ORIENTED_EDGE('',*,*,#6128,.F.);
#8552 = ORIENTED_EDGE('',*,*,#8529,.F.);
#8553 = ADVANCED_FACE('',(#8554),#6232,.F.);
#8554 = FACE_BOUND('',#8555,.F.);
#8555 = EDGE_LOOP('',(#8556,#8580,#8601,#8602,#8603,#8604));
#8556 = ORIENTED_EDGE('',*,*,#8557,.T.);
#8557 = EDGE_CURVE('',#8558,#8558,#8560,.T.);
#8558 = VERTEX_POINT('',#8559);
#8559 = CARTESIAN_POINT('',(-140.,-5.,69.4));
#8560 = SURFACE_CURVE('',#8561,(#8566,#8573),.PCURVE_S1.);
#8561 = CIRCLE('',#8562,5.9);
#8562 = AXIS2_PLACEMENT_3D('',#8563,#8564,#8565);
#8563 = CARTESIAN_POINT('',(-140.,-5.,63.5));
#8564 = DIRECTION('',(0.,1.,0.));
#8565 = DIRECTION('',(0.,-0.,1.));
#8566 = PCURVE('',#6232,#8567);
#8567 = DEFINITIONAL_REPRESENTATION('',(#8568),#8572);
#8568 = LINE('',#8569,#8570);
#8569 = CARTESIAN_POINT('',(0.,1.));
#8570 = VECTOR('',#8571,1.);
#8571 = DIRECTION('',(1.,0.));
#8572 = ( GEOMETRIC_REPRESENTATION_CONTEXT(2) 
PARAMETRIC_REPRESENTATION_CONTEXT() REPRESENTATION_CONTEXT('2D SPACE',''
  ) );
#8573 = PCURVE('',#7463,#8574);
#8574 = DEFINITIONAL_REPRESENTATION('',(#8575),#8579);
#8575 = LINE('',#8576,#8577);
#8576 = CARTESIAN_POINT('',(-0.,-1.));
#8577 = VECTOR('',#8578,1.);
#8578 = DIRECTION('',(-1.,-0.));
#8579 = ( GEOMETRIC_REPRESENTATION_CONTEXT(2) 
PARAMETRIC_REPRESENTATION_CONTEXT() REPRESENTATION_CONTEXT('2D SPACE',''
  ) );
#8580 = ORIENTED_EDGE('',*,*,#8581,.T.);
#8581 = EDGE_CURVE('',#8558,#5701,#8582,.T.);
#8582 = SEAM_CURVE('',#8583,(#8587,#8594),.PCURVE_S1.);
#8583 = LINE('',#8584,#8585);
#8584 = CARTESIAN_POINT('',(-140.,-6.,69.4));
#8585 = VECTOR('',#8586,1.);
#8586 = DIRECTION('',(0.,1.,0.));
#8587 = PCURVE('',#6232,#8588);
#8588 = DEFINITIONAL_REPRESENTATION('',(#8589),#8593);
#8589 = LINE('',#8590,#8591);
#8590 = CARTESIAN_POINT('',(0.,-0.));
#8591 = VECTOR('',#8592,1.);
#8592 = DIRECTION('',(0.,1.));
#8593 = ( GEOMETRIC_REPRESENTATION_CONTEXT(2) 
PARAMETRIC_REPRESENTATION_CONTEXT() REPRESENTATION_CONTEXT('2D SPACE',''
  ) );
#8594 = PCURVE('',#6232,#8595);
#8595 = DEFINITIONAL_REPRESENTATION('',(#8596),#8600);
#8596 = LINE('',#8597,#8598);
#8597 = CARTESIAN_POINT('',(6.28318530718,-0.));
#8598 = VECTOR('',#8599,1.);
#8599 = DIRECTION('',(0.,1.));
#8600 = ( GEOMETRIC_REPRESENTATION_CONTEXT(2) 
PARAMETRIC_REPRESENTATION_CONTEXT() REPRESENTATION_CONTEXT('2D SPACE',''
  ) );
#8601 = ORIENTED_EDGE('',*,*,#6200,.T.);
#8602 = ORIENTED_EDGE('',*,*,#6293,.F.);
#8603 = ORIENTED_EDGE('',*,*,#6257,.F.);
#8604 = ORIENTED_EDGE('',*,*,#8581,.F.);
#8605 = ADVANCED_FACE('',(#8606),#6361,.F.);
#8606 = FACE_BOUND('',#8607,.F.);
#8607 = EDGE_LOOP('',(#8608,#8632,#8653,#8654,#8655,#8656));
#8608 = ORIENTED_EDGE('',*,*,#8609,.T.);
#8609 = EDGE_CURVE('',#8610,#8610,#8612,.T.);
#8610 = VERTEX_POINT('',#8611);
#8611 = CARTESIAN_POINT('',(-100.,-5.,69.4));
#8612 = SURFACE_CURVE('',#8613,(#8618,#8625),.PCURVE_S1.);
#8613 = CIRCLE('',#8614,5.9);
#8614 = AXIS2_PLACEMENT_3D('',#8615,#8616,#8617);
#8615 = CARTESIAN_POINT('',(-100.,-5.,63.5));
#8616 = DIRECTION('',(0.,1.,0.));
#8617 = DIRECTION('',(0.,-0.,1.));
#8618 = PCURVE('',#6361,#8619);
#8619 = DEFINITIONAL_REPRESENTATION('',(#8620),#8624);
#8620 = LINE('',#8621,#8622);
#8621 = CARTESIAN_POINT('',(0.,1.));
#8622 = VECTOR('',#8623,1.);
#8623 = DIRECTION('',(1.,0.));
#8624 = ( GEOMETRIC_REPRESENTATION_CONTEXT(2) 
PARAMETRIC_REPRESENTATION_CONTEXT() REPRESENTATION_CONTEXT('2D SPACE',''
  ) );
#8625 = PCURVE('',#7498,#8626);
#8626 = DEFINITIONAL_REPRESENTATION('',(#8627),#8631);
#8627 = LINE('',#8628,#8629);
#8628 = CARTESIAN_POINT('',(-0.,-1.));
#8629 = VECTOR('',#8630,1.);
#8630 = DIRECTION('',(-1.,-0.));
#8631 = ( GEOMETRIC_REPRESENTATION_CONTEXT(2) 
PARAMETRIC_REPRESENTATION_CONTEXT() REPRESENTATION_CONTEXT('2D SPACE',''
  ) );
#8632 = ORIENTED_EDGE('',*,*,#8633,.T.);
#8633 = EDGE_CURVE('',#8610,#5724,#8634,.T.);
#8634 = SEAM_CURVE('',#8635,(#8639,#8646),.PCURVE_S1.);
#8635 = LINE('',#8636,#8637);
#8636 = CARTESIAN_POINT('',(-100.,-6.,69.4));
#8637 = VECTOR('',#8638,1.);
#8638 = DIRECTION('',(0.,1.,0.));
#8639 = PCURVE('',#6361,#8640);
#8640 = DEFINITIONAL_REPRESENTATION('',(#8641),#8645);
#8641 = LINE('',#8642,#8643);
#8642 = CARTESIAN_POINT('',(0.,-0.));
#8643 = VECTOR('',#8644,1.);
#8644 = DIRECTION('',(0.,1.));
#8645 = ( GEOMETRIC_REPRESENTATION_CONTEXT(2) 
PARAMETRIC_REPRESENTATION_CONTEXT() REPRESENTATION_CONTEXT('2D SPACE',''
  ) );
#8646 = PCURVE('',#6361,#8647);
#8647 = DEFINITIONAL_REPRESENTATION('',(#8648),#8652);
#8648 = LINE('',#8649,#8650);
#8649 = CARTESIAN_POINT('',(6.28318530718,-0.));
#8650 = VECTOR('',#8651,1.);
#8651 = DIRECTION('',(0.,1.));
#8652 = ( GEOMETRIC_REPRESENTATION_CONTEXT(2) 
PARAMETRIC_REPRESENTATION_CONTEXT() REPRESENTATION_CONTEXT('2D SPACE',''
  ) );
#8653 = ORIENTED_EDGE('',*,*,#6329,.T.);
#8654 = ORIENTED_EDGE('',*,*,#6422,.F.);
#8655 = ORIENTED_EDGE('',*,*,#6386,.F.);
#8656 = ORIENTED_EDGE('',*,*,#8633,.F.);
#8657 = ADVANCED_FACE('',(#8658),#6490,.F.);
#8658 = FACE_BOUND('',#8659,.F.);
#8659 = EDGE_LOOP('',(#8660,#8684,#8705,#8706,#8707,#8708));
#8660 = ORIENTED_EDGE('',*,*,#8661,.T.);
#8661 = EDGE_CURVE('',#8662,#8662,#8664,.T.);
#8662 = VERTEX_POINT('',#8663);
#8663 = CARTESIAN_POINT('',(-60.,-5.,69.4));
#8664 = SURFACE_CURVE('',#8665,(#8670,#8677),.PCURVE_S1.);
#8665 = CIRCLE('',#8666,5.9);
#8666 = AXIS2_PLACEMENT_3D('',#8667,#8668,#8669);
#8667 = CARTESIAN_POINT('',(-60.,-5.,63.5));
#8668 = DIRECTION('',(0.,1.,0.));
#8669 = DIRECTION('',(0.,-0.,1.));
#8670 = PCURVE('',#6490,#8671);
#8671 = DEFINITIONAL_REPRESENTATION('',(#8672),#8676);
#8672 = LINE('',#8673,#8674);
#8673 = CARTESIAN_POINT('',(0.,1.));
#8674 = VECTOR('',#8675,1.);
#8675 = DIRECTION('',(1.,0.));
#8676 = ( GEOMETRIC_REPRESENTATION_CONTEXT(2) 
PARAMETRIC_REPRESENTATION_CONTEXT() REPRESENTATION_CONTEXT('2D SPACE',''
  ) );
#8677 = PCURVE('',#7533,#8678);
#8678 = DEFINITIONAL_REPRESENTATION('',(#8679),#8683);
#8679 = LINE('',#8680,#8681);
#8680 = CARTESIAN_POINT('',(-0.,-1.));
#8681 = VECTOR('',#8682,1.);
#8682 = DIRECTION('',(-1.,-0.));
#8683 = ( GEOMETRIC_REPRESENTATION_CONTEXT(2) 
PARAMETRIC_REPRESENTATION_CONTEXT() REPRESENTATION_CONTEXT('2D SPACE',''
  ) );
#8684 = ORIENTED_EDGE('',*,*,#8685,.T.);
#8685 = EDGE_CURVE('',#8662,#5747,#8686,.T.);
#8686 = SEAM_CURVE('',#8687,(#8691,#8698),.PCURVE_S1.);
#8687 = LINE('',#8688,#8689);
#8688 = CARTESIAN_POINT('',(-60.,-6.,69.4));
#8689 = VECTOR('',#8690,1.);
#8690 = DIRECTION('',(0.,1.,0.));
#8691 = PCURVE('',#6490,#8692);
#8692 = DEFINITIONAL_REPRESENTATION('',(#8693),#8697);
#8693 = LINE('',#8694,#8695);
#8694 = CARTESIAN_POINT('',(0.,-0.));
#8695 = VECTOR('',#8696,1.);
#8696 = DIRECTION('',(0.,1.));
#8697 = ( GEOMETRIC_REPRESENTATION_CONTEXT(2) 
PARAMETRIC_REPRESENTATION_CONTEXT() REPRESENTATION_CONTEXT('2D SPACE',''
  ) );
#8698 = PCURVE('',#6490,#8699);
#8699 = DEFINITIONAL_REPRESENTATION('',(#8700),#8704);
#8700 = LINE('',#8701,#8702);
#8701 = CARTESIAN_POINT('',(6.28318530718,-0.));
#8702 = VECTOR('',#8703,1.);
#8703 = DIRECTION('',(0.,1.));
#8704 = ( GEOMETRIC_REPRESENTATION_CONTEXT(2) 
PARAMETRIC_REPRESENTATION_CONTEXT() REPRESENTATION_CONTEXT('2D SPACE',''
  ) );
#8705 = ORIENTED_EDGE('',*,*,#6458,.T.);
#8706 = ORIENTED_EDGE('',*,*,#6551,.F.);
#8707 = ORIENTED_EDGE('',*,*,#6515,.F.);
#8708 = ORIENTED_EDGE('',*,*,#8685,.F.);
#8709 = ADVANCED_FACE('',(#8710),#6619,.F.);
#8710 = FACE_BOUND('',#8711,.F.);
#8711 = EDGE_LOOP('',(#8712,#8736,#8757,#8758,#8759,#8760));
#8712 = ORIENTED_EDGE('',*,*,#8713,.T.);
#8713 = EDGE_CURVE('',#8714,#8714,#8716,.T.);
#8714 = VERTEX_POINT('',#8715);
#8715 = CARTESIAN_POINT('',(20.,-5.,69.4));
#8716 = SURFACE_CURVE('',#8717,(#8722,#8729),.PCURVE_S1.);
#8717 = CIRCLE('',#8718,5.9);
#8718 = AXIS2_PLACEMENT_3D('',#8719,#8720,#8721);
#8719 = CARTESIAN_POINT('',(20.,-5.,63.5));
#8720 = DIRECTION('',(0.,1.,0.));
#8721 = DIRECTION('',(0.,-0.,1.));
#8722 = PCURVE('',#6619,#8723);
#8723 = DEFINITIONAL_REPRESENTATION('',(#8724),#8728);
#8724 = LINE('',#8725,#8726);
#8725 = CARTESIAN_POINT('',(0.,1.));
#8726 = VECTOR('',#8727,1.);
#8727 = DIRECTION('',(1.,0.));
#8728 = ( GEOMETRIC_REPRESENTATION_CONTEXT(2) 
PARAMETRIC_REPRESENTATION_CONTEXT() REPRESENTATION_CONTEXT('2D SPACE',''
  ) );
#8729 = PCURVE('',#7778,#8730);
#8730 = DEFINITIONAL_REPRESENTATION('',(#8731),#8735);
#8731 = LINE('',#8732,#8733);
#8732 = CARTESIAN_POINT('',(-0.,-1.));
#8733 = VECTOR('',#8734,1.);
#8734 = DIRECTION('',(-1.,-0.));
#8735 = ( GEOMETRIC_REPRESENTATION_CONTEXT(2) 
PARAMETRIC_REPRESENTATION_CONTEXT() REPRESENTATION_CONTEXT('2D SPACE',''
  ) );
#8736 = ORIENTED_EDGE('',*,*,#8737,.T.);
#8737 = EDGE_CURVE('',#8714,#5793,#8738,.T.);
#8738 = SEAM_CURVE('',#8739,(#8743,#8750),.PCURVE_S1.);
#8739 = LINE('',#8740,#8741);
#8740 = CARTESIAN_POINT('',(20.,-6.,69.4));
#8741 = VECTOR('',#8742,1.);
#8742 = DIRECTION('',(0.,1.,0.));
#8743 = PCURVE('',#6619,#8744);
#8744 = DEFINITIONAL_REPRESENTATION('',(#8745),#8749);
#8745 = LINE('',#8746,#8747);
#8746 = CARTESIAN_POINT('',(0.,-0.));
#8747 = VECTOR('',#8748,1.);
#8748 = DIRECTION('',(0.,1.));
#8749 = ( GEOMETRIC_REPRESENTATION_CONTEXT(2) 
PARAMETRIC_REPRESENTATION_CONTEXT() REPRESENTATION_CONTEXT('2D SPACE',''
  ) );
#8750 = PCURVE('',#6619,#8751);
#8751 = DEFINITIONAL_REPRESENTATION('',(#8752),#8756);
#8752 = LINE('',#8753,#8754);
#8753 = CARTESIAN_POINT('',(6.28318530718,-0.));
#8754 = VECTOR('',#8755,1.);
#8755 = DIRECTION('',(0.,1.));
#8756 = ( GEOMETRIC_REPRESENTATION_CONTEXT(2) 
PARAMETRIC_REPRESENTATION_CONTEXT() REPRESENTATION_CONTEXT('2D SPACE',''
  ) );
#8757 = ORIENTED_EDGE('',*,*,#6587,.T.);
#8758 = ORIENTED_EDGE('',*,*,#6680,.F.);
#8759 = ORIENTED_EDGE('',*,*,#6644,.F.);
#8760 = ORIENTED_EDGE('',*,*,#8737,.F.);
#8761 = ADVANCED_FACE('',(#8762),#6748,.F.);
#8762 = FACE_BOUND('',#8763,.F.);
#8763 = EDGE_LOOP('',(#8764,#8788,#8809,#8810,#8811,#8812));
#8764 = ORIENTED_EDGE('',*,*,#8765,.T.);
#8765 = EDGE_CURVE('',#8766,#8766,#8768,.T.);
#8766 = VERTEX_POINT('',#8767);
#8767 = CARTESIAN_POINT('',(60.,-5.,69.4));
#8768 = SURFACE_CURVE('',#8769,(#8774,#8781),.PCURVE_S1.);
#8769 = CIRCLE('',#8770,5.9);
#8770 = AXIS2_PLACEMENT_3D('',#8771,#8772,#8773);
#8771 = CARTESIAN_POINT('',(60.,-5.,63.5));
#8772 = DIRECTION('',(0.,1.,0.));
#8773 = DIRECTION('',(0.,-0.,1.));
#8774 = PCURVE('',#6748,#8775);
#8775 = DEFINITIONAL_REPRESENTATION('',(#8776),#8780);
#8776 = LINE('',#8777,#8778);
#8777 = CARTESIAN_POINT('',(0.,1.));
#8778 = VECTOR('',#8779,1.);
#8779 = DIRECTION('',(1.,0.));
#8780 = ( GEOMETRIC_REPRESENTATION_CONTEXT(2) 
PARAMETRIC_REPRESENTATION_CONTEXT() REPRESENTATION_CONTEXT('2D SPACE',''
  ) );
#8781 = PCURVE('',#7813,#8782);
#8782 = DEFINITIONAL_REPRESENTATION('',(#8783),#8787);
#8783 = LINE('',#8784,#8785);
#8784 = CARTESIAN_POINT('',(-0.,-1.));
#8785 = VECTOR('',#8786,1.);
#8786 = DIRECTION('',(-1.,-0.));
#8787 = ( GEOMETRIC_REPRESENTATION_CONTEXT(2) 
PARAMETRIC_REPRESENTATION_CONTEXT() REPRESENTATION_CONTEXT('2D SPACE',''
  ) );
#8788 = ORIENTED_EDGE('',*,*,#8789,.T.);
#8789 = EDGE_CURVE('',#8766,#5816,#8790,.T.);
#8790 = SEAM_CURVE('',#8791,(#8795,#8802),.PCURVE_S1.);
#8791 = LINE('',#8792,#8793);
#8792 = CARTESIAN_POINT('',(60.,-6.,69.4));
#8793 = VECTOR('',#8794,1.);
#8794 = DIRECTION('',(0.,1.,0.));
#8795 = PCURVE('',#6748,#8796);
#8796 = DEFINITIONAL_REPRESENTATION('',(#8797),#8801);
#8797 = LINE('',#8798,#8799);
#8798 = CARTESIAN_POINT('',(0.,-0.));
#8799 = VECTOR('',#8800,1.);
#8800 = DIRECTION('',(0.,1.));
#8801 = ( GEOMETRIC_REPRESENTATION_CONTEXT(2) 
PARAMETRIC_REPRESENTATION_CONTEXT() REPRESENTATION_CONTEXT('2D SPACE',''
  ) );
#8802 = PCURVE('',#6748,#8803);
#8803 = DEFINITIONAL_REPRESENTATION('',(#8804),#8808);
#8804 = LINE('',#8805,#8806);
#8805 = CARTESIAN_POINT('',(6.28318530718,-0.));
#8806 = VECTOR('',#8807,1.);
#8807 = DIRECTION('',(0.,1.));
#8808 = ( GEOMETRIC_REPRESENTATION_CONTEXT(2) 
PARAMETRIC_REPRESENTATION_CONTEXT() REPRESENTATION_CONTEXT('2D SPACE',''
  ) );
#8809 = ORIENTED_EDGE('',*,*,#6716,.T.);
#8810 = ORIENTED_EDGE('',*,*,#6809,.F.);
#8811 = ORIENTED_EDGE('',*,*,#6773,.F.);
#8812 = ORIENTED_EDGE('',*,*,#8789,.F.);
#8813 = ADVANCED_FACE('',(#8814),#6877,.F.);
#8814 = FACE_BOUND('',#8815,.F.);
#8815 = EDGE_LOOP('',(#8816,#8840,#8861,#8862,#8863,#8864));
#8816 = ORIENTED_EDGE('',*,*,#8817,.T.);
#8817 = EDGE_CURVE('',#8818,#8818,#8820,.T.);
#8818 = VERTEX_POINT('',#8819);
#8819 = CARTESIAN_POINT('',(100.,-5.,69.4));
#8820 = SURFACE_CURVE('',#8821,(#8826,#8833),.PCURVE_S1.);
#8821 = CIRCLE('',#8822,5.9);
#8822 = AXIS2_PLACEMENT_3D('',#8823,#8824,#8825);
#8823 = CARTESIAN_POINT('',(100.,-5.,63.5));
#8824 = DIRECTION('',(0.,1.,0.));
#8825 = DIRECTION('',(0.,-0.,1.));
#8826 = PCURVE('',#6877,#8827);
#8827 = DEFINITIONAL_REPRESENTATION('',(#8828),#8832);
#8828 = LINE('',#8829,#8830);
#8829 = CARTESIAN_POINT('',(0.,1.));
#8830 = VECTOR('',#8831,1.);
#8831 = DIRECTION('',(1.,0.));
#8832 = ( GEOMETRIC_REPRESENTATION_CONTEXT(2) 
PARAMETRIC_REPRESENTATION_CONTEXT() REPRESENTATION_CONTEXT('2D SPACE',''
  ) );
#8833 = PCURVE('',#7848,#8834);
#8834 = DEFINITIONAL_REPRESENTATION('',(#8835),#8839);
#8835 = LINE('',#8836,#8837);
#8836 = CARTESIAN_POINT('',(-0.,-1.));
#8837 = VECTOR('',#8838,1.);
#8838 = DIRECTION('',(-1.,-0.));
#8839 = ( GEOMETRIC_REPRESENTATION_CONTEXT(2) 
PARAMETRIC_REPRESENTATION_CONTEXT() REPRESENTATION_CONTEXT('2D SPACE',''
  ) );
#8840 = ORIENTED_EDGE('',*,*,#8841,.T.);
#8841 = EDGE_CURVE('',#8818,#5839,#8842,.T.);
#8842 = SEAM_CURVE('',#8843,(#8847,#8854),.PCURVE_S1.);
#8843 = LINE('',#8844,#8845);
#8844 = CARTESIAN_POINT('',(100.,-6.,69.4));
#8845 = VECTOR('',#8846,1.);
#8846 = DIRECTION('',(0.,1.,0.));
#8847 = PCURVE('',#6877,#8848);
#8848 = DEFINITIONAL_REPRESENTATION('',(#8849),#8853);
#8849 = LINE('',#8850,#8851);
#8850 = CARTESIAN_POINT('',(0.,-0.));
#8851 = VECTOR('',#8852,1.);
#8852 = DIRECTION('',(0.,1.));
#8853 = ( GEOMETRIC_REPRESENTATION_CONTEXT(2) 
PARAMETRIC_REPRESENTATION_CONTEXT() REPRESENTATION_CONTEXT('2D SPACE',''
  ) );
#8854 = PCURVE('',#6877,#8855);
#8855 = DEFINITIONAL_REPRESENTATION('',(#8856),#8860);
#8856 = LINE('',#8857,#8858);
#8857 = CARTESIAN_POINT('',(6.28318530718,-0.));
#8858 = VECTOR('',#8859,1.);
#8859 = DIRECTION('',(0.,1.));
#8860 = ( GEOMETRIC_REPRESENTATION_CONTEXT(2) 
PARAMETRIC_REPRESENTATION_CONTEXT() REPRESENTATION_CONTEXT('2D SPACE',''
  ) );
#8861 = ORIENTED_EDGE('',*,*,#6845,.T.);
#8862 = ORIENTED_EDGE('',*,*,#6938,.F.);
#8863 = ORIENTED_EDGE('',*,*,#6902,.F.);
#8864 = ORIENTED_EDGE('',*,*,#8841,.F.);
#8865 = ADVANCED_FACE('',(#8866),#7006,.F.);
#8866 = FACE_BOUND('',#8867,.F.);
#8867 = EDGE_LOOP('',(#8868,#8892,#8913,#8914,#8915,#8916));
#8868 = ORIENTED_EDGE('',*,*,#8869,.T.);
#8869 = EDGE_CURVE('',#8870,#8870,#8872,.T.);
#8870 = VERTEX_POINT('',#8871);
#8871 = CARTESIAN_POINT('',(140.,-5.,69.4));
#8872 = SURFACE_CURVE('',#8873,(#8878,#8885),.PCURVE_S1.);
#8873 = CIRCLE('',#8874,5.9);
#8874 = AXIS2_PLACEMENT_3D('',#8875,#8876,#8877);
#8875 = CARTESIAN_POINT('',(140.,-5.,63.5));
#8876 = DIRECTION('',(0.,1.,0.));
#8877 = DIRECTION('',(0.,-0.,1.));
#8878 = PCURVE('',#7006,#8879);
#8879 = DEFINITIONAL_REPRESENTATION('',(#8880),#8884);
#8880 = LINE('',#8881,#8882);
#8881 = CARTESIAN_POINT('',(0.,1.));
#8882 = VECTOR('',#8883,1.);
#8883 = DIRECTION('',(1.,0.));
#8884 = ( GEOMETRIC_REPRESENTATION_CONTEXT(2) 
PARAMETRIC_REPRESENTATION_CONTEXT() REPRESENTATION_CONTEXT('2D SPACE',''
  ) );
#8885 = PCURVE('',#7883,#8886);
#8886 = DEFINITIONAL_REPRESENTATION('',(#8887),#8891);
#8887 = LINE('',#8888,#8889);
#8888 = CARTESIAN_POINT('',(-0.,-1.));
#8889 = VECTOR('',#8890,1.);
#8890 = DIRECTION('',(-1.,-0.));
#8891 = ( GEOMETRIC_REPRESENTATION_CONTEXT(2) 
PARAMETRIC_REPRESENTATION_CONTEXT() REPRESENTATION_CONTEXT('2D SPACE',''
  ) );
#8892 = ORIENTED_EDGE('',*,*,#8893,.T.);
#8893 = EDGE_CURVE('',#8870,#5862,#8894,.T.);
#8894 = SEAM_CURVE('',#8895,(#8899,#8906),.PCURVE_S1.);
#8895 = LINE('',#8896,#8897);
#8896 = CARTESIAN_POINT('',(140.,-6.,69.4));
#8897 = VECTOR('',#8898,1.);
#8898 = DIRECTION('',(0.,1.,0.));
#8899 = PCURVE('',#7006,#8900);
#8900 = DEFINITIONAL_REPRESENTATION('',(#8901),#8905);
#8901 = LINE('',#8902,#8903);
#8902 = CARTESIAN_POINT('',(0.,-0.));
#8903 = VECTOR('',#8904,1.);
#8904 = DIRECTION('',(0.,1.));
#8905 = ( GEOMETRIC_REPRESENTATION_CONTEXT(2) 
PARAMETRIC_REPRESENTATION_CONTEXT() REPRESENTATION_CONTEXT('2D SPACE',''
  ) );
#8906 = PCURVE('',#7006,#8907);
#8907 = DEFINITIONAL_REPRESENTATION('',(#8908),#8912);
#8908 = LINE('',#8909,#8910);
#8909 = CARTESIAN_POINT('',(6.28318530718,-0.));
#8910 = VECTOR('',#8911,1.);
#8911 = DIRECTION('',(0.,1.));
#8912 = ( GEOMETRIC_REPRESENTATION_CONTEXT(2) 
PARAMETRIC_REPRESENTATION_CONTEXT() REPRESENTATION_CONTEXT('2D SPACE',''
  ) );
#8913 = ORIENTED_EDGE('',*,*,#6974,.T.);
#8914 = ORIENTED_EDGE('',*,*,#7067,.F.);
#8915 = ORIENTED_EDGE('',*,*,#7031,.F.);
#8916 = ORIENTED_EDGE('',*,*,#8893,.F.);
#8917 = ADVANCED_FACE('',(#8918),#7135,.F.);
#8918 = FACE_BOUND('',#8919,.F.);
#8919 = EDGE_LOOP('',(#8920,#8944,#8965,#8966,#8967,#8968));
#8920 = ORIENTED_EDGE('',*,*,#8921,.T.);
#8921 = EDGE_CURVE('',#8922,#8922,#8924,.T.);
#8922 = VERTEX_POINT('',#8923);
#8923 = CARTESIAN_POINT('',(180.,-5.,69.4));
#8924 = SURFACE_CURVE('',#8925,(#8930,#8937),.PCURVE_S1.);
#8925 = CIRCLE('',#8926,5.9);
#8926 = AXIS2_PLACEMENT_3D('',#8927,#8928,#8929);
#8927 = CARTESIAN_POINT('',(180.,-5.,63.5));
#8928 = DIRECTION('',(0.,1.,0.));
#8929 = DIRECTION('',(0.,-0.,1.));
#8930 = PCURVE('',#7135,#8931);
#8931 = DEFINITIONAL_REPRESENTATION('',(#8932),#8936);
#8932 = LINE('',#8933,#8934);
#8933 = CARTESIAN_POINT('',(0.,1.));
#8934 = VECTOR('',#8935,1.);
#8935 = DIRECTION('',(1.,0.));
#8936 = ( GEOMETRIC_REPRESENTATION_CONTEXT(2) 
PARAMETRIC_REPRESENTATION_CONTEXT() REPRESENTATION_CONTEXT('2D SPACE',''
  ) );
#8937 = PCURVE('',#7918,#8938);
#8938 = DEFINITIONAL_REPRESENTATION('',(#8939),#8943);
#8939 = LINE('',#8940,#8941);
#8940 = CARTESIAN_POINT('',(-0.,-1.));
#8941 = VECTOR('',#8942,1.);
#8942 = DIRECTION('',(-1.,-0.));
#8943 = ( GEOMETRIC_REPRESENTATION_CONTEXT(2) 
PARAMETRIC_REPRESENTATION_CONTEXT() REPRESENTATION_CONTEXT('2D SPACE',''
  ) );
#8944 = ORIENTED_EDGE('',*,*,#8945,.T.);
#8945 = EDGE_CURVE('',#8922,#5885,#8946,.T.);
#8946 = SEAM_CURVE('',#8947,(#8951,#8958),.PCURVE_S1.);
#8947 = LINE('',#8948,#8949);
#8948 = CARTESIAN_POINT('',(180.,-6.,69.4));
#8949 = VECTOR('',#8950,1.);
#8950 = DIRECTION('',(0.,1.,0.));
#8951 = PCURVE('',#7135,#8952);
#8952 = DEFINITIONAL_REPRESENTATION('',(#8953),#8957);
#8953 = LINE('',#8954,#8955);
#8954 = CARTESIAN_POINT('',(0.,-0.));
#8955 = VECTOR('',#8956,1.);
#8956 = DIRECTION('',(0.,1.));
#8957 = ( GEOMETRIC_REPRESENTATION_CONTEXT(2) 
PARAMETRIC_REPRESENTATION_CONTEXT() REPRESENTATION_CONTEXT('2D SPACE',''
  ) );
#8958 = PCURVE('',#7135,#8959);
#8959 = DEFINITIONAL_REPRESENTATION('',(#8960),#8964);
#8960 = LINE('',#8961,#8962);
#8961 = CARTESIAN_POINT('',(6.28318530718,-0.));
#8962 = VECTOR('',#8963,1.);
#8963 = DIRECTION('',(0.,1.));
#8964 = ( GEOMETRIC_REPRESENTATION_CONTEXT(2) 
PARAMETRIC_REPRESENTATION_CONTEXT() REPRESENTATION_CONTEXT('2D SPACE',''
  ) );
#8965 = ORIENTED_EDGE('',*,*,#7103,.T.);
#8966 = ORIENTED_EDGE('',*,*,#7196,.F.);
#8967 = ORIENTED_EDGE('',*,*,#7160,.F.);
#8968 = ORIENTED_EDGE('',*,*,#8945,.F.);
#8969 = ADVANCED_FACE('',(#8970),#7253,.F.);
#8970 = FACE_BOUND('',#8971,.F.);
#8971 = EDGE_LOOP('',(#8972,#8973,#8994,#8995));
#8972 = ORIENTED_EDGE('',*,*,#7933,.F.);
#8973 = ORIENTED_EDGE('',*,*,#8974,.F.);
#8974 = EDGE_CURVE('',#7237,#7934,#8975,.T.);
#8975 = SEAM_CURVE('',#8976,(#8980,#8987),.PCURVE_S1.);
#8976 = LINE('',#8977,#8978);
#8977 = CARTESIAN_POINT('',(-180.,-6.,30.4));
#8978 = VECTOR('',#8979,1.);
#8979 = DIRECTION('',(1.731912112471E-16,0.707106781187,-0.707106781187)
  );
#8980 = PCURVE('',#7253,#8981);
#8981 = DEFINITIONAL_REPRESENTATION('',(#8982),#8986);
#8982 = LINE('',#8983,#8984);
#8983 = CARTESIAN_POINT('',(-6.28318530718,0.));
#8984 = VECTOR('',#8985,1.);
#8985 = DIRECTION('',(-0.,-1.));
#8986 = ( GEOMETRIC_REPRESENTATION_CONTEXT(2) 
PARAMETRIC_REPRESENTATION_CONTEXT() REPRESENTATION_CONTEXT('2D SPACE',''
  ) );
#8987 = PCURVE('',#7253,#8988);
#8988 = DEFINITIONAL_REPRESENTATION('',(#8989),#8993);
#8989 = LINE('',#8990,#8991);
#8990 = CARTESIAN_POINT('',(0.,-0.));
#8991 = VECTOR('',#8992,1.);
#8992 = DIRECTION('',(-0.,-1.));
#8993 = ( GEOMETRIC_REPRESENTATION_CONTEXT(2) 
PARAMETRIC_REPRESENTATION_CONTEXT() REPRESENTATION_CONTEXT('2D SPACE',''
  ) );
#8994 = ORIENTED_EDGE('',*,*,#7236,.T.);
#8995 = ORIENTED_EDGE('',*,*,#8974,.T.);
#8996 = ADVANCED_FACE('',(#8997),#7288,.F.);
#8997 = FACE_BOUND('',#8998,.F.);
#8998 = EDGE_LOOP('',(#8999,#9000,#9021,#9022));
#8999 = ORIENTED_EDGE('',*,*,#7985,.F.);
#9000 = ORIENTED_EDGE('',*,*,#9001,.F.);
#9001 = EDGE_CURVE('',#7272,#7986,#9002,.T.);
#9002 = SEAM_CURVE('',#9003,(#9007,#9014),.PCURVE_S1.);
#9003 = LINE('',#9004,#9005);
#9004 = CARTESIAN_POINT('',(-140.,-6.,30.4));
#9005 = VECTOR('',#9006,1.);
#9006 = DIRECTION('',(1.731912112471E-16,0.707106781187,-0.707106781187)
  );
#9007 = PCURVE('',#7288,#9008);
#9008 = DEFINITIONAL_REPRESENTATION('',(#9009),#9013);
#9009 = LINE('',#9010,#9011);
#9010 = CARTESIAN_POINT('',(-6.28318530718,0.));
#9011 = VECTOR('',#9012,1.);
#9012 = DIRECTION('',(-0.,-1.));
#9013 = ( GEOMETRIC_REPRESENTATION_CONTEXT(2) 
PARAMETRIC_REPRESENTATION_CONTEXT() REPRESENTATION_CONTEXT('2D SPACE',''
  ) );
#9014 = PCURVE('',#7288,#9015);
#9015 = DEFINITIONAL_REPRESENTATION('',(#9016),#9020);
#9016 = LINE('',#9017,#9018);
#9017 = CARTESIAN_POINT('',(0.,-0.));
#9018 = VECTOR('',#9019,1.);
#9019 = DIRECTION('',(-0.,-1.));
#9020 = ( GEOMETRIC_REPRESENTATION_CONTEXT(2) 
PARAMETRIC_REPRESENTATION_CONTEXT() REPRESENTATION_CONTEXT('2D SPACE',''
  ) );
#9021 = ORIENTED_EDGE('',*,*,#7271,.T.);
#9022 = ORIENTED_EDGE('',*,*,#9001,.T.);
#9023 = ADVANCED_FACE('',(#9024),#7323,.F.);
#9024 = FACE_BOUND('',#9025,.F.);
#9025 = EDGE_LOOP('',(#9026,#9027,#9048,#9049));
#9026 = ORIENTED_EDGE('',*,*,#8037,.F.);
#9027 = ORIENTED_EDGE('',*,*,#9028,.F.);
#9028 = EDGE_CURVE('',#7307,#8038,#9029,.T.);
#9029 = SEAM_CURVE('',#9030,(#9034,#9041),.PCURVE_S1.);
#9030 = LINE('',#9031,#9032);
#9031 = CARTESIAN_POINT('',(-100.,-6.,30.4));
#9032 = VECTOR('',#9033,1.);
#9033 = DIRECTION('',(1.731912112471E-16,0.707106781187,-0.707106781187)
  );
#9034 = PCURVE('',#7323,#9035);
#9035 = DEFINITIONAL_REPRESENTATION('',(#9036),#9040);
#9036 = LINE('',#9037,#9038);
#9037 = CARTESIAN_POINT('',(-6.28318530718,0.));
#9038 = VECTOR('',#9039,1.);
#9039 = DIRECTION('',(-0.,-1.));
#9040 = ( GEOMETRIC_REPRESENTATION_CONTEXT(2) 
PARAMETRIC_REPRESENTATION_CONTEXT() REPRESENTATION_CONTEXT('2D SPACE',''
  ) );
#9041 = PCURVE('',#7323,#9042);
#9042 = DEFINITIONAL_REPRESENTATION('',(#9043),#9047);
#9043 = LINE('',#9044,#9045);
#9044 = CARTESIAN_POINT('',(0.,-0.));
#9045 = VECTOR('',#9046,1.);
#9046 = DIRECTION('',(-0.,-1.));
#9047 = ( GEOMETRIC_REPRESENTATION_CONTEXT(2) 
PARAMETRIC_REPRESENTATION_CONTEXT() REPRESENTATION_CONTEXT('2D SPACE',''
  ) );
#9048 = ORIENTED_EDGE('',*,*,#7306,.T.);
#9049 = ORIENTED_EDGE('',*,*,#9028,.T.);
#9050 = ADVANCED_FACE('',(#9051),#7358,.F.);
#9051 = FACE_BOUND('',#9052,.F.);
#9052 = EDGE_LOOP('',(#9053,#9054,#9075,#9076));
#9053 = ORIENTED_EDGE('',*,*,#8089,.F.);
#9054 = ORIENTED_EDGE('',*,*,#9055,.F.);
#9055 = EDGE_CURVE('',#7342,#8090,#9056,.T.);
#9056 = SEAM_CURVE('',#9057,(#9061,#9068),.PCURVE_S1.);
#9057 = LINE('',#9058,#9059);
#9058 = CARTESIAN_POINT('',(-60.,-6.,30.4));
#9059 = VECTOR('',#9060,1.);
#9060 = DIRECTION('',(1.731912112471E-16,0.707106781187,-0.707106781187)
  );
#9061 = PCURVE('',#7358,#9062);
#9062 = DEFINITIONAL_REPRESENTATION('',(#9063),#9067);
#9063 = LINE('',#9064,#9065);
#9064 = CARTESIAN_POINT('',(-6.28318530718,0.));
#9065 = VECTOR('',#9066,1.);
#9066 = DIRECTION('',(-0.,-1.));
#9067 = ( GEOMETRIC_REPRESENTATION_CONTEXT(2) 
PARAMETRIC_REPRESENTATION_CONTEXT() REPRESENTATION_CONTEXT('2D SPACE',''
  ) );
#9068 = PCURVE('',#7358,#9069);
#9069 = DEFINITIONAL_REPRESENTATION('',(#9070),#9074);
#9070 = LINE('',#9071,#9072);
#9071 = CARTESIAN_POINT('',(0.,-0.));
#9072 = VECTOR('',#9073,1.);
#9073 = DIRECTION('',(-0.,-1.));
#9074 = ( GEOMETRIC_REPRESENTATION_CONTEXT(2) 
PARAMETRIC_REPRESENTATION_CONTEXT() REPRESENTATION_CONTEXT('2D SPACE',''
  ) );
#9075 = ORIENTED_EDGE('',*,*,#7341,.T.);
#9076 = ORIENTED_EDGE('',*,*,#9055,.T.);
#9077 = ADVANCED_FACE('',(#9078),#7393,.F.);
#9078 = FACE_BOUND('',#9079,.F.);
#9079 = EDGE_LOOP('',(#9080,#9081,#9102,#9103));
#9080 = ORIENTED_EDGE('',*,*,#8141,.F.);
#9081 = ORIENTED_EDGE('',*,*,#9082,.F.);
#9082 = EDGE_CURVE('',#7377,#8142,#9083,.T.);
#9083 = SEAM_CURVE('',#9084,(#9088,#9095),.PCURVE_S1.);
#9084 = LINE('',#9085,#9086);
#9085 = CARTESIAN_POINT('',(-20.,-6.,30.4));
#9086 = VECTOR('',#9087,1.);
#9087 = DIRECTION('',(1.731912112471E-16,0.707106781187,-0.707106781187)
  );
#9088 = PCURVE('',#7393,#9089);
#9089 = DEFINITIONAL_REPRESENTATION('',(#9090),#9094);
#9090 = LINE('',#9091,#9092);
#9091 = CARTESIAN_POINT('',(-6.28318530718,0.));
#9092 = VECTOR('',#9093,1.);
#9093 = DIRECTION('',(-0.,-1.));
#9094 = ( GEOMETRIC_REPRESENTATION_CONTEXT(2) 
PARAMETRIC_REPRESENTATION_CONTEXT() REPRESENTATION_CONTEXT('2D SPACE',''
  ) );
#9095 = PCURVE('',#7393,#9096);
#9096 = DEFINITIONAL_REPRESENTATION('',(#9097),#9101);
#9097 = LINE('',#9098,#9099);
#9098 = CARTESIAN_POINT('',(0.,-0.));
#9099 = VECTOR('',#9100,1.);
#9100 = DIRECTION('',(-0.,-1.));
#9101 = ( GEOMETRIC_REPRESENTATION_CONTEXT(2) 
PARAMETRIC_REPRESENTATION_CONTEXT() REPRESENTATION_CONTEXT('2D SPACE',''
  ) );
#9102 = ORIENTED_EDGE('',*,*,#7376,.T.);
#9103 = ORIENTED_EDGE('',*,*,#9082,.T.);
#9104 = ADVANCED_FACE('',(#9105),#7428,.F.);
#9105 = FACE_BOUND('',#9106,.F.);
#9106 = EDGE_LOOP('',(#9107,#9108,#9129,#9130));
#9107 = ORIENTED_EDGE('',*,*,#8505,.F.);
#9108 = ORIENTED_EDGE('',*,*,#9109,.F.);
#9109 = EDGE_CURVE('',#7412,#8506,#9110,.T.);
#9110 = SEAM_CURVE('',#9111,(#9115,#9122),.PCURVE_S1.);
#9111 = LINE('',#9112,#9113);
#9112 = CARTESIAN_POINT('',(-180.,-6.,70.4));
#9113 = VECTOR('',#9114,1.);
#9114 = DIRECTION('',(1.731912112471E-16,0.707106781187,-0.707106781187)
  );
#9115 = PCURVE('',#7428,#9116);
#9116 = DEFINITIONAL_REPRESENTATION('',(#9117),#9121);
#9117 = LINE('',#9118,#9119);
#9118 = CARTESIAN_POINT('',(-6.28318530718,0.));
#9119 = VECTOR('',#9120,1.);
#9120 = DIRECTION('',(-0.,-1.));
#9121 = ( GEOMETRIC_REPRESENTATION_CONTEXT(2) 
PARAMETRIC_REPRESENTATION_CONTEXT() REPRESENTATION_CONTEXT('2D SPACE',''
  ) );
#9122 = PCURVE('',#7428,#9123);
#9123 = DEFINITIONAL_REPRESENTATION('',(#9124),#9128);
#9124 = LINE('',#9125,#9126);
#9125 = CARTESIAN_POINT('',(0.,-0.));
#9126 = VECTOR('',#9127,1.);
#9127 = DIRECTION('',(-0.,-1.));
#9128 = ( GEOMETRIC_REPRESENTATION_CONTEXT(2) 
PARAMETRIC_REPRESENTATION_CONTEXT() REPRESENTATION_CONTEXT('2D SPACE',''
  ) );
#9129 = ORIENTED_EDGE('',*,*,#7411,.T.);
#9130 = ORIENTED_EDGE('',*,*,#9109,.T.);
#9131 = ADVANCED_FACE('',(#9132),#7463,.F.);
#9132 = FACE_BOUND('',#9133,.F.);
#9133 = EDGE_LOOP('',(#9134,#9135,#9156,#9157));
#9134 = ORIENTED_EDGE('',*,*,#8557,.F.);
#9135 = ORIENTED_EDGE('',*,*,#9136,.F.);
#9136 = EDGE_CURVE('',#7447,#8558,#9137,.T.);
#9137 = SEAM_CURVE('',#9138,(#9142,#9149),.PCURVE_S1.);
#9138 = LINE('',#9139,#9140);
#9139 = CARTESIAN_POINT('',(-140.,-6.,70.4));
#9140 = VECTOR('',#9141,1.);
#9141 = DIRECTION('',(1.731912112471E-16,0.707106781187,-0.707106781187)
  );
#9142 = PCURVE('',#7463,#9143);
#9143 = DEFINITIONAL_REPRESENTATION('',(#9144),#9148);
#9144 = LINE('',#9145,#9146);
#9145 = CARTESIAN_POINT('',(-6.28318530718,0.));
#9146 = VECTOR('',#9147,1.);
#9147 = DIRECTION('',(-0.,-1.));
#9148 = ( GEOMETRIC_REPRESENTATION_CONTEXT(2) 
PARAMETRIC_REPRESENTATION_CONTEXT() REPRESENTATION_CONTEXT('2D SPACE',''
  ) );
#9149 = PCURVE('',#7463,#9150);
#9150 = DEFINITIONAL_REPRESENTATION('',(#9151),#9155);
#9151 = LINE('',#9152,#9153);
#9152 = CARTESIAN_POINT('',(0.,-0.));
#9153 = VECTOR('',#9154,1.);
#9154 = DIRECTION('',(-0.,-1.));
#9155 = ( GEOMETRIC_REPRESENTATION_CONTEXT(2) 
PARAMETRIC_REPRESENTATION_CONTEXT() REPRESENTATION_CONTEXT('2D SPACE',''
  ) );
#9156 = ORIENTED_EDGE('',*,*,#7446,.T.);
#9157 = ORIENTED_EDGE('',*,*,#9136,.T.);
#9158 = ADVANCED_FACE('',(#9159),#7498,.F.);
#9159 = FACE_BOUND('',#9160,.F.);
#9160 = EDGE_LOOP('',(#9161,#9162,#9183,#9184));
#9161 = ORIENTED_EDGE('',*,*,#8609,.F.);
#9162 = ORIENTED_EDGE('',*,*,#9163,.F.);
#9163 = EDGE_CURVE('',#7482,#8610,#9164,.T.);
#9164 = SEAM_CURVE('',#9165,(#9169,#9176),.PCURVE_S1.);
#9165 = LINE('',#9166,#9167);
#9166 = CARTESIAN_POINT('',(-100.,-6.,70.4));
#9167 = VECTOR('',#9168,1.);
#9168 = DIRECTION('',(1.731912112471E-16,0.707106781187,-0.707106781187)
  );
#9169 = PCURVE('',#7498,#9170);
#9170 = DEFINITIONAL_REPRESENTATION('',(#9171),#9175);
#9171 = LINE('',#9172,#9173);
#9172 = CARTESIAN_POINT('',(-6.28318530718,0.));
#9173 = VECTOR('',#9174,1.);
#9174 = DIRECTION('',(-0.,-1.));
#9175 = ( GEOMETRIC_REPRESENTATION_CONTEXT(2) 
PARAMETRIC_REPRESENTATION_CONTEXT() REPRESENTATION_CONTEXT('2D SPACE',''
  ) );
#9176 = PCURVE('',#7498,#9177);
#9177 = DEFINITIONAL_REPRESENTATION('',(#9178),#9182);
#9178 = LINE('',#9179,#9180);
#9179 = CARTESIAN_POINT('',(0.,-0.));
#9180 = VECTOR('',#9181,1.);
#9181 = DIRECTION('',(-0.,-1.));
#9182 = ( GEOMETRIC_REPRESENTATION_CONTEXT(2) 
PARAMETRIC_REPRESENTATION_CONTEXT() REPRESENTATION_CONTEXT('2D SPACE',''
  ) );
#9183 = ORIENTED_EDGE('',*,*,#7481,.T.);
#9184 = ORIENTED_EDGE('',*,*,#9163,.T.);
#9185 = ADVANCED_FACE('',(#9186),#7533,.F.);
#9186 = FACE_BOUND('',#9187,.F.);
#9187 = EDGE_LOOP('',(#9188,#9189,#9210,#9211));
#9188 = ORIENTED_EDGE('',*,*,#8661,.F.);
#9189 = ORIENTED_EDGE('',*,*,#9190,.F.);
#9190 = EDGE_CURVE('',#7517,#8662,#9191,.T.);
#9191 = SEAM_CURVE('',#9192,(#9196,#9203),.PCURVE_S1.);
#9192 = LINE('',#9193,#9194);
#9193 = CARTESIAN_POINT('',(-60.,-6.,70.4));
#9194 = VECTOR('',#9195,1.);
#9195 = DIRECTION('',(1.731912112471E-16,0.707106781187,-0.707106781187)
  );
#9196 = PCURVE('',#7533,#9197);
#9197 = DEFINITIONAL_REPRESENTATION('',(#9198),#9202);
#9198 = LINE('',#9199,#9200);
#9199 = CARTESIAN_POINT('',(-6.28318530718,0.));
#9200 = VECTOR('',#9201,1.);
#9201 = DIRECTION('',(-0.,-1.));
#9202 = ( GEOMETRIC_REPRESENTATION_CONTEXT(2) 
PARAMETRIC_REPRESENTATION_CONTEXT() REPRESENTATION_CONTEXT('2D SPACE',''
  ) );
#9203 = PCURVE('',#7533,#9204);
#9204 = DEFINITIONAL_REPRESENTATION('',(#9205),#9209);
#9205 = LINE('',#9206,#9207);
#9206 = CARTESIAN_POINT('',(0.,-0.));
#9207 = VECTOR('',#9208,1.);
#9208 = DIRECTION('',(-0.,-1.));
#9209 = ( GEOMETRIC_REPRESENTATION_CONTEXT(2) 
PARAMETRIC_REPRESENTATION_CONTEXT() REPRESENTATION_CONTEXT('2D SPACE',''
  ) );
#9210 = ORIENTED_EDGE('',*,*,#7516,.T.);
#9211 = ORIENTED_EDGE('',*,*,#9190,.T.);
#9212 = ADVANCED_FACE('',(#9213),#7568,.F.);
#9213 = FACE_BOUND('',#9214,.F.);
#9214 = EDGE_LOOP('',(#9215,#9216,#9237,#9238));
#9215 = ORIENTED_EDGE('',*,*,#8453,.F.);
#9216 = ORIENTED_EDGE('',*,*,#9217,.F.);
#9217 = EDGE_CURVE('',#7552,#8454,#9218,.T.);
#9218 = SEAM_CURVE('',#9219,(#9223,#9230),.PCURVE_S1.);
#9219 = LINE('',#9220,#9221);
#9220 = CARTESIAN_POINT('',(-20.,-6.,70.4));
#9221 = VECTOR('',#9222,1.);
#9222 = DIRECTION('',(1.731912112471E-16,0.707106781187,-0.707106781187)
  );
#9223 = PCURVE('',#7568,#9224);
#9224 = DEFINITIONAL_REPRESENTATION('',(#9225),#9229);
#9225 = LINE('',#9226,#9227);
#9226 = CARTESIAN_POINT('',(-6.28318530718,0.));
#9227 = VECTOR('',#9228,1.);
#9228 = DIRECTION('',(-0.,-1.));
#9229 = ( GEOMETRIC_REPRESENTATION_CONTEXT(2) 
PARAMETRIC_REPRESENTATION_CONTEXT() REPRESENTATION_CONTEXT('2D SPACE',''
  ) );
#9230 = PCURVE('',#7568,#9231);
#9231 = DEFINITIONAL_REPRESENTATION('',(#9232),#9236);
#9232 = LINE('',#9233,#9234);
#9233 = CARTESIAN_POINT('',(0.,-0.));
#9234 = VECTOR('',#9235,1.);
#9235 = DIRECTION('',(-0.,-1.));
#9236 = ( GEOMETRIC_REPRESENTATION_CONTEXT(2) 
PARAMETRIC_REPRESENTATION_CONTEXT() REPRESENTATION_CONTEXT('2D SPACE',''
  ) );
#9237 = ORIENTED_EDGE('',*,*,#7551,.T.);
#9238 = ORIENTED_EDGE('',*,*,#9217,.T.);
#9239 = ADVANCED_FACE('',(#9240),#7603,.F.);
#9240 = FACE_BOUND('',#9241,.F.);
#9241 = EDGE_LOOP('',(#9242,#9243,#9264,#9265));
#9242 = ORIENTED_EDGE('',*,*,#8193,.F.);
#9243 = ORIENTED_EDGE('',*,*,#9244,.F.);
#9244 = EDGE_CURVE('',#7587,#8194,#9245,.T.);
#9245 = SEAM_CURVE('',#9246,(#9250,#9257),.PCURVE_S1.);
#9246 = LINE('',#9247,#9248);
#9247 = CARTESIAN_POINT('',(20.,-6.,30.4));
#9248 = VECTOR('',#9249,1.);
#9249 = DIRECTION('',(1.731912112471E-16,0.707106781187,-0.707106781187)
  );
#9250 = PCURVE('',#7603,#9251);
#9251 = DEFINITIONAL_REPRESENTATION('',(#9252),#9256);
#9252 = LINE('',#9253,#9254);
#9253 = CARTESIAN_POINT('',(-6.28318530718,0.));
#9254 = VECTOR('',#9255,1.);
#9255 = DIRECTION('',(-0.,-1.));
#9256 = ( GEOMETRIC_REPRESENTATION_CONTEXT(2) 
PARAMETRIC_REPRESENTATION_CONTEXT() REPRESENTATION_CONTEXT('2D SPACE',''
  ) );
#9257 = PCURVE('',#7603,#9258);
#9258 = DEFINITIONAL_REPRESENTATION('',(#9259),#9263);
#9259 = LINE('',#9260,#9261);
#9260 = CARTESIAN_POINT('',(0.,-0.));
#9261 = VECTOR('',#9262,1.);
#9262 = DIRECTION('',(-0.,-1.));
#9263 = ( GEOMETRIC_REPRESENTATION_CONTEXT(2) 
PARAMETRIC_REPRESENTATION_CONTEXT() REPRESENTATION_CONTEXT('2D SPACE',''
  ) );
#9264 = ORIENTED_EDGE('',*,*,#7586,.T.);
#9265 = ORIENTED_EDGE('',*,*,#9244,.T.);
#9266 = ADVANCED_FACE('',(#9267),#7638,.F.);
#9267 = FACE_BOUND('',#9268,.F.);
#9268 = EDGE_LOOP('',(#9269,#9270,#9291,#9292));
#9269 = ORIENTED_EDGE('',*,*,#8245,.F.);
#9270 = ORIENTED_EDGE('',*,*,#9271,.F.);
#9271 = EDGE_CURVE('',#7622,#8246,#9272,.T.);
#9272 = SEAM_CURVE('',#9273,(#9277,#9284),.PCURVE_S1.);
#9273 = LINE('',#9274,#9275);
#9274 = CARTESIAN_POINT('',(60.,-6.,30.4));
#9275 = VECTOR('',#9276,1.);
#9276 = DIRECTION('',(1.731912112471E-16,0.707106781187,-0.707106781187)
  );
#9277 = PCURVE('',#7638,#9278);
#9278 = DEFINITIONAL_REPRESENTATION('',(#9279),#9283);
#9279 = LINE('',#9280,#9281);
#9280 = CARTESIAN_POINT('',(-6.28318530718,0.));
#9281 = VECTOR('',#9282,1.);
#9282 = DIRECTION('',(-0.,-1.));
#9283 = ( GEOMETRIC_REPRESENTATION_CONTEXT(2) 
PARAMETRIC_REPRESENTATION_CONTEXT() REPRESENTATION_CONTEXT('2D SPACE',''
  ) );
#9284 = PCURVE('',#7638,#9285);
#9285 = DEFINITIONAL_REPRESENTATION('',(#9286),#9290);
#9286 = LINE('',#9287,#9288);
#9287 = CARTESIAN_POINT('',(0.,-0.));
#9288 = VECTOR('',#9289,1.);
#9289 = DIRECTION('',(-0.,-1.));
#9290 = ( GEOMETRIC_REPRESENTATION_CONTEXT(2) 
PARAMETRIC_REPRESENTATION_CONTEXT() REPRESENTATION_CONTEXT('2D SPACE',''
  ) );
#9291 = ORIENTED_EDGE('',*,*,#7621,.T.);
#9292 = ORIENTED_EDGE('',*,*,#9271,.T.);
#9293 = ADVANCED_FACE('',(#9294),#7673,.F.);
#9294 = FACE_BOUND('',#9295,.F.);
#9295 = EDGE_LOOP('',(#9296,#9297,#9318,#9319));
#9296 = ORIENTED_EDGE('',*,*,#8297,.F.);
#9297 = ORIENTED_EDGE('',*,*,#9298,.F.);
#9298 = EDGE_CURVE('',#7657,#8298,#9299,.T.);
#9299 = SEAM_CURVE('',#9300,(#9304,#9311),.PCURVE_S1.);
#9300 = LINE('',#9301,#9302);
#9301 = CARTESIAN_POINT('',(100.,-6.,30.4));
#9302 = VECTOR('',#9303,1.);
#9303 = DIRECTION('',(1.731912112471E-16,0.707106781187,-0.707106781187)
  );
#9304 = PCURVE('',#7673,#9305);
#9305 = DEFINITIONAL_REPRESENTATION('',(#9306),#9310);
#9306 = LINE('',#9307,#9308);
#9307 = CARTESIAN_POINT('',(-6.28318530718,0.));
#9308 = VECTOR('',#9309,1.);
#9309 = DIRECTION('',(-0.,-1.));
#9310 = ( GEOMETRIC_REPRESENTATION_CONTEXT(2) 
PARAMETRIC_REPRESENTATION_CONTEXT() REPRESENTATION_CONTEXT('2D SPACE',''
  ) );
#9311 = PCURVE('',#7673,#9312);
#9312 = DEFINITIONAL_REPRESENTATION('',(#9313),#9317);
#9313 = LINE('',#9314,#9315);
#9314 = CARTESIAN_POINT('',(0.,-0.));
#9315 = VECTOR('',#9316,1.);
#9316 = DIRECTION('',(-0.,-1.));
#9317 = ( GEOMETRIC_REPRESENTATION_CONTEXT(2) 
PARAMETRIC_REPRESENTATION_CONTEXT() REPRESENTATION_CONTEXT('2D SPACE',''
  ) );
#9318 = ORIENTED_EDGE('',*,*,#7656,.T.);
#9319 = ORIENTED_EDGE('',*,*,#9298,.T.);
#9320 = ADVANCED_FACE('',(#9321),#7708,.F.);
#9321 = FACE_BOUND('',#9322,.F.);
#9322 = EDGE_LOOP('',(#9323,#9324,#9345,#9346));
#9323 = ORIENTED_EDGE('',*,*,#8349,.F.);
#9324 = ORIENTED_EDGE('',*,*,#9325,.F.);
#9325 = EDGE_CURVE('',#7692,#8350,#9326,.T.);
#9326 = SEAM_CURVE('',#9327,(#9331,#9338),.PCURVE_S1.);
#9327 = LINE('',#9328,#9329);
#9328 = CARTESIAN_POINT('',(140.,-6.,30.4));
#9329 = VECTOR('',#9330,1.);
#9330 = DIRECTION('',(1.731912112471E-16,0.707106781187,-0.707106781187)
  );
#9331 = PCURVE('',#7708,#9332);
#9332 = DEFINITIONAL_REPRESENTATION('',(#9333),#9337);
#9333 = LINE('',#9334,#9335);
#9334 = CARTESIAN_POINT('',(-6.28318530718,0.));
#9335 = VECTOR('',#9336,1.);
#9336 = DIRECTION('',(-0.,-1.));
#9337 = ( GEOMETRIC_REPRESENTATION_CONTEXT(2) 
PARAMETRIC_REPRESENTATION_CONTEXT() REPRESENTATION_CONTEXT('2D SPACE',''
  ) );
#9338 = PCURVE('',#7708,#9339);
#9339 = DEFINITIONAL_REPRESENTATION('',(#9340),#9344);
#9340 = LINE('',#9341,#9342);
#9341 = CARTESIAN_POINT('',(0.,-0.));
#9342 = VECTOR('',#9343,1.);
#9343 = DIRECTION('',(-0.,-1.));
#9344 = ( GEOMETRIC_REPRESENTATION_CONTEXT(2) 
PARAMETRIC_REPRESENTATION_CONTEXT() REPRESENTATION_CONTEXT('2D SPACE',''
  ) );
#9345 = ORIENTED_EDGE('',*,*,#7691,.T.);
#9346 = ORIENTED_EDGE('',*,*,#9325,.T.);
#9347 = ADVANCED_FACE('',(#9348),#7743,.F.);
#9348 = FACE_BOUND('',#9349,.F.);
#9349 = EDGE_LOOP('',(#9350,#9351,#9372,#9373));
#9350 = ORIENTED_EDGE('',*,*,#8401,.F.);
#9351 = ORIENTED_EDGE('',*,*,#9352,.F.);
#9352 = EDGE_CURVE('',#7727,#8402,#9353,.T.);
#9353 = SEAM_CURVE('',#9354,(#9358,#9365),.PCURVE_S1.);
#9354 = LINE('',#9355,#9356);
#9355 = CARTESIAN_POINT('',(180.,-6.,30.4));
#9356 = VECTOR('',#9357,1.);
#9357 = DIRECTION('',(1.731912112471E-16,0.707106781187,-0.707106781187)
  );
#9358 = PCURVE('',#7743,#9359);
#9359 = DEFINITIONAL_REPRESENTATION('',(#9360),#9364);
#9360 = LINE('',#9361,#9362);
#9361 = CARTESIAN_POINT('',(-6.28318530718,0.));
#9362 = VECTOR('',#9363,1.);
#9363 = DIRECTION('',(-0.,-1.));
#9364 = ( GEOMETRIC_REPRESENTATION_CONTEXT(2) 
PARAMETRIC_REPRESENTATION_CONTEXT() REPRESENTATION_CONTEXT('2D SPACE',''
  ) );
#9365 = PCURVE('',#7743,#9366);
#9366 = DEFINITIONAL_REPRESENTATION('',(#9367),#9371);
#9367 = LINE('',#9368,#9369);
#9368 = CARTESIAN_POINT('',(0.,-0.));
#9369 = VECTOR('',#9370,1.);
#9370 = DIRECTION('',(-0.,-1.));
#9371 = ( GEOMETRIC_REPRESENTATION_CONTEXT(2) 
PARAMETRIC_REPRESENTATION_CONTEXT() REPRESENTATION_CONTEXT('2D SPACE',''
  ) );
#9372 = ORIENTED_EDGE('',*,*,#7726,.T.);
#9373 = ORIENTED_EDGE('',*,*,#9352,.T.);
#9374 = ADVANCED_FACE('',(#9375),#7778,.F.);
#9375 = FACE_BOUND('',#9376,.F.);
#9376 = EDGE_LOOP('',(#9377,#9378,#9399,#9400));
#9377 = ORIENTED_EDGE('',*,*,#8713,.F.);
#9378 = ORIENTED_EDGE('',*,*,#9379,.F.);
#9379 = EDGE_CURVE('',#7762,#8714,#9380,.T.);
#9380 = SEAM_CURVE('',#9381,(#9385,#9392),.PCURVE_S1.);
#9381 = LINE('',#9382,#9383);
#9382 = CARTESIAN_POINT('',(20.,-6.,70.4));
#9383 = VECTOR('',#9384,1.);
#9384 = DIRECTION('',(1.731912112471E-16,0.707106781187,-0.707106781187)
  );
#9385 = PCURVE('',#7778,#9386);
#9386 = DEFINITIONAL_REPRESENTATION('',(#9387),#9391);
#9387 = LINE('',#9388,#9389);
#9388 = CARTESIAN_POINT('',(-6.28318530718,0.));
#9389 = VECTOR('',#9390,1.);
#9390 = DIRECTION('',(-0.,-1.));
#9391 = ( GEOMETRIC_REPRESENTATION_CONTEXT(2) 
PARAMETRIC_REPRESENTATION_CONTEXT() REPRESENTATION_CONTEXT('2D SPACE',''
  ) );
#9392 = PCURVE('',#7778,#9393);
#9393 = DEFINITIONAL_REPRESENTATION('',(#9394),#9398);
#9394 = LINE('',#9395,#9396);
#9395 = CARTESIAN_POINT('',(0.,-0.));
#9396 = VECTOR('',#9397,1.);
#9397 = DIRECTION('',(-0.,-1.));
#9398 = ( GEOMETRIC_REPRESENTATION_CONTEXT(2) 
PARAMETRIC_REPRESENTATION_CONTEXT() REPRESENTATION_CONTEXT('2D SPACE',''
  ) );
#9399 = ORIENTED_EDGE('',*,*,#7761,.T.);
#9400 = ORIENTED_EDGE('',*,*,#9379,.T.);
#9401 = ADVANCED_FACE('',(#9402),#7813,.F.);
#9402 = FACE_BOUND('',#9403,.F.);
#9403 = EDGE_LOOP('',(#9404,#9405,#9426,#9427));
#9404 = ORIENTED_EDGE('',*,*,#8765,.F.);
#9405 = ORIENTED_EDGE('',*,*,#9406,.F.);
#9406 = EDGE_CURVE('',#7797,#8766,#9407,.T.);
#9407 = SEAM_CURVE('',#9408,(#9412,#9419),.PCURVE_S1.);
#9408 = LINE('',#9409,#9410);
#9409 = CARTESIAN_POINT('',(60.,-6.,70.4));
#9410 = VECTOR('',#9411,1.);
#9411 = DIRECTION('',(1.731912112471E-16,0.707106781187,-0.707106781187)
  );
#9412 = PCURVE('',#7813,#9413);
#9413 = DEFINITIONAL_REPRESENTATION('',(#9414),#9418);
#9414 = LINE('',#9415,#9416);
#9415 = CARTESIAN_POINT('',(-6.28318530718,0.));
#9416 = VECTOR('',#9417,1.);
#9417 = DIRECTION('',(-0.,-1.));
#9418 = ( GEOMETRIC_REPRESENTATION_CONTEXT(2) 
PARAMETRIC_REPRESENTATION_CONTEXT() REPRESENTATION_CONTEXT('2D SPACE',''
  ) );
#9419 = PCURVE('',#7813,#9420);
#9420 = DEFINITIONAL_REPRESENTATION('',(#9421),#9425);
#9421 = LINE('',#9422,#9423);
#9422 = CARTESIAN_POINT('',(0.,-0.));
#9423 = VECTOR('',#9424,1.);
#9424 = DIRECTION('',(-0.,-1.));
#9425 = ( GEOMETRIC_REPRESENTATION_CONTEXT(2) 
PARAMETRIC_REPRESENTATION_CONTEXT() REPRESENTATION_CONTEXT('2D SPACE',''
  ) );
#9426 = ORIENTED_EDGE('',*,*,#7796,.T.);
#9427 = ORIENTED_EDGE('',*,*,#9406,.T.);
#9428 = ADVANCED_FACE('',(#9429),#7848,.F.);
#9429 = FACE_BOUND('',#9430,.F.);
#9430 = EDGE_LOOP('',(#9431,#9432,#9453,#9454));
#9431 = ORIENTED_EDGE('',*,*,#8817,.F.);
#9432 = ORIENTED_EDGE('',*,*,#9433,.F.);
#9433 = EDGE_CURVE('',#7832,#8818,#9434,.T.);
#9434 = SEAM_CURVE('',#9435,(#9439,#9446),.PCURVE_S1.);
#9435 = LINE('',#9436,#9437);
#9436 = CARTESIAN_POINT('',(100.,-6.,70.4));
#9437 = VECTOR('',#9438,1.);
#9438 = DIRECTION('',(1.731912112471E-16,0.707106781187,-0.707106781187)
  );
#9439 = PCURVE('',#7848,#9440);
#9440 = DEFINITIONAL_REPRESENTATION('',(#9441),#9445);
#9441 = LINE('',#9442,#9443);
#9442 = CARTESIAN_POINT('',(-6.28318530718,0.));
#9443 = VECTOR('',#9444,1.);
#9444 = DIRECTION('',(-0.,-1.));
#9445 = ( GEOMETRIC_REPRESENTATION_CONTEXT(2) 
PARAMETRIC_REPRESENTATION_CONTEXT() REPRESENTATION_CONTEXT('2D SPACE',''
  ) );
#9446 = PCURVE('',#7848,#9447);
#9447 = DEFINITIONAL_REPRESENTATION('',(#9448),#9452);
#9448 = LINE('',#9449,#9450);
#9449 = CARTESIAN_POINT('',(0.,-0.));
#9450 = VECTOR('',#9451,1.);
#9451 = DIRECTION('',(-0.,-1.));
#9452 = ( GEOMETRIC_REPRESENTATION_CONTEXT(2) 
PARAMETRIC_REPRESENTATION_CONTEXT() REPRESENTATION_CONTEXT('2D SPACE',''
  ) );
#9453 = ORIENTED_EDGE('',*,*,#7831,.T.);
#9454 = ORIENTED_EDGE('',*,*,#9433,.T.);
#9455 = ADVANCED_FACE('',(#9456),#7883,.F.);
#9456 = FACE_BOUND('',#9457,.F.);
#9457 = EDGE_LOOP('',(#9458,#9459,#9480,#9481));
#9458 = ORIENTED_EDGE('',*,*,#8869,.F.);
#9459 = ORIENTED_EDGE('',*,*,#9460,.F.);
#9460 = EDGE_CURVE('',#7867,#8870,#9461,.T.);
#9461 = SEAM_CURVE('',#9462,(#9466,#9473),.PCURVE_S1.);
#9462 = LINE('',#9463,#9464);
#9463 = CARTESIAN_POINT('',(140.,-6.,70.4));
#9464 = VECTOR('',#9465,1.);
#9465 = DIRECTION('',(1.731912112471E-16,0.707106781187,-0.707106781187)
  );
#9466 = PCURVE('',#7883,#9467);
#9467 = DEFINITIONAL_REPRESENTATION('',(#9468),#9472);
#9468 = LINE('',#9469,#9470);
#9469 = CARTESIAN_POINT('',(-6.28318530718,0.));
#9470 = VECTOR('',#9471,1.);
#9471 = DIRECTION('',(-0.,-1.));
#9472 = ( GEOMETRIC_REPRESENTATION_CONTEXT(2) 
PARAMETRIC_REPRESENTATION_CONTEXT() REPRESENTATION_CONTEXT('2D SPACE',''
  ) );
#9473 = PCURVE('',#7883,#9474);
#9474 = DEFINITIONAL_REPRESENTATION('',(#9475),#9479);
#9475 = LINE('',#9476,#9477);
#9476 = CARTESIAN_POINT('',(0.,-0.));
#9477 = VECTOR('',#9478,1.);
#9478 = DIRECTION('',(-0.,-1.));
#9479 = ( GEOMETRIC_REPRESENTATION_CONTEXT(2) 
PARAMETRIC_REPRESENTATION_CONTEXT() REPRESENTATION_CONTEXT('2D SPACE',''
  ) );
#9480 = ORIENTED_EDGE('',*,*,#7866,.T.);
#9481 = ORIENTED_EDGE('',*,*,#9460,.T.);
#9482 = ADVANCED_FACE('',(#9483),#7918,.F.);
#9483 = FACE_BOUND('',#9484,.F.);
#9484 = EDGE_LOOP('',(#9485,#9486,#9507,#9508));
#9485 = ORIENTED_EDGE('',*,*,#8921,.F.);
#9486 = ORIENTED_EDGE('',*,*,#9487,.F.);
#9487 = EDGE_CURVE('',#7902,#8922,#9488,.T.);
#9488 = SEAM_CURVE('',#9489,(#9493,#9500),.PCURVE_S1.);
#9489 = LINE('',#9490,#9491);
#9490 = CARTESIAN_POINT('',(180.,-6.,70.4));
#9491 = VECTOR('',#9492,1.);
#9492 = DIRECTION('',(1.731912112471E-16,0.707106781187,-0.707106781187)
  );
#9493 = PCURVE('',#7918,#9494);
#9494 = DEFINITIONAL_REPRESENTATION('',(#9495),#9499);
#9495 = LINE('',#9496,#9497);
#9496 = CARTESIAN_POINT('',(-6.28318530718,0.));
#9497 = VECTOR('',#9498,1.);
#9498 = DIRECTION('',(-0.,-1.));
#9499 = ( GEOMETRIC_REPRESENTATION_CONTEXT(2) 
PARAMETRIC_REPRESENTATION_CONTEXT() REPRESENTATION_CONTEXT('2D SPACE',''
  ) );
#9500 = PCURVE('',#7918,#9501);
#9501 = DEFINITIONAL_REPRESENTATION('',(#9502),#9506);
#9502 = LINE('',#9503,#9504);
#9503 = CARTESIAN_POINT('',(0.,-0.));
#9504 = VECTOR('',#9505,1.);
#9505 = DIRECTION('',(-0.,-1.));
#9506 = ( GEOMETRIC_REPRESENTATION_CONTEXT(2) 
PARAMETRIC_REPRESENTATION_CONTEXT() REPRESENTATION_CONTEXT('2D SPACE',''
  ) );
#9507 = ORIENTED_EDGE('',*,*,#7901,.T.);
#9508 = ORIENTED_EDGE('',*,*,#9487,.T.);
#9509 = ( GEOMETRIC_REPRESENTATION_CONTEXT(3) 
GLOBAL_UNCERTAINTY_ASSIGNED_CONTEXT((#9513)) 
GLOBAL_UNIT_ASSIGNED_CONTEXT((#9510,#9511,#9512)) REPRESENTATION_CONTEXT
('Context #1','3D Context with UNIT and UNCERTAINTY') );
#9510 = ( LENGTH_UNIT() NAMED_UNIT(*) SI_UNIT(.MILLI.,.METRE.) );
#9511 = ( NAMED_UNIT(*) PLANE_ANGLE_UNIT() SI_UNIT($,.RADIAN.) );
#9512 = ( NAMED_UNIT(*) SI_UNIT($,.STERADIAN.) SOLID_ANGLE_UNIT() );
#9513 = UNCERTAINTY_MEASURE_WITH_UNIT(LENGTH_MEASURE(1.E-07),#9510,
  'distance_accuracy_value','confusion accuracy');
#9514 = CONTEXT_DEPENDENT_SHAPE_REPRESENTATION(#9515,#9517);
#9515 = ( REPRESENTATION_RELATIONSHIP('','',#52,#10) 
REPRESENTATION_RELATIONSHIP_WITH_TRANSFORMATION(#9516) 
SHAPE_REPRESENTATION_RELATIONSHIP() );
#9516 = ITEM_DEFINED_TRANSFORMATION('','',#11,#15);
#9517 = PRODUCT_DEFINITION_SHAPE('Placement','Placement of an item',
  #9518);
#9518 = NEXT_ASSEMBLY_USAGE_OCCURRENCE('1','body','',#5,#47,$);
#9519 = PRODUCT_RELATED_PRODUCT_CATEGORY('part',$,(#49));
#9520 = SHAPE_DEFINITION_REPRESENTATION(#9521,#9527);
#9521 = PRODUCT_DEFINITION_SHAPE('','',#9522);
#9522 = PRODUCT_DEFINITION('design','',#9523,#9526);
#9523 = PRODUCT_DEFINITION_FORMATION('','',#9524);
#9524 = PRODUCT('faceplate','faceplate','',(#9525));
#9525 = PRODUCT_CONTEXT('',#2,'mechanical');
#9526 = PRODUCT_DEFINITION_CONTEXT('part definition',#2,'design');
#9527 = ADVANCED_BREP_SHAPE_REPRESENTATION('',(#11,#9528),#13620);
#9528 = MANIFOLD_SOLID_BREP('',#9529);
#9529 = CLOSED_SHELL('',(#9530,#9650,#10980,#11029,#12152,#12179,#12186,
    #12233,#12260,#12287,#12294,#12344,#12371,#12398,#12448,#12475,
    #12502,#12529,#12556,#12583,#12630,#12657,#12684,#12691,#12741,
    #12768,#12795,#12822,#12872,#12899,#12926,#12953,#13003,#13050,
    #13077,#13104,#13111,#13138,#13165,#13192,#13219,#13246,#13273,
    #13300,#13350,#13397,#13424,#13451,#13458,#13485,#13512,#13539,
    #13566,#13593));
#9530 = ADVANCED_FACE('',(#9531),#9545,.F.);
#9531 = FACE_BOUND('',#9532,.F.);
#9532 = EDGE_LOOP('',(#9533,#9568,#9596,#9624));
#9533 = ORIENTED_EDGE('',*,*,#9534,.F.);
#9534 = EDGE_CURVE('',#9535,#9537,#9539,.T.);
#9535 = VERTEX_POINT('',#9536);
#9536 = CARTESIAN_POINT('',(-241.3,-3.,0.));
#9537 = VERTEX_POINT('',#9538);
#9538 = CARTESIAN_POINT('',(-241.3,-3.,87.));
#9539 = SURFACE_CURVE('',#9540,(#9544,#9556),.PCURVE_S1.);
#9540 = LINE('',#9541,#9542);
#9541 = CARTESIAN_POINT('',(-241.3,-3.,0.));
#9542 = VECTOR('',#9543,1.);
#9543 = DIRECTION('',(0.,0.,1.));
#9544 = PCURVE('',#9545,#9550);
#9545 = PLANE('',#9546);
#9546 = AXIS2_PLACEMENT_3D('',#9547,#9548,#9549);
#9547 = CARTESIAN_POINT('',(-241.3,-3.,0.));
#9548 = DIRECTION('',(1.,0.,0.));
#9549 = DIRECTION('',(0.,0.,1.));
#9550 = DEFINITIONAL_REPRESENTATION('',(#9551),#9555);
#9551 = LINE('',#9552,#9553);
#9552 = CARTESIAN_POINT('',(0.,0.));
#9553 = VECTOR('',#9554,1.);
#9554 = DIRECTION('',(1.,0.));
#9555 = ( GEOMETRIC_REPRESENTATION_CONTEXT(2) 
PARAMETRIC_REPRESENTATION_CONTEXT() REPRESENTATION_CONTEXT('2D SPACE',''
  ) );
#9556 = PCURVE('',#9557,#9562);
#9557 = PLANE('',#9558);
#9558 = AXIS2_PLACEMENT_3D('',#9559,#9560,#9561);
#9559 = CARTESIAN_POINT('',(-241.3,-3.,0.));
#9560 = DIRECTION('',(0.,1.,0.));
#9561 = DIRECTION('',(0.,0.,1.));
#9562 = DEFINITIONAL_REPRESENTATION('',(#9563),#9567);
#9563 = LINE('',#9564,#9565);
#9564 = CARTESIAN_POINT('',(0.,0.));
#9565 = VECTOR('',#9566,1.);
#9566 = DIRECTION('',(1.,0.));
#9567 = ( GEOMETRIC_REPRESENTATION_CONTEXT(2) 
PARAMETRIC_REPRESENTATION_CONTEXT() REPRESENTATION_CONTEXT('2D SPACE',''
  ) );
#9568 = ORIENTED_EDGE('',*,*,#9569,.T.);
#9569 = EDGE_CURVE('',#9535,#9570,#9572,.T.);
#9570 = VERTEX_POINT('',#9571);
#9571 = CARTESIAN_POINT('',(-241.3,0.,0.));
#9572 = SURFACE_CURVE('',#9573,(#9577,#9584),.PCURVE_S1.);
#9573 = LINE('',#9574,#9575);
#9574 = CARTESIAN_POINT('',(-241.3,-3.,0.));
#9575 = VECTOR('',#9576,1.);
#9576 = DIRECTION('',(0.,1.,0.));
#9577 = PCURVE('',#9545,#9578);
#9578 = DEFINITIONAL_REPRESENTATION('',(#9579),#9583);
#9579 = LINE('',#9580,#9581);
#9580 = CARTESIAN_POINT('',(0.,0.));
#9581 = VECTOR('',#9582,1.);
#9582 = DIRECTION('',(0.,-1.));
#9583 = ( GEOMETRIC_REPRESENTATION_CONTEXT(2) 
PARAMETRIC_REPRESENTATION_CONTEXT() REPRESENTATION_CONTEXT('2D SPACE',''
  ) );
#9584 = PCURVE('',#9585,#9590);
#9585 = PLANE('',#9586);
#9586 = AXIS2_PLACEMENT_3D('',#9587,#9588,#9589);
#9587 = CARTESIAN_POINT('',(-241.3,-3.,0.));
#9588 = DIRECTION('',(0.,0.,1.));
#9589 = DIRECTION('',(1.,0.,0.));
#9590 = DEFINITIONAL_REPRESENTATION('',(#9591),#9595);
#9591 = LINE('',#9592,#9593);
#9592 = CARTESIAN_POINT('',(0.,0.));
#9593 = VECTOR('',#9594,1.);
#9594 = DIRECTION('',(0.,1.));
#9595 = ( GEOMETRIC_REPRESENTATION_CONTEXT(2) 
PARAMETRIC_REPRESENTATION_CONTEXT() REPRESENTATION_CONTEXT('2D SPACE',''
  ) );
#9596 = ORIENTED_EDGE('',*,*,#9597,.T.);
#9597 = EDGE_CURVE('',#9570,#9598,#9600,.T.);
#9598 = VERTEX_POINT('',#9599);
#9599 = CARTESIAN_POINT('',(-241.3,0.,87.));
#9600 = SURFACE_CURVE('',#9601,(#9605,#9612),.PCURVE_S1.);
#9601 = LINE('',#9602,#9603);
#9602 = CARTESIAN_POINT('',(-241.3,0.,0.));
#9603 = VECTOR('',#9604,1.);
#9604 = DIRECTION('',(0.,0.,1.));
#9605 = PCURVE('',#9545,#9606);
#9606 = DEFINITIONAL_REPRESENTATION('',(#9607),#9611);
#9607 = LINE('',#9608,#9609);
#9608 = CARTESIAN_POINT('',(0.,-3.));
#9609 = VECTOR('',#9610,1.);
#9610 = DIRECTION('',(1.,0.));
#9611 = ( GEOMETRIC_REPRESENTATION_CONTEXT(2) 
PARAMETRIC_REPRESENTATION_CONTEXT() REPRESENTATION_CONTEXT('2D SPACE',''
  ) );
#9612 = PCURVE('',#9613,#9618);
#9613 = PLANE('',#9614);
#9614 = AXIS2_PLACEMENT_3D('',#9615,#9616,#9617);
#9615 = CARTESIAN_POINT('',(-241.3,0.,0.));
#9616 = DIRECTION('',(0.,1.,0.));
#9617 = DIRECTION('',(0.,0.,1.));
#9618 = DEFINITIONAL_REPRESENTATION('',(#9619),#9623);
#9619 = LINE('',#9620,#9621);
#9620 = CARTESIAN_POINT('',(0.,0.));
#9621 = VECTOR('',#9622,1.);
#9622 = DIRECTION('',(1.,0.));
#9623 = ( GEOMETRIC_REPRESENTATION_CONTEXT(2) 
PARAMETRIC_REPRESENTATION_CONTEXT() REPRESENTATION_CONTEXT('2D SPACE',''
  ) );
#9624 = ORIENTED_EDGE('',*,*,#9625,.F.);
#9625 = EDGE_CURVE('',#9537,#9598,#9626,.T.);
#9626 = SURFACE_CURVE('',#9627,(#9631,#9638),.PCURVE_S1.);
#9627 = LINE('',#9628,#9629);
#9628 = CARTESIAN_POINT('',(-241.3,-3.,87.));
#9629 = VECTOR('',#9630,1.);
#9630 = DIRECTION('',(0.,1.,0.));
#9631 = PCURVE('',#9545,#9632);
#9632 = DEFINITIONAL_REPRESENTATION('',(#9633),#9637);
#9633 = LINE('',#9634,#9635);
#9634 = CARTESIAN_POINT('',(87.,0.));
#9635 = VECTOR('',#9636,1.);
#9636 = DIRECTION('',(0.,-1.));
#9637 = ( GEOMETRIC_REPRESENTATION_CONTEXT(2) 
PARAMETRIC_REPRESENTATION_CONTEXT() REPRESENTATION_CONTEXT('2D SPACE',''
  ) );
#9638 = PCURVE('',#9639,#9644);
#9639 = PLANE('',#9640);
#9640 = AXIS2_PLACEMENT_3D('',#9641,#9642,#9643);
#9641 = CARTESIAN_POINT('',(-241.3,-3.,87.));
#9642 = DIRECTION('',(0.,0.,1.));
#9643 = DIRECTION('',(1.,0.,0.));
#9644 = DEFINITIONAL_REPRESENTATION('',(#9645),#9649);
#9645 = LINE('',#9646,#9647);
#9646 = CARTESIAN_POINT('',(0.,0.));
#9647 = VECTOR('',#9648,1.);
#9648 = DIRECTION('',(0.,1.));
#9649 = ( GEOMETRIC_REPRESENTATION_CONTEXT(2) 
PARAMETRIC_REPRESENTATION_CONTEXT() REPRESENTATION_CONTEXT('2D SPACE',''
  ) );
#9650 = ADVANCED_FACE('',(#9651,#9726,#9838,#9869,#9900,#9931,#9962,
    #9993,#10024,#10055,#10086,#10117,#10229,#10260,#10291,#10322,#10353
    ,#10384,#10415,#10446,#10477,#10508,#10620,#10651,#10682,#10713,
    #10744,#10775,#10806,#10837,#10868),#9557,.F.);
#9651 = FACE_BOUND('',#9652,.F.);
#9652 = EDGE_LOOP('',(#9653,#9676,#9677,#9700));
#9653 = ORIENTED_EDGE('',*,*,#9654,.F.);
#9654 = EDGE_CURVE('',#9535,#9655,#9657,.T.);
#9655 = VERTEX_POINT('',#9656);
#9656 = CARTESIAN_POINT('',(241.3,-3.,0.));
#9657 = SURFACE_CURVE('',#9658,(#9662,#9669),.PCURVE_S1.);
#9658 = LINE('',#9659,#9660);
#9659 = CARTESIAN_POINT('',(-241.3,-3.,0.));
#9660 = VECTOR('',#9661,1.);
#9661 = DIRECTION('',(1.,0.,0.));
#9662 = PCURVE('',#9557,#9663);
#9663 = DEFINITIONAL_REPRESENTATION('',(#9664),#9668);
#9664 = LINE('',#9665,#9666);
#9665 = CARTESIAN_POINT('',(0.,0.));
#9666 = VECTOR('',#9667,1.);
#9667 = DIRECTION('',(0.,1.));
#9668 = ( GEOMETRIC_REPRESENTATION_CONTEXT(2) 
PARAMETRIC_REPRESENTATION_CONTEXT() REPRESENTATION_CONTEXT('2D SPACE',''
  ) );
#9669 = PCURVE('',#9585,#9670);
#9670 = DEFINITIONAL_REPRESENTATION('',(#9671),#9675);
#9671 = LINE('',#9672,#9673);
#9672 = CARTESIAN_POINT('',(0.,0.));
#9673 = VECTOR('',#9674,1.);
#9674 = DIRECTION('',(1.,0.));
#9675 = ( GEOMETRIC_REPRESENTATION_CONTEXT(2) 
PARAMETRIC_REPRESENTATION_CONTEXT() REPRESENTATION_CONTEXT('2D SPACE',''
  ) );
#9676 = ORIENTED_EDGE('',*,*,#9534,.T.);
#9677 = ORIENTED_EDGE('',*,*,#9678,.T.);
#9678 = EDGE_CURVE('',#9537,#9679,#9681,.T.);
#9679 = VERTEX_POINT('',#9680);
#9680 = CARTESIAN_POINT('',(241.3,-3.,87.));
#9681 = SURFACE_CURVE('',#9682,(#9686,#9693),.PCURVE_S1.);
#9682 = LINE('',#9683,#9684);
#9683 = CARTESIAN_POINT('',(-241.3,-3.,87.));
#9684 = VECTOR('',#9685,1.);
#9685 = DIRECTION('',(1.,0.,0.));
#9686 = PCURVE('',#9557,#9687);
#9687 = DEFINITIONAL_REPRESENTATION('',(#9688),#9692);
#9688 = LINE('',#9689,#9690);
#9689 = CARTESIAN_POINT('',(87.,0.));
#9690 = VECTOR('',#9691,1.);
#9691 = DIRECTION('',(0.,1.));
#9692 = ( GEOMETRIC_REPRESENTATION_CONTEXT(2) 
PARAMETRIC_REPRESENTATION_CONTEXT() REPRESENTATION_CONTEXT('2D SPACE',''
  ) );
#9693 = PCURVE('',#9639,#9694);
#9694 = DEFINITIONAL_REPRESENTATION('',(#9695),#9699);
#9695 = LINE('',#9696,#9697);
#9696 = CARTESIAN_POINT('',(0.,0.));
#9697 = VECTOR('',#9698,1.);
#9698 = DIRECTION('',(1.,0.));
#9699 = ( GEOMETRIC_REPRESENTATION_CONTEXT(2) 
PARAMETRIC_REPRESENTATION_CONTEXT() REPRESENTATION_CONTEXT('2D SPACE',''
  ) );
#9700 = ORIENTED_EDGE('',*,*,#9701,.F.);
#9701 = EDGE_CURVE('',#9655,#9679,#9702,.T.);
#9702 = SURFACE_CURVE('',#9703,(#9707,#9714),.PCURVE_S1.);
#9703 = LINE('',#9704,#9705);
#9704 = CARTESIAN_POINT('',(241.3,-3.,0.));
#9705 = VECTOR('',#9706,1.);
#9706 = DIRECTION('',(0.,0.,1.));
#9707 = PCURVE('',#9557,#9708);
#9708 = DEFINITIONAL_REPRESENTATION('',(#9709),#9713);
#9709 = LINE('',#9710,#9711);
#9710 = CARTESIAN_POINT('',(0.,482.6));
#9711 = VECTOR('',#9712,1.);
#9712 = DIRECTION('',(1.,0.));
#9713 = ( GEOMETRIC_REPRESENTATION_CONTEXT(2) 
PARAMETRIC_REPRESENTATION_CONTEXT() REPRESENTATION_CONTEXT('2D SPACE',''
  ) );
#9714 = PCURVE('',#9715,#9720);
#9715 = PLANE('',#9716);
#9716 = AXIS2_PLACEMENT_3D('',#9717,#9718,#9719);
#9717 = CARTESIAN_POINT('',(241.3,-3.,0.));
#9718 = DIRECTION('',(1.,0.,0.));
#9719 = DIRECTION('',(0.,0.,1.));
#9720 = DEFINITIONAL_REPRESENTATION('',(#9721),#9725);
#9721 = LINE('',#9722,#9723);
#9722 = CARTESIAN_POINT('',(0.,0.));
#9723 = VECTOR('',#9724,1.);
#9724 = DIRECTION('',(1.,0.));
#9725 = ( GEOMETRIC_REPRESENTATION_CONTEXT(2) 
PARAMETRIC_REPRESENTATION_CONTEXT() REPRESENTATION_CONTEXT('2D SPACE',''
  ) );
#9726 = FACE_BOUND('',#9727,.F.);
#9727 = EDGE_LOOP('',(#9728,#9756,#9785,#9811));
#9728 = ORIENTED_EDGE('',*,*,#9729,.F.);
#9729 = EDGE_CURVE('',#9730,#9732,#9734,.T.);
#9730 = VERTEX_POINT('',#9731);
#9731 = CARTESIAN_POINT('',(-234.05,-3.,8.9));
#9732 = VERTEX_POINT('',#9733);
#9733 = CARTESIAN_POINT('',(-231.05,-3.,8.9));
#9734 = SURFACE_CURVE('',#9735,(#9739,#9745),.PCURVE_S1.);
#9735 = LINE('',#9736,#9737);
#9736 = CARTESIAN_POINT('',(-237.675,-3.,8.9));
#9737 = VECTOR('',#9738,1.);
#9738 = DIRECTION('',(1.,-0.,0.));
#9739 = PCURVE('',#9557,#9740);
#9740 = DEFINITIONAL_REPRESENTATION('',(#9741),#9744);
#9741 = B_SPLINE_CURVE_WITH_KNOTS('',1,(#9742,#9743),.UNSPECIFIED.,.F.,
  .F.,(2,2),(3.625,6.625),.PIECEWISE_BEZIER_KNOTS.);
#9742 = CARTESIAN_POINT('',(8.9,7.25));
#9743 = CARTESIAN_POINT('',(8.9,10.25));
#9744 = ( GEOMETRIC_REPRESENTATION_CONTEXT(2) 
PARAMETRIC_REPRESENTATION_CONTEXT() REPRESENTATION_CONTEXT('2D SPACE',''
  ) );
#9745 = PCURVE('',#9746,#9751);
#9746 = PLANE('',#9747);
#9747 = AXIS2_PLACEMENT_3D('',#9748,#9749,#9750);
#9748 = CARTESIAN_POINT('',(-234.05,0.1,8.9));
#9749 = DIRECTION('',(-0.,0.,1.));
#9750 = DIRECTION('',(1.,0.,0.));
#9751 = DEFINITIONAL_REPRESENTATION('',(#9752),#9755);
#9752 = B_SPLINE_CURVE_WITH_KNOTS('',1,(#9753,#9754),.UNSPECIFIED.,.F.,
  .F.,(2,2),(3.625,6.625),.PIECEWISE_BEZIER_KNOTS.);
#9753 = CARTESIAN_POINT('',(0.,-3.1));
#9754 = CARTESIAN_POINT('',(3.,-3.1));
#9755 = ( GEOMETRIC_REPRESENTATION_CONTEXT(2) 
PARAMETRIC_REPRESENTATION_CONTEXT() REPRESENTATION_CONTEXT('2D SPACE',''
  ) );
#9756 = ORIENTED_EDGE('',*,*,#9757,.F.);
#9757 = EDGE_CURVE('',#9758,#9730,#9760,.T.);
#9758 = VERTEX_POINT('',#9759);
#9759 = CARTESIAN_POINT('',(-234.05,-3.,1.9));
#9760 = SURFACE_CURVE('',#9761,(#9766,#9773),.PCURVE_S1.);
#9761 = CIRCLE('',#9762,3.5);
#9762 = AXIS2_PLACEMENT_3D('',#9763,#9764,#9765);
#9763 = CARTESIAN_POINT('',(-234.05,-3.,5.4));
#9764 = DIRECTION('',(0.,1.,0.));
#9765 = DIRECTION('',(-6.344131569287E-17,0.,-1.));
#9766 = PCURVE('',#9557,#9767);
#9767 = DEFINITIONAL_REPRESENTATION('',(#9768),#9772);
#9768 = CIRCLE('',#9769,3.5);
#9769 = AXIS2_PLACEMENT_2D('',#9770,#9771);
#9770 = CARTESIAN_POINT('',(5.4,7.25));
#9771 = DIRECTION('',(-1.,-6.344131569287E-17));
#9772 = ( GEOMETRIC_REPRESENTATION_CONTEXT(2) 
PARAMETRIC_REPRESENTATION_CONTEXT() REPRESENTATION_CONTEXT('2D SPACE',''
  ) );
#9773 = PCURVE('',#9774,#9779);
#9774 = CYLINDRICAL_SURFACE('',#9775,3.5);
#9775 = AXIS2_PLACEMENT_3D('',#9776,#9777,#9778);
#9776 = CARTESIAN_POINT('',(-234.05,0.1,5.4));
#9777 = DIRECTION('',(0.,1.,0.));
#9778 = DIRECTION('',(-6.344131569287E-17,0.,-1.));
#9779 = DEFINITIONAL_REPRESENTATION('',(#9780),#9784);
#9780 = LINE('',#9781,#9782);
#9781 = CARTESIAN_POINT('',(0.,-3.1));
#9782 = VECTOR('',#9783,1.);
#9783 = DIRECTION('',(1.,0.));
#9784 = ( GEOMETRIC_REPRESENTATION_CONTEXT(2) 
PARAMETRIC_REPRESENTATION_CONTEXT() REPRESENTATION_CONTEXT('2D SPACE',''
  ) );
#9785 = ORIENTED_EDGE('',*,*,#9786,.F.);
#9786 = EDGE_CURVE('',#9787,#9758,#9789,.T.);
#9787 = VERTEX_POINT('',#9788);
#9788 = CARTESIAN_POINT('',(-231.05,-3.,1.9));
#9789 = SURFACE_CURVE('',#9790,(#9794,#9800),.PCURVE_S1.);
#9790 = LINE('',#9791,#9792);
#9791 = CARTESIAN_POINT('',(-236.175,-3.,1.9));
#9792 = VECTOR('',#9793,1.);
#9793 = DIRECTION('',(-1.,0.,0.));
#9794 = PCURVE('',#9557,#9795);
#9795 = DEFINITIONAL_REPRESENTATION('',(#9796),#9799);
#9796 = B_SPLINE_CURVE_WITH_KNOTS('',1,(#9797,#9798),.UNSPECIFIED.,.F.,
  .F.,(2,2),(-5.125,-2.125),.PIECEWISE_BEZIER_KNOTS.);
#9797 = CARTESIAN_POINT('',(1.9,10.25));
#9798 = CARTESIAN_POINT('',(1.9,7.25));
#9799 = ( GEOMETRIC_REPRESENTATION_CONTEXT(2) 
PARAMETRIC_REPRESENTATION_CONTEXT() REPRESENTATION_CONTEXT('2D SPACE',''
  ) );
#9800 = PCURVE('',#9801,#9806);
#9801 = PLANE('',#9802);
#9802 = AXIS2_PLACEMENT_3D('',#9803,#9804,#9805);
#9803 = CARTESIAN_POINT('',(-231.05,0.1,1.9));
#9804 = DIRECTION('',(-0.,-0.,-1.));
#9805 = DIRECTION('',(-1.,0.,0.));
#9806 = DEFINITIONAL_REPRESENTATION('',(#9807),#9810);
#9807 = B_SPLINE_CURVE_WITH_KNOTS('',1,(#9808,#9809),.UNSPECIFIED.,.F.,
  .F.,(2,2),(-5.125,-2.125),.PIECEWISE_BEZIER_KNOTS.);
#9808 = CARTESIAN_POINT('',(0.,-3.1));
#9809 = CARTESIAN_POINT('',(3.,-3.1));
#9810 = ( GEOMETRIC_REPRESENTATION_CONTEXT(2) 
PARAMETRIC_REPRESENTATION_CONTEXT() REPRESENTATION_CONTEXT('2D SPACE',''
  ) );
#9811 = ORIENTED_EDGE('',*,*,#9812,.F.);
#9812 = EDGE_CURVE('',#9732,#9787,#9813,.T.);
#9813 = SURFACE_CURVE('',#9814,(#9819,#9826),.PCURVE_S1.);
#9814 = CIRCLE('',#9815,3.5);
#9815 = AXIS2_PLACEMENT_3D('',#9816,#9817,#9818);
#9816 = CARTESIAN_POINT('',(-231.05,-3.,5.4));
#9817 = DIRECTION('',(-0.,1.,0.));
#9818 = DIRECTION('',(6.344131569287E-17,0.,1.));
#9819 = PCURVE('',#9557,#9820);
#9820 = DEFINITIONAL_REPRESENTATION('',(#9821),#9825);
#9821 = CIRCLE('',#9822,3.5);
#9822 = AXIS2_PLACEMENT_2D('',#9823,#9824);
#9823 = CARTESIAN_POINT('',(5.4,10.25));
#9824 = DIRECTION('',(1.,6.344131569287E-17));
#9825 = ( GEOMETRIC_REPRESENTATION_CONTEXT(2) 
PARAMETRIC_REPRESENTATION_CONTEXT() REPRESENTATION_CONTEXT('2D SPACE',''
  ) );
#9826 = PCURVE('',#9827,#9832);
#9827 = CYLINDRICAL_SURFACE('',#9828,3.5);
#9828 = AXIS2_PLACEMENT_3D('',#9829,#9830,#9831);
#9829 = CARTESIAN_POINT('',(-231.05,0.1,5.4));
#9830 = DIRECTION('',(-0.,1.,0.));
#9831 = DIRECTION('',(6.344131569287E-17,0.,1.));
#9832 = DEFINITIONAL_REPRESENTATION('',(#9833),#9837);
#9833 = LINE('',#9834,#9835);
#9834 = CARTESIAN_POINT('',(0.,-3.1));
#9835 = VECTOR('',#9836,1.);
#9836 = DIRECTION('',(1.,0.));
#9837 = ( GEOMETRIC_REPRESENTATION_CONTEXT(2) 
PARAMETRIC_REPRESENTATION_CONTEXT() REPRESENTATION_CONTEXT('2D SPACE',''
  ) );
#9838 = FACE_BOUND('',#9839,.F.);
#9839 = EDGE_LOOP('',(#9840));
#9840 = ORIENTED_EDGE('',*,*,#9841,.F.);
#9841 = EDGE_CURVE('',#9842,#9842,#9844,.T.);
#9842 = VERTEX_POINT('',#9843);
#9843 = CARTESIAN_POINT('',(-160.,-3.,11.));
#9844 = SURFACE_CURVE('',#9845,(#9850,#9857),.PCURVE_S1.);
#9845 = CIRCLE('',#9846,4.);
#9846 = AXIS2_PLACEMENT_3D('',#9847,#9848,#9849);
#9847 = CARTESIAN_POINT('',(-160.,-3.,7.));
#9848 = DIRECTION('',(0.,1.,0.));
#9849 = DIRECTION('',(0.,-0.,1.));
#9850 = PCURVE('',#9557,#9851);
#9851 = DEFINITIONAL_REPRESENTATION('',(#9852),#9856);
#9852 = CIRCLE('',#9853,4.);
#9853 = AXIS2_PLACEMENT_2D('',#9854,#9855);
#9854 = CARTESIAN_POINT('',(7.,81.3));
#9855 = DIRECTION('',(1.,0.));
#9856 = ( GEOMETRIC_REPRESENTATION_CONTEXT(2) 
PARAMETRIC_REPRESENTATION_CONTEXT() REPRESENTATION_CONTEXT('2D SPACE',''
  ) );
#9857 = PCURVE('',#9858,#9863);
#9858 = CONICAL_SURFACE('',#9859,4.,0.785398163397);
#9859 = AXIS2_PLACEMENT_3D('',#9860,#9861,#9862);
#9860 = CARTESIAN_POINT('',(-160.,-3.,7.));
#9861 = DIRECTION('',(-0.,-1.,-0.));
#9862 = DIRECTION('',(0.,-0.,1.));
#9863 = DEFINITIONAL_REPRESENTATION('',(#9864),#9868);
#9864 = LINE('',#9865,#9866);
#9865 = CARTESIAN_POINT('',(-0.,-0.));
#9866 = VECTOR('',#9867,1.);
#9867 = DIRECTION('',(-1.,-0.));
#9868 = ( GEOMETRIC_REPRESENTATION_CONTEXT(2) 
PARAMETRIC_REPRESENTATION_CONTEXT() REPRESENTATION_CONTEXT('2D SPACE',''
  ) );
#9869 = FACE_BOUND('',#9870,.F.);
#9870 = EDGE_LOOP('',(#9871));
#9871 = ORIENTED_EDGE('',*,*,#9872,.F.);
#9872 = EDGE_CURVE('',#9873,#9873,#9875,.T.);
#9873 = VERTEX_POINT('',#9874);
#9874 = CARTESIAN_POINT('',(-180.,-3.,39.5));
#9875 = SURFACE_CURVE('',#9876,(#9881,#9888),.PCURVE_S1.);
#9876 = CIRCLE('',#9877,16.);
#9877 = AXIS2_PLACEMENT_3D('',#9878,#9879,#9880);
#9878 = CARTESIAN_POINT('',(-180.,-3.,23.5));
#9879 = DIRECTION('',(0.,1.,0.));
#9880 = DIRECTION('',(0.,-0.,1.));
#9881 = PCURVE('',#9557,#9882);
#9882 = DEFINITIONAL_REPRESENTATION('',(#9883),#9887);
#9883 = CIRCLE('',#9884,16.);
#9884 = AXIS2_PLACEMENT_2D('',#9885,#9886);
#9885 = CARTESIAN_POINT('',(23.5,61.3));
#9886 = DIRECTION('',(1.,0.));
#9887 = ( GEOMETRIC_REPRESENTATION_CONTEXT(2) 
PARAMETRIC_REPRESENTATION_CONTEXT() REPRESENTATION_CONTEXT('2D SPACE',''
  ) );
#9888 = PCURVE('',#9889,#9894);
#9889 = CYLINDRICAL_SURFACE('',#9890,16.);
#9890 = AXIS2_PLACEMENT_3D('',#9891,#9892,#9893);
#9891 = CARTESIAN_POINT('',(-180.,-3.1,23.5));
#9892 = DIRECTION('',(0.,1.,0.));
#9893 = DIRECTION('',(0.,-0.,1.));
#9894 = DEFINITIONAL_REPRESENTATION('',(#9895),#9899);
#9895 = LINE('',#9896,#9897);
#9896 = CARTESIAN_POINT('',(0.,0.1));
#9897 = VECTOR('',#9898,1.);
#9898 = DIRECTION('',(1.,0.));
#9899 = ( GEOMETRIC_REPRESENTATION_CONTEXT(2) 
PARAMETRIC_REPRESENTATION_CONTEXT() REPRESENTATION_CONTEXT('2D SPACE',''
  ) );
#9900 = FACE_BOUND('',#9901,.F.);
#9901 = EDGE_LOOP('',(#9902));
#9902 = ORIENTED_EDGE('',*,*,#9903,.F.);
#9903 = EDGE_CURVE('',#9904,#9904,#9906,.T.);
#9904 = VERTEX_POINT('',#9905);
#9905 = CARTESIAN_POINT('',(-140.,-3.,39.5));
#9906 = SURFACE_CURVE('',#9907,(#9912,#9919),.PCURVE_S1.);
#9907 = CIRCLE('',#9908,16.);
#9908 = AXIS2_PLACEMENT_3D('',#9909,#9910,#9911);
#9909 = CARTESIAN_POINT('',(-140.,-3.,23.5));
#9910 = DIRECTION('',(0.,1.,0.));
#9911 = DIRECTION('',(0.,-0.,1.));
#9912 = PCURVE('',#9557,#9913);
#9913 = DEFINITIONAL_REPRESENTATION('',(#9914),#9918);
#9914 = CIRCLE('',#9915,16.);
#9915 = AXIS2_PLACEMENT_2D('',#9916,#9917);
#9916 = CARTESIAN_POINT('',(23.5,101.3));
#9917 = DIRECTION('',(1.,0.));
#9918 = ( GEOMETRIC_REPRESENTATION_CONTEXT(2) 
PARAMETRIC_REPRESENTATION_CONTEXT() REPRESENTATION_CONTEXT('2D SPACE',''
  ) );
#9919 = PCURVE('',#9920,#9925);
#9920 = CYLINDRICAL_SURFACE('',#9921,16.);
#9921 = AXIS2_PLACEMENT_3D('',#9922,#9923,#9924);
#9922 = CARTESIAN_POINT('',(-140.,-3.1,23.5));
#9923 = DIRECTION('',(0.,1.,0.));
#9924 = DIRECTION('',(0.,-0.,1.));
#9925 = DEFINITIONAL_REPRESENTATION('',(#9926),#9930);
#9926 = LINE('',#9927,#9928);
#9927 = CARTESIAN_POINT('',(0.,0.1));
#9928 = VECTOR('',#9929,1.);
#9929 = DIRECTION('',(1.,0.));
#9930 = ( GEOMETRIC_REPRESENTATION_CONTEXT(2) 
PARAMETRIC_REPRESENTATION_CONTEXT() REPRESENTATION_CONTEXT('2D SPACE',''
  ) );
#9931 = FACE_BOUND('',#9932,.F.);
#9932 = EDGE_LOOP('',(#9933));
#9933 = ORIENTED_EDGE('',*,*,#9934,.F.);
#9934 = EDGE_CURVE('',#9935,#9935,#9937,.T.);
#9935 = VERTEX_POINT('',#9936);
#9936 = CARTESIAN_POINT('',(-9.797174393179E-16,-3.,11.));
#9937 = SURFACE_CURVE('',#9938,(#9943,#9950),.PCURVE_S1.);
#9938 = CIRCLE('',#9939,4.);
#9939 = AXIS2_PLACEMENT_3D('',#9940,#9941,#9942);
#9940 = CARTESIAN_POINT('',(0.,-3.,7.));
#9941 = DIRECTION('',(0.,1.,0.));
#9942 = DIRECTION('',(0.,-0.,1.));
#9943 = PCURVE('',#9557,#9944);
#9944 = DEFINITIONAL_REPRESENTATION('',(#9945),#9949);
#9945 = CIRCLE('',#9946,4.);
#9946 = AXIS2_PLACEMENT_2D('',#9947,#9948);
#9947 = CARTESIAN_POINT('',(7.,241.3));
#9948 = DIRECTION('',(1.,0.));
#9949 = ( GEOMETRIC_REPRESENTATION_CONTEXT(2) 
PARAMETRIC_REPRESENTATION_CONTEXT() REPRESENTATION_CONTEXT('2D SPACE',''
  ) );
#9950 = PCURVE('',#9951,#9956);
#9951 = CONICAL_SURFACE('',#9952,4.,0.785398163397);
#9952 = AXIS2_PLACEMENT_3D('',#9953,#9954,#9955);
#9953 = CARTESIAN_POINT('',(0.,-3.,7.));
#9954 = DIRECTION('',(-0.,-1.,-0.));
#9955 = DIRECTION('',(0.,-0.,1.));
#9956 = DEFINITIONAL_REPRESENTATION('',(#9957),#9961);
#9957 = LINE('',#9958,#9959);
#9958 = CARTESIAN_POINT('',(-0.,-0.));
#9959 = VECTOR('',#9960,1.);
#9960 = DIRECTION('',(-1.,-0.));
#9961 = ( GEOMETRIC_REPRESENTATION_CONTEXT(2) 
PARAMETRIC_REPRESENTATION_CONTEXT() REPRESENTATION_CONTEXT('2D SPACE',''
  ) );
#9962 = FACE_BOUND('',#9963,.F.);
#9963 = EDGE_LOOP('',(#9964));
#9964 = ORIENTED_EDGE('',*,*,#9965,.F.);
#9965 = EDGE_CURVE('',#9966,#9966,#9968,.T.);
#9966 = VERTEX_POINT('',#9967);
#9967 = CARTESIAN_POINT('',(-100.,-3.,39.5));
#9968 = SURFACE_CURVE('',#9969,(#9974,#9981),.PCURVE_S1.);
#9969 = CIRCLE('',#9970,16.);
#9970 = AXIS2_PLACEMENT_3D('',#9971,#9972,#9973);
#9971 = CARTESIAN_POINT('',(-100.,-3.,23.5));
#9972 = DIRECTION('',(0.,1.,0.));
#9973 = DIRECTION('',(0.,-0.,1.));
#9974 = PCURVE('',#9557,#9975);
#9975 = DEFINITIONAL_REPRESENTATION('',(#9976),#9980);
#9976 = CIRCLE('',#9977,16.);
#9977 = AXIS2_PLACEMENT_2D('',#9978,#9979);
#9978 = CARTESIAN_POINT('',(23.5,141.3));
#9979 = DIRECTION('',(1.,0.));
#9980 = ( GEOMETRIC_REPRESENTATION_CONTEXT(2) 
PARAMETRIC_REPRESENTATION_CONTEXT() REPRESENTATION_CONTEXT('2D SPACE',''
  ) );
#9981 = PCURVE('',#9982,#9987);
#9982 = CYLINDRICAL_SURFACE('',#9983,16.);
#9983 = AXIS2_PLACEMENT_3D('',#9984,#9985,#9986);
#9984 = CARTESIAN_POINT('',(-100.,-3.1,23.5));
#9985 = DIRECTION('',(0.,1.,0.));
#9986 = DIRECTION('',(0.,-0.,1.));
#9987 = DEFINITIONAL_REPRESENTATION('',(#9988),#9992);
#9988 = LINE('',#9989,#9990);
#9989 = CARTESIAN_POINT('',(0.,0.1));
#9990 = VECTOR('',#9991,1.);
#9991 = DIRECTION('',(1.,0.));
#9992 = ( GEOMETRIC_REPRESENTATION_CONTEXT(2) 
PARAMETRIC_REPRESENTATION_CONTEXT() REPRESENTATION_CONTEXT('2D SPACE',''
  ) );
#9993 = FACE_BOUND('',#9994,.F.);
#9994 = EDGE_LOOP('',(#9995));
#9995 = ORIENTED_EDGE('',*,*,#9996,.F.);
#9996 = EDGE_CURVE('',#9997,#9997,#9999,.T.);
#9997 = VERTEX_POINT('',#9998);
#9998 = CARTESIAN_POINT('',(-60.,-3.,39.5));
#9999 = SURFACE_CURVE('',#10000,(#10005,#10012),.PCURVE_S1.);
#10000 = CIRCLE('',#10001,16.);
#10001 = AXIS2_PLACEMENT_3D('',#10002,#10003,#10004);
#10002 = CARTESIAN_POINT('',(-60.,-3.,23.5));
#10003 = DIRECTION('',(0.,1.,0.));
#10004 = DIRECTION('',(0.,-0.,1.));
#10005 = PCURVE('',#9557,#10006);
#10006 = DEFINITIONAL_REPRESENTATION('',(#10007),#10011);
#10007 = CIRCLE('',#10008,16.);
#10008 = AXIS2_PLACEMENT_2D('',#10009,#10010);
#10009 = CARTESIAN_POINT('',(23.5,181.3));
#10010 = DIRECTION('',(1.,0.));
#10011 = ( GEOMETRIC_REPRESENTATION_CONTEXT(2) 
PARAMETRIC_REPRESENTATION_CONTEXT() REPRESENTATION_CONTEXT('2D SPACE',''
  ) );
#10012 = PCURVE('',#10013,#10018);
#10013 = CYLINDRICAL_SURFACE('',#10014,16.);
#10014 = AXIS2_PLACEMENT_3D('',#10015,#10016,#10017);
#10015 = CARTESIAN_POINT('',(-60.,-3.1,23.5));
#10016 = DIRECTION('',(0.,1.,0.));
#10017 = DIRECTION('',(0.,-0.,1.));
#10018 = DEFINITIONAL_REPRESENTATION('',(#10019),#10023);
#10019 = LINE('',#10020,#10021);
#10020 = CARTESIAN_POINT('',(0.,0.1));
#10021 = VECTOR('',#10022,1.);
#10022 = DIRECTION('',(1.,0.));
#10023 = ( GEOMETRIC_REPRESENTATION_CONTEXT(2) 
PARAMETRIC_REPRESENTATION_CONTEXT() REPRESENTATION_CONTEXT('2D SPACE',''
  ) );
#10024 = FACE_BOUND('',#10025,.F.);
#10025 = EDGE_LOOP('',(#10026));
#10026 = ORIENTED_EDGE('',*,*,#10027,.F.);
#10027 = EDGE_CURVE('',#10028,#10028,#10030,.T.);
#10028 = VERTEX_POINT('',#10029);
#10029 = CARTESIAN_POINT('',(-20.,-3.,39.5));
#10030 = SURFACE_CURVE('',#10031,(#10036,#10043),.PCURVE_S1.);
#10031 = CIRCLE('',#10032,16.);
#10032 = AXIS2_PLACEMENT_3D('',#10033,#10034,#10035);
#10033 = CARTESIAN_POINT('',(-20.,-3.,23.5));
#10034 = DIRECTION('',(0.,1.,0.));
#10035 = DIRECTION('',(0.,-0.,1.));
#10036 = PCURVE('',#9557,#10037);
#10037 = DEFINITIONAL_REPRESENTATION('',(#10038),#10042);
#10038 = CIRCLE('',#10039,16.);
#10039 = AXIS2_PLACEMENT_2D('',#10040,#10041);
#10040 = CARTESIAN_POINT('',(23.5,221.3));
#10041 = DIRECTION('',(1.,0.));
#10042 = ( GEOMETRIC_REPRESENTATION_CONTEXT(2) 
PARAMETRIC_REPRESENTATION_CONTEXT() REPRESENTATION_CONTEXT('2D SPACE',''
  ) );
#10043 = PCURVE('',#10044,#10049);
#10044 = CYLINDRICAL_SURFACE('',#10045,16.);
#10045 = AXIS2_PLACEMENT_3D('',#10046,#10047,#10048);
#10046 = CARTESIAN_POINT('',(-20.,-3.1,23.5));
#10047 = DIRECTION('',(0.,1.,0.));
#10048 = DIRECTION('',(0.,-0.,1.));
#10049 = DEFINITIONAL_REPRESENTATION('',(#10050),#10054);
#10050 = LINE('',#10051,#10052);
#10051 = CARTESIAN_POINT('',(0.,0.1));
#10052 = VECTOR('',#10053,1.);
#10053 = DIRECTION('',(1.,0.));
#10054 = ( GEOMETRIC_REPRESENTATION_CONTEXT(2) 
PARAMETRIC_REPRESENTATION_CONTEXT() REPRESENTATION_CONTEXT('2D SPACE',''
  ) );
#10055 = FACE_BOUND('',#10056,.F.);
#10056 = EDGE_LOOP('',(#10057));
#10057 = ORIENTED_EDGE('',*,*,#10058,.F.);
#10058 = EDGE_CURVE('',#10059,#10059,#10061,.T.);
#10059 = VERTEX_POINT('',#10060);
#10060 = CARTESIAN_POINT('',(-180.,-3.,79.5));
#10061 = SURFACE_CURVE('',#10062,(#10067,#10074),.PCURVE_S1.);
#10062 = CIRCLE('',#10063,16.);
#10063 = AXIS2_PLACEMENT_3D('',#10064,#10065,#10066);
#10064 = CARTESIAN_POINT('',(-180.,-3.,63.5));
#10065 = DIRECTION('',(0.,1.,0.));
#10066 = DIRECTION('',(0.,-0.,1.));
#10067 = PCURVE('',#9557,#10068);
#10068 = DEFINITIONAL_REPRESENTATION('',(#10069),#10073);
#10069 = CIRCLE('',#10070,16.);
#10070 = AXIS2_PLACEMENT_2D('',#10071,#10072);
#10071 = CARTESIAN_POINT('',(63.5,61.3));
#10072 = DIRECTION('',(1.,0.));
#10073 = ( GEOMETRIC_REPRESENTATION_CONTEXT(2) 
PARAMETRIC_REPRESENTATION_CONTEXT() REPRESENTATION_CONTEXT('2D SPACE',''
  ) );
#10074 = PCURVE('',#10075,#10080);
#10075 = CYLINDRICAL_SURFACE('',#10076,16.);
#10076 = AXIS2_PLACEMENT_3D('',#10077,#10078,#10079);
#10077 = CARTESIAN_POINT('',(-180.,-3.1,63.5));
#10078 = DIRECTION('',(0.,1.,0.));
#10079 = DIRECTION('',(0.,-0.,1.));
#10080 = DEFINITIONAL_REPRESENTATION('',(#10081),#10085);
#10081 = LINE('',#10082,#10083);
#10082 = CARTESIAN_POINT('',(0.,0.1));
#10083 = VECTOR('',#10084,1.);
#10084 = DIRECTION('',(1.,0.));
#10085 = ( GEOMETRIC_REPRESENTATION_CONTEXT(2) 
PARAMETRIC_REPRESENTATION_CONTEXT() REPRESENTATION_CONTEXT('2D SPACE',''
  ) );
#10086 = FACE_BOUND('',#10087,.F.);
#10087 = EDGE_LOOP('',(#10088));
#10088 = ORIENTED_EDGE('',*,*,#10089,.F.);
#10089 = EDGE_CURVE('',#10090,#10090,#10092,.T.);
#10090 = VERTEX_POINT('',#10091);
#10091 = CARTESIAN_POINT('',(-140.,-3.,79.5));
#10092 = SURFACE_CURVE('',#10093,(#10098,#10105),.PCURVE_S1.);
#10093 = CIRCLE('',#10094,16.);
#10094 = AXIS2_PLACEMENT_3D('',#10095,#10096,#10097);
#10095 = CARTESIAN_POINT('',(-140.,-3.,63.5));
#10096 = DIRECTION('',(0.,1.,0.));
#10097 = DIRECTION('',(0.,-0.,1.));
#10098 = PCURVE('',#9557,#10099);
#10099 = DEFINITIONAL_REPRESENTATION('',(#10100),#10104);
#10100 = CIRCLE('',#10101,16.);
#10101 = AXIS2_PLACEMENT_2D('',#10102,#10103);
#10102 = CARTESIAN_POINT('',(63.5,101.3));
#10103 = DIRECTION('',(1.,0.));
#10104 = ( GEOMETRIC_REPRESENTATION_CONTEXT(2) 
PARAMETRIC_REPRESENTATION_CONTEXT() REPRESENTATION_CONTEXT('2D SPACE',''
  ) );
#10105 = PCURVE('',#10106,#10111);
#10106 = CYLINDRICAL_SURFACE('',#10107,16.);
#10107 = AXIS2_PLACEMENT_3D('',#10108,#10109,#10110);
#10108 = CARTESIAN_POINT('',(-140.,-3.1,63.5));
#10109 = DIRECTION('',(0.,1.,0.));
#10110 = DIRECTION('',(0.,-0.,1.));
#10111 = DEFINITIONAL_REPRESENTATION('',(#10112),#10116);
#10112 = LINE('',#10113,#10114);
#10113 = CARTESIAN_POINT('',(0.,0.1));
#10114 = VECTOR('',#10115,1.);
#10115 = DIRECTION('',(1.,0.));
#10116 = ( GEOMETRIC_REPRESENTATION_CONTEXT(2) 
PARAMETRIC_REPRESENTATION_CONTEXT() REPRESENTATION_CONTEXT('2D SPACE',''
  ) );
#10117 = FACE_BOUND('',#10118,.F.);
#10118 = EDGE_LOOP('',(#10119,#10147,#10176,#10202));
#10119 = ORIENTED_EDGE('',*,*,#10120,.F.);
#10120 = EDGE_CURVE('',#10121,#10123,#10125,.T.);
#10121 = VERTEX_POINT('',#10122);
#10122 = CARTESIAN_POINT('',(-234.05,-3.,85.1));
#10123 = VERTEX_POINT('',#10124);
#10124 = CARTESIAN_POINT('',(-231.05,-3.,85.1));
#10125 = SURFACE_CURVE('',#10126,(#10130,#10136),.PCURVE_S1.);
#10126 = LINE('',#10127,#10128);
#10127 = CARTESIAN_POINT('',(-237.675,-3.,85.1));
#10128 = VECTOR('',#10129,1.);
#10129 = DIRECTION('',(1.,-0.,0.));
#10130 = PCURVE('',#9557,#10131);
#10131 = DEFINITIONAL_REPRESENTATION('',(#10132),#10135);
#10132 = B_SPLINE_CURVE_WITH_KNOTS('',1,(#10133,#10134),.UNSPECIFIED.,
  .F.,.F.,(2,2),(3.625,6.625),.PIECEWISE_BEZIER_KNOTS.);
#10133 = CARTESIAN_POINT('',(85.1,7.25));
#10134 = CARTESIAN_POINT('',(85.1,10.25));
#10135 = ( GEOMETRIC_REPRESENTATION_CONTEXT(2) 
PARAMETRIC_REPRESENTATION_CONTEXT() REPRESENTATION_CONTEXT('2D SPACE',''
  ) );
#10136 = PCURVE('',#10137,#10142);
#10137 = PLANE('',#10138);
#10138 = AXIS2_PLACEMENT_3D('',#10139,#10140,#10141);
#10139 = CARTESIAN_POINT('',(-234.05,0.1,85.1));
#10140 = DIRECTION('',(-0.,0.,1.));
#10141 = DIRECTION('',(1.,0.,0.));
#10142 = DEFINITIONAL_REPRESENTATION('',(#10143),#10146);
#10143 = B_SPLINE_CURVE_WITH_KNOTS('',1,(#10144,#10145),.UNSPECIFIED.,
  .F.,.F.,(2,2),(3.625,6.625),.PIECEWISE_BEZIER_KNOTS.);
#10144 = CARTESIAN_POINT('',(0.,-3.1));
#10145 = CARTESIAN_POINT('',(3.,-3.1));
#10146 = ( GEOMETRIC_REPRESENTATION_CONTEXT(2) 
PARAMETRIC_REPRESENTATION_CONTEXT() REPRESENTATION_CONTEXT('2D SPACE',''
  ) );
#10147 = ORIENTED_EDGE('',*,*,#10148,.F.);
#10148 = EDGE_CURVE('',#10149,#10121,#10151,.T.);
#10149 = VERTEX_POINT('',#10150);
#10150 = CARTESIAN_POINT('',(-234.05,-3.,78.1));
#10151 = SURFACE_CURVE('',#10152,(#10157,#10164),.PCURVE_S1.);
#10152 = CIRCLE('',#10153,3.5);
#10153 = AXIS2_PLACEMENT_3D('',#10154,#10155,#10156);
#10154 = CARTESIAN_POINT('',(-234.05,-3.,81.6));
#10155 = DIRECTION('',(0.,1.,0.));
#10156 = DIRECTION('',(-6.344131569287E-17,0.,-1.));
#10157 = PCURVE('',#9557,#10158);
#10158 = DEFINITIONAL_REPRESENTATION('',(#10159),#10163);
#10159 = CIRCLE('',#10160,3.5);
#10160 = AXIS2_PLACEMENT_2D('',#10161,#10162);
#10161 = CARTESIAN_POINT('',(81.6,7.25));
#10162 = DIRECTION('',(-1.,-6.344131569287E-17));
#10163 = ( GEOMETRIC_REPRESENTATION_CONTEXT(2) 
PARAMETRIC_REPRESENTATION_CONTEXT() REPRESENTATION_CONTEXT('2D SPACE',''
  ) );
#10164 = PCURVE('',#10165,#10170);
#10165 = CYLINDRICAL_SURFACE('',#10166,3.5);
#10166 = AXIS2_PLACEMENT_3D('',#10167,#10168,#10169);
#10167 = CARTESIAN_POINT('',(-234.05,0.1,81.6));
#10168 = DIRECTION('',(0.,1.,0.));
#10169 = DIRECTION('',(-6.344131569287E-17,0.,-1.));
#10170 = DEFINITIONAL_REPRESENTATION('',(#10171),#10175);
#10171 = LINE('',#10172,#10173);
#10172 = CARTESIAN_POINT('',(0.,-3.1));
#10173 = VECTOR('',#10174,1.);
#10174 = DIRECTION('',(1.,0.));
#10175 = ( GEOMETRIC_REPRESENTATION_CONTEXT(2) 
PARAMETRIC_REPRESENTATION_CONTEXT() REPRESENTATION_CONTEXT('2D SPACE',''
  ) );
#10176 = ORIENTED_EDGE('',*,*,#10177,.F.);
#10177 = EDGE_CURVE('',#10178,#10149,#10180,.T.);
#10178 = VERTEX_POINT('',#10179);
#10179 = CARTESIAN_POINT('',(-231.05,-3.,78.1));
#10180 = SURFACE_CURVE('',#10181,(#10185,#10191),.PCURVE_S1.);
#10181 = LINE('',#10182,#10183);
#10182 = CARTESIAN_POINT('',(-236.175,-3.,78.1));
#10183 = VECTOR('',#10184,1.);
#10184 = DIRECTION('',(-1.,0.,0.));
#10185 = PCURVE('',#9557,#10186);
#10186 = DEFINITIONAL_REPRESENTATION('',(#10187),#10190);
#10187 = B_SPLINE_CURVE_WITH_KNOTS('',1,(#10188,#10189),.UNSPECIFIED.,
  .F.,.F.,(2,2),(-5.125,-2.125),.PIECEWISE_BEZIER_KNOTS.);
#10188 = CARTESIAN_POINT('',(78.1,10.25));
#10189 = CARTESIAN_POINT('',(78.1,7.25));
#10190 = ( GEOMETRIC_REPRESENTATION_CONTEXT(2) 
PARAMETRIC_REPRESENTATION_CONTEXT() REPRESENTATION_CONTEXT('2D SPACE',''
  ) );
#10191 = PCURVE('',#10192,#10197);
#10192 = PLANE('',#10193);
#10193 = AXIS2_PLACEMENT_3D('',#10194,#10195,#10196);
#10194 = CARTESIAN_POINT('',(-231.05,0.1,78.1));
#10195 = DIRECTION('',(-0.,-0.,-1.));
#10196 = DIRECTION('',(-1.,0.,0.));
#10197 = DEFINITIONAL_REPRESENTATION('',(#10198),#10201);
#10198 = B_SPLINE_CURVE_WITH_KNOTS('',1,(#10199,#10200),.UNSPECIFIED.,
  .F.,.F.,(2,2),(-5.125,-2.125),.PIECEWISE_BEZIER_KNOTS.);
#10199 = CARTESIAN_POINT('',(0.,-3.1));
#10200 = CARTESIAN_POINT('',(3.,-3.1));
#10201 = ( GEOMETRIC_REPRESENTATION_CONTEXT(2) 
PARAMETRIC_REPRESENTATION_CONTEXT() REPRESENTATION_CONTEXT('2D SPACE',''
  ) );
#10202 = ORIENTED_EDGE('',*,*,#10203,.F.);
#10203 = EDGE_CURVE('',#10123,#10178,#10204,.T.);
#10204 = SURFACE_CURVE('',#10205,(#10210,#10217),.PCURVE_S1.);
#10205 = CIRCLE('',#10206,3.5);
#10206 = AXIS2_PLACEMENT_3D('',#10207,#10208,#10209);
#10207 = CARTESIAN_POINT('',(-231.05,-3.,81.6));
#10208 = DIRECTION('',(-0.,1.,0.));
#10209 = DIRECTION('',(6.344131569287E-17,0.,1.));
#10210 = PCURVE('',#9557,#10211);
#10211 = DEFINITIONAL_REPRESENTATION('',(#10212),#10216);
#10212 = CIRCLE('',#10213,3.5);
#10213 = AXIS2_PLACEMENT_2D('',#10214,#10215);
#10214 = CARTESIAN_POINT('',(81.6,10.25));
#10215 = DIRECTION('',(1.,6.344131569287E-17));
#10216 = ( GEOMETRIC_REPRESENTATION_CONTEXT(2) 
PARAMETRIC_REPRESENTATION_CONTEXT() REPRESENTATION_CONTEXT('2D SPACE',''
  ) );
#10217 = PCURVE('',#10218,#10223);
#10218 = CYLINDRICAL_SURFACE('',#10219,3.5);
#10219 = AXIS2_PLACEMENT_3D('',#10220,#10221,#10222);
#10220 = CARTESIAN_POINT('',(-231.05,0.1,81.6));
#10221 = DIRECTION('',(-0.,1.,0.));
#10222 = DIRECTION('',(6.344131569287E-17,0.,1.));
#10223 = DEFINITIONAL_REPRESENTATION('',(#10224),#10228);
#10224 = LINE('',#10225,#10226);
#10225 = CARTESIAN_POINT('',(0.,-3.1));
#10226 = VECTOR('',#10227,1.);
#10227 = DIRECTION('',(1.,0.));
#10228 = ( GEOMETRIC_REPRESENTATION_CONTEXT(2) 
PARAMETRIC_REPRESENTATION_CONTEXT() REPRESENTATION_CONTEXT('2D SPACE',''
  ) );
#10229 = FACE_BOUND('',#10230,.F.);
#10230 = EDGE_LOOP('',(#10231));
#10231 = ORIENTED_EDGE('',*,*,#10232,.F.);
#10232 = EDGE_CURVE('',#10233,#10233,#10235,.T.);
#10233 = VERTEX_POINT('',#10234);
#10234 = CARTESIAN_POINT('',(-160.,-3.,84.));
#10235 = SURFACE_CURVE('',#10236,(#10241,#10248),.PCURVE_S1.);
#10236 = CIRCLE('',#10237,4.);
#10237 = AXIS2_PLACEMENT_3D('',#10238,#10239,#10240);
#10238 = CARTESIAN_POINT('',(-160.,-3.,80.));
#10239 = DIRECTION('',(0.,1.,0.));
#10240 = DIRECTION('',(0.,-0.,1.));
#10241 = PCURVE('',#9557,#10242);
#10242 = DEFINITIONAL_REPRESENTATION('',(#10243),#10247);
#10243 = CIRCLE('',#10244,4.);
#10244 = AXIS2_PLACEMENT_2D('',#10245,#10246);
#10245 = CARTESIAN_POINT('',(80.,81.3));
#10246 = DIRECTION('',(1.,0.));
#10247 = ( GEOMETRIC_REPRESENTATION_CONTEXT(2) 
PARAMETRIC_REPRESENTATION_CONTEXT() REPRESENTATION_CONTEXT('2D SPACE',''
  ) );
#10248 = PCURVE('',#10249,#10254);
#10249 = CONICAL_SURFACE('',#10250,4.,0.785398163397);
#10250 = AXIS2_PLACEMENT_3D('',#10251,#10252,#10253);
#10251 = CARTESIAN_POINT('',(-160.,-3.,80.));
#10252 = DIRECTION('',(-0.,-1.,-0.));
#10253 = DIRECTION('',(0.,-0.,1.));
#10254 = DEFINITIONAL_REPRESENTATION('',(#10255),#10259);
#10255 = LINE('',#10256,#10257);
#10256 = CARTESIAN_POINT('',(-0.,-0.));
#10257 = VECTOR('',#10258,1.);
#10258 = DIRECTION('',(-1.,-0.));
#10259 = ( GEOMETRIC_REPRESENTATION_CONTEXT(2) 
PARAMETRIC_REPRESENTATION_CONTEXT() REPRESENTATION_CONTEXT('2D SPACE',''
  ) );
#10260 = FACE_BOUND('',#10261,.F.);
#10261 = EDGE_LOOP('',(#10262));
#10262 = ORIENTED_EDGE('',*,*,#10263,.F.);
#10263 = EDGE_CURVE('',#10264,#10264,#10266,.T.);
#10264 = VERTEX_POINT('',#10265);
#10265 = CARTESIAN_POINT('',(-100.,-3.,79.5));
#10266 = SURFACE_CURVE('',#10267,(#10272,#10279),.PCURVE_S1.);
#10267 = CIRCLE('',#10268,16.);
#10268 = AXIS2_PLACEMENT_3D('',#10269,#10270,#10271);
#10269 = CARTESIAN_POINT('',(-100.,-3.,63.5));
#10270 = DIRECTION('',(0.,1.,0.));
#10271 = DIRECTION('',(0.,-0.,1.));
#10272 = PCURVE('',#9557,#10273);
#10273 = DEFINITIONAL_REPRESENTATION('',(#10274),#10278);
#10274 = CIRCLE('',#10275,16.);
#10275 = AXIS2_PLACEMENT_2D('',#10276,#10277);
#10276 = CARTESIAN_POINT('',(63.5,141.3));
#10277 = DIRECTION('',(1.,0.));
#10278 = ( GEOMETRIC_REPRESENTATION_CONTEXT(2) 
PARAMETRIC_REPRESENTATION_CONTEXT() REPRESENTATION_CONTEXT('2D SPACE',''
  ) );
#10279 = PCURVE('',#10280,#10285);
#10280 = CYLINDRICAL_SURFACE('',#10281,16.);
#10281 = AXIS2_PLACEMENT_3D('',#10282,#10283,#10284);
#10282 = CARTESIAN_POINT('',(-100.,-3.1,63.5));
#10283 = DIRECTION('',(0.,1.,0.));
#10284 = DIRECTION('',(0.,-0.,1.));
#10285 = DEFINITIONAL_REPRESENTATION('',(#10286),#10290);
#10286 = LINE('',#10287,#10288);
#10287 = CARTESIAN_POINT('',(0.,0.1));
#10288 = VECTOR('',#10289,1.);
#10289 = DIRECTION('',(1.,0.));
#10290 = ( GEOMETRIC_REPRESENTATION_CONTEXT(2) 
PARAMETRIC_REPRESENTATION_CONTEXT() REPRESENTATION_CONTEXT('2D SPACE',''
  ) );
#10291 = FACE_BOUND('',#10292,.F.);
#10292 = EDGE_LOOP('',(#10293));
#10293 = ORIENTED_EDGE('',*,*,#10294,.F.);
#10294 = EDGE_CURVE('',#10295,#10295,#10297,.T.);
#10295 = VERTEX_POINT('',#10296);
#10296 = CARTESIAN_POINT('',(-60.,-3.,79.5));
#10297 = SURFACE_CURVE('',#10298,(#10303,#10310),.PCURVE_S1.);
#10298 = CIRCLE('',#10299,16.);
#10299 = AXIS2_PLACEMENT_3D('',#10300,#10301,#10302);
#10300 = CARTESIAN_POINT('',(-60.,-3.,63.5));
#10301 = DIRECTION('',(0.,1.,0.));
#10302 = DIRECTION('',(0.,-0.,1.));
#10303 = PCURVE('',#9557,#10304);
#10304 = DEFINITIONAL_REPRESENTATION('',(#10305),#10309);
#10305 = CIRCLE('',#10306,16.);
#10306 = AXIS2_PLACEMENT_2D('',#10307,#10308);
#10307 = CARTESIAN_POINT('',(63.5,181.3));
#10308 = DIRECTION('',(1.,0.));
#10309 = ( GEOMETRIC_REPRESENTATION_CONTEXT(2) 
PARAMETRIC_REPRESENTATION_CONTEXT() REPRESENTATION_CONTEXT('2D SPACE',''
  ) );
#10310 = PCURVE('',#10311,#10316);
#10311 = CYLINDRICAL_SURFACE('',#10312,16.);
#10312 = AXIS2_PLACEMENT_3D('',#10313,#10314,#10315);
#10313 = CARTESIAN_POINT('',(-60.,-3.1,63.5));
#10314 = DIRECTION('',(0.,1.,0.));
#10315 = DIRECTION('',(0.,-0.,1.));
#10316 = DEFINITIONAL_REPRESENTATION('',(#10317),#10321);
#10317 = LINE('',#10318,#10319);
#10318 = CARTESIAN_POINT('',(0.,0.1));
#10319 = VECTOR('',#10320,1.);
#10320 = DIRECTION('',(1.,0.));
#10321 = ( GEOMETRIC_REPRESENTATION_CONTEXT(2) 
PARAMETRIC_REPRESENTATION_CONTEXT() REPRESENTATION_CONTEXT('2D SPACE',''
  ) );
#10322 = FACE_BOUND('',#10323,.F.);
#10323 = EDGE_LOOP('',(#10324));
#10324 = ORIENTED_EDGE('',*,*,#10325,.F.);
#10325 = EDGE_CURVE('',#10326,#10326,#10328,.T.);
#10326 = VERTEX_POINT('',#10327);
#10327 = CARTESIAN_POINT('',(-20.,-3.,79.5));
#10328 = SURFACE_CURVE('',#10329,(#10334,#10341),.PCURVE_S1.);
#10329 = CIRCLE('',#10330,16.);
#10330 = AXIS2_PLACEMENT_3D('',#10331,#10332,#10333);
#10331 = CARTESIAN_POINT('',(-20.,-3.,63.5));
#10332 = DIRECTION('',(0.,1.,0.));
#10333 = DIRECTION('',(0.,-0.,1.));
#10334 = PCURVE('',#9557,#10335);
#10335 = DEFINITIONAL_REPRESENTATION('',(#10336),#10340);
#10336 = CIRCLE('',#10337,16.);
#10337 = AXIS2_PLACEMENT_2D('',#10338,#10339);
#10338 = CARTESIAN_POINT('',(63.5,221.3));
#10339 = DIRECTION('',(1.,0.));
#10340 = ( GEOMETRIC_REPRESENTATION_CONTEXT(2) 
PARAMETRIC_REPRESENTATION_CONTEXT() REPRESENTATION_CONTEXT('2D SPACE',''
  ) );
#10341 = PCURVE('',#10342,#10347);
#10342 = CYLINDRICAL_SURFACE('',#10343,16.);
#10343 = AXIS2_PLACEMENT_3D('',#10344,#10345,#10346);
#10344 = CARTESIAN_POINT('',(-20.,-3.1,63.5));
#10345 = DIRECTION('',(0.,1.,0.));
#10346 = DIRECTION('',(0.,-0.,1.));
#10347 = DEFINITIONAL_REPRESENTATION('',(#10348),#10352);
#10348 = LINE('',#10349,#10350);
#10349 = CARTESIAN_POINT('',(0.,0.1));
#10350 = VECTOR('',#10351,1.);
#10351 = DIRECTION('',(1.,0.));
#10352 = ( GEOMETRIC_REPRESENTATION_CONTEXT(2) 
PARAMETRIC_REPRESENTATION_CONTEXT() REPRESENTATION_CONTEXT('2D SPACE',''
  ) );
#10353 = FACE_BOUND('',#10354,.F.);
#10354 = EDGE_LOOP('',(#10355));
#10355 = ORIENTED_EDGE('',*,*,#10356,.F.);
#10356 = EDGE_CURVE('',#10357,#10357,#10359,.T.);
#10357 = VERTEX_POINT('',#10358);
#10358 = CARTESIAN_POINT('',(-9.797174393179E-16,-3.,84.));
#10359 = SURFACE_CURVE('',#10360,(#10365,#10372),.PCURVE_S1.);
#10360 = CIRCLE('',#10361,4.);
#10361 = AXIS2_PLACEMENT_3D('',#10362,#10363,#10364);
#10362 = CARTESIAN_POINT('',(0.,-3.,80.));
#10363 = DIRECTION('',(0.,1.,0.));
#10364 = DIRECTION('',(0.,-0.,1.));
#10365 = PCURVE('',#9557,#10366);
#10366 = DEFINITIONAL_REPRESENTATION('',(#10367),#10371);
#10367 = CIRCLE('',#10368,4.);
#10368 = AXIS2_PLACEMENT_2D('',#10369,#10370);
#10369 = CARTESIAN_POINT('',(80.,241.3));
#10370 = DIRECTION('',(1.,0.));
#10371 = ( GEOMETRIC_REPRESENTATION_CONTEXT(2) 
PARAMETRIC_REPRESENTATION_CONTEXT() REPRESENTATION_CONTEXT('2D SPACE',''
  ) );
#10372 = PCURVE('',#10373,#10378);
#10373 = CONICAL_SURFACE('',#10374,4.,0.785398163397);
#10374 = AXIS2_PLACEMENT_3D('',#10375,#10376,#10377);
#10375 = CARTESIAN_POINT('',(0.,-3.,80.));
#10376 = DIRECTION('',(-0.,-1.,-0.));
#10377 = DIRECTION('',(0.,-0.,1.));
#10378 = DEFINITIONAL_REPRESENTATION('',(#10379),#10383);
#10379 = LINE('',#10380,#10381);
#10380 = CARTESIAN_POINT('',(-0.,-0.));
#10381 = VECTOR('',#10382,1.);
#10382 = DIRECTION('',(-1.,-0.));
#10383 = ( GEOMETRIC_REPRESENTATION_CONTEXT(2) 
PARAMETRIC_REPRESENTATION_CONTEXT() REPRESENTATION_CONTEXT('2D SPACE',''
  ) );
#10384 = FACE_BOUND('',#10385,.F.);
#10385 = EDGE_LOOP('',(#10386));
#10386 = ORIENTED_EDGE('',*,*,#10387,.F.);
#10387 = EDGE_CURVE('',#10388,#10388,#10390,.T.);
#10388 = VERTEX_POINT('',#10389);
#10389 = CARTESIAN_POINT('',(20.,-3.,39.5));
#10390 = SURFACE_CURVE('',#10391,(#10396,#10403),.PCURVE_S1.);
#10391 = CIRCLE('',#10392,16.);
#10392 = AXIS2_PLACEMENT_3D('',#10393,#10394,#10395);
#10393 = CARTESIAN_POINT('',(20.,-3.,23.5));
#10394 = DIRECTION('',(0.,1.,0.));
#10395 = DIRECTION('',(0.,-0.,1.));
#10396 = PCURVE('',#9557,#10397);
#10397 = DEFINITIONAL_REPRESENTATION('',(#10398),#10402);
#10398 = CIRCLE('',#10399,16.);
#10399 = AXIS2_PLACEMENT_2D('',#10400,#10401);
#10400 = CARTESIAN_POINT('',(23.5,261.3));
#10401 = DIRECTION('',(1.,0.));
#10402 = ( GEOMETRIC_REPRESENTATION_CONTEXT(2) 
PARAMETRIC_REPRESENTATION_CONTEXT() REPRESENTATION_CONTEXT('2D SPACE',''
  ) );
#10403 = PCURVE('',#10404,#10409);
#10404 = CYLINDRICAL_SURFACE('',#10405,16.);
#10405 = AXIS2_PLACEMENT_3D('',#10406,#10407,#10408);
#10406 = CARTESIAN_POINT('',(20.,-3.1,23.5));
#10407 = DIRECTION('',(0.,1.,0.));
#10408 = DIRECTION('',(0.,-0.,1.));
#10409 = DEFINITIONAL_REPRESENTATION('',(#10410),#10414);
#10410 = LINE('',#10411,#10412);
#10411 = CARTESIAN_POINT('',(0.,0.1));
#10412 = VECTOR('',#10413,1.);
#10413 = DIRECTION('',(1.,0.));
#10414 = ( GEOMETRIC_REPRESENTATION_CONTEXT(2) 
PARAMETRIC_REPRESENTATION_CONTEXT() REPRESENTATION_CONTEXT('2D SPACE',''
  ) );
#10415 = FACE_BOUND('',#10416,.F.);
#10416 = EDGE_LOOP('',(#10417));
#10417 = ORIENTED_EDGE('',*,*,#10418,.F.);
#10418 = EDGE_CURVE('',#10419,#10419,#10421,.T.);
#10419 = VERTEX_POINT('',#10420);
#10420 = CARTESIAN_POINT('',(60.,-3.,39.5));
#10421 = SURFACE_CURVE('',#10422,(#10427,#10434),.PCURVE_S1.);
#10422 = CIRCLE('',#10423,16.);
#10423 = AXIS2_PLACEMENT_3D('',#10424,#10425,#10426);
#10424 = CARTESIAN_POINT('',(60.,-3.,23.5));
#10425 = DIRECTION('',(0.,1.,0.));
#10426 = DIRECTION('',(0.,-0.,1.));
#10427 = PCURVE('',#9557,#10428);
#10428 = DEFINITIONAL_REPRESENTATION('',(#10429),#10433);
#10429 = CIRCLE('',#10430,16.);
#10430 = AXIS2_PLACEMENT_2D('',#10431,#10432);
#10431 = CARTESIAN_POINT('',(23.5,301.3));
#10432 = DIRECTION('',(1.,0.));
#10433 = ( GEOMETRIC_REPRESENTATION_CONTEXT(2) 
PARAMETRIC_REPRESENTATION_CONTEXT() REPRESENTATION_CONTEXT('2D SPACE',''
  ) );
#10434 = PCURVE('',#10435,#10440);
#10435 = CYLINDRICAL_SURFACE('',#10436,16.);
#10436 = AXIS2_PLACEMENT_3D('',#10437,#10438,#10439);
#10437 = CARTESIAN_POINT('',(60.,-3.1,23.5));
#10438 = DIRECTION('',(0.,1.,0.));
#10439 = DIRECTION('',(0.,-0.,1.));
#10440 = DEFINITIONAL_REPRESENTATION('',(#10441),#10445);
#10441 = LINE('',#10442,#10443);
#10442 = CARTESIAN_POINT('',(0.,0.1));
#10443 = VECTOR('',#10444,1.);
#10444 = DIRECTION('',(1.,0.));
#10445 = ( GEOMETRIC_REPRESENTATION_CONTEXT(2) 
PARAMETRIC_REPRESENTATION_CONTEXT() REPRESENTATION_CONTEXT('2D SPACE',''
  ) );
#10446 = FACE_BOUND('',#10447,.F.);
#10447 = EDGE_LOOP('',(#10448));
#10448 = ORIENTED_EDGE('',*,*,#10449,.F.);
#10449 = EDGE_CURVE('',#10450,#10450,#10452,.T.);
#10450 = VERTEX_POINT('',#10451);
#10451 = CARTESIAN_POINT('',(100.,-3.,39.5));
#10452 = SURFACE_CURVE('',#10453,(#10458,#10465),.PCURVE_S1.);
#10453 = CIRCLE('',#10454,16.);
#10454 = AXIS2_PLACEMENT_3D('',#10455,#10456,#10457);
#10455 = CARTESIAN_POINT('',(100.,-3.,23.5));
#10456 = DIRECTION('',(0.,1.,0.));
#10457 = DIRECTION('',(0.,-0.,1.));
#10458 = PCURVE('',#9557,#10459);
#10459 = DEFINITIONAL_REPRESENTATION('',(#10460),#10464);
#10460 = CIRCLE('',#10461,16.);
#10461 = AXIS2_PLACEMENT_2D('',#10462,#10463);
#10462 = CARTESIAN_POINT('',(23.5,341.3));
#10463 = DIRECTION('',(1.,0.));
#10464 = ( GEOMETRIC_REPRESENTATION_CONTEXT(2) 
PARAMETRIC_REPRESENTATION_CONTEXT() REPRESENTATION_CONTEXT('2D SPACE',''
  ) );
#10465 = PCURVE('',#10466,#10471);
#10466 = CYLINDRICAL_SURFACE('',#10467,16.);
#10467 = AXIS2_PLACEMENT_3D('',#10468,#10469,#10470);
#10468 = CARTESIAN_POINT('',(100.,-3.1,23.5));
#10469 = DIRECTION('',(0.,1.,0.));
#10470 = DIRECTION('',(0.,-0.,1.));
#10471 = DEFINITIONAL_REPRESENTATION('',(#10472),#10476);
#10472 = LINE('',#10473,#10474);
#10473 = CARTESIAN_POINT('',(0.,0.1));
#10474 = VECTOR('',#10475,1.);
#10475 = DIRECTION('',(1.,0.));
#10476 = ( GEOMETRIC_REPRESENTATION_CONTEXT(2) 
PARAMETRIC_REPRESENTATION_CONTEXT() REPRESENTATION_CONTEXT('2D SPACE',''
  ) );
#10477 = FACE_BOUND('',#10478,.F.);
#10478 = EDGE_LOOP('',(#10479));
#10479 = ORIENTED_EDGE('',*,*,#10480,.F.);
#10480 = EDGE_CURVE('',#10481,#10481,#10483,.T.);
#10481 = VERTEX_POINT('',#10482);
#10482 = CARTESIAN_POINT('',(160.,-3.,11.));
#10483 = SURFACE_CURVE('',#10484,(#10489,#10496),.PCURVE_S1.);
#10484 = CIRCLE('',#10485,4.);
#10485 = AXIS2_PLACEMENT_3D('',#10486,#10487,#10488);
#10486 = CARTESIAN_POINT('',(160.,-3.,7.));
#10487 = DIRECTION('',(0.,1.,0.));
#10488 = DIRECTION('',(0.,-0.,1.));
#10489 = PCURVE('',#9557,#10490);
#10490 = DEFINITIONAL_REPRESENTATION('',(#10491),#10495);
#10491 = CIRCLE('',#10492,4.);
#10492 = AXIS2_PLACEMENT_2D('',#10493,#10494);
#10493 = CARTESIAN_POINT('',(7.,401.3));
#10494 = DIRECTION('',(1.,0.));
#10495 = ( GEOMETRIC_REPRESENTATION_CONTEXT(2) 
PARAMETRIC_REPRESENTATION_CONTEXT() REPRESENTATION_CONTEXT('2D SPACE',''
  ) );
#10496 = PCURVE('',#10497,#10502);
#10497 = CONICAL_SURFACE('',#10498,4.,0.785398163397);
#10498 = AXIS2_PLACEMENT_3D('',#10499,#10500,#10501);
#10499 = CARTESIAN_POINT('',(160.,-3.,7.));
#10500 = DIRECTION('',(-0.,-1.,-0.));
#10501 = DIRECTION('',(0.,-0.,1.));
#10502 = DEFINITIONAL_REPRESENTATION('',(#10503),#10507);
#10503 = LINE('',#10504,#10505);
#10504 = CARTESIAN_POINT('',(-0.,-0.));
#10505 = VECTOR('',#10506,1.);
#10506 = DIRECTION('',(-1.,-0.));
#10507 = ( GEOMETRIC_REPRESENTATION_CONTEXT(2) 
PARAMETRIC_REPRESENTATION_CONTEXT() REPRESENTATION_CONTEXT('2D SPACE',''
  ) );
#10508 = FACE_BOUND('',#10509,.F.);
#10509 = EDGE_LOOP('',(#10510,#10538,#10567,#10593));
#10510 = ORIENTED_EDGE('',*,*,#10511,.F.);
#10511 = EDGE_CURVE('',#10512,#10514,#10516,.T.);
#10512 = VERTEX_POINT('',#10513);
#10513 = CARTESIAN_POINT('',(231.05,-3.,8.9));
#10514 = VERTEX_POINT('',#10515);
#10515 = CARTESIAN_POINT('',(234.05,-3.,8.9));
#10516 = SURFACE_CURVE('',#10517,(#10521,#10527),.PCURVE_S1.);
#10517 = LINE('',#10518,#10519);
#10518 = CARTESIAN_POINT('',(-5.125,-3.,8.9));
#10519 = VECTOR('',#10520,1.);
#10520 = DIRECTION('',(1.,-0.,0.));
#10521 = PCURVE('',#9557,#10522);
#10522 = DEFINITIONAL_REPRESENTATION('',(#10523),#10526);
#10523 = B_SPLINE_CURVE_WITH_KNOTS('',1,(#10524,#10525),.UNSPECIFIED.,
  .F.,.F.,(2,2),(236.175,239.175),.PIECEWISE_BEZIER_KNOTS.);
#10524 = CARTESIAN_POINT('',(8.9,472.35));
#10525 = CARTESIAN_POINT('',(8.9,475.35));
#10526 = ( GEOMETRIC_REPRESENTATION_CONTEXT(2) 
PARAMETRIC_REPRESENTATION_CONTEXT() REPRESENTATION_CONTEXT('2D SPACE',''
  ) );
#10527 = PCURVE('',#10528,#10533);
#10528 = PLANE('',#10529);
#10529 = AXIS2_PLACEMENT_3D('',#10530,#10531,#10532);
#10530 = CARTESIAN_POINT('',(231.05,0.1,8.9));
#10531 = DIRECTION('',(-0.,0.,1.));
#10532 = DIRECTION('',(1.,0.,0.));
#10533 = DEFINITIONAL_REPRESENTATION('',(#10534),#10537);
#10534 = B_SPLINE_CURVE_WITH_KNOTS('',1,(#10535,#10536),.UNSPECIFIED.,
  .F.,.F.,(2,2),(236.175,239.175),.PIECEWISE_BEZIER_KNOTS.);
#10535 = CARTESIAN_POINT('',(0.,-3.1));
#10536 = CARTESIAN_POINT('',(3.,-3.1));
#10537 = ( GEOMETRIC_REPRESENTATION_CONTEXT(2) 
PARAMETRIC_REPRESENTATION_CONTEXT() REPRESENTATION_CONTEXT('2D SPACE',''
  ) );
#10538 = ORIENTED_EDGE('',*,*,#10539,.F.);
#10539 = EDGE_CURVE('',#10540,#10512,#10542,.T.);
#10540 = VERTEX_POINT('',#10541);
#10541 = CARTESIAN_POINT('',(231.05,-3.,1.9));
#10542 = SURFACE_CURVE('',#10543,(#10548,#10555),.PCURVE_S1.);
#10543 = CIRCLE('',#10544,3.5);
#10544 = AXIS2_PLACEMENT_3D('',#10545,#10546,#10547);
#10545 = CARTESIAN_POINT('',(231.05,-3.,5.4));
#10546 = DIRECTION('',(0.,1.,0.));
#10547 = DIRECTION('',(-6.344131569287E-17,0.,-1.));
#10548 = PCURVE('',#9557,#10549);
#10549 = DEFINITIONAL_REPRESENTATION('',(#10550),#10554);
#10550 = CIRCLE('',#10551,3.5);
#10551 = AXIS2_PLACEMENT_2D('',#10552,#10553);
#10552 = CARTESIAN_POINT('',(5.4,472.35));
#10553 = DIRECTION('',(-1.,-6.344131569287E-17));
#10554 = ( GEOMETRIC_REPRESENTATION_CONTEXT(2) 
PARAMETRIC_REPRESENTATION_CONTEXT() REPRESENTATION_CONTEXT('2D SPACE',''
  ) );
#10555 = PCURVE('',#10556,#10561);
#10556 = CYLINDRICAL_SURFACE('',#10557,3.5);
#10557 = AXIS2_PLACEMENT_3D('',#10558,#10559,#10560);
#10558 = CARTESIAN_POINT('',(231.05,0.1,5.4));
#10559 = DIRECTION('',(0.,1.,0.));
#10560 = DIRECTION('',(-6.344131569287E-17,0.,-1.));
#10561 = DEFINITIONAL_REPRESENTATION('',(#10562),#10566);
#10562 = LINE('',#10563,#10564);
#10563 = CARTESIAN_POINT('',(0.,-3.1));
#10564 = VECTOR('',#10565,1.);
#10565 = DIRECTION('',(1.,0.));
#10566 = ( GEOMETRIC_REPRESENTATION_CONTEXT(2) 
PARAMETRIC_REPRESENTATION_CONTEXT() REPRESENTATION_CONTEXT('2D SPACE',''
  ) );
#10567 = ORIENTED_EDGE('',*,*,#10568,.F.);
#10568 = EDGE_CURVE('',#10569,#10540,#10571,.T.);
#10569 = VERTEX_POINT('',#10570);
#10570 = CARTESIAN_POINT('',(234.05,-3.,1.9));
#10571 = SURFACE_CURVE('',#10572,(#10576,#10582),.PCURVE_S1.);
#10572 = LINE('',#10573,#10574);
#10573 = CARTESIAN_POINT('',(-3.625,-3.,1.9));
#10574 = VECTOR('',#10575,1.);
#10575 = DIRECTION('',(-1.,0.,0.));
#10576 = PCURVE('',#9557,#10577);
#10577 = DEFINITIONAL_REPRESENTATION('',(#10578),#10581);
#10578 = B_SPLINE_CURVE_WITH_KNOTS('',1,(#10579,#10580),.UNSPECIFIED.,
  .F.,.F.,(2,2),(-237.675,-234.675),.PIECEWISE_BEZIER_KNOTS.);
#10579 = CARTESIAN_POINT('',(1.9,475.35));
#10580 = CARTESIAN_POINT('',(1.9,472.35));
#10581 = ( GEOMETRIC_REPRESENTATION_CONTEXT(2) 
PARAMETRIC_REPRESENTATION_CONTEXT() REPRESENTATION_CONTEXT('2D SPACE',''
  ) );
#10582 = PCURVE('',#10583,#10588);
#10583 = PLANE('',#10584);
#10584 = AXIS2_PLACEMENT_3D('',#10585,#10586,#10587);
#10585 = CARTESIAN_POINT('',(234.05,0.1,1.9));
#10586 = DIRECTION('',(-0.,-0.,-1.));
#10587 = DIRECTION('',(-1.,0.,0.));
#10588 = DEFINITIONAL_REPRESENTATION('',(#10589),#10592);
#10589 = B_SPLINE_CURVE_WITH_KNOTS('',1,(#10590,#10591),.UNSPECIFIED.,
  .F.,.F.,(2,2),(-237.675,-234.675),.PIECEWISE_BEZIER_KNOTS.);
#10590 = CARTESIAN_POINT('',(0.,-3.1));
#10591 = CARTESIAN_POINT('',(3.,-3.1));
#10592 = ( GEOMETRIC_REPRESENTATION_CONTEXT(2) 
PARAMETRIC_REPRESENTATION_CONTEXT() REPRESENTATION_CONTEXT('2D SPACE',''
  ) );
#10593 = ORIENTED_EDGE('',*,*,#10594,.F.);
#10594 = EDGE_CURVE('',#10514,#10569,#10595,.T.);
#10595 = SURFACE_CURVE('',#10596,(#10601,#10608),.PCURVE_S1.);
#10596 = CIRCLE('',#10597,3.5);
#10597 = AXIS2_PLACEMENT_3D('',#10598,#10599,#10600);
#10598 = CARTESIAN_POINT('',(234.05,-3.,5.4));
#10599 = DIRECTION('',(-0.,1.,0.));
#10600 = DIRECTION('',(6.344131569287E-17,0.,1.));
#10601 = PCURVE('',#9557,#10602);
#10602 = DEFINITIONAL_REPRESENTATION('',(#10603),#10607);
#10603 = CIRCLE('',#10604,3.5);
#10604 = AXIS2_PLACEMENT_2D('',#10605,#10606);
#10605 = CARTESIAN_POINT('',(5.4,475.35));
#10606 = DIRECTION('',(1.,6.344131569287E-17));
#10607 = ( GEOMETRIC_REPRESENTATION_CONTEXT(2) 
PARAMETRIC_REPRESENTATION_CONTEXT() REPRESENTATION_CONTEXT('2D SPACE',''
  ) );
#10608 = PCURVE('',#10609,#10614);
#10609 = CYLINDRICAL_SURFACE('',#10610,3.5);
#10610 = AXIS2_PLACEMENT_3D('',#10611,#10612,#10613);
#10611 = CARTESIAN_POINT('',(234.05,0.1,5.4));
#10612 = DIRECTION('',(-0.,1.,0.));
#10613 = DIRECTION('',(6.344131569287E-17,0.,1.));
#10614 = DEFINITIONAL_REPRESENTATION('',(#10615),#10619);
#10615 = LINE('',#10616,#10617);
#10616 = CARTESIAN_POINT('',(0.,-3.1));
#10617 = VECTOR('',#10618,1.);
#10618 = DIRECTION('',(1.,0.));
#10619 = ( GEOMETRIC_REPRESENTATION_CONTEXT(2) 
PARAMETRIC_REPRESENTATION_CONTEXT() REPRESENTATION_CONTEXT('2D SPACE',''
  ) );
#10620 = FACE_BOUND('',#10621,.F.);
#10621 = EDGE_LOOP('',(#10622));
#10622 = ORIENTED_EDGE('',*,*,#10623,.F.);
#10623 = EDGE_CURVE('',#10624,#10624,#10626,.T.);
#10624 = VERTEX_POINT('',#10625);
#10625 = CARTESIAN_POINT('',(140.,-3.,39.5));
#10626 = SURFACE_CURVE('',#10627,(#10632,#10639),.PCURVE_S1.);
#10627 = CIRCLE('',#10628,16.);
#10628 = AXIS2_PLACEMENT_3D('',#10629,#10630,#10631);
#10629 = CARTESIAN_POINT('',(140.,-3.,23.5));
#10630 = DIRECTION('',(0.,1.,0.));
#10631 = DIRECTION('',(0.,-0.,1.));
#10632 = PCURVE('',#9557,#10633);
#10633 = DEFINITIONAL_REPRESENTATION('',(#10634),#10638);
#10634 = CIRCLE('',#10635,16.);
#10635 = AXIS2_PLACEMENT_2D('',#10636,#10637);
#10636 = CARTESIAN_POINT('',(23.5,381.3));
#10637 = DIRECTION('',(1.,0.));
#10638 = ( GEOMETRIC_REPRESENTATION_CONTEXT(2) 
PARAMETRIC_REPRESENTATION_CONTEXT() REPRESENTATION_CONTEXT('2D SPACE',''
  ) );
#10639 = PCURVE('',#10640,#10645);
#10640 = CYLINDRICAL_SURFACE('',#10641,16.);
#10641 = AXIS2_PLACEMENT_3D('',#10642,#10643,#10644);
#10642 = CARTESIAN_POINT('',(140.,-3.1,23.5));
#10643 = DIRECTION('',(0.,1.,0.));
#10644 = DIRECTION('',(0.,-0.,1.));
#10645 = DEFINITIONAL_REPRESENTATION('',(#10646),#10650);
#10646 = LINE('',#10647,#10648);
#10647 = CARTESIAN_POINT('',(0.,0.1));
#10648 = VECTOR('',#10649,1.);
#10649 = DIRECTION('',(1.,0.));
#10650 = ( GEOMETRIC_REPRESENTATION_CONTEXT(2) 
PARAMETRIC_REPRESENTATION_CONTEXT() REPRESENTATION_CONTEXT('2D SPACE',''
  ) );
#10651 = FACE_BOUND('',#10652,.F.);
#10652 = EDGE_LOOP('',(#10653));
#10653 = ORIENTED_EDGE('',*,*,#10654,.F.);
#10654 = EDGE_CURVE('',#10655,#10655,#10657,.T.);
#10655 = VERTEX_POINT('',#10656);
#10656 = CARTESIAN_POINT('',(180.,-3.,39.5));
#10657 = SURFACE_CURVE('',#10658,(#10663,#10670),.PCURVE_S1.);
#10658 = CIRCLE('',#10659,16.);
#10659 = AXIS2_PLACEMENT_3D('',#10660,#10661,#10662);
#10660 = CARTESIAN_POINT('',(180.,-3.,23.5));
#10661 = DIRECTION('',(0.,1.,0.));
#10662 = DIRECTION('',(0.,-0.,1.));
#10663 = PCURVE('',#9557,#10664);
#10664 = DEFINITIONAL_REPRESENTATION('',(#10665),#10669);
#10665 = CIRCLE('',#10666,16.);
#10666 = AXIS2_PLACEMENT_2D('',#10667,#10668);
#10667 = CARTESIAN_POINT('',(23.5,421.3));
#10668 = DIRECTION('',(1.,0.));
#10669 = ( GEOMETRIC_REPRESENTATION_CONTEXT(2) 
PARAMETRIC_REPRESENTATION_CONTEXT() REPRESENTATION_CONTEXT('2D SPACE',''
  ) );
#10670 = PCURVE('',#10671,#10676);
#10671 = CYLINDRICAL_SURFACE('',#10672,16.);
#10672 = AXIS2_PLACEMENT_3D('',#10673,#10674,#10675);
#10673 = CARTESIAN_POINT('',(180.,-3.1,23.5));
#10674 = DIRECTION('',(0.,1.,0.));
#10675 = DIRECTION('',(0.,-0.,1.));
#10676 = DEFINITIONAL_REPRESENTATION('',(#10677),#10681);
#10677 = LINE('',#10678,#10679);
#10678 = CARTESIAN_POINT('',(0.,0.1));
#10679 = VECTOR('',#10680,1.);
#10680 = DIRECTION('',(1.,0.));
#10681 = ( GEOMETRIC_REPRESENTATION_CONTEXT(2) 
PARAMETRIC_REPRESENTATION_CONTEXT() REPRESENTATION_CONTEXT('2D SPACE',''
  ) );
#10682 = FACE_BOUND('',#10683,.F.);
#10683 = EDGE_LOOP('',(#10684));
#10684 = ORIENTED_EDGE('',*,*,#10685,.F.);
#10685 = EDGE_CURVE('',#10686,#10686,#10688,.T.);
#10686 = VERTEX_POINT('',#10687);
#10687 = CARTESIAN_POINT('',(20.,-3.,79.5));
#10688 = SURFACE_CURVE('',#10689,(#10694,#10701),.PCURVE_S1.);
#10689 = CIRCLE('',#10690,16.);
#10690 = AXIS2_PLACEMENT_3D('',#10691,#10692,#10693);
#10691 = CARTESIAN_POINT('',(20.,-3.,63.5));
#10692 = DIRECTION('',(0.,1.,0.));
#10693 = DIRECTION('',(0.,-0.,1.));
#10694 = PCURVE('',#9557,#10695);
#10695 = DEFINITIONAL_REPRESENTATION('',(#10696),#10700);
#10696 = CIRCLE('',#10697,16.);
#10697 = AXIS2_PLACEMENT_2D('',#10698,#10699);
#10698 = CARTESIAN_POINT('',(63.5,261.3));
#10699 = DIRECTION('',(1.,0.));
#10700 = ( GEOMETRIC_REPRESENTATION_CONTEXT(2) 
PARAMETRIC_REPRESENTATION_CONTEXT() REPRESENTATION_CONTEXT('2D SPACE',''
  ) );
#10701 = PCURVE('',#10702,#10707);
#10702 = CYLINDRICAL_SURFACE('',#10703,16.);
#10703 = AXIS2_PLACEMENT_3D('',#10704,#10705,#10706);
#10704 = CARTESIAN_POINT('',(20.,-3.1,63.5));
#10705 = DIRECTION('',(0.,1.,0.));
#10706 = DIRECTION('',(0.,-0.,1.));
#10707 = DEFINITIONAL_REPRESENTATION('',(#10708),#10712);
#10708 = LINE('',#10709,#10710);
#10709 = CARTESIAN_POINT('',(0.,0.1));
#10710 = VECTOR('',#10711,1.);
#10711 = DIRECTION('',(1.,0.));
#10712 = ( GEOMETRIC_REPRESENTATION_CONTEXT(2) 
PARAMETRIC_REPRESENTATION_CONTEXT() REPRESENTATION_CONTEXT('2D SPACE',''
  ) );
#10713 = FACE_BOUND('',#10714,.F.);
#10714 = EDGE_LOOP('',(#10715));
#10715 = ORIENTED_EDGE('',*,*,#10716,.F.);
#10716 = EDGE_CURVE('',#10717,#10717,#10719,.T.);
#10717 = VERTEX_POINT('',#10718);
#10718 = CARTESIAN_POINT('',(60.,-3.,79.5));
#10719 = SURFACE_CURVE('',#10720,(#10725,#10732),.PCURVE_S1.);
#10720 = CIRCLE('',#10721,16.);
#10721 = AXIS2_PLACEMENT_3D('',#10722,#10723,#10724);
#10722 = CARTESIAN_POINT('',(60.,-3.,63.5));
#10723 = DIRECTION('',(0.,1.,0.));
#10724 = DIRECTION('',(0.,-0.,1.));
#10725 = PCURVE('',#9557,#10726);
#10726 = DEFINITIONAL_REPRESENTATION('',(#10727),#10731);
#10727 = CIRCLE('',#10728,16.);
#10728 = AXIS2_PLACEMENT_2D('',#10729,#10730);
#10729 = CARTESIAN_POINT('',(63.5,301.3));
#10730 = DIRECTION('',(1.,0.));
#10731 = ( GEOMETRIC_REPRESENTATION_CONTEXT(2) 
PARAMETRIC_REPRESENTATION_CONTEXT() REPRESENTATION_CONTEXT('2D SPACE',''
  ) );
#10732 = PCURVE('',#10733,#10738);
#10733 = CYLINDRICAL_SURFACE('',#10734,16.);
#10734 = AXIS2_PLACEMENT_3D('',#10735,#10736,#10737);
#10735 = CARTESIAN_POINT('',(60.,-3.1,63.5));
#10736 = DIRECTION('',(0.,1.,0.));
#10737 = DIRECTION('',(0.,-0.,1.));
#10738 = DEFINITIONAL_REPRESENTATION('',(#10739),#10743);
#10739 = LINE('',#10740,#10741);
#10740 = CARTESIAN_POINT('',(0.,0.1));
#10741 = VECTOR('',#10742,1.);
#10742 = DIRECTION('',(1.,0.));
#10743 = ( GEOMETRIC_REPRESENTATION_CONTEXT(2) 
PARAMETRIC_REPRESENTATION_CONTEXT() REPRESENTATION_CONTEXT('2D SPACE',''
  ) );
#10744 = FACE_BOUND('',#10745,.F.);
#10745 = EDGE_LOOP('',(#10746));
#10746 = ORIENTED_EDGE('',*,*,#10747,.F.);
#10747 = EDGE_CURVE('',#10748,#10748,#10750,.T.);
#10748 = VERTEX_POINT('',#10749);
#10749 = CARTESIAN_POINT('',(100.,-3.,79.5));
#10750 = SURFACE_CURVE('',#10751,(#10756,#10763),.PCURVE_S1.);
#10751 = CIRCLE('',#10752,16.);
#10752 = AXIS2_PLACEMENT_3D('',#10753,#10754,#10755);
#10753 = CARTESIAN_POINT('',(100.,-3.,63.5));
#10754 = DIRECTION('',(0.,1.,0.));
#10755 = DIRECTION('',(0.,-0.,1.));
#10756 = PCURVE('',#9557,#10757);
#10757 = DEFINITIONAL_REPRESENTATION('',(#10758),#10762);
#10758 = CIRCLE('',#10759,16.);
#10759 = AXIS2_PLACEMENT_2D('',#10760,#10761);
#10760 = CARTESIAN_POINT('',(63.5,341.3));
#10761 = DIRECTION('',(1.,0.));
#10762 = ( GEOMETRIC_REPRESENTATION_CONTEXT(2) 
PARAMETRIC_REPRESENTATION_CONTEXT() REPRESENTATION_CONTEXT('2D SPACE',''
  ) );
#10763 = PCURVE('',#10764,#10769);
#10764 = CYLINDRICAL_SURFACE('',#10765,16.);
#10765 = AXIS2_PLACEMENT_3D('',#10766,#10767,#10768);
#10766 = CARTESIAN_POINT('',(100.,-3.1,63.5));
#10767 = DIRECTION('',(0.,1.,0.));
#10768 = DIRECTION('',(0.,-0.,1.));
#10769 = DEFINITIONAL_REPRESENTATION('',(#10770),#10774);
#10770 = LINE('',#10771,#10772);
#10771 = CARTESIAN_POINT('',(0.,0.1));
#10772 = VECTOR('',#10773,1.);
#10773 = DIRECTION('',(1.,0.));
#10774 = ( GEOMETRIC_REPRESENTATION_CONTEXT(2) 
PARAMETRIC_REPRESENTATION_CONTEXT() REPRESENTATION_CONTEXT('2D SPACE',''
  ) );
#10775 = FACE_BOUND('',#10776,.F.);
#10776 = EDGE_LOOP('',(#10777));
#10777 = ORIENTED_EDGE('',*,*,#10778,.F.);
#10778 = EDGE_CURVE('',#10779,#10779,#10781,.T.);
#10779 = VERTEX_POINT('',#10780);
#10780 = CARTESIAN_POINT('',(140.,-3.,79.5));
#10781 = SURFACE_CURVE('',#10782,(#10787,#10794),.PCURVE_S1.);
#10782 = CIRCLE('',#10783,16.);
#10783 = AXIS2_PLACEMENT_3D('',#10784,#10785,#10786);
#10784 = CARTESIAN_POINT('',(140.,-3.,63.5));
#10785 = DIRECTION('',(0.,1.,0.));
#10786 = DIRECTION('',(0.,-0.,1.));
#10787 = PCURVE('',#9557,#10788);
#10788 = DEFINITIONAL_REPRESENTATION('',(#10789),#10793);
#10789 = CIRCLE('',#10790,16.);
#10790 = AXIS2_PLACEMENT_2D('',#10791,#10792);
#10791 = CARTESIAN_POINT('',(63.5,381.3));
#10792 = DIRECTION('',(1.,0.));
#10793 = ( GEOMETRIC_REPRESENTATION_CONTEXT(2) 
PARAMETRIC_REPRESENTATION_CONTEXT() REPRESENTATION_CONTEXT('2D SPACE',''
  ) );
#10794 = PCURVE('',#10795,#10800);
#10795 = CYLINDRICAL_SURFACE('',#10796,16.);
#10796 = AXIS2_PLACEMENT_3D('',#10797,#10798,#10799);
#10797 = CARTESIAN_POINT('',(140.,-3.1,63.5));
#10798 = DIRECTION('',(0.,1.,0.));
#10799 = DIRECTION('',(0.,-0.,1.));
#10800 = DEFINITIONAL_REPRESENTATION('',(#10801),#10805);
#10801 = LINE('',#10802,#10803);
#10802 = CARTESIAN_POINT('',(0.,0.1));
#10803 = VECTOR('',#10804,1.);
#10804 = DIRECTION('',(1.,0.));
#10805 = ( GEOMETRIC_REPRESENTATION_CONTEXT(2) 
PARAMETRIC_REPRESENTATION_CONTEXT() REPRESENTATION_CONTEXT('2D SPACE',''
  ) );
#10806 = FACE_BOUND('',#10807,.F.);
#10807 = EDGE_LOOP('',(#10808));
#10808 = ORIENTED_EDGE('',*,*,#10809,.F.);
#10809 = EDGE_CURVE('',#10810,#10810,#10812,.T.);
#10810 = VERTEX_POINT('',#10811);
#10811 = CARTESIAN_POINT('',(180.,-3.,79.5));
#10812 = SURFACE_CURVE('',#10813,(#10818,#10825),.PCURVE_S1.);
#10813 = CIRCLE('',#10814,16.);
#10814 = AXIS2_PLACEMENT_3D('',#10815,#10816,#10817);
#10815 = CARTESIAN_POINT('',(180.,-3.,63.5));
#10816 = DIRECTION('',(0.,1.,0.));
#10817 = DIRECTION('',(0.,-0.,1.));
#10818 = PCURVE('',#9557,#10819);
#10819 = DEFINITIONAL_REPRESENTATION('',(#10820),#10824);
#10820 = CIRCLE('',#10821,16.);
#10821 = AXIS2_PLACEMENT_2D('',#10822,#10823);
#10822 = CARTESIAN_POINT('',(63.5,421.3));
#10823 = DIRECTION('',(1.,0.));
#10824 = ( GEOMETRIC_REPRESENTATION_CONTEXT(2) 
PARAMETRIC_REPRESENTATION_CONTEXT() REPRESENTATION_CONTEXT('2D SPACE',''
  ) );
#10825 = PCURVE('',#10826,#10831);
#10826 = CYLINDRICAL_SURFACE('',#10827,16.);
#10827 = AXIS2_PLACEMENT_3D('',#10828,#10829,#10830);
#10828 = CARTESIAN_POINT('',(180.,-3.1,63.5));
#10829 = DIRECTION('',(0.,1.,0.));
#10830 = DIRECTION('',(0.,-0.,1.));
#10831 = DEFINITIONAL_REPRESENTATION('',(#10832),#10836);
#10832 = LINE('',#10833,#10834);
#10833 = CARTESIAN_POINT('',(0.,0.1));
#10834 = VECTOR('',#10835,1.);
#10835 = DIRECTION('',(1.,0.));
#10836 = ( GEOMETRIC_REPRESENTATION_CONTEXT(2) 
PARAMETRIC_REPRESENTATION_CONTEXT() REPRESENTATION_CONTEXT('2D SPACE',''
  ) );
#10837 = FACE_BOUND('',#10838,.F.);
#10838 = EDGE_LOOP('',(#10839));
#10839 = ORIENTED_EDGE('',*,*,#10840,.F.);
#10840 = EDGE_CURVE('',#10841,#10841,#10843,.T.);
#10841 = VERTEX_POINT('',#10842);
#10842 = CARTESIAN_POINT('',(160.,-3.,84.));
#10843 = SURFACE_CURVE('',#10844,(#10849,#10856),.PCURVE_S1.);
#10844 = CIRCLE('',#10845,4.);
#10845 = AXIS2_PLACEMENT_3D('',#10846,#10847,#10848);
#10846 = CARTESIAN_POINT('',(160.,-3.,80.));
#10847 = DIRECTION('',(0.,1.,0.));
#10848 = DIRECTION('',(0.,-0.,1.));
#10849 = PCURVE('',#9557,#10850);
#10850 = DEFINITIONAL_REPRESENTATION('',(#10851),#10855);
#10851 = CIRCLE('',#10852,4.);
#10852 = AXIS2_PLACEMENT_2D('',#10853,#10854);
#10853 = CARTESIAN_POINT('',(80.,401.3));
#10854 = DIRECTION('',(1.,0.));
#10855 = ( GEOMETRIC_REPRESENTATION_CONTEXT(2) 
PARAMETRIC_REPRESENTATION_CONTEXT() REPRESENTATION_CONTEXT('2D SPACE',''
  ) );
#10856 = PCURVE('',#10857,#10862);
#10857 = CONICAL_SURFACE('',#10858,4.,0.785398163397);
#10858 = AXIS2_PLACEMENT_3D('',#10859,#10860,#10861);
#10859 = CARTESIAN_POINT('',(160.,-3.,80.));
#10860 = DIRECTION('',(-0.,-1.,-0.));
#10861 = DIRECTION('',(0.,-0.,1.));
#10862 = DEFINITIONAL_REPRESENTATION('',(#10863),#10867);
#10863 = LINE('',#10864,#10865);
#10864 = CARTESIAN_POINT('',(-0.,-0.));
#10865 = VECTOR('',#10866,1.);
#10866 = DIRECTION('',(-1.,-0.));
#10867 = ( GEOMETRIC_REPRESENTATION_CONTEXT(2) 
PARAMETRIC_REPRESENTATION_CONTEXT() REPRESENTATION_CONTEXT('2D SPACE',''
  ) );
#10868 = FACE_BOUND('',#10869,.F.);
#10869 = EDGE_LOOP('',(#10870,#10898,#10927,#10953));
#10870 = ORIENTED_EDGE('',*,*,#10871,.F.);
#10871 = EDGE_CURVE('',#10872,#10874,#10876,.T.);
#10872 = VERTEX_POINT('',#10873);
#10873 = CARTESIAN_POINT('',(231.05,-3.,85.1));
#10874 = VERTEX_POINT('',#10875);
#10875 = CARTESIAN_POINT('',(234.05,-3.,85.1));
#10876 = SURFACE_CURVE('',#10877,(#10881,#10887),.PCURVE_S1.);
#10877 = LINE('',#10878,#10879);
#10878 = CARTESIAN_POINT('',(-5.125,-3.,85.1));
#10879 = VECTOR('',#10880,1.);
#10880 = DIRECTION('',(1.,-0.,0.));
#10881 = PCURVE('',#9557,#10882);
#10882 = DEFINITIONAL_REPRESENTATION('',(#10883),#10886);
#10883 = B_SPLINE_CURVE_WITH_KNOTS('',1,(#10884,#10885),.UNSPECIFIED.,
  .F.,.F.,(2,2),(236.175,239.175),.PIECEWISE_BEZIER_KNOTS.);
#10884 = CARTESIAN_POINT('',(85.1,472.35));
#10885 = CARTESIAN_POINT('',(85.1,475.35));
#10886 = ( GEOMETRIC_REPRESENTATION_CONTEXT(2) 
PARAMETRIC_REPRESENTATION_CONTEXT() REPRESENTATION_CONTEXT('2D SPACE',''
  ) );
#10887 = PCURVE('',#10888,#10893);
#10888 = PLANE('',#10889);
#10889 = AXIS2_PLACEMENT_3D('',#10890,#10891,#10892);
#10890 = CARTESIAN_POINT('',(231.05,0.1,85.1));
#10891 = DIRECTION('',(-0.,0.,1.));
#10892 = DIRECTION('',(1.,0.,0.));
#10893 = DEFINITIONAL_REPRESENTATION('',(#10894),#10897);
#10894 = B_SPLINE_CURVE_WITH_KNOTS('',1,(#10895,#10896),.UNSPECIFIED.,
  .F.,.F.,(2,2),(236.175,239.175),.PIECEWISE_BEZIER_KNOTS.);
#10895 = CARTESIAN_POINT('',(0.,-3.1));
#10896 = CARTESIAN_POINT('',(3.,-3.1));
#10897 = ( GEOMETRIC_REPRESENTATION_CONTEXT(2) 
PARAMETRIC_REPRESENTATION_CONTEXT() REPRESENTATION_CONTEXT('2D SPACE',''
  ) );
#10898 = ORIENTED_EDGE('',*,*,#10899,.F.);
#10899 = EDGE_CURVE('',#10900,#10872,#10902,.T.);
#10900 = VERTEX_POINT('',#10901);
#10901 = CARTESIAN_POINT('',(231.05,-3.,78.1));
#10902 = SURFACE_CURVE('',#10903,(#10908,#10915),.PCURVE_S1.);
#10903 = CIRCLE('',#10904,3.5);
#10904 = AXIS2_PLACEMENT_3D('',#10905,#10906,#10907);
#10905 = CARTESIAN_POINT('',(231.05,-3.,81.6));
#10906 = DIRECTION('',(0.,1.,0.));
#10907 = DIRECTION('',(-6.344131569287E-17,0.,-1.));
#10908 = PCURVE('',#9557,#10909);
#10909 = DEFINITIONAL_REPRESENTATION('',(#10910),#10914);
#10910 = CIRCLE('',#10911,3.5);
#10911 = AXIS2_PLACEMENT_2D('',#10912,#10913);
#10912 = CARTESIAN_POINT('',(81.6,472.35));
#10913 = DIRECTION('',(-1.,-6.344131569287E-17));
#10914 = ( GEOMETRIC_REPRESENTATION_CONTEXT(2) 
PARAMETRIC_REPRESENTATION_CONTEXT() REPRESENTATION_CONTEXT('2D SPACE',''
  ) );
#10915 = PCURVE('',#10916,#10921);
#10916 = CYLINDRICAL_SURFACE('',#10917,3.5);
#10917 = AXIS2_PLACEMENT_3D('',#10918,#10919,#10920);
#10918 = CARTESIAN_POINT('',(231.05,0.1,81.6));
#10919 = DIRECTION('',(0.,1.,0.));
#10920 = DIRECTION('',(-6.344131569287E-17,0.,-1.));
#10921 = DEFINITIONAL_REPRESENTATION('',(#10922),#10926);
#10922 = LINE('',#10923,#10924);
#10923 = CARTESIAN_POINT('',(0.,-3.1));
#10924 = VECTOR('',#10925,1.);
#10925 = DIRECTION('',(1.,0.));
#10926 = ( GEOMETRIC_REPRESENTATION_CONTEXT(2) 
PARAMETRIC_REPRESENTATION_CONTEXT() REPRESENTATION_CONTEXT('2D SPACE',''
  ) );
#10927 = ORIENTED_EDGE('',*,*,#10928,.F.);
#10928 = EDGE_CURVE('',#10929,#10900,#10931,.T.);
#10929 = VERTEX_POINT('',#10930);
#10930 = CARTESIAN_POINT('',(234.05,-3.,78.1));
#10931 = SURFACE_CURVE('',#10932,(#10936,#10942),.PCURVE_S1.);
#10932 = LINE('',#10933,#10934);
#10933 = CARTESIAN_POINT('',(-3.625,-3.,78.1));
#10934 = VECTOR('',#10935,1.);
#10935 = DIRECTION('',(-1.,0.,0.));
#10936 = PCURVE('',#9557,#10937);
#10937 = DEFINITIONAL_REPRESENTATION('',(#10938),#10941);
#10938 = B_SPLINE_CURVE_WITH_KNOTS('',1,(#10939,#10940),.UNSPECIFIED.,
  .F.,.F.,(2,2),(-237.675,-234.675),.PIECEWISE_BEZIER_KNOTS.);
#10939 = CARTESIAN_POINT('',(78.1,475.35));
#10940 = CARTESIAN_POINT('',(78.1,472.35));
#10941 = ( GEOMETRIC_REPRESENTATION_CONTEXT(2) 
PARAMETRIC_REPRESENTATION_CONTEXT() REPRESENTATION_CONTEXT('2D SPACE',''
  ) );
#10942 = PCURVE('',#10943,#10948);
#10943 = PLANE('',#10944);
#10944 = AXIS2_PLACEMENT_3D('',#10945,#10946,#10947);
#10945 = CARTESIAN_POINT('',(234.05,0.1,78.1));
#10946 = DIRECTION('',(-0.,-0.,-1.));
#10947 = DIRECTION('',(-1.,0.,0.));
#10948 = DEFINITIONAL_REPRESENTATION('',(#10949),#10952);
#10949 = B_SPLINE_CURVE_WITH_KNOTS('',1,(#10950,#10951),.UNSPECIFIED.,
  .F.,.F.,(2,2),(-237.675,-234.675),.PIECEWISE_BEZIER_KNOTS.);
#10950 = CARTESIAN_POINT('',(0.,-3.1));
#10951 = CARTESIAN_POINT('',(3.,-3.1));
#10952 = ( GEOMETRIC_REPRESENTATION_CONTEXT(2) 
PARAMETRIC_REPRESENTATION_CONTEXT() REPRESENTATION_CONTEXT('2D SPACE',''
  ) );
#10953 = ORIENTED_EDGE('',*,*,#10954,.F.);
#10954 = EDGE_CURVE('',#10874,#10929,#10955,.T.);
#10955 = SURFACE_CURVE('',#10956,(#10961,#10968),.PCURVE_S1.);
#10956 = CIRCLE('',#10957,3.5);
#10957 = AXIS2_PLACEMENT_3D('',#10958,#10959,#10960);
#10958 = CARTESIAN_POINT('',(234.05,-3.,81.6));
#10959 = DIRECTION('',(-0.,1.,0.));
#10960 = DIRECTION('',(6.344131569287E-17,0.,1.));
#10961 = PCURVE('',#9557,#10962);
#10962 = DEFINITIONAL_REPRESENTATION('',(#10963),#10967);
#10963 = CIRCLE('',#10964,3.5);
#10964 = AXIS2_PLACEMENT_2D('',#10965,#10966);
#10965 = CARTESIAN_POINT('',(81.6,475.35));
#10966 = DIRECTION('',(1.,6.344131569287E-17));
#10967 = ( GEOMETRIC_REPRESENTATION_CONTEXT(2) 
PARAMETRIC_REPRESENTATION_CONTEXT() REPRESENTATION_CONTEXT('2D SPACE',''
  ) );
#10968 = PCURVE('',#10969,#10974);
#10969 = CYLINDRICAL_SURFACE('',#10970,3.5);
#10970 = AXIS2_PLACEMENT_3D('',#10971,#10972,#10973);
#10971 = CARTESIAN_POINT('',(234.05,0.1,81.6));
#10972 = DIRECTION('',(-0.,1.,0.));
#10973 = DIRECTION('',(6.344131569287E-17,0.,1.));
#10974 = DEFINITIONAL_REPRESENTATION('',(#10975),#10979);
#10975 = LINE('',#10976,#10977);
#10976 = CARTESIAN_POINT('',(0.,-3.1));
#10977 = VECTOR('',#10978,1.);
#10978 = DIRECTION('',(1.,0.));
#10979 = ( GEOMETRIC_REPRESENTATION_CONTEXT(2) 
PARAMETRIC_REPRESENTATION_CONTEXT() REPRESENTATION_CONTEXT('2D SPACE',''
  ) );
#10980 = ADVANCED_FACE('',(#10981),#9639,.T.);
#10981 = FACE_BOUND('',#10982,.T.);
#10982 = EDGE_LOOP('',(#10983,#10984,#10985,#11008));
#10983 = ORIENTED_EDGE('',*,*,#9625,.F.);
#10984 = ORIENTED_EDGE('',*,*,#9678,.T.);
#10985 = ORIENTED_EDGE('',*,*,#10986,.T.);
#10986 = EDGE_CURVE('',#9679,#10987,#10989,.T.);
#10987 = VERTEX_POINT('',#10988);
#10988 = CARTESIAN_POINT('',(241.3,0.,87.));
#10989 = SURFACE_CURVE('',#10990,(#10994,#11001),.PCURVE_S1.);
#10990 = LINE('',#10991,#10992);
#10991 = CARTESIAN_POINT('',(241.3,-3.,87.));
#10992 = VECTOR('',#10993,1.);
#10993 = DIRECTION('',(0.,1.,0.));
#10994 = PCURVE('',#9639,#10995);
#10995 = DEFINITIONAL_REPRESENTATION('',(#10996),#11000);
#10996 = LINE('',#10997,#10998);
#10997 = CARTESIAN_POINT('',(482.6,0.));
#10998 = VECTOR('',#10999,1.);
#10999 = DIRECTION('',(0.,1.));
#11000 = ( GEOMETRIC_REPRESENTATION_CONTEXT(2) 
PARAMETRIC_REPRESENTATION_CONTEXT() REPRESENTATION_CONTEXT('2D SPACE',''
  ) );
#11001 = PCURVE('',#9715,#11002);
#11002 = DEFINITIONAL_REPRESENTATION('',(#11003),#11007);
#11003 = LINE('',#11004,#11005);
#11004 = CARTESIAN_POINT('',(87.,0.));
#11005 = VECTOR('',#11006,1.);
#11006 = DIRECTION('',(0.,-1.));
#11007 = ( GEOMETRIC_REPRESENTATION_CONTEXT(2) 
PARAMETRIC_REPRESENTATION_CONTEXT() REPRESENTATION_CONTEXT('2D SPACE',''
  ) );
#11008 = ORIENTED_EDGE('',*,*,#11009,.F.);
#11009 = EDGE_CURVE('',#9598,#10987,#11010,.T.);
#11010 = SURFACE_CURVE('',#11011,(#11015,#11022),.PCURVE_S1.);
#11011 = LINE('',#11012,#11013);
#11012 = CARTESIAN_POINT('',(-241.3,0.,87.));
#11013 = VECTOR('',#11014,1.);
#11014 = DIRECTION('',(1.,0.,0.));
#11015 = PCURVE('',#9639,#11016);
#11016 = DEFINITIONAL_REPRESENTATION('',(#11017),#11021);
#11017 = LINE('',#11018,#11019);
#11018 = CARTESIAN_POINT('',(0.,3.));
#11019 = VECTOR('',#11020,1.);
#11020 = DIRECTION('',(1.,0.));
#11021 = ( GEOMETRIC_REPRESENTATION_CONTEXT(2) 
PARAMETRIC_REPRESENTATION_CONTEXT() REPRESENTATION_CONTEXT('2D SPACE',''
  ) );
#11022 = PCURVE('',#9613,#11023);
#11023 = DEFINITIONAL_REPRESENTATION('',(#11024),#11028);
#11024 = LINE('',#11025,#11026);
#11025 = CARTESIAN_POINT('',(87.,0.));
#11026 = VECTOR('',#11027,1.);
#11027 = DIRECTION('',(0.,1.));
#11028 = ( GEOMETRIC_REPRESENTATION_CONTEXT(2) 
PARAMETRIC_REPRESENTATION_CONTEXT() REPRESENTATION_CONTEXT('2D SPACE',''
  ) );
#11029 = ADVANCED_FACE('',(#11030,#11078,#11170,#11201,#11227,#11253,
    #11284,#11310,#11336,#11362,#11388,#11414,#11506,#11537,#11563,
    #11589,#11615,#11646,#11672,#11698,#11724,#11755,#11847,#11873,
    #11899,#11925,#11951,#11977,#12003,#12029,#12060),#9613,.T.);
#11030 = FACE_BOUND('',#11031,.T.);
#11031 = EDGE_LOOP('',(#11032,#11055,#11056,#11057));
#11032 = ORIENTED_EDGE('',*,*,#11033,.F.);
#11033 = EDGE_CURVE('',#9570,#11034,#11036,.T.);
#11034 = VERTEX_POINT('',#11035);
#11035 = CARTESIAN_POINT('',(241.3,0.,0.));
#11036 = SURFACE_CURVE('',#11037,(#11041,#11048),.PCURVE_S1.);
#11037 = LINE('',#11038,#11039);
#11038 = CARTESIAN_POINT('',(-241.3,0.,0.));
#11039 = VECTOR('',#11040,1.);
#11040 = DIRECTION('',(1.,0.,0.));
#11041 = PCURVE('',#9613,#11042);
#11042 = DEFINITIONAL_REPRESENTATION('',(#11043),#11047);
#11043 = LINE('',#11044,#11045);
#11044 = CARTESIAN_POINT('',(0.,0.));
#11045 = VECTOR('',#11046,1.);
#11046 = DIRECTION('',(0.,1.));
#11047 = ( GEOMETRIC_REPRESENTATION_CONTEXT(2) 
PARAMETRIC_REPRESENTATION_CONTEXT() REPRESENTATION_CONTEXT('2D SPACE',''
  ) );
#11048 = PCURVE('',#9585,#11049);
#11049 = DEFINITIONAL_REPRESENTATION('',(#11050),#11054);
#11050 = LINE('',#11051,#11052);
#11051 = CARTESIAN_POINT('',(0.,3.));
#11052 = VECTOR('',#11053,1.);
#11053 = DIRECTION('',(1.,0.));
#11054 = ( GEOMETRIC_REPRESENTATION_CONTEXT(2) 
PARAMETRIC_REPRESENTATION_CONTEXT() REPRESENTATION_CONTEXT('2D SPACE',''
  ) );
#11055 = ORIENTED_EDGE('',*,*,#9597,.T.);
#11056 = ORIENTED_EDGE('',*,*,#11009,.T.);
#11057 = ORIENTED_EDGE('',*,*,#11058,.F.);
#11058 = EDGE_CURVE('',#11034,#10987,#11059,.T.);
#11059 = SURFACE_CURVE('',#11060,(#11064,#11071),.PCURVE_S1.);
#11060 = LINE('',#11061,#11062);
#11061 = CARTESIAN_POINT('',(241.3,0.,0.));
#11062 = VECTOR('',#11063,1.);
#11063 = DIRECTION('',(0.,0.,1.));
#11064 = PCURVE('',#9613,#11065);
#11065 = DEFINITIONAL_REPRESENTATION('',(#11066),#11070);
#11066 = LINE('',#11067,#11068);
#11067 = CARTESIAN_POINT('',(0.,482.6));
#11068 = VECTOR('',#11069,1.);
#11069 = DIRECTION('',(1.,0.));
#11070 = ( GEOMETRIC_REPRESENTATION_CONTEXT(2) 
PARAMETRIC_REPRESENTATION_CONTEXT() REPRESENTATION_CONTEXT('2D SPACE',''
  ) );
#11071 = PCURVE('',#9715,#11072);
#11072 = DEFINITIONAL_REPRESENTATION('',(#11073),#11077);
#11073 = LINE('',#11074,#11075);
#11074 = CARTESIAN_POINT('',(0.,-3.));
#11075 = VECTOR('',#11076,1.);
#11076 = DIRECTION('',(1.,0.));
#11077 = ( GEOMETRIC_REPRESENTATION_CONTEXT(2) 
PARAMETRIC_REPRESENTATION_CONTEXT() REPRESENTATION_CONTEXT('2D SPACE',''
  ) );
#11078 = FACE_BOUND('',#11079,.T.);
#11079 = EDGE_LOOP('',(#11080,#11103,#11127,#11148));
#11080 = ORIENTED_EDGE('',*,*,#11081,.F.);
#11081 = EDGE_CURVE('',#11082,#11084,#11086,.T.);
#11082 = VERTEX_POINT('',#11083);
#11083 = CARTESIAN_POINT('',(-234.05,0.,8.9));
#11084 = VERTEX_POINT('',#11085);
#11085 = CARTESIAN_POINT('',(-231.05,0.,8.9));
#11086 = SURFACE_CURVE('',#11087,(#11091,#11097),.PCURVE_S1.);
#11087 = LINE('',#11088,#11089);
#11088 = CARTESIAN_POINT('',(-237.675,0.,8.9));
#11089 = VECTOR('',#11090,1.);
#11090 = DIRECTION('',(1.,-0.,0.));
#11091 = PCURVE('',#9613,#11092);
#11092 = DEFINITIONAL_REPRESENTATION('',(#11093),#11096);
#11093 = B_SPLINE_CURVE_WITH_KNOTS('',1,(#11094,#11095),.UNSPECIFIED.,
  .F.,.F.,(2,2),(3.625,6.625),.PIECEWISE_BEZIER_KNOTS.);
#11094 = CARTESIAN_POINT('',(8.9,7.25));
#11095 = CARTESIAN_POINT('',(8.9,10.25));
#11096 = ( GEOMETRIC_REPRESENTATION_CONTEXT(2) 
PARAMETRIC_REPRESENTATION_CONTEXT() REPRESENTATION_CONTEXT('2D SPACE',''
  ) );
#11097 = PCURVE('',#9746,#11098);
#11098 = DEFINITIONAL_REPRESENTATION('',(#11099),#11102);
#11099 = B_SPLINE_CURVE_WITH_KNOTS('',1,(#11100,#11101),.UNSPECIFIED.,
  .F.,.F.,(2,2),(3.625,6.625),.PIECEWISE_BEZIER_KNOTS.);
#11100 = CARTESIAN_POINT('',(0.,-0.1));
#11101 = CARTESIAN_POINT('',(3.,-0.1));
#11102 = ( GEOMETRIC_REPRESENTATION_CONTEXT(2) 
PARAMETRIC_REPRESENTATION_CONTEXT() REPRESENTATION_CONTEXT('2D SPACE',''
  ) );
#11103 = ORIENTED_EDGE('',*,*,#11104,.F.);
#11104 = EDGE_CURVE('',#11105,#11082,#11107,.T.);
#11105 = VERTEX_POINT('',#11106);
#11106 = CARTESIAN_POINT('',(-234.05,0.,1.9));
#11107 = SURFACE_CURVE('',#11108,(#11113,#11120),.PCURVE_S1.);
#11108 = CIRCLE('',#11109,3.5);
#11109 = AXIS2_PLACEMENT_3D('',#11110,#11111,#11112);
#11110 = CARTESIAN_POINT('',(-234.05,0.,5.4));
#11111 = DIRECTION('',(0.,1.,0.));
#11112 = DIRECTION('',(-6.344131569287E-17,0.,-1.));
#11113 = PCURVE('',#9613,#11114);
#11114 = DEFINITIONAL_REPRESENTATION('',(#11115),#11119);
#11115 = CIRCLE('',#11116,3.5);
#11116 = AXIS2_PLACEMENT_2D('',#11117,#11118);
#11117 = CARTESIAN_POINT('',(5.4,7.25));
#11118 = DIRECTION('',(-1.,-6.344131569287E-17));
#11119 = ( GEOMETRIC_REPRESENTATION_CONTEXT(2) 
PARAMETRIC_REPRESENTATION_CONTEXT() REPRESENTATION_CONTEXT('2D SPACE',''
  ) );
#11120 = PCURVE('',#9774,#11121);
#11121 = DEFINITIONAL_REPRESENTATION('',(#11122),#11126);
#11122 = LINE('',#11123,#11124);
#11123 = CARTESIAN_POINT('',(0.,-0.1));
#11124 = VECTOR('',#11125,1.);
#11125 = DIRECTION('',(1.,0.));
#11126 = ( GEOMETRIC_REPRESENTATION_CONTEXT(2) 
PARAMETRIC_REPRESENTATION_CONTEXT() REPRESENTATION_CONTEXT('2D SPACE',''
  ) );
#11127 = ORIENTED_EDGE('',*,*,#11128,.F.);
#11128 = EDGE_CURVE('',#11129,#11105,#11131,.T.);
#11129 = VERTEX_POINT('',#11130);
#11130 = CARTESIAN_POINT('',(-231.05,0.,1.9));
#11131 = SURFACE_CURVE('',#11132,(#11136,#11142),.PCURVE_S1.);
#11132 = LINE('',#11133,#11134);
#11133 = CARTESIAN_POINT('',(-236.175,0.,1.9));
#11134 = VECTOR('',#11135,1.);
#11135 = DIRECTION('',(-1.,0.,0.));
#11136 = PCURVE('',#9613,#11137);
#11137 = DEFINITIONAL_REPRESENTATION('',(#11138),#11141);
#11138 = B_SPLINE_CURVE_WITH_KNOTS('',1,(#11139,#11140),.UNSPECIFIED.,
  .F.,.F.,(2,2),(-5.125,-2.125),.PIECEWISE_BEZIER_KNOTS.);
#11139 = CARTESIAN_POINT('',(1.9,10.25));
#11140 = CARTESIAN_POINT('',(1.9,7.25));
#11141 = ( GEOMETRIC_REPRESENTATION_CONTEXT(2) 
PARAMETRIC_REPRESENTATION_CONTEXT() REPRESENTATION_CONTEXT('2D SPACE',''
  ) );
#11142 = PCURVE('',#9801,#11143);
#11143 = DEFINITIONAL_REPRESENTATION('',(#11144),#11147);
#11144 = B_SPLINE_CURVE_WITH_KNOTS('',1,(#11145,#11146),.UNSPECIFIED.,
  .F.,.F.,(2,2),(-5.125,-2.125),.PIECEWISE_BEZIER_KNOTS.);
#11145 = CARTESIAN_POINT('',(0.,-0.1));
#11146 = CARTESIAN_POINT('',(3.,-0.1));
#11147 = ( GEOMETRIC_REPRESENTATION_CONTEXT(2) 
PARAMETRIC_REPRESENTATION_CONTEXT() REPRESENTATION_CONTEXT('2D SPACE',''
  ) );
#11148 = ORIENTED_EDGE('',*,*,#11149,.F.);
#11149 = EDGE_CURVE('',#11084,#11129,#11150,.T.);
#11150 = SURFACE_CURVE('',#11151,(#11156,#11163),.PCURVE_S1.);
#11151 = CIRCLE('',#11152,3.5);
#11152 = AXIS2_PLACEMENT_3D('',#11153,#11154,#11155);
#11153 = CARTESIAN_POINT('',(-231.05,0.,5.4));
#11154 = DIRECTION('',(-0.,1.,0.));
#11155 = DIRECTION('',(6.344131569287E-17,0.,1.));
#11156 = PCURVE('',#9613,#11157);
#11157 = DEFINITIONAL_REPRESENTATION('',(#11158),#11162);
#11158 = CIRCLE('',#11159,3.5);
#11159 = AXIS2_PLACEMENT_2D('',#11160,#11161);
#11160 = CARTESIAN_POINT('',(5.4,10.25));
#11161 = DIRECTION('',(1.,6.344131569287E-17));
#11162 = ( GEOMETRIC_REPRESENTATION_CONTEXT(2) 
PARAMETRIC_REPRESENTATION_CONTEXT() REPRESENTATION_CONTEXT('2D SPACE',''
  ) );
#11163 = PCURVE('',#9827,#11164);
#11164 = DEFINITIONAL_REPRESENTATION('',(#11165),#11169);
#11165 = LINE('',#11166,#11167);
#11166 = CARTESIAN_POINT('',(0.,-0.1));
#11167 = VECTOR('',#11168,1.);
#11168 = DIRECTION('',(1.,0.));
#11169 = ( GEOMETRIC_REPRESENTATION_CONTEXT(2) 
PARAMETRIC_REPRESENTATION_CONTEXT() REPRESENTATION_CONTEXT('2D SPACE',''
  ) );
#11170 = FACE_BOUND('',#11171,.T.);
#11171 = EDGE_LOOP('',(#11172));
#11172 = ORIENTED_EDGE('',*,*,#11173,.F.);
#11173 = EDGE_CURVE('',#11174,#11174,#11176,.T.);
#11174 = VERTEX_POINT('',#11175);
#11175 = CARTESIAN_POINT('',(-160.,0.,9.25));
#11176 = SURFACE_CURVE('',#11177,(#11182,#11189),.PCURVE_S1.);
#11177 = CIRCLE('',#11178,2.25);
#11178 = AXIS2_PLACEMENT_3D('',#11179,#11180,#11181);
#11179 = CARTESIAN_POINT('',(-160.,0.,7.));
#11180 = DIRECTION('',(0.,1.,0.));
#11181 = DIRECTION('',(0.,-0.,1.));
#11182 = PCURVE('',#9613,#11183);
#11183 = DEFINITIONAL_REPRESENTATION('',(#11184),#11188);
#11184 = CIRCLE('',#11185,2.25);
#11185 = AXIS2_PLACEMENT_2D('',#11186,#11187);
#11186 = CARTESIAN_POINT('',(7.,81.3));
#11187 = DIRECTION('',(1.,0.));
#11188 = ( GEOMETRIC_REPRESENTATION_CONTEXT(2) 
PARAMETRIC_REPRESENTATION_CONTEXT() REPRESENTATION_CONTEXT('2D SPACE',''
  ) );
#11189 = PCURVE('',#11190,#11195);
#11190 = CYLINDRICAL_SURFACE('',#11191,2.25);
#11191 = AXIS2_PLACEMENT_3D('',#11192,#11193,#11194);
#11192 = CARTESIAN_POINT('',(-160.,-3.,7.));
#11193 = DIRECTION('',(0.,1.,0.));
#11194 = DIRECTION('',(0.,-0.,1.));
#11195 = DEFINITIONAL_REPRESENTATION('',(#11196),#11200);
#11196 = LINE('',#11197,#11198);
#11197 = CARTESIAN_POINT('',(0.,3.));
#11198 = VECTOR('',#11199,1.);
#11199 = DIRECTION('',(1.,0.));
#11200 = ( GEOMETRIC_REPRESENTATION_CONTEXT(2) 
PARAMETRIC_REPRESENTATION_CONTEXT() REPRESENTATION_CONTEXT('2D SPACE',''
  ) );
#11201 = FACE_BOUND('',#11202,.T.);
#11202 = EDGE_LOOP('',(#11203));
#11203 = ORIENTED_EDGE('',*,*,#11204,.F.);
#11204 = EDGE_CURVE('',#11205,#11205,#11207,.T.);
#11205 = VERTEX_POINT('',#11206);
#11206 = CARTESIAN_POINT('',(-180.,0.,39.5));
#11207 = SURFACE_CURVE('',#11208,(#11213,#11220),.PCURVE_S1.);
#11208 = CIRCLE('',#11209,16.);
#11209 = AXIS2_PLACEMENT_3D('',#11210,#11211,#11212);
#11210 = CARTESIAN_POINT('',(-180.,0.,23.5));
#11211 = DIRECTION('',(0.,1.,0.));
#11212 = DIRECTION('',(0.,-0.,1.));
#11213 = PCURVE('',#9613,#11214);
#11214 = DEFINITIONAL_REPRESENTATION('',(#11215),#11219);
#11215 = CIRCLE('',#11216,16.);
#11216 = AXIS2_PLACEMENT_2D('',#11217,#11218);
#11217 = CARTESIAN_POINT('',(23.5,61.3));
#11218 = DIRECTION('',(1.,0.));
#11219 = ( GEOMETRIC_REPRESENTATION_CONTEXT(2) 
PARAMETRIC_REPRESENTATION_CONTEXT() REPRESENTATION_CONTEXT('2D SPACE',''
  ) );
#11220 = PCURVE('',#9889,#11221);
#11221 = DEFINITIONAL_REPRESENTATION('',(#11222),#11226);
#11222 = LINE('',#11223,#11224);
#11223 = CARTESIAN_POINT('',(0.,3.1));
#11224 = VECTOR('',#11225,1.);
#11225 = DIRECTION('',(1.,0.));
#11226 = ( GEOMETRIC_REPRESENTATION_CONTEXT(2) 
PARAMETRIC_REPRESENTATION_CONTEXT() REPRESENTATION_CONTEXT('2D SPACE',''
  ) );
#11227 = FACE_BOUND('',#11228,.T.);
#11228 = EDGE_LOOP('',(#11229));
#11229 = ORIENTED_EDGE('',*,*,#11230,.F.);
#11230 = EDGE_CURVE('',#11231,#11231,#11233,.T.);
#11231 = VERTEX_POINT('',#11232);
#11232 = CARTESIAN_POINT('',(-140.,0.,39.5));
#11233 = SURFACE_CURVE('',#11234,(#11239,#11246),.PCURVE_S1.);
#11234 = CIRCLE('',#11235,16.);
#11235 = AXIS2_PLACEMENT_3D('',#11236,#11237,#11238);
#11236 = CARTESIAN_POINT('',(-140.,0.,23.5));
#11237 = DIRECTION('',(0.,1.,0.));
#11238 = DIRECTION('',(0.,-0.,1.));
#11239 = PCURVE('',#9613,#11240);
#11240 = DEFINITIONAL_REPRESENTATION('',(#11241),#11245);
#11241 = CIRCLE('',#11242,16.);
#11242 = AXIS2_PLACEMENT_2D('',#11243,#11244);
#11243 = CARTESIAN_POINT('',(23.5,101.3));
#11244 = DIRECTION('',(1.,0.));
#11245 = ( GEOMETRIC_REPRESENTATION_CONTEXT(2) 
PARAMETRIC_REPRESENTATION_CONTEXT() REPRESENTATION_CONTEXT('2D SPACE',''
  ) );
#11246 = PCURVE('',#9920,#11247);
#11247 = DEFINITIONAL_REPRESENTATION('',(#11248),#11252);
#11248 = LINE('',#11249,#11250);
#11249 = CARTESIAN_POINT('',(0.,3.1));
#11250 = VECTOR('',#11251,1.);
#11251 = DIRECTION('',(1.,0.));
#11252 = ( GEOMETRIC_REPRESENTATION_CONTEXT(2) 
PARAMETRIC_REPRESENTATION_CONTEXT() REPRESENTATION_CONTEXT('2D SPACE',''
  ) );
#11253 = FACE_BOUND('',#11254,.T.);
#11254 = EDGE_LOOP('',(#11255));
#11255 = ORIENTED_EDGE('',*,*,#11256,.F.);
#11256 = EDGE_CURVE('',#11257,#11257,#11259,.T.);
#11257 = VERTEX_POINT('',#11258);
#11258 = CARTESIAN_POINT('',(-5.510910596163E-16,0.,9.25));
#11259 = SURFACE_CURVE('',#11260,(#11265,#11272),.PCURVE_S1.);
#11260 = CIRCLE('',#11261,2.25);
#11261 = AXIS2_PLACEMENT_3D('',#11262,#11263,#11264);
#11262 = CARTESIAN_POINT('',(0.,0.,7.));
#11263 = DIRECTION('',(0.,1.,0.));
#11264 = DIRECTION('',(0.,-0.,1.));
#11265 = PCURVE('',#9613,#11266);
#11266 = DEFINITIONAL_REPRESENTATION('',(#11267),#11271);
#11267 = CIRCLE('',#11268,2.25);
#11268 = AXIS2_PLACEMENT_2D('',#11269,#11270);
#11269 = CARTESIAN_POINT('',(7.,241.3));
#11270 = DIRECTION('',(1.,0.));
#11271 = ( GEOMETRIC_REPRESENTATION_CONTEXT(2) 
PARAMETRIC_REPRESENTATION_CONTEXT() REPRESENTATION_CONTEXT('2D SPACE',''
  ) );
#11272 = PCURVE('',#11273,#11278);
#11273 = CYLINDRICAL_SURFACE('',#11274,2.25);
#11274 = AXIS2_PLACEMENT_3D('',#11275,#11276,#11277);
#11275 = CARTESIAN_POINT('',(0.,-3.,7.));
#11276 = DIRECTION('',(0.,1.,0.));
#11277 = DIRECTION('',(0.,-0.,1.));
#11278 = DEFINITIONAL_REPRESENTATION('',(#11279),#11283);
#11279 = LINE('',#11280,#11281);
#11280 = CARTESIAN_POINT('',(0.,3.));
#11281 = VECTOR('',#11282,1.);
#11282 = DIRECTION('',(1.,0.));
#11283 = ( GEOMETRIC_REPRESENTATION_CONTEXT(2) 
PARAMETRIC_REPRESENTATION_CONTEXT() REPRESENTATION_CONTEXT('2D SPACE',''
  ) );
#11284 = FACE_BOUND('',#11285,.T.);
#11285 = EDGE_LOOP('',(#11286));
#11286 = ORIENTED_EDGE('',*,*,#11287,.F.);
#11287 = EDGE_CURVE('',#11288,#11288,#11290,.T.);
#11288 = VERTEX_POINT('',#11289);
#11289 = CARTESIAN_POINT('',(-100.,0.,39.5));
#11290 = SURFACE_CURVE('',#11291,(#11296,#11303),.PCURVE_S1.);
#11291 = CIRCLE('',#11292,16.);
#11292 = AXIS2_PLACEMENT_3D('',#11293,#11294,#11295);
#11293 = CARTESIAN_POINT('',(-100.,0.,23.5));
#11294 = DIRECTION('',(0.,1.,0.));
#11295 = DIRECTION('',(0.,-0.,1.));
#11296 = PCURVE('',#9613,#11297);
#11297 = DEFINITIONAL_REPRESENTATION('',(#11298),#11302);
#11298 = CIRCLE('',#11299,16.);
#11299 = AXIS2_PLACEMENT_2D('',#11300,#11301);
#11300 = CARTESIAN_POINT('',(23.5,141.3));
#11301 = DIRECTION('',(1.,0.));
#11302 = ( GEOMETRIC_REPRESENTATION_CONTEXT(2) 
PARAMETRIC_REPRESENTATION_CONTEXT() REPRESENTATION_CONTEXT('2D SPACE',''
  ) );
#11303 = PCURVE('',#9982,#11304);
#11304 = DEFINITIONAL_REPRESENTATION('',(#11305),#11309);
#11305 = LINE('',#11306,#11307);
#11306 = CARTESIAN_POINT('',(0.,3.1));
#11307 = VECTOR('',#11308,1.);
#11308 = DIRECTION('',(1.,0.));
#11309 = ( GEOMETRIC_REPRESENTATION_CONTEXT(2) 
PARAMETRIC_REPRESENTATION_CONTEXT() REPRESENTATION_CONTEXT('2D SPACE',''
  ) );
#11310 = FACE_BOUND('',#11311,.T.);
#11311 = EDGE_LOOP('',(#11312));
#11312 = ORIENTED_EDGE('',*,*,#11313,.F.);
#11313 = EDGE_CURVE('',#11314,#11314,#11316,.T.);
#11314 = VERTEX_POINT('',#11315);
#11315 = CARTESIAN_POINT('',(-60.,0.,39.5));
#11316 = SURFACE_CURVE('',#11317,(#11322,#11329),.PCURVE_S1.);
#11317 = CIRCLE('',#11318,16.);
#11318 = AXIS2_PLACEMENT_3D('',#11319,#11320,#11321);
#11319 = CARTESIAN_POINT('',(-60.,0.,23.5));
#11320 = DIRECTION('',(0.,1.,0.));
#11321 = DIRECTION('',(0.,-0.,1.));
#11322 = PCURVE('',#9613,#11323);
#11323 = DEFINITIONAL_REPRESENTATION('',(#11324),#11328);
#11324 = CIRCLE('',#11325,16.);
#11325 = AXIS2_PLACEMENT_2D('',#11326,#11327);
#11326 = CARTESIAN_POINT('',(23.5,181.3));
#11327 = DIRECTION('',(1.,0.));
#11328 = ( GEOMETRIC_REPRESENTATION_CONTEXT(2) 
PARAMETRIC_REPRESENTATION_CONTEXT() REPRESENTATION_CONTEXT('2D SPACE',''
  ) );
#11329 = PCURVE('',#10013,#11330);
#11330 = DEFINITIONAL_REPRESENTATION('',(#11331),#11335);
#11331 = LINE('',#11332,#11333);
#11332 = CARTESIAN_POINT('',(0.,3.1));
#11333 = VECTOR('',#11334,1.);
#11334 = DIRECTION('',(1.,0.));
#11335 = ( GEOMETRIC_REPRESENTATION_CONTEXT(2) 
PARAMETRIC_REPRESENTATION_CONTEXT() REPRESENTATION_CONTEXT('2D SPACE',''
  ) );
#11336 = FACE_BOUND('',#11337,.T.);
#11337 = EDGE_LOOP('',(#11338));
#11338 = ORIENTED_EDGE('',*,*,#11339,.F.);
#11339 = EDGE_CURVE('',#11340,#11340,#11342,.T.);
#11340 = VERTEX_POINT('',#11341);
#11341 = CARTESIAN_POINT('',(-20.,0.,39.5));
#11342 = SURFACE_CURVE('',#11343,(#11348,#11355),.PCURVE_S1.);
#11343 = CIRCLE('',#11344,16.);
#11344 = AXIS2_PLACEMENT_3D('',#11345,#11346,#11347);
#11345 = CARTESIAN_POINT('',(-20.,0.,23.5));
#11346 = DIRECTION('',(0.,1.,0.));
#11347 = DIRECTION('',(0.,-0.,1.));
#11348 = PCURVE('',#9613,#11349);
#11349 = DEFINITIONAL_REPRESENTATION('',(#11350),#11354);
#11350 = CIRCLE('',#11351,16.);
#11351 = AXIS2_PLACEMENT_2D('',#11352,#11353);
#11352 = CARTESIAN_POINT('',(23.5,221.3));
#11353 = DIRECTION('',(1.,0.));
#11354 = ( GEOMETRIC_REPRESENTATION_CONTEXT(2) 
PARAMETRIC_REPRESENTATION_CONTEXT() REPRESENTATION_CONTEXT('2D SPACE',''
  ) );
#11355 = PCURVE('',#10044,#11356);
#11356 = DEFINITIONAL_REPRESENTATION('',(#11357),#11361);
#11357 = LINE('',#11358,#11359);
#11358 = CARTESIAN_POINT('',(0.,3.1));
#11359 = VECTOR('',#11360,1.);
#11360 = DIRECTION('',(1.,0.));
#11361 = ( GEOMETRIC_REPRESENTATION_CONTEXT(2) 
PARAMETRIC_REPRESENTATION_CONTEXT() REPRESENTATION_CONTEXT('2D SPACE',''
  ) );
#11362 = FACE_BOUND('',#11363,.T.);
#11363 = EDGE_LOOP('',(#11364));
#11364 = ORIENTED_EDGE('',*,*,#11365,.F.);
#11365 = EDGE_CURVE('',#11366,#11366,#11368,.T.);
#11366 = VERTEX_POINT('',#11367);
#11367 = CARTESIAN_POINT('',(-180.,0.,79.5));
#11368 = SURFACE_CURVE('',#11369,(#11374,#11381),.PCURVE_S1.);
#11369 = CIRCLE('',#11370,16.);
#11370 = AXIS2_PLACEMENT_3D('',#11371,#11372,#11373);
#11371 = CARTESIAN_POINT('',(-180.,0.,63.5));
#11372 = DIRECTION('',(0.,1.,0.));
#11373 = DIRECTION('',(0.,-0.,1.));
#11374 = PCURVE('',#9613,#11375);
#11375 = DEFINITIONAL_REPRESENTATION('',(#11376),#11380);
#11376 = CIRCLE('',#11377,16.);
#11377 = AXIS2_PLACEMENT_2D('',#11378,#11379);
#11378 = CARTESIAN_POINT('',(63.5,61.3));
#11379 = DIRECTION('',(1.,0.));
#11380 = ( GEOMETRIC_REPRESENTATION_CONTEXT(2) 
PARAMETRIC_REPRESENTATION_CONTEXT() REPRESENTATION_CONTEXT('2D SPACE',''
  ) );
#11381 = PCURVE('',#10075,#11382);
#11382 = DEFINITIONAL_REPRESENTATION('',(#11383),#11387);
#11383 = LINE('',#11384,#11385);
#11384 = CARTESIAN_POINT('',(0.,3.1));
#11385 = VECTOR('',#11386,1.);
#11386 = DIRECTION('',(1.,0.));
#11387 = ( GEOMETRIC_REPRESENTATION_CONTEXT(2) 
PARAMETRIC_REPRESENTATION_CONTEXT() REPRESENTATION_CONTEXT('2D SPACE',''
  ) );
#11388 = FACE_BOUND('',#11389,.T.);
#11389 = EDGE_LOOP('',(#11390));
#11390 = ORIENTED_EDGE('',*,*,#11391,.F.);
#11391 = EDGE_CURVE('',#11392,#11392,#11394,.T.);
#11392 = VERTEX_POINT('',#11393);
#11393 = CARTESIAN_POINT('',(-140.,0.,79.5));
#11394 = SURFACE_CURVE('',#11395,(#11400,#11407),.PCURVE_S1.);
#11395 = CIRCLE('',#11396,16.);
#11396 = AXIS2_PLACEMENT_3D('',#11397,#11398,#11399);
#11397 = CARTESIAN_POINT('',(-140.,0.,63.5));
#11398 = DIRECTION('',(0.,1.,0.));
#11399 = DIRECTION('',(0.,-0.,1.));
#11400 = PCURVE('',#9613,#11401);
#11401 = DEFINITIONAL_REPRESENTATION('',(#11402),#11406);
#11402 = CIRCLE('',#11403,16.);
#11403 = AXIS2_PLACEMENT_2D('',#11404,#11405);
#11404 = CARTESIAN_POINT('',(63.5,101.3));
#11405 = DIRECTION('',(1.,0.));
#11406 = ( GEOMETRIC_REPRESENTATION_CONTEXT(2) 
PARAMETRIC_REPRESENTATION_CONTEXT() REPRESENTATION_CONTEXT('2D SPACE',''
  ) );
#11407 = PCURVE('',#10106,#11408);
#11408 = DEFINITIONAL_REPRESENTATION('',(#11409),#11413);
#11409 = LINE('',#11410,#11411);
#11410 = CARTESIAN_POINT('',(0.,3.1));
#11411 = VECTOR('',#11412,1.);
#11412 = DIRECTION('',(1.,0.));
#11413 = ( GEOMETRIC_REPRESENTATION_CONTEXT(2) 
PARAMETRIC_REPRESENTATION_CONTEXT() REPRESENTATION_CONTEXT('2D SPACE',''
  ) );
#11414 = FACE_BOUND('',#11415,.T.);
#11415 = EDGE_LOOP('',(#11416,#11439,#11463,#11484));
#11416 = ORIENTED_EDGE('',*,*,#11417,.F.);
#11417 = EDGE_CURVE('',#11418,#11420,#11422,.T.);
#11418 = VERTEX_POINT('',#11419);
#11419 = CARTESIAN_POINT('',(-234.05,0.,85.1));
#11420 = VERTEX_POINT('',#11421);
#11421 = CARTESIAN_POINT('',(-231.05,0.,85.1));
#11422 = SURFACE_CURVE('',#11423,(#11427,#11433),.PCURVE_S1.);
#11423 = LINE('',#11424,#11425);
#11424 = CARTESIAN_POINT('',(-237.675,0.,85.1));
#11425 = VECTOR('',#11426,1.);
#11426 = DIRECTION('',(1.,-0.,0.));
#11427 = PCURVE('',#9613,#11428);
#11428 = DEFINITIONAL_REPRESENTATION('',(#11429),#11432);
#11429 = B_SPLINE_CURVE_WITH_KNOTS('',1,(#11430,#11431),.UNSPECIFIED.,
  .F.,.F.,(2,2),(3.625,6.625),.PIECEWISE_BEZIER_KNOTS.);
#11430 = CARTESIAN_POINT('',(85.1,7.25));
#11431 = CARTESIAN_POINT('',(85.1,10.25));
#11432 = ( GEOMETRIC_REPRESENTATION_CONTEXT(2) 
PARAMETRIC_REPRESENTATION_CONTEXT() REPRESENTATION_CONTEXT('2D SPACE',''
  ) );
#11433 = PCURVE('',#10137,#11434);
#11434 = DEFINITIONAL_REPRESENTATION('',(#11435),#11438);
#11435 = B_SPLINE_CURVE_WITH_KNOTS('',1,(#11436,#11437),.UNSPECIFIED.,
  .F.,.F.,(2,2),(3.625,6.625),.PIECEWISE_BEZIER_KNOTS.);
#11436 = CARTESIAN_POINT('',(0.,-0.1));
#11437 = CARTESIAN_POINT('',(3.,-0.1));
#11438 = ( GEOMETRIC_REPRESENTATION_CONTEXT(2) 
PARAMETRIC_REPRESENTATION_CONTEXT() REPRESENTATION_CONTEXT('2D SPACE',''
  ) );
#11439 = ORIENTED_EDGE('',*,*,#11440,.F.);
#11440 = EDGE_CURVE('',#11441,#11418,#11443,.T.);
#11441 = VERTEX_POINT('',#11442);
#11442 = CARTESIAN_POINT('',(-234.05,0.,78.1));
#11443 = SURFACE_CURVE('',#11444,(#11449,#11456),.PCURVE_S1.);
#11444 = CIRCLE('',#11445,3.5);
#11445 = AXIS2_PLACEMENT_3D('',#11446,#11447,#11448);
#11446 = CARTESIAN_POINT('',(-234.05,0.,81.6));
#11447 = DIRECTION('',(0.,1.,0.));
#11448 = DIRECTION('',(-6.344131569287E-17,0.,-1.));
#11449 = PCURVE('',#9613,#11450);
#11450 = DEFINITIONAL_REPRESENTATION('',(#11451),#11455);
#11451 = CIRCLE('',#11452,3.5);
#11452 = AXIS2_PLACEMENT_2D('',#11453,#11454);
#11453 = CARTESIAN_POINT('',(81.6,7.25));
#11454 = DIRECTION('',(-1.,-6.344131569287E-17));
#11455 = ( GEOMETRIC_REPRESENTATION_CONTEXT(2) 
PARAMETRIC_REPRESENTATION_CONTEXT() REPRESENTATION_CONTEXT('2D SPACE',''
  ) );
#11456 = PCURVE('',#10165,#11457);
#11457 = DEFINITIONAL_REPRESENTATION('',(#11458),#11462);
#11458 = LINE('',#11459,#11460);
#11459 = CARTESIAN_POINT('',(0.,-0.1));
#11460 = VECTOR('',#11461,1.);
#11461 = DIRECTION('',(1.,0.));
#11462 = ( GEOMETRIC_REPRESENTATION_CONTEXT(2) 
PARAMETRIC_REPRESENTATION_CONTEXT() REPRESENTATION_CONTEXT('2D SPACE',''
  ) );
#11463 = ORIENTED_EDGE('',*,*,#11464,.F.);
#11464 = EDGE_CURVE('',#11465,#11441,#11467,.T.);
#11465 = VERTEX_POINT('',#11466);
#11466 = CARTESIAN_POINT('',(-231.05,0.,78.1));
#11467 = SURFACE_CURVE('',#11468,(#11472,#11478),.PCURVE_S1.);
#11468 = LINE('',#11469,#11470);
#11469 = CARTESIAN_POINT('',(-236.175,0.,78.1));
#11470 = VECTOR('',#11471,1.);
#11471 = DIRECTION('',(-1.,0.,0.));
#11472 = PCURVE('',#9613,#11473);
#11473 = DEFINITIONAL_REPRESENTATION('',(#11474),#11477);
#11474 = B_SPLINE_CURVE_WITH_KNOTS('',1,(#11475,#11476),.UNSPECIFIED.,
  .F.,.F.,(2,2),(-5.125,-2.125),.PIECEWISE_BEZIER_KNOTS.);
#11475 = CARTESIAN_POINT('',(78.1,10.25));
#11476 = CARTESIAN_POINT('',(78.1,7.25));
#11477 = ( GEOMETRIC_REPRESENTATION_CONTEXT(2) 
PARAMETRIC_REPRESENTATION_CONTEXT() REPRESENTATION_CONTEXT('2D SPACE',''
  ) );
#11478 = PCURVE('',#10192,#11479);
#11479 = DEFINITIONAL_REPRESENTATION('',(#11480),#11483);
#11480 = B_SPLINE_CURVE_WITH_KNOTS('',1,(#11481,#11482),.UNSPECIFIED.,
  .F.,.F.,(2,2),(-5.125,-2.125),.PIECEWISE_BEZIER_KNOTS.);
#11481 = CARTESIAN_POINT('',(0.,-0.1));
#11482 = CARTESIAN_POINT('',(3.,-0.1));
#11483 = ( GEOMETRIC_REPRESENTATION_CONTEXT(2) 
PARAMETRIC_REPRESENTATION_CONTEXT() REPRESENTATION_CONTEXT('2D SPACE',''
  ) );
#11484 = ORIENTED_EDGE('',*,*,#11485,.F.);
#11485 = EDGE_CURVE('',#11420,#11465,#11486,.T.);
#11486 = SURFACE_CURVE('',#11487,(#11492,#11499),.PCURVE_S1.);
#11487 = CIRCLE('',#11488,3.5);
#11488 = AXIS2_PLACEMENT_3D('',#11489,#11490,#11491);
#11489 = CARTESIAN_POINT('',(-231.05,0.,81.6));
#11490 = DIRECTION('',(-0.,1.,0.));
#11491 = DIRECTION('',(6.344131569287E-17,0.,1.));
#11492 = PCURVE('',#9613,#11493);
#11493 = DEFINITIONAL_REPRESENTATION('',(#11494),#11498);
#11494 = CIRCLE('',#11495,3.5);
#11495 = AXIS2_PLACEMENT_2D('',#11496,#11497);
#11496 = CARTESIAN_POINT('',(81.6,10.25));
#11497 = DIRECTION('',(1.,6.344131569287E-17));
#11498 = ( GEOMETRIC_REPRESENTATION_CONTEXT(2) 
PARAMETRIC_REPRESENTATION_CONTEXT() REPRESENTATION_CONTEXT('2D SPACE',''
  ) );
#11499 = PCURVE('',#10218,#11500);
#11500 = DEFINITIONAL_REPRESENTATION('',(#11501),#11505);
#11501 = LINE('',#11502,#11503);
#11502 = CARTESIAN_POINT('',(0.,-0.1));
#11503 = VECTOR('',#11504,1.);
#11504 = DIRECTION('',(1.,0.));
#11505 = ( GEOMETRIC_REPRESENTATION_CONTEXT(2) 
PARAMETRIC_REPRESENTATION_CONTEXT() REPRESENTATION_CONTEXT('2D SPACE',''
  ) );
#11506 = FACE_BOUND('',#11507,.T.);
#11507 = EDGE_LOOP('',(#11508));
#11508 = ORIENTED_EDGE('',*,*,#11509,.F.);
#11509 = EDGE_CURVE('',#11510,#11510,#11512,.T.);
#11510 = VERTEX_POINT('',#11511);
#11511 = CARTESIAN_POINT('',(-160.,0.,82.25));
#11512 = SURFACE_CURVE('',#11513,(#11518,#11525),.PCURVE_S1.);
#11513 = CIRCLE('',#11514,2.25);
#11514 = AXIS2_PLACEMENT_3D('',#11515,#11516,#11517);
#11515 = CARTESIAN_POINT('',(-160.,0.,80.));
#11516 = DIRECTION('',(0.,1.,0.));
#11517 = DIRECTION('',(0.,-0.,1.));
#11518 = PCURVE('',#9613,#11519);
#11519 = DEFINITIONAL_REPRESENTATION('',(#11520),#11524);
#11520 = CIRCLE('',#11521,2.25);
#11521 = AXIS2_PLACEMENT_2D('',#11522,#11523);
#11522 = CARTESIAN_POINT('',(80.,81.3));
#11523 = DIRECTION('',(1.,0.));
#11524 = ( GEOMETRIC_REPRESENTATION_CONTEXT(2) 
PARAMETRIC_REPRESENTATION_CONTEXT() REPRESENTATION_CONTEXT('2D SPACE',''
  ) );
#11525 = PCURVE('',#11526,#11531);
#11526 = CYLINDRICAL_SURFACE('',#11527,2.25);
#11527 = AXIS2_PLACEMENT_3D('',#11528,#11529,#11530);
#11528 = CARTESIAN_POINT('',(-160.,-3.,80.));
#11529 = DIRECTION('',(0.,1.,0.));
#11530 = DIRECTION('',(0.,-0.,1.));
#11531 = DEFINITIONAL_REPRESENTATION('',(#11532),#11536);
#11532 = LINE('',#11533,#11534);
#11533 = CARTESIAN_POINT('',(0.,3.));
#11534 = VECTOR('',#11535,1.);
#11535 = DIRECTION('',(1.,0.));
#11536 = ( GEOMETRIC_REPRESENTATION_CONTEXT(2) 
PARAMETRIC_REPRESENTATION_CONTEXT() REPRESENTATION_CONTEXT('2D SPACE',''
  ) );
#11537 = FACE_BOUND('',#11538,.T.);
#11538 = EDGE_LOOP('',(#11539));
#11539 = ORIENTED_EDGE('',*,*,#11540,.F.);
#11540 = EDGE_CURVE('',#11541,#11541,#11543,.T.);
#11541 = VERTEX_POINT('',#11542);
#11542 = CARTESIAN_POINT('',(-100.,0.,79.5));
#11543 = SURFACE_CURVE('',#11544,(#11549,#11556),.PCURVE_S1.);
#11544 = CIRCLE('',#11545,16.);
#11545 = AXIS2_PLACEMENT_3D('',#11546,#11547,#11548);
#11546 = CARTESIAN_POINT('',(-100.,0.,63.5));
#11547 = DIRECTION('',(0.,1.,0.));
#11548 = DIRECTION('',(0.,-0.,1.));
#11549 = PCURVE('',#9613,#11550);
#11550 = DEFINITIONAL_REPRESENTATION('',(#11551),#11555);
#11551 = CIRCLE('',#11552,16.);
#11552 = AXIS2_PLACEMENT_2D('',#11553,#11554);
#11553 = CARTESIAN_POINT('',(63.5,141.3));
#11554 = DIRECTION('',(1.,0.));
#11555 = ( GEOMETRIC_REPRESENTATION_CONTEXT(2) 
PARAMETRIC_REPRESENTATION_CONTEXT() REPRESENTATION_CONTEXT('2D SPACE',''
  ) );
#11556 = PCURVE('',#10280,#11557);
#11557 = DEFINITIONAL_REPRESENTATION('',(#11558),#11562);
#11558 = LINE('',#11559,#11560);
#11559 = CARTESIAN_POINT('',(0.,3.1));
#11560 = VECTOR('',#11561,1.);
#11561 = DIRECTION('',(1.,0.));
#11562 = ( GEOMETRIC_REPRESENTATION_CONTEXT(2) 
PARAMETRIC_REPRESENTATION_CONTEXT() REPRESENTATION_CONTEXT('2D SPACE',''
  ) );
#11563 = FACE_BOUND('',#11564,.T.);
#11564 = EDGE_LOOP('',(#11565));
#11565 = ORIENTED_EDGE('',*,*,#11566,.F.);
#11566 = EDGE_CURVE('',#11567,#11567,#11569,.T.);
#11567 = VERTEX_POINT('',#11568);
#11568 = CARTESIAN_POINT('',(-60.,0.,79.5));
#11569 = SURFACE_CURVE('',#11570,(#11575,#11582),.PCURVE_S1.);
#11570 = CIRCLE('',#11571,16.);
#11571 = AXIS2_PLACEMENT_3D('',#11572,#11573,#11574);
#11572 = CARTESIAN_POINT('',(-60.,0.,63.5));
#11573 = DIRECTION('',(0.,1.,0.));
#11574 = DIRECTION('',(0.,-0.,1.));
#11575 = PCURVE('',#9613,#11576);
#11576 = DEFINITIONAL_REPRESENTATION('',(#11577),#11581);
#11577 = CIRCLE('',#11578,16.);
#11578 = AXIS2_PLACEMENT_2D('',#11579,#11580);
#11579 = CARTESIAN_POINT('',(63.5,181.3));
#11580 = DIRECTION('',(1.,0.));
#11581 = ( GEOMETRIC_REPRESENTATION_CONTEXT(2) 
PARAMETRIC_REPRESENTATION_CONTEXT() REPRESENTATION_CONTEXT('2D SPACE',''
  ) );
#11582 = PCURVE('',#10311,#11583);
#11583 = DEFINITIONAL_REPRESENTATION('',(#11584),#11588);
#11584 = LINE('',#11585,#11586);
#11585 = CARTESIAN_POINT('',(0.,3.1));
#11586 = VECTOR('',#11587,1.);
#11587 = DIRECTION('',(1.,0.));
#11588 = ( GEOMETRIC_REPRESENTATION_CONTEXT(2) 
PARAMETRIC_REPRESENTATION_CONTEXT() REPRESENTATION_CONTEXT('2D SPACE',''
  ) );
#11589 = FACE_BOUND('',#11590,.T.);
#11590 = EDGE_LOOP('',(#11591));
#11591 = ORIENTED_EDGE('',*,*,#11592,.F.);
#11592 = EDGE_CURVE('',#11593,#11593,#11595,.T.);
#11593 = VERTEX_POINT('',#11594);
#11594 = CARTESIAN_POINT('',(-20.,0.,79.5));
#11595 = SURFACE_CURVE('',#11596,(#11601,#11608),.PCURVE_S1.);
#11596 = CIRCLE('',#11597,16.);
#11597 = AXIS2_PLACEMENT_3D('',#11598,#11599,#11600);
#11598 = CARTESIAN_POINT('',(-20.,0.,63.5));
#11599 = DIRECTION('',(0.,1.,0.));
#11600 = DIRECTION('',(0.,-0.,1.));
#11601 = PCURVE('',#9613,#11602);
#11602 = DEFINITIONAL_REPRESENTATION('',(#11603),#11607);
#11603 = CIRCLE('',#11604,16.);
#11604 = AXIS2_PLACEMENT_2D('',#11605,#11606);
#11605 = CARTESIAN_POINT('',(63.5,221.3));
#11606 = DIRECTION('',(1.,0.));
#11607 = ( GEOMETRIC_REPRESENTATION_CONTEXT(2) 
PARAMETRIC_REPRESENTATION_CONTEXT() REPRESENTATION_CONTEXT('2D SPACE',''
  ) );
#11608 = PCURVE('',#10342,#11609);
#11609 = DEFINITIONAL_REPRESENTATION('',(#11610),#11614);
#11610 = LINE('',#11611,#11612);
#11611 = CARTESIAN_POINT('',(0.,3.1));
#11612 = VECTOR('',#11613,1.);
#11613 = DIRECTION('',(1.,0.));
#11614 = ( GEOMETRIC_REPRESENTATION_CONTEXT(2) 
PARAMETRIC_REPRESENTATION_CONTEXT() REPRESENTATION_CONTEXT('2D SPACE',''
  ) );
#11615 = FACE_BOUND('',#11616,.T.);
#11616 = EDGE_LOOP('',(#11617));
#11617 = ORIENTED_EDGE('',*,*,#11618,.F.);
#11618 = EDGE_CURVE('',#11619,#11619,#11621,.T.);
#11619 = VERTEX_POINT('',#11620);
#11620 = CARTESIAN_POINT('',(-5.510910596163E-16,0.,82.25));
#11621 = SURFACE_CURVE('',#11622,(#11627,#11634),.PCURVE_S1.);
#11622 = CIRCLE('',#11623,2.25);
#11623 = AXIS2_PLACEMENT_3D('',#11624,#11625,#11626);
#11624 = CARTESIAN_POINT('',(0.,0.,80.));
#11625 = DIRECTION('',(0.,1.,0.));
#11626 = DIRECTION('',(0.,-0.,1.));
#11627 = PCURVE('',#9613,#11628);
#11628 = DEFINITIONAL_REPRESENTATION('',(#11629),#11633);
#11629 = CIRCLE('',#11630,2.25);
#11630 = AXIS2_PLACEMENT_2D('',#11631,#11632);
#11631 = CARTESIAN_POINT('',(80.,241.3));
#11632 = DIRECTION('',(1.,0.));
#11633 = ( GEOMETRIC_REPRESENTATION_CONTEXT(2) 
PARAMETRIC_REPRESENTATION_CONTEXT() REPRESENTATION_CONTEXT('2D SPACE',''
  ) );
#11634 = PCURVE('',#11635,#11640);
#11635 = CYLINDRICAL_SURFACE('',#11636,2.25);
#11636 = AXIS2_PLACEMENT_3D('',#11637,#11638,#11639);
#11637 = CARTESIAN_POINT('',(0.,-3.,80.));
#11638 = DIRECTION('',(0.,1.,0.));
#11639 = DIRECTION('',(0.,-0.,1.));
#11640 = DEFINITIONAL_REPRESENTATION('',(#11641),#11645);
#11641 = LINE('',#11642,#11643);
#11642 = CARTESIAN_POINT('',(0.,3.));
#11643 = VECTOR('',#11644,1.);
#11644 = DIRECTION('',(1.,0.));
#11645 = ( GEOMETRIC_REPRESENTATION_CONTEXT(2) 
PARAMETRIC_REPRESENTATION_CONTEXT() REPRESENTATION_CONTEXT('2D SPACE',''
  ) );
#11646 = FACE_BOUND('',#11647,.T.);
#11647 = EDGE_LOOP('',(#11648));
#11648 = ORIENTED_EDGE('',*,*,#11649,.F.);
#11649 = EDGE_CURVE('',#11650,#11650,#11652,.T.);
#11650 = VERTEX_POINT('',#11651);
#11651 = CARTESIAN_POINT('',(20.,0.,39.5));
#11652 = SURFACE_CURVE('',#11653,(#11658,#11665),.PCURVE_S1.);
#11653 = CIRCLE('',#11654,16.);
#11654 = AXIS2_PLACEMENT_3D('',#11655,#11656,#11657);
#11655 = CARTESIAN_POINT('',(20.,0.,23.5));
#11656 = DIRECTION('',(0.,1.,0.));
#11657 = DIRECTION('',(0.,-0.,1.));
#11658 = PCURVE('',#9613,#11659);
#11659 = DEFINITIONAL_REPRESENTATION('',(#11660),#11664);
#11660 = CIRCLE('',#11661,16.);
#11661 = AXIS2_PLACEMENT_2D('',#11662,#11663);
#11662 = CARTESIAN_POINT('',(23.5,261.3));
#11663 = DIRECTION('',(1.,0.));
#11664 = ( GEOMETRIC_REPRESENTATION_CONTEXT(2) 
PARAMETRIC_REPRESENTATION_CONTEXT() REPRESENTATION_CONTEXT('2D SPACE',''
  ) );
#11665 = PCURVE('',#10404,#11666);
#11666 = DEFINITIONAL_REPRESENTATION('',(#11667),#11671);
#11667 = LINE('',#11668,#11669);
#11668 = CARTESIAN_POINT('',(0.,3.1));
#11669 = VECTOR('',#11670,1.);
#11670 = DIRECTION('',(1.,0.));
#11671 = ( GEOMETRIC_REPRESENTATION_CONTEXT(2) 
PARAMETRIC_REPRESENTATION_CONTEXT() REPRESENTATION_CONTEXT('2D SPACE',''
  ) );
#11672 = FACE_BOUND('',#11673,.T.);
#11673 = EDGE_LOOP('',(#11674));
#11674 = ORIENTED_EDGE('',*,*,#11675,.F.);
#11675 = EDGE_CURVE('',#11676,#11676,#11678,.T.);
#11676 = VERTEX_POINT('',#11677);
#11677 = CARTESIAN_POINT('',(60.,0.,39.5));
#11678 = SURFACE_CURVE('',#11679,(#11684,#11691),.PCURVE_S1.);
#11679 = CIRCLE('',#11680,16.);
#11680 = AXIS2_PLACEMENT_3D('',#11681,#11682,#11683);
#11681 = CARTESIAN_POINT('',(60.,0.,23.5));
#11682 = DIRECTION('',(0.,1.,0.));
#11683 = DIRECTION('',(0.,-0.,1.));
#11684 = PCURVE('',#9613,#11685);
#11685 = DEFINITIONAL_REPRESENTATION('',(#11686),#11690);
#11686 = CIRCLE('',#11687,16.);
#11687 = AXIS2_PLACEMENT_2D('',#11688,#11689);
#11688 = CARTESIAN_POINT('',(23.5,301.3));
#11689 = DIRECTION('',(1.,0.));
#11690 = ( GEOMETRIC_REPRESENTATION_CONTEXT(2) 
PARAMETRIC_REPRESENTATION_CONTEXT() REPRESENTATION_CONTEXT('2D SPACE',''
  ) );
#11691 = PCURVE('',#10435,#11692);
#11692 = DEFINITIONAL_REPRESENTATION('',(#11693),#11697);
#11693 = LINE('',#11694,#11695);
#11694 = CARTESIAN_POINT('',(0.,3.1));
#11695 = VECTOR('',#11696,1.);
#11696 = DIRECTION('',(1.,0.));
#11697 = ( GEOMETRIC_REPRESENTATION_CONTEXT(2) 
PARAMETRIC_REPRESENTATION_CONTEXT() REPRESENTATION_CONTEXT('2D SPACE',''
  ) );
#11698 = FACE_BOUND('',#11699,.T.);
#11699 = EDGE_LOOP('',(#11700));
#11700 = ORIENTED_EDGE('',*,*,#11701,.F.);
#11701 = EDGE_CURVE('',#11702,#11702,#11704,.T.);
#11702 = VERTEX_POINT('',#11703);
#11703 = CARTESIAN_POINT('',(100.,0.,39.5));
#11704 = SURFACE_CURVE('',#11705,(#11710,#11717),.PCURVE_S1.);
#11705 = CIRCLE('',#11706,16.);
#11706 = AXIS2_PLACEMENT_3D('',#11707,#11708,#11709);
#11707 = CARTESIAN_POINT('',(100.,0.,23.5));
#11708 = DIRECTION('',(0.,1.,0.));
#11709 = DIRECTION('',(0.,-0.,1.));
#11710 = PCURVE('',#9613,#11711);
#11711 = DEFINITIONAL_REPRESENTATION('',(#11712),#11716);
#11712 = CIRCLE('',#11713,16.);
#11713 = AXIS2_PLACEMENT_2D('',#11714,#11715);
#11714 = CARTESIAN_POINT('',(23.5,341.3));
#11715 = DIRECTION('',(1.,0.));
#11716 = ( GEOMETRIC_REPRESENTATION_CONTEXT(2) 
PARAMETRIC_REPRESENTATION_CONTEXT() REPRESENTATION_CONTEXT('2D SPACE',''
  ) );
#11717 = PCURVE('',#10466,#11718);
#11718 = DEFINITIONAL_REPRESENTATION('',(#11719),#11723);
#11719 = LINE('',#11720,#11721);
#11720 = CARTESIAN_POINT('',(0.,3.1));
#11721 = VECTOR('',#11722,1.);
#11722 = DIRECTION('',(1.,0.));
#11723 = ( GEOMETRIC_REPRESENTATION_CONTEXT(2) 
PARAMETRIC_REPRESENTATION_CONTEXT() REPRESENTATION_CONTEXT('2D SPACE',''
  ) );
#11724 = FACE_BOUND('',#11725,.T.);
#11725 = EDGE_LOOP('',(#11726));
#11726 = ORIENTED_EDGE('',*,*,#11727,.F.);
#11727 = EDGE_CURVE('',#11728,#11728,#11730,.T.);
#11728 = VERTEX_POINT('',#11729);
#11729 = CARTESIAN_POINT('',(160.,0.,9.25));
#11730 = SURFACE_CURVE('',#11731,(#11736,#11743),.PCURVE_S1.);
#11731 = CIRCLE('',#11732,2.25);
#11732 = AXIS2_PLACEMENT_3D('',#11733,#11734,#11735);
#11733 = CARTESIAN_POINT('',(160.,0.,7.));
#11734 = DIRECTION('',(0.,1.,0.));
#11735 = DIRECTION('',(0.,-0.,1.));
#11736 = PCURVE('',#9613,#11737);
#11737 = DEFINITIONAL_REPRESENTATION('',(#11738),#11742);
#11738 = CIRCLE('',#11739,2.25);
#11739 = AXIS2_PLACEMENT_2D('',#11740,#11741);
#11740 = CARTESIAN_POINT('',(7.,401.3));
#11741 = DIRECTION('',(1.,0.));
#11742 = ( GEOMETRIC_REPRESENTATION_CONTEXT(2) 
PARAMETRIC_REPRESENTATION_CONTEXT() REPRESENTATION_CONTEXT('2D SPACE',''
  ) );
#11743 = PCURVE('',#11744,#11749);
#11744 = CYLINDRICAL_SURFACE('',#11745,2.25);
#11745 = AXIS2_PLACEMENT_3D('',#11746,#11747,#11748);
#11746 = CARTESIAN_POINT('',(160.,-3.,7.));
#11747 = DIRECTION('',(0.,1.,0.));
#11748 = DIRECTION('',(0.,-0.,1.));
#11749 = DEFINITIONAL_REPRESENTATION('',(#11750),#11754);
#11750 = LINE('',#11751,#11752);
#11751 = CARTESIAN_POINT('',(0.,3.));
#11752 = VECTOR('',#11753,1.);
#11753 = DIRECTION('',(1.,0.));
#11754 = ( GEOMETRIC_REPRESENTATION_CONTEXT(2) 
PARAMETRIC_REPRESENTATION_CONTEXT() REPRESENTATION_CONTEXT('2D SPACE',''
  ) );
#11755 = FACE_BOUND('',#11756,.T.);
#11756 = EDGE_LOOP('',(#11757,#11780,#11804,#11825));
#11757 = ORIENTED_EDGE('',*,*,#11758,.F.);
#11758 = EDGE_CURVE('',#11759,#11761,#11763,.T.);
#11759 = VERTEX_POINT('',#11760);
#11760 = CARTESIAN_POINT('',(231.05,0.,8.9));
#11761 = VERTEX_POINT('',#11762);
#11762 = CARTESIAN_POINT('',(234.05,0.,8.9));
#11763 = SURFACE_CURVE('',#11764,(#11768,#11774),.PCURVE_S1.);
#11764 = LINE('',#11765,#11766);
#11765 = CARTESIAN_POINT('',(-5.125,0.,8.9));
#11766 = VECTOR('',#11767,1.);
#11767 = DIRECTION('',(1.,-0.,0.));
#11768 = PCURVE('',#9613,#11769);
#11769 = DEFINITIONAL_REPRESENTATION('',(#11770),#11773);
#11770 = B_SPLINE_CURVE_WITH_KNOTS('',1,(#11771,#11772),.UNSPECIFIED.,
  .F.,.F.,(2,2),(236.175,239.175),.PIECEWISE_BEZIER_KNOTS.);
#11771 = CARTESIAN_POINT('',(8.9,472.35));
#11772 = CARTESIAN_POINT('',(8.9,475.35));
#11773 = ( GEOMETRIC_REPRESENTATION_CONTEXT(2) 
PARAMETRIC_REPRESENTATION_CONTEXT() REPRESENTATION_CONTEXT('2D SPACE',''
  ) );
#11774 = PCURVE('',#10528,#11775);
#11775 = DEFINITIONAL_REPRESENTATION('',(#11776),#11779);
#11776 = B_SPLINE_CURVE_WITH_KNOTS('',1,(#11777,#11778),.UNSPECIFIED.,
  .F.,.F.,(2,2),(236.175,239.175),.PIECEWISE_BEZIER_KNOTS.);
#11777 = CARTESIAN_POINT('',(0.,-0.1));
#11778 = CARTESIAN_POINT('',(3.,-0.1));
#11779 = ( GEOMETRIC_REPRESENTATION_CONTEXT(2) 
PARAMETRIC_REPRESENTATION_CONTEXT() REPRESENTATION_CONTEXT('2D SPACE',''
  ) );
#11780 = ORIENTED_EDGE('',*,*,#11781,.F.);
#11781 = EDGE_CURVE('',#11782,#11759,#11784,.T.);
#11782 = VERTEX_POINT('',#11783);
#11783 = CARTESIAN_POINT('',(231.05,0.,1.9));
#11784 = SURFACE_CURVE('',#11785,(#11790,#11797),.PCURVE_S1.);
#11785 = CIRCLE('',#11786,3.5);
#11786 = AXIS2_PLACEMENT_3D('',#11787,#11788,#11789);
#11787 = CARTESIAN_POINT('',(231.05,0.,5.4));
#11788 = DIRECTION('',(0.,1.,0.));
#11789 = DIRECTION('',(-6.344131569287E-17,0.,-1.));
#11790 = PCURVE('',#9613,#11791);
#11791 = DEFINITIONAL_REPRESENTATION('',(#11792),#11796);
#11792 = CIRCLE('',#11793,3.5);
#11793 = AXIS2_PLACEMENT_2D('',#11794,#11795);
#11794 = CARTESIAN_POINT('',(5.4,472.35));
#11795 = DIRECTION('',(-1.,-6.344131569287E-17));
#11796 = ( GEOMETRIC_REPRESENTATION_CONTEXT(2) 
PARAMETRIC_REPRESENTATION_CONTEXT() REPRESENTATION_CONTEXT('2D SPACE',''
  ) );
#11797 = PCURVE('',#10556,#11798);
#11798 = DEFINITIONAL_REPRESENTATION('',(#11799),#11803);
#11799 = LINE('',#11800,#11801);
#11800 = CARTESIAN_POINT('',(0.,-0.1));
#11801 = VECTOR('',#11802,1.);
#11802 = DIRECTION('',(1.,0.));
#11803 = ( GEOMETRIC_REPRESENTATION_CONTEXT(2) 
PARAMETRIC_REPRESENTATION_CONTEXT() REPRESENTATION_CONTEXT('2D SPACE',''
  ) );
#11804 = ORIENTED_EDGE('',*,*,#11805,.F.);
#11805 = EDGE_CURVE('',#11806,#11782,#11808,.T.);
#11806 = VERTEX_POINT('',#11807);
#11807 = CARTESIAN_POINT('',(234.05,0.,1.9));
#11808 = SURFACE_CURVE('',#11809,(#11813,#11819),.PCURVE_S1.);
#11809 = LINE('',#11810,#11811);
#11810 = CARTESIAN_POINT('',(-3.625,0.,1.9));
#11811 = VECTOR('',#11812,1.);
#11812 = DIRECTION('',(-1.,0.,0.));
#11813 = PCURVE('',#9613,#11814);
#11814 = DEFINITIONAL_REPRESENTATION('',(#11815),#11818);
#11815 = B_SPLINE_CURVE_WITH_KNOTS('',1,(#11816,#11817),.UNSPECIFIED.,
  .F.,.F.,(2,2),(-237.675,-234.675),.PIECEWISE_BEZIER_KNOTS.);
#11816 = CARTESIAN_POINT('',(1.9,475.35));
#11817 = CARTESIAN_POINT('',(1.9,472.35));
#11818 = ( GEOMETRIC_REPRESENTATION_CONTEXT(2) 
PARAMETRIC_REPRESENTATION_CONTEXT() REPRESENTATION_CONTEXT('2D SPACE',''
  ) );
#11819 = PCURVE('',#10583,#11820);
#11820 = DEFINITIONAL_REPRESENTATION('',(#11821),#11824);
#11821 = B_SPLINE_CURVE_WITH_KNOTS('',1,(#11822,#11823),.UNSPECIFIED.,
  .F.,.F.,(2,2),(-237.675,-234.675),.PIECEWISE_BEZIER_KNOTS.);
#11822 = CARTESIAN_POINT('',(0.,-0.1));
#11823 = CARTESIAN_POINT('',(3.,-0.1));
#11824 = ( GEOMETRIC_REPRESENTATION_CONTEXT(2) 
PARAMETRIC_REPRESENTATION_CONTEXT() REPRESENTATION_CONTEXT('2D SPACE',''
  ) );
#11825 = ORIENTED_EDGE('',*,*,#11826,.F.);
#11826 = EDGE_CURVE('',#11761,#11806,#11827,.T.);
#11827 = SURFACE_CURVE('',#11828,(#11833,#11840),.PCURVE_S1.);
#11828 = CIRCLE('',#11829,3.5);
#11829 = AXIS2_PLACEMENT_3D('',#11830,#11831,#11832);
#11830 = CARTESIAN_POINT('',(234.05,0.,5.4));
#11831 = DIRECTION('',(-0.,1.,0.));
#11832 = DIRECTION('',(6.344131569287E-17,0.,1.));
#11833 = PCURVE('',#9613,#11834);
#11834 = DEFINITIONAL_REPRESENTATION('',(#11835),#11839);
#11835 = CIRCLE('',#11836,3.5);
#11836 = AXIS2_PLACEMENT_2D('',#11837,#11838);
#11837 = CARTESIAN_POINT('',(5.4,475.35));
#11838 = DIRECTION('',(1.,6.344131569287E-17));
#11839 = ( GEOMETRIC_REPRESENTATION_CONTEXT(2) 
PARAMETRIC_REPRESENTATION_CONTEXT() REPRESENTATION_CONTEXT('2D SPACE',''
  ) );
#11840 = PCURVE('',#10609,#11841);
#11841 = DEFINITIONAL_REPRESENTATION('',(#11842),#11846);
#11842 = LINE('',#11843,#11844);
#11843 = CARTESIAN_POINT('',(0.,-0.1));
#11844 = VECTOR('',#11845,1.);
#11845 = DIRECTION('',(1.,0.));
#11846 = ( GEOMETRIC_REPRESENTATION_CONTEXT(2) 
PARAMETRIC_REPRESENTATION_CONTEXT() REPRESENTATION_CONTEXT('2D SPACE',''
  ) );
#11847 = FACE_BOUND('',#11848,.T.);
#11848 = EDGE_LOOP('',(#11849));
#11849 = ORIENTED_EDGE('',*,*,#11850,.F.);
#11850 = EDGE_CURVE('',#11851,#11851,#11853,.T.);
#11851 = VERTEX_POINT('',#11852);
#11852 = CARTESIAN_POINT('',(140.,0.,39.5));
#11853 = SURFACE_CURVE('',#11854,(#11859,#11866),.PCURVE_S1.);
#11854 = CIRCLE('',#11855,16.);
#11855 = AXIS2_PLACEMENT_3D('',#11856,#11857,#11858);
#11856 = CARTESIAN_POINT('',(140.,0.,23.5));
#11857 = DIRECTION('',(0.,1.,0.));
#11858 = DIRECTION('',(0.,-0.,1.));
#11859 = PCURVE('',#9613,#11860);
#11860 = DEFINITIONAL_REPRESENTATION('',(#11861),#11865);
#11861 = CIRCLE('',#11862,16.);
#11862 = AXIS2_PLACEMENT_2D('',#11863,#11864);
#11863 = CARTESIAN_POINT('',(23.5,381.3));
#11864 = DIRECTION('',(1.,0.));
#11865 = ( GEOMETRIC_REPRESENTATION_CONTEXT(2) 
PARAMETRIC_REPRESENTATION_CONTEXT() REPRESENTATION_CONTEXT('2D SPACE',''
  ) );
#11866 = PCURVE('',#10640,#11867);
#11867 = DEFINITIONAL_REPRESENTATION('',(#11868),#11872);
#11868 = LINE('',#11869,#11870);
#11869 = CARTESIAN_POINT('',(0.,3.1));
#11870 = VECTOR('',#11871,1.);
#11871 = DIRECTION('',(1.,0.));
#11872 = ( GEOMETRIC_REPRESENTATION_CONTEXT(2) 
PARAMETRIC_REPRESENTATION_CONTEXT() REPRESENTATION_CONTEXT('2D SPACE',''
  ) );
#11873 = FACE_BOUND('',#11874,.T.);
#11874 = EDGE_LOOP('',(#11875));
#11875 = ORIENTED_EDGE('',*,*,#11876,.F.);
#11876 = EDGE_CURVE('',#11877,#11877,#11879,.T.);
#11877 = VERTEX_POINT('',#11878);
#11878 = CARTESIAN_POINT('',(180.,0.,39.5));
#11879 = SURFACE_CURVE('',#11880,(#11885,#11892),.PCURVE_S1.);
#11880 = CIRCLE('',#11881,16.);
#11881 = AXIS2_PLACEMENT_3D('',#11882,#11883,#11884);
#11882 = CARTESIAN_POINT('',(180.,0.,23.5));
#11883 = DIRECTION('',(0.,1.,0.));
#11884 = DIRECTION('',(0.,-0.,1.));
#11885 = PCURVE('',#9613,#11886);
#11886 = DEFINITIONAL_REPRESENTATION('',(#11887),#11891);
#11887 = CIRCLE('',#11888,16.);
#11888 = AXIS2_PLACEMENT_2D('',#11889,#11890);
#11889 = CARTESIAN_POINT('',(23.5,421.3));
#11890 = DIRECTION('',(1.,0.));
#11891 = ( GEOMETRIC_REPRESENTATION_CONTEXT(2) 
PARAMETRIC_REPRESENTATION_CONTEXT() REPRESENTATION_CONTEXT('2D SPACE',''
  ) );
#11892 = PCURVE('',#10671,#11893);
#11893 = DEFINITIONAL_REPRESENTATION('',(#11894),#11898);
#11894 = LINE('',#11895,#11896);
#11895 = CARTESIAN_POINT('',(0.,3.1));
#11896 = VECTOR('',#11897,1.);
#11897 = DIRECTION('',(1.,0.));
#11898 = ( GEOMETRIC_REPRESENTATION_CONTEXT(2) 
PARAMETRIC_REPRESENTATION_CONTEXT() REPRESENTATION_CONTEXT('2D SPACE',''
  ) );
#11899 = FACE_BOUND('',#11900,.T.);
#11900 = EDGE_LOOP('',(#11901));
#11901 = ORIENTED_EDGE('',*,*,#11902,.F.);
#11902 = EDGE_CURVE('',#11903,#11903,#11905,.T.);
#11903 = VERTEX_POINT('',#11904);
#11904 = CARTESIAN_POINT('',(20.,0.,79.5));
#11905 = SURFACE_CURVE('',#11906,(#11911,#11918),.PCURVE_S1.);
#11906 = CIRCLE('',#11907,16.);
#11907 = AXIS2_PLACEMENT_3D('',#11908,#11909,#11910);
#11908 = CARTESIAN_POINT('',(20.,0.,63.5));
#11909 = DIRECTION('',(0.,1.,0.));
#11910 = DIRECTION('',(0.,-0.,1.));
#11911 = PCURVE('',#9613,#11912);
#11912 = DEFINITIONAL_REPRESENTATION('',(#11913),#11917);
#11913 = CIRCLE('',#11914,16.);
#11914 = AXIS2_PLACEMENT_2D('',#11915,#11916);
#11915 = CARTESIAN_POINT('',(63.5,261.3));
#11916 = DIRECTION('',(1.,0.));
#11917 = ( GEOMETRIC_REPRESENTATION_CONTEXT(2) 
PARAMETRIC_REPRESENTATION_CONTEXT() REPRESENTATION_CONTEXT('2D SPACE',''
  ) );
#11918 = PCURVE('',#10702,#11919);
#11919 = DEFINITIONAL_REPRESENTATION('',(#11920),#11924);
#11920 = LINE('',#11921,#11922);
#11921 = CARTESIAN_POINT('',(0.,3.1));
#11922 = VECTOR('',#11923,1.);
#11923 = DIRECTION('',(1.,0.));
#11924 = ( GEOMETRIC_REPRESENTATION_CONTEXT(2) 
PARAMETRIC_REPRESENTATION_CONTEXT() REPRESENTATION_CONTEXT('2D SPACE',''
  ) );
#11925 = FACE_BOUND('',#11926,.T.);
#11926 = EDGE_LOOP('',(#11927));
#11927 = ORIENTED_EDGE('',*,*,#11928,.F.);
#11928 = EDGE_CURVE('',#11929,#11929,#11931,.T.);
#11929 = VERTEX_POINT('',#11930);
#11930 = CARTESIAN_POINT('',(60.,0.,79.5));
#11931 = SURFACE_CURVE('',#11932,(#11937,#11944),.PCURVE_S1.);
#11932 = CIRCLE('',#11933,16.);
#11933 = AXIS2_PLACEMENT_3D('',#11934,#11935,#11936);
#11934 = CARTESIAN_POINT('',(60.,0.,63.5));
#11935 = DIRECTION('',(0.,1.,0.));
#11936 = DIRECTION('',(0.,-0.,1.));
#11937 = PCURVE('',#9613,#11938);
#11938 = DEFINITIONAL_REPRESENTATION('',(#11939),#11943);
#11939 = CIRCLE('',#11940,16.);
#11940 = AXIS2_PLACEMENT_2D('',#11941,#11942);
#11941 = CARTESIAN_POINT('',(63.5,301.3));
#11942 = DIRECTION('',(1.,0.));
#11943 = ( GEOMETRIC_REPRESENTATION_CONTEXT(2) 
PARAMETRIC_REPRESENTATION_CONTEXT() REPRESENTATION_CONTEXT('2D SPACE',''
  ) );
#11944 = PCURVE('',#10733,#11945);
#11945 = DEFINITIONAL_REPRESENTATION('',(#11946),#11950);
#11946 = LINE('',#11947,#11948);
#11947 = CARTESIAN_POINT('',(0.,3.1));
#11948 = VECTOR('',#11949,1.);
#11949 = DIRECTION('',(1.,0.));
#11950 = ( GEOMETRIC_REPRESENTATION_CONTEXT(2) 
PARAMETRIC_REPRESENTATION_CONTEXT() REPRESENTATION_CONTEXT('2D SPACE',''
  ) );
#11951 = FACE_BOUND('',#11952,.T.);
#11952 = EDGE_LOOP('',(#11953));
#11953 = ORIENTED_EDGE('',*,*,#11954,.F.);
#11954 = EDGE_CURVE('',#11955,#11955,#11957,.T.);
#11955 = VERTEX_POINT('',#11956);
#11956 = CARTESIAN_POINT('',(100.,0.,79.5));
#11957 = SURFACE_CURVE('',#11958,(#11963,#11970),.PCURVE_S1.);
#11958 = CIRCLE('',#11959,16.);
#11959 = AXIS2_PLACEMENT_3D('',#11960,#11961,#11962);
#11960 = CARTESIAN_POINT('',(100.,0.,63.5));
#11961 = DIRECTION('',(0.,1.,0.));
#11962 = DIRECTION('',(0.,-0.,1.));
#11963 = PCURVE('',#9613,#11964);
#11964 = DEFINITIONAL_REPRESENTATION('',(#11965),#11969);
#11965 = CIRCLE('',#11966,16.);
#11966 = AXIS2_PLACEMENT_2D('',#11967,#11968);
#11967 = CARTESIAN_POINT('',(63.5,341.3));
#11968 = DIRECTION('',(1.,0.));
#11969 = ( GEOMETRIC_REPRESENTATION_CONTEXT(2) 
PARAMETRIC_REPRESENTATION_CONTEXT() REPRESENTATION_CONTEXT('2D SPACE',''
  ) );
#11970 = PCURVE('',#10764,#11971);
#11971 = DEFINITIONAL_REPRESENTATION('',(#11972),#11976);
#11972 = LINE('',#11973,#11974);
#11973 = CARTESIAN_POINT('',(0.,3.1));
#11974 = VECTOR('',#11975,1.);
#11975 = DIRECTION('',(1.,0.));
#11976 = ( GEOMETRIC_REPRESENTATION_CONTEXT(2) 
PARAMETRIC_REPRESENTATION_CONTEXT() REPRESENTATION_CONTEXT('2D SPACE',''
  ) );
#11977 = FACE_BOUND('',#11978,.T.);
#11978 = EDGE_LOOP('',(#11979));
#11979 = ORIENTED_EDGE('',*,*,#11980,.F.);
#11980 = EDGE_CURVE('',#11981,#11981,#11983,.T.);
#11981 = VERTEX_POINT('',#11982);
#11982 = CARTESIAN_POINT('',(140.,0.,79.5));
#11983 = SURFACE_CURVE('',#11984,(#11989,#11996),.PCURVE_S1.);
#11984 = CIRCLE('',#11985,16.);
#11985 = AXIS2_PLACEMENT_3D('',#11986,#11987,#11988);
#11986 = CARTESIAN_POINT('',(140.,0.,63.5));
#11987 = DIRECTION('',(0.,1.,0.));
#11988 = DIRECTION('',(0.,-0.,1.));
#11989 = PCURVE('',#9613,#11990);
#11990 = DEFINITIONAL_REPRESENTATION('',(#11991),#11995);
#11991 = CIRCLE('',#11992,16.);
#11992 = AXIS2_PLACEMENT_2D('',#11993,#11994);
#11993 = CARTESIAN_POINT('',(63.5,381.3));
#11994 = DIRECTION('',(1.,0.));
#11995 = ( GEOMETRIC_REPRESENTATION_CONTEXT(2) 
PARAMETRIC_REPRESENTATION_CONTEXT() REPRESENTATION_CONTEXT('2D SPACE',''
  ) );
#11996 = PCURVE('',#10795,#11997);
#11997 = DEFINITIONAL_REPRESENTATION('',(#11998),#12002);
#11998 = LINE('',#11999,#12000);
#11999 = CARTESIAN_POINT('',(0.,3.1));
#12000 = VECTOR('',#12001,1.);
#12001 = DIRECTION('',(1.,0.));
#12002 = ( GEOMETRIC_REPRESENTATION_CONTEXT(2) 
PARAMETRIC_REPRESENTATION_CONTEXT() REPRESENTATION_CONTEXT('2D SPACE',''
  ) );
#12003 = FACE_BOUND('',#12004,.T.);
#12004 = EDGE_LOOP('',(#12005));
#12005 = ORIENTED_EDGE('',*,*,#12006,.F.);
#12006 = EDGE_CURVE('',#12007,#12007,#12009,.T.);
#12007 = VERTEX_POINT('',#12008);
#12008 = CARTESIAN_POINT('',(180.,0.,79.5));
#12009 = SURFACE_CURVE('',#12010,(#12015,#12022),.PCURVE_S1.);
#12010 = CIRCLE('',#12011,16.);
#12011 = AXIS2_PLACEMENT_3D('',#12012,#12013,#12014);
#12012 = CARTESIAN_POINT('',(180.,0.,63.5));
#12013 = DIRECTION('',(0.,1.,0.));
#12014 = DIRECTION('',(0.,-0.,1.));
#12015 = PCURVE('',#9613,#12016);
#12016 = DEFINITIONAL_REPRESENTATION('',(#12017),#12021);
#12017 = CIRCLE('',#12018,16.);
#12018 = AXIS2_PLACEMENT_2D('',#12019,#12020);
#12019 = CARTESIAN_POINT('',(63.5,421.3));
#12020 = DIRECTION('',(1.,0.));
#12021 = ( GEOMETRIC_REPRESENTATION_CONTEXT(2) 
PARAMETRIC_REPRESENTATION_CONTEXT() REPRESENTATION_CONTEXT('2D SPACE',''
  ) );
#12022 = PCURVE('',#10826,#12023);
#12023 = DEFINITIONAL_REPRESENTATION('',(#12024),#12028);
#12024 = LINE('',#12025,#12026);
#12025 = CARTESIAN_POINT('',(0.,3.1));
#12026 = VECTOR('',#12027,1.);
#12027 = DIRECTION('',(1.,0.));
#12028 = ( GEOMETRIC_REPRESENTATION_CONTEXT(2) 
PARAMETRIC_REPRESENTATION_CONTEXT() REPRESENTATION_CONTEXT('2D SPACE',''
  ) );
#12029 = FACE_BOUND('',#12030,.T.);
#12030 = EDGE_LOOP('',(#12031));
#12031 = ORIENTED_EDGE('',*,*,#12032,.F.);
#12032 = EDGE_CURVE('',#12033,#12033,#12035,.T.);
#12033 = VERTEX_POINT('',#12034);
#12034 = CARTESIAN_POINT('',(160.,0.,82.25));
#12035 = SURFACE_CURVE('',#12036,(#12041,#12048),.PCURVE_S1.);
#12036 = CIRCLE('',#12037,2.25);
#12037 = AXIS2_PLACEMENT_3D('',#12038,#12039,#12040);
#12038 = CARTESIAN_POINT('',(160.,0.,80.));
#12039 = DIRECTION('',(0.,1.,0.));
#12040 = DIRECTION('',(0.,-0.,1.));
#12041 = PCURVE('',#9613,#12042);
#12042 = DEFINITIONAL_REPRESENTATION('',(#12043),#12047);
#12043 = CIRCLE('',#12044,2.25);
#12044 = AXIS2_PLACEMENT_2D('',#12045,#12046);
#12045 = CARTESIAN_POINT('',(80.,401.3));
#12046 = DIRECTION('',(1.,0.));
#12047 = ( GEOMETRIC_REPRESENTATION_CONTEXT(2) 
PARAMETRIC_REPRESENTATION_CONTEXT() REPRESENTATION_CONTEXT('2D SPACE',''
  ) );
#12048 = PCURVE('',#12049,#12054);
#12049 = CYLINDRICAL_SURFACE('',#12050,2.25);
#12050 = AXIS2_PLACEMENT_3D('',#12051,#12052,#12053);
#12051 = CARTESIAN_POINT('',(160.,-3.,80.));
#12052 = DIRECTION('',(0.,1.,0.));
#12053 = DIRECTION('',(0.,-0.,1.));
#12054 = DEFINITIONAL_REPRESENTATION('',(#12055),#12059);
#12055 = LINE('',#12056,#12057);
#12056 = CARTESIAN_POINT('',(0.,3.));
#12057 = VECTOR('',#12058,1.);
#12058 = DIRECTION('',(1.,0.));
#12059 = ( GEOMETRIC_REPRESENTATION_CONTEXT(2) 
PARAMETRIC_REPRESENTATION_CONTEXT() REPRESENTATION_CONTEXT('2D SPACE',''
  ) );
#12060 = FACE_BOUND('',#12061,.T.);
#12061 = EDGE_LOOP('',(#12062,#12085,#12109,#12130));
#12062 = ORIENTED_EDGE('',*,*,#12063,.F.);
#12063 = EDGE_CURVE('',#12064,#12066,#12068,.T.);
#12064 = VERTEX_POINT('',#12065);
#12065 = CARTESIAN_POINT('',(231.05,0.,85.1));
#12066 = VERTEX_POINT('',#12067);
#12067 = CARTESIAN_POINT('',(234.05,0.,85.1));
#12068 = SURFACE_CURVE('',#12069,(#12073,#12079),.PCURVE_S1.);
#12069 = LINE('',#12070,#12071);
#12070 = CARTESIAN_POINT('',(-5.125,0.,85.1));
#12071 = VECTOR('',#12072,1.);
#12072 = DIRECTION('',(1.,-0.,0.));
#12073 = PCURVE('',#9613,#12074);
#12074 = DEFINITIONAL_REPRESENTATION('',(#12075),#12078);
#12075 = B_SPLINE_CURVE_WITH_KNOTS('',1,(#12076,#12077),.UNSPECIFIED.,
  .F.,.F.,(2,2),(236.175,239.175),.PIECEWISE_BEZIER_KNOTS.);
#12076 = CARTESIAN_POINT('',(85.1,472.35));
#12077 = CARTESIAN_POINT('',(85.1,475.35));
#12078 = ( GEOMETRIC_REPRESENTATION_CONTEXT(2) 
PARAMETRIC_REPRESENTATION_CONTEXT() REPRESENTATION_CONTEXT('2D SPACE',''
  ) );
#12079 = PCURVE('',#10888,#12080);
#12080 = DEFINITIONAL_REPRESENTATION('',(#12081),#12084);
#12081 = B_SPLINE_CURVE_WITH_KNOTS('',1,(#12082,#12083),.UNSPECIFIED.,
  .F.,.F.,(2,2),(236.175,239.175),.PIECEWISE_BEZIER_KNOTS.);
#12082 = CARTESIAN_POINT('',(0.,-0.1));
#12083 = CARTESIAN_POINT('',(3.,-0.1));
#12084 = ( GEOMETRIC_REPRESENTATION_CONTEXT(2) 
PARAMETRIC_REPRESENTATION_CONTEXT() REPRESENTATION_CONTEXT('2D SPACE',''
  ) );
#12085 = ORIENTED_EDGE('',*,*,#12086,.F.);
#12086 = EDGE_CURVE('',#12087,#12064,#12089,.T.);
#12087 = VERTEX_POINT('',#12088);
#12088 = CARTESIAN_POINT('',(231.05,0.,78.1));
#12089 = SURFACE_CURVE('',#12090,(#12095,#12102),.PCURVE_S1.);
#12090 = CIRCLE('',#12091,3.5);
#12091 = AXIS2_PLACEMENT_3D('',#12092,#12093,#12094);
#12092 = CARTESIAN_POINT('',(231.05,0.,81.6));
#12093 = DIRECTION('',(0.,1.,0.));
#12094 = DIRECTION('',(-6.344131569287E-17,0.,-1.));
#12095 = PCURVE('',#9613,#12096);
#12096 = DEFINITIONAL_REPRESENTATION('',(#12097),#12101);
#12097 = CIRCLE('',#12098,3.5);
#12098 = AXIS2_PLACEMENT_2D('',#12099,#12100);
#12099 = CARTESIAN_POINT('',(81.6,472.35));
#12100 = DIRECTION('',(-1.,-6.344131569287E-17));
#12101 = ( GEOMETRIC_REPRESENTATION_CONTEXT(2) 
PARAMETRIC_REPRESENTATION_CONTEXT() REPRESENTATION_CONTEXT('2D SPACE',''
  ) );
#12102 = PCURVE('',#10916,#12103);
#12103 = DEFINITIONAL_REPRESENTATION('',(#12104),#12108);
#12104 = LINE('',#12105,#12106);
#12105 = CARTESIAN_POINT('',(0.,-0.1));
#12106 = VECTOR('',#12107,1.);
#12107 = DIRECTION('',(1.,0.));
#12108 = ( GEOMETRIC_REPRESENTATION_CONTEXT(2) 
PARAMETRIC_REPRESENTATION_CONTEXT() REPRESENTATION_CONTEXT('2D SPACE',''
  ) );
#12109 = ORIENTED_EDGE('',*,*,#12110,.F.);
#12110 = EDGE_CURVE('',#12111,#12087,#12113,.T.);
#12111 = VERTEX_POINT('',#12112);
#12112 = CARTESIAN_POINT('',(234.05,0.,78.1));
#12113 = SURFACE_CURVE('',#12114,(#12118,#12124),.PCURVE_S1.);
#12114 = LINE('',#12115,#12116);
#12115 = CARTESIAN_POINT('',(-3.625,0.,78.1));
#12116 = VECTOR('',#12117,1.);
#12117 = DIRECTION('',(-1.,0.,0.));
#12118 = PCURVE('',#9613,#12119);
#12119 = DEFINITIONAL_REPRESENTATION('',(#12120),#12123);
#12120 = B_SPLINE_CURVE_WITH_KNOTS('',1,(#12121,#12122),.UNSPECIFIED.,
  .F.,.F.,(2,2),(-237.675,-234.675),.PIECEWISE_BEZIER_KNOTS.);
#12121 = CARTESIAN_POINT('',(78.1,475.35));
#12122 = CARTESIAN_POINT('',(78.1,472.35));
#12123 = ( GEOMETRIC_REPRESENTATION_CONTEXT(2) 
PARAMETRIC_REPRESENTATION_CONTEXT() REPRESENTATION_CONTEXT('2D SPACE',''
  ) );
#12124 = PCURVE('',#10943,#12125);
#12125 = DEFINITIONAL_REPRESENTATION('',(#12126),#12129);
#12126 = B_SPLINE_CURVE_WITH_KNOTS('',1,(#12127,#12128),.UNSPECIFIED.,
  .F.,.F.,(2,2),(-237.675,-234.675),.PIECEWISE_BEZIER_KNOTS.);
#12127 = CARTESIAN_POINT('',(0.,-0.1));
#12128 = CARTESIAN_POINT('',(3.,-0.1));
#12129 = ( GEOMETRIC_REPRESENTATION_CONTEXT(2) 
PARAMETRIC_REPRESENTATION_CONTEXT() REPRESENTATION_CONTEXT('2D SPACE',''
  ) );
#12130 = ORIENTED_EDGE('',*,*,#12131,.F.);
#12131 = EDGE_CURVE('',#12066,#12111,#12132,.T.);
#12132 = SURFACE_CURVE('',#12133,(#12138,#12145),.PCURVE_S1.);
#12133 = CIRCLE('',#12134,3.5);
#12134 = AXIS2_PLACEMENT_3D('',#12135,#12136,#12137);
#12135 = CARTESIAN_POINT('',(234.05,0.,81.6));
#12136 = DIRECTION('',(-0.,1.,0.));
#12137 = DIRECTION('',(6.344131569287E-17,0.,1.));
#12138 = PCURVE('',#9613,#12139);
#12139 = DEFINITIONAL_REPRESENTATION('',(#12140),#12144);
#12140 = CIRCLE('',#12141,3.5);
#12141 = AXIS2_PLACEMENT_2D('',#12142,#12143);
#12142 = CARTESIAN_POINT('',(81.6,475.35));
#12143 = DIRECTION('',(1.,6.344131569287E-17));
#12144 = ( GEOMETRIC_REPRESENTATION_CONTEXT(2) 
PARAMETRIC_REPRESENTATION_CONTEXT() REPRESENTATION_CONTEXT('2D SPACE',''
  ) );
#12145 = PCURVE('',#10969,#12146);
#12146 = DEFINITIONAL_REPRESENTATION('',(#12147),#12151);
#12147 = LINE('',#12148,#12149);
#12148 = CARTESIAN_POINT('',(0.,-0.1));
#12149 = VECTOR('',#12150,1.);
#12150 = DIRECTION('',(1.,0.));
#12151 = ( GEOMETRIC_REPRESENTATION_CONTEXT(2) 
PARAMETRIC_REPRESENTATION_CONTEXT() REPRESENTATION_CONTEXT('2D SPACE',''
  ) );
#12152 = ADVANCED_FACE('',(#12153),#9585,.F.);
#12153 = FACE_BOUND('',#12154,.F.);
#12154 = EDGE_LOOP('',(#12155,#12156,#12157,#12178));
#12155 = ORIENTED_EDGE('',*,*,#9569,.F.);
#12156 = ORIENTED_EDGE('',*,*,#9654,.T.);
#12157 = ORIENTED_EDGE('',*,*,#12158,.T.);
#12158 = EDGE_CURVE('',#9655,#11034,#12159,.T.);
#12159 = SURFACE_CURVE('',#12160,(#12164,#12171),.PCURVE_S1.);
#12160 = LINE('',#12161,#12162);
#12161 = CARTESIAN_POINT('',(241.3,-3.,0.));
#12162 = VECTOR('',#12163,1.);
#12163 = DIRECTION('',(0.,1.,0.));
#12164 = PCURVE('',#9585,#12165);
#12165 = DEFINITIONAL_REPRESENTATION('',(#12166),#12170);
#12166 = LINE('',#12167,#12168);
#12167 = CARTESIAN_POINT('',(482.6,0.));
#12168 = VECTOR('',#12169,1.);
#12169 = DIRECTION('',(0.,1.));
#12170 = ( GEOMETRIC_REPRESENTATION_CONTEXT(2) 
PARAMETRIC_REPRESENTATION_CONTEXT() REPRESENTATION_CONTEXT('2D SPACE',''
  ) );
#12171 = PCURVE('',#9715,#12172);
#12172 = DEFINITIONAL_REPRESENTATION('',(#12173),#12177);
#12173 = LINE('',#12174,#12175);
#12174 = CARTESIAN_POINT('',(0.,0.));
#12175 = VECTOR('',#12176,1.);
#12176 = DIRECTION('',(0.,-1.));
#12177 = ( GEOMETRIC_REPRESENTATION_CONTEXT(2) 
PARAMETRIC_REPRESENTATION_CONTEXT() REPRESENTATION_CONTEXT('2D SPACE',''
  ) );
#12178 = ORIENTED_EDGE('',*,*,#11033,.F.);
#12179 = ADVANCED_FACE('',(#12180),#9715,.T.);
#12180 = FACE_BOUND('',#12181,.T.);
#12181 = EDGE_LOOP('',(#12182,#12183,#12184,#12185));
#12182 = ORIENTED_EDGE('',*,*,#9701,.F.);
#12183 = ORIENTED_EDGE('',*,*,#12158,.T.);
#12184 = ORIENTED_EDGE('',*,*,#11058,.T.);
#12185 = ORIENTED_EDGE('',*,*,#10986,.F.);
#12186 = ADVANCED_FACE('',(#12187),#9746,.F.);
#12187 = FACE_BOUND('',#12188,.F.);
#12188 = EDGE_LOOP('',(#12189,#12190,#12211,#12212));
#12189 = ORIENTED_EDGE('',*,*,#11081,.F.);
#12190 = ORIENTED_EDGE('',*,*,#12191,.T.);
#12191 = EDGE_CURVE('',#11082,#9730,#12192,.T.);
#12192 = SURFACE_CURVE('',#12193,(#12197,#12204),.PCURVE_S1.);
#12193 = LINE('',#12194,#12195);
#12194 = CARTESIAN_POINT('',(-234.05,0.1,8.9));
#12195 = VECTOR('',#12196,1.);
#12196 = DIRECTION('',(0.,-1.,0.));
#12197 = PCURVE('',#9746,#12198);
#12198 = DEFINITIONAL_REPRESENTATION('',(#12199),#12203);
#12199 = LINE('',#12200,#12201);
#12200 = CARTESIAN_POINT('',(0.,0.));
#12201 = VECTOR('',#12202,1.);
#12202 = DIRECTION('',(0.,-1.));
#12203 = ( GEOMETRIC_REPRESENTATION_CONTEXT(2) 
PARAMETRIC_REPRESENTATION_CONTEXT() REPRESENTATION_CONTEXT('2D SPACE',''
  ) );
#12204 = PCURVE('',#9774,#12205);
#12205 = DEFINITIONAL_REPRESENTATION('',(#12206),#12210);
#12206 = LINE('',#12207,#12208);
#12207 = CARTESIAN_POINT('',(3.14159265359,0.));
#12208 = VECTOR('',#12209,1.);
#12209 = DIRECTION('',(0.,-1.));
#12210 = ( GEOMETRIC_REPRESENTATION_CONTEXT(2) 
PARAMETRIC_REPRESENTATION_CONTEXT() REPRESENTATION_CONTEXT('2D SPACE',''
  ) );
#12211 = ORIENTED_EDGE('',*,*,#9729,.T.);
#12212 = ORIENTED_EDGE('',*,*,#12213,.F.);
#12213 = EDGE_CURVE('',#11084,#9732,#12214,.T.);
#12214 = SURFACE_CURVE('',#12215,(#12219,#12226),.PCURVE_S1.);
#12215 = LINE('',#12216,#12217);
#12216 = CARTESIAN_POINT('',(-231.05,0.1,8.9));
#12217 = VECTOR('',#12218,1.);
#12218 = DIRECTION('',(0.,-1.,0.));
#12219 = PCURVE('',#9746,#12220);
#12220 = DEFINITIONAL_REPRESENTATION('',(#12221),#12225);
#12221 = LINE('',#12222,#12223);
#12222 = CARTESIAN_POINT('',(3.,0.));
#12223 = VECTOR('',#12224,1.);
#12224 = DIRECTION('',(0.,-1.));
#12225 = ( GEOMETRIC_REPRESENTATION_CONTEXT(2) 
PARAMETRIC_REPRESENTATION_CONTEXT() REPRESENTATION_CONTEXT('2D SPACE',''
  ) );
#12226 = PCURVE('',#9827,#12227);
#12227 = DEFINITIONAL_REPRESENTATION('',(#12228),#12232);
#12228 = LINE('',#12229,#12230);
#12229 = CARTESIAN_POINT('',(0.,0.));
#12230 = VECTOR('',#12231,1.);
#12231 = DIRECTION('',(0.,-1.));
#12232 = ( GEOMETRIC_REPRESENTATION_CONTEXT(2) 
PARAMETRIC_REPRESENTATION_CONTEXT() REPRESENTATION_CONTEXT('2D SPACE',''
  ) );
#12233 = ADVANCED_FACE('',(#12234),#9774,.F.);
#12234 = FACE_BOUND('',#12235,.F.);
#12235 = EDGE_LOOP('',(#12236,#12237,#12258,#12259));
#12236 = ORIENTED_EDGE('',*,*,#11104,.F.);
#12237 = ORIENTED_EDGE('',*,*,#12238,.T.);
#12238 = EDGE_CURVE('',#11105,#9758,#12239,.T.);
#12239 = SURFACE_CURVE('',#12240,(#12244,#12251),.PCURVE_S1.);
#12240 = LINE('',#12241,#12242);
#12241 = CARTESIAN_POINT('',(-234.05,0.1,1.9));
#12242 = VECTOR('',#12243,1.);
#12243 = DIRECTION('',(0.,-1.,0.));
#12244 = PCURVE('',#9774,#12245);
#12245 = DEFINITIONAL_REPRESENTATION('',(#12246),#12250);
#12246 = LINE('',#12247,#12248);
#12247 = CARTESIAN_POINT('',(0.,0.));
#12248 = VECTOR('',#12249,1.);
#12249 = DIRECTION('',(0.,-1.));
#12250 = ( GEOMETRIC_REPRESENTATION_CONTEXT(2) 
PARAMETRIC_REPRESENTATION_CONTEXT() REPRESENTATION_CONTEXT('2D SPACE',''
  ) );
#12251 = PCURVE('',#9801,#12252);
#12252 = DEFINITIONAL_REPRESENTATION('',(#12253),#12257);
#12253 = LINE('',#12254,#12255);
#12254 = CARTESIAN_POINT('',(3.,0.));
#12255 = VECTOR('',#12256,1.);
#12256 = DIRECTION('',(0.,-1.));
#12257 = ( GEOMETRIC_REPRESENTATION_CONTEXT(2) 
PARAMETRIC_REPRESENTATION_CONTEXT() REPRESENTATION_CONTEXT('2D SPACE',''
  ) );
#12258 = ORIENTED_EDGE('',*,*,#9757,.T.);
#12259 = ORIENTED_EDGE('',*,*,#12191,.F.);
#12260 = ADVANCED_FACE('',(#12261),#9827,.F.);
#12261 = FACE_BOUND('',#12262,.F.);
#12262 = EDGE_LOOP('',(#12263,#12264,#12265,#12266));
#12263 = ORIENTED_EDGE('',*,*,#11149,.F.);
#12264 = ORIENTED_EDGE('',*,*,#12213,.T.);
#12265 = ORIENTED_EDGE('',*,*,#9812,.T.);
#12266 = ORIENTED_EDGE('',*,*,#12267,.F.);
#12267 = EDGE_CURVE('',#11129,#9787,#12268,.T.);
#12268 = SURFACE_CURVE('',#12269,(#12273,#12280),.PCURVE_S1.);
#12269 = LINE('',#12270,#12271);
#12270 = CARTESIAN_POINT('',(-231.05,0.1,1.9));
#12271 = VECTOR('',#12272,1.);
#12272 = DIRECTION('',(0.,-1.,0.));
#12273 = PCURVE('',#9827,#12274);
#12274 = DEFINITIONAL_REPRESENTATION('',(#12275),#12279);
#12275 = LINE('',#12276,#12277);
#12276 = CARTESIAN_POINT('',(3.14159265359,0.));
#12277 = VECTOR('',#12278,1.);
#12278 = DIRECTION('',(0.,-1.));
#12279 = ( GEOMETRIC_REPRESENTATION_CONTEXT(2) 
PARAMETRIC_REPRESENTATION_CONTEXT() REPRESENTATION_CONTEXT('2D SPACE',''
  ) );
#12280 = PCURVE('',#9801,#12281);
#12281 = DEFINITIONAL_REPRESENTATION('',(#12282),#12286);
#12282 = LINE('',#12283,#12284);
#12283 = CARTESIAN_POINT('',(0.,0.));
#12284 = VECTOR('',#12285,1.);
#12285 = DIRECTION('',(0.,-1.));
#12286 = ( GEOMETRIC_REPRESENTATION_CONTEXT(2) 
PARAMETRIC_REPRESENTATION_CONTEXT() REPRESENTATION_CONTEXT('2D SPACE',''
  ) );
#12287 = ADVANCED_FACE('',(#12288),#9801,.F.);
#12288 = FACE_BOUND('',#12289,.F.);
#12289 = EDGE_LOOP('',(#12290,#12291,#12292,#12293));
#12290 = ORIENTED_EDGE('',*,*,#11128,.F.);
#12291 = ORIENTED_EDGE('',*,*,#12267,.T.);
#12292 = ORIENTED_EDGE('',*,*,#9786,.T.);
#12293 = ORIENTED_EDGE('',*,*,#12238,.F.);
#12294 = ADVANCED_FACE('',(#12295),#9858,.F.);
#12295 = FACE_BOUND('',#12296,.F.);
#12296 = EDGE_LOOP('',(#12297,#12321,#12342,#12343));
#12297 = ORIENTED_EDGE('',*,*,#12298,.F.);
#12298 = EDGE_CURVE('',#12299,#12299,#12301,.T.);
#12299 = VERTEX_POINT('',#12300);
#12300 = CARTESIAN_POINT('',(-160.,-1.25,9.25));
#12301 = SURFACE_CURVE('',#12302,(#12307,#12314),.PCURVE_S1.);
#12302 = CIRCLE('',#12303,2.25);
#12303 = AXIS2_PLACEMENT_3D('',#12304,#12305,#12306);
#12304 = CARTESIAN_POINT('',(-160.,-1.25,7.));
#12305 = DIRECTION('',(0.,1.,0.));
#12306 = DIRECTION('',(0.,-0.,1.));
#12307 = PCURVE('',#9858,#12308);
#12308 = DEFINITIONAL_REPRESENTATION('',(#12309),#12313);
#12309 = LINE('',#12310,#12311);
#12310 = CARTESIAN_POINT('',(-0.,-1.75));
#12311 = VECTOR('',#12312,1.);
#12312 = DIRECTION('',(-1.,-0.));
#12313 = ( GEOMETRIC_REPRESENTATION_CONTEXT(2) 
PARAMETRIC_REPRESENTATION_CONTEXT() REPRESENTATION_CONTEXT('2D SPACE',''
  ) );
#12314 = PCURVE('',#11190,#12315);
#12315 = DEFINITIONAL_REPRESENTATION('',(#12316),#12320);
#12316 = LINE('',#12317,#12318);
#12317 = CARTESIAN_POINT('',(0.,1.75));
#12318 = VECTOR('',#12319,1.);
#12319 = DIRECTION('',(1.,0.));
#12320 = ( GEOMETRIC_REPRESENTATION_CONTEXT(2) 
PARAMETRIC_REPRESENTATION_CONTEXT() REPRESENTATION_CONTEXT('2D SPACE',''
  ) );
#12321 = ORIENTED_EDGE('',*,*,#12322,.F.);
#12322 = EDGE_CURVE('',#9842,#12299,#12323,.T.);
#12323 = SEAM_CURVE('',#12324,(#12328,#12335),.PCURVE_S1.);
#12324 = LINE('',#12325,#12326);
#12325 = CARTESIAN_POINT('',(-160.,-3.,11.));
#12326 = VECTOR('',#12327,1.);
#12327 = DIRECTION('',(1.731912112471E-16,0.707106781187,-0.707106781187
    ));
#12328 = PCURVE('',#9858,#12329);
#12329 = DEFINITIONAL_REPRESENTATION('',(#12330),#12334);
#12330 = LINE('',#12331,#12332);
#12331 = CARTESIAN_POINT('',(-6.28318530718,0.));
#12332 = VECTOR('',#12333,1.);
#12333 = DIRECTION('',(-0.,-1.));
#12334 = ( GEOMETRIC_REPRESENTATION_CONTEXT(2) 
PARAMETRIC_REPRESENTATION_CONTEXT() REPRESENTATION_CONTEXT('2D SPACE',''
  ) );
#12335 = PCURVE('',#9858,#12336);
#12336 = DEFINITIONAL_REPRESENTATION('',(#12337),#12341);
#12337 = LINE('',#12338,#12339);
#12338 = CARTESIAN_POINT('',(0.,-0.));
#12339 = VECTOR('',#12340,1.);
#12340 = DIRECTION('',(-0.,-1.));
#12341 = ( GEOMETRIC_REPRESENTATION_CONTEXT(2) 
PARAMETRIC_REPRESENTATION_CONTEXT() REPRESENTATION_CONTEXT('2D SPACE',''
  ) );
#12342 = ORIENTED_EDGE('',*,*,#9841,.T.);
#12343 = ORIENTED_EDGE('',*,*,#12322,.T.);
#12344 = ADVANCED_FACE('',(#12345),#9889,.F.);
#12345 = FACE_BOUND('',#12346,.F.);
#12346 = EDGE_LOOP('',(#12347,#12348,#12369,#12370));
#12347 = ORIENTED_EDGE('',*,*,#11204,.F.);
#12348 = ORIENTED_EDGE('',*,*,#12349,.F.);
#12349 = EDGE_CURVE('',#9873,#11205,#12350,.T.);
#12350 = SEAM_CURVE('',#12351,(#12355,#12362),.PCURVE_S1.);
#12351 = LINE('',#12352,#12353);
#12352 = CARTESIAN_POINT('',(-180.,-3.1,39.5));
#12353 = VECTOR('',#12354,1.);
#12354 = DIRECTION('',(0.,1.,0.));
#12355 = PCURVE('',#9889,#12356);
#12356 = DEFINITIONAL_REPRESENTATION('',(#12357),#12361);
#12357 = LINE('',#12358,#12359);
#12358 = CARTESIAN_POINT('',(6.28318530718,-0.));
#12359 = VECTOR('',#12360,1.);
#12360 = DIRECTION('',(0.,1.));
#12361 = ( GEOMETRIC_REPRESENTATION_CONTEXT(2) 
PARAMETRIC_REPRESENTATION_CONTEXT() REPRESENTATION_CONTEXT('2D SPACE',''
  ) );
#12362 = PCURVE('',#9889,#12363);
#12363 = DEFINITIONAL_REPRESENTATION('',(#12364),#12368);
#12364 = LINE('',#12365,#12366);
#12365 = CARTESIAN_POINT('',(0.,-0.));
#12366 = VECTOR('',#12367,1.);
#12367 = DIRECTION('',(0.,1.));
#12368 = ( GEOMETRIC_REPRESENTATION_CONTEXT(2) 
PARAMETRIC_REPRESENTATION_CONTEXT() REPRESENTATION_CONTEXT('2D SPACE',''
  ) );
#12369 = ORIENTED_EDGE('',*,*,#9872,.T.);
#12370 = ORIENTED_EDGE('',*,*,#12349,.T.);
#12371 = ADVANCED_FACE('',(#12372),#9920,.F.);
#12372 = FACE_BOUND('',#12373,.F.);
#12373 = EDGE_LOOP('',(#12374,#12375,#12396,#12397));
#12374 = ORIENTED_EDGE('',*,*,#11230,.F.);
#12375 = ORIENTED_EDGE('',*,*,#12376,.F.);
#12376 = EDGE_CURVE('',#9904,#11231,#12377,.T.);
#12377 = SEAM_CURVE('',#12378,(#12382,#12389),.PCURVE_S1.);
#12378 = LINE('',#12379,#12380);
#12379 = CARTESIAN_POINT('',(-140.,-3.1,39.5));
#12380 = VECTOR('',#12381,1.);
#12381 = DIRECTION('',(0.,1.,0.));
#12382 = PCURVE('',#9920,#12383);
#12383 = DEFINITIONAL_REPRESENTATION('',(#12384),#12388);
#12384 = LINE('',#12385,#12386);
#12385 = CARTESIAN_POINT('',(6.28318530718,-0.));
#12386 = VECTOR('',#12387,1.);
#12387 = DIRECTION('',(0.,1.));
#12388 = ( GEOMETRIC_REPRESENTATION_CONTEXT(2) 
PARAMETRIC_REPRESENTATION_CONTEXT() REPRESENTATION_CONTEXT('2D SPACE',''
  ) );
#12389 = PCURVE('',#9920,#12390);
#12390 = DEFINITIONAL_REPRESENTATION('',(#12391),#12395);
#12391 = LINE('',#12392,#12393);
#12392 = CARTESIAN_POINT('',(0.,-0.));
#12393 = VECTOR('',#12394,1.);
#12394 = DIRECTION('',(0.,1.));
#12395 = ( GEOMETRIC_REPRESENTATION_CONTEXT(2) 
PARAMETRIC_REPRESENTATION_CONTEXT() REPRESENTATION_CONTEXT('2D SPACE',''
  ) );
#12396 = ORIENTED_EDGE('',*,*,#9903,.T.);
#12397 = ORIENTED_EDGE('',*,*,#12376,.T.);
#12398 = ADVANCED_FACE('',(#12399),#9951,.F.);
#12399 = FACE_BOUND('',#12400,.F.);
#12400 = EDGE_LOOP('',(#12401,#12425,#12446,#12447));
#12401 = ORIENTED_EDGE('',*,*,#12402,.F.);
#12402 = EDGE_CURVE('',#12403,#12403,#12405,.T.);
#12403 = VERTEX_POINT('',#12404);
#12404 = CARTESIAN_POINT('',(-5.510910596163E-16,-1.25,9.25));
#12405 = SURFACE_CURVE('',#12406,(#12411,#12418),.PCURVE_S1.);
#12406 = CIRCLE('',#12407,2.25);
#12407 = AXIS2_PLACEMENT_3D('',#12408,#12409,#12410);
#12408 = CARTESIAN_POINT('',(0.,-1.25,7.));
#12409 = DIRECTION('',(0.,1.,0.));
#12410 = DIRECTION('',(0.,-0.,1.));
#12411 = PCURVE('',#9951,#12412);
#12412 = DEFINITIONAL_REPRESENTATION('',(#12413),#12417);
#12413 = LINE('',#12414,#12415);
#12414 = CARTESIAN_POINT('',(-0.,-1.75));
#12415 = VECTOR('',#12416,1.);
#12416 = DIRECTION('',(-1.,-0.));
#12417 = ( GEOMETRIC_REPRESENTATION_CONTEXT(2) 
PARAMETRIC_REPRESENTATION_CONTEXT() REPRESENTATION_CONTEXT('2D SPACE',''
  ) );
#12418 = PCURVE('',#11273,#12419);
#12419 = DEFINITIONAL_REPRESENTATION('',(#12420),#12424);
#12420 = LINE('',#12421,#12422);
#12421 = CARTESIAN_POINT('',(0.,1.75));
#12422 = VECTOR('',#12423,1.);
#12423 = DIRECTION('',(1.,0.));
#12424 = ( GEOMETRIC_REPRESENTATION_CONTEXT(2) 
PARAMETRIC_REPRESENTATION_CONTEXT() REPRESENTATION_CONTEXT('2D SPACE',''
  ) );
#12425 = ORIENTED_EDGE('',*,*,#12426,.F.);
#12426 = EDGE_CURVE('',#9935,#12403,#12427,.T.);
#12427 = SEAM_CURVE('',#12428,(#12432,#12439),.PCURVE_S1.);
#12428 = LINE('',#12429,#12430);
#12429 = CARTESIAN_POINT('',(-9.797174393179E-16,-3.,11.));
#12430 = VECTOR('',#12431,1.);
#12431 = DIRECTION('',(1.731912112471E-16,0.707106781187,-0.707106781187
    ));
#12432 = PCURVE('',#9951,#12433);
#12433 = DEFINITIONAL_REPRESENTATION('',(#12434),#12438);
#12434 = LINE('',#12435,#12436);
#12435 = CARTESIAN_POINT('',(-6.28318530718,0.));
#12436 = VECTOR('',#12437,1.);
#12437 = DIRECTION('',(-0.,-1.));
#12438 = ( GEOMETRIC_REPRESENTATION_CONTEXT(2) 
PARAMETRIC_REPRESENTATION_CONTEXT() REPRESENTATION_CONTEXT('2D SPACE',''
  ) );
#12439 = PCURVE('',#9951,#12440);
#12440 = DEFINITIONAL_REPRESENTATION('',(#12441),#12445);
#12441 = LINE('',#12442,#12443);
#12442 = CARTESIAN_POINT('',(0.,-0.));
#12443 = VECTOR('',#12444,1.);
#12444 = DIRECTION('',(-0.,-1.));
#12445 = ( GEOMETRIC_REPRESENTATION_CONTEXT(2) 
PARAMETRIC_REPRESENTATION_CONTEXT() REPRESENTATION_CONTEXT('2D SPACE',''
  ) );
#12446 = ORIENTED_EDGE('',*,*,#9934,.T.);
#12447 = ORIENTED_EDGE('',*,*,#12426,.T.);
#12448 = ADVANCED_FACE('',(#12449),#9982,.F.);
#12449 = FACE_BOUND('',#12450,.F.);
#12450 = EDGE_LOOP('',(#12451,#12452,#12473,#12474));
#12451 = ORIENTED_EDGE('',*,*,#11287,.F.);
#12452 = ORIENTED_EDGE('',*,*,#12453,.F.);
#12453 = EDGE_CURVE('',#9966,#11288,#12454,.T.);
#12454 = SEAM_CURVE('',#12455,(#12459,#12466),.PCURVE_S1.);
#12455 = LINE('',#12456,#12457);
#12456 = CARTESIAN_POINT('',(-100.,-3.1,39.5));
#12457 = VECTOR('',#12458,1.);
#12458 = DIRECTION('',(0.,1.,0.));
#12459 = PCURVE('',#9982,#12460);
#12460 = DEFINITIONAL_REPRESENTATION('',(#12461),#12465);
#12461 = LINE('',#12462,#12463);
#12462 = CARTESIAN_POINT('',(6.28318530718,-0.));
#12463 = VECTOR('',#12464,1.);
#12464 = DIRECTION('',(0.,1.));
#12465 = ( GEOMETRIC_REPRESENTATION_CONTEXT(2) 
PARAMETRIC_REPRESENTATION_CONTEXT() REPRESENTATION_CONTEXT('2D SPACE',''
  ) );
#12466 = PCURVE('',#9982,#12467);
#12467 = DEFINITIONAL_REPRESENTATION('',(#12468),#12472);
#12468 = LINE('',#12469,#12470);
#12469 = CARTESIAN_POINT('',(0.,-0.));
#12470 = VECTOR('',#12471,1.);
#12471 = DIRECTION('',(0.,1.));
#12472 = ( GEOMETRIC_REPRESENTATION_CONTEXT(2) 
PARAMETRIC_REPRESENTATION_CONTEXT() REPRESENTATION_CONTEXT('2D SPACE',''
  ) );
#12473 = ORIENTED_EDGE('',*,*,#9965,.T.);
#12474 = ORIENTED_EDGE('',*,*,#12453,.T.);
#12475 = ADVANCED_FACE('',(#12476),#10013,.F.);
#12476 = FACE_BOUND('',#12477,.F.);
#12477 = EDGE_LOOP('',(#12478,#12479,#12500,#12501));
#12478 = ORIENTED_EDGE('',*,*,#11313,.F.);
#12479 = ORIENTED_EDGE('',*,*,#12480,.F.);
#12480 = EDGE_CURVE('',#9997,#11314,#12481,.T.);
#12481 = SEAM_CURVE('',#12482,(#12486,#12493),.PCURVE_S1.);
#12482 = LINE('',#12483,#12484);
#12483 = CARTESIAN_POINT('',(-60.,-3.1,39.5));
#12484 = VECTOR('',#12485,1.);
#12485 = DIRECTION('',(0.,1.,0.));
#12486 = PCURVE('',#10013,#12487);
#12487 = DEFINITIONAL_REPRESENTATION('',(#12488),#12492);
#12488 = LINE('',#12489,#12490);
#12489 = CARTESIAN_POINT('',(6.28318530718,-0.));
#12490 = VECTOR('',#12491,1.);
#12491 = DIRECTION('',(0.,1.));
#12492 = ( GEOMETRIC_REPRESENTATION_CONTEXT(2) 
PARAMETRIC_REPRESENTATION_CONTEXT() REPRESENTATION_CONTEXT('2D SPACE',''
  ) );
#12493 = PCURVE('',#10013,#12494);
#12494 = DEFINITIONAL_REPRESENTATION('',(#12495),#12499);
#12495 = LINE('',#12496,#12497);
#12496 = CARTESIAN_POINT('',(0.,-0.));
#12497 = VECTOR('',#12498,1.);
#12498 = DIRECTION('',(0.,1.));
#12499 = ( GEOMETRIC_REPRESENTATION_CONTEXT(2) 
PARAMETRIC_REPRESENTATION_CONTEXT() REPRESENTATION_CONTEXT('2D SPACE',''
  ) );
#12500 = ORIENTED_EDGE('',*,*,#9996,.T.);
#12501 = ORIENTED_EDGE('',*,*,#12480,.T.);
#12502 = ADVANCED_FACE('',(#12503),#10044,.F.);
#12503 = FACE_BOUND('',#12504,.F.);
#12504 = EDGE_LOOP('',(#12505,#12506,#12527,#12528));
#12505 = ORIENTED_EDGE('',*,*,#11339,.F.);
#12506 = ORIENTED_EDGE('',*,*,#12507,.F.);
#12507 = EDGE_CURVE('',#10028,#11340,#12508,.T.);
#12508 = SEAM_CURVE('',#12509,(#12513,#12520),.PCURVE_S1.);
#12509 = LINE('',#12510,#12511);
#12510 = CARTESIAN_POINT('',(-20.,-3.1,39.5));
#12511 = VECTOR('',#12512,1.);
#12512 = DIRECTION('',(0.,1.,0.));
#12513 = PCURVE('',#10044,#12514);
#12514 = DEFINITIONAL_REPRESENTATION('',(#12515),#12519);
#12515 = LINE('',#12516,#12517);
#12516 = CARTESIAN_POINT('',(6.28318530718,-0.));
#12517 = VECTOR('',#12518,1.);
#12518 = DIRECTION('',(0.,1.));
#12519 = ( GEOMETRIC_REPRESENTATION_CONTEXT(2) 
PARAMETRIC_REPRESENTATION_CONTEXT() REPRESENTATION_CONTEXT('2D SPACE',''
  ) );
#12520 = PCURVE('',#10044,#12521);
#12521 = DEFINITIONAL_REPRESENTATION('',(#12522),#12526);
#12522 = LINE('',#12523,#12524);
#12523 = CARTESIAN_POINT('',(0.,-0.));
#12524 = VECTOR('',#12525,1.);
#12525 = DIRECTION('',(0.,1.));
#12526 = ( GEOMETRIC_REPRESENTATION_CONTEXT(2) 
PARAMETRIC_REPRESENTATION_CONTEXT() REPRESENTATION_CONTEXT('2D SPACE',''
  ) );
#12527 = ORIENTED_EDGE('',*,*,#10027,.T.);
#12528 = ORIENTED_EDGE('',*,*,#12507,.T.);
#12529 = ADVANCED_FACE('',(#12530),#10075,.F.);
#12530 = FACE_BOUND('',#12531,.F.);
#12531 = EDGE_LOOP('',(#12532,#12533,#12554,#12555));
#12532 = ORIENTED_EDGE('',*,*,#11365,.F.);
#12533 = ORIENTED_EDGE('',*,*,#12534,.F.);
#12534 = EDGE_CURVE('',#10059,#11366,#12535,.T.);
#12535 = SEAM_CURVE('',#12536,(#12540,#12547),.PCURVE_S1.);
#12536 = LINE('',#12537,#12538);
#12537 = CARTESIAN_POINT('',(-180.,-3.1,79.5));
#12538 = VECTOR('',#12539,1.);
#12539 = DIRECTION('',(0.,1.,0.));
#12540 = PCURVE('',#10075,#12541);
#12541 = DEFINITIONAL_REPRESENTATION('',(#12542),#12546);
#12542 = LINE('',#12543,#12544);
#12543 = CARTESIAN_POINT('',(6.28318530718,-0.));
#12544 = VECTOR('',#12545,1.);
#12545 = DIRECTION('',(0.,1.));
#12546 = ( GEOMETRIC_REPRESENTATION_CONTEXT(2) 
PARAMETRIC_REPRESENTATION_CONTEXT() REPRESENTATION_CONTEXT('2D SPACE',''
  ) );
#12547 = PCURVE('',#10075,#12548);
#12548 = DEFINITIONAL_REPRESENTATION('',(#12549),#12553);
#12549 = LINE('',#12550,#12551);
#12550 = CARTESIAN_POINT('',(0.,-0.));
#12551 = VECTOR('',#12552,1.);
#12552 = DIRECTION('',(0.,1.));
#12553 = ( GEOMETRIC_REPRESENTATION_CONTEXT(2) 
PARAMETRIC_REPRESENTATION_CONTEXT() REPRESENTATION_CONTEXT('2D SPACE',''
  ) );
#12554 = ORIENTED_EDGE('',*,*,#10058,.T.);
#12555 = ORIENTED_EDGE('',*,*,#12534,.T.);
#12556 = ADVANCED_FACE('',(#12557),#10106,.F.);
#12557 = FACE_BOUND('',#12558,.F.);
#12558 = EDGE_LOOP('',(#12559,#12560,#12581,#12582));
#12559 = ORIENTED_EDGE('',*,*,#11391,.F.);
#12560 = ORIENTED_EDGE('',*,*,#12561,.F.);
#12561 = EDGE_CURVE('',#10090,#11392,#12562,.T.);
#12562 = SEAM_CURVE('',#12563,(#12567,#12574),.PCURVE_S1.);
#12563 = LINE('',#12564,#12565);
#12564 = CARTESIAN_POINT('',(-140.,-3.1,79.5));
#12565 = VECTOR('',#12566,1.);
#12566 = DIRECTION('',(0.,1.,0.));
#12567 = PCURVE('',#10106,#12568);
#12568 = DEFINITIONAL_REPRESENTATION('',(#12569),#12573);
#12569 = LINE('',#12570,#12571);
#12570 = CARTESIAN_POINT('',(6.28318530718,-0.));
#12571 = VECTOR('',#12572,1.);
#12572 = DIRECTION('',(0.,1.));
#12573 = ( GEOMETRIC_REPRESENTATION_CONTEXT(2) 
PARAMETRIC_REPRESENTATION_CONTEXT() REPRESENTATION_CONTEXT('2D SPACE',''
  ) );
#12574 = PCURVE('',#10106,#12575);
#12575 = DEFINITIONAL_REPRESENTATION('',(#12576),#12580);
#12576 = LINE('',#12577,#12578);
#12577 = CARTESIAN_POINT('',(0.,-0.));
#12578 = VECTOR('',#12579,1.);
#12579 = DIRECTION('',(0.,1.));
#12580 = ( GEOMETRIC_REPRESENTATION_CONTEXT(2) 
PARAMETRIC_REPRESENTATION_CONTEXT() REPRESENTATION_CONTEXT('2D SPACE',''
  ) );
#12581 = ORIENTED_EDGE('',*,*,#10089,.T.);
#12582 = ORIENTED_EDGE('',*,*,#12561,.T.);
#12583 = ADVANCED_FACE('',(#12584),#10137,.F.);
#12584 = FACE_BOUND('',#12585,.F.);
#12585 = EDGE_LOOP('',(#12586,#12587,#12608,#12609));
#12586 = ORIENTED_EDGE('',*,*,#11417,.F.);
#12587 = ORIENTED_EDGE('',*,*,#12588,.T.);
#12588 = EDGE_CURVE('',#11418,#10121,#12589,.T.);
#12589 = SURFACE_CURVE('',#12590,(#12594,#12601),.PCURVE_S1.);
#12590 = LINE('',#12591,#12592);
#12591 = CARTESIAN_POINT('',(-234.05,0.1,85.1));
#12592 = VECTOR('',#12593,1.);
#12593 = DIRECTION('',(0.,-1.,0.));
#12594 = PCURVE('',#10137,#12595);
#12595 = DEFINITIONAL_REPRESENTATION('',(#12596),#12600);
#12596 = LINE('',#12597,#12598);
#12597 = CARTESIAN_POINT('',(0.,0.));
#12598 = VECTOR('',#12599,1.);
#12599 = DIRECTION('',(0.,-1.));
#12600 = ( GEOMETRIC_REPRESENTATION_CONTEXT(2) 
PARAMETRIC_REPRESENTATION_CONTEXT() REPRESENTATION_CONTEXT('2D SPACE',''
  ) );
#12601 = PCURVE('',#10165,#12602);
#12602 = DEFINITIONAL_REPRESENTATION('',(#12603),#12607);
#12603 = LINE('',#12604,#12605);
#12604 = CARTESIAN_POINT('',(3.14159265359,0.));
#12605 = VECTOR('',#12606,1.);
#12606 = DIRECTION('',(0.,-1.));
#12607 = ( GEOMETRIC_REPRESENTATION_CONTEXT(2) 
PARAMETRIC_REPRESENTATION_CONTEXT() REPRESENTATION_CONTEXT('2D SPACE',''
  ) );
#12608 = ORIENTED_EDGE('',*,*,#10120,.T.);
#12609 = ORIENTED_EDGE('',*,*,#12610,.F.);
#12610 = EDGE_CURVE('',#11420,#10123,#12611,.T.);
#12611 = SURFACE_CURVE('',#12612,(#12616,#12623),.PCURVE_S1.);
#12612 = LINE('',#12613,#12614);
#12613 = CARTESIAN_POINT('',(-231.05,0.1,85.1));
#12614 = VECTOR('',#12615,1.);
#12615 = DIRECTION('',(0.,-1.,0.));
#12616 = PCURVE('',#10137,#12617);
#12617 = DEFINITIONAL_REPRESENTATION('',(#12618),#12622);
#12618 = LINE('',#12619,#12620);
#12619 = CARTESIAN_POINT('',(3.,0.));
#12620 = VECTOR('',#12621,1.);
#12621 = DIRECTION('',(0.,-1.));
#12622 = ( GEOMETRIC_REPRESENTATION_CONTEXT(2) 
PARAMETRIC_REPRESENTATION_CONTEXT() REPRESENTATION_CONTEXT('2D SPACE',''
  ) );
#12623 = PCURVE('',#10218,#12624);
#12624 = DEFINITIONAL_REPRESENTATION('',(#12625),#12629);
#12625 = LINE('',#12626,#12627);
#12626 = CARTESIAN_POINT('',(0.,0.));
#12627 = VECTOR('',#12628,1.);
#12628 = DIRECTION('',(0.,-1.));
#12629 = ( GEOMETRIC_REPRESENTATION_CONTEXT(2) 
PARAMETRIC_REPRESENTATION_CONTEXT() REPRESENTATION_CONTEXT('2D SPACE',''
  ) );
#12630 = ADVANCED_FACE('',(#12631),#10165,.F.);
#12631 = FACE_BOUND('',#12632,.F.);
#12632 = EDGE_LOOP('',(#12633,#12634,#12655,#12656));
#12633 = ORIENTED_EDGE('',*,*,#11440,.F.);
#12634 = ORIENTED_EDGE('',*,*,#12635,.T.);
#12635 = EDGE_CURVE('',#11441,#10149,#12636,.T.);
#12636 = SURFACE_CURVE('',#12637,(#12641,#12648),.PCURVE_S1.);
#12637 = LINE('',#12638,#12639);
#12638 = CARTESIAN_POINT('',(-234.05,0.1,78.1));
#12639 = VECTOR('',#12640,1.);
#12640 = DIRECTION('',(0.,-1.,0.));
#12641 = PCURVE('',#10165,#12642);
#12642 = DEFINITIONAL_REPRESENTATION('',(#12643),#12647);
#12643 = LINE('',#12644,#12645);
#12644 = CARTESIAN_POINT('',(0.,0.));
#12645 = VECTOR('',#12646,1.);
#12646 = DIRECTION('',(0.,-1.));
#12647 = ( GEOMETRIC_REPRESENTATION_CONTEXT(2) 
PARAMETRIC_REPRESENTATION_CONTEXT() REPRESENTATION_CONTEXT('2D SPACE',''
  ) );
#12648 = PCURVE('',#10192,#12649);
#12649 = DEFINITIONAL_REPRESENTATION('',(#12650),#12654);
#12650 = LINE('',#12651,#12652);
#12651 = CARTESIAN_POINT('',(3.,0.));
#12652 = VECTOR('',#12653,1.);
#12653 = DIRECTION('',(0.,-1.));
#12654 = ( GEOMETRIC_REPRESENTATION_CONTEXT(2) 
PARAMETRIC_REPRESENTATION_CONTEXT() REPRESENTATION_CONTEXT('2D SPACE',''
  ) );
#12655 = ORIENTED_EDGE('',*,*,#10148,.T.);
#12656 = ORIENTED_EDGE('',*,*,#12588,.F.);
#12657 = ADVANCED_FACE('',(#12658),#10218,.F.);
#12658 = FACE_BOUND('',#12659,.F.);
#12659 = EDGE_LOOP('',(#12660,#12661,#12662,#12663));
#12660 = ORIENTED_EDGE('',*,*,#11485,.F.);
#12661 = ORIENTED_EDGE('',*,*,#12610,.T.);
#12662 = ORIENTED_EDGE('',*,*,#10203,.T.);
#12663 = ORIENTED_EDGE('',*,*,#12664,.F.);
#12664 = EDGE_CURVE('',#11465,#10178,#12665,.T.);
#12665 = SURFACE_CURVE('',#12666,(#12670,#12677),.PCURVE_S1.);
#12666 = LINE('',#12667,#12668);
#12667 = CARTESIAN_POINT('',(-231.05,0.1,78.1));
#12668 = VECTOR('',#12669,1.);
#12669 = DIRECTION('',(0.,-1.,0.));
#12670 = PCURVE('',#10218,#12671);
#12671 = DEFINITIONAL_REPRESENTATION('',(#12672),#12676);
#12672 = LINE('',#12673,#12674);
#12673 = CARTESIAN_POINT('',(3.14159265359,0.));
#12674 = VECTOR('',#12675,1.);
#12675 = DIRECTION('',(0.,-1.));
#12676 = ( GEOMETRIC_REPRESENTATION_CONTEXT(2) 
PARAMETRIC_REPRESENTATION_CONTEXT() REPRESENTATION_CONTEXT('2D SPACE',''
  ) );
#12677 = PCURVE('',#10192,#12678);
#12678 = DEFINITIONAL_REPRESENTATION('',(#12679),#12683);
#12679 = LINE('',#12680,#12681);
#12680 = CARTESIAN_POINT('',(0.,0.));
#12681 = VECTOR('',#12682,1.);
#12682 = DIRECTION('',(0.,-1.));
#12683 = ( GEOMETRIC_REPRESENTATION_CONTEXT(2) 
PARAMETRIC_REPRESENTATION_CONTEXT() REPRESENTATION_CONTEXT('2D SPACE',''
  ) );
#12684 = ADVANCED_FACE('',(#12685),#10192,.F.);
#12685 = FACE_BOUND('',#12686,.F.);
#12686 = EDGE_LOOP('',(#12687,#12688,#12689,#12690));
#12687 = ORIENTED_EDGE('',*,*,#11464,.F.);
#12688 = ORIENTED_EDGE('',*,*,#12664,.T.);
#12689 = ORIENTED_EDGE('',*,*,#10177,.T.);
#12690 = ORIENTED_EDGE('',*,*,#12635,.F.);
#12691 = ADVANCED_FACE('',(#12692),#10249,.F.);
#12692 = FACE_BOUND('',#12693,.F.);
#12693 = EDGE_LOOP('',(#12694,#12718,#12739,#12740));
#12694 = ORIENTED_EDGE('',*,*,#12695,.F.);
#12695 = EDGE_CURVE('',#12696,#12696,#12698,.T.);
#12696 = VERTEX_POINT('',#12697);
#12697 = CARTESIAN_POINT('',(-160.,-1.25,82.25));
#12698 = SURFACE_CURVE('',#12699,(#12704,#12711),.PCURVE_S1.);
#12699 = CIRCLE('',#12700,2.25);
#12700 = AXIS2_PLACEMENT_3D('',#12701,#12702,#12703);
#12701 = CARTESIAN_POINT('',(-160.,-1.25,80.));
#12702 = DIRECTION('',(0.,1.,0.));
#12703 = DIRECTION('',(0.,-0.,1.));
#12704 = PCURVE('',#10249,#12705);
#12705 = DEFINITIONAL_REPRESENTATION('',(#12706),#12710);
#12706 = LINE('',#12707,#12708);
#12707 = CARTESIAN_POINT('',(-0.,-1.75));
#12708 = VECTOR('',#12709,1.);
#12709 = DIRECTION('',(-1.,-0.));
#12710 = ( GEOMETRIC_REPRESENTATION_CONTEXT(2) 
PARAMETRIC_REPRESENTATION_CONTEXT() REPRESENTATION_CONTEXT('2D SPACE',''
  ) );
#12711 = PCURVE('',#11526,#12712);
#12712 = DEFINITIONAL_REPRESENTATION('',(#12713),#12717);
#12713 = LINE('',#12714,#12715);
#12714 = CARTESIAN_POINT('',(0.,1.75));
#12715 = VECTOR('',#12716,1.);
#12716 = DIRECTION('',(1.,0.));
#12717 = ( GEOMETRIC_REPRESENTATION_CONTEXT(2) 
PARAMETRIC_REPRESENTATION_CONTEXT() REPRESENTATION_CONTEXT('2D SPACE',''
  ) );
#12718 = ORIENTED_EDGE('',*,*,#12719,.F.);
#12719 = EDGE_CURVE('',#10233,#12696,#12720,.T.);
#12720 = SEAM_CURVE('',#12721,(#12725,#12732),.PCURVE_S1.);
#12721 = LINE('',#12722,#12723);
#12722 = CARTESIAN_POINT('',(-160.,-3.,84.));
#12723 = VECTOR('',#12724,1.);
#12724 = DIRECTION('',(1.731912112471E-16,0.707106781187,-0.707106781187
    ));
#12725 = PCURVE('',#10249,#12726);
#12726 = DEFINITIONAL_REPRESENTATION('',(#12727),#12731);
#12727 = LINE('',#12728,#12729);
#12728 = CARTESIAN_POINT('',(-6.28318530718,0.));
#12729 = VECTOR('',#12730,1.);
#12730 = DIRECTION('',(-0.,-1.));
#12731 = ( GEOMETRIC_REPRESENTATION_CONTEXT(2) 
PARAMETRIC_REPRESENTATION_CONTEXT() REPRESENTATION_CONTEXT('2D SPACE',''
  ) );
#12732 = PCURVE('',#10249,#12733);
#12733 = DEFINITIONAL_REPRESENTATION('',(#12734),#12738);
#12734 = LINE('',#12735,#12736);
#12735 = CARTESIAN_POINT('',(0.,-0.));
#12736 = VECTOR('',#12737,1.);
#12737 = DIRECTION('',(-0.,-1.));
#12738 = ( GEOMETRIC_REPRESENTATION_CONTEXT(2) 
PARAMETRIC_REPRESENTATION_CONTEXT() REPRESENTATION_CONTEXT('2D SPACE',''
  ) );
#12739 = ORIENTED_EDGE('',*,*,#10232,.T.);
#12740 = ORIENTED_EDGE('',*,*,#12719,.T.);
#12741 = ADVANCED_FACE('',(#12742),#10280,.F.);
#12742 = FACE_BOUND('',#12743,.F.);
#12743 = EDGE_LOOP('',(#12744,#12745,#12766,#12767));
#12744 = ORIENTED_EDGE('',*,*,#11540,.F.);
#12745 = ORIENTED_EDGE('',*,*,#12746,.F.);
#12746 = EDGE_CURVE('',#10264,#11541,#12747,.T.);
#12747 = SEAM_CURVE('',#12748,(#12752,#12759),.PCURVE_S1.);
#12748 = LINE('',#12749,#12750);
#12749 = CARTESIAN_POINT('',(-100.,-3.1,79.5));
#12750 = VECTOR('',#12751,1.);
#12751 = DIRECTION('',(0.,1.,0.));
#12752 = PCURVE('',#10280,#12753);
#12753 = DEFINITIONAL_REPRESENTATION('',(#12754),#12758);
#12754 = LINE('',#12755,#12756);
#12755 = CARTESIAN_POINT('',(6.28318530718,-0.));
#12756 = VECTOR('',#12757,1.);
#12757 = DIRECTION('',(0.,1.));
#12758 = ( GEOMETRIC_REPRESENTATION_CONTEXT(2) 
PARAMETRIC_REPRESENTATION_CONTEXT() REPRESENTATION_CONTEXT('2D SPACE',''
  ) );
#12759 = PCURVE('',#10280,#12760);
#12760 = DEFINITIONAL_REPRESENTATION('',(#12761),#12765);
#12761 = LINE('',#12762,#12763);
#12762 = CARTESIAN_POINT('',(0.,-0.));
#12763 = VECTOR('',#12764,1.);
#12764 = DIRECTION('',(0.,1.));
#12765 = ( GEOMETRIC_REPRESENTATION_CONTEXT(2) 
PARAMETRIC_REPRESENTATION_CONTEXT() REPRESENTATION_CONTEXT('2D SPACE',''
  ) );
#12766 = ORIENTED_EDGE('',*,*,#10263,.T.);
#12767 = ORIENTED_EDGE('',*,*,#12746,.T.);
#12768 = ADVANCED_FACE('',(#12769),#10311,.F.);
#12769 = FACE_BOUND('',#12770,.F.);
#12770 = EDGE_LOOP('',(#12771,#12772,#12793,#12794));
#12771 = ORIENTED_EDGE('',*,*,#11566,.F.);
#12772 = ORIENTED_EDGE('',*,*,#12773,.F.);
#12773 = EDGE_CURVE('',#10295,#11567,#12774,.T.);
#12774 = SEAM_CURVE('',#12775,(#12779,#12786),.PCURVE_S1.);
#12775 = LINE('',#12776,#12777);
#12776 = CARTESIAN_POINT('',(-60.,-3.1,79.5));
#12777 = VECTOR('',#12778,1.);
#12778 = DIRECTION('',(0.,1.,0.));
#12779 = PCURVE('',#10311,#12780);
#12780 = DEFINITIONAL_REPRESENTATION('',(#12781),#12785);
#12781 = LINE('',#12782,#12783);
#12782 = CARTESIAN_POINT('',(6.28318530718,-0.));
#12783 = VECTOR('',#12784,1.);
#12784 = DIRECTION('',(0.,1.));
#12785 = ( GEOMETRIC_REPRESENTATION_CONTEXT(2) 
PARAMETRIC_REPRESENTATION_CONTEXT() REPRESENTATION_CONTEXT('2D SPACE',''
  ) );
#12786 = PCURVE('',#10311,#12787);
#12787 = DEFINITIONAL_REPRESENTATION('',(#12788),#12792);
#12788 = LINE('',#12789,#12790);
#12789 = CARTESIAN_POINT('',(0.,-0.));
#12790 = VECTOR('',#12791,1.);
#12791 = DIRECTION('',(0.,1.));
#12792 = ( GEOMETRIC_REPRESENTATION_CONTEXT(2) 
PARAMETRIC_REPRESENTATION_CONTEXT() REPRESENTATION_CONTEXT('2D SPACE',''
  ) );
#12793 = ORIENTED_EDGE('',*,*,#10294,.T.);
#12794 = ORIENTED_EDGE('',*,*,#12773,.T.);
#12795 = ADVANCED_FACE('',(#12796),#10342,.F.);
#12796 = FACE_BOUND('',#12797,.F.);
#12797 = EDGE_LOOP('',(#12798,#12799,#12820,#12821));
#12798 = ORIENTED_EDGE('',*,*,#11592,.F.);
#12799 = ORIENTED_EDGE('',*,*,#12800,.F.);
#12800 = EDGE_CURVE('',#10326,#11593,#12801,.T.);
#12801 = SEAM_CURVE('',#12802,(#12806,#12813),.PCURVE_S1.);
#12802 = LINE('',#12803,#12804);
#12803 = CARTESIAN_POINT('',(-20.,-3.1,79.5));
#12804 = VECTOR('',#12805,1.);
#12805 = DIRECTION('',(0.,1.,0.));
#12806 = PCURVE('',#10342,#12807);
#12807 = DEFINITIONAL_REPRESENTATION('',(#12808),#12812);
#12808 = LINE('',#12809,#12810);
#12809 = CARTESIAN_POINT('',(6.28318530718,-0.));
#12810 = VECTOR('',#12811,1.);
#12811 = DIRECTION('',(0.,1.));
#12812 = ( GEOMETRIC_REPRESENTATION_CONTEXT(2) 
PARAMETRIC_REPRESENTATION_CONTEXT() REPRESENTATION_CONTEXT('2D SPACE',''
  ) );
#12813 = PCURVE('',#10342,#12814);
#12814 = DEFINITIONAL_REPRESENTATION('',(#12815),#12819);
#12815 = LINE('',#12816,#12817);
#12816 = CARTESIAN_POINT('',(0.,-0.));
#12817 = VECTOR('',#12818,1.);
#12818 = DIRECTION('',(0.,1.));
#12819 = ( GEOMETRIC_REPRESENTATION_CONTEXT(2) 
PARAMETRIC_REPRESENTATION_CONTEXT() REPRESENTATION_CONTEXT('2D SPACE',''
  ) );
#12820 = ORIENTED_EDGE('',*,*,#10325,.T.);
#12821 = ORIENTED_EDGE('',*,*,#12800,.T.);
#12822 = ADVANCED_FACE('',(#12823),#10373,.F.);
#12823 = FACE_BOUND('',#12824,.F.);
#12824 = EDGE_LOOP('',(#12825,#12849,#12870,#12871));
#12825 = ORIENTED_EDGE('',*,*,#12826,.F.);
#12826 = EDGE_CURVE('',#12827,#12827,#12829,.T.);
#12827 = VERTEX_POINT('',#12828);
#12828 = CARTESIAN_POINT('',(-5.510910596163E-16,-1.25,82.25));
#12829 = SURFACE_CURVE('',#12830,(#12835,#12842),.PCURVE_S1.);
#12830 = CIRCLE('',#12831,2.25);
#12831 = AXIS2_PLACEMENT_3D('',#12832,#12833,#12834);
#12832 = CARTESIAN_POINT('',(0.,-1.25,80.));
#12833 = DIRECTION('',(0.,1.,0.));
#12834 = DIRECTION('',(0.,-0.,1.));
#12835 = PCURVE('',#10373,#12836);
#12836 = DEFINITIONAL_REPRESENTATION('',(#12837),#12841);
#12837 = LINE('',#12838,#12839);
#12838 = CARTESIAN_POINT('',(-0.,-1.75));
#12839 = VECTOR('',#12840,1.);
#12840 = DIRECTION('',(-1.,-0.));
#12841 = ( GEOMETRIC_REPRESENTATION_CONTEXT(2) 
PARAMETRIC_REPRESENTATION_CONTEXT() REPRESENTATION_CONTEXT('2D SPACE',''
  ) );
#12842 = PCURVE('',#11635,#12843);
#12843 = DEFINITIONAL_REPRESENTATION('',(#12844),#12848);
#12844 = LINE('',#12845,#12846);
#12845 = CARTESIAN_POINT('',(0.,1.75));
#12846 = VECTOR('',#12847,1.);
#12847 = DIRECTION('',(1.,0.));
#12848 = ( GEOMETRIC_REPRESENTATION_CONTEXT(2) 
PARAMETRIC_REPRESENTATION_CONTEXT() REPRESENTATION_CONTEXT('2D SPACE',''
  ) );
#12849 = ORIENTED_EDGE('',*,*,#12850,.F.);
#12850 = EDGE_CURVE('',#10357,#12827,#12851,.T.);
#12851 = SEAM_CURVE('',#12852,(#12856,#12863),.PCURVE_S1.);
#12852 = LINE('',#12853,#12854);
#12853 = CARTESIAN_POINT('',(-9.797174393179E-16,-3.,84.));
#12854 = VECTOR('',#12855,1.);
#12855 = DIRECTION('',(1.731912112471E-16,0.707106781187,-0.707106781187
    ));
#12856 = PCURVE('',#10373,#12857);
#12857 = DEFINITIONAL_REPRESENTATION('',(#12858),#12862);
#12858 = LINE('',#12859,#12860);
#12859 = CARTESIAN_POINT('',(-6.28318530718,0.));
#12860 = VECTOR('',#12861,1.);
#12861 = DIRECTION('',(-0.,-1.));
#12862 = ( GEOMETRIC_REPRESENTATION_CONTEXT(2) 
PARAMETRIC_REPRESENTATION_CONTEXT() REPRESENTATION_CONTEXT('2D SPACE',''
  ) );
#12863 = PCURVE('',#10373,#12864);
#12864 = DEFINITIONAL_REPRESENTATION('',(#12865),#12869);
#12865 = LINE('',#12866,#12867);
#12866 = CARTESIAN_POINT('',(0.,-0.));
#12867 = VECTOR('',#12868,1.);
#12868 = DIRECTION('',(-0.,-1.));
#12869 = ( GEOMETRIC_REPRESENTATION_CONTEXT(2) 
PARAMETRIC_REPRESENTATION_CONTEXT() REPRESENTATION_CONTEXT('2D SPACE',''
  ) );
#12870 = ORIENTED_EDGE('',*,*,#10356,.T.);
#12871 = ORIENTED_EDGE('',*,*,#12850,.T.);
#12872 = ADVANCED_FACE('',(#12873),#10404,.F.);
#12873 = FACE_BOUND('',#12874,.F.);
#12874 = EDGE_LOOP('',(#12875,#12876,#12897,#12898));
#12875 = ORIENTED_EDGE('',*,*,#11649,.F.);
#12876 = ORIENTED_EDGE('',*,*,#12877,.F.);
#12877 = EDGE_CURVE('',#10388,#11650,#12878,.T.);
#12878 = SEAM_CURVE('',#12879,(#12883,#12890),.PCURVE_S1.);
#12879 = LINE('',#12880,#12881);
#12880 = CARTESIAN_POINT('',(20.,-3.1,39.5));
#12881 = VECTOR('',#12882,1.);
#12882 = DIRECTION('',(0.,1.,0.));
#12883 = PCURVE('',#10404,#12884);
#12884 = DEFINITIONAL_REPRESENTATION('',(#12885),#12889);
#12885 = LINE('',#12886,#12887);
#12886 = CARTESIAN_POINT('',(6.28318530718,-0.));
#12887 = VECTOR('',#12888,1.);
#12888 = DIRECTION('',(0.,1.));
#12889 = ( GEOMETRIC_REPRESENTATION_CONTEXT(2) 
PARAMETRIC_REPRESENTATION_CONTEXT() REPRESENTATION_CONTEXT('2D SPACE',''
  ) );
#12890 = PCURVE('',#10404,#12891);
#12891 = DEFINITIONAL_REPRESENTATION('',(#12892),#12896);
#12892 = LINE('',#12893,#12894);
#12893 = CARTESIAN_POINT('',(0.,-0.));
#12894 = VECTOR('',#12895,1.);
#12895 = DIRECTION('',(0.,1.));
#12896 = ( GEOMETRIC_REPRESENTATION_CONTEXT(2) 
PARAMETRIC_REPRESENTATION_CONTEXT() REPRESENTATION_CONTEXT('2D SPACE',''
  ) );
#12897 = ORIENTED_EDGE('',*,*,#10387,.T.);
#12898 = ORIENTED_EDGE('',*,*,#12877,.T.);
#12899 = ADVANCED_FACE('',(#12900),#10435,.F.);
#12900 = FACE_BOUND('',#12901,.F.);
#12901 = EDGE_LOOP('',(#12902,#12903,#12924,#12925));
#12902 = ORIENTED_EDGE('',*,*,#11675,.F.);
#12903 = ORIENTED_EDGE('',*,*,#12904,.F.);
#12904 = EDGE_CURVE('',#10419,#11676,#12905,.T.);
#12905 = SEAM_CURVE('',#12906,(#12910,#12917),.PCURVE_S1.);
#12906 = LINE('',#12907,#12908);
#12907 = CARTESIAN_POINT('',(60.,-3.1,39.5));
#12908 = VECTOR('',#12909,1.);
#12909 = DIRECTION('',(0.,1.,0.));
#12910 = PCURVE('',#10435,#12911);
#12911 = DEFINITIONAL_REPRESENTATION('',(#12912),#12916);
#12912 = LINE('',#12913,#12914);
#12913 = CARTESIAN_POINT('',(6.28318530718,-0.));
#12914 = VECTOR('',#12915,1.);
#12915 = DIRECTION('',(0.,1.));
#12916 = ( GEOMETRIC_REPRESENTATION_CONTEXT(2) 
PARAMETRIC_REPRESENTATION_CONTEXT() REPRESENTATION_CONTEXT('2D SPACE',''
  ) );
#12917 = PCURVE('',#10435,#12918);
#12918 = DEFINITIONAL_REPRESENTATION('',(#12919),#12923);
#12919 = LINE('',#12920,#12921);
#12920 = CARTESIAN_POINT('',(0.,-0.));
#12921 = VECTOR('',#12922,1.);
#12922 = DIRECTION('',(0.,1.));
#12923 = ( GEOMETRIC_REPRESENTATION_CONTEXT(2) 
PARAMETRIC_REPRESENTATION_CONTEXT() REPRESENTATION_CONTEXT('2D SPACE',''
  ) );
#12924 = ORIENTED_EDGE('',*,*,#10418,.T.);
#12925 = ORIENTED_EDGE('',*,*,#12904,.T.);
#12926 = ADVANCED_FACE('',(#12927),#10466,.F.);
#12927 = FACE_BOUND('',#12928,.F.);
#12928 = EDGE_LOOP('',(#12929,#12930,#12951,#12952));
#12929 = ORIENTED_EDGE('',*,*,#11701,.F.);
#12930 = ORIENTED_EDGE('',*,*,#12931,.F.);
#12931 = EDGE_CURVE('',#10450,#11702,#12932,.T.);
#12932 = SEAM_CURVE('',#12933,(#12937,#12944),.PCURVE_S1.);
#12933 = LINE('',#12934,#12935);
#12934 = CARTESIAN_POINT('',(100.,-3.1,39.5));
#12935 = VECTOR('',#12936,1.);
#12936 = DIRECTION('',(0.,1.,0.));
#12937 = PCURVE('',#10466,#12938);
#12938 = DEFINITIONAL_REPRESENTATION('',(#12939),#12943);
#12939 = LINE('',#12940,#12941);
#12940 = CARTESIAN_POINT('',(6.28318530718,-0.));
#12941 = VECTOR('',#12942,1.);
#12942 = DIRECTION('',(0.,1.));
#12943 = ( GEOMETRIC_REPRESENTATION_CONTEXT(2) 
PARAMETRIC_REPRESENTATION_CONTEXT() REPRESENTATION_CONTEXT('2D SPACE',''
  ) );
#12944 = PCURVE('',#10466,#12945);
#12945 = DEFINITIONAL_REPRESENTATION('',(#12946),#12950);
#12946 = LINE('',#12947,#12948);
#12947 = CARTESIAN_POINT('',(0.,-0.));
#12948 = VECTOR('',#12949,1.);
#12949 = DIRECTION('',(0.,1.));
#12950 = ( GEOMETRIC_REPRESENTATION_CONTEXT(2) 
PARAMETRIC_REPRESENTATION_CONTEXT() REPRESENTATION_CONTEXT('2D SPACE',''
  ) );
#12951 = ORIENTED_EDGE('',*,*,#10449,.T.);
#12952 = ORIENTED_EDGE('',*,*,#12931,.T.);
#12953 = ADVANCED_FACE('',(#12954),#10497,.F.);
#12954 = FACE_BOUND('',#12955,.F.);
#12955 = EDGE_LOOP('',(#12956,#12980,#13001,#13002));
#12956 = ORIENTED_EDGE('',*,*,#12957,.F.);
#12957 = EDGE_CURVE('',#12958,#12958,#12960,.T.);
#12958 = VERTEX_POINT('',#12959);
#12959 = CARTESIAN_POINT('',(160.,-1.25,9.25));
#12960 = SURFACE_CURVE('',#12961,(#12966,#12973),.PCURVE_S1.);
#12961 = CIRCLE('',#12962,2.25);
#12962 = AXIS2_PLACEMENT_3D('',#12963,#12964,#12965);
#12963 = CARTESIAN_POINT('',(160.,-1.25,7.));
#12964 = DIRECTION('',(0.,1.,0.));
#12965 = DIRECTION('',(0.,-0.,1.));
#12966 = PCURVE('',#10497,#12967);
#12967 = DEFINITIONAL_REPRESENTATION('',(#12968),#12972);
#12968 = LINE('',#12969,#12970);
#12969 = CARTESIAN_POINT('',(-0.,-1.75));
#12970 = VECTOR('',#12971,1.);
#12971 = DIRECTION('',(-1.,-0.));
#12972 = ( GEOMETRIC_REPRESENTATION_CONTEXT(2) 
PARAMETRIC_REPRESENTATION_CONTEXT() REPRESENTATION_CONTEXT('2D SPACE',''
  ) );
#12973 = PCURVE('',#11744,#12974);
#12974 = DEFINITIONAL_REPRESENTATION('',(#12975),#12979);
#12975 = LINE('',#12976,#12977);
#12976 = CARTESIAN_POINT('',(0.,1.75));
#12977 = VECTOR('',#12978,1.);
#12978 = DIRECTION('',(1.,0.));
#12979 = ( GEOMETRIC_REPRESENTATION_CONTEXT(2) 
PARAMETRIC_REPRESENTATION_CONTEXT() REPRESENTATION_CONTEXT('2D SPACE',''
  ) );
#12980 = ORIENTED_EDGE('',*,*,#12981,.F.);
#12981 = EDGE_CURVE('',#10481,#12958,#12982,.T.);
#12982 = SEAM_CURVE('',#12983,(#12987,#12994),.PCURVE_S1.);
#12983 = LINE('',#12984,#12985);
#12984 = CARTESIAN_POINT('',(160.,-3.,11.));
#12985 = VECTOR('',#12986,1.);
#12986 = DIRECTION('',(1.731912112471E-16,0.707106781187,-0.707106781187
    ));
#12987 = PCURVE('',#10497,#12988);
#12988 = DEFINITIONAL_REPRESENTATION('',(#12989),#12993);
#12989 = LINE('',#12990,#12991);
#12990 = CARTESIAN_POINT('',(-6.28318530718,0.));
#12991 = VECTOR('',#12992,1.);
#12992 = DIRECTION('',(-0.,-1.));
#12993 = ( GEOMETRIC_REPRESENTATION_CONTEXT(2) 
PARAMETRIC_REPRESENTATION_CONTEXT() REPRESENTATION_CONTEXT('2D SPACE',''
  ) );
#12994 = PCURVE('',#10497,#12995);
#12995 = DEFINITIONAL_REPRESENTATION('',(#12996),#13000);
#12996 = LINE('',#12997,#12998);
#12997 = CARTESIAN_POINT('',(0.,-0.));
#12998 = VECTOR('',#12999,1.);
#12999 = DIRECTION('',(-0.,-1.));
#13000 = ( GEOMETRIC_REPRESENTATION_CONTEXT(2) 
PARAMETRIC_REPRESENTATION_CONTEXT() REPRESENTATION_CONTEXT('2D SPACE',''
  ) );
#13001 = ORIENTED_EDGE('',*,*,#10480,.T.);
#13002 = ORIENTED_EDGE('',*,*,#12981,.T.);
#13003 = ADVANCED_FACE('',(#13004),#10528,.F.);
#13004 = FACE_BOUND('',#13005,.F.);
#13005 = EDGE_LOOP('',(#13006,#13007,#13028,#13029));
#13006 = ORIENTED_EDGE('',*,*,#11758,.F.);
#13007 = ORIENTED_EDGE('',*,*,#13008,.T.);
#13008 = EDGE_CURVE('',#11759,#10512,#13009,.T.);
#13009 = SURFACE_CURVE('',#13010,(#13014,#13021),.PCURVE_S1.);
#13010 = LINE('',#13011,#13012);
#13011 = CARTESIAN_POINT('',(231.05,0.1,8.9));
#13012 = VECTOR('',#13013,1.);
#13013 = DIRECTION('',(0.,-1.,0.));
#13014 = PCURVE('',#10528,#13015);
#13015 = DEFINITIONAL_REPRESENTATION('',(#13016),#13020);
#13016 = LINE('',#13017,#13018);
#13017 = CARTESIAN_POINT('',(0.,0.));
#13018 = VECTOR('',#13019,1.);
#13019 = DIRECTION('',(0.,-1.));
#13020 = ( GEOMETRIC_REPRESENTATION_CONTEXT(2) 
PARAMETRIC_REPRESENTATION_CONTEXT() REPRESENTATION_CONTEXT('2D SPACE',''
  ) );
#13021 = PCURVE('',#10556,#13022);
#13022 = DEFINITIONAL_REPRESENTATION('',(#13023),#13027);
#13023 = LINE('',#13024,#13025);
#13024 = CARTESIAN_POINT('',(3.14159265359,0.));
#13025 = VECTOR('',#13026,1.);
#13026 = DIRECTION('',(0.,-1.));
#13027 = ( GEOMETRIC_REPRESENTATION_CONTEXT(2) 
PARAMETRIC_REPRESENTATION_CONTEXT() REPRESENTATION_CONTEXT('2D SPACE',''
  ) );
#13028 = ORIENTED_EDGE('',*,*,#10511,.T.);
#13029 = ORIENTED_EDGE('',*,*,#13030,.F.);
#13030 = EDGE_CURVE('',#11761,#10514,#13031,.T.);
#13031 = SURFACE_CURVE('',#13032,(#13036,#13043),.PCURVE_S1.);
#13032 = LINE('',#13033,#13034);
#13033 = CARTESIAN_POINT('',(234.05,0.1,8.9));
#13034 = VECTOR('',#13035,1.);
#13035 = DIRECTION('',(0.,-1.,0.));
#13036 = PCURVE('',#10528,#13037);
#13037 = DEFINITIONAL_REPRESENTATION('',(#13038),#13042);
#13038 = LINE('',#13039,#13040);
#13039 = CARTESIAN_POINT('',(3.,0.));
#13040 = VECTOR('',#13041,1.);
#13041 = DIRECTION('',(0.,-1.));
#13042 = ( GEOMETRIC_REPRESENTATION_CONTEXT(2) 
PARAMETRIC_REPRESENTATION_CONTEXT() REPRESENTATION_CONTEXT('2D SPACE',''
  ) );
#13043 = PCURVE('',#10609,#13044);
#13044 = DEFINITIONAL_REPRESENTATION('',(#13045),#13049);
#13045 = LINE('',#13046,#13047);
#13046 = CARTESIAN_POINT('',(0.,0.));
#13047 = VECTOR('',#13048,1.);
#13048 = DIRECTION('',(0.,-1.));
#13049 = ( GEOMETRIC_REPRESENTATION_CONTEXT(2) 
PARAMETRIC_REPRESENTATION_CONTEXT() REPRESENTATION_CONTEXT('2D SPACE',''
  ) );
#13050 = ADVANCED_FACE('',(#13051),#10556,.F.);
#13051 = FACE_BOUND('',#13052,.F.);
#13052 = EDGE_LOOP('',(#13053,#13054,#13075,#13076));
#13053 = ORIENTED_EDGE('',*,*,#11781,.F.);
#13054 = ORIENTED_EDGE('',*,*,#13055,.T.);
#13055 = EDGE_CURVE('',#11782,#10540,#13056,.T.);
#13056 = SURFACE_CURVE('',#13057,(#13061,#13068),.PCURVE_S1.);
#13057 = LINE('',#13058,#13059);
#13058 = CARTESIAN_POINT('',(231.05,0.1,1.9));
#13059 = VECTOR('',#13060,1.);
#13060 = DIRECTION('',(0.,-1.,0.));
#13061 = PCURVE('',#10556,#13062);
#13062 = DEFINITIONAL_REPRESENTATION('',(#13063),#13067);
#13063 = LINE('',#13064,#13065);
#13064 = CARTESIAN_POINT('',(0.,0.));
#13065 = VECTOR('',#13066,1.);
#13066 = DIRECTION('',(0.,-1.));
#13067 = ( GEOMETRIC_REPRESENTATION_CONTEXT(2) 
PARAMETRIC_REPRESENTATION_CONTEXT() REPRESENTATION_CONTEXT('2D SPACE',''
  ) );
#13068 = PCURVE('',#10583,#13069);
#13069 = DEFINITIONAL_REPRESENTATION('',(#13070),#13074);
#13070 = LINE('',#13071,#13072);
#13071 = CARTESIAN_POINT('',(3.,0.));
#13072 = VECTOR('',#13073,1.);
#13073 = DIRECTION('',(0.,-1.));
#13074 = ( GEOMETRIC_REPRESENTATION_CONTEXT(2) 
PARAMETRIC_REPRESENTATION_CONTEXT() REPRESENTATION_CONTEXT('2D SPACE',''
  ) );
#13075 = ORIENTED_EDGE('',*,*,#10539,.T.);
#13076 = ORIENTED_EDGE('',*,*,#13008,.F.);
#13077 = ADVANCED_FACE('',(#13078),#10609,.F.);
#13078 = FACE_BOUND('',#13079,.F.);
#13079 = EDGE_LOOP('',(#13080,#13081,#13082,#13083));
#13080 = ORIENTED_EDGE('',*,*,#11826,.F.);
#13081 = ORIENTED_EDGE('',*,*,#13030,.T.);
#13082 = ORIENTED_EDGE('',*,*,#10594,.T.);
#13083 = ORIENTED_EDGE('',*,*,#13084,.F.);
#13084 = EDGE_CURVE('',#11806,#10569,#13085,.T.);
#13085 = SURFACE_CURVE('',#13086,(#13090,#13097),.PCURVE_S1.);
#13086 = LINE('',#13087,#13088);
#13087 = CARTESIAN_POINT('',(234.05,0.1,1.9));
#13088 = VECTOR('',#13089,1.);
#13089 = DIRECTION('',(0.,-1.,0.));
#13090 = PCURVE('',#10609,#13091);
#13091 = DEFINITIONAL_REPRESENTATION('',(#13092),#13096);
#13092 = LINE('',#13093,#13094);
#13093 = CARTESIAN_POINT('',(3.14159265359,0.));
#13094 = VECTOR('',#13095,1.);
#13095 = DIRECTION('',(0.,-1.));
#13096 = ( GEOMETRIC_REPRESENTATION_CONTEXT(2) 
PARAMETRIC_REPRESENTATION_CONTEXT() REPRESENTATION_CONTEXT('2D SPACE',''
  ) );
#13097 = PCURVE('',#10583,#13098);
#13098 = DEFINITIONAL_REPRESENTATION('',(#13099),#13103);
#13099 = LINE('',#13100,#13101);
#13100 = CARTESIAN_POINT('',(0.,0.));
#13101 = VECTOR('',#13102,1.);
#13102 = DIRECTION('',(0.,-1.));
#13103 = ( GEOMETRIC_REPRESENTATION_CONTEXT(2) 
PARAMETRIC_REPRESENTATION_CONTEXT() REPRESENTATION_CONTEXT('2D SPACE',''
  ) );
#13104 = ADVANCED_FACE('',(#13105),#10583,.F.);
#13105 = FACE_BOUND('',#13106,.F.);
#13106 = EDGE_LOOP('',(#13107,#13108,#13109,#13110));
#13107 = ORIENTED_EDGE('',*,*,#11805,.F.);
#13108 = ORIENTED_EDGE('',*,*,#13084,.T.);
#13109 = ORIENTED_EDGE('',*,*,#10568,.T.);
#13110 = ORIENTED_EDGE('',*,*,#13055,.F.);
#13111 = ADVANCED_FACE('',(#13112),#10640,.F.);
#13112 = FACE_BOUND('',#13113,.F.);
#13113 = EDGE_LOOP('',(#13114,#13115,#13136,#13137));
#13114 = ORIENTED_EDGE('',*,*,#11850,.F.);
#13115 = ORIENTED_EDGE('',*,*,#13116,.F.);
#13116 = EDGE_CURVE('',#10624,#11851,#13117,.T.);
#13117 = SEAM_CURVE('',#13118,(#13122,#13129),.PCURVE_S1.);
#13118 = LINE('',#13119,#13120);
#13119 = CARTESIAN_POINT('',(140.,-3.1,39.5));
#13120 = VECTOR('',#13121,1.);
#13121 = DIRECTION('',(0.,1.,0.));
#13122 = PCURVE('',#10640,#13123);
#13123 = DEFINITIONAL_REPRESENTATION('',(#13124),#13128);
#13124 = LINE('',#13125,#13126);
#13125 = CARTESIAN_POINT('',(6.28318530718,-0.));
#13126 = VECTOR('',#13127,1.);
#13127 = DIRECTION('',(0.,1.));
#13128 = ( GEOMETRIC_REPRESENTATION_CONTEXT(2) 
PARAMETRIC_REPRESENTATION_CONTEXT() REPRESENTATION_CONTEXT('2D SPACE',''
  ) );
#13129 = PCURVE('',#10640,#13130);
#13130 = DEFINITIONAL_REPRESENTATION('',(#13131),#13135);
#13131 = LINE('',#13132,#13133);
#13132 = CARTESIAN_POINT('',(0.,-0.));
#13133 = VECTOR('',#13134,1.);
#13134 = DIRECTION('',(0.,1.));
#13135 = ( GEOMETRIC_REPRESENTATION_CONTEXT(2) 
PARAMETRIC_REPRESENTATION_CONTEXT() REPRESENTATION_CONTEXT('2D SPACE',''
  ) );
#13136 = ORIENTED_EDGE('',*,*,#10623,.T.);
#13137 = ORIENTED_EDGE('',*,*,#13116,.T.);
#13138 = ADVANCED_FACE('',(#13139),#10671,.F.);
#13139 = FACE_BOUND('',#13140,.F.);
#13140 = EDGE_LOOP('',(#13141,#13142,#13163,#13164));
#13141 = ORIENTED_EDGE('',*,*,#11876,.F.);
#13142 = ORIENTED_EDGE('',*,*,#13143,.F.);
#13143 = EDGE_CURVE('',#10655,#11877,#13144,.T.);
#13144 = SEAM_CURVE('',#13145,(#13149,#13156),.PCURVE_S1.);
#13145 = LINE('',#13146,#13147);
#13146 = CARTESIAN_POINT('',(180.,-3.1,39.5));
#13147 = VECTOR('',#13148,1.);
#13148 = DIRECTION('',(0.,1.,0.));
#13149 = PCURVE('',#10671,#13150);
#13150 = DEFINITIONAL_REPRESENTATION('',(#13151),#13155);
#13151 = LINE('',#13152,#13153);
#13152 = CARTESIAN_POINT('',(6.28318530718,-0.));
#13153 = VECTOR('',#13154,1.);
#13154 = DIRECTION('',(0.,1.));
#13155 = ( GEOMETRIC_REPRESENTATION_CONTEXT(2) 
PARAMETRIC_REPRESENTATION_CONTEXT() REPRESENTATION_CONTEXT('2D SPACE',''
  ) );
#13156 = PCURVE('',#10671,#13157);
#13157 = DEFINITIONAL_REPRESENTATION('',(#13158),#13162);
#13158 = LINE('',#13159,#13160);
#13159 = CARTESIAN_POINT('',(0.,-0.));
#13160 = VECTOR('',#13161,1.);
#13161 = DIRECTION('',(0.,1.));
#13162 = ( GEOMETRIC_REPRESENTATION_CONTEXT(2) 
PARAMETRIC_REPRESENTATION_CONTEXT() REPRESENTATION_CONTEXT('2D SPACE',''
  ) );
#13163 = ORIENTED_EDGE('',*,*,#10654,.T.);
#13164 = ORIENTED_EDGE('',*,*,#13143,.T.);
#13165 = ADVANCED_FACE('',(#13166),#10702,.F.);
#13166 = FACE_BOUND('',#13167,.F.);
#13167 = EDGE_LOOP('',(#13168,#13169,#13190,#13191));
#13168 = ORIENTED_EDGE('',*,*,#11902,.F.);
#13169 = ORIENTED_EDGE('',*,*,#13170,.F.);
#13170 = EDGE_CURVE('',#10686,#11903,#13171,.T.);
#13171 = SEAM_CURVE('',#13172,(#13176,#13183),.PCURVE_S1.);
#13172 = LINE('',#13173,#13174);
#13173 = CARTESIAN_POINT('',(20.,-3.1,79.5));
#13174 = VECTOR('',#13175,1.);
#13175 = DIRECTION('',(0.,1.,0.));
#13176 = PCURVE('',#10702,#13177);
#13177 = DEFINITIONAL_REPRESENTATION('',(#13178),#13182);
#13178 = LINE('',#13179,#13180);
#13179 = CARTESIAN_POINT('',(6.28318530718,-0.));
#13180 = VECTOR('',#13181,1.);
#13181 = DIRECTION('',(0.,1.));
#13182 = ( GEOMETRIC_REPRESENTATION_CONTEXT(2) 
PARAMETRIC_REPRESENTATION_CONTEXT() REPRESENTATION_CONTEXT('2D SPACE',''
  ) );
#13183 = PCURVE('',#10702,#13184);
#13184 = DEFINITIONAL_REPRESENTATION('',(#13185),#13189);
#13185 = LINE('',#13186,#13187);
#13186 = CARTESIAN_POINT('',(0.,-0.));
#13187 = VECTOR('',#13188,1.);
#13188 = DIRECTION('',(0.,1.));
#13189 = ( GEOMETRIC_REPRESENTATION_CONTEXT(2) 
PARAMETRIC_REPRESENTATION_CONTEXT() REPRESENTATION_CONTEXT('2D SPACE',''
  ) );
#13190 = ORIENTED_EDGE('',*,*,#10685,.T.);
#13191 = ORIENTED_EDGE('',*,*,#13170,.T.);
#13192 = ADVANCED_FACE('',(#13193),#10733,.F.);
#13193 = FACE_BOUND('',#13194,.F.);
#13194 = EDGE_LOOP('',(#13195,#13196,#13217,#13218));
#13195 = ORIENTED_EDGE('',*,*,#11928,.F.);
#13196 = ORIENTED_EDGE('',*,*,#13197,.F.);
#13197 = EDGE_CURVE('',#10717,#11929,#13198,.T.);
#13198 = SEAM_CURVE('',#13199,(#13203,#13210),.PCURVE_S1.);
#13199 = LINE('',#13200,#13201);
#13200 = CARTESIAN_POINT('',(60.,-3.1,79.5));
#13201 = VECTOR('',#13202,1.);
#13202 = DIRECTION('',(0.,1.,0.));
#13203 = PCURVE('',#10733,#13204);
#13204 = DEFINITIONAL_REPRESENTATION('',(#13205),#13209);
#13205 = LINE('',#13206,#13207);
#13206 = CARTESIAN_POINT('',(6.28318530718,-0.));
#13207 = VECTOR('',#13208,1.);
#13208 = DIRECTION('',(0.,1.));
#13209 = ( GEOMETRIC_REPRESENTATION_CONTEXT(2) 
PARAMETRIC_REPRESENTATION_CONTEXT() REPRESENTATION_CONTEXT('2D SPACE',''
  ) );
#13210 = PCURVE('',#10733,#13211);
#13211 = DEFINITIONAL_REPRESENTATION('',(#13212),#13216);
#13212 = LINE('',#13213,#13214);
#13213 = CARTESIAN_POINT('',(0.,-0.));
#13214 = VECTOR('',#13215,1.);
#13215 = DIRECTION('',(0.,1.));
#13216 = ( GEOMETRIC_REPRESENTATION_CONTEXT(2) 
PARAMETRIC_REPRESENTATION_CONTEXT() REPRESENTATION_CONTEXT('2D SPACE',''
  ) );
#13217 = ORIENTED_EDGE('',*,*,#10716,.T.);
#13218 = ORIENTED_EDGE('',*,*,#13197,.T.);
#13219 = ADVANCED_FACE('',(#13220),#10764,.F.);
#13220 = FACE_BOUND('',#13221,.F.);
#13221 = EDGE_LOOP('',(#13222,#13223,#13244,#13245));
#13222 = ORIENTED_EDGE('',*,*,#11954,.F.);
#13223 = ORIENTED_EDGE('',*,*,#13224,.F.);
#13224 = EDGE_CURVE('',#10748,#11955,#13225,.T.);
#13225 = SEAM_CURVE('',#13226,(#13230,#13237),.PCURVE_S1.);
#13226 = LINE('',#13227,#13228);
#13227 = CARTESIAN_POINT('',(100.,-3.1,79.5));
#13228 = VECTOR('',#13229,1.);
#13229 = DIRECTION('',(0.,1.,0.));
#13230 = PCURVE('',#10764,#13231);
#13231 = DEFINITIONAL_REPRESENTATION('',(#13232),#13236);
#13232 = LINE('',#13233,#13234);
#13233 = CARTESIAN_POINT('',(6.28318530718,-0.));
#13234 = VECTOR('',#13235,1.);
#13235 = DIRECTION('',(0.,1.));
#13236 = ( GEOMETRIC_REPRESENTATION_CONTEXT(2) 
PARAMETRIC_REPRESENTATION_CONTEXT() REPRESENTATION_CONTEXT('2D SPACE',''
  ) );
#13237 = PCURVE('',#10764,#13238);
#13238 = DEFINITIONAL_REPRESENTATION('',(#13239),#13243);
#13239 = LINE('',#13240,#13241);
#13240 = CARTESIAN_POINT('',(0.,-0.));
#13241 = VECTOR('',#13242,1.);
#13242 = DIRECTION('',(0.,1.));
#13243 = ( GEOMETRIC_REPRESENTATION_CONTEXT(2) 
PARAMETRIC_REPRESENTATION_CONTEXT() REPRESENTATION_CONTEXT('2D SPACE',''
  ) );
#13244 = ORIENTED_EDGE('',*,*,#10747,.T.);
#13245 = ORIENTED_EDGE('',*,*,#13224,.T.);
#13246 = ADVANCED_FACE('',(#13247),#10795,.F.);
#13247 = FACE_BOUND('',#13248,.F.);
#13248 = EDGE_LOOP('',(#13249,#13250,#13271,#13272));
#13249 = ORIENTED_EDGE('',*,*,#11980,.F.);
#13250 = ORIENTED_EDGE('',*,*,#13251,.F.);
#13251 = EDGE_CURVE('',#10779,#11981,#13252,.T.);
#13252 = SEAM_CURVE('',#13253,(#13257,#13264),.PCURVE_S1.);
#13253 = LINE('',#13254,#13255);
#13254 = CARTESIAN_POINT('',(140.,-3.1,79.5));
#13255 = VECTOR('',#13256,1.);
#13256 = DIRECTION('',(0.,1.,0.));
#13257 = PCURVE('',#10795,#13258);
#13258 = DEFINITIONAL_REPRESENTATION('',(#13259),#13263);
#13259 = LINE('',#13260,#13261);
#13260 = CARTESIAN_POINT('',(6.28318530718,-0.));
#13261 = VECTOR('',#13262,1.);
#13262 = DIRECTION('',(0.,1.));
#13263 = ( GEOMETRIC_REPRESENTATION_CONTEXT(2) 
PARAMETRIC_REPRESENTATION_CONTEXT() REPRESENTATION_CONTEXT('2D SPACE',''
  ) );
#13264 = PCURVE('',#10795,#13265);
#13265 = DEFINITIONAL_REPRESENTATION('',(#13266),#13270);
#13266 = LINE('',#13267,#13268);
#13267 = CARTESIAN_POINT('',(0.,-0.));
#13268 = VECTOR('',#13269,1.);
#13269 = DIRECTION('',(0.,1.));
#13270 = ( GEOMETRIC_REPRESENTATION_CONTEXT(2) 
PARAMETRIC_REPRESENTATION_CONTEXT() REPRESENTATION_CONTEXT('2D SPACE',''
  ) );
#13271 = ORIENTED_EDGE('',*,*,#10778,.T.);
#13272 = ORIENTED_EDGE('',*,*,#13251,.T.);
#13273 = ADVANCED_FACE('',(#13274),#10826,.F.);
#13274 = FACE_BOUND('',#13275,.F.);
#13275 = EDGE_LOOP('',(#13276,#13277,#13298,#13299));
#13276 = ORIENTED_EDGE('',*,*,#12006,.F.);
#13277 = ORIENTED_EDGE('',*,*,#13278,.F.);
#13278 = EDGE_CURVE('',#10810,#12007,#13279,.T.);
#13279 = SEAM_CURVE('',#13280,(#13284,#13291),.PCURVE_S1.);
#13280 = LINE('',#13281,#13282);
#13281 = CARTESIAN_POINT('',(180.,-3.1,79.5));
#13282 = VECTOR('',#13283,1.);
#13283 = DIRECTION('',(0.,1.,0.));
#13284 = PCURVE('',#10826,#13285);
#13285 = DEFINITIONAL_REPRESENTATION('',(#13286),#13290);
#13286 = LINE('',#13287,#13288);
#13287 = CARTESIAN_POINT('',(6.28318530718,-0.));
#13288 = VECTOR('',#13289,1.);
#13289 = DIRECTION('',(0.,1.));
#13290 = ( GEOMETRIC_REPRESENTATION_CONTEXT(2) 
PARAMETRIC_REPRESENTATION_CONTEXT() REPRESENTATION_CONTEXT('2D SPACE',''
  ) );
#13291 = PCURVE('',#10826,#13292);
#13292 = DEFINITIONAL_REPRESENTATION('',(#13293),#13297);
#13293 = LINE('',#13294,#13295);
#13294 = CARTESIAN_POINT('',(0.,-0.));
#13295 = VECTOR('',#13296,1.);
#13296 = DIRECTION('',(0.,1.));
#13297 = ( GEOMETRIC_REPRESENTATION_CONTEXT(2) 
PARAMETRIC_REPRESENTATION_CONTEXT() REPRESENTATION_CONTEXT('2D SPACE',''
  ) );
#13298 = ORIENTED_EDGE('',*,*,#10809,.T.);
#13299 = ORIENTED_EDGE('',*,*,#13278,.T.);
#13300 = ADVANCED_FACE('',(#13301),#10857,.F.);
#13301 = FACE_BOUND('',#13302,.F.);
#13302 = EDGE_LOOP('',(#13303,#13327,#13348,#13349));
#13303 = ORIENTED_EDGE('',*,*,#13304,.F.);
#13304 = EDGE_CURVE('',#13305,#13305,#13307,.T.);
#13305 = VERTEX_POINT('',#13306);
#13306 = CARTESIAN_POINT('',(160.,-1.25,82.25));
#13307 = SURFACE_CURVE('',#13308,(#13313,#13320),.PCURVE_S1.);
#13308 = CIRCLE('',#13309,2.25);
#13309 = AXIS2_PLACEMENT_3D('',#13310,#13311,#13312);
#13310 = CARTESIAN_POINT('',(160.,-1.25,80.));
#13311 = DIRECTION('',(0.,1.,0.));
#13312 = DIRECTION('',(0.,-0.,1.));
#13313 = PCURVE('',#10857,#13314);
#13314 = DEFINITIONAL_REPRESENTATION('',(#13315),#13319);
#13315 = LINE('',#13316,#13317);
#13316 = CARTESIAN_POINT('',(-0.,-1.75));
#13317 = VECTOR('',#13318,1.);
#13318 = DIRECTION('',(-1.,-0.));
#13319 = ( GEOMETRIC_REPRESENTATION_CONTEXT(2) 
PARAMETRIC_REPRESENTATION_CONTEXT() REPRESENTATION_CONTEXT('2D SPACE',''
  ) );
#13320 = PCURVE('',#12049,#13321);
#13321 = DEFINITIONAL_REPRESENTATION('',(#13322),#13326);
#13322 = LINE('',#13323,#13324);
#13323 = CARTESIAN_POINT('',(0.,1.75));
#13324 = VECTOR('',#13325,1.);
#13325 = DIRECTION('',(1.,0.));
#13326 = ( GEOMETRIC_REPRESENTATION_CONTEXT(2) 
PARAMETRIC_REPRESENTATION_CONTEXT() REPRESENTATION_CONTEXT('2D SPACE',''
  ) );
#13327 = ORIENTED_EDGE('',*,*,#13328,.F.);
#13328 = EDGE_CURVE('',#10841,#13305,#13329,.T.);
#13329 = SEAM_CURVE('',#13330,(#13334,#13341),.PCURVE_S1.);
#13330 = LINE('',#13331,#13332);
#13331 = CARTESIAN_POINT('',(160.,-3.,84.));
#13332 = VECTOR('',#13333,1.);
#13333 = DIRECTION('',(1.731912112471E-16,0.707106781187,-0.707106781187
    ));
#13334 = PCURVE('',#10857,#13335);
#13335 = DEFINITIONAL_REPRESENTATION('',(#13336),#13340);
#13336 = LINE('',#13337,#13338);
#13337 = CARTESIAN_POINT('',(-6.28318530718,0.));
#13338 = VECTOR('',#13339,1.);
#13339 = DIRECTION('',(-0.,-1.));
#13340 = ( GEOMETRIC_REPRESENTATION_CONTEXT(2) 
PARAMETRIC_REPRESENTATION_CONTEXT() REPRESENTATION_CONTEXT('2D SPACE',''
  ) );
#13341 = PCURVE('',#10857,#13342);
#13342 = DEFINITIONAL_REPRESENTATION('',(#13343),#13347);
#13343 = LINE('',#13344,#13345);
#13344 = CARTESIAN_POINT('',(0.,-0.));
#13345 = VECTOR('',#13346,1.);
#13346 = DIRECTION('',(-0.,-1.));
#13347 = ( GEOMETRIC_REPRESENTATION_CONTEXT(2) 
PARAMETRIC_REPRESENTATION_CONTEXT() REPRESENTATION_CONTEXT('2D SPACE',''
  ) );
#13348 = ORIENTED_EDGE('',*,*,#10840,.T.);
#13349 = ORIENTED_EDGE('',*,*,#13328,.T.);
#13350 = ADVANCED_FACE('',(#13351),#10888,.F.);
#13351 = FACE_BOUND('',#13352,.F.);
#13352 = EDGE_LOOP('',(#13353,#13354,#13375,#13376));
#13353 = ORIENTED_EDGE('',*,*,#12063,.F.);
#13354 = ORIENTED_EDGE('',*,*,#13355,.T.);
#13355 = EDGE_CURVE('',#12064,#10872,#13356,.T.);
#13356 = SURFACE_CURVE('',#13357,(#13361,#13368),.PCURVE_S1.);
#13357 = LINE('',#13358,#13359);
#13358 = CARTESIAN_POINT('',(231.05,0.1,85.1));
#13359 = VECTOR('',#13360,1.);
#13360 = DIRECTION('',(0.,-1.,0.));
#13361 = PCURVE('',#10888,#13362);
#13362 = DEFINITIONAL_REPRESENTATION('',(#13363),#13367);
#13363 = LINE('',#13364,#13365);
#13364 = CARTESIAN_POINT('',(0.,0.));
#13365 = VECTOR('',#13366,1.);
#13366 = DIRECTION('',(0.,-1.));
#13367 = ( GEOMETRIC_REPRESENTATION_CONTEXT(2) 
PARAMETRIC_REPRESENTATION_CONTEXT() REPRESENTATION_CONTEXT('2D SPACE',''
  ) );
#13368 = PCURVE('',#10916,#13369);
#13369 = DEFINITIONAL_REPRESENTATION('',(#13370),#13374);
#13370 = LINE('',#13371,#13372);
#13371 = CARTESIAN_POINT('',(3.14159265359,0.));
#13372 = VECTOR('',#13373,1.);
#13373 = DIRECTION('',(0.,-1.));
#13374 = ( GEOMETRIC_REPRESENTATION_CONTEXT(2) 
PARAMETRIC_REPRESENTATION_CONTEXT() REPRESENTATION_CONTEXT('2D SPACE',''
  ) );
#13375 = ORIENTED_EDGE('',*,*,#10871,.T.);
#13376 = ORIENTED_EDGE('',*,*,#13377,.F.);
#13377 = EDGE_CURVE('',#12066,#10874,#13378,.T.);
#13378 = SURFACE_CURVE('',#13379,(#13383,#13390),.PCURVE_S1.);
#13379 = LINE('',#13380,#13381);
#13380 = CARTESIAN_POINT('',(234.05,0.1,85.1));
#13381 = VECTOR('',#13382,1.);
#13382 = DIRECTION('',(0.,-1.,0.));
#13383 = PCURVE('',#10888,#13384);
#13384 = DEFINITIONAL_REPRESENTATION('',(#13385),#13389);
#13385 = LINE('',#13386,#13387);
#13386 = CARTESIAN_POINT('',(3.,0.));
#13387 = VECTOR('',#13388,1.);
#13388 = DIRECTION('',(0.,-1.));
#13389 = ( GEOMETRIC_REPRESENTATION_CONTEXT(2) 
PARAMETRIC_REPRESENTATION_CONTEXT() REPRESENTATION_CONTEXT('2D SPACE',''
  ) );
#13390 = PCURVE('',#10969,#13391);
#13391 = DEFINITIONAL_REPRESENTATION('',(#13392),#13396);
#13392 = LINE('',#13393,#13394);
#13393 = CARTESIAN_POINT('',(0.,0.));
#13394 = VECTOR('',#13395,1.);
#13395 = DIRECTION('',(0.,-1.));
#13396 = ( GEOMETRIC_REPRESENTATION_CONTEXT(2) 
PARAMETRIC_REPRESENTATION_CONTEXT() REPRESENTATION_CONTEXT('2D SPACE',''
  ) );
#13397 = ADVANCED_FACE('',(#13398),#10916,.F.);
#13398 = FACE_BOUND('',#13399,.F.);
#13399 = EDGE_LOOP('',(#13400,#13401,#13422,#13423));
#13400 = ORIENTED_EDGE('',*,*,#12086,.F.);
#13401 = ORIENTED_EDGE('',*,*,#13402,.T.);
#13402 = EDGE_CURVE('',#12087,#10900,#13403,.T.);
#13403 = SURFACE_CURVE('',#13404,(#13408,#13415),.PCURVE_S1.);
#13404 = LINE('',#13405,#13406);
#13405 = CARTESIAN_POINT('',(231.05,0.1,78.1));
#13406 = VECTOR('',#13407,1.);
#13407 = DIRECTION('',(0.,-1.,0.));
#13408 = PCURVE('',#10916,#13409);
#13409 = DEFINITIONAL_REPRESENTATION('',(#13410),#13414);
#13410 = LINE('',#13411,#13412);
#13411 = CARTESIAN_POINT('',(0.,0.));
#13412 = VECTOR('',#13413,1.);
#13413 = DIRECTION('',(0.,-1.));
#13414 = ( GEOMETRIC_REPRESENTATION_CONTEXT(2) 
PARAMETRIC_REPRESENTATION_CONTEXT() REPRESENTATION_CONTEXT('2D SPACE',''
  ) );
#13415 = PCURVE('',#10943,#13416);
#13416 = DEFINITIONAL_REPRESENTATION('',(#13417),#13421);
#13417 = LINE('',#13418,#13419);
#13418 = CARTESIAN_POINT('',(3.,0.));
#13419 = VECTOR('',#13420,1.);
#13420 = DIRECTION('',(0.,-1.));
#13421 = ( GEOMETRIC_REPRESENTATION_CONTEXT(2) 
PARAMETRIC_REPRESENTATION_CONTEXT() REPRESENTATION_CONTEXT('2D SPACE',''
  ) );
#13422 = ORIENTED_EDGE('',*,*,#10899,.T.);
#13423 = ORIENTED_EDGE('',*,*,#13355,.F.);
#13424 = ADVANCED_FACE('',(#13425),#10969,.F.);
#13425 = FACE_BOUND('',#13426,.F.);
#13426 = EDGE_LOOP('',(#13427,#13428,#13429,#13430));
#13427 = ORIENTED_EDGE('',*,*,#12131,.F.);
#13428 = ORIENTED_EDGE('',*,*,#13377,.T.);
#13429 = ORIENTED_EDGE('',*,*,#10954,.T.);
#13430 = ORIENTED_EDGE('',*,*,#13431,.F.);
#13431 = EDGE_CURVE('',#12111,#10929,#13432,.T.);
#13432 = SURFACE_CURVE('',#13433,(#13437,#13444),.PCURVE_S1.);
#13433 = LINE('',#13434,#13435);
#13434 = CARTESIAN_POINT('',(234.05,0.1,78.1));
#13435 = VECTOR('',#13436,1.);
#13436 = DIRECTION('',(0.,-1.,0.));
#13437 = PCURVE('',#10969,#13438);
#13438 = DEFINITIONAL_REPRESENTATION('',(#13439),#13443);
#13439 = LINE('',#13440,#13441);
#13440 = CARTESIAN_POINT('',(3.14159265359,0.));
#13441 = VECTOR('',#13442,1.);
#13442 = DIRECTION('',(0.,-1.));
#13443 = ( GEOMETRIC_REPRESENTATION_CONTEXT(2) 
PARAMETRIC_REPRESENTATION_CONTEXT() REPRESENTATION_CONTEXT('2D SPACE',''
  ) );
#13444 = PCURVE('',#10943,#13445);
#13445 = DEFINITIONAL_REPRESENTATION('',(#13446),#13450);
#13446 = LINE('',#13447,#13448);
#13447 = CARTESIAN_POINT('',(0.,0.));
#13448 = VECTOR('',#13449,1.);
#13449 = DIRECTION('',(0.,-1.));
#13450 = ( GEOMETRIC_REPRESENTATION_CONTEXT(2) 
PARAMETRIC_REPRESENTATION_CONTEXT() REPRESENTATION_CONTEXT('2D SPACE',''
  ) );
#13451 = ADVANCED_FACE('',(#13452),#10943,.F.);
#13452 = FACE_BOUND('',#13453,.F.);
#13453 = EDGE_LOOP('',(#13454,#13455,#13456,#13457));
#13454 = ORIENTED_EDGE('',*,*,#12110,.F.);
#13455 = ORIENTED_EDGE('',*,*,#13431,.T.);
#13456 = ORIENTED_EDGE('',*,*,#10928,.T.);
#13457 = ORIENTED_EDGE('',*,*,#13402,.F.);
#13458 = ADVANCED_FACE('',(#13459),#11190,.F.);
#13459 = FACE_BOUND('',#13460,.F.);
#13460 = EDGE_LOOP('',(#13461,#13482,#13483,#13484));
#13461 = ORIENTED_EDGE('',*,*,#13462,.T.);
#13462 = EDGE_CURVE('',#12299,#11174,#13463,.T.);
#13463 = SEAM_CURVE('',#13464,(#13468,#13475),.PCURVE_S1.);
#13464 = LINE('',#13465,#13466);
#13465 = CARTESIAN_POINT('',(-160.,-3.,9.25));
#13466 = VECTOR('',#13467,1.);
#13467 = DIRECTION('',(0.,1.,0.));
#13468 = PCURVE('',#11190,#13469);
#13469 = DEFINITIONAL_REPRESENTATION('',(#13470),#13474);
#13470 = LINE('',#13471,#13472);
#13471 = CARTESIAN_POINT('',(6.28318530718,-0.));
#13472 = VECTOR('',#13473,1.);
#13473 = DIRECTION('',(0.,1.));
#13474 = ( GEOMETRIC_REPRESENTATION_CONTEXT(2) 
PARAMETRIC_REPRESENTATION_CONTEXT() REPRESENTATION_CONTEXT('2D SPACE',''
  ) );
#13475 = PCURVE('',#11190,#13476);
#13476 = DEFINITIONAL_REPRESENTATION('',(#13477),#13481);
#13477 = LINE('',#13478,#13479);
#13478 = CARTESIAN_POINT('',(0.,-0.));
#13479 = VECTOR('',#13480,1.);
#13480 = DIRECTION('',(0.,1.));
#13481 = ( GEOMETRIC_REPRESENTATION_CONTEXT(2) 
PARAMETRIC_REPRESENTATION_CONTEXT() REPRESENTATION_CONTEXT('2D SPACE',''
  ) );
#13482 = ORIENTED_EDGE('',*,*,#11173,.F.);
#13483 = ORIENTED_EDGE('',*,*,#13462,.F.);
#13484 = ORIENTED_EDGE('',*,*,#12298,.T.);
#13485 = ADVANCED_FACE('',(#13486),#11273,.F.);
#13486 = FACE_BOUND('',#13487,.F.);
#13487 = EDGE_LOOP('',(#13488,#13509,#13510,#13511));
#13488 = ORIENTED_EDGE('',*,*,#13489,.T.);
#13489 = EDGE_CURVE('',#12403,#11257,#13490,.T.);
#13490 = SEAM_CURVE('',#13491,(#13495,#13502),.PCURVE_S1.);
#13491 = LINE('',#13492,#13493);
#13492 = CARTESIAN_POINT('',(-5.510910596163E-16,-3.,9.25));
#13493 = VECTOR('',#13494,1.);
#13494 = DIRECTION('',(0.,1.,0.));
#13495 = PCURVE('',#11273,#13496);
#13496 = DEFINITIONAL_REPRESENTATION('',(#13497),#13501);
#13497 = LINE('',#13498,#13499);
#13498 = CARTESIAN_POINT('',(6.28318530718,-0.));
#13499 = VECTOR('',#13500,1.);
#13500 = DIRECTION('',(0.,1.));
#13501 = ( GEOMETRIC_REPRESENTATION_CONTEXT(2) 
PARAMETRIC_REPRESENTATION_CONTEXT() REPRESENTATION_CONTEXT('2D SPACE',''
  ) );
#13502 = PCURVE('',#11273,#13503);
#13503 = DEFINITIONAL_REPRESENTATION('',(#13504),#13508);
#13504 = LINE('',#13505,#13506);
#13505 = CARTESIAN_POINT('',(0.,-0.));
#13506 = VECTOR('',#13507,1.);
#13507 = DIRECTION('',(0.,1.));
#13508 = ( GEOMETRIC_REPRESENTATION_CONTEXT(2) 
PARAMETRIC_REPRESENTATION_CONTEXT() REPRESENTATION_CONTEXT('2D SPACE',''
  ) );
#13509 = ORIENTED_EDGE('',*,*,#11256,.F.);
#13510 = ORIENTED_EDGE('',*,*,#13489,.F.);
#13511 = ORIENTED_EDGE('',*,*,#12402,.T.);
#13512 = ADVANCED_FACE('',(#13513),#11526,.F.);
#13513 = FACE_BOUND('',#13514,.F.);
#13514 = EDGE_LOOP('',(#13515,#13536,#13537,#13538));
#13515 = ORIENTED_EDGE('',*,*,#13516,.T.);
#13516 = EDGE_CURVE('',#12696,#11510,#13517,.T.);
#13517 = SEAM_CURVE('',#13518,(#13522,#13529),.PCURVE_S1.);
#13518 = LINE('',#13519,#13520);
#13519 = CARTESIAN_POINT('',(-160.,-3.,82.25));
#13520 = VECTOR('',#13521,1.);
#13521 = DIRECTION('',(0.,1.,0.));
#13522 = PCURVE('',#11526,#13523);
#13523 = DEFINITIONAL_REPRESENTATION('',(#13524),#13528);
#13524 = LINE('',#13525,#13526);
#13525 = CARTESIAN_POINT('',(6.28318530718,-0.));
#13526 = VECTOR('',#13527,1.);
#13527 = DIRECTION('',(0.,1.));
#13528 = ( GEOMETRIC_REPRESENTATION_CONTEXT(2) 
PARAMETRIC_REPRESENTATION_CONTEXT() REPRESENTATION_CONTEXT('2D SPACE',''
  ) );
#13529 = PCURVE('',#11526,#13530);
#13530 = DEFINITIONAL_REPRESENTATION('',(#13531),#13535);
#13531 = LINE('',#13532,#13533);
#13532 = CARTESIAN_POINT('',(0.,-0.));
#13533 = VECTOR('',#13534,1.);
#13534 = DIRECTION('',(0.,1.));
#13535 = ( GEOMETRIC_REPRESENTATION_CONTEXT(2) 
PARAMETRIC_REPRESENTATION_CONTEXT() REPRESENTATION_CONTEXT('2D SPACE',''
  ) );
#13536 = ORIENTED_EDGE('',*,*,#11509,.F.);
#13537 = ORIENTED_EDGE('',*,*,#13516,.F.);
#13538 = ORIENTED_EDGE('',*,*,#12695,.T.);
#13539 = ADVANCED_FACE('',(#13540),#11635,.F.);
#13540 = FACE_BOUND('',#13541,.F.);
#13541 = EDGE_LOOP('',(#13542,#13563,#13564,#13565));
#13542 = ORIENTED_EDGE('',*,*,#13543,.T.);
#13543 = EDGE_CURVE('',#12827,#11619,#13544,.T.);
#13544 = SEAM_CURVE('',#13545,(#13549,#13556),.PCURVE_S1.);
#13545 = LINE('',#13546,#13547);
#13546 = CARTESIAN_POINT('',(-5.510910596163E-16,-3.,82.25));
#13547 = VECTOR('',#13548,1.);
#13548 = DIRECTION('',(0.,1.,0.));
#13549 = PCURVE('',#11635,#13550);
#13550 = DEFINITIONAL_REPRESENTATION('',(#13551),#13555);
#13551 = LINE('',#13552,#13553);
#13552 = CARTESIAN_POINT('',(6.28318530718,-0.));
#13553 = VECTOR('',#13554,1.);
#13554 = DIRECTION('',(0.,1.));
#13555 = ( GEOMETRIC_REPRESENTATION_CONTEXT(2) 
PARAMETRIC_REPRESENTATION_CONTEXT() REPRESENTATION_CONTEXT('2D SPACE',''
  ) );
#13556 = PCURVE('',#11635,#13557);
#13557 = DEFINITIONAL_REPRESENTATION('',(#13558),#13562);
#13558 = LINE('',#13559,#13560);
#13559 = CARTESIAN_POINT('',(0.,-0.));
#13560 = VECTOR('',#13561,1.);
#13561 = DIRECTION('',(0.,1.));
#13562 = ( GEOMETRIC_REPRESENTATION_CONTEXT(2) 
PARAMETRIC_REPRESENTATION_CONTEXT() REPRESENTATION_CONTEXT('2D SPACE',''
  ) );
#13563 = ORIENTED_EDGE('',*,*,#11618,.F.);
#13564 = ORIENTED_EDGE('',*,*,#13543,.F.);
#13565 = ORIENTED_EDGE('',*,*,#12826,.T.);
#13566 = ADVANCED_FACE('',(#13567),#11744,.F.);
#13567 = FACE_BOUND('',#13568,.F.);
#13568 = EDGE_LOOP('',(#13569,#13590,#13591,#13592));
#13569 = ORIENTED_EDGE('',*,*,#13570,.T.);
#13570 = EDGE_CURVE('',#12958,#11728,#13571,.T.);
#13571 = SEAM_CURVE('',#13572,(#13576,#13583),.PCURVE_S1.);
#13572 = LINE('',#13573,#13574);
#13573 = CARTESIAN_POINT('',(160.,-3.,9.25));
#13574 = VECTOR('',#13575,1.);
#13575 = DIRECTION('',(0.,1.,0.));
#13576 = PCURVE('',#11744,#13577);
#13577 = DEFINITIONAL_REPRESENTATION('',(#13578),#13582);
#13578 = LINE('',#13579,#13580);
#13579 = CARTESIAN_POINT('',(6.28318530718,-0.));
#13580 = VECTOR('',#13581,1.);
#13581 = DIRECTION('',(0.,1.));
#13582 = ( GEOMETRIC_REPRESENTATION_CONTEXT(2) 
PARAMETRIC_REPRESENTATION_CONTEXT() REPRESENTATION_CONTEXT('2D SPACE',''
  ) );
#13583 = PCURVE('',#11744,#13584);
#13584 = DEFINITIONAL_REPRESENTATION('',(#13585),#13589);
#13585 = LINE('',#13586,#13587);
#13586 = CARTESIAN_POINT('',(0.,-0.));
#13587 = VECTOR('',#13588,1.);
#13588 = DIRECTION('',(0.,1.));
#13589 = ( GEOMETRIC_REPRESENTATION_CONTEXT(2) 
PARAMETRIC_REPRESENTATION_CONTEXT() REPRESENTATION_CONTEXT('2D SPACE',''
  ) );
#13590 = ORIENTED_EDGE('',*,*,#11727,.F.);
#13591 = ORIENTED_EDGE('',*,*,#13570,.F.);
#13592 = ORIENTED_EDGE('',*,*,#12957,.T.);
#13593 = ADVANCED_FACE('',(#13594),#12049,.F.);
#13594 = FACE_BOUND('',#13595,.F.);
#13595 = EDGE_LOOP('',(#13596,#13617,#13618,#13619));
#13596 = ORIENTED_EDGE('',*,*,#13597,.T.);
#13597 = EDGE_CURVE('',#13305,#12033,#13598,.T.);
#13598 = SEAM_CURVE('',#13599,(#13603,#13610),.PCURVE_S1.);
#13599 = LINE('',#13600,#13601);
#13600 = CARTESIAN_POINT('',(160.,-3.,82.25));
#13601 = VECTOR('',#13602,1.);
#13602 = DIRECTION('',(0.,1.,0.));
#13603 = PCURVE('',#12049,#13604);
#13604 = DEFINITIONAL_REPRESENTATION('',(#13605),#13609);
#13605 = LINE('',#13606,#13607);
#13606 = CARTESIAN_POINT('',(6.28318530718,-0.));
#13607 = VECTOR('',#13608,1.);
#13608 = DIRECTION('',(0.,1.));
#13609 = ( GEOMETRIC_REPRESENTATION_CONTEXT(2) 
PARAMETRIC_REPRESENTATION_CONTEXT() REPRESENTATION_CONTEXT('2D SPACE',''
  ) );
#13610 = PCURVE('',#12049,#13611);
#13611 = DEFINITIONAL_REPRESENTATION('',(#13612),#13616);
#13612 = LINE('',#13613,#13614);
#13613 = CARTESIAN_POINT('',(0.,-0.));
#13614 = VECTOR('',#13615,1.);
#13615 = DIRECTION('',(0.,1.));
#13616 = ( GEOMETRIC_REPRESENTATION_CONTEXT(2) 
PARAMETRIC_REPRESENTATION_CONTEXT() REPRESENTATION_CONTEXT('2D SPACE',''
  ) );
#13617 = ORIENTED_EDGE('',*,*,#12032,.F.);
#13618 = ORIENTED_EDGE('',*,*,#13597,.F.);
#13619 = ORIENTED_EDGE('',*,*,#13304,.T.);
#13620 = ( GEOMETRIC_REPRESENTATION_CONTEXT(3) 
GLOBAL_UNCERTAINTY_ASSIGNED_CONTEXT((#13624)) 
GLOBAL_UNIT_ASSIGNED_CONTEXT((#13621,#13622,#13623)) 
REPRESENTATION_CONTEXT('Context #1',
  '3D Context with UNIT and UNCERTAINTY') );
#13621 = ( LENGTH_UNIT() NAMED_UNIT(*) SI_UNIT(.MILLI.,.METRE.) );
#13622 = ( NAMED_UNIT(*) PLANE_ANGLE_UNIT() SI_UNIT($,.RADIAN.) );
#13623 = ( NAMED_UNIT(*) SI_UNIT($,.STERADIAN.) SOLID_ANGLE_UNIT() );
#13624 = UNCERTAINTY_MEASURE_WITH_UNIT(LENGTH_MEASURE(1.E-07),#13621,
  'distance_accuracy_value','confusion accuracy');
#13625 = CONTEXT_DEPENDENT_SHAPE_REPRESENTATION(#13626,#13628);
#13626 = ( REPRESENTATION_RELATIONSHIP('','',#9527,#10) 
REPRESENTATION_RELATIONSHIP_WITH_TRANSFORMATION(#13627) 
SHAPE_REPRESENTATION_RELATIONSHIP() );
#13627 = ITEM_DEFINED_TRANSFORMATION('','',#11,#19);
#13628 = PRODUCT_DEFINITION_SHAPE('Placement','Placement of an item',
  #13629);
#13629 = NEXT_ASSEMBLY_USAGE_OCCURRENCE('2','faceplate','',#5,#9522,$);
#13630 = PRODUCT_RELATED_PRODUCT_CATEGORY('part',$,(#9524));
#13631 = SHAPE_DEFINITION_REPRESENTATION(#13632,#13638);
#13632 = PRODUCT_DEFINITION_SHAPE('','',#13633);
#13633 = PRODUCT_DEFINITION('design','',#13634,#13637);
#13634 = PRODUCT_DEFINITION_FORMATION('','',#13635);
#13635 = PRODUCT('REFERENCE_side_plug_1','REFERENCE_side_plug_1','',(
    #13636));
#13636 = PRODUCT_CONTEXT('',#2,'mechanical');
#13637 = PRODUCT_DEFINITION_CONTEXT('part definition',#2,'design');
#13638 = ADVANCED_BREP_SHAPE_REPRESENTATION('',(#11,#13639),#14297);
#13639 = MANIFOLD_SOLID_BREP('',#13640);
#13640 = CLOSED_SHELL('',(#13641,#13729,#13891,#13930,#14006,#14055,
    #14104,#14153,#14202,#14229,#14284,#14293));
#13641 = ADVANCED_FACE('',(#13642),#13655,.T.);
#13642 = FACE_BOUND('',#13643,.T.);
#13643 = EDGE_LOOP('',(#13644,#13678,#13701,#13728));
#13644 = ORIENTED_EDGE('',*,*,#13645,.F.);
#13645 = EDGE_CURVE('',#13646,#13646,#13648,.T.);
#13646 = VERTEX_POINT('',#13647);
#13647 = CARTESIAN_POINT('',(-209.,26.,13.5));
#13648 = SURFACE_CURVE('',#13649,(#13654,#13666),.PCURVE_S1.);
#13649 = CIRCLE('',#13650,10.);
#13650 = AXIS2_PLACEMENT_3D('',#13651,#13652,#13653);
#13651 = CARTESIAN_POINT('',(-209.,26.,23.5));
#13652 = DIRECTION('',(-1.,0.,0.));
#13653 = DIRECTION('',(0.,0.,-1.));
#13654 = PCURVE('',#13655,#13660);
#13655 = CYLINDRICAL_SURFACE('',#13656,10.);
#13656 = AXIS2_PLACEMENT_3D('',#13657,#13658,#13659);
#13657 = CARTESIAN_POINT('',(-205.,26.,23.5));
#13658 = DIRECTION('',(-1.,0.,0.));
#13659 = DIRECTION('',(0.,0.,-1.));
#13660 = DEFINITIONAL_REPRESENTATION('',(#13661),#13665);
#13661 = LINE('',#13662,#13663);
#13662 = CARTESIAN_POINT('',(0.,4.));
#13663 = VECTOR('',#13664,1.);
#13664 = DIRECTION('',(1.,0.));
#13665 = ( GEOMETRIC_REPRESENTATION_CONTEXT(2) 
PARAMETRIC_REPRESENTATION_CONTEXT() REPRESENTATION_CONTEXT('2D SPACE',''
  ) );
#13666 = PCURVE('',#13667,#13672);
#13667 = PLANE('',#13668);
#13668 = AXIS2_PLACEMENT_3D('',#13669,#13670,#13671);
#13669 = CARTESIAN_POINT('',(-209.,26.,23.5));
#13670 = DIRECTION('',(-1.,0.,0.));
#13671 = DIRECTION('',(0.,0.,-1.));
#13672 = DEFINITIONAL_REPRESENTATION('',(#13673),#13677);
#13673 = CIRCLE('',#13674,10.);
#13674 = AXIS2_PLACEMENT_2D('',#13675,#13676);
#13675 = CARTESIAN_POINT('',(0.,0.));
#13676 = DIRECTION('',(1.,0.));
#13677 = ( GEOMETRIC_REPRESENTATION_CONTEXT(2) 
PARAMETRIC_REPRESENTATION_CONTEXT() REPRESENTATION_CONTEXT('2D SPACE',''
  ) );
#13678 = ORIENTED_EDGE('',*,*,#13679,.F.);
#13679 = EDGE_CURVE('',#13680,#13646,#13682,.T.);
#13680 = VERTEX_POINT('',#13681);
#13681 = CARTESIAN_POINT('',(-205.,26.,13.5));
#13682 = SEAM_CURVE('',#13683,(#13687,#13694),.PCURVE_S1.);
#13683 = LINE('',#13684,#13685);
#13684 = CARTESIAN_POINT('',(-205.,26.,13.5));
#13685 = VECTOR('',#13686,1.);
#13686 = DIRECTION('',(-1.,0.,0.));
#13687 = PCURVE('',#13655,#13688);
#13688 = DEFINITIONAL_REPRESENTATION('',(#13689),#13693);
#13689 = LINE('',#13690,#13691);
#13690 = CARTESIAN_POINT('',(6.28318530718,-0.));
#13691 = VECTOR('',#13692,1.);
#13692 = DIRECTION('',(0.,1.));
#13693 = ( GEOMETRIC_REPRESENTATION_CONTEXT(2) 
PARAMETRIC_REPRESENTATION_CONTEXT() REPRESENTATION_CONTEXT('2D SPACE',''
  ) );
#13694 = PCURVE('',#13655,#13695);
#13695 = DEFINITIONAL_REPRESENTATION('',(#13696),#13700);
#13696 = LINE('',#13697,#13698);
#13697 = CARTESIAN_POINT('',(0.,-0.));
#13698 = VECTOR('',#13699,1.);
#13699 = DIRECTION('',(0.,1.));
#13700 = ( GEOMETRIC_REPRESENTATION_CONTEXT(2) 
PARAMETRIC_REPRESENTATION_CONTEXT() REPRESENTATION_CONTEXT('2D SPACE',''
  ) );
#13701 = ORIENTED_EDGE('',*,*,#13702,.T.);
#13702 = EDGE_CURVE('',#13680,#13680,#13703,.T.);
#13703 = SURFACE_CURVE('',#13704,(#13709,#13716),.PCURVE_S1.);
#13704 = CIRCLE('',#13705,10.);
#13705 = AXIS2_PLACEMENT_3D('',#13706,#13707,#13708);
#13706 = CARTESIAN_POINT('',(-205.,26.,23.5));
#13707 = DIRECTION('',(-1.,0.,0.));
#13708 = DIRECTION('',(0.,0.,-1.));
#13709 = PCURVE('',#13655,#13710);
#13710 = DEFINITIONAL_REPRESENTATION('',(#13711),#13715);
#13711 = LINE('',#13712,#13713);
#13712 = CARTESIAN_POINT('',(0.,0.));
#13713 = VECTOR('',#13714,1.);
#13714 = DIRECTION('',(1.,0.));
#13715 = ( GEOMETRIC_REPRESENTATION_CONTEXT(2) 
PARAMETRIC_REPRESENTATION_CONTEXT() REPRESENTATION_CONTEXT('2D SPACE',''
  ) );
#13716 = PCURVE('',#13717,#13722);
#13717 = PLANE('',#13718);
#13718 = AXIS2_PLACEMENT_3D('',#13719,#13720,#13721);
#13719 = CARTESIAN_POINT('',(-205.,26.,23.5));
#13720 = DIRECTION('',(-1.,0.,0.));
#13721 = DIRECTION('',(0.,0.,-1.));
#13722 = DEFINITIONAL_REPRESENTATION('',(#13723),#13727);
#13723 = CIRCLE('',#13724,10.);
#13724 = AXIS2_PLACEMENT_2D('',#13725,#13726);
#13725 = CARTESIAN_POINT('',(0.,0.));
#13726 = DIRECTION('',(1.,0.));
#13727 = ( GEOMETRIC_REPRESENTATION_CONTEXT(2) 
PARAMETRIC_REPRESENTATION_CONTEXT() REPRESENTATION_CONTEXT('2D SPACE',''
  ) );
#13728 = ORIENTED_EDGE('',*,*,#13679,.T.);
#13729 = ADVANCED_FACE('',(#13730,#13733),#13667,.T.);
#13730 = FACE_BOUND('',#13731,.T.);
#13731 = EDGE_LOOP('',(#13732));
#13732 = ORIENTED_EDGE('',*,*,#13645,.T.);
#13733 = FACE_BOUND('',#13734,.T.);
#13734 = EDGE_LOOP('',(#13735,#13763,#13789,#13815,#13841,#13867));
#13735 = ORIENTED_EDGE('',*,*,#13736,.T.);
#13736 = EDGE_CURVE('',#13737,#13739,#13741,.T.);
#13737 = VERTEX_POINT('',#13738);
#13738 = CARTESIAN_POINT('',(-209.,27.443375672974,21.));
#13739 = VERTEX_POINT('',#13740);
#13740 = CARTESIAN_POINT('',(-209.,28.886751345948,23.5));
#13741 = SURFACE_CURVE('',#13742,(#13746,#13752),.PCURVE_S1.);
#13742 = LINE('',#13743,#13744);
#13743 = CARTESIAN_POINT('',(-209.,27.804219591218,21.625));
#13744 = VECTOR('',#13745,1.);
#13745 = DIRECTION('',(0.,0.5,0.866025403784));
#13746 = PCURVE('',#13667,#13747);
#13747 = DEFINITIONAL_REPRESENTATION('',(#13748),#13751);
#13748 = B_SPLINE_CURVE_WITH_KNOTS('',1,(#13749,#13750),.UNSPECIFIED.,
  .F.,.F.,(2,2),(-0.721687836487,2.165063509461),
  .PIECEWISE_BEZIER_KNOTS.);
#13749 = CARTESIAN_POINT('',(2.5,-1.443375672974));
#13750 = CARTESIAN_POINT('',(-5.99993195083E-16,-2.886751345948));
#13751 = ( GEOMETRIC_REPRESENTATION_CONTEXT(2) 
PARAMETRIC_REPRESENTATION_CONTEXT() REPRESENTATION_CONTEXT('2D SPACE',''
  ) );
#13752 = PCURVE('',#13753,#13758);
#13753 = PLANE('',#13754);
#13754 = AXIS2_PLACEMENT_3D('',#13755,#13756,#13757);
#13755 = CARTESIAN_POINT('',(-209.1,27.443375672974,21.));
#13756 = DIRECTION('',(0.,-0.866025403784,0.5));
#13757 = DIRECTION('',(0.,0.5,0.866025403784));
#13758 = DEFINITIONAL_REPRESENTATION('',(#13759),#13762);
#13759 = B_SPLINE_CURVE_WITH_KNOTS('',1,(#13760,#13761),.UNSPECIFIED.,
  .F.,.F.,(2,2),(-0.721687836487,2.165063509461),
  .PIECEWISE_BEZIER_KNOTS.);
#13760 = CARTESIAN_POINT('',(0.,-9.999999999999E-02));
#13761 = CARTESIAN_POINT('',(2.886751345948,-9.999999999999E-02));
#13762 = ( GEOMETRIC_REPRESENTATION_CONTEXT(2) 
PARAMETRIC_REPRESENTATION_CONTEXT() REPRESENTATION_CONTEXT('2D SPACE',''
  ) );
#13763 = ORIENTED_EDGE('',*,*,#13764,.T.);
#13764 = EDGE_CURVE('',#13739,#13765,#13767,.T.);
#13765 = VERTEX_POINT('',#13766);
#13766 = CARTESIAN_POINT('',(-209.,27.443375672974,26.));
#13767 = SURFACE_CURVE('',#13768,(#13772,#13778),.PCURVE_S1.);
#13768 = LINE('',#13769,#13770);
#13769 = CARTESIAN_POINT('',(-209.,28.525907427705,24.125));
#13770 = VECTOR('',#13771,1.);
#13771 = DIRECTION('',(0.,-0.5,0.866025403784));
#13772 = PCURVE('',#13667,#13773);
#13773 = DEFINITIONAL_REPRESENTATION('',(#13774),#13777);
#13774 = B_SPLINE_CURVE_WITH_KNOTS('',1,(#13775,#13776),.UNSPECIFIED.,
  .F.,.F.,(2,2),(-0.721687836487,2.165063509461),
  .PIECEWISE_BEZIER_KNOTS.);
#13775 = CARTESIAN_POINT('',(7.768865376094E-16,-2.886751345948));
#13776 = CARTESIAN_POINT('',(-2.5,-1.443375672974));
#13777 = ( GEOMETRIC_REPRESENTATION_CONTEXT(2) 
PARAMETRIC_REPRESENTATION_CONTEXT() REPRESENTATION_CONTEXT('2D SPACE',''
  ) );
#13778 = PCURVE('',#13779,#13784);
#13779 = PLANE('',#13780);
#13780 = AXIS2_PLACEMENT_3D('',#13781,#13782,#13783);
#13781 = CARTESIAN_POINT('',(-209.1,28.886751345948,23.5));
#13782 = DIRECTION('',(0.,-0.866025403784,-0.5));
#13783 = DIRECTION('',(0.,-0.5,0.866025403784));
#13784 = DEFINITIONAL_REPRESENTATION('',(#13785),#13788);
#13785 = B_SPLINE_CURVE_WITH_KNOTS('',1,(#13786,#13787),.UNSPECIFIED.,
  .F.,.F.,(2,2),(-0.721687836487,2.165063509461),
  .PIECEWISE_BEZIER_KNOTS.);
#13786 = CARTESIAN_POINT('',(0.,-9.999999999999E-02));
#13787 = CARTESIAN_POINT('',(2.886751345948,-9.999999999999E-02));
#13788 = ( GEOMETRIC_REPRESENTATION_CONTEXT(2) 
PARAMETRIC_REPRESENTATION_CONTEXT() REPRESENTATION_CONTEXT('2D SPACE',''
  ) );
#13789 = ORIENTED_EDGE('',*,*,#13790,.T.);
#13790 = EDGE_CURVE('',#13765,#13791,#13793,.T.);
#13791 = VERTEX_POINT('',#13792);
#13792 = CARTESIAN_POINT('',(-209.,24.556624327026,26.));
#13793 = SURFACE_CURVE('',#13794,(#13798,#13804),.PCURVE_S1.);
#13794 = LINE('',#13795,#13796);
#13795 = CARTESIAN_POINT('',(-209.,26.721687836487,26.));
#13796 = VECTOR('',#13797,1.);
#13797 = DIRECTION('',(0.,-1.,1.538370149107E-16));
#13798 = PCURVE('',#13667,#13799);
#13799 = DEFINITIONAL_REPRESENTATION('',(#13800),#13803);
#13800 = B_SPLINE_CURVE_WITH_KNOTS('',1,(#13801,#13802),.UNSPECIFIED.,
  .F.,.F.,(2,2),(-0.721687836487,2.165063509461),
  .PIECEWISE_BEZIER_KNOTS.);
#13801 = CARTESIAN_POINT('',(-2.5,-1.443375672974));
#13802 = CARTESIAN_POINT('',(-2.5,1.443375672974));
#13803 = ( GEOMETRIC_REPRESENTATION_CONTEXT(2) 
PARAMETRIC_REPRESENTATION_CONTEXT() REPRESENTATION_CONTEXT('2D SPACE',''
  ) );
#13804 = PCURVE('',#13805,#13810);
#13805 = PLANE('',#13806);
#13806 = AXIS2_PLACEMENT_3D('',#13807,#13808,#13809);
#13807 = CARTESIAN_POINT('',(-209.1,27.443375672974,26.));
#13808 = DIRECTION('',(0.,-1.538370149107E-16,-1.));
#13809 = DIRECTION('',(0.,-1.,1.538370149107E-16));
#13810 = DEFINITIONAL_REPRESENTATION('',(#13811),#13814);
#13811 = B_SPLINE_CURVE_WITH_KNOTS('',1,(#13812,#13813),.UNSPECIFIED.,
  .F.,.F.,(2,2),(-0.721687836487,2.165063509461),
  .PIECEWISE_BEZIER_KNOTS.);
#13812 = CARTESIAN_POINT('',(0.,-9.999999999999E-02));
#13813 = CARTESIAN_POINT('',(2.886751345948,-9.999999999999E-02));
#13814 = ( GEOMETRIC_REPRESENTATION_CONTEXT(2) 
PARAMETRIC_REPRESENTATION_CONTEXT() REPRESENTATION_CONTEXT('2D SPACE',''
  ) );
#13815 = ORIENTED_EDGE('',*,*,#13816,.T.);
#13816 = EDGE_CURVE('',#13791,#13817,#13819,.T.);
#13817 = VERTEX_POINT('',#13818);
#13818 = CARTESIAN_POINT('',(-209.,23.113248654052,23.5));
#13819 = SURFACE_CURVE('',#13820,(#13824,#13830),.PCURVE_S1.);
#13820 = LINE('',#13821,#13822);
#13821 = CARTESIAN_POINT('',(-209.,24.195780408782,25.375));
#13822 = VECTOR('',#13823,1.);
#13823 = DIRECTION('',(-0.,-0.5,-0.866025403784));
#13824 = PCURVE('',#13667,#13825);
#13825 = DEFINITIONAL_REPRESENTATION('',(#13826),#13829);
#13826 = B_SPLINE_CURVE_WITH_KNOTS('',1,(#13827,#13828),.UNSPECIFIED.,
  .F.,.F.,(2,2),(-0.721687836487,2.165063509461),
  .PIECEWISE_BEZIER_KNOTS.);
#13827 = CARTESIAN_POINT('',(-2.5,1.443375672974));
#13828 = CARTESIAN_POINT('',(-3.134140809492E-16,2.886751345948));
#13829 = ( GEOMETRIC_REPRESENTATION_CONTEXT(2) 
PARAMETRIC_REPRESENTATION_CONTEXT() REPRESENTATION_CONTEXT('2D SPACE',''
  ) );
#13830 = PCURVE('',#13831,#13836);
#13831 = PLANE('',#13832);
#13832 = AXIS2_PLACEMENT_3D('',#13833,#13834,#13835);
#13833 = CARTESIAN_POINT('',(-209.1,24.556624327026,26.));
#13834 = DIRECTION('',(0.,0.866025403784,-0.5));
#13835 = DIRECTION('',(0.,-0.5,-0.866025403784));
#13836 = DEFINITIONAL_REPRESENTATION('',(#13837),#13840);
#13837 = B_SPLINE_CURVE_WITH_KNOTS('',1,(#13838,#13839),.UNSPECIFIED.,
  .F.,.F.,(2,2),(-0.721687836487,2.165063509461),
  .PIECEWISE_BEZIER_KNOTS.);
#13838 = CARTESIAN_POINT('',(0.,-9.999999999999E-02));
#13839 = CARTESIAN_POINT('',(2.886751345948,-9.999999999999E-02));
#13840 = ( GEOMETRIC_REPRESENTATION_CONTEXT(2) 
PARAMETRIC_REPRESENTATION_CONTEXT() REPRESENTATION_CONTEXT('2D SPACE',''
  ) );
#13841 = ORIENTED_EDGE('',*,*,#13842,.T.);
#13842 = EDGE_CURVE('',#13817,#13843,#13845,.T.);
#13843 = VERTEX_POINT('',#13844);
#13844 = CARTESIAN_POINT('',(-209.,24.556624327026,21.));
#13845 = SURFACE_CURVE('',#13846,(#13850,#13856),.PCURVE_S1.);
#13846 = LINE('',#13847,#13848);
#13847 = CARTESIAN_POINT('',(-209.,23.474092572295,22.875));
#13848 = VECTOR('',#13849,1.);
#13849 = DIRECTION('',(0.,0.5,-0.866025403784));
#13850 = PCURVE('',#13667,#13851);
#13851 = DEFINITIONAL_REPRESENTATION('',(#13852),#13855);
#13852 = B_SPLINE_CURVE_WITH_KNOTS('',1,(#13853,#13854),.UNSPECIFIED.,
  .F.,.F.,(2,2),(-0.721687836487,2.165063509461),
  .PIECEWISE_BEZIER_KNOTS.);
#13853 = CARTESIAN_POINT('',(-7.608618485562E-16,2.886751345948));
#13854 = CARTESIAN_POINT('',(2.5,1.443375672974));
#13855 = ( GEOMETRIC_REPRESENTATION_CONTEXT(2) 
PARAMETRIC_REPRESENTATION_CONTEXT() REPRESENTATION_CONTEXT('2D SPACE',''
  ) );
#13856 = PCURVE('',#13857,#13862);
#13857 = PLANE('',#13858);
#13858 = AXIS2_PLACEMENT_3D('',#13859,#13860,#13861);
#13859 = CARTESIAN_POINT('',(-209.1,23.113248654052,23.5));
#13860 = DIRECTION('',(-0.,0.866025403784,0.5));
#13861 = DIRECTION('',(0.,0.5,-0.866025403784));
#13862 = DEFINITIONAL_REPRESENTATION('',(#13863),#13866);
#13863 = B_SPLINE_CURVE_WITH_KNOTS('',1,(#13864,#13865),.UNSPECIFIED.,
  .F.,.F.,(2,2),(-0.721687836487,2.165063509461),
  .PIECEWISE_BEZIER_KNOTS.);
#13864 = CARTESIAN_POINT('',(0.,-9.999999999999E-02));
#13865 = CARTESIAN_POINT('',(2.886751345948,-9.999999999999E-02));
#13866 = ( GEOMETRIC_REPRESENTATION_CONTEXT(2) 
PARAMETRIC_REPRESENTATION_CONTEXT() REPRESENTATION_CONTEXT('2D SPACE',''
  ) );
#13867 = ORIENTED_EDGE('',*,*,#13868,.T.);
#13868 = EDGE_CURVE('',#13843,#13737,#13869,.T.);
#13869 = SURFACE_CURVE('',#13870,(#13874,#13880),.PCURVE_S1.);
#13870 = LINE('',#13871,#13872);
#13871 = CARTESIAN_POINT('',(-209.,25.278312163513,21.));
#13872 = VECTOR('',#13873,1.);
#13873 = DIRECTION('',(0.,1.,-6.153480596427E-16));
#13874 = PCURVE('',#13667,#13875);
#13875 = DEFINITIONAL_REPRESENTATION('',(#13876),#13879);
#13876 = B_SPLINE_CURVE_WITH_KNOTS('',1,(#13877,#13878),.UNSPECIFIED.,
  .F.,.F.,(2,2),(-0.721687836487,2.165063509461),
  .PIECEWISE_BEZIER_KNOTS.);
#13877 = CARTESIAN_POINT('',(2.5,1.443375672974));
#13878 = CARTESIAN_POINT('',(2.5,-1.443375672974));
#13879 = ( GEOMETRIC_REPRESENTATION_CONTEXT(2) 
PARAMETRIC_REPRESENTATION_CONTEXT() REPRESENTATION_CONTEXT('2D SPACE',''
  ) );
#13880 = PCURVE('',#13881,#13886);
#13881 = PLANE('',#13882);
#13882 = AXIS2_PLACEMENT_3D('',#13883,#13884,#13885);
#13883 = CARTESIAN_POINT('',(-209.1,24.556624327026,21.));
#13884 = DIRECTION('',(-0.,6.153480596427E-16,1.));
#13885 = DIRECTION('',(0.,1.,-6.153480596427E-16));
#13886 = DEFINITIONAL_REPRESENTATION('',(#13887),#13890);
#13887 = B_SPLINE_CURVE_WITH_KNOTS('',1,(#13888,#13889),.UNSPECIFIED.,
  .F.,.F.,(2,2),(-0.721687836487,2.165063509461),
  .PIECEWISE_BEZIER_KNOTS.);
#13888 = CARTESIAN_POINT('',(0.,-9.999999999999E-02));
#13889 = CARTESIAN_POINT('',(2.886751345948,-9.999999999999E-02));
#13890 = ( GEOMETRIC_REPRESENTATION_CONTEXT(2) 
PARAMETRIC_REPRESENTATION_CONTEXT() REPRESENTATION_CONTEXT('2D SPACE',''
  ) );
#13891 = ADVANCED_FACE('',(#13892,#13895),#13717,.F.);
#13892 = FACE_BOUND('',#13893,.F.);
#13893 = EDGE_LOOP('',(#13894));
#13894 = ORIENTED_EDGE('',*,*,#13702,.T.);
#13895 = FACE_BOUND('',#13896,.F.);
#13896 = EDGE_LOOP('',(#13897));
#13897 = ORIENTED_EDGE('',*,*,#13898,.T.);
#13898 = EDGE_CURVE('',#13899,#13899,#13901,.T.);
#13899 = VERTEX_POINT('',#13900);
#13900 = CARTESIAN_POINT('',(-205.,26.,29.4));
#13901 = SURFACE_CURVE('',#13902,(#13907,#13918),.PCURVE_S1.);
#13902 = CIRCLE('',#13903,5.9);
#13903 = AXIS2_PLACEMENT_3D('',#13904,#13905,#13906);
#13904 = CARTESIAN_POINT('',(-205.,26.,23.5));
#13905 = DIRECTION('',(1.,0.,0.));
#13906 = DIRECTION('',(-0.,0.,1.));
#13907 = PCURVE('',#13717,#13908);
#13908 = DEFINITIONAL_REPRESENTATION('',(#13909),#13917);
#13909 = ( BOUNDED_CURVE() B_SPLINE_CURVE(2,(#13910,#13911,#13912,#13913
    ,#13914,#13915,#13916),.UNSPECIFIED.,.T.,.F.) 
B_SPLINE_CURVE_WITH_KNOTS((1,2,2,2,2,1),(-2.094395102393,0.,
    2.094395102393,4.188790204786,6.28318530718,8.377580409573),
.UNSPECIFIED.) CURVE() GEOMETRIC_REPRESENTATION_ITEM() 
RATIONAL_B_SPLINE_CURVE((1.,0.5,1.,0.5,1.,0.5,1.)) REPRESENTATION_ITEM(
  '') );
#13910 = CARTESIAN_POINT('',(-5.9,0.));
#13911 = CARTESIAN_POINT('',(-5.9,10.219099764656));
#13912 = CARTESIAN_POINT('',(2.95,5.109549882328));
#13913 = CARTESIAN_POINT('',(11.8,1.445083222994E-15));
#13914 = CARTESIAN_POINT('',(2.95,-5.109549882328));
#13915 = CARTESIAN_POINT('',(-5.9,-10.21909976465));
#13916 = CARTESIAN_POINT('',(-5.9,0.));
#13917 = ( GEOMETRIC_REPRESENTATION_CONTEXT(2) 
PARAMETRIC_REPRESENTATION_CONTEXT() REPRESENTATION_CONTEXT('2D SPACE',''
  ) );
#13918 = PCURVE('',#13919,#13924);
#13919 = CYLINDRICAL_SURFACE('',#13920,5.9);
#13920 = AXIS2_PLACEMENT_3D('',#13921,#13922,#13923);
#13921 = CARTESIAN_POINT('',(-205.,26.,23.5));
#13922 = DIRECTION('',(1.,0.,0.));
#13923 = DIRECTION('',(-0.,0.,1.));
#13924 = DEFINITIONAL_REPRESENTATION('',(#13925),#13929);
#13925 = LINE('',#13926,#13927);
#13926 = CARTESIAN_POINT('',(0.,0.));
#13927 = VECTOR('',#13928,1.);
#13928 = DIRECTION('',(1.,0.));
#13929 = ( GEOMETRIC_REPRESENTATION_CONTEXT(2) 
PARAMETRIC_REPRESENTATION_CONTEXT() REPRESENTATION_CONTEXT('2D SPACE',''
  ) );
#13930 = ADVANCED_FACE('',(#13931),#13753,.T.);
#13931 = FACE_BOUND('',#13932,.T.);
#13932 = EDGE_LOOP('',(#13933,#13934,#13957,#13985));
#13933 = ORIENTED_EDGE('',*,*,#13736,.F.);
#13934 = ORIENTED_EDGE('',*,*,#13935,.T.);
#13935 = EDGE_CURVE('',#13737,#13936,#13938,.T.);
#13936 = VERTEX_POINT('',#13937);
#13937 = CARTESIAN_POINT('',(-207.,27.443375672974,21.));
#13938 = SURFACE_CURVE('',#13939,(#13943,#13950),.PCURVE_S1.);
#13939 = LINE('',#13940,#13941);
#13940 = CARTESIAN_POINT('',(-209.1,27.443375672974,21.));
#13941 = VECTOR('',#13942,1.);
#13942 = DIRECTION('',(1.,0.,0.));
#13943 = PCURVE('',#13753,#13944);
#13944 = DEFINITIONAL_REPRESENTATION('',(#13945),#13949);
#13945 = LINE('',#13946,#13947);
#13946 = CARTESIAN_POINT('',(0.,0.));
#13947 = VECTOR('',#13948,1.);
#13948 = DIRECTION('',(0.,-1.));
#13949 = ( GEOMETRIC_REPRESENTATION_CONTEXT(2) 
PARAMETRIC_REPRESENTATION_CONTEXT() REPRESENTATION_CONTEXT('2D SPACE',''
  ) );
#13950 = PCURVE('',#13881,#13951);
#13951 = DEFINITIONAL_REPRESENTATION('',(#13952),#13956);
#13952 = LINE('',#13953,#13954);
#13953 = CARTESIAN_POINT('',(2.886751345948,0.));
#13954 = VECTOR('',#13955,1.);
#13955 = DIRECTION('',(0.,-1.));
#13956 = ( GEOMETRIC_REPRESENTATION_CONTEXT(2) 
PARAMETRIC_REPRESENTATION_CONTEXT() REPRESENTATION_CONTEXT('2D SPACE',''
  ) );
#13957 = ORIENTED_EDGE('',*,*,#13958,.T.);
#13958 = EDGE_CURVE('',#13936,#13959,#13961,.T.);
#13959 = VERTEX_POINT('',#13960);
#13960 = CARTESIAN_POINT('',(-207.,28.886751345948,23.5));
#13961 = SURFACE_CURVE('',#13962,(#13966,#13973),.PCURVE_S1.);
#13962 = LINE('',#13963,#13964);
#13963 = CARTESIAN_POINT('',(-207.,27.443375672974,21.));
#13964 = VECTOR('',#13965,1.);
#13965 = DIRECTION('',(0.,0.5,0.866025403784));
#13966 = PCURVE('',#13753,#13967);
#13967 = DEFINITIONAL_REPRESENTATION('',(#13968),#13972);
#13968 = LINE('',#13969,#13970);
#13969 = CARTESIAN_POINT('',(0.,-2.1));
#13970 = VECTOR('',#13971,1.);
#13971 = DIRECTION('',(1.,0.));
#13972 = ( GEOMETRIC_REPRESENTATION_CONTEXT(2) 
PARAMETRIC_REPRESENTATION_CONTEXT() REPRESENTATION_CONTEXT('2D SPACE',''
  ) );
#13973 = PCURVE('',#13974,#13979);
#13974 = PLANE('',#13975);
#13975 = AXIS2_PLACEMENT_3D('',#13976,#13977,#13978);
#13976 = CARTESIAN_POINT('',(-207.,26.,23.5));
#13977 = DIRECTION('',(1.,0.,0.));
#13978 = DIRECTION('',(-0.,0.,1.));
#13979 = DEFINITIONAL_REPRESENTATION('',(#13980),#13984);
#13980 = LINE('',#13981,#13982);
#13981 = CARTESIAN_POINT('',(-2.5,-1.443375672974));
#13982 = VECTOR('',#13983,1.);
#13983 = DIRECTION('',(0.866025403784,-0.5));
#13984 = ( GEOMETRIC_REPRESENTATION_CONTEXT(2) 
PARAMETRIC_REPRESENTATION_CONTEXT() REPRESENTATION_CONTEXT('2D SPACE',''
  ) );
#13985 = ORIENTED_EDGE('',*,*,#13986,.F.);
#13986 = EDGE_CURVE('',#13739,#13959,#13987,.T.);
#13987 = SURFACE_CURVE('',#13988,(#13992,#13999),.PCURVE_S1.);
#13988 = LINE('',#13989,#13990);
#13989 = CARTESIAN_POINT('',(-209.1,28.886751345948,23.5));
#13990 = VECTOR('',#13991,1.);
#13991 = DIRECTION('',(1.,0.,0.));
#13992 = PCURVE('',#13753,#13993);
#13993 = DEFINITIONAL_REPRESENTATION('',(#13994),#13998);
#13994 = LINE('',#13995,#13996);
#13995 = CARTESIAN_POINT('',(2.886751345948,0.));
#13996 = VECTOR('',#13997,1.);
#13997 = DIRECTION('',(0.,-1.));
#13998 = ( GEOMETRIC_REPRESENTATION_CONTEXT(2) 
PARAMETRIC_REPRESENTATION_CONTEXT() REPRESENTATION_CONTEXT('2D SPACE',''
  ) );
#13999 = PCURVE('',#13779,#14000);
#14000 = DEFINITIONAL_REPRESENTATION('',(#14001),#14005);
#14001 = LINE('',#14002,#14003);
#14002 = CARTESIAN_POINT('',(0.,0.));
#14003 = VECTOR('',#14004,1.);
#14004 = DIRECTION('',(0.,-1.));
#14005 = ( GEOMETRIC_REPRESENTATION_CONTEXT(2) 
PARAMETRIC_REPRESENTATION_CONTEXT() REPRESENTATION_CONTEXT('2D SPACE',''
  ) );
#14006 = ADVANCED_FACE('',(#14007),#13881,.T.);
#14007 = FACE_BOUND('',#14008,.T.);
#14008 = EDGE_LOOP('',(#14009,#14010,#14033,#14054));
#14009 = ORIENTED_EDGE('',*,*,#13868,.F.);
#14010 = ORIENTED_EDGE('',*,*,#14011,.T.);
#14011 = EDGE_CURVE('',#13843,#14012,#14014,.T.);
#14012 = VERTEX_POINT('',#14013);
#14013 = CARTESIAN_POINT('',(-207.,24.556624327026,21.));
#14014 = SURFACE_CURVE('',#14015,(#14019,#14026),.PCURVE_S1.);
#14015 = LINE('',#14016,#14017);
#14016 = CARTESIAN_POINT('',(-209.1,24.556624327026,21.));
#14017 = VECTOR('',#14018,1.);
#14018 = DIRECTION('',(1.,0.,0.));
#14019 = PCURVE('',#13881,#14020);
#14020 = DEFINITIONAL_REPRESENTATION('',(#14021),#14025);
#14021 = LINE('',#14022,#14023);
#14022 = CARTESIAN_POINT('',(0.,0.));
#14023 = VECTOR('',#14024,1.);
#14024 = DIRECTION('',(0.,-1.));
#14025 = ( GEOMETRIC_REPRESENTATION_CONTEXT(2) 
PARAMETRIC_REPRESENTATION_CONTEXT() REPRESENTATION_CONTEXT('2D SPACE',''
  ) );
#14026 = PCURVE('',#13857,#14027);
#14027 = DEFINITIONAL_REPRESENTATION('',(#14028),#14032);
#14028 = LINE('',#14029,#14030);
#14029 = CARTESIAN_POINT('',(2.886751345948,0.));
#14030 = VECTOR('',#14031,1.);
#14031 = DIRECTION('',(0.,-1.));
#14032 = ( GEOMETRIC_REPRESENTATION_CONTEXT(2) 
PARAMETRIC_REPRESENTATION_CONTEXT() REPRESENTATION_CONTEXT('2D SPACE',''
  ) );
#14033 = ORIENTED_EDGE('',*,*,#14034,.T.);
#14034 = EDGE_CURVE('',#14012,#13936,#14035,.T.);
#14035 = SURFACE_CURVE('',#14036,(#14040,#14047),.PCURVE_S1.);
#14036 = LINE('',#14037,#14038);
#14037 = CARTESIAN_POINT('',(-207.,24.556624327026,21.));
#14038 = VECTOR('',#14039,1.);
#14039 = DIRECTION('',(0.,1.,-6.153480596427E-16));
#14040 = PCURVE('',#13881,#14041);
#14041 = DEFINITIONAL_REPRESENTATION('',(#14042),#14046);
#14042 = LINE('',#14043,#14044);
#14043 = CARTESIAN_POINT('',(0.,-2.1));
#14044 = VECTOR('',#14045,1.);
#14045 = DIRECTION('',(1.,0.));
#14046 = ( GEOMETRIC_REPRESENTATION_CONTEXT(2) 
PARAMETRIC_REPRESENTATION_CONTEXT() REPRESENTATION_CONTEXT('2D SPACE',''
  ) );
#14047 = PCURVE('',#13974,#14048);
#14048 = DEFINITIONAL_REPRESENTATION('',(#14049),#14053);
#14049 = LINE('',#14050,#14051);
#14050 = CARTESIAN_POINT('',(-2.5,1.443375672974));
#14051 = VECTOR('',#14052,1.);
#14052 = DIRECTION('',(-6.153480596427E-16,-1.));
#14053 = ( GEOMETRIC_REPRESENTATION_CONTEXT(2) 
PARAMETRIC_REPRESENTATION_CONTEXT() REPRESENTATION_CONTEXT('2D SPACE',''
  ) );
#14054 = ORIENTED_EDGE('',*,*,#13935,.F.);
#14055 = ADVANCED_FACE('',(#14056),#13857,.T.);
#14056 = FACE_BOUND('',#14057,.T.);
#14057 = EDGE_LOOP('',(#14058,#14059,#14082,#14103));
#14058 = ORIENTED_EDGE('',*,*,#13842,.F.);
#14059 = ORIENTED_EDGE('',*,*,#14060,.T.);
#14060 = EDGE_CURVE('',#13817,#14061,#14063,.T.);
#14061 = VERTEX_POINT('',#14062);
#14062 = CARTESIAN_POINT('',(-207.,23.113248654052,23.5));
#14063 = SURFACE_CURVE('',#14064,(#14068,#14075),.PCURVE_S1.);
#14064 = LINE('',#14065,#14066);
#14065 = CARTESIAN_POINT('',(-209.1,23.113248654052,23.5));
#14066 = VECTOR('',#14067,1.);
#14067 = DIRECTION('',(1.,0.,0.));
#14068 = PCURVE('',#13857,#14069);
#14069 = DEFINITIONAL_REPRESENTATION('',(#14070),#14074);
#14070 = LINE('',#14071,#14072);
#14071 = CARTESIAN_POINT('',(0.,0.));
#14072 = VECTOR('',#14073,1.);
#14073 = DIRECTION('',(0.,-1.));
#14074 = ( GEOMETRIC_REPRESENTATION_CONTEXT(2) 
PARAMETRIC_REPRESENTATION_CONTEXT() REPRESENTATION_CONTEXT('2D SPACE',''
  ) );
#14075 = PCURVE('',#13831,#14076);
#14076 = DEFINITIONAL_REPRESENTATION('',(#14077),#14081);
#14077 = LINE('',#14078,#14079);
#14078 = CARTESIAN_POINT('',(2.886751345948,0.));
#14079 = VECTOR('',#14080,1.);
#14080 = DIRECTION('',(0.,-1.));
#14081 = ( GEOMETRIC_REPRESENTATION_CONTEXT(2) 
PARAMETRIC_REPRESENTATION_CONTEXT() REPRESENTATION_CONTEXT('2D SPACE',''
  ) );
#14082 = ORIENTED_EDGE('',*,*,#14083,.T.);
#14083 = EDGE_CURVE('',#14061,#14012,#14084,.T.);
#14084 = SURFACE_CURVE('',#14085,(#14089,#14096),.PCURVE_S1.);
#14085 = LINE('',#14086,#14087);
#14086 = CARTESIAN_POINT('',(-207.,23.113248654052,23.5));
#14087 = VECTOR('',#14088,1.);
#14088 = DIRECTION('',(0.,0.5,-0.866025403784));
#14089 = PCURVE('',#13857,#14090);
#14090 = DEFINITIONAL_REPRESENTATION('',(#14091),#14095);
#14091 = LINE('',#14092,#14093);
#14092 = CARTESIAN_POINT('',(0.,-2.1));
#14093 = VECTOR('',#14094,1.);
#14094 = DIRECTION('',(1.,0.));
#14095 = ( GEOMETRIC_REPRESENTATION_CONTEXT(2) 
PARAMETRIC_REPRESENTATION_CONTEXT() REPRESENTATION_CONTEXT('2D SPACE',''
  ) );
#14096 = PCURVE('',#13974,#14097);
#14097 = DEFINITIONAL_REPRESENTATION('',(#14098),#14102);
#14098 = LINE('',#14099,#14100);
#14099 = CARTESIAN_POINT('',(0.,2.886751345948));
#14100 = VECTOR('',#14101,1.);
#14101 = DIRECTION('',(-0.866025403784,-0.5));
#14102 = ( GEOMETRIC_REPRESENTATION_CONTEXT(2) 
PARAMETRIC_REPRESENTATION_CONTEXT() REPRESENTATION_CONTEXT('2D SPACE',''
  ) );
#14103 = ORIENTED_EDGE('',*,*,#14011,.F.);
#14104 = ADVANCED_FACE('',(#14105),#13831,.T.);
#14105 = FACE_BOUND('',#14106,.T.);
#14106 = EDGE_LOOP('',(#14107,#14108,#14131,#14152));
#14107 = ORIENTED_EDGE('',*,*,#13816,.F.);
#14108 = ORIENTED_EDGE('',*,*,#14109,.T.);
#14109 = EDGE_CURVE('',#13791,#14110,#14112,.T.);
#14110 = VERTEX_POINT('',#14111);
#14111 = CARTESIAN_POINT('',(-207.,24.556624327026,26.));
#14112 = SURFACE_CURVE('',#14113,(#14117,#14124),.PCURVE_S1.);
#14113 = LINE('',#14114,#14115);
#14114 = CARTESIAN_POINT('',(-209.1,24.556624327026,26.));
#14115 = VECTOR('',#14116,1.);
#14116 = DIRECTION('',(1.,0.,0.));
#14117 = PCURVE('',#13831,#14118);
#14118 = DEFINITIONAL_REPRESENTATION('',(#14119),#14123);
#14119 = LINE('',#14120,#14121);
#14120 = CARTESIAN_POINT('',(0.,0.));
#14121 = VECTOR('',#14122,1.);
#14122 = DIRECTION('',(0.,-1.));
#14123 = ( GEOMETRIC_REPRESENTATION_CONTEXT(2) 
PARAMETRIC_REPRESENTATION_CONTEXT() REPRESENTATION_CONTEXT('2D SPACE',''
  ) );
#14124 = PCURVE('',#13805,#14125);
#14125 = DEFINITIONAL_REPRESENTATION('',(#14126),#14130);
#14126 = LINE('',#14127,#14128);
#14127 = CARTESIAN_POINT('',(2.886751345948,0.));
#14128 = VECTOR('',#14129,1.);
#14129 = DIRECTION('',(0.,-1.));
#14130 = ( GEOMETRIC_REPRESENTATION_CONTEXT(2) 
PARAMETRIC_REPRESENTATION_CONTEXT() REPRESENTATION_CONTEXT('2D SPACE',''
  ) );
#14131 = ORIENTED_EDGE('',*,*,#14132,.T.);
#14132 = EDGE_CURVE('',#14110,#14061,#14133,.T.);
#14133 = SURFACE_CURVE('',#14134,(#14138,#14145),.PCURVE_S1.);
#14134 = LINE('',#14135,#14136);
#14135 = CARTESIAN_POINT('',(-207.,24.556624327026,26.));
#14136 = VECTOR('',#14137,1.);
#14137 = DIRECTION('',(0.,-0.5,-0.866025403784));
#14138 = PCURVE('',#13831,#14139);
#14139 = DEFINITIONAL_REPRESENTATION('',(#14140),#14144);
#14140 = LINE('',#14141,#14142);
#14141 = CARTESIAN_POINT('',(0.,-2.1));
#14142 = VECTOR('',#14143,1.);
#14143 = DIRECTION('',(1.,0.));
#14144 = ( GEOMETRIC_REPRESENTATION_CONTEXT(2) 
PARAMETRIC_REPRESENTATION_CONTEXT() REPRESENTATION_CONTEXT('2D SPACE',''
  ) );
#14145 = PCURVE('',#13974,#14146);
#14146 = DEFINITIONAL_REPRESENTATION('',(#14147),#14151);
#14147 = LINE('',#14148,#14149);
#14148 = CARTESIAN_POINT('',(2.5,1.443375672974));
#14149 = VECTOR('',#14150,1.);
#14150 = DIRECTION('',(-0.866025403784,0.5));
#14151 = ( GEOMETRIC_REPRESENTATION_CONTEXT(2) 
PARAMETRIC_REPRESENTATION_CONTEXT() REPRESENTATION_CONTEXT('2D SPACE',''
  ) );
#14152 = ORIENTED_EDGE('',*,*,#14060,.F.);
#14153 = ADVANCED_FACE('',(#14154),#13805,.T.);
#14154 = FACE_BOUND('',#14155,.T.);
#14155 = EDGE_LOOP('',(#14156,#14157,#14180,#14201));
#14156 = ORIENTED_EDGE('',*,*,#13790,.F.);
#14157 = ORIENTED_EDGE('',*,*,#14158,.T.);
#14158 = EDGE_CURVE('',#13765,#14159,#14161,.T.);
#14159 = VERTEX_POINT('',#14160);
#14160 = CARTESIAN_POINT('',(-207.,27.443375672974,26.));
#14161 = SURFACE_CURVE('',#14162,(#14166,#14173),.PCURVE_S1.);
#14162 = LINE('',#14163,#14164);
#14163 = CARTESIAN_POINT('',(-209.1,27.443375672974,26.));
#14164 = VECTOR('',#14165,1.);
#14165 = DIRECTION('',(1.,0.,0.));
#14166 = PCURVE('',#13805,#14167);
#14167 = DEFINITIONAL_REPRESENTATION('',(#14168),#14172);
#14168 = LINE('',#14169,#14170);
#14169 = CARTESIAN_POINT('',(0.,0.));
#14170 = VECTOR('',#14171,1.);
#14171 = DIRECTION('',(0.,-1.));
#14172 = ( GEOMETRIC_REPRESENTATION_CONTEXT(2) 
PARAMETRIC_REPRESENTATION_CONTEXT() REPRESENTATION_CONTEXT('2D SPACE',''
  ) );
#14173 = PCURVE('',#13779,#14174);
#14174 = DEFINITIONAL_REPRESENTATION('',(#14175),#14179);
#14175 = LINE('',#14176,#14177);
#14176 = CARTESIAN_POINT('',(2.886751345948,0.));
#14177 = VECTOR('',#14178,1.);
#14178 = DIRECTION('',(0.,-1.));
#14179 = ( GEOMETRIC_REPRESENTATION_CONTEXT(2) 
PARAMETRIC_REPRESENTATION_CONTEXT() REPRESENTATION_CONTEXT('2D SPACE',''
  ) );
#14180 = ORIENTED_EDGE('',*,*,#14181,.T.);
#14181 = EDGE_CURVE('',#14159,#14110,#14182,.T.);
#14182 = SURFACE_CURVE('',#14183,(#14187,#14194),.PCURVE_S1.);
#14183 = LINE('',#14184,#14185);
#14184 = CARTESIAN_POINT('',(-207.,27.443375672974,26.));
#14185 = VECTOR('',#14186,1.);
#14186 = DIRECTION('',(0.,-1.,1.538370149107E-16));
#14187 = PCURVE('',#13805,#14188);
#14188 = DEFINITIONAL_REPRESENTATION('',(#14189),#14193);
#14189 = LINE('',#14190,#14191);
#14190 = CARTESIAN_POINT('',(0.,-2.1));
#14191 = VECTOR('',#14192,1.);
#14192 = DIRECTION('',(1.,0.));
#14193 = ( GEOMETRIC_REPRESENTATION_CONTEXT(2) 
PARAMETRIC_REPRESENTATION_CONTEXT() REPRESENTATION_CONTEXT('2D SPACE',''
  ) );
#14194 = PCURVE('',#13974,#14195);
#14195 = DEFINITIONAL_REPRESENTATION('',(#14196),#14200);
#14196 = LINE('',#14197,#14198);
#14197 = CARTESIAN_POINT('',(2.5,-1.443375672974));
#14198 = VECTOR('',#14199,1.);
#14199 = DIRECTION('',(1.538370149107E-16,1.));
#14200 = ( GEOMETRIC_REPRESENTATION_CONTEXT(2) 
PARAMETRIC_REPRESENTATION_CONTEXT() REPRESENTATION_CONTEXT('2D SPACE',''
  ) );
#14201 = ORIENTED_EDGE('',*,*,#14109,.F.);
#14202 = ADVANCED_FACE('',(#14203),#13779,.T.);
#14203 = FACE_BOUND('',#14204,.T.);
#14204 = EDGE_LOOP('',(#14205,#14206,#14207,#14228));
#14205 = ORIENTED_EDGE('',*,*,#13764,.F.);
#14206 = ORIENTED_EDGE('',*,*,#13986,.T.);
#14207 = ORIENTED_EDGE('',*,*,#14208,.T.);
#14208 = EDGE_CURVE('',#13959,#14159,#14209,.T.);
#14209 = SURFACE_CURVE('',#14210,(#14214,#14221),.PCURVE_S1.);
#14210 = LINE('',#14211,#14212);
#14211 = CARTESIAN_POINT('',(-207.,28.886751345948,23.5));
#14212 = VECTOR('',#14213,1.);
#14213 = DIRECTION('',(0.,-0.5,0.866025403784));
#14214 = PCURVE('',#13779,#14215);
#14215 = DEFINITIONAL_REPRESENTATION('',(#14216),#14220);
#14216 = LINE('',#14217,#14218);
#14217 = CARTESIAN_POINT('',(0.,-2.1));
#14218 = VECTOR('',#14219,1.);
#14219 = DIRECTION('',(1.,0.));
#14220 = ( GEOMETRIC_REPRESENTATION_CONTEXT(2) 
PARAMETRIC_REPRESENTATION_CONTEXT() REPRESENTATION_CONTEXT('2D SPACE',''
  ) );
#14221 = PCURVE('',#13974,#14222);
#14222 = DEFINITIONAL_REPRESENTATION('',(#14223),#14227);
#14223 = LINE('',#14224,#14225);
#14224 = CARTESIAN_POINT('',(0.,-2.886751345948));
#14225 = VECTOR('',#14226,1.);
#14226 = DIRECTION('',(0.866025403784,0.5));
#14227 = ( GEOMETRIC_REPRESENTATION_CONTEXT(2) 
PARAMETRIC_REPRESENTATION_CONTEXT() REPRESENTATION_CONTEXT('2D SPACE',''
  ) );
#14228 = ORIENTED_EDGE('',*,*,#14158,.F.);
#14229 = ADVANCED_FACE('',(#14230),#13919,.T.);
#14230 = FACE_BOUND('',#14231,.T.);
#14231 = EDGE_LOOP('',(#14232,#14261,#14282,#14283));
#14232 = ORIENTED_EDGE('',*,*,#14233,.F.);
#14233 = EDGE_CURVE('',#14234,#14234,#14236,.T.);
#14234 = VERTEX_POINT('',#14235);
#14235 = CARTESIAN_POINT('',(-200.,26.,29.4));
#14236 = SURFACE_CURVE('',#14237,(#14242,#14249),.PCURVE_S1.);
#14237 = CIRCLE('',#14238,5.9);
#14238 = AXIS2_PLACEMENT_3D('',#14239,#14240,#14241);
#14239 = CARTESIAN_POINT('',(-200.,26.,23.5));
#14240 = DIRECTION('',(1.,0.,0.));
#14241 = DIRECTION('',(-0.,0.,1.));
#14242 = PCURVE('',#13919,#14243);
#14243 = DEFINITIONAL_REPRESENTATION('',(#14244),#14248);
#14244 = LINE('',#14245,#14246);
#14245 = CARTESIAN_POINT('',(0.,5.));
#14246 = VECTOR('',#14247,1.);
#14247 = DIRECTION('',(1.,0.));
#14248 = ( GEOMETRIC_REPRESENTATION_CONTEXT(2) 
PARAMETRIC_REPRESENTATION_CONTEXT() REPRESENTATION_CONTEXT('2D SPACE',''
  ) );
#14249 = PCURVE('',#14250,#14255);
#14250 = PLANE('',#14251);
#14251 = AXIS2_PLACEMENT_3D('',#14252,#14253,#14254);
#14252 = CARTESIAN_POINT('',(-200.,26.,23.5));
#14253 = DIRECTION('',(1.,0.,0.));
#14254 = DIRECTION('',(-0.,0.,1.));
#14255 = DEFINITIONAL_REPRESENTATION('',(#14256),#14260);
#14256 = CIRCLE('',#14257,5.9);
#14257 = AXIS2_PLACEMENT_2D('',#14258,#14259);
#14258 = CARTESIAN_POINT('',(0.,0.));
#14259 = DIRECTION('',(1.,0.));
#14260 = ( GEOMETRIC_REPRESENTATION_CONTEXT(2) 
PARAMETRIC_REPRESENTATION_CONTEXT() REPRESENTATION_CONTEXT('2D SPACE',''
  ) );
#14261 = ORIENTED_EDGE('',*,*,#14262,.F.);
#14262 = EDGE_CURVE('',#13899,#14234,#14263,.T.);
#14263 = SEAM_CURVE('',#14264,(#14268,#14275),.PCURVE_S1.);
#14264 = LINE('',#14265,#14266);
#14265 = CARTESIAN_POINT('',(-205.,26.,29.4));
#14266 = VECTOR('',#14267,1.);
#14267 = DIRECTION('',(1.,0.,0.));
#14268 = PCURVE('',#13919,#14269);
#14269 = DEFINITIONAL_REPRESENTATION('',(#14270),#14274);
#14270 = LINE('',#14271,#14272);
#14271 = CARTESIAN_POINT('',(6.28318530718,-0.));
#14272 = VECTOR('',#14273,1.);
#14273 = DIRECTION('',(0.,1.));
#14274 = ( GEOMETRIC_REPRESENTATION_CONTEXT(2) 
PARAMETRIC_REPRESENTATION_CONTEXT() REPRESENTATION_CONTEXT('2D SPACE',''
  ) );
#14275 = PCURVE('',#13919,#14276);
#14276 = DEFINITIONAL_REPRESENTATION('',(#14277),#14281);
#14277 = LINE('',#14278,#14279);
#14278 = CARTESIAN_POINT('',(0.,-0.));
#14279 = VECTOR('',#14280,1.);
#14280 = DIRECTION('',(0.,1.));
#14281 = ( GEOMETRIC_REPRESENTATION_CONTEXT(2) 
PARAMETRIC_REPRESENTATION_CONTEXT() REPRESENTATION_CONTEXT('2D SPACE',''
  ) );
#14282 = ORIENTED_EDGE('',*,*,#13898,.T.);
#14283 = ORIENTED_EDGE('',*,*,#14262,.T.);
#14284 = ADVANCED_FACE('',(#14285),#13974,.F.);
#14285 = FACE_BOUND('',#14286,.F.);
#14286 = EDGE_LOOP('',(#14287,#14288,#14289,#14290,#14291,#14292));
#14287 = ORIENTED_EDGE('',*,*,#14208,.T.);
#14288 = ORIENTED_EDGE('',*,*,#14181,.T.);
#14289 = ORIENTED_EDGE('',*,*,#14132,.T.);
#14290 = ORIENTED_EDGE('',*,*,#14083,.T.);
#14291 = ORIENTED_EDGE('',*,*,#14034,.T.);
#14292 = ORIENTED_EDGE('',*,*,#13958,.T.);
#14293 = ADVANCED_FACE('',(#14294),#14250,.T.);
#14294 = FACE_BOUND('',#14295,.T.);
#14295 = EDGE_LOOP('',(#14296));
#14296 = ORIENTED_EDGE('',*,*,#14233,.T.);
#14297 = ( GEOMETRIC_REPRESENTATION_CONTEXT(3) 
GLOBAL_UNCERTAINTY_ASSIGNED_CONTEXT((#14301)) 
GLOBAL_UNIT_ASSIGNED_CONTEXT((#14298,#14299,#14300)) 
REPRESENTATION_CONTEXT('Context #1',
  '3D Context with UNIT and UNCERTAINTY') );
#14298 = ( LENGTH_UNIT() NAMED_UNIT(*) SI_UNIT(.MILLI.,.METRE.) );
#14299 = ( NAMED_UNIT(*) PLANE_ANGLE_UNIT() SI_UNIT($,.RADIAN.) );
#14300 = ( NAMED_UNIT(*) SI_UNIT($,.STERADIAN.) SOLID_ANGLE_UNIT() );
#14301 = UNCERTAINTY_MEASURE_WITH_UNIT(LENGTH_MEASURE(1.E-07),#14298,
  'distance_accuracy_value','confusion accuracy');
#14302 = CONTEXT_DEPENDENT_SHAPE_REPRESENTATION(#14303,#14305);
#14303 = ( REPRESENTATION_RELATIONSHIP('','',#13638,#10) 
REPRESENTATION_RELATIONSHIP_WITH_TRANSFORMATION(#14304) 
SHAPE_REPRESENTATION_RELATIONSHIP() );
#14304 = ITEM_DEFINED_TRANSFORMATION('','',#11,#23);
#14305 = PRODUCT_DEFINITION_SHAPE('Placement','Placement of an item',
  #14306);
#14306 = NEXT_ASSEMBLY_USAGE_OCCURRENCE('3','REFERENCE_side_plug_1','',
  #5,#13633,$);
#14307 = PRODUCT_RELATED_PRODUCT_CATEGORY('part',$,(#13635));
#14308 = SHAPE_DEFINITION_REPRESENTATION(#14309,#14315);
#14309 = PRODUCT_DEFINITION_SHAPE('','',#14310);
#14310 = PRODUCT_DEFINITION('design','',#14311,#14314);
#14311 = PRODUCT_DEFINITION_FORMATION('','',#14312);
#14312 = PRODUCT('REFERENCE_side_plug_2','REFERENCE_side_plug_2','',(
    #14313));
#14313 = PRODUCT_CONTEXT('',#2,'mechanical');
#14314 = PRODUCT_DEFINITION_CONTEXT('part definition',#2,'design');
#14315 = ADVANCED_BREP_SHAPE_REPRESENTATION('',(#11,#14316),#14974);
#14316 = MANIFOLD_SOLID_BREP('',#14317);
#14317 = CLOSED_SHELL('',(#14318,#14406,#14568,#14607,#14683,#14732,
    #14781,#14830,#14879,#14906,#14961,#14970));
#14318 = ADVANCED_FACE('',(#14319),#14332,.T.);
#14319 = FACE_BOUND('',#14320,.T.);
#14320 = EDGE_LOOP('',(#14321,#14355,#14378,#14405));
#14321 = ORIENTED_EDGE('',*,*,#14322,.F.);
#14322 = EDGE_CURVE('',#14323,#14323,#14325,.T.);
#14323 = VERTEX_POINT('',#14324);
#14324 = CARTESIAN_POINT('',(209.,26.,33.5));
#14325 = SURFACE_CURVE('',#14326,(#14331,#14343),.PCURVE_S1.);
#14326 = CIRCLE('',#14327,10.);
#14327 = AXIS2_PLACEMENT_3D('',#14328,#14329,#14330);
#14328 = CARTESIAN_POINT('',(209.,26.,23.5));
#14329 = DIRECTION('',(1.,0.,0.));
#14330 = DIRECTION('',(-0.,0.,1.));
#14331 = PCURVE('',#14332,#14337);
#14332 = CYLINDRICAL_SURFACE('',#14333,10.);
#14333 = AXIS2_PLACEMENT_3D('',#14334,#14335,#14336);
#14334 = CARTESIAN_POINT('',(205.,26.,23.5));
#14335 = DIRECTION('',(1.,0.,0.));
#14336 = DIRECTION('',(-0.,0.,1.));
#14337 = DEFINITIONAL_REPRESENTATION('',(#14338),#14342);
#14338 = LINE('',#14339,#14340);
#14339 = CARTESIAN_POINT('',(0.,4.));
#14340 = VECTOR('',#14341,1.);
#14341 = DIRECTION('',(1.,0.));
#14342 = ( GEOMETRIC_REPRESENTATION_CONTEXT(2) 
PARAMETRIC_REPRESENTATION_CONTEXT() REPRESENTATION_CONTEXT('2D SPACE',''
  ) );
#14343 = PCURVE('',#14344,#14349);
#14344 = PLANE('',#14345);
#14345 = AXIS2_PLACEMENT_3D('',#14346,#14347,#14348);
#14346 = CARTESIAN_POINT('',(209.,26.,23.5));
#14347 = DIRECTION('',(1.,0.,0.));
#14348 = DIRECTION('',(-0.,0.,1.));
#14349 = DEFINITIONAL_REPRESENTATION('',(#14350),#14354);
#14350 = CIRCLE('',#14351,10.);
#14351 = AXIS2_PLACEMENT_2D('',#14352,#14353);
#14352 = CARTESIAN_POINT('',(0.,0.));
#14353 = DIRECTION('',(1.,0.));
#14354 = ( GEOMETRIC_REPRESENTATION_CONTEXT(2) 
PARAMETRIC_REPRESENTATION_CONTEXT() REPRESENTATION_CONTEXT('2D SPACE',''
  ) );
#14355 = ORIENTED_EDGE('',*,*,#14356,.F.);
#14356 = EDGE_CURVE('',#14357,#14323,#14359,.T.);
#14357 = VERTEX_POINT('',#14358);
#14358 = CARTESIAN_POINT('',(205.,26.,33.5));
#14359 = SEAM_CURVE('',#14360,(#14364,#14371),.PCURVE_S1.);
#14360 = LINE('',#14361,#14362);
#14361 = CARTESIAN_POINT('',(205.,26.,33.5));
#14362 = VECTOR('',#14363,1.);
#14363 = DIRECTION('',(1.,0.,0.));
#14364 = PCURVE('',#14332,#14365);
#14365 = DEFINITIONAL_REPRESENTATION('',(#14366),#14370);
#14366 = LINE('',#14367,#14368);
#14367 = CARTESIAN_POINT('',(6.28318530718,-0.));
#14368 = VECTOR('',#14369,1.);
#14369 = DIRECTION('',(0.,1.));
#14370 = ( GEOMETRIC_REPRESENTATION_CONTEXT(2) 
PARAMETRIC_REPRESENTATION_CONTEXT() REPRESENTATION_CONTEXT('2D SPACE',''
  ) );
#14371 = PCURVE('',#14332,#14372);
#14372 = DEFINITIONAL_REPRESENTATION('',(#14373),#14377);
#14373 = LINE('',#14374,#14375);
#14374 = CARTESIAN_POINT('',(0.,-0.));
#14375 = VECTOR('',#14376,1.);
#14376 = DIRECTION('',(0.,1.));
#14377 = ( GEOMETRIC_REPRESENTATION_CONTEXT(2) 
PARAMETRIC_REPRESENTATION_CONTEXT() REPRESENTATION_CONTEXT('2D SPACE',''
  ) );
#14378 = ORIENTED_EDGE('',*,*,#14379,.T.);
#14379 = EDGE_CURVE('',#14357,#14357,#14380,.T.);
#14380 = SURFACE_CURVE('',#14381,(#14386,#14393),.PCURVE_S1.);
#14381 = CIRCLE('',#14382,10.);
#14382 = AXIS2_PLACEMENT_3D('',#14383,#14384,#14385);
#14383 = CARTESIAN_POINT('',(205.,26.,23.5));
#14384 = DIRECTION('',(1.,0.,0.));
#14385 = DIRECTION('',(-0.,0.,1.));
#14386 = PCURVE('',#14332,#14387);
#14387 = DEFINITIONAL_REPRESENTATION('',(#14388),#14392);
#14388 = LINE('',#14389,#14390);
#14389 = CARTESIAN_POINT('',(0.,0.));
#14390 = VECTOR('',#14391,1.);
#14391 = DIRECTION('',(1.,0.));
#14392 = ( GEOMETRIC_REPRESENTATION_CONTEXT(2) 
PARAMETRIC_REPRESENTATION_CONTEXT() REPRESENTATION_CONTEXT('2D SPACE',''
  ) );
#14393 = PCURVE('',#14394,#14399);
#14394 = PLANE('',#14395);
#14395 = AXIS2_PLACEMENT_3D('',#14396,#14397,#14398);
#14396 = CARTESIAN_POINT('',(205.,26.,23.5));
#14397 = DIRECTION('',(1.,0.,0.));
#14398 = DIRECTION('',(-0.,0.,1.));
#14399 = DEFINITIONAL_REPRESENTATION('',(#14400),#14404);
#14400 = CIRCLE('',#14401,10.);
#14401 = AXIS2_PLACEMENT_2D('',#14402,#14403);
#14402 = CARTESIAN_POINT('',(0.,0.));
#14403 = DIRECTION('',(1.,0.));
#14404 = ( GEOMETRIC_REPRESENTATION_CONTEXT(2) 
PARAMETRIC_REPRESENTATION_CONTEXT() REPRESENTATION_CONTEXT('2D SPACE',''
  ) );
#14405 = ORIENTED_EDGE('',*,*,#14356,.T.);
#14406 = ADVANCED_FACE('',(#14407,#14410),#14344,.T.);
#14407 = FACE_BOUND('',#14408,.T.);
#14408 = EDGE_LOOP('',(#14409));
#14409 = ORIENTED_EDGE('',*,*,#14322,.T.);
#14410 = FACE_BOUND('',#14411,.T.);
#14411 = EDGE_LOOP('',(#14412,#14440,#14466,#14492,#14518,#14544));
#14412 = ORIENTED_EDGE('',*,*,#14413,.F.);
#14413 = EDGE_CURVE('',#14414,#14416,#14418,.T.);
#14414 = VERTEX_POINT('',#14415);
#14415 = CARTESIAN_POINT('',(209.,28.886751345948,23.5));
#14416 = VERTEX_POINT('',#14417);
#14417 = CARTESIAN_POINT('',(209.,27.443375672974,26.));
#14418 = SURFACE_CURVE('',#14419,(#14423,#14429),.PCURVE_S1.);
#14419 = LINE('',#14420,#14421);
#14420 = CARTESIAN_POINT('',(209.,28.525907427705,24.125));
#14421 = VECTOR('',#14422,1.);
#14422 = DIRECTION('',(0.,-0.5,0.866025403784));
#14423 = PCURVE('',#14344,#14424);
#14424 = DEFINITIONAL_REPRESENTATION('',(#14425),#14428);
#14425 = B_SPLINE_CURVE_WITH_KNOTS('',1,(#14426,#14427),.UNSPECIFIED.,
  .F.,.F.,(2,2),(-0.721687836487,2.165063509461),
  .PIECEWISE_BEZIER_KNOTS.);
#14426 = CARTESIAN_POINT('',(-7.768865376094E-16,-2.886751345948));
#14427 = CARTESIAN_POINT('',(2.5,-1.443375672974));
#14428 = ( GEOMETRIC_REPRESENTATION_CONTEXT(2) 
PARAMETRIC_REPRESENTATION_CONTEXT() REPRESENTATION_CONTEXT('2D SPACE',''
  ) );
#14429 = PCURVE('',#14430,#14435);
#14430 = PLANE('',#14431);
#14431 = AXIS2_PLACEMENT_3D('',#14432,#14433,#14434);
#14432 = CARTESIAN_POINT('',(209.1,28.886751345948,23.5));
#14433 = DIRECTION('',(-0.,0.866025403784,0.5));
#14434 = DIRECTION('',(0.,-0.5,0.866025403784));
#14435 = DEFINITIONAL_REPRESENTATION('',(#14436),#14439);
#14436 = B_SPLINE_CURVE_WITH_KNOTS('',1,(#14437,#14438),.UNSPECIFIED.,
  .F.,.F.,(2,2),(-0.721687836487,2.165063509461),
  .PIECEWISE_BEZIER_KNOTS.);
#14437 = CARTESIAN_POINT('',(0.,-9.999999999999E-02));
#14438 = CARTESIAN_POINT('',(2.886751345948,-9.999999999999E-02));
#14439 = ( GEOMETRIC_REPRESENTATION_CONTEXT(2) 
PARAMETRIC_REPRESENTATION_CONTEXT() REPRESENTATION_CONTEXT('2D SPACE',''
  ) );
#14440 = ORIENTED_EDGE('',*,*,#14441,.F.);
#14441 = EDGE_CURVE('',#14442,#14414,#14444,.T.);
#14442 = VERTEX_POINT('',#14443);
#14443 = CARTESIAN_POINT('',(209.,27.443375672974,21.));
#14444 = SURFACE_CURVE('',#14445,(#14449,#14455),.PCURVE_S1.);
#14445 = LINE('',#14446,#14447);
#14446 = CARTESIAN_POINT('',(209.,27.804219591218,21.625));
#14447 = VECTOR('',#14448,1.);
#14448 = DIRECTION('',(-0.,0.5,0.866025403784));
#14449 = PCURVE('',#14344,#14450);
#14450 = DEFINITIONAL_REPRESENTATION('',(#14451),#14454);
#14451 = B_SPLINE_CURVE_WITH_KNOTS('',1,(#14452,#14453),.UNSPECIFIED.,
  .F.,.F.,(2,2),(-0.721687836487,2.165063509461),
  .PIECEWISE_BEZIER_KNOTS.);
#14452 = CARTESIAN_POINT('',(-2.5,-1.443375672974));
#14453 = CARTESIAN_POINT('',(5.99993195083E-16,-2.886751345948));
#14454 = ( GEOMETRIC_REPRESENTATION_CONTEXT(2) 
PARAMETRIC_REPRESENTATION_CONTEXT() REPRESENTATION_CONTEXT('2D SPACE',''
  ) );
#14455 = PCURVE('',#14456,#14461);
#14456 = PLANE('',#14457);
#14457 = AXIS2_PLACEMENT_3D('',#14458,#14459,#14460);
#14458 = CARTESIAN_POINT('',(209.1,27.443375672974,21.));
#14459 = DIRECTION('',(0.,0.866025403784,-0.5));
#14460 = DIRECTION('',(0.,0.5,0.866025403784));
#14461 = DEFINITIONAL_REPRESENTATION('',(#14462),#14465);
#14462 = B_SPLINE_CURVE_WITH_KNOTS('',1,(#14463,#14464),.UNSPECIFIED.,
  .F.,.F.,(2,2),(-0.721687836487,2.165063509461),
  .PIECEWISE_BEZIER_KNOTS.);
#14463 = CARTESIAN_POINT('',(0.,-9.999999999999E-02));
#14464 = CARTESIAN_POINT('',(2.886751345948,-9.999999999999E-02));
#14465 = ( GEOMETRIC_REPRESENTATION_CONTEXT(2) 
PARAMETRIC_REPRESENTATION_CONTEXT() REPRESENTATION_CONTEXT('2D SPACE',''
  ) );
#14466 = ORIENTED_EDGE('',*,*,#14467,.F.);
#14467 = EDGE_CURVE('',#14468,#14442,#14470,.T.);
#14468 = VERTEX_POINT('',#14469);
#14469 = CARTESIAN_POINT('',(209.,24.556624327026,21.));
#14470 = SURFACE_CURVE('',#14471,(#14475,#14481),.PCURVE_S1.);
#14471 = LINE('',#14472,#14473);
#14472 = CARTESIAN_POINT('',(209.,25.278312163513,21.));
#14473 = VECTOR('',#14474,1.);
#14474 = DIRECTION('',(0.,1.,-6.153480596427E-16));
#14475 = PCURVE('',#14344,#14476);
#14476 = DEFINITIONAL_REPRESENTATION('',(#14477),#14480);
#14477 = B_SPLINE_CURVE_WITH_KNOTS('',1,(#14478,#14479),.UNSPECIFIED.,
  .F.,.F.,(2,2),(-0.721687836487,2.165063509461),
  .PIECEWISE_BEZIER_KNOTS.);
#14478 = CARTESIAN_POINT('',(-2.5,1.443375672974));
#14479 = CARTESIAN_POINT('',(-2.5,-1.443375672974));
#14480 = ( GEOMETRIC_REPRESENTATION_CONTEXT(2) 
PARAMETRIC_REPRESENTATION_CONTEXT() REPRESENTATION_CONTEXT('2D SPACE',''
  ) );
#14481 = PCURVE('',#14482,#14487);
#14482 = PLANE('',#14483);
#14483 = AXIS2_PLACEMENT_3D('',#14484,#14485,#14486);
#14484 = CARTESIAN_POINT('',(209.1,24.556624327026,21.));
#14485 = DIRECTION('',(0.,-6.153480596427E-16,-1.));
#14486 = DIRECTION('',(0.,1.,-6.153480596427E-16));
#14487 = DEFINITIONAL_REPRESENTATION('',(#14488),#14491);
#14488 = B_SPLINE_CURVE_WITH_KNOTS('',1,(#14489,#14490),.UNSPECIFIED.,
  .F.,.F.,(2,2),(-0.721687836487,2.165063509461),
  .PIECEWISE_BEZIER_KNOTS.);
#14489 = CARTESIAN_POINT('',(0.,-9.999999999999E-02));
#14490 = CARTESIAN_POINT('',(2.886751345948,-9.999999999999E-02));
#14491 = ( GEOMETRIC_REPRESENTATION_CONTEXT(2) 
PARAMETRIC_REPRESENTATION_CONTEXT() REPRESENTATION_CONTEXT('2D SPACE',''
  ) );
#14492 = ORIENTED_EDGE('',*,*,#14493,.F.);
#14493 = EDGE_CURVE('',#14494,#14468,#14496,.T.);
#14494 = VERTEX_POINT('',#14495);
#14495 = CARTESIAN_POINT('',(209.,23.113248654052,23.5));
#14496 = SURFACE_CURVE('',#14497,(#14501,#14507),.PCURVE_S1.);
#14497 = LINE('',#14498,#14499);
#14498 = CARTESIAN_POINT('',(209.,23.474092572295,22.875));
#14499 = VECTOR('',#14500,1.);
#14500 = DIRECTION('',(0.,0.5,-0.866025403784));
#14501 = PCURVE('',#14344,#14502);
#14502 = DEFINITIONAL_REPRESENTATION('',(#14503),#14506);
#14503 = B_SPLINE_CURVE_WITH_KNOTS('',1,(#14504,#14505),.UNSPECIFIED.,
  .F.,.F.,(2,2),(-0.721687836487,2.165063509461),
  .PIECEWISE_BEZIER_KNOTS.);
#14504 = CARTESIAN_POINT('',(7.608618485562E-16,2.886751345948));
#14505 = CARTESIAN_POINT('',(-2.5,1.443375672974));
#14506 = ( GEOMETRIC_REPRESENTATION_CONTEXT(2) 
PARAMETRIC_REPRESENTATION_CONTEXT() REPRESENTATION_CONTEXT('2D SPACE',''
  ) );
#14507 = PCURVE('',#14508,#14513);
#14508 = PLANE('',#14509);
#14509 = AXIS2_PLACEMENT_3D('',#14510,#14511,#14512);
#14510 = CARTESIAN_POINT('',(209.1,23.113248654052,23.5));
#14511 = DIRECTION('',(0.,-0.866025403784,-0.5));
#14512 = DIRECTION('',(0.,0.5,-0.866025403784));
#14513 = DEFINITIONAL_REPRESENTATION('',(#14514),#14517);
#14514 = B_SPLINE_CURVE_WITH_KNOTS('',1,(#14515,#14516),.UNSPECIFIED.,
  .F.,.F.,(2,2),(-0.721687836487,2.165063509461),
  .PIECEWISE_BEZIER_KNOTS.);
#14515 = CARTESIAN_POINT('',(0.,-9.999999999999E-02));
#14516 = CARTESIAN_POINT('',(2.886751345948,-9.999999999999E-02));
#14517 = ( GEOMETRIC_REPRESENTATION_CONTEXT(2) 
PARAMETRIC_REPRESENTATION_CONTEXT() REPRESENTATION_CONTEXT('2D SPACE',''
  ) );
#14518 = ORIENTED_EDGE('',*,*,#14519,.F.);
#14519 = EDGE_CURVE('',#14520,#14494,#14522,.T.);
#14520 = VERTEX_POINT('',#14521);
#14521 = CARTESIAN_POINT('',(209.,24.556624327026,26.));
#14522 = SURFACE_CURVE('',#14523,(#14527,#14533),.PCURVE_S1.);
#14523 = LINE('',#14524,#14525);
#14524 = CARTESIAN_POINT('',(209.,24.195780408782,25.375));
#14525 = VECTOR('',#14526,1.);
#14526 = DIRECTION('',(0.,-0.5,-0.866025403784));
#14527 = PCURVE('',#14344,#14528);
#14528 = DEFINITIONAL_REPRESENTATION('',(#14529),#14532);
#14529 = B_SPLINE_CURVE_WITH_KNOTS('',1,(#14530,#14531),.UNSPECIFIED.,
  .F.,.F.,(2,2),(-0.721687836487,2.165063509461),
  .PIECEWISE_BEZIER_KNOTS.);
#14530 = CARTESIAN_POINT('',(2.5,1.443375672974));
#14531 = CARTESIAN_POINT('',(3.134140809492E-16,2.886751345948));
#14532 = ( GEOMETRIC_REPRESENTATION_CONTEXT(2) 
PARAMETRIC_REPRESENTATION_CONTEXT() REPRESENTATION_CONTEXT('2D SPACE',''
  ) );
#14533 = PCURVE('',#14534,#14539);
#14534 = PLANE('',#14535);
#14535 = AXIS2_PLACEMENT_3D('',#14536,#14537,#14538);
#14536 = CARTESIAN_POINT('',(209.1,24.556624327026,26.));
#14537 = DIRECTION('',(0.,-0.866025403784,0.5));
#14538 = DIRECTION('',(0.,-0.5,-0.866025403784));
#14539 = DEFINITIONAL_REPRESENTATION('',(#14540),#14543);
#14540 = B_SPLINE_CURVE_WITH_KNOTS('',1,(#14541,#14542),.UNSPECIFIED.,
  .F.,.F.,(2,2),(-0.721687836487,2.165063509461),
  .PIECEWISE_BEZIER_KNOTS.);
#14541 = CARTESIAN_POINT('',(0.,-9.999999999999E-02));
#14542 = CARTESIAN_POINT('',(2.886751345948,-9.999999999999E-02));
#14543 = ( GEOMETRIC_REPRESENTATION_CONTEXT(2) 
PARAMETRIC_REPRESENTATION_CONTEXT() REPRESENTATION_CONTEXT('2D SPACE',''
  ) );
#14544 = ORIENTED_EDGE('',*,*,#14545,.F.);
#14545 = EDGE_CURVE('',#14416,#14520,#14546,.T.);
#14546 = SURFACE_CURVE('',#14547,(#14551,#14557),.PCURVE_S1.);
#14547 = LINE('',#14548,#14549);
#14548 = CARTESIAN_POINT('',(209.,26.721687836487,26.));
#14549 = VECTOR('',#14550,1.);
#14550 = DIRECTION('',(0.,-1.,1.538370149107E-16));
#14551 = PCURVE('',#14344,#14552);
#14552 = DEFINITIONAL_REPRESENTATION('',(#14553),#14556);
#14553 = B_SPLINE_CURVE_WITH_KNOTS('',1,(#14554,#14555),.UNSPECIFIED.,
  .F.,.F.,(2,2),(-0.721687836487,2.165063509461),
  .PIECEWISE_BEZIER_KNOTS.);
#14554 = CARTESIAN_POINT('',(2.5,-1.443375672974));
#14555 = CARTESIAN_POINT('',(2.5,1.443375672974));
#14556 = ( GEOMETRIC_REPRESENTATION_CONTEXT(2) 
PARAMETRIC_REPRESENTATION_CONTEXT() REPRESENTATION_CONTEXT('2D SPACE',''
  ) );
#14557 = PCURVE('',#14558,#14563);
#14558 = PLANE('',#14559);
#14559 = AXIS2_PLACEMENT_3D('',#14560,#14561,#14562);
#14560 = CARTESIAN_POINT('',(209.1,27.443375672974,26.));
#14561 = DIRECTION('',(-0.,1.538370149107E-16,1.));
#14562 = DIRECTION('',(0.,-1.,1.538370149107E-16));
#14563 = DEFINITIONAL_REPRESENTATION('',(#14564),#14567);
#14564 = B_SPLINE_CURVE_WITH_KNOTS('',1,(#14565,#14566),.UNSPECIFIED.,
  .F.,.F.,(2,2),(-0.721687836487,2.165063509461),
  .PIECEWISE_BEZIER_KNOTS.);
#14565 = CARTESIAN_POINT('',(0.,-9.999999999999E-02));
#14566 = CARTESIAN_POINT('',(2.886751345948,-9.999999999999E-02));
#14567 = ( GEOMETRIC_REPRESENTATION_CONTEXT(2) 
PARAMETRIC_REPRESENTATION_CONTEXT() REPRESENTATION_CONTEXT('2D SPACE',''
  ) );
#14568 = ADVANCED_FACE('',(#14569,#14572),#14394,.F.);
#14569 = FACE_BOUND('',#14570,.F.);
#14570 = EDGE_LOOP('',(#14571));
#14571 = ORIENTED_EDGE('',*,*,#14379,.T.);
#14572 = FACE_BOUND('',#14573,.F.);
#14573 = EDGE_LOOP('',(#14574));
#14574 = ORIENTED_EDGE('',*,*,#14575,.T.);
#14575 = EDGE_CURVE('',#14576,#14576,#14578,.T.);
#14576 = VERTEX_POINT('',#14577);
#14577 = CARTESIAN_POINT('',(205.,26.,17.6));
#14578 = SURFACE_CURVE('',#14579,(#14584,#14595),.PCURVE_S1.);
#14579 = CIRCLE('',#14580,5.9);
#14580 = AXIS2_PLACEMENT_3D('',#14581,#14582,#14583);
#14581 = CARTESIAN_POINT('',(205.,26.,23.5));
#14582 = DIRECTION('',(-1.,0.,0.));
#14583 = DIRECTION('',(0.,0.,-1.));
#14584 = PCURVE('',#14394,#14585);
#14585 = DEFINITIONAL_REPRESENTATION('',(#14586),#14594);
#14586 = ( BOUNDED_CURVE() B_SPLINE_CURVE(2,(#14587,#14588,#14589,#14590
    ,#14591,#14592,#14593),.UNSPECIFIED.,.T.,.F.) 
B_SPLINE_CURVE_WITH_KNOTS((1,2,2,2,2,1),(-2.094395102393,0.,
    2.094395102393,4.188790204786,6.28318530718,8.377580409573),
.UNSPECIFIED.) CURVE() GEOMETRIC_REPRESENTATION_ITEM() 
RATIONAL_B_SPLINE_CURVE((1.,0.5,1.,0.5,1.,0.5,1.)) REPRESENTATION_ITEM(
  '') );
#14587 = CARTESIAN_POINT('',(-5.9,0.));
#14588 = CARTESIAN_POINT('',(-5.9,10.219099764656));
#14589 = CARTESIAN_POINT('',(2.95,5.109549882328));
#14590 = CARTESIAN_POINT('',(11.8,1.445083222994E-15));
#14591 = CARTESIAN_POINT('',(2.95,-5.109549882328));
#14592 = CARTESIAN_POINT('',(-5.9,-10.21909976465));
#14593 = CARTESIAN_POINT('',(-5.9,0.));
#14594 = ( GEOMETRIC_REPRESENTATION_CONTEXT(2) 
PARAMETRIC_REPRESENTATION_CONTEXT() REPRESENTATION_CONTEXT('2D SPACE',''
  ) );
#14595 = PCURVE('',#14596,#14601);
#14596 = CYLINDRICAL_SURFACE('',#14597,5.9);
#14597 = AXIS2_PLACEMENT_3D('',#14598,#14599,#14600);
#14598 = CARTESIAN_POINT('',(205.,26.,23.5));
#14599 = DIRECTION('',(-1.,0.,0.));
#14600 = DIRECTION('',(0.,0.,-1.));
#14601 = DEFINITIONAL_REPRESENTATION('',(#14602),#14606);
#14602 = LINE('',#14603,#14604);
#14603 = CARTESIAN_POINT('',(0.,0.));
#14604 = VECTOR('',#14605,1.);
#14605 = DIRECTION('',(1.,0.));
#14606 = ( GEOMETRIC_REPRESENTATION_CONTEXT(2) 
PARAMETRIC_REPRESENTATION_CONTEXT() REPRESENTATION_CONTEXT('2D SPACE',''
  ) );
#14607 = ADVANCED_FACE('',(#14608),#14430,.F.);
#14608 = FACE_BOUND('',#14609,.F.);
#14609 = EDGE_LOOP('',(#14610,#14611,#14634,#14662));
#14610 = ORIENTED_EDGE('',*,*,#14413,.F.);
#14611 = ORIENTED_EDGE('',*,*,#14612,.T.);
#14612 = EDGE_CURVE('',#14414,#14613,#14615,.T.);
#14613 = VERTEX_POINT('',#14614);
#14614 = CARTESIAN_POINT('',(207.,28.886751345948,23.5));
#14615 = SURFACE_CURVE('',#14616,(#14620,#14627),.PCURVE_S1.);
#14616 = LINE('',#14617,#14618);
#14617 = CARTESIAN_POINT('',(209.1,28.886751345948,23.5));
#14618 = VECTOR('',#14619,1.);
#14619 = DIRECTION('',(-1.,-0.,-0.));
#14620 = PCURVE('',#14430,#14621);
#14621 = DEFINITIONAL_REPRESENTATION('',(#14622),#14626);
#14622 = LINE('',#14623,#14624);
#14623 = CARTESIAN_POINT('',(0.,0.));
#14624 = VECTOR('',#14625,1.);
#14625 = DIRECTION('',(0.,-1.));
#14626 = ( GEOMETRIC_REPRESENTATION_CONTEXT(2) 
PARAMETRIC_REPRESENTATION_CONTEXT() REPRESENTATION_CONTEXT('2D SPACE',''
  ) );
#14627 = PCURVE('',#14456,#14628);
#14628 = DEFINITIONAL_REPRESENTATION('',(#14629),#14633);
#14629 = LINE('',#14630,#14631);
#14630 = CARTESIAN_POINT('',(2.886751345948,0.));
#14631 = VECTOR('',#14632,1.);
#14632 = DIRECTION('',(0.,-1.));
#14633 = ( GEOMETRIC_REPRESENTATION_CONTEXT(2) 
PARAMETRIC_REPRESENTATION_CONTEXT() REPRESENTATION_CONTEXT('2D SPACE',''
  ) );
#14634 = ORIENTED_EDGE('',*,*,#14635,.T.);
#14635 = EDGE_CURVE('',#14613,#14636,#14638,.T.);
#14636 = VERTEX_POINT('',#14637);
#14637 = CARTESIAN_POINT('',(207.,27.443375672974,26.));
#14638 = SURFACE_CURVE('',#14639,(#14643,#14650),.PCURVE_S1.);
#14639 = LINE('',#14640,#14641);
#14640 = CARTESIAN_POINT('',(207.,28.886751345948,23.5));
#14641 = VECTOR('',#14642,1.);
#14642 = DIRECTION('',(0.,-0.5,0.866025403784));
#14643 = PCURVE('',#14430,#14644);
#14644 = DEFINITIONAL_REPRESENTATION('',(#14645),#14649);
#14645 = LINE('',#14646,#14647);
#14646 = CARTESIAN_POINT('',(0.,-2.1));
#14647 = VECTOR('',#14648,1.);
#14648 = DIRECTION('',(1.,0.));
#14649 = ( GEOMETRIC_REPRESENTATION_CONTEXT(2) 
PARAMETRIC_REPRESENTATION_CONTEXT() REPRESENTATION_CONTEXT('2D SPACE',''
  ) );
#14650 = PCURVE('',#14651,#14656);
#14651 = PLANE('',#14652);
#14652 = AXIS2_PLACEMENT_3D('',#14653,#14654,#14655);
#14653 = CARTESIAN_POINT('',(207.,26.,23.5));
#14654 = DIRECTION('',(1.,0.,0.));
#14655 = DIRECTION('',(-0.,0.,1.));
#14656 = DEFINITIONAL_REPRESENTATION('',(#14657),#14661);
#14657 = LINE('',#14658,#14659);
#14658 = CARTESIAN_POINT('',(0.,-2.886751345948));
#14659 = VECTOR('',#14660,1.);
#14660 = DIRECTION('',(0.866025403784,0.5));
#14661 = ( GEOMETRIC_REPRESENTATION_CONTEXT(2) 
PARAMETRIC_REPRESENTATION_CONTEXT() REPRESENTATION_CONTEXT('2D SPACE',''
  ) );
#14662 = ORIENTED_EDGE('',*,*,#14663,.F.);
#14663 = EDGE_CURVE('',#14416,#14636,#14664,.T.);
#14664 = SURFACE_CURVE('',#14665,(#14669,#14676),.PCURVE_S1.);
#14665 = LINE('',#14666,#14667);
#14666 = CARTESIAN_POINT('',(209.1,27.443375672974,26.));
#14667 = VECTOR('',#14668,1.);
#14668 = DIRECTION('',(-1.,-0.,-0.));
#14669 = PCURVE('',#14430,#14670);
#14670 = DEFINITIONAL_REPRESENTATION('',(#14671),#14675);
#14671 = LINE('',#14672,#14673);
#14672 = CARTESIAN_POINT('',(2.886751345948,0.));
#14673 = VECTOR('',#14674,1.);
#14674 = DIRECTION('',(0.,-1.));
#14675 = ( GEOMETRIC_REPRESENTATION_CONTEXT(2) 
PARAMETRIC_REPRESENTATION_CONTEXT() REPRESENTATION_CONTEXT('2D SPACE',''
  ) );
#14676 = PCURVE('',#14558,#14677);
#14677 = DEFINITIONAL_REPRESENTATION('',(#14678),#14682);
#14678 = LINE('',#14679,#14680);
#14679 = CARTESIAN_POINT('',(0.,0.));
#14680 = VECTOR('',#14681,1.);
#14681 = DIRECTION('',(0.,-1.));
#14682 = ( GEOMETRIC_REPRESENTATION_CONTEXT(2) 
PARAMETRIC_REPRESENTATION_CONTEXT() REPRESENTATION_CONTEXT('2D SPACE',''
  ) );
#14683 = ADVANCED_FACE('',(#14684),#14558,.F.);
#14684 = FACE_BOUND('',#14685,.F.);
#14685 = EDGE_LOOP('',(#14686,#14687,#14688,#14711));
#14686 = ORIENTED_EDGE('',*,*,#14545,.F.);
#14687 = ORIENTED_EDGE('',*,*,#14663,.T.);
#14688 = ORIENTED_EDGE('',*,*,#14689,.T.);
#14689 = EDGE_CURVE('',#14636,#14690,#14692,.T.);
#14690 = VERTEX_POINT('',#14691);
#14691 = CARTESIAN_POINT('',(207.,24.556624327026,26.));
#14692 = SURFACE_CURVE('',#14693,(#14697,#14704),.PCURVE_S1.);
#14693 = LINE('',#14694,#14695);
#14694 = CARTESIAN_POINT('',(207.,27.443375672974,26.));
#14695 = VECTOR('',#14696,1.);
#14696 = DIRECTION('',(0.,-1.,1.538370149107E-16));
#14697 = PCURVE('',#14558,#14698);
#14698 = DEFINITIONAL_REPRESENTATION('',(#14699),#14703);
#14699 = LINE('',#14700,#14701);
#14700 = CARTESIAN_POINT('',(0.,-2.1));
#14701 = VECTOR('',#14702,1.);
#14702 = DIRECTION('',(1.,0.));
#14703 = ( GEOMETRIC_REPRESENTATION_CONTEXT(2) 
PARAMETRIC_REPRESENTATION_CONTEXT() REPRESENTATION_CONTEXT('2D SPACE',''
  ) );
#14704 = PCURVE('',#14651,#14705);
#14705 = DEFINITIONAL_REPRESENTATION('',(#14706),#14710);
#14706 = LINE('',#14707,#14708);
#14707 = CARTESIAN_POINT('',(2.5,-1.443375672974));
#14708 = VECTOR('',#14709,1.);
#14709 = DIRECTION('',(1.538370149107E-16,1.));
#14710 = ( GEOMETRIC_REPRESENTATION_CONTEXT(2) 
PARAMETRIC_REPRESENTATION_CONTEXT() REPRESENTATION_CONTEXT('2D SPACE',''
  ) );
#14711 = ORIENTED_EDGE('',*,*,#14712,.F.);
#14712 = EDGE_CURVE('',#14520,#14690,#14713,.T.);
#14713 = SURFACE_CURVE('',#14714,(#14718,#14725),.PCURVE_S1.);
#14714 = LINE('',#14715,#14716);
#14715 = CARTESIAN_POINT('',(209.1,24.556624327026,26.));
#14716 = VECTOR('',#14717,1.);
#14717 = DIRECTION('',(-1.,-0.,-0.));
#14718 = PCURVE('',#14558,#14719);
#14719 = DEFINITIONAL_REPRESENTATION('',(#14720),#14724);
#14720 = LINE('',#14721,#14722);
#14721 = CARTESIAN_POINT('',(2.886751345948,0.));
#14722 = VECTOR('',#14723,1.);
#14723 = DIRECTION('',(0.,-1.));
#14724 = ( GEOMETRIC_REPRESENTATION_CONTEXT(2) 
PARAMETRIC_REPRESENTATION_CONTEXT() REPRESENTATION_CONTEXT('2D SPACE',''
  ) );
#14725 = PCURVE('',#14534,#14726);
#14726 = DEFINITIONAL_REPRESENTATION('',(#14727),#14731);
#14727 = LINE('',#14728,#14729);
#14728 = CARTESIAN_POINT('',(0.,0.));
#14729 = VECTOR('',#14730,1.);
#14730 = DIRECTION('',(0.,-1.));
#14731 = ( GEOMETRIC_REPRESENTATION_CONTEXT(2) 
PARAMETRIC_REPRESENTATION_CONTEXT() REPRESENTATION_CONTEXT('2D SPACE',''
  ) );
#14732 = ADVANCED_FACE('',(#14733),#14534,.F.);
#14733 = FACE_BOUND('',#14734,.F.);
#14734 = EDGE_LOOP('',(#14735,#14736,#14737,#14760));
#14735 = ORIENTED_EDGE('',*,*,#14519,.F.);
#14736 = ORIENTED_EDGE('',*,*,#14712,.T.);
#14737 = ORIENTED_EDGE('',*,*,#14738,.T.);
#14738 = EDGE_CURVE('',#14690,#14739,#14741,.T.);
#14739 = VERTEX_POINT('',#14740);
#14740 = CARTESIAN_POINT('',(207.,23.113248654052,23.5));
#14741 = SURFACE_CURVE('',#14742,(#14746,#14753),.PCURVE_S1.);
#14742 = LINE('',#14743,#14744);
#14743 = CARTESIAN_POINT('',(207.,24.556624327026,26.));
#14744 = VECTOR('',#14745,1.);
#14745 = DIRECTION('',(0.,-0.5,-0.866025403784));
#14746 = PCURVE('',#14534,#14747);
#14747 = DEFINITIONAL_REPRESENTATION('',(#14748),#14752);
#14748 = LINE('',#14749,#14750);
#14749 = CARTESIAN_POINT('',(-0.,-2.1));
#14750 = VECTOR('',#14751,1.);
#14751 = DIRECTION('',(1.,0.));
#14752 = ( GEOMETRIC_REPRESENTATION_CONTEXT(2) 
PARAMETRIC_REPRESENTATION_CONTEXT() REPRESENTATION_CONTEXT('2D SPACE',''
  ) );
#14753 = PCURVE('',#14651,#14754);
#14754 = DEFINITIONAL_REPRESENTATION('',(#14755),#14759);
#14755 = LINE('',#14756,#14757);
#14756 = CARTESIAN_POINT('',(2.5,1.443375672974));
#14757 = VECTOR('',#14758,1.);
#14758 = DIRECTION('',(-0.866025403784,0.5));
#14759 = ( GEOMETRIC_REPRESENTATION_CONTEXT(2) 
PARAMETRIC_REPRESENTATION_CONTEXT() REPRESENTATION_CONTEXT('2D SPACE',''
  ) );
#14760 = ORIENTED_EDGE('',*,*,#14761,.F.);
#14761 = EDGE_CURVE('',#14494,#14739,#14762,.T.);
#14762 = SURFACE_CURVE('',#14763,(#14767,#14774),.PCURVE_S1.);
#14763 = LINE('',#14764,#14765);
#14764 = CARTESIAN_POINT('',(209.1,23.113248654052,23.5));
#14765 = VECTOR('',#14766,1.);
#14766 = DIRECTION('',(-1.,-0.,-0.));
#14767 = PCURVE('',#14534,#14768);
#14768 = DEFINITIONAL_REPRESENTATION('',(#14769),#14773);
#14769 = LINE('',#14770,#14771);
#14770 = CARTESIAN_POINT('',(2.886751345948,0.));
#14771 = VECTOR('',#14772,1.);
#14772 = DIRECTION('',(0.,-1.));
#14773 = ( GEOMETRIC_REPRESENTATION_CONTEXT(2) 
PARAMETRIC_REPRESENTATION_CONTEXT() REPRESENTATION_CONTEXT('2D SPACE',''
  ) );
#14774 = PCURVE('',#14508,#14775);
#14775 = DEFINITIONAL_REPRESENTATION('',(#14776),#14780);
#14776 = LINE('',#14777,#14778);
#14777 = CARTESIAN_POINT('',(0.,0.));
#14778 = VECTOR('',#14779,1.);
#14779 = DIRECTION('',(0.,-1.));
#14780 = ( GEOMETRIC_REPRESENTATION_CONTEXT(2) 
PARAMETRIC_REPRESENTATION_CONTEXT() REPRESENTATION_CONTEXT('2D SPACE',''
  ) );
#14781 = ADVANCED_FACE('',(#14782),#14508,.F.);
#14782 = FACE_BOUND('',#14783,.F.);
#14783 = EDGE_LOOP('',(#14784,#14785,#14786,#14809));
#14784 = ORIENTED_EDGE('',*,*,#14493,.F.);
#14785 = ORIENTED_EDGE('',*,*,#14761,.T.);
#14786 = ORIENTED_EDGE('',*,*,#14787,.T.);
#14787 = EDGE_CURVE('',#14739,#14788,#14790,.T.);
#14788 = VERTEX_POINT('',#14789);
#14789 = CARTESIAN_POINT('',(207.,24.556624327026,21.));
#14790 = SURFACE_CURVE('',#14791,(#14795,#14802),.PCURVE_S1.);
#14791 = LINE('',#14792,#14793);
#14792 = CARTESIAN_POINT('',(207.,23.113248654052,23.5));
#14793 = VECTOR('',#14794,1.);
#14794 = DIRECTION('',(0.,0.5,-0.866025403784));
#14795 = PCURVE('',#14508,#14796);
#14796 = DEFINITIONAL_REPRESENTATION('',(#14797),#14801);
#14797 = LINE('',#14798,#14799);
#14798 = CARTESIAN_POINT('',(0.,-2.1));
#14799 = VECTOR('',#14800,1.);
#14800 = DIRECTION('',(1.,0.));
#14801 = ( GEOMETRIC_REPRESENTATION_CONTEXT(2) 
PARAMETRIC_REPRESENTATION_CONTEXT() REPRESENTATION_CONTEXT('2D SPACE',''
  ) );
#14802 = PCURVE('',#14651,#14803);
#14803 = DEFINITIONAL_REPRESENTATION('',(#14804),#14808);
#14804 = LINE('',#14805,#14806);
#14805 = CARTESIAN_POINT('',(0.,2.886751345948));
#14806 = VECTOR('',#14807,1.);
#14807 = DIRECTION('',(-0.866025403784,-0.5));
#14808 = ( GEOMETRIC_REPRESENTATION_CONTEXT(2) 
PARAMETRIC_REPRESENTATION_CONTEXT() REPRESENTATION_CONTEXT('2D SPACE',''
  ) );
#14809 = ORIENTED_EDGE('',*,*,#14810,.F.);
#14810 = EDGE_CURVE('',#14468,#14788,#14811,.T.);
#14811 = SURFACE_CURVE('',#14812,(#14816,#14823),.PCURVE_S1.);
#14812 = LINE('',#14813,#14814);
#14813 = CARTESIAN_POINT('',(209.1,24.556624327026,21.));
#14814 = VECTOR('',#14815,1.);
#14815 = DIRECTION('',(-1.,-0.,-0.));
#14816 = PCURVE('',#14508,#14817);
#14817 = DEFINITIONAL_REPRESENTATION('',(#14818),#14822);
#14818 = LINE('',#14819,#14820);
#14819 = CARTESIAN_POINT('',(2.886751345948,0.));
#14820 = VECTOR('',#14821,1.);
#14821 = DIRECTION('',(0.,-1.));
#14822 = ( GEOMETRIC_REPRESENTATION_CONTEXT(2) 
PARAMETRIC_REPRESENTATION_CONTEXT() REPRESENTATION_CONTEXT('2D SPACE',''
  ) );
#14823 = PCURVE('',#14482,#14824);
#14824 = DEFINITIONAL_REPRESENTATION('',(#14825),#14829);
#14825 = LINE('',#14826,#14827);
#14826 = CARTESIAN_POINT('',(0.,0.));
#14827 = VECTOR('',#14828,1.);
#14828 = DIRECTION('',(0.,-1.));
#14829 = ( GEOMETRIC_REPRESENTATION_CONTEXT(2) 
PARAMETRIC_REPRESENTATION_CONTEXT() REPRESENTATION_CONTEXT('2D SPACE',''
  ) );
#14830 = ADVANCED_FACE('',(#14831),#14482,.F.);
#14831 = FACE_BOUND('',#14832,.F.);
#14832 = EDGE_LOOP('',(#14833,#14834,#14835,#14858));
#14833 = ORIENTED_EDGE('',*,*,#14467,.F.);
#14834 = ORIENTED_EDGE('',*,*,#14810,.T.);
#14835 = ORIENTED_EDGE('',*,*,#14836,.T.);
#14836 = EDGE_CURVE('',#14788,#14837,#14839,.T.);
#14837 = VERTEX_POINT('',#14838);
#14838 = CARTESIAN_POINT('',(207.,27.443375672974,21.));
#14839 = SURFACE_CURVE('',#14840,(#14844,#14851),.PCURVE_S1.);
#14840 = LINE('',#14841,#14842);
#14841 = CARTESIAN_POINT('',(207.,24.556624327026,21.));
#14842 = VECTOR('',#14843,1.);
#14843 = DIRECTION('',(0.,1.,-6.153480596427E-16));
#14844 = PCURVE('',#14482,#14845);
#14845 = DEFINITIONAL_REPRESENTATION('',(#14846),#14850);
#14846 = LINE('',#14847,#14848);
#14847 = CARTESIAN_POINT('',(0.,-2.1));
#14848 = VECTOR('',#14849,1.);
#14849 = DIRECTION('',(1.,0.));
#14850 = ( GEOMETRIC_REPRESENTATION_CONTEXT(2) 
PARAMETRIC_REPRESENTATION_CONTEXT() REPRESENTATION_CONTEXT('2D SPACE',''
  ) );
#14851 = PCURVE('',#14651,#14852);
#14852 = DEFINITIONAL_REPRESENTATION('',(#14853),#14857);
#14853 = LINE('',#14854,#14855);
#14854 = CARTESIAN_POINT('',(-2.5,1.443375672974));
#14855 = VECTOR('',#14856,1.);
#14856 = DIRECTION('',(-6.153480596427E-16,-1.));
#14857 = ( GEOMETRIC_REPRESENTATION_CONTEXT(2) 
PARAMETRIC_REPRESENTATION_CONTEXT() REPRESENTATION_CONTEXT('2D SPACE',''
  ) );
#14858 = ORIENTED_EDGE('',*,*,#14859,.F.);
#14859 = EDGE_CURVE('',#14442,#14837,#14860,.T.);
#14860 = SURFACE_CURVE('',#14861,(#14865,#14872),.PCURVE_S1.);
#14861 = LINE('',#14862,#14863);
#14862 = CARTESIAN_POINT('',(209.1,27.443375672974,21.));
#14863 = VECTOR('',#14864,1.);
#14864 = DIRECTION('',(-1.,-0.,-0.));
#14865 = PCURVE('',#14482,#14866);
#14866 = DEFINITIONAL_REPRESENTATION('',(#14867),#14871);
#14867 = LINE('',#14868,#14869);
#14868 = CARTESIAN_POINT('',(2.886751345948,0.));
#14869 = VECTOR('',#14870,1.);
#14870 = DIRECTION('',(0.,-1.));
#14871 = ( GEOMETRIC_REPRESENTATION_CONTEXT(2) 
PARAMETRIC_REPRESENTATION_CONTEXT() REPRESENTATION_CONTEXT('2D SPACE',''
  ) );
#14872 = PCURVE('',#14456,#14873);
#14873 = DEFINITIONAL_REPRESENTATION('',(#14874),#14878);
#14874 = LINE('',#14875,#14876);
#14875 = CARTESIAN_POINT('',(0.,0.));
#14876 = VECTOR('',#14877,1.);
#14877 = DIRECTION('',(0.,-1.));
#14878 = ( GEOMETRIC_REPRESENTATION_CONTEXT(2) 
PARAMETRIC_REPRESENTATION_CONTEXT() REPRESENTATION_CONTEXT('2D SPACE',''
  ) );
#14879 = ADVANCED_FACE('',(#14880),#14456,.F.);
#14880 = FACE_BOUND('',#14881,.F.);
#14881 = EDGE_LOOP('',(#14882,#14883,#14884,#14905));
#14882 = ORIENTED_EDGE('',*,*,#14441,.F.);
#14883 = ORIENTED_EDGE('',*,*,#14859,.T.);
#14884 = ORIENTED_EDGE('',*,*,#14885,.T.);
#14885 = EDGE_CURVE('',#14837,#14613,#14886,.T.);
#14886 = SURFACE_CURVE('',#14887,(#14891,#14898),.PCURVE_S1.);
#14887 = LINE('',#14888,#14889);
#14888 = CARTESIAN_POINT('',(207.,27.443375672974,21.));
#14889 = VECTOR('',#14890,1.);
#14890 = DIRECTION('',(0.,0.5,0.866025403784));
#14891 = PCURVE('',#14456,#14892);
#14892 = DEFINITIONAL_REPRESENTATION('',(#14893),#14897);
#14893 = LINE('',#14894,#14895);
#14894 = CARTESIAN_POINT('',(0.,-2.1));
#14895 = VECTOR('',#14896,1.);
#14896 = DIRECTION('',(1.,0.));
#14897 = ( GEOMETRIC_REPRESENTATION_CONTEXT(2) 
PARAMETRIC_REPRESENTATION_CONTEXT() REPRESENTATION_CONTEXT('2D SPACE',''
  ) );
#14898 = PCURVE('',#14651,#14899);
#14899 = DEFINITIONAL_REPRESENTATION('',(#14900),#14904);
#14900 = LINE('',#14901,#14902);
#14901 = CARTESIAN_POINT('',(-2.5,-1.443375672974));
#14902 = VECTOR('',#14903,1.);
#14903 = DIRECTION('',(0.866025403784,-0.5));
#14904 = ( GEOMETRIC_REPRESENTATION_CONTEXT(2) 
PARAMETRIC_REPRESENTATION_CONTEXT() REPRESENTATION_CONTEXT('2D SPACE',''
  ) );
#14905 = ORIENTED_EDGE('',*,*,#14612,.F.);
#14906 = ADVANCED_FACE('',(#14907),#14596,.T.);
#14907 = FACE_BOUND('',#14908,.T.);
#14908 = EDGE_LOOP('',(#14909,#14938,#14959,#14960));
#14909 = ORIENTED_EDGE('',*,*,#14910,.F.);
#14910 = EDGE_CURVE('',#14911,#14911,#14913,.T.);
#14911 = VERTEX_POINT('',#14912);
#14912 = CARTESIAN_POINT('',(200.,26.,17.6));
#14913 = SURFACE_CURVE('',#14914,(#14919,#14926),.PCURVE_S1.);
#14914 = CIRCLE('',#14915,5.9);
#14915 = AXIS2_PLACEMENT_3D('',#14916,#14917,#14918);
#14916 = CARTESIAN_POINT('',(200.,26.,23.5));
#14917 = DIRECTION('',(-1.,0.,0.));
#14918 = DIRECTION('',(0.,0.,-1.));
#14919 = PCURVE('',#14596,#14920);
#14920 = DEFINITIONAL_REPRESENTATION('',(#14921),#14925);
#14921 = LINE('',#14922,#14923);
#14922 = CARTESIAN_POINT('',(0.,5.));
#14923 = VECTOR('',#14924,1.);
#14924 = DIRECTION('',(1.,0.));
#14925 = ( GEOMETRIC_REPRESENTATION_CONTEXT(2) 
PARAMETRIC_REPRESENTATION_CONTEXT() REPRESENTATION_CONTEXT('2D SPACE',''
  ) );
#14926 = PCURVE('',#14927,#14932);
#14927 = PLANE('',#14928);
#14928 = AXIS2_PLACEMENT_3D('',#14929,#14930,#14931);
#14929 = CARTESIAN_POINT('',(200.,26.,23.5));
#14930 = DIRECTION('',(-1.,0.,0.));
#14931 = DIRECTION('',(0.,0.,-1.));
#14932 = DEFINITIONAL_REPRESENTATION('',(#14933),#14937);
#14933 = CIRCLE('',#14934,5.9);
#14934 = AXIS2_PLACEMENT_2D('',#14935,#14936);
#14935 = CARTESIAN_POINT('',(0.,0.));
#14936 = DIRECTION('',(1.,0.));
#14937 = ( GEOMETRIC_REPRESENTATION_CONTEXT(2) 
PARAMETRIC_REPRESENTATION_CONTEXT() REPRESENTATION_CONTEXT('2D SPACE',''
  ) );
#14938 = ORIENTED_EDGE('',*,*,#14939,.F.);
#14939 = EDGE_CURVE('',#14576,#14911,#14940,.T.);
#14940 = SEAM_CURVE('',#14941,(#14945,#14952),.PCURVE_S1.);
#14941 = LINE('',#14942,#14943);
#14942 = CARTESIAN_POINT('',(205.,26.,17.6));
#14943 = VECTOR('',#14944,1.);
#14944 = DIRECTION('',(-1.,0.,0.));
#14945 = PCURVE('',#14596,#14946);
#14946 = DEFINITIONAL_REPRESENTATION('',(#14947),#14951);
#14947 = LINE('',#14948,#14949);
#14948 = CARTESIAN_POINT('',(6.28318530718,-0.));
#14949 = VECTOR('',#14950,1.);
#14950 = DIRECTION('',(0.,1.));
#14951 = ( GEOMETRIC_REPRESENTATION_CONTEXT(2) 
PARAMETRIC_REPRESENTATION_CONTEXT() REPRESENTATION_CONTEXT('2D SPACE',''
  ) );
#14952 = PCURVE('',#14596,#14953);
#14953 = DEFINITIONAL_REPRESENTATION('',(#14954),#14958);
#14954 = LINE('',#14955,#14956);
#14955 = CARTESIAN_POINT('',(0.,-0.));
#14956 = VECTOR('',#14957,1.);
#14957 = DIRECTION('',(0.,1.));
#14958 = ( GEOMETRIC_REPRESENTATION_CONTEXT(2) 
PARAMETRIC_REPRESENTATION_CONTEXT() REPRESENTATION_CONTEXT('2D SPACE',''
  ) );
#14959 = ORIENTED_EDGE('',*,*,#14575,.T.);
#14960 = ORIENTED_EDGE('',*,*,#14939,.T.);
#14961 = ADVANCED_FACE('',(#14962),#14651,.T.);
#14962 = FACE_BOUND('',#14963,.T.);
#14963 = EDGE_LOOP('',(#14964,#14965,#14966,#14967,#14968,#14969));
#14964 = ORIENTED_EDGE('',*,*,#14635,.T.);
#14965 = ORIENTED_EDGE('',*,*,#14689,.T.);
#14966 = ORIENTED_EDGE('',*,*,#14738,.T.);
#14967 = ORIENTED_EDGE('',*,*,#14787,.T.);
#14968 = ORIENTED_EDGE('',*,*,#14836,.T.);
#14969 = ORIENTED_EDGE('',*,*,#14885,.T.);
#14970 = ADVANCED_FACE('',(#14971),#14927,.T.);
#14971 = FACE_BOUND('',#14972,.T.);
#14972 = EDGE_LOOP('',(#14973));
#14973 = ORIENTED_EDGE('',*,*,#14910,.T.);
#14974 = ( GEOMETRIC_REPRESENTATION_CONTEXT(3) 
GLOBAL_UNCERTAINTY_ASSIGNED_CONTEXT((#14978)) 
GLOBAL_UNIT_ASSIGNED_CONTEXT((#14975,#14976,#14977)) 
REPRESENTATION_CONTEXT('Context #1',
  '3D Context with UNIT and UNCERTAINTY') );
#14975 = ( LENGTH_UNIT() NAMED_UNIT(*) SI_UNIT(.MILLI.,.METRE.) );
#14976 = ( NAMED_UNIT(*) PLANE_ANGLE_UNIT() SI_UNIT($,.RADIAN.) );
#14977 = ( NAMED_UNIT(*) SI_UNIT($,.STERADIAN.) SOLID_ANGLE_UNIT() );
#14978 = UNCERTAINTY_MEASURE_WITH_UNIT(LENGTH_MEASURE(1.E-07),#14975,
  'distance_accuracy_value','confusion accuracy');
#14979 = CONTEXT_DEPENDENT_SHAPE_REPRESENTATION(#14980,#14982);
#14980 = ( REPRESENTATION_RELATIONSHIP('','',#14315,#10) 
REPRESENTATION_RELATIONSHIP_WITH_TRANSFORMATION(#14981) 
SHAPE_REPRESENTATION_RELATIONSHIP() );
#14981 = ITEM_DEFINED_TRANSFORMATION('','',#11,#27);
#14982 = PRODUCT_DEFINITION_SHAPE('Placement','Placement of an item',
  #14983);
#14983 = NEXT_ASSEMBLY_USAGE_OCCURRENCE('4','REFERENCE_side_plug_2','',
  #5,#14310,$);
#14984 = PRODUCT_RELATED_PRODUCT_CATEGORY('part',$,(#14312));
#14985 = SHAPE_DEFINITION_REPRESENTATION(#14986,#14992);
#14986 = PRODUCT_DEFINITION_SHAPE('','',#14987);
#14987 = PRODUCT_DEFINITION('design','',#14988,#14991);
#14988 = PRODUCT_DEFINITION_FORMATION('','',#14989);
#14989 = PRODUCT('REFERENCE_side_plug_3','REFERENCE_side_plug_3','',(
    #14990));
#14990 = PRODUCT_CONTEXT('',#2,'mechanical');
#14991 = PRODUCT_DEFINITION_CONTEXT('part definition',#2,'design');
#14992 = ADVANCED_BREP_SHAPE_REPRESENTATION('',(#11,#14993),#15651);
#14993 = MANIFOLD_SOLID_BREP('',#14994);
#14994 = CLOSED_SHELL('',(#14995,#15083,#15245,#15284,#15360,#15409,
    #15458,#15507,#15556,#15583,#15638,#15647));
#14995 = ADVANCED_FACE('',(#14996),#15009,.T.);
#14996 = FACE_BOUND('',#14997,.T.);
#14997 = EDGE_LOOP('',(#14998,#15032,#15055,#15082));
#14998 = ORIENTED_EDGE('',*,*,#14999,.F.);
#14999 = EDGE_CURVE('',#15000,#15000,#15002,.T.);
#15000 = VERTEX_POINT('',#15001);
#15001 = CARTESIAN_POINT('',(-209.,26.,53.5));
#15002 = SURFACE_CURVE('',#15003,(#15008,#15020),.PCURVE_S1.);
#15003 = CIRCLE('',#15004,10.);
#15004 = AXIS2_PLACEMENT_3D('',#15005,#15006,#15007);
#15005 = CARTESIAN_POINT('',(-209.,26.,63.5));
#15006 = DIRECTION('',(-1.,0.,0.));
#15007 = DIRECTION('',(0.,0.,-1.));
#15008 = PCURVE('',#15009,#15014);
#15009 = CYLINDRICAL_SURFACE('',#15010,10.);
#15010 = AXIS2_PLACEMENT_3D('',#15011,#15012,#15013);
#15011 = CARTESIAN_POINT('',(-205.,26.,63.5));
#15012 = DIRECTION('',(-1.,0.,0.));
#15013 = DIRECTION('',(0.,0.,-1.));
#15014 = DEFINITIONAL_REPRESENTATION('',(#15015),#15019);
#15015 = LINE('',#15016,#15017);
#15016 = CARTESIAN_POINT('',(0.,4.));
#15017 = VECTOR('',#15018,1.);
#15018 = DIRECTION('',(1.,0.));
#15019 = ( GEOMETRIC_REPRESENTATION_CONTEXT(2) 
PARAMETRIC_REPRESENTATION_CONTEXT() REPRESENTATION_CONTEXT('2D SPACE',''
  ) );
#15020 = PCURVE('',#15021,#15026);
#15021 = PLANE('',#15022);
#15022 = AXIS2_PLACEMENT_3D('',#15023,#15024,#15025);
#15023 = CARTESIAN_POINT('',(-209.,26.,63.5));
#15024 = DIRECTION('',(-1.,0.,0.));
#15025 = DIRECTION('',(0.,0.,-1.));
#15026 = DEFINITIONAL_REPRESENTATION('',(#15027),#15031);
#15027 = CIRCLE('',#15028,10.);
#15028 = AXIS2_PLACEMENT_2D('',#15029,#15030);
#15029 = CARTESIAN_POINT('',(0.,0.));
#15030 = DIRECTION('',(1.,0.));
#15031 = ( GEOMETRIC_REPRESENTATION_CONTEXT(2) 
PARAMETRIC_REPRESENTATION_CONTEXT() REPRESENTATION_CONTEXT('2D SPACE',''
  ) );
#15032 = ORIENTED_EDGE('',*,*,#15033,.F.);
#15033 = EDGE_CURVE('',#15034,#15000,#15036,.T.);
#15034 = VERTEX_POINT('',#15035);
#15035 = CARTESIAN_POINT('',(-205.,26.,53.5));
#15036 = SEAM_CURVE('',#15037,(#15041,#15048),.PCURVE_S1.);
#15037 = LINE('',#15038,#15039);
#15038 = CARTESIAN_POINT('',(-205.,26.,53.5));
#15039 = VECTOR('',#15040,1.);
#15040 = DIRECTION('',(-1.,0.,0.));
#15041 = PCURVE('',#15009,#15042);
#15042 = DEFINITIONAL_REPRESENTATION('',(#15043),#15047);
#15043 = LINE('',#15044,#15045);
#15044 = CARTESIAN_POINT('',(6.28318530718,-0.));
#15045 = VECTOR('',#15046,1.);
#15046 = DIRECTION('',(0.,1.));
#15047 = ( GEOMETRIC_REPRESENTATION_CONTEXT(2) 
PARAMETRIC_REPRESENTATION_CONTEXT() REPRESENTATION_CONTEXT('2D SPACE',''
  ) );
#15048 = PCURVE('',#15009,#15049);
#15049 = DEFINITIONAL_REPRESENTATION('',(#15050),#15054);
#15050 = LINE('',#15051,#15052);
#15051 = CARTESIAN_POINT('',(0.,-0.));
#15052 = VECTOR('',#15053,1.);
#15053 = DIRECTION('',(0.,1.));
#15054 = ( GEOMETRIC_REPRESENTATION_CONTEXT(2) 
PARAMETRIC_REPRESENTATION_CONTEXT() REPRESENTATION_CONTEXT('2D SPACE',''
  ) );
#15055 = ORIENTED_EDGE('',*,*,#15056,.T.);
#15056 = EDGE_CURVE('',#15034,#15034,#15057,.T.);
#15057 = SURFACE_CURVE('',#15058,(#15063,#15070),.PCURVE_S1.);
#15058 = CIRCLE('',#15059,10.);
#15059 = AXIS2_PLACEMENT_3D('',#15060,#15061,#15062);
#15060 = CARTESIAN_POINT('',(-205.,26.,63.5));
#15061 = DIRECTION('',(-1.,0.,0.));
#15062 = DIRECTION('',(0.,0.,-1.));
#15063 = PCURVE('',#15009,#15064);
#15064 = DEFINITIONAL_REPRESENTATION('',(#15065),#15069);
#15065 = LINE('',#15066,#15067);
#15066 = CARTESIAN_POINT('',(0.,0.));
#15067 = VECTOR('',#15068,1.);
#15068 = DIRECTION('',(1.,0.));
#15069 = ( GEOMETRIC_REPRESENTATION_CONTEXT(2) 
PARAMETRIC_REPRESENTATION_CONTEXT() REPRESENTATION_CONTEXT('2D SPACE',''
  ) );
#15070 = PCURVE('',#15071,#15076);
#15071 = PLANE('',#15072);
#15072 = AXIS2_PLACEMENT_3D('',#15073,#15074,#15075);
#15073 = CARTESIAN_POINT('',(-205.,26.,63.5));
#15074 = DIRECTION('',(-1.,0.,0.));
#15075 = DIRECTION('',(0.,0.,-1.));
#15076 = DEFINITIONAL_REPRESENTATION('',(#15077),#15081);
#15077 = CIRCLE('',#15078,10.);
#15078 = AXIS2_PLACEMENT_2D('',#15079,#15080);
#15079 = CARTESIAN_POINT('',(0.,0.));
#15080 = DIRECTION('',(1.,0.));
#15081 = ( GEOMETRIC_REPRESENTATION_CONTEXT(2) 
PARAMETRIC_REPRESENTATION_CONTEXT() REPRESENTATION_CONTEXT('2D SPACE',''
  ) );
#15082 = ORIENTED_EDGE('',*,*,#15033,.T.);
#15083 = ADVANCED_FACE('',(#15084,#15087),#15021,.T.);
#15084 = FACE_BOUND('',#15085,.T.);
#15085 = EDGE_LOOP('',(#15086));
#15086 = ORIENTED_EDGE('',*,*,#14999,.T.);
#15087 = FACE_BOUND('',#15088,.T.);
#15088 = EDGE_LOOP('',(#15089,#15117,#15143,#15169,#15195,#15221));
#15089 = ORIENTED_EDGE('',*,*,#15090,.T.);
#15090 = EDGE_CURVE('',#15091,#15093,#15095,.T.);
#15091 = VERTEX_POINT('',#15092);
#15092 = CARTESIAN_POINT('',(-209.,27.443375672974,61.));
#15093 = VERTEX_POINT('',#15094);
#15094 = CARTESIAN_POINT('',(-209.,28.886751345948,63.5));
#15095 = SURFACE_CURVE('',#15096,(#15100,#15106),.PCURVE_S1.);
#15096 = LINE('',#15097,#15098);
#15097 = CARTESIAN_POINT('',(-209.,27.804219591218,61.625));
#15098 = VECTOR('',#15099,1.);
#15099 = DIRECTION('',(0.,0.5,0.866025403784));
#15100 = PCURVE('',#15021,#15101);
#15101 = DEFINITIONAL_REPRESENTATION('',(#15102),#15105);
#15102 = B_SPLINE_CURVE_WITH_KNOTS('',1,(#15103,#15104),.UNSPECIFIED.,
  .F.,.F.,(2,2),(-0.721687836487,2.165063509461),
  .PIECEWISE_BEZIER_KNOTS.);
#15103 = CARTESIAN_POINT('',(2.5,-1.443375672974));
#15104 = CARTESIAN_POINT('',(-5.99993195083E-16,-2.886751345948));
#15105 = ( GEOMETRIC_REPRESENTATION_CONTEXT(2) 
PARAMETRIC_REPRESENTATION_CONTEXT() REPRESENTATION_CONTEXT('2D SPACE',''
  ) );
#15106 = PCURVE('',#15107,#15112);
#15107 = PLANE('',#15108);
#15108 = AXIS2_PLACEMENT_3D('',#15109,#15110,#15111);
#15109 = CARTESIAN_POINT('',(-209.1,27.443375672974,61.));
#15110 = DIRECTION('',(0.,-0.866025403784,0.5));
#15111 = DIRECTION('',(0.,0.5,0.866025403784));
#15112 = DEFINITIONAL_REPRESENTATION('',(#15113),#15116);
#15113 = B_SPLINE_CURVE_WITH_KNOTS('',1,(#15114,#15115),.UNSPECIFIED.,
  .F.,.F.,(2,2),(-0.721687836487,2.165063509461),
  .PIECEWISE_BEZIER_KNOTS.);
#15114 = CARTESIAN_POINT('',(0.,-9.999999999999E-02));
#15115 = CARTESIAN_POINT('',(2.886751345948,-9.999999999999E-02));
#15116 = ( GEOMETRIC_REPRESENTATION_CONTEXT(2) 
PARAMETRIC_REPRESENTATION_CONTEXT() REPRESENTATION_CONTEXT('2D SPACE',''
  ) );
#15117 = ORIENTED_EDGE('',*,*,#15118,.T.);
#15118 = EDGE_CURVE('',#15093,#15119,#15121,.T.);
#15119 = VERTEX_POINT('',#15120);
#15120 = CARTESIAN_POINT('',(-209.,27.443375672974,66.));
#15121 = SURFACE_CURVE('',#15122,(#15126,#15132),.PCURVE_S1.);
#15122 = LINE('',#15123,#15124);
#15123 = CARTESIAN_POINT('',(-209.,28.525907427705,64.125));
#15124 = VECTOR('',#15125,1.);
#15125 = DIRECTION('',(0.,-0.5,0.866025403784));
#15126 = PCURVE('',#15021,#15127);
#15127 = DEFINITIONAL_REPRESENTATION('',(#15128),#15131);
#15128 = B_SPLINE_CURVE_WITH_KNOTS('',1,(#15129,#15130),.UNSPECIFIED.,
  .F.,.F.,(2,2),(-0.721687836487,2.165063509461),
  .PIECEWISE_BEZIER_KNOTS.);
#15129 = CARTESIAN_POINT('',(7.768865376094E-16,-2.886751345948));
#15130 = CARTESIAN_POINT('',(-2.5,-1.443375672974));
#15131 = ( GEOMETRIC_REPRESENTATION_CONTEXT(2) 
PARAMETRIC_REPRESENTATION_CONTEXT() REPRESENTATION_CONTEXT('2D SPACE',''
  ) );
#15132 = PCURVE('',#15133,#15138);
#15133 = PLANE('',#15134);
#15134 = AXIS2_PLACEMENT_3D('',#15135,#15136,#15137);
#15135 = CARTESIAN_POINT('',(-209.1,28.886751345948,63.5));
#15136 = DIRECTION('',(0.,-0.866025403784,-0.5));
#15137 = DIRECTION('',(0.,-0.5,0.866025403784));
#15138 = DEFINITIONAL_REPRESENTATION('',(#15139),#15142);
#15139 = B_SPLINE_CURVE_WITH_KNOTS('',1,(#15140,#15141),.UNSPECIFIED.,
  .F.,.F.,(2,2),(-0.721687836487,2.165063509461),
  .PIECEWISE_BEZIER_KNOTS.);
#15140 = CARTESIAN_POINT('',(0.,-9.999999999999E-02));
#15141 = CARTESIAN_POINT('',(2.886751345948,-9.999999999999E-02));
#15142 = ( GEOMETRIC_REPRESENTATION_CONTEXT(2) 
PARAMETRIC_REPRESENTATION_CONTEXT() REPRESENTATION_CONTEXT('2D SPACE',''
  ) );
#15143 = ORIENTED_EDGE('',*,*,#15144,.T.);
#15144 = EDGE_CURVE('',#15119,#15145,#15147,.T.);
#15145 = VERTEX_POINT('',#15146);
#15146 = CARTESIAN_POINT('',(-209.,24.556624327026,66.));
#15147 = SURFACE_CURVE('',#15148,(#15152,#15158),.PCURVE_S1.);
#15148 = LINE('',#15149,#15150);
#15149 = CARTESIAN_POINT('',(-209.,26.721687836487,66.));
#15150 = VECTOR('',#15151,1.);
#15151 = DIRECTION('',(0.,-1.,1.538370149107E-16));
#15152 = PCURVE('',#15021,#15153);
#15153 = DEFINITIONAL_REPRESENTATION('',(#15154),#15157);
#15154 = B_SPLINE_CURVE_WITH_KNOTS('',1,(#15155,#15156),.UNSPECIFIED.,
  .F.,.F.,(2,2),(-0.721687836487,2.165063509461),
  .PIECEWISE_BEZIER_KNOTS.);
#15155 = CARTESIAN_POINT('',(-2.5,-1.443375672974));
#15156 = CARTESIAN_POINT('',(-2.5,1.443375672974));
#15157 = ( GEOMETRIC_REPRESENTATION_CONTEXT(2) 
PARAMETRIC_REPRESENTATION_CONTEXT() REPRESENTATION_CONTEXT('2D SPACE',''
  ) );
#15158 = PCURVE('',#15159,#15164);
#15159 = PLANE('',#15160);
#15160 = AXIS2_PLACEMENT_3D('',#15161,#15162,#15163);
#15161 = CARTESIAN_POINT('',(-209.1,27.443375672974,66.));
#15162 = DIRECTION('',(0.,-1.538370149107E-16,-1.));
#15163 = DIRECTION('',(0.,-1.,1.538370149107E-16));
#15164 = DEFINITIONAL_REPRESENTATION('',(#15165),#15168);
#15165 = B_SPLINE_CURVE_WITH_KNOTS('',1,(#15166,#15167),.UNSPECIFIED.,
  .F.,.F.,(2,2),(-0.721687836487,2.165063509461),
  .PIECEWISE_BEZIER_KNOTS.);
#15166 = CARTESIAN_POINT('',(0.,-9.999999999999E-02));
#15167 = CARTESIAN_POINT('',(2.886751345948,-9.999999999999E-02));
#15168 = ( GEOMETRIC_REPRESENTATION_CONTEXT(2) 
PARAMETRIC_REPRESENTATION_CONTEXT() REPRESENTATION_CONTEXT('2D SPACE',''
  ) );
#15169 = ORIENTED_EDGE('',*,*,#15170,.T.);
#15170 = EDGE_CURVE('',#15145,#15171,#15173,.T.);
#15171 = VERTEX_POINT('',#15172);
#15172 = CARTESIAN_POINT('',(-209.,23.113248654052,63.5));
#15173 = SURFACE_CURVE('',#15174,(#15178,#15184),.PCURVE_S1.);
#15174 = LINE('',#15175,#15176);
#15175 = CARTESIAN_POINT('',(-209.,24.195780408782,65.375));
#15176 = VECTOR('',#15177,1.);
#15177 = DIRECTION('',(-0.,-0.5,-0.866025403784));
#15178 = PCURVE('',#15021,#15179);
#15179 = DEFINITIONAL_REPRESENTATION('',(#15180),#15183);
#15180 = B_SPLINE_CURVE_WITH_KNOTS('',1,(#15181,#15182),.UNSPECIFIED.,
  .F.,.F.,(2,2),(-0.721687836487,2.165063509461),
  .PIECEWISE_BEZIER_KNOTS.);
#15181 = CARTESIAN_POINT('',(-2.5,1.443375672974));
#15182 = CARTESIAN_POINT('',(-3.134140809492E-16,2.886751345948));
#15183 = ( GEOMETRIC_REPRESENTATION_CONTEXT(2) 
PARAMETRIC_REPRESENTATION_CONTEXT() REPRESENTATION_CONTEXT('2D SPACE',''
  ) );
#15184 = PCURVE('',#15185,#15190);
#15185 = PLANE('',#15186);
#15186 = AXIS2_PLACEMENT_3D('',#15187,#15188,#15189);
#15187 = CARTESIAN_POINT('',(-209.1,24.556624327026,66.));
#15188 = DIRECTION('',(0.,0.866025403784,-0.5));
#15189 = DIRECTION('',(0.,-0.5,-0.866025403784));
#15190 = DEFINITIONAL_REPRESENTATION('',(#15191),#15194);
#15191 = B_SPLINE_CURVE_WITH_KNOTS('',1,(#15192,#15193),.UNSPECIFIED.,
  .F.,.F.,(2,2),(-0.721687836487,2.165063509461),
  .PIECEWISE_BEZIER_KNOTS.);
#15192 = CARTESIAN_POINT('',(0.,-9.999999999999E-02));
#15193 = CARTESIAN_POINT('',(2.886751345948,-9.999999999999E-02));
#15194 = ( GEOMETRIC_REPRESENTATION_CONTEXT(2) 
PARAMETRIC_REPRESENTATION_CONTEXT() REPRESENTATION_CONTEXT('2D SPACE',''
  ) );
#15195 = ORIENTED_EDGE('',*,*,#15196,.T.);
#15196 = EDGE_CURVE('',#15171,#15197,#15199,.T.);
#15197 = VERTEX_POINT('',#15198);
#15198 = CARTESIAN_POINT('',(-209.,24.556624327026,61.));
#15199 = SURFACE_CURVE('',#15200,(#15204,#15210),.PCURVE_S1.);
#15200 = LINE('',#15201,#15202);
#15201 = CARTESIAN_POINT('',(-209.,23.474092572295,62.875));
#15202 = VECTOR('',#15203,1.);
#15203 = DIRECTION('',(0.,0.5,-0.866025403784));
#15204 = PCURVE('',#15021,#15205);
#15205 = DEFINITIONAL_REPRESENTATION('',(#15206),#15209);
#15206 = B_SPLINE_CURVE_WITH_KNOTS('',1,(#15207,#15208),.UNSPECIFIED.,
  .F.,.F.,(2,2),(-0.721687836487,2.165063509461),
  .PIECEWISE_BEZIER_KNOTS.);
#15207 = CARTESIAN_POINT('',(-7.608618485562E-16,2.886751345948));
#15208 = CARTESIAN_POINT('',(2.5,1.443375672974));
#15209 = ( GEOMETRIC_REPRESENTATION_CONTEXT(2) 
PARAMETRIC_REPRESENTATION_CONTEXT() REPRESENTATION_CONTEXT('2D SPACE',''
  ) );
#15210 = PCURVE('',#15211,#15216);
#15211 = PLANE('',#15212);
#15212 = AXIS2_PLACEMENT_3D('',#15213,#15214,#15215);
#15213 = CARTESIAN_POINT('',(-209.1,23.113248654052,63.5));
#15214 = DIRECTION('',(-0.,0.866025403784,0.5));
#15215 = DIRECTION('',(0.,0.5,-0.866025403784));
#15216 = DEFINITIONAL_REPRESENTATION('',(#15217),#15220);
#15217 = B_SPLINE_CURVE_WITH_KNOTS('',1,(#15218,#15219),.UNSPECIFIED.,
  .F.,.F.,(2,2),(-0.721687836487,2.165063509461),
  .PIECEWISE_BEZIER_KNOTS.);
#15218 = CARTESIAN_POINT('',(0.,-9.999999999999E-02));
#15219 = CARTESIAN_POINT('',(2.886751345948,-9.999999999999E-02));
#15220 = ( GEOMETRIC_REPRESENTATION_CONTEXT(2) 
PARAMETRIC_REPRESENTATION_CONTEXT() REPRESENTATION_CONTEXT('2D SPACE',''
  ) );
#15221 = ORIENTED_EDGE('',*,*,#15222,.T.);
#15222 = EDGE_CURVE('',#15197,#15091,#15223,.T.);
#15223 = SURFACE_CURVE('',#15224,(#15228,#15234),.PCURVE_S1.);
#15224 = LINE('',#15225,#15226);
#15225 = CARTESIAN_POINT('',(-209.,25.278312163513,61.));
#15226 = VECTOR('',#15227,1.);
#15227 = DIRECTION('',(0.,1.,-6.153480596427E-16));
#15228 = PCURVE('',#15021,#15229);
#15229 = DEFINITIONAL_REPRESENTATION('',(#15230),#15233);
#15230 = B_SPLINE_CURVE_WITH_KNOTS('',1,(#15231,#15232),.UNSPECIFIED.,
  .F.,.F.,(2,2),(-0.721687836487,2.165063509461),
  .PIECEWISE_BEZIER_KNOTS.);
#15231 = CARTESIAN_POINT('',(2.5,1.443375672974));
#15232 = CARTESIAN_POINT('',(2.5,-1.443375672974));
#15233 = ( GEOMETRIC_REPRESENTATION_CONTEXT(2) 
PARAMETRIC_REPRESENTATION_CONTEXT() REPRESENTATION_CONTEXT('2D SPACE',''
  ) );
#15234 = PCURVE('',#15235,#15240);
#15235 = PLANE('',#15236);
#15236 = AXIS2_PLACEMENT_3D('',#15237,#15238,#15239);
#15237 = CARTESIAN_POINT('',(-209.1,24.556624327026,61.));
#15238 = DIRECTION('',(-0.,6.153480596427E-16,1.));
#15239 = DIRECTION('',(0.,1.,-6.153480596427E-16));
#15240 = DEFINITIONAL_REPRESENTATION('',(#15241),#15244);
#15241 = B_SPLINE_CURVE_WITH_KNOTS('',1,(#15242,#15243),.UNSPECIFIED.,
  .F.,.F.,(2,2),(-0.721687836487,2.165063509461),
  .PIECEWISE_BEZIER_KNOTS.);
#15242 = CARTESIAN_POINT('',(0.,-9.999999999999E-02));
#15243 = CARTESIAN_POINT('',(2.886751345948,-9.999999999999E-02));
#15244 = ( GEOMETRIC_REPRESENTATION_CONTEXT(2) 
PARAMETRIC_REPRESENTATION_CONTEXT() REPRESENTATION_CONTEXT('2D SPACE',''
  ) );
#15245 = ADVANCED_FACE('',(#15246,#15249),#15071,.F.);
#15246 = FACE_BOUND('',#15247,.F.);
#15247 = EDGE_LOOP('',(#15248));
#15248 = ORIENTED_EDGE('',*,*,#15056,.T.);
#15249 = FACE_BOUND('',#15250,.F.);
#15250 = EDGE_LOOP('',(#15251));
#15251 = ORIENTED_EDGE('',*,*,#15252,.T.);
#15252 = EDGE_CURVE('',#15253,#15253,#15255,.T.);
#15253 = VERTEX_POINT('',#15254);
#15254 = CARTESIAN_POINT('',(-205.,26.,69.4));
#15255 = SURFACE_CURVE('',#15256,(#15261,#15272),.PCURVE_S1.);
#15256 = CIRCLE('',#15257,5.9);
#15257 = AXIS2_PLACEMENT_3D('',#15258,#15259,#15260);
#15258 = CARTESIAN_POINT('',(-205.,26.,63.5));
#15259 = DIRECTION('',(1.,0.,0.));
#15260 = DIRECTION('',(-0.,0.,1.));
#15261 = PCURVE('',#15071,#15262);
#15262 = DEFINITIONAL_REPRESENTATION('',(#15263),#15271);
#15263 = ( BOUNDED_CURVE() B_SPLINE_CURVE(2,(#15264,#15265,#15266,#15267
    ,#15268,#15269,#15270),.UNSPECIFIED.,.T.,.F.) 
B_SPLINE_CURVE_WITH_KNOTS((1,2,2,2,2,1),(-2.094395102393,0.,
    2.094395102393,4.188790204786,6.28318530718,8.377580409573),
.UNSPECIFIED.) CURVE() GEOMETRIC_REPRESENTATION_ITEM() 
RATIONAL_B_SPLINE_CURVE((1.,0.5,1.,0.5,1.,0.5,1.)) REPRESENTATION_ITEM(
  '') );
#15264 = CARTESIAN_POINT('',(-5.9,0.));
#15265 = CARTESIAN_POINT('',(-5.9,10.219099764656));
#15266 = CARTESIAN_POINT('',(2.95,5.109549882328));
#15267 = CARTESIAN_POINT('',(11.8,1.445083222994E-15));
#15268 = CARTESIAN_POINT('',(2.95,-5.109549882328));
#15269 = CARTESIAN_POINT('',(-5.9,-10.21909976465));
#15270 = CARTESIAN_POINT('',(-5.9,0.));
#15271 = ( GEOMETRIC_REPRESENTATION_CONTEXT(2) 
PARAMETRIC_REPRESENTATION_CONTEXT() REPRESENTATION_CONTEXT('2D SPACE',''
  ) );
#15272 = PCURVE('',#15273,#15278);
#15273 = CYLINDRICAL_SURFACE('',#15274,5.9);
#15274 = AXIS2_PLACEMENT_3D('',#15275,#15276,#15277);
#15275 = CARTESIAN_POINT('',(-205.,26.,63.5));
#15276 = DIRECTION('',(1.,0.,0.));
#15277 = DIRECTION('',(-0.,0.,1.));
#15278 = DEFINITIONAL_REPRESENTATION('',(#15279),#15283);
#15279 = LINE('',#15280,#15281);
#15280 = CARTESIAN_POINT('',(0.,0.));
#15281 = VECTOR('',#15282,1.);
#15282 = DIRECTION('',(1.,0.));
#15283 = ( GEOMETRIC_REPRESENTATION_CONTEXT(2) 
PARAMETRIC_REPRESENTATION_CONTEXT() REPRESENTATION_CONTEXT('2D SPACE',''
  ) );
#15284 = ADVANCED_FACE('',(#15285),#15107,.T.);
#15285 = FACE_BOUND('',#15286,.T.);
#15286 = EDGE_LOOP('',(#15287,#15288,#15311,#15339));
#15287 = ORIENTED_EDGE('',*,*,#15090,.F.);
#15288 = ORIENTED_EDGE('',*,*,#15289,.T.);
#15289 = EDGE_CURVE('',#15091,#15290,#15292,.T.);
#15290 = VERTEX_POINT('',#15291);
#15291 = CARTESIAN_POINT('',(-207.,27.443375672974,61.));
#15292 = SURFACE_CURVE('',#15293,(#15297,#15304),.PCURVE_S1.);
#15293 = LINE('',#15294,#15295);
#15294 = CARTESIAN_POINT('',(-209.1,27.443375672974,61.));
#15295 = VECTOR('',#15296,1.);
#15296 = DIRECTION('',(1.,0.,0.));
#15297 = PCURVE('',#15107,#15298);
#15298 = DEFINITIONAL_REPRESENTATION('',(#15299),#15303);
#15299 = LINE('',#15300,#15301);
#15300 = CARTESIAN_POINT('',(0.,0.));
#15301 = VECTOR('',#15302,1.);
#15302 = DIRECTION('',(0.,-1.));
#15303 = ( GEOMETRIC_REPRESENTATION_CONTEXT(2) 
PARAMETRIC_REPRESENTATION_CONTEXT() REPRESENTATION_CONTEXT('2D SPACE',''
  ) );
#15304 = PCURVE('',#15235,#15305);
#15305 = DEFINITIONAL_REPRESENTATION('',(#15306),#15310);
#15306 = LINE('',#15307,#15308);
#15307 = CARTESIAN_POINT('',(2.886751345948,0.));
#15308 = VECTOR('',#15309,1.);
#15309 = DIRECTION('',(0.,-1.));
#15310 = ( GEOMETRIC_REPRESENTATION_CONTEXT(2) 
PARAMETRIC_REPRESENTATION_CONTEXT() REPRESENTATION_CONTEXT('2D SPACE',''
  ) );
#15311 = ORIENTED_EDGE('',*,*,#15312,.T.);
#15312 = EDGE_CURVE('',#15290,#15313,#15315,.T.);
#15313 = VERTEX_POINT('',#15314);
#15314 = CARTESIAN_POINT('',(-207.,28.886751345948,63.5));
#15315 = SURFACE_CURVE('',#15316,(#15320,#15327),.PCURVE_S1.);
#15316 = LINE('',#15317,#15318);
#15317 = CARTESIAN_POINT('',(-207.,27.443375672974,61.));
#15318 = VECTOR('',#15319,1.);
#15319 = DIRECTION('',(0.,0.5,0.866025403784));
#15320 = PCURVE('',#15107,#15321);
#15321 = DEFINITIONAL_REPRESENTATION('',(#15322),#15326);
#15322 = LINE('',#15323,#15324);
#15323 = CARTESIAN_POINT('',(0.,-2.1));
#15324 = VECTOR('',#15325,1.);
#15325 = DIRECTION('',(1.,0.));
#15326 = ( GEOMETRIC_REPRESENTATION_CONTEXT(2) 
PARAMETRIC_REPRESENTATION_CONTEXT() REPRESENTATION_CONTEXT('2D SPACE',''
  ) );
#15327 = PCURVE('',#15328,#15333);
#15328 = PLANE('',#15329);
#15329 = AXIS2_PLACEMENT_3D('',#15330,#15331,#15332);
#15330 = CARTESIAN_POINT('',(-207.,26.,63.5));
#15331 = DIRECTION('',(1.,0.,0.));
#15332 = DIRECTION('',(-0.,0.,1.));
#15333 = DEFINITIONAL_REPRESENTATION('',(#15334),#15338);
#15334 = LINE('',#15335,#15336);
#15335 = CARTESIAN_POINT('',(-2.5,-1.443375672974));
#15336 = VECTOR('',#15337,1.);
#15337 = DIRECTION('',(0.866025403784,-0.5));
#15338 = ( GEOMETRIC_REPRESENTATION_CONTEXT(2) 
PARAMETRIC_REPRESENTATION_CONTEXT() REPRESENTATION_CONTEXT('2D SPACE',''
  ) );
#15339 = ORIENTED_EDGE('',*,*,#15340,.F.);
#15340 = EDGE_CURVE('',#15093,#15313,#15341,.T.);
#15341 = SURFACE_CURVE('',#15342,(#15346,#15353),.PCURVE_S1.);
#15342 = LINE('',#15343,#15344);
#15343 = CARTESIAN_POINT('',(-209.1,28.886751345948,63.5));
#15344 = VECTOR('',#15345,1.);
#15345 = DIRECTION('',(1.,0.,0.));
#15346 = PCURVE('',#15107,#15347);
#15347 = DEFINITIONAL_REPRESENTATION('',(#15348),#15352);
#15348 = LINE('',#15349,#15350);
#15349 = CARTESIAN_POINT('',(2.886751345948,0.));
#15350 = VECTOR('',#15351,1.);
#15351 = DIRECTION('',(0.,-1.));
#15352 = ( GEOMETRIC_REPRESENTATION_CONTEXT(2) 
PARAMETRIC_REPRESENTATION_CONTEXT() REPRESENTATION_CONTEXT('2D SPACE',''
  ) );
#15353 = PCURVE('',#15133,#15354);
#15354 = DEFINITIONAL_REPRESENTATION('',(#15355),#15359);
#15355 = LINE('',#15356,#15357);
#15356 = CARTESIAN_POINT('',(0.,0.));
#15357 = VECTOR('',#15358,1.);
#15358 = DIRECTION('',(0.,-1.));
#15359 = ( GEOMETRIC_REPRESENTATION_CONTEXT(2) 
PARAMETRIC_REPRESENTATION_CONTEXT() REPRESENTATION_CONTEXT('2D SPACE',''
  ) );
#15360 = ADVANCED_FACE('',(#15361),#15235,.T.);
#15361 = FACE_BOUND('',#15362,.T.);
#15362 = EDGE_LOOP('',(#15363,#15364,#15387,#15408));
#15363 = ORIENTED_EDGE('',*,*,#15222,.F.);
#15364 = ORIENTED_EDGE('',*,*,#15365,.T.);
#15365 = EDGE_CURVE('',#15197,#15366,#15368,.T.);
#15366 = VERTEX_POINT('',#15367);
#15367 = CARTESIAN_POINT('',(-207.,24.556624327026,61.));
#15368 = SURFACE_CURVE('',#15369,(#15373,#15380),.PCURVE_S1.);
#15369 = LINE('',#15370,#15371);
#15370 = CARTESIAN_POINT('',(-209.1,24.556624327026,61.));
#15371 = VECTOR('',#15372,1.);
#15372 = DIRECTION('',(1.,0.,0.));
#15373 = PCURVE('',#15235,#15374);
#15374 = DEFINITIONAL_REPRESENTATION('',(#15375),#15379);
#15375 = LINE('',#15376,#15377);
#15376 = CARTESIAN_POINT('',(0.,0.));
#15377 = VECTOR('',#15378,1.);
#15378 = DIRECTION('',(0.,-1.));
#15379 = ( GEOMETRIC_REPRESENTATION_CONTEXT(2) 
PARAMETRIC_REPRESENTATION_CONTEXT() REPRESENTATION_CONTEXT('2D SPACE',''
  ) );
#15380 = PCURVE('',#15211,#15381);
#15381 = DEFINITIONAL_REPRESENTATION('',(#15382),#15386);
#15382 = LINE('',#15383,#15384);
#15383 = CARTESIAN_POINT('',(2.886751345948,0.));
#15384 = VECTOR('',#15385,1.);
#15385 = DIRECTION('',(0.,-1.));
#15386 = ( GEOMETRIC_REPRESENTATION_CONTEXT(2) 
PARAMETRIC_REPRESENTATION_CONTEXT() REPRESENTATION_CONTEXT('2D SPACE',''
  ) );
#15387 = ORIENTED_EDGE('',*,*,#15388,.T.);
#15388 = EDGE_CURVE('',#15366,#15290,#15389,.T.);
#15389 = SURFACE_CURVE('',#15390,(#15394,#15401),.PCURVE_S1.);
#15390 = LINE('',#15391,#15392);
#15391 = CARTESIAN_POINT('',(-207.,24.556624327026,61.));
#15392 = VECTOR('',#15393,1.);
#15393 = DIRECTION('',(0.,1.,-6.153480596427E-16));
#15394 = PCURVE('',#15235,#15395);
#15395 = DEFINITIONAL_REPRESENTATION('',(#15396),#15400);
#15396 = LINE('',#15397,#15398);
#15397 = CARTESIAN_POINT('',(0.,-2.1));
#15398 = VECTOR('',#15399,1.);
#15399 = DIRECTION('',(1.,0.));
#15400 = ( GEOMETRIC_REPRESENTATION_CONTEXT(2) 
PARAMETRIC_REPRESENTATION_CONTEXT() REPRESENTATION_CONTEXT('2D SPACE',''
  ) );
#15401 = PCURVE('',#15328,#15402);
#15402 = DEFINITIONAL_REPRESENTATION('',(#15403),#15407);
#15403 = LINE('',#15404,#15405);
#15404 = CARTESIAN_POINT('',(-2.5,1.443375672974));
#15405 = VECTOR('',#15406,1.);
#15406 = DIRECTION('',(-6.153480596427E-16,-1.));
#15407 = ( GEOMETRIC_REPRESENTATION_CONTEXT(2) 
PARAMETRIC_REPRESENTATION_CONTEXT() REPRESENTATION_CONTEXT('2D SPACE',''
  ) );
#15408 = ORIENTED_EDGE('',*,*,#15289,.F.);
#15409 = ADVANCED_FACE('',(#15410),#15211,.T.);
#15410 = FACE_BOUND('',#15411,.T.);
#15411 = EDGE_LOOP('',(#15412,#15413,#15436,#15457));
#15412 = ORIENTED_EDGE('',*,*,#15196,.F.);
#15413 = ORIENTED_EDGE('',*,*,#15414,.T.);
#15414 = EDGE_CURVE('',#15171,#15415,#15417,.T.);
#15415 = VERTEX_POINT('',#15416);
#15416 = CARTESIAN_POINT('',(-207.,23.113248654052,63.5));
#15417 = SURFACE_CURVE('',#15418,(#15422,#15429),.PCURVE_S1.);
#15418 = LINE('',#15419,#15420);
#15419 = CARTESIAN_POINT('',(-209.1,23.113248654052,63.5));
#15420 = VECTOR('',#15421,1.);
#15421 = DIRECTION('',(1.,0.,0.));
#15422 = PCURVE('',#15211,#15423);
#15423 = DEFINITIONAL_REPRESENTATION('',(#15424),#15428);
#15424 = LINE('',#15425,#15426);
#15425 = CARTESIAN_POINT('',(0.,0.));
#15426 = VECTOR('',#15427,1.);
#15427 = DIRECTION('',(0.,-1.));
#15428 = ( GEOMETRIC_REPRESENTATION_CONTEXT(2) 
PARAMETRIC_REPRESENTATION_CONTEXT() REPRESENTATION_CONTEXT('2D SPACE',''
  ) );
#15429 = PCURVE('',#15185,#15430);
#15430 = DEFINITIONAL_REPRESENTATION('',(#15431),#15435);
#15431 = LINE('',#15432,#15433);
#15432 = CARTESIAN_POINT('',(2.886751345948,0.));
#15433 = VECTOR('',#15434,1.);
#15434 = DIRECTION('',(0.,-1.));
#15435 = ( GEOMETRIC_REPRESENTATION_CONTEXT(2) 
PARAMETRIC_REPRESENTATION_CONTEXT() REPRESENTATION_CONTEXT('2D SPACE',''
  ) );
#15436 = ORIENTED_EDGE('',*,*,#15437,.T.);
#15437 = EDGE_CURVE('',#15415,#15366,#15438,.T.);
#15438 = SURFACE_CURVE('',#15439,(#15443,#15450),.PCURVE_S1.);
#15439 = LINE('',#15440,#15441);
#15440 = CARTESIAN_POINT('',(-207.,23.113248654052,63.5));
#15441 = VECTOR('',#15442,1.);
#15442 = DIRECTION('',(0.,0.5,-0.866025403784));
#15443 = PCURVE('',#15211,#15444);
#15444 = DEFINITIONAL_REPRESENTATION('',(#15445),#15449);
#15445 = LINE('',#15446,#15447);
#15446 = CARTESIAN_POINT('',(0.,-2.1));
#15447 = VECTOR('',#15448,1.);
#15448 = DIRECTION('',(1.,0.));
#15449 = ( GEOMETRIC_REPRESENTATION_CONTEXT(2) 
PARAMETRIC_REPRESENTATION_CONTEXT() REPRESENTATION_CONTEXT('2D SPACE',''
  ) );
#15450 = PCURVE('',#15328,#15451);
#15451 = DEFINITIONAL_REPRESENTATION('',(#15452),#15456);
#15452 = LINE('',#15453,#15454);
#15453 = CARTESIAN_POINT('',(0.,2.886751345948));
#15454 = VECTOR('',#15455,1.);
#15455 = DIRECTION('',(-0.866025403784,-0.5));
#15456 = ( GEOMETRIC_REPRESENTATION_CONTEXT(2) 
PARAMETRIC_REPRESENTATION_CONTEXT() REPRESENTATION_CONTEXT('2D SPACE',''
  ) );
#15457 = ORIENTED_EDGE('',*,*,#15365,.F.);
#15458 = ADVANCED_FACE('',(#15459),#15185,.T.);
#15459 = FACE_BOUND('',#15460,.T.);
#15460 = EDGE_LOOP('',(#15461,#15462,#15485,#15506));
#15461 = ORIENTED_EDGE('',*,*,#15170,.F.);
#15462 = ORIENTED_EDGE('',*,*,#15463,.T.);
#15463 = EDGE_CURVE('',#15145,#15464,#15466,.T.);
#15464 = VERTEX_POINT('',#15465);
#15465 = CARTESIAN_POINT('',(-207.,24.556624327026,66.));
#15466 = SURFACE_CURVE('',#15467,(#15471,#15478),.PCURVE_S1.);
#15467 = LINE('',#15468,#15469);
#15468 = CARTESIAN_POINT('',(-209.1,24.556624327026,66.));
#15469 = VECTOR('',#15470,1.);
#15470 = DIRECTION('',(1.,0.,0.));
#15471 = PCURVE('',#15185,#15472);
#15472 = DEFINITIONAL_REPRESENTATION('',(#15473),#15477);
#15473 = LINE('',#15474,#15475);
#15474 = CARTESIAN_POINT('',(0.,0.));
#15475 = VECTOR('',#15476,1.);
#15476 = DIRECTION('',(0.,-1.));
#15477 = ( GEOMETRIC_REPRESENTATION_CONTEXT(2) 
PARAMETRIC_REPRESENTATION_CONTEXT() REPRESENTATION_CONTEXT('2D SPACE',''
  ) );
#15478 = PCURVE('',#15159,#15479);
#15479 = DEFINITIONAL_REPRESENTATION('',(#15480),#15484);
#15480 = LINE('',#15481,#15482);
#15481 = CARTESIAN_POINT('',(2.886751345948,0.));
#15482 = VECTOR('',#15483,1.);
#15483 = DIRECTION('',(0.,-1.));
#15484 = ( GEOMETRIC_REPRESENTATION_CONTEXT(2) 
PARAMETRIC_REPRESENTATION_CONTEXT() REPRESENTATION_CONTEXT('2D SPACE',''
  ) );
#15485 = ORIENTED_EDGE('',*,*,#15486,.T.);
#15486 = EDGE_CURVE('',#15464,#15415,#15487,.T.);
#15487 = SURFACE_CURVE('',#15488,(#15492,#15499),.PCURVE_S1.);
#15488 = LINE('',#15489,#15490);
#15489 = CARTESIAN_POINT('',(-207.,24.556624327026,66.));
#15490 = VECTOR('',#15491,1.);
#15491 = DIRECTION('',(0.,-0.5,-0.866025403784));
#15492 = PCURVE('',#15185,#15493);
#15493 = DEFINITIONAL_REPRESENTATION('',(#15494),#15498);
#15494 = LINE('',#15495,#15496);
#15495 = CARTESIAN_POINT('',(0.,-2.1));
#15496 = VECTOR('',#15497,1.);
#15497 = DIRECTION('',(1.,0.));
#15498 = ( GEOMETRIC_REPRESENTATION_CONTEXT(2) 
PARAMETRIC_REPRESENTATION_CONTEXT() REPRESENTATION_CONTEXT('2D SPACE',''
  ) );
#15499 = PCURVE('',#15328,#15500);
#15500 = DEFINITIONAL_REPRESENTATION('',(#15501),#15505);
#15501 = LINE('',#15502,#15503);
#15502 = CARTESIAN_POINT('',(2.5,1.443375672974));
#15503 = VECTOR('',#15504,1.);
#15504 = DIRECTION('',(-0.866025403784,0.5));
#15505 = ( GEOMETRIC_REPRESENTATION_CONTEXT(2) 
PARAMETRIC_REPRESENTATION_CONTEXT() REPRESENTATION_CONTEXT('2D SPACE',''
  ) );
#15506 = ORIENTED_EDGE('',*,*,#15414,.F.);
#15507 = ADVANCED_FACE('',(#15508),#15159,.T.);
#15508 = FACE_BOUND('',#15509,.T.);
#15509 = EDGE_LOOP('',(#15510,#15511,#15534,#15555));
#15510 = ORIENTED_EDGE('',*,*,#15144,.F.);
#15511 = ORIENTED_EDGE('',*,*,#15512,.T.);
#15512 = EDGE_CURVE('',#15119,#15513,#15515,.T.);
#15513 = VERTEX_POINT('',#15514);
#15514 = CARTESIAN_POINT('',(-207.,27.443375672974,66.));
#15515 = SURFACE_CURVE('',#15516,(#15520,#15527),.PCURVE_S1.);
#15516 = LINE('',#15517,#15518);
#15517 = CARTESIAN_POINT('',(-209.1,27.443375672974,66.));
#15518 = VECTOR('',#15519,1.);
#15519 = DIRECTION('',(1.,0.,0.));
#15520 = PCURVE('',#15159,#15521);
#15521 = DEFINITIONAL_REPRESENTATION('',(#15522),#15526);
#15522 = LINE('',#15523,#15524);
#15523 = CARTESIAN_POINT('',(0.,0.));
#15524 = VECTOR('',#15525,1.);
#15525 = DIRECTION('',(0.,-1.));
#15526 = ( GEOMETRIC_REPRESENTATION_CONTEXT(2) 
PARAMETRIC_REPRESENTATION_CONTEXT() REPRESENTATION_CONTEXT('2D SPACE',''
  ) );
#15527 = PCURVE('',#15133,#15528);
#15528 = DEFINITIONAL_REPRESENTATION('',(#15529),#15533);
#15529 = LINE('',#15530,#15531);
#15530 = CARTESIAN_POINT('',(2.886751345948,0.));
#15531 = VECTOR('',#15532,1.);
#15532 = DIRECTION('',(0.,-1.));
#15533 = ( GEOMETRIC_REPRESENTATION_CONTEXT(2) 
PARAMETRIC_REPRESENTATION_CONTEXT() REPRESENTATION_CONTEXT('2D SPACE',''
  ) );
#15534 = ORIENTED_EDGE('',*,*,#15535,.T.);
#15535 = EDGE_CURVE('',#15513,#15464,#15536,.T.);
#15536 = SURFACE_CURVE('',#15537,(#15541,#15548),.PCURVE_S1.);
#15537 = LINE('',#15538,#15539);
#15538 = CARTESIAN_POINT('',(-207.,27.443375672974,66.));
#15539 = VECTOR('',#15540,1.);
#15540 = DIRECTION('',(0.,-1.,1.538370149107E-16));
#15541 = PCURVE('',#15159,#15542);
#15542 = DEFINITIONAL_REPRESENTATION('',(#15543),#15547);
#15543 = LINE('',#15544,#15545);
#15544 = CARTESIAN_POINT('',(0.,-2.1));
#15545 = VECTOR('',#15546,1.);
#15546 = DIRECTION('',(1.,0.));
#15547 = ( GEOMETRIC_REPRESENTATION_CONTEXT(2) 
PARAMETRIC_REPRESENTATION_CONTEXT() REPRESENTATION_CONTEXT('2D SPACE',''
  ) );
#15548 = PCURVE('',#15328,#15549);
#15549 = DEFINITIONAL_REPRESENTATION('',(#15550),#15554);
#15550 = LINE('',#15551,#15552);
#15551 = CARTESIAN_POINT('',(2.5,-1.443375672974));
#15552 = VECTOR('',#15553,1.);
#15553 = DIRECTION('',(1.538370149107E-16,1.));
#15554 = ( GEOMETRIC_REPRESENTATION_CONTEXT(2) 
PARAMETRIC_REPRESENTATION_CONTEXT() REPRESENTATION_CONTEXT('2D SPACE',''
  ) );
#15555 = ORIENTED_EDGE('',*,*,#15463,.F.);
#15556 = ADVANCED_FACE('',(#15557),#15133,.T.);
#15557 = FACE_BOUND('',#15558,.T.);
#15558 = EDGE_LOOP('',(#15559,#15560,#15561,#15582));
#15559 = ORIENTED_EDGE('',*,*,#15118,.F.);
#15560 = ORIENTED_EDGE('',*,*,#15340,.T.);
#15561 = ORIENTED_EDGE('',*,*,#15562,.T.);
#15562 = EDGE_CURVE('',#15313,#15513,#15563,.T.);
#15563 = SURFACE_CURVE('',#15564,(#15568,#15575),.PCURVE_S1.);
#15564 = LINE('',#15565,#15566);
#15565 = CARTESIAN_POINT('',(-207.,28.886751345948,63.5));
#15566 = VECTOR('',#15567,1.);
#15567 = DIRECTION('',(0.,-0.5,0.866025403784));
#15568 = PCURVE('',#15133,#15569);
#15569 = DEFINITIONAL_REPRESENTATION('',(#15570),#15574);
#15570 = LINE('',#15571,#15572);
#15571 = CARTESIAN_POINT('',(0.,-2.1));
#15572 = VECTOR('',#15573,1.);
#15573 = DIRECTION('',(1.,0.));
#15574 = ( GEOMETRIC_REPRESENTATION_CONTEXT(2) 
PARAMETRIC_REPRESENTATION_CONTEXT() REPRESENTATION_CONTEXT('2D SPACE',''
  ) );
#15575 = PCURVE('',#15328,#15576);
#15576 = DEFINITIONAL_REPRESENTATION('',(#15577),#15581);
#15577 = LINE('',#15578,#15579);
#15578 = CARTESIAN_POINT('',(0.,-2.886751345948));
#15579 = VECTOR('',#15580,1.);
#15580 = DIRECTION('',(0.866025403784,0.5));
#15581 = ( GEOMETRIC_REPRESENTATION_CONTEXT(2) 
PARAMETRIC_REPRESENTATION_CONTEXT() REPRESENTATION_CONTEXT('2D SPACE',''
  ) );
#15582 = ORIENTED_EDGE('',*,*,#15512,.F.);
#15583 = ADVANCED_FACE('',(#15584),#15273,.T.);
#15584 = FACE_BOUND('',#15585,.T.);
#15585 = EDGE_LOOP('',(#15586,#15615,#15636,#15637));
#15586 = ORIENTED_EDGE('',*,*,#15587,.F.);
#15587 = EDGE_CURVE('',#15588,#15588,#15590,.T.);
#15588 = VERTEX_POINT('',#15589);
#15589 = CARTESIAN_POINT('',(-200.,26.,69.4));
#15590 = SURFACE_CURVE('',#15591,(#15596,#15603),.PCURVE_S1.);
#15591 = CIRCLE('',#15592,5.9);
#15592 = AXIS2_PLACEMENT_3D('',#15593,#15594,#15595);
#15593 = CARTESIAN_POINT('',(-200.,26.,63.5));
#15594 = DIRECTION('',(1.,0.,0.));
#15595 = DIRECTION('',(-0.,0.,1.));
#15596 = PCURVE('',#15273,#15597);
#15597 = DEFINITIONAL_REPRESENTATION('',(#15598),#15602);
#15598 = LINE('',#15599,#15600);
#15599 = CARTESIAN_POINT('',(0.,5.));
#15600 = VECTOR('',#15601,1.);
#15601 = DIRECTION('',(1.,0.));
#15602 = ( GEOMETRIC_REPRESENTATION_CONTEXT(2) 
PARAMETRIC_REPRESENTATION_CONTEXT() REPRESENTATION_CONTEXT('2D SPACE',''
  ) );
#15603 = PCURVE('',#15604,#15609);
#15604 = PLANE('',#15605);
#15605 = AXIS2_PLACEMENT_3D('',#15606,#15607,#15608);
#15606 = CARTESIAN_POINT('',(-200.,26.,63.5));
#15607 = DIRECTION('',(1.,0.,0.));
#15608 = DIRECTION('',(-0.,0.,1.));
#15609 = DEFINITIONAL_REPRESENTATION('',(#15610),#15614);
#15610 = CIRCLE('',#15611,5.9);
#15611 = AXIS2_PLACEMENT_2D('',#15612,#15613);
#15612 = CARTESIAN_POINT('',(0.,0.));
#15613 = DIRECTION('',(1.,0.));
#15614 = ( GEOMETRIC_REPRESENTATION_CONTEXT(2) 
PARAMETRIC_REPRESENTATION_CONTEXT() REPRESENTATION_CONTEXT('2D SPACE',''
  ) );
#15615 = ORIENTED_EDGE('',*,*,#15616,.F.);
#15616 = EDGE_CURVE('',#15253,#15588,#15617,.T.);
#15617 = SEAM_CURVE('',#15618,(#15622,#15629),.PCURVE_S1.);
#15618 = LINE('',#15619,#15620);
#15619 = CARTESIAN_POINT('',(-205.,26.,69.4));
#15620 = VECTOR('',#15621,1.);
#15621 = DIRECTION('',(1.,0.,0.));
#15622 = PCURVE('',#15273,#15623);
#15623 = DEFINITIONAL_REPRESENTATION('',(#15624),#15628);
#15624 = LINE('',#15625,#15626);
#15625 = CARTESIAN_POINT('',(6.28318530718,-0.));
#15626 = VECTOR('',#15627,1.);
#15627 = DIRECTION('',(0.,1.));
#15628 = ( GEOMETRIC_REPRESENTATION_CONTEXT(2) 
PARAMETRIC_REPRESENTATION_CONTEXT() REPRESENTATION_CONTEXT('2D SPACE',''
  ) );
#15629 = PCURVE('',#15273,#15630);
#15630 = DEFINITIONAL_REPRESENTATION('',(#15631),#15635);
#15631 = LINE('',#15632,#15633);
#15632 = CARTESIAN_POINT('',(0.,-0.));
#15633 = VECTOR('',#15634,1.);
#15634 = DIRECTION('',(0.,1.));
#15635 = ( GEOMETRIC_REPRESENTATION_CONTEXT(2) 
PARAMETRIC_REPRESENTATION_CONTEXT() REPRESENTATION_CONTEXT('2D SPACE',''
  ) );
#15636 = ORIENTED_EDGE('',*,*,#15252,.T.);
#15637 = ORIENTED_EDGE('',*,*,#15616,.T.);
#15638 = ADVANCED_FACE('',(#15639),#15328,.F.);
#15639 = FACE_BOUND('',#15640,.F.);
#15640 = EDGE_LOOP('',(#15641,#15642,#15643,#15644,#15645,#15646));
#15641 = ORIENTED_EDGE('',*,*,#15562,.T.);
#15642 = ORIENTED_EDGE('',*,*,#15535,.T.);
#15643 = ORIENTED_EDGE('',*,*,#15486,.T.);
#15644 = ORIENTED_EDGE('',*,*,#15437,.T.);
#15645 = ORIENTED_EDGE('',*,*,#15388,.T.);
#15646 = ORIENTED_EDGE('',*,*,#15312,.T.);
#15647 = ADVANCED_FACE('',(#15648),#15604,.T.);
#15648 = FACE_BOUND('',#15649,.T.);
#15649 = EDGE_LOOP('',(#15650));
#15650 = ORIENTED_EDGE('',*,*,#15587,.T.);
#15651 = ( GEOMETRIC_REPRESENTATION_CONTEXT(3) 
GLOBAL_UNCERTAINTY_ASSIGNED_CONTEXT((#15655)) 
GLOBAL_UNIT_ASSIGNED_CONTEXT((#15652,#15653,#15654)) 
REPRESENTATION_CONTEXT('Context #1',
  '3D Context with UNIT and UNCERTAINTY') );
#15652 = ( LENGTH_UNIT() NAMED_UNIT(*) SI_UNIT(.MILLI.,.METRE.) );
#15653 = ( NAMED_UNIT(*) PLANE_ANGLE_UNIT() SI_UNIT($,.RADIAN.) );
#15654 = ( NAMED_UNIT(*) SI_UNIT($,.STERADIAN.) SOLID_ANGLE_UNIT() );
#15655 = UNCERTAINTY_MEASURE_WITH_UNIT(LENGTH_MEASURE(1.E-07),#15652,
  'distance_accuracy_value','confusion accuracy');
#15656 = CONTEXT_DEPENDENT_SHAPE_REPRESENTATION(#15657,#15659);
#15657 = ( REPRESENTATION_RELATIONSHIP('','',#14992,#10) 
REPRESENTATION_RELATIONSHIP_WITH_TRANSFORMATION(#15658) 
SHAPE_REPRESENTATION_RELATIONSHIP() );
#15658 = ITEM_DEFINED_TRANSFORMATION('','',#11,#31);
#15659 = PRODUCT_DEFINITION_SHAPE('Placement','Placement of an item',
  #15660);
#15660 = NEXT_ASSEMBLY_USAGE_OCCURRENCE('5','REFERENCE_side_plug_3','',
  #5,#14987,$);
#15661 = PRODUCT_RELATED_PRODUCT_CATEGORY('part',$,(#14989));
#15662 = SHAPE_DEFINITION_REPRESENTATION(#15663,#15669);
#15663 = PRODUCT_DEFINITION_SHAPE('','',#15664);
#15664 = PRODUCT_DEFINITION('design','',#15665,#15668);
#15665 = PRODUCT_DEFINITION_FORMATION('','',#15666);
#15666 = PRODUCT('REFERENCE_side_plug_4','REFERENCE_side_plug_4','',(
    #15667));
#15667 = PRODUCT_CONTEXT('',#2,'mechanical');
#15668 = PRODUCT_DEFINITION_CONTEXT('part definition',#2,'design');
#15669 = ADVANCED_BREP_SHAPE_REPRESENTATION('',(#11,#15670),#16328);
#15670 = MANIFOLD_SOLID_BREP('',#15671);
#15671 = CLOSED_SHELL('',(#15672,#15760,#15922,#15961,#16037,#16086,
    #16135,#16184,#16233,#16260,#16315,#16324));
#15672 = ADVANCED_FACE('',(#15673),#15686,.T.);
#15673 = FACE_BOUND('',#15674,.T.);
#15674 = EDGE_LOOP('',(#15675,#15709,#15732,#15759));
#15675 = ORIENTED_EDGE('',*,*,#15676,.F.);
#15676 = EDGE_CURVE('',#15677,#15677,#15679,.T.);
#15677 = VERTEX_POINT('',#15678);
#15678 = CARTESIAN_POINT('',(209.,26.,73.5));
#15679 = SURFACE_CURVE('',#15680,(#15685,#15697),.PCURVE_S1.);
#15680 = CIRCLE('',#15681,10.);
#15681 = AXIS2_PLACEMENT_3D('',#15682,#15683,#15684);
#15682 = CARTESIAN_POINT('',(209.,26.,63.5));
#15683 = DIRECTION('',(1.,0.,0.));
#15684 = DIRECTION('',(-0.,0.,1.));
#15685 = PCURVE('',#15686,#15691);
#15686 = CYLINDRICAL_SURFACE('',#15687,10.);
#15687 = AXIS2_PLACEMENT_3D('',#15688,#15689,#15690);
#15688 = CARTESIAN_POINT('',(205.,26.,63.5));
#15689 = DIRECTION('',(1.,0.,0.));
#15690 = DIRECTION('',(-0.,0.,1.));
#15691 = DEFINITIONAL_REPRESENTATION('',(#15692),#15696);
#15692 = LINE('',#15693,#15694);
#15693 = CARTESIAN_POINT('',(0.,4.));
#15694 = VECTOR('',#15695,1.);
#15695 = DIRECTION('',(1.,0.));
#15696 = ( GEOMETRIC_REPRESENTATION_CONTEXT(2) 
PARAMETRIC_REPRESENTATION_CONTEXT() REPRESENTATION_CONTEXT('2D SPACE',''
  ) );
#15697 = PCURVE('',#15698,#15703);
#15698 = PLANE('',#15699);
#15699 = AXIS2_PLACEMENT_3D('',#15700,#15701,#15702);
#15700 = CARTESIAN_POINT('',(209.,26.,63.5));
#15701 = DIRECTION('',(1.,0.,0.));
#15702 = DIRECTION('',(-0.,0.,1.));
#15703 = DEFINITIONAL_REPRESENTATION('',(#15704),#15708);
#15704 = CIRCLE('',#15705,10.);
#15705 = AXIS2_PLACEMENT_2D('',#15706,#15707);
#15706 = CARTESIAN_POINT('',(0.,0.));
#15707 = DIRECTION('',(1.,0.));
#15708 = ( GEOMETRIC_REPRESENTATION_CONTEXT(2) 
PARAMETRIC_REPRESENTATION_CONTEXT() REPRESENTATION_CONTEXT('2D SPACE',''
  ) );
#15709 = ORIENTED_EDGE('',*,*,#15710,.F.);
#15710 = EDGE_CURVE('',#15711,#15677,#15713,.T.);
#15711 = VERTEX_POINT('',#15712);
#15712 = CARTESIAN_POINT('',(205.,26.,73.5));
#15713 = SEAM_CURVE('',#15714,(#15718,#15725),.PCURVE_S1.);
#15714 = LINE('',#15715,#15716);
#15715 = CARTESIAN_POINT('',(205.,26.,73.5));
#15716 = VECTOR('',#15717,1.);
#15717 = DIRECTION('',(1.,0.,0.));
#15718 = PCURVE('',#15686,#15719);
#15719 = DEFINITIONAL_REPRESENTATION('',(#15720),#15724);
#15720 = LINE('',#15721,#15722);
#15721 = CARTESIAN_POINT('',(6.28318530718,-0.));
#15722 = VECTOR('',#15723,1.);
#15723 = DIRECTION('',(0.,1.));
#15724 = ( GEOMETRIC_REPRESENTATION_CONTEXT(2) 
PARAMETRIC_REPRESENTATION_CONTEXT() REPRESENTATION_CONTEXT('2D SPACE',''
  ) );
#15725 = PCURVE('',#15686,#15726);
#15726 = DEFINITIONAL_REPRESENTATION('',(#15727),#15731);
#15727 = LINE('',#15728,#15729);
#15728 = CARTESIAN_POINT('',(0.,-0.));
#15729 = VECTOR('',#15730,1.);
#15730 = DIRECTION('',(0.,1.));
#15731 = ( GEOMETRIC_REPRESENTATION_CONTEXT(2) 
PARAMETRIC_REPRESENTATION_CONTEXT() REPRESENTATION_CONTEXT('2D SPACE',''
  ) );
#15732 = ORIENTED_EDGE('',*,*,#15733,.T.);
#15733 = EDGE_CURVE('',#15711,#15711,#15734,.T.);
#15734 = SURFACE_CURVE('',#15735,(#15740,#15747),.PCURVE_S1.);
#15735 = CIRCLE('',#15736,10.);
#15736 = AXIS2_PLACEMENT_3D('',#15737,#15738,#15739);
#15737 = CARTESIAN_POINT('',(205.,26.,63.5));
#15738 = DIRECTION('',(1.,0.,0.));
#15739 = DIRECTION('',(-0.,0.,1.));
#15740 = PCURVE('',#15686,#15741);
#15741 = DEFINITIONAL_REPRESENTATION('',(#15742),#15746);
#15742 = LINE('',#15743,#15744);
#15743 = CARTESIAN_POINT('',(0.,0.));
#15744 = VECTOR('',#15745,1.);
#15745 = DIRECTION('',(1.,0.));
#15746 = ( GEOMETRIC_REPRESENTATION_CONTEXT(2) 
PARAMETRIC_REPRESENTATION_CONTEXT() REPRESENTATION_CONTEXT('2D SPACE',''
  ) );
#15747 = PCURVE('',#15748,#15753);
#15748 = PLANE('',#15749);
#15749 = AXIS2_PLACEMENT_3D('',#15750,#15751,#15752);
#15750 = CARTESIAN_POINT('',(205.,26.,63.5));
#15751 = DIRECTION('',(1.,0.,0.));
#15752 = DIRECTION('',(-0.,0.,1.));
#15753 = DEFINITIONAL_REPRESENTATION('',(#15754),#15758);
#15754 = CIRCLE('',#15755,10.);
#15755 = AXIS2_PLACEMENT_2D('',#15756,#15757);
#15756 = CARTESIAN_POINT('',(0.,0.));
#15757 = DIRECTION('',(1.,0.));
#15758 = ( GEOMETRIC_REPRESENTATION_CONTEXT(2) 
PARAMETRIC_REPRESENTATION_CONTEXT() REPRESENTATION_CONTEXT('2D SPACE',''
  ) );
#15759 = ORIENTED_EDGE('',*,*,#15710,.T.);
#15760 = ADVANCED_FACE('',(#15761,#15764),#15698,.T.);
#15761 = FACE_BOUND('',#15762,.T.);
#15762 = EDGE_LOOP('',(#15763));
#15763 = ORIENTED_EDGE('',*,*,#15676,.T.);
#15764 = FACE_BOUND('',#15765,.T.);
#15765 = EDGE_LOOP('',(#15766,#15794,#15820,#15846,#15872,#15898));
#15766 = ORIENTED_EDGE('',*,*,#15767,.F.);
#15767 = EDGE_CURVE('',#15768,#15770,#15772,.T.);
#15768 = VERTEX_POINT('',#15769);
#15769 = CARTESIAN_POINT('',(209.,28.886751345948,63.5));
#15770 = VERTEX_POINT('',#15771);
#15771 = CARTESIAN_POINT('',(209.,27.443375672974,66.));
#15772 = SURFACE_CURVE('',#15773,(#15777,#15783),.PCURVE_S1.);
#15773 = LINE('',#15774,#15775);
#15774 = CARTESIAN_POINT('',(209.,28.525907427705,64.125));
#15775 = VECTOR('',#15776,1.);
#15776 = DIRECTION('',(0.,-0.5,0.866025403784));
#15777 = PCURVE('',#15698,#15778);
#15778 = DEFINITIONAL_REPRESENTATION('',(#15779),#15782);
#15779 = B_SPLINE_CURVE_WITH_KNOTS('',1,(#15780,#15781),.UNSPECIFIED.,
  .F.,.F.,(2,2),(-0.721687836487,2.165063509461),
  .PIECEWISE_BEZIER_KNOTS.);
#15780 = CARTESIAN_POINT('',(-7.768865376094E-16,-2.886751345948));
#15781 = CARTESIAN_POINT('',(2.5,-1.443375672974));
#15782 = ( GEOMETRIC_REPRESENTATION_CONTEXT(2) 
PARAMETRIC_REPRESENTATION_CONTEXT() REPRESENTATION_CONTEXT('2D SPACE',''
  ) );
#15783 = PCURVE('',#15784,#15789);
#15784 = PLANE('',#15785);
#15785 = AXIS2_PLACEMENT_3D('',#15786,#15787,#15788);
#15786 = CARTESIAN_POINT('',(209.1,28.886751345948,63.5));
#15787 = DIRECTION('',(-0.,0.866025403784,0.5));
#15788 = DIRECTION('',(0.,-0.5,0.866025403784));
#15789 = DEFINITIONAL_REPRESENTATION('',(#15790),#15793);
#15790 = B_SPLINE_CURVE_WITH_KNOTS('',1,(#15791,#15792),.UNSPECIFIED.,
  .F.,.F.,(2,2),(-0.721687836487,2.165063509461),
  .PIECEWISE_BEZIER_KNOTS.);
#15791 = CARTESIAN_POINT('',(0.,-9.999999999999E-02));
#15792 = CARTESIAN_POINT('',(2.886751345948,-9.999999999999E-02));
#15793 = ( GEOMETRIC_REPRESENTATION_CONTEXT(2) 
PARAMETRIC_REPRESENTATION_CONTEXT() REPRESENTATION_CONTEXT('2D SPACE',''
  ) );
#15794 = ORIENTED_EDGE('',*,*,#15795,.F.);
#15795 = EDGE_CURVE('',#15796,#15768,#15798,.T.);
#15796 = VERTEX_POINT('',#15797);
#15797 = CARTESIAN_POINT('',(209.,27.443375672974,61.));
#15798 = SURFACE_CURVE('',#15799,(#15803,#15809),.PCURVE_S1.);
#15799 = LINE('',#15800,#15801);
#15800 = CARTESIAN_POINT('',(209.,27.804219591218,61.625));
#15801 = VECTOR('',#15802,1.);
#15802 = DIRECTION('',(-0.,0.5,0.866025403784));
#15803 = PCURVE('',#15698,#15804);
#15804 = DEFINITIONAL_REPRESENTATION('',(#15805),#15808);
#15805 = B_SPLINE_CURVE_WITH_KNOTS('',1,(#15806,#15807),.UNSPECIFIED.,
  .F.,.F.,(2,2),(-0.721687836487,2.165063509461),
  .PIECEWISE_BEZIER_KNOTS.);
#15806 = CARTESIAN_POINT('',(-2.5,-1.443375672974));
#15807 = CARTESIAN_POINT('',(5.99993195083E-16,-2.886751345948));
#15808 = ( GEOMETRIC_REPRESENTATION_CONTEXT(2) 
PARAMETRIC_REPRESENTATION_CONTEXT() REPRESENTATION_CONTEXT('2D SPACE',''
  ) );
#15809 = PCURVE('',#15810,#15815);
#15810 = PLANE('',#15811);
#15811 = AXIS2_PLACEMENT_3D('',#15812,#15813,#15814);
#15812 = CARTESIAN_POINT('',(209.1,27.443375672974,61.));
#15813 = DIRECTION('',(0.,0.866025403784,-0.5));
#15814 = DIRECTION('',(0.,0.5,0.866025403784));
#15815 = DEFINITIONAL_REPRESENTATION('',(#15816),#15819);
#15816 = B_SPLINE_CURVE_WITH_KNOTS('',1,(#15817,#15818),.UNSPECIFIED.,
  .F.,.F.,(2,2),(-0.721687836487,2.165063509461),
  .PIECEWISE_BEZIER_KNOTS.);
#15817 = CARTESIAN_POINT('',(0.,-9.999999999999E-02));
#15818 = CARTESIAN_POINT('',(2.886751345948,-9.999999999999E-02));
#15819 = ( GEOMETRIC_REPRESENTATION_CONTEXT(2) 
PARAMETRIC_REPRESENTATION_CONTEXT() REPRESENTATION_CONTEXT('2D SPACE',''
  ) );
#15820 = ORIENTED_EDGE('',*,*,#15821,.F.);
#15821 = EDGE_CURVE('',#15822,#15796,#15824,.T.);
#15822 = VERTEX_POINT('',#15823);
#15823 = CARTESIAN_POINT('',(209.,24.556624327026,61.));
#15824 = SURFACE_CURVE('',#15825,(#15829,#15835),.PCURVE_S1.);
#15825 = LINE('',#15826,#15827);
#15826 = CARTESIAN_POINT('',(209.,25.278312163513,61.));
#15827 = VECTOR('',#15828,1.);
#15828 = DIRECTION('',(0.,1.,-6.153480596427E-16));
#15829 = PCURVE('',#15698,#15830);
#15830 = DEFINITIONAL_REPRESENTATION('',(#15831),#15834);
#15831 = B_SPLINE_CURVE_WITH_KNOTS('',1,(#15832,#15833),.UNSPECIFIED.,
  .F.,.F.,(2,2),(-0.721687836487,2.165063509461),
  .PIECEWISE_BEZIER_KNOTS.);
#15832 = CARTESIAN_POINT('',(-2.5,1.443375672974));
#15833 = CARTESIAN_POINT('',(-2.5,-1.443375672974));
#15834 = ( GEOMETRIC_REPRESENTATION_CONTEXT(2) 
PARAMETRIC_REPRESENTATION_CONTEXT() REPRESENTATION_CONTEXT('2D SPACE',''
  ) );
#15835 = PCURVE('',#15836,#15841);
#15836 = PLANE('',#15837);
#15837 = AXIS2_PLACEMENT_3D('',#15838,#15839,#15840);
#15838 = CARTESIAN_POINT('',(209.1,24.556624327026,61.));
#15839 = DIRECTION('',(0.,-6.153480596427E-16,-1.));
#15840 = DIRECTION('',(0.,1.,-6.153480596427E-16));
#15841 = DEFINITIONAL_REPRESENTATION('',(#15842),#15845);
#15842 = B_SPLINE_CURVE_WITH_KNOTS('',1,(#15843,#15844),.UNSPECIFIED.,
  .F.,.F.,(2,2),(-0.721687836487,2.165063509461),
  .PIECEWISE_BEZIER_KNOTS.);
#15843 = CARTESIAN_POINT('',(0.,-9.999999999999E-02));
#15844 = CARTESIAN_POINT('',(2.886751345948,-9.999999999999E-02));
#15845 = ( GEOMETRIC_REPRESENTATION_CONTEXT(2) 
PARAMETRIC_REPRESENTATION_CONTEXT() REPRESENTATION_CONTEXT('2D SPACE',''
  ) );
#15846 = ORIENTED_EDGE('',*,*,#15847,.F.);
#15847 = EDGE_CURVE('',#15848,#15822,#15850,.T.);
#15848 = VERTEX_POINT('',#15849);
#15849 = CARTESIAN_POINT('',(209.,23.113248654052,63.5));
#15850 = SURFACE_CURVE('',#15851,(#15855,#15861),.PCURVE_S1.);
#15851 = LINE('',#15852,#15853);
#15852 = CARTESIAN_POINT('',(209.,23.474092572295,62.875));
#15853 = VECTOR('',#15854,1.);
#15854 = DIRECTION('',(0.,0.5,-0.866025403784));
#15855 = PCURVE('',#15698,#15856);
#15856 = DEFINITIONAL_REPRESENTATION('',(#15857),#15860);
#15857 = B_SPLINE_CURVE_WITH_KNOTS('',1,(#15858,#15859),.UNSPECIFIED.,
  .F.,.F.,(2,2),(-0.721687836487,2.165063509461),
  .PIECEWISE_BEZIER_KNOTS.);
#15858 = CARTESIAN_POINT('',(7.608618485562E-16,2.886751345948));
#15859 = CARTESIAN_POINT('',(-2.5,1.443375672974));
#15860 = ( GEOMETRIC_REPRESENTATION_CONTEXT(2) 
PARAMETRIC_REPRESENTATION_CONTEXT() REPRESENTATION_CONTEXT('2D SPACE',''
  ) );
#15861 = PCURVE('',#15862,#15867);
#15862 = PLANE('',#15863);
#15863 = AXIS2_PLACEMENT_3D('',#15864,#15865,#15866);
#15864 = CARTESIAN_POINT('',(209.1,23.113248654052,63.5));
#15865 = DIRECTION('',(0.,-0.866025403784,-0.5));
#15866 = DIRECTION('',(0.,0.5,-0.866025403784));
#15867 = DEFINITIONAL_REPRESENTATION('',(#15868),#15871);
#15868 = B_SPLINE_CURVE_WITH_KNOTS('',1,(#15869,#15870),.UNSPECIFIED.,
  .F.,.F.,(2,2),(-0.721687836487,2.165063509461),
  .PIECEWISE_BEZIER_KNOTS.);
#15869 = CARTESIAN_POINT('',(0.,-9.999999999999E-02));
#15870 = CARTESIAN_POINT('',(2.886751345948,-9.999999999999E-02));
#15871 = ( GEOMETRIC_REPRESENTATION_CONTEXT(2) 
PARAMETRIC_REPRESENTATION_CONTEXT() REPRESENTATION_CONTEXT('2D SPACE',''
  ) );
#15872 = ORIENTED_EDGE('',*,*,#15873,.F.);
#15873 = EDGE_CURVE('',#15874,#15848,#15876,.T.);
#15874 = VERTEX_POINT('',#15875);
#15875 = CARTESIAN_POINT('',(209.,24.556624327026,66.));
#15876 = SURFACE_CURVE('',#15877,(#15881,#15887),.PCURVE_S1.);
#15877 = LINE('',#15878,#15879);
#15878 = CARTESIAN_POINT('',(209.,24.195780408782,65.375));
#15879 = VECTOR('',#15880,1.);
#15880 = DIRECTION('',(0.,-0.5,-0.866025403784));
#15881 = PCURVE('',#15698,#15882);
#15882 = DEFINITIONAL_REPRESENTATION('',(#15883),#15886);
#15883 = B_SPLINE_CURVE_WITH_KNOTS('',1,(#15884,#15885),.UNSPECIFIED.,
  .F.,.F.,(2,2),(-0.721687836487,2.165063509461),
  .PIECEWISE_BEZIER_KNOTS.);
#15884 = CARTESIAN_POINT('',(2.5,1.443375672974));
#15885 = CARTESIAN_POINT('',(3.134140809492E-16,2.886751345948));
#15886 = ( GEOMETRIC_REPRESENTATION_CONTEXT(2) 
PARAMETRIC_REPRESENTATION_CONTEXT() REPRESENTATION_CONTEXT('2D SPACE',''
  ) );
#15887 = PCURVE('',#15888,#15893);
#15888 = PLANE('',#15889);
#15889 = AXIS2_PLACEMENT_3D('',#15890,#15891,#15892);
#15890 = CARTESIAN_POINT('',(209.1,24.556624327026,66.));
#15891 = DIRECTION('',(0.,-0.866025403784,0.5));
#15892 = DIRECTION('',(0.,-0.5,-0.866025403784));
#15893 = DEFINITIONAL_REPRESENTATION('',(#15894),#15897);
#15894 = B_SPLINE_CURVE_WITH_KNOTS('',1,(#15895,#15896),.UNSPECIFIED.,
  .F.,.F.,(2,2),(-0.721687836487,2.165063509461),
  .PIECEWISE_BEZIER_KNOTS.);
#15895 = CARTESIAN_POINT('',(0.,-9.999999999999E-02));
#15896 = CARTESIAN_POINT('',(2.886751345948,-9.999999999999E-02));
#15897 = ( GEOMETRIC_REPRESENTATION_CONTEXT(2) 
PARAMETRIC_REPRESENTATION_CONTEXT() REPRESENTATION_CONTEXT('2D SPACE',''
  ) );
#15898 = ORIENTED_EDGE('',*,*,#15899,.F.);
#15899 = EDGE_CURVE('',#15770,#15874,#15900,.T.);
#15900 = SURFACE_CURVE('',#15901,(#15905,#15911),.PCURVE_S1.);
#15901 = LINE('',#15902,#15903);
#15902 = CARTESIAN_POINT('',(209.,26.721687836487,66.));
#15903 = VECTOR('',#15904,1.);
#15904 = DIRECTION('',(0.,-1.,1.538370149107E-16));
#15905 = PCURVE('',#15698,#15906);
#15906 = DEFINITIONAL_REPRESENTATION('',(#15907),#15910);
#15907 = B_SPLINE_CURVE_WITH_KNOTS('',1,(#15908,#15909),.UNSPECIFIED.,
  .F.,.F.,(2,2),(-0.721687836487,2.165063509461),
  .PIECEWISE_BEZIER_KNOTS.);
#15908 = CARTESIAN_POINT('',(2.5,-1.443375672974));
#15909 = CARTESIAN_POINT('',(2.5,1.443375672974));
#15910 = ( GEOMETRIC_REPRESENTATION_CONTEXT(2) 
PARAMETRIC_REPRESENTATION_CONTEXT() REPRESENTATION_CONTEXT('2D SPACE',''
  ) );
#15911 = PCURVE('',#15912,#15917);
#15912 = PLANE('',#15913);
#15913 = AXIS2_PLACEMENT_3D('',#15914,#15915,#15916);
#15914 = CARTESIAN_POINT('',(209.1,27.443375672974,66.));
#15915 = DIRECTION('',(-0.,1.538370149107E-16,1.));
#15916 = DIRECTION('',(0.,-1.,1.538370149107E-16));
#15917 = DEFINITIONAL_REPRESENTATION('',(#15918),#15921);
#15918 = B_SPLINE_CURVE_WITH_KNOTS('',1,(#15919,#15920),.UNSPECIFIED.,
  .F.,.F.,(2,2),(-0.721687836487,2.165063509461),
  .PIECEWISE_BEZIER_KNOTS.);
#15919 = CARTESIAN_POINT('',(0.,-9.999999999999E-02));
#15920 = CARTESIAN_POINT('',(2.886751345948,-9.999999999999E-02));
#15921 = ( GEOMETRIC_REPRESENTATION_CONTEXT(2) 
PARAMETRIC_REPRESENTATION_CONTEXT() REPRESENTATION_CONTEXT('2D SPACE',''
  ) );
#15922 = ADVANCED_FACE('',(#15923,#15926),#15748,.F.);
#15923 = FACE_BOUND('',#15924,.F.);
#15924 = EDGE_LOOP('',(#15925));
#15925 = ORIENTED_EDGE('',*,*,#15733,.T.);
#15926 = FACE_BOUND('',#15927,.F.);
#15927 = EDGE_LOOP('',(#15928));
#15928 = ORIENTED_EDGE('',*,*,#15929,.T.);
#15929 = EDGE_CURVE('',#15930,#15930,#15932,.T.);
#15930 = VERTEX_POINT('',#15931);
#15931 = CARTESIAN_POINT('',(205.,26.,57.6));
#15932 = SURFACE_CURVE('',#15933,(#15938,#15949),.PCURVE_S1.);
#15933 = CIRCLE('',#15934,5.9);
#15934 = AXIS2_PLACEMENT_3D('',#15935,#15936,#15937);
#15935 = CARTESIAN_POINT('',(205.,26.,63.5));
#15936 = DIRECTION('',(-1.,0.,0.));
#15937 = DIRECTION('',(0.,0.,-1.));
#15938 = PCURVE('',#15748,#15939);
#15939 = DEFINITIONAL_REPRESENTATION('',(#15940),#15948);
#15940 = ( BOUNDED_CURVE() B_SPLINE_CURVE(2,(#15941,#15942,#15943,#15944
    ,#15945,#15946,#15947),.UNSPECIFIED.,.T.,.F.) 
B_SPLINE_CURVE_WITH_KNOTS((1,2,2,2,2,1),(-2.094395102393,0.,
    2.094395102393,4.188790204786,6.28318530718,8.377580409573),
.UNSPECIFIED.) CURVE() GEOMETRIC_REPRESENTATION_ITEM() 
RATIONAL_B_SPLINE_CURVE((1.,0.5,1.,0.5,1.,0.5,1.)) REPRESENTATION_ITEM(
  '') );
#15941 = CARTESIAN_POINT('',(-5.9,0.));
#15942 = CARTESIAN_POINT('',(-5.9,10.219099764656));
#15943 = CARTESIAN_POINT('',(2.95,5.109549882328));
#15944 = CARTESIAN_POINT('',(11.8,1.445083222994E-15));
#15945 = CARTESIAN_POINT('',(2.95,-5.109549882328));
#15946 = CARTESIAN_POINT('',(-5.9,-10.21909976465));
#15947 = CARTESIAN_POINT('',(-5.9,0.));
#15948 = ( GEOMETRIC_REPRESENTATION_CONTEXT(2) 
PARAMETRIC_REPRESENTATION_CONTEXT() REPRESENTATION_CONTEXT('2D SPACE',''
  ) );
#15949 = PCURVE('',#15950,#15955);
#15950 = CYLINDRICAL_SURFACE('',#15951,5.9);
#15951 = AXIS2_PLACEMENT_3D('',#15952,#15953,#15954);
#15952 = CARTESIAN_POINT('',(205.,26.,63.5));
#15953 = DIRECTION('',(-1.,0.,0.));
#15954 = DIRECTION('',(0.,0.,-1.));
#15955 = DEFINITIONAL_REPRESENTATION('',(#15956),#15960);
#15956 = LINE('',#15957,#15958);
#15957 = CARTESIAN_POINT('',(0.,0.));
#15958 = VECTOR('',#15959,1.);
#15959 = DIRECTION('',(1.,0.));
#15960 = ( GEOMETRIC_REPRESENTATION_CONTEXT(2) 
PARAMETRIC_REPRESENTATION_CONTEXT() REPRESENTATION_CONTEXT('2D SPACE',''
  ) );
#15961 = ADVANCED_FACE('',(#15962),#15784,.F.);
#15962 = FACE_BOUND('',#15963,.F.);
#15963 = EDGE_LOOP('',(#15964,#15965,#15988,#16016));
#15964 = ORIENTED_EDGE('',*,*,#15767,.F.);
#15965 = ORIENTED_EDGE('',*,*,#15966,.T.);
#15966 = EDGE_CURVE('',#15768,#15967,#15969,.T.);
#15967 = VERTEX_POINT('',#15968);
#15968 = CARTESIAN_POINT('',(207.,28.886751345948,63.5));
#15969 = SURFACE_CURVE('',#15970,(#15974,#15981),.PCURVE_S1.);
#15970 = LINE('',#15971,#15972);
#15971 = CARTESIAN_POINT('',(209.1,28.886751345948,63.5));
#15972 = VECTOR('',#15973,1.);
#15973 = DIRECTION('',(-1.,-0.,-0.));
#15974 = PCURVE('',#15784,#15975);
#15975 = DEFINITIONAL_REPRESENTATION('',(#15976),#15980);
#15976 = LINE('',#15977,#15978);
#15977 = CARTESIAN_POINT('',(0.,0.));
#15978 = VECTOR('',#15979,1.);
#15979 = DIRECTION('',(0.,-1.));
#15980 = ( GEOMETRIC_REPRESENTATION_CONTEXT(2) 
PARAMETRIC_REPRESENTATION_CONTEXT() REPRESENTATION_CONTEXT('2D SPACE',''
  ) );
#15981 = PCURVE('',#15810,#15982);
#15982 = DEFINITIONAL_REPRESENTATION('',(#15983),#15987);
#15983 = LINE('',#15984,#15985);
#15984 = CARTESIAN_POINT('',(2.886751345948,0.));
#15985 = VECTOR('',#15986,1.);
#15986 = DIRECTION('',(0.,-1.));
#15987 = ( GEOMETRIC_REPRESENTATION_CONTEXT(2) 
PARAMETRIC_REPRESENTATION_CONTEXT() REPRESENTATION_CONTEXT('2D SPACE',''
  ) );
#15988 = ORIENTED_EDGE('',*,*,#15989,.T.);
#15989 = EDGE_CURVE('',#15967,#15990,#15992,.T.);
#15990 = VERTEX_POINT('',#15991);
#15991 = CARTESIAN_POINT('',(207.,27.443375672974,66.));
#15992 = SURFACE_CURVE('',#15993,(#15997,#16004),.PCURVE_S1.);
#15993 = LINE('',#15994,#15995);
#15994 = CARTESIAN_POINT('',(207.,28.886751345948,63.5));
#15995 = VECTOR('',#15996,1.);
#15996 = DIRECTION('',(0.,-0.5,0.866025403784));
#15997 = PCURVE('',#15784,#15998);
#15998 = DEFINITIONAL_REPRESENTATION('',(#15999),#16003);
#15999 = LINE('',#16000,#16001);
#16000 = CARTESIAN_POINT('',(0.,-2.1));
#16001 = VECTOR('',#16002,1.);
#16002 = DIRECTION('',(1.,0.));
#16003 = ( GEOMETRIC_REPRESENTATION_CONTEXT(2) 
PARAMETRIC_REPRESENTATION_CONTEXT() REPRESENTATION_CONTEXT('2D SPACE',''
  ) );
#16004 = PCURVE('',#16005,#16010);
#16005 = PLANE('',#16006);
#16006 = AXIS2_PLACEMENT_3D('',#16007,#16008,#16009);
#16007 = CARTESIAN_POINT('',(207.,26.,63.5));
#16008 = DIRECTION('',(1.,0.,0.));
#16009 = DIRECTION('',(-0.,0.,1.));
#16010 = DEFINITIONAL_REPRESENTATION('',(#16011),#16015);
#16011 = LINE('',#16012,#16013);
#16012 = CARTESIAN_POINT('',(0.,-2.886751345948));
#16013 = VECTOR('',#16014,1.);
#16014 = DIRECTION('',(0.866025403784,0.5));
#16015 = ( GEOMETRIC_REPRESENTATION_CONTEXT(2) 
PARAMETRIC_REPRESENTATION_CONTEXT() REPRESENTATION_CONTEXT('2D SPACE',''
  ) );
#16016 = ORIENTED_EDGE('',*,*,#16017,.F.);
#16017 = EDGE_CURVE('',#15770,#15990,#16018,.T.);
#16018 = SURFACE_CURVE('',#16019,(#16023,#16030),.PCURVE_S1.);
#16019 = LINE('',#16020,#16021);
#16020 = CARTESIAN_POINT('',(209.1,27.443375672974,66.));
#16021 = VECTOR('',#16022,1.);
#16022 = DIRECTION('',(-1.,-0.,-0.));
#16023 = PCURVE('',#15784,#16024);
#16024 = DEFINITIONAL_REPRESENTATION('',(#16025),#16029);
#16025 = LINE('',#16026,#16027);
#16026 = CARTESIAN_POINT('',(2.886751345948,0.));
#16027 = VECTOR('',#16028,1.);
#16028 = DIRECTION('',(0.,-1.));
#16029 = ( GEOMETRIC_REPRESENTATION_CONTEXT(2) 
PARAMETRIC_REPRESENTATION_CONTEXT() REPRESENTATION_CONTEXT('2D SPACE',''
  ) );
#16030 = PCURVE('',#15912,#16031);
#16031 = DEFINITIONAL_REPRESENTATION('',(#16032),#16036);
#16032 = LINE('',#16033,#16034);
#16033 = CARTESIAN_POINT('',(0.,0.));
#16034 = VECTOR('',#16035,1.);
#16035 = DIRECTION('',(0.,-1.));
#16036 = ( GEOMETRIC_REPRESENTATION_CONTEXT(2) 
PARAMETRIC_REPRESENTATION_CONTEXT() REPRESENTATION_CONTEXT('2D SPACE',''
  ) );
#16037 = ADVANCED_FACE('',(#16038),#15912,.F.);
#16038 = FACE_BOUND('',#16039,.F.);
#16039 = EDGE_LOOP('',(#16040,#16041,#16042,#16065));
#16040 = ORIENTED_EDGE('',*,*,#15899,.F.);
#16041 = ORIENTED_EDGE('',*,*,#16017,.T.);
#16042 = ORIENTED_EDGE('',*,*,#16043,.T.);
#16043 = EDGE_CURVE('',#15990,#16044,#16046,.T.);
#16044 = VERTEX_POINT('',#16045);
#16045 = CARTESIAN_POINT('',(207.,24.556624327026,66.));
#16046 = SURFACE_CURVE('',#16047,(#16051,#16058),.PCURVE_S1.);
#16047 = LINE('',#16048,#16049);
#16048 = CARTESIAN_POINT('',(207.,27.443375672974,66.));
#16049 = VECTOR('',#16050,1.);
#16050 = DIRECTION('',(0.,-1.,1.538370149107E-16));
#16051 = PCURVE('',#15912,#16052);
#16052 = DEFINITIONAL_REPRESENTATION('',(#16053),#16057);
#16053 = LINE('',#16054,#16055);
#16054 = CARTESIAN_POINT('',(0.,-2.1));
#16055 = VECTOR('',#16056,1.);
#16056 = DIRECTION('',(1.,0.));
#16057 = ( GEOMETRIC_REPRESENTATION_CONTEXT(2) 
PARAMETRIC_REPRESENTATION_CONTEXT() REPRESENTATION_CONTEXT('2D SPACE',''
  ) );
#16058 = PCURVE('',#16005,#16059);
#16059 = DEFINITIONAL_REPRESENTATION('',(#16060),#16064);
#16060 = LINE('',#16061,#16062);
#16061 = CARTESIAN_POINT('',(2.5,-1.443375672974));
#16062 = VECTOR('',#16063,1.);
#16063 = DIRECTION('',(1.538370149107E-16,1.));
#16064 = ( GEOMETRIC_REPRESENTATION_CONTEXT(2) 
PARAMETRIC_REPRESENTATION_CONTEXT() REPRESENTATION_CONTEXT('2D SPACE',''
  ) );
#16065 = ORIENTED_EDGE('',*,*,#16066,.F.);
#16066 = EDGE_CURVE('',#15874,#16044,#16067,.T.);
#16067 = SURFACE_CURVE('',#16068,(#16072,#16079),.PCURVE_S1.);
#16068 = LINE('',#16069,#16070);
#16069 = CARTESIAN_POINT('',(209.1,24.556624327026,66.));
#16070 = VECTOR('',#16071,1.);
#16071 = DIRECTION('',(-1.,-0.,-0.));
#16072 = PCURVE('',#15912,#16073);
#16073 = DEFINITIONAL_REPRESENTATION('',(#16074),#16078);
#16074 = LINE('',#16075,#16076);
#16075 = CARTESIAN_POINT('',(2.886751345948,0.));
#16076 = VECTOR('',#16077,1.);
#16077 = DIRECTION('',(0.,-1.));
#16078 = ( GEOMETRIC_REPRESENTATION_CONTEXT(2) 
PARAMETRIC_REPRESENTATION_CONTEXT() REPRESENTATION_CONTEXT('2D SPACE',''
  ) );
#16079 = PCURVE('',#15888,#16080);
#16080 = DEFINITIONAL_REPRESENTATION('',(#16081),#16085);
#16081 = LINE('',#16082,#16083);
#16082 = CARTESIAN_POINT('',(0.,0.));
#16083 = VECTOR('',#16084,1.);
#16084 = DIRECTION('',(0.,-1.));
#16085 = ( GEOMETRIC_REPRESENTATION_CONTEXT(2) 
PARAMETRIC_REPRESENTATION_CONTEXT() REPRESENTATION_CONTEXT('2D SPACE',''
  ) );
#16086 = ADVANCED_FACE('',(#16087),#15888,.F.);
#16087 = FACE_BOUND('',#16088,.F.);
#16088 = EDGE_LOOP('',(#16089,#16090,#16091,#16114));
#16089 = ORIENTED_EDGE('',*,*,#15873,.F.);
#16090 = ORIENTED_EDGE('',*,*,#16066,.T.);
#16091 = ORIENTED_EDGE('',*,*,#16092,.T.);
#16092 = EDGE_CURVE('',#16044,#16093,#16095,.T.);
#16093 = VERTEX_POINT('',#16094);
#16094 = CARTESIAN_POINT('',(207.,23.113248654052,63.5));
#16095 = SURFACE_CURVE('',#16096,(#16100,#16107),.PCURVE_S1.);
#16096 = LINE('',#16097,#16098);
#16097 = CARTESIAN_POINT('',(207.,24.556624327026,66.));
#16098 = VECTOR('',#16099,1.);
#16099 = DIRECTION('',(0.,-0.5,-0.866025403784));
#16100 = PCURVE('',#15888,#16101);
#16101 = DEFINITIONAL_REPRESENTATION('',(#16102),#16106);
#16102 = LINE('',#16103,#16104);
#16103 = CARTESIAN_POINT('',(-0.,-2.1));
#16104 = VECTOR('',#16105,1.);
#16105 = DIRECTION('',(1.,0.));
#16106 = ( GEOMETRIC_REPRESENTATION_CONTEXT(2) 
PARAMETRIC_REPRESENTATION_CONTEXT() REPRESENTATION_CONTEXT('2D SPACE',''
  ) );
#16107 = PCURVE('',#16005,#16108);
#16108 = DEFINITIONAL_REPRESENTATION('',(#16109),#16113);
#16109 = LINE('',#16110,#16111);
#16110 = CARTESIAN_POINT('',(2.5,1.443375672974));
#16111 = VECTOR('',#16112,1.);
#16112 = DIRECTION('',(-0.866025403784,0.5));
#16113 = ( GEOMETRIC_REPRESENTATION_CONTEXT(2) 
PARAMETRIC_REPRESENTATION_CONTEXT() REPRESENTATION_CONTEXT('2D SPACE',''
  ) );
#16114 = ORIENTED_EDGE('',*,*,#16115,.F.);
#16115 = EDGE_CURVE('',#15848,#16093,#16116,.T.);
#16116 = SURFACE_CURVE('',#16117,(#16121,#16128),.PCURVE_S1.);
#16117 = LINE('',#16118,#16119);
#16118 = CARTESIAN_POINT('',(209.1,23.113248654052,63.5));
#16119 = VECTOR('',#16120,1.);
#16120 = DIRECTION('',(-1.,-0.,-0.));
#16121 = PCURVE('',#15888,#16122);
#16122 = DEFINITIONAL_REPRESENTATION('',(#16123),#16127);
#16123 = LINE('',#16124,#16125);
#16124 = CARTESIAN_POINT('',(2.886751345948,0.));
#16125 = VECTOR('',#16126,1.);
#16126 = DIRECTION('',(0.,-1.));
#16127 = ( GEOMETRIC_REPRESENTATION_CONTEXT(2) 
PARAMETRIC_REPRESENTATION_CONTEXT() REPRESENTATION_CONTEXT('2D SPACE',''
  ) );
#16128 = PCURVE('',#15862,#16129);
#16129 = DEFINITIONAL_REPRESENTATION('',(#16130),#16134);
#16130 = LINE('',#16131,#16132);
#16131 = CARTESIAN_POINT('',(0.,0.));
#16132 = VECTOR('',#16133,1.);
#16133 = DIRECTION('',(0.,-1.));
#16134 = ( GEOMETRIC_REPRESENTATION_CONTEXT(2) 
PARAMETRIC_REPRESENTATION_CONTEXT() REPRESENTATION_CONTEXT('2D SPACE',''
  ) );
#16135 = ADVANCED_FACE('',(#16136),#15862,.F.);
#16136 = FACE_BOUND('',#16137,.F.);
#16137 = EDGE_LOOP('',(#16138,#16139,#16140,#16163));
#16138 = ORIENTED_EDGE('',*,*,#15847,.F.);
#16139 = ORIENTED_EDGE('',*,*,#16115,.T.);
#16140 = ORIENTED_EDGE('',*,*,#16141,.T.);
#16141 = EDGE_CURVE('',#16093,#16142,#16144,.T.);
#16142 = VERTEX_POINT('',#16143);
#16143 = CARTESIAN_POINT('',(207.,24.556624327026,61.));
#16144 = SURFACE_CURVE('',#16145,(#16149,#16156),.PCURVE_S1.);
#16145 = LINE('',#16146,#16147);
#16146 = CARTESIAN_POINT('',(207.,23.113248654052,63.5));
#16147 = VECTOR('',#16148,1.);
#16148 = DIRECTION('',(0.,0.5,-0.866025403784));
#16149 = PCURVE('',#15862,#16150);
#16150 = DEFINITIONAL_REPRESENTATION('',(#16151),#16155);
#16151 = LINE('',#16152,#16153);
#16152 = CARTESIAN_POINT('',(0.,-2.1));
#16153 = VECTOR('',#16154,1.);
#16154 = DIRECTION('',(1.,0.));
#16155 = ( GEOMETRIC_REPRESENTATION_CONTEXT(2) 
PARAMETRIC_REPRESENTATION_CONTEXT() REPRESENTATION_CONTEXT('2D SPACE',''
  ) );
#16156 = PCURVE('',#16005,#16157);
#16157 = DEFINITIONAL_REPRESENTATION('',(#16158),#16162);
#16158 = LINE('',#16159,#16160);
#16159 = CARTESIAN_POINT('',(0.,2.886751345948));
#16160 = VECTOR('',#16161,1.);
#16161 = DIRECTION('',(-0.866025403784,-0.5));
#16162 = ( GEOMETRIC_REPRESENTATION_CONTEXT(2) 
PARAMETRIC_REPRESENTATION_CONTEXT() REPRESENTATION_CONTEXT('2D SPACE',''
  ) );
#16163 = ORIENTED_EDGE('',*,*,#16164,.F.);
#16164 = EDGE_CURVE('',#15822,#16142,#16165,.T.);
#16165 = SURFACE_CURVE('',#16166,(#16170,#16177),.PCURVE_S1.);
#16166 = LINE('',#16167,#16168);
#16167 = CARTESIAN_POINT('',(209.1,24.556624327026,61.));
#16168 = VECTOR('',#16169,1.);
#16169 = DIRECTION('',(-1.,-0.,-0.));
#16170 = PCURVE('',#15862,#16171);
#16171 = DEFINITIONAL_REPRESENTATION('',(#16172),#16176);
#16172 = LINE('',#16173,#16174);
#16173 = CARTESIAN_POINT('',(2.886751345948,0.));
#16174 = VECTOR('',#16175,1.);
#16175 = DIRECTION('',(0.,-1.));
#16176 = ( GEOMETRIC_REPRESENTATION_CONTEXT(2) 
PARAMETRIC_REPRESENTATION_CONTEXT() REPRESENTATION_CONTEXT('2D SPACE',''
  ) );
#16177 = PCURVE('',#15836,#16178);
#16178 = DEFINITIONAL_REPRESENTATION('',(#16179),#16183);
#16179 = LINE('',#16180,#16181);
#16180 = CARTESIAN_POINT('',(0.,0.));
#16181 = VECTOR('',#16182,1.);
#16182 = DIRECTION('',(0.,-1.));
#16183 = ( GEOMETRIC_REPRESENTATION_CONTEXT(2) 
PARAMETRIC_REPRESENTATION_CONTEXT() REPRESENTATION_CONTEXT('2D SPACE',''
  ) );
#16184 = ADVANCED_FACE('',(#16185),#15836,.F.);
#16185 = FACE_BOUND('',#16186,.F.);
#16186 = EDGE_LOOP('',(#16187,#16188,#16189,#16212));
#16187 = ORIENTED_EDGE('',*,*,#15821,.F.);
#16188 = ORIENTED_EDGE('',*,*,#16164,.T.);
#16189 = ORIENTED_EDGE('',*,*,#16190,.T.);
#16190 = EDGE_CURVE('',#16142,#16191,#16193,.T.);
#16191 = VERTEX_POINT('',#16192);
#16192 = CARTESIAN_POINT('',(207.,27.443375672974,61.));
#16193 = SURFACE_CURVE('',#16194,(#16198,#16205),.PCURVE_S1.);
#16194 = LINE('',#16195,#16196);
#16195 = CARTESIAN_POINT('',(207.,24.556624327026,61.));
#16196 = VECTOR('',#16197,1.);
#16197 = DIRECTION('',(0.,1.,-6.153480596427E-16));
#16198 = PCURVE('',#15836,#16199);
#16199 = DEFINITIONAL_REPRESENTATION('',(#16200),#16204);
#16200 = LINE('',#16201,#16202);
#16201 = CARTESIAN_POINT('',(0.,-2.1));
#16202 = VECTOR('',#16203,1.);
#16203 = DIRECTION('',(1.,0.));
#16204 = ( GEOMETRIC_REPRESENTATION_CONTEXT(2) 
PARAMETRIC_REPRESENTATION_CONTEXT() REPRESENTATION_CONTEXT('2D SPACE',''
  ) );
#16205 = PCURVE('',#16005,#16206);
#16206 = DEFINITIONAL_REPRESENTATION('',(#16207),#16211);
#16207 = LINE('',#16208,#16209);
#16208 = CARTESIAN_POINT('',(-2.5,1.443375672974));
#16209 = VECTOR('',#16210,1.);
#16210 = DIRECTION('',(-6.153480596427E-16,-1.));
#16211 = ( GEOMETRIC_REPRESENTATION_CONTEXT(2) 
PARAMETRIC_REPRESENTATION_CONTEXT() REPRESENTATION_CONTEXT('2D SPACE',''
  ) );
#16212 = ORIENTED_EDGE('',*,*,#16213,.F.);
#16213 = EDGE_CURVE('',#15796,#16191,#16214,.T.);
#16214 = SURFACE_CURVE('',#16215,(#16219,#16226),.PCURVE_S1.);
#16215 = LINE('',#16216,#16217);
#16216 = CARTESIAN_POINT('',(209.1,27.443375672974,61.));
#16217 = VECTOR('',#16218,1.);
#16218 = DIRECTION('',(-1.,-0.,-0.));
#16219 = PCURVE('',#15836,#16220);
#16220 = DEFINITIONAL_REPRESENTATION('',(#16221),#16225);
#16221 = LINE('',#16222,#16223);
#16222 = CARTESIAN_POINT('',(2.886751345948,0.));
#16223 = VECTOR('',#16224,1.);
#16224 = DIRECTION('',(0.,-1.));
#16225 = ( GEOMETRIC_REPRESENTATION_CONTEXT(2) 
PARAMETRIC_REPRESENTATION_CONTEXT() REPRESENTATION_CONTEXT('2D SPACE',''
  ) );
#16226 = PCURVE('',#15810,#16227);
#16227 = DEFINITIONAL_REPRESENTATION('',(#16228),#16232);
#16228 = LINE('',#16229,#16230);
#16229 = CARTESIAN_POINT('',(0.,0.));
#16230 = VECTOR('',#16231,1.);
#16231 = DIRECTION('',(0.,-1.));
#16232 = ( GEOMETRIC_REPRESENTATION_CONTEXT(2) 
PARAMETRIC_REPRESENTATION_CONTEXT() REPRESENTATION_CONTEXT('2D SPACE',''
  ) );
#16233 = ADVANCED_FACE('',(#16234),#15810,.F.);
#16234 = FACE_BOUND('',#16235,.F.);
#16235 = EDGE_LOOP('',(#16236,#16237,#16238,#16259));
#16236 = ORIENTED_EDGE('',*,*,#15795,.F.);
#16237 = ORIENTED_EDGE('',*,*,#16213,.T.);
#16238 = ORIENTED_EDGE('',*,*,#16239,.T.);
#16239 = EDGE_CURVE('',#16191,#15967,#16240,.T.);
#16240 = SURFACE_CURVE('',#16241,(#16245,#16252),.PCURVE_S1.);
#16241 = LINE('',#16242,#16243);
#16242 = CARTESIAN_POINT('',(207.,27.443375672974,61.));
#16243 = VECTOR('',#16244,1.);
#16244 = DIRECTION('',(0.,0.5,0.866025403784));
#16245 = PCURVE('',#15810,#16246);
#16246 = DEFINITIONAL_REPRESENTATION('',(#16247),#16251);
#16247 = LINE('',#16248,#16249);
#16248 = CARTESIAN_POINT('',(0.,-2.1));
#16249 = VECTOR('',#16250,1.);
#16250 = DIRECTION('',(1.,0.));
#16251 = ( GEOMETRIC_REPRESENTATION_CONTEXT(2) 
PARAMETRIC_REPRESENTATION_CONTEXT() REPRESENTATION_CONTEXT('2D SPACE',''
  ) );
#16252 = PCURVE('',#16005,#16253);
#16253 = DEFINITIONAL_REPRESENTATION('',(#16254),#16258);
#16254 = LINE('',#16255,#16256);
#16255 = CARTESIAN_POINT('',(-2.5,-1.443375672974));
#16256 = VECTOR('',#16257,1.);
#16257 = DIRECTION('',(0.866025403784,-0.5));
#16258 = ( GEOMETRIC_REPRESENTATION_CONTEXT(2) 
PARAMETRIC_REPRESENTATION_CONTEXT() REPRESENTATION_CONTEXT('2D SPACE',''
  ) );
#16259 = ORIENTED_EDGE('',*,*,#15966,.F.);
#16260 = ADVANCED_FACE('',(#16261),#15950,.T.);
#16261 = FACE_BOUND('',#16262,.T.);
#16262 = EDGE_LOOP('',(#16263,#16292,#16313,#16314));
#16263 = ORIENTED_EDGE('',*,*,#16264,.F.);
#16264 = EDGE_CURVE('',#16265,#16265,#16267,.T.);
#16265 = VERTEX_POINT('',#16266);
#16266 = CARTESIAN_POINT('',(200.,26.,57.6));
#16267 = SURFACE_CURVE('',#16268,(#16273,#16280),.PCURVE_S1.);
#16268 = CIRCLE('',#16269,5.9);
#16269 = AXIS2_PLACEMENT_3D('',#16270,#16271,#16272);
#16270 = CARTESIAN_POINT('',(200.,26.,63.5));
#16271 = DIRECTION('',(-1.,0.,0.));
#16272 = DIRECTION('',(0.,0.,-1.));
#16273 = PCURVE('',#15950,#16274);
#16274 = DEFINITIONAL_REPRESENTATION('',(#16275),#16279);
#16275 = LINE('',#16276,#16277);
#16276 = CARTESIAN_POINT('',(0.,5.));
#16277 = VECTOR('',#16278,1.);
#16278 = DIRECTION('',(1.,0.));
#16279 = ( GEOMETRIC_REPRESENTATION_CONTEXT(2) 
PARAMETRIC_REPRESENTATION_CONTEXT() REPRESENTATION_CONTEXT('2D SPACE',''
  ) );
#16280 = PCURVE('',#16281,#16286);
#16281 = PLANE('',#16282);
#16282 = AXIS2_PLACEMENT_3D('',#16283,#16284,#16285);
#16283 = CARTESIAN_POINT('',(200.,26.,63.5));
#16284 = DIRECTION('',(-1.,0.,0.));
#16285 = DIRECTION('',(0.,0.,-1.));
#16286 = DEFINITIONAL_REPRESENTATION('',(#16287),#16291);
#16287 = CIRCLE('',#16288,5.9);
#16288 = AXIS2_PLACEMENT_2D('',#16289,#16290);
#16289 = CARTESIAN_POINT('',(0.,0.));
#16290 = DIRECTION('',(1.,0.));
#16291 = ( GEOMETRIC_REPRESENTATION_CONTEXT(2) 
PARAMETRIC_REPRESENTATION_CONTEXT() REPRESENTATION_CONTEXT('2D SPACE',''
  ) );
#16292 = ORIENTED_EDGE('',*,*,#16293,.F.);
#16293 = EDGE_CURVE('',#15930,#16265,#16294,.T.);
#16294 = SEAM_CURVE('',#16295,(#16299,#16306),.PCURVE_S1.);
#16295 = LINE('',#16296,#16297);
#16296 = CARTESIAN_POINT('',(205.,26.,57.6));
#16297 = VECTOR('',#16298,1.);
#16298 = DIRECTION('',(-1.,0.,0.));
#16299 = PCURVE('',#15950,#16300);
#16300 = DEFINITIONAL_REPRESENTATION('',(#16301),#16305);
#16301 = LINE('',#16302,#16303);
#16302 = CARTESIAN_POINT('',(6.28318530718,-0.));
#16303 = VECTOR('',#16304,1.);
#16304 = DIRECTION('',(0.,1.));
#16305 = ( GEOMETRIC_REPRESENTATION_CONTEXT(2) 
PARAMETRIC_REPRESENTATION_CONTEXT() REPRESENTATION_CONTEXT('2D SPACE',''
  ) );
#16306 = PCURVE('',#15950,#16307);
#16307 = DEFINITIONAL_REPRESENTATION('',(#16308),#16312);
#16308 = LINE('',#16309,#16310);
#16309 = CARTESIAN_POINT('',(0.,-0.));
#16310 = VECTOR('',#16311,1.);
#16311 = DIRECTION('',(0.,1.));
#16312 = ( GEOMETRIC_REPRESENTATION_CONTEXT(2) 
PARAMETRIC_REPRESENTATION_CONTEXT() REPRESENTATION_CONTEXT('2D SPACE',''
  ) );
#16313 = ORIENTED_EDGE('',*,*,#15929,.T.);
#16314 = ORIENTED_EDGE('',*,*,#16293,.T.);
#16315 = ADVANCED_FACE('',(#16316),#16005,.T.);
#16316 = FACE_BOUND('',#16317,.T.);
#16317 = EDGE_LOOP('',(#16318,#16319,#16320,#16321,#16322,#16323));
#16318 = ORIENTED_EDGE('',*,*,#15989,.T.);
#16319 = ORIENTED_EDGE('',*,*,#16043,.T.);
#16320 = ORIENTED_EDGE('',*,*,#16092,.T.);
#16321 = ORIENTED_EDGE('',*,*,#16141,.T.);
#16322 = ORIENTED_EDGE('',*,*,#16190,.T.);
#16323 = ORIENTED_EDGE('',*,*,#16239,.T.);
#16324 = ADVANCED_FACE('',(#16325),#16281,.T.);
#16325 = FACE_BOUND('',#16326,.T.);
#16326 = EDGE_LOOP('',(#16327));
#16327 = ORIENTED_EDGE('',*,*,#16264,.T.);
#16328 = ( GEOMETRIC_REPRESENTATION_CONTEXT(3) 
GLOBAL_UNCERTAINTY_ASSIGNED_CONTEXT((#16332)) 
GLOBAL_UNIT_ASSIGNED_CONTEXT((#16329,#16330,#16331)) 
REPRESENTATION_CONTEXT('Context #1',
  '3D Context with UNIT and UNCERTAINTY') );
#16329 = ( LENGTH_UNIT() NAMED_UNIT(*) SI_UNIT(.MILLI.,.METRE.) );
#16330 = ( NAMED_UNIT(*) PLANE_ANGLE_UNIT() SI_UNIT($,.RADIAN.) );
#16331 = ( NAMED_UNIT(*) SI_UNIT($,.STERADIAN.) SOLID_ANGLE_UNIT() );
#16332 = UNCERTAINTY_MEASURE_WITH_UNIT(LENGTH_MEASURE(1.E-07),#16329,
  'distance_accuracy_value','confusion accuracy');
#16333 = CONTEXT_DEPENDENT_SHAPE_REPRESENTATION(#16334,#16336);
#16334 = ( REPRESENTATION_RELATIONSHIP('','',#15669,#10) 
REPRESENTATION_RELATIONSHIP_WITH_TRANSFORMATION(#16335) 
SHAPE_REPRESENTATION_RELATIONSHIP() );
#16335 = ITEM_DEFINED_TRANSFORMATION('','',#11,#35);
#16336 = PRODUCT_DEFINITION_SHAPE('Placement','Placement of an item',
  #16337);
#16337 = NEXT_ASSEMBLY_USAGE_OCCURRENCE('6','REFERENCE_side_plug_4','',
  #5,#15664,$);
#16338 = PRODUCT_RELATED_PRODUCT_CATEGORY('part',$,(#15666));
#16339 = MECHANICAL_DESIGN_GEOMETRIC_PRESENTATION_REPRESENTATION('',(
    #16340),#16328);
#16340 = STYLED_ITEM('color',(#16341),#15670);
#16341 = PRESENTATION_STYLE_ASSIGNMENT((#16342));
#16342 = SURFACE_STYLE_USAGE(.BOTH.,#16343);
#16343 = SURFACE_SIDE_STYLE('',(#16344));
#16344 = SURFACE_STYLE_FILL_AREA(#16345);
#16345 = FILL_AREA_STYLE('',(#16346));
#16346 = FILL_AREA_STYLE_COLOUR('',#16347);
#16347 = COLOUR_RGB('',0.599999994755,0.620000000292,0.640000008347);
#16348 = MECHANICAL_DESIGN_GEOMETRIC_PRESENTATION_REPRESENTATION('',(
    #16349),#14974);
#16349 = STYLED_ITEM('color',(#16350),#14316);
#16350 = PRESENTATION_STYLE_ASSIGNMENT((#16351));
#16351 = SURFACE_STYLE_USAGE(.BOTH.,#16352);
#16352 = SURFACE_SIDE_STYLE('',(#16353));
#16353 = SURFACE_STYLE_FILL_AREA(#16354);
#16354 = FILL_AREA_STYLE('',(#16355));
#16355 = FILL_AREA_STYLE_COLOUR('',#16347);
#16356 = MECHANICAL_DESIGN_GEOMETRIC_PRESENTATION_REPRESENTATION('',(
    #16357),#9509);
#16357 = STYLED_ITEM('color',(#16358),#53);
#16358 = PRESENTATION_STYLE_ASSIGNMENT((#16359));
#16359 = SURFACE_STYLE_USAGE(.BOTH.,#16360);
#16360 = SURFACE_SIDE_STYLE('',(#16361));
#16361 = SURFACE_STYLE_FILL_AREA(#16362);
#16362 = FILL_AREA_STYLE('',(#16363));
#16363 = FILL_AREA_STYLE_COLOUR('',#16364);
#16364 = COLOUR_RGB('',2.499999930151E-02,2.999999916181E-02,
  3.499999902211E-02);
#16365 = MECHANICAL_DESIGN_GEOMETRIC_PRESENTATION_REPRESENTATION('',(
    #16366),#13620);
#16366 = STYLED_ITEM('color',(#16367),#9528);
#16367 = PRESENTATION_STYLE_ASSIGNMENT((#16368));
#16368 = SURFACE_STYLE_USAGE(.BOTH.,#16369);
#16369 = SURFACE_SIDE_STYLE('',(#16370));
#16370 = SURFACE_STYLE_FILL_AREA(#16371);
#16371 = FILL_AREA_STYLE('',(#16372));
#16372 = FILL_AREA_STYLE_COLOUR('',#16373);
#16373 = COLOUR_RGB('',0.500000003429,0.530000000233,0.56000001326);
#16374 = MECHANICAL_DESIGN_GEOMETRIC_PRESENTATION_REPRESENTATION('',(
    #16375),#14297);
#16375 = STYLED_ITEM('color',(#16376),#13639);
#16376 = PRESENTATION_STYLE_ASSIGNMENT((#16377));
#16377 = SURFACE_STYLE_USAGE(.BOTH.,#16378);
#16378 = SURFACE_SIDE_STYLE('',(#16379));
#16379 = SURFACE_STYLE_FILL_AREA(#16380);
#16380 = FILL_AREA_STYLE('',(#16381));
#16381 = FILL_AREA_STYLE_COLOUR('',#16347);
#16382 = MECHANICAL_DESIGN_GEOMETRIC_PRESENTATION_REPRESENTATION('',(
    #16383),#15651);
#16383 = STYLED_ITEM('color',(#16384),#14993);
#16384 = PRESENTATION_STYLE_ASSIGNMENT((#16385));
#16385 = SURFACE_STYLE_USAGE(.BOTH.,#16386);
#16386 = SURFACE_SIDE_STYLE('',(#16387));
#16387 = SURFACE_STYLE_FILL_AREA(#16388);
#16388 = FILL_AREA_STYLE('',(#16389));
#16389 = FILL_AREA_STYLE_COLOUR('',#16347);
ENDSEC;
END-ISO-10303-21;
