ISO-10303-21;
HEADER;
FILE_DESCRIPTION(('Open CASCADE Model'),'2;1');
FILE_NAME('Open CASCADE Shape Model','2026-09-14T22:16:14',('Author'),(
    'Open CASCADE'),'Open CASCADE STEP processor 7.9','Open CASCADE 7.9'
  ,'Unknown');
FILE_SCHEMA(('AUTOMOTIVE_DESIGN { 1 0 10303 214 1 1 1 1 }'));
ENDSEC;
DATA;
#1 = APPLICATION_PROTOCOL_DEFINITION('international standard',
  'automotive_design',2000,#2);
#2 = APPLICATION_CONTEXT(
  'core data for automotive mechanical design processes');
#3 = SHAPE_DEFINITION_REPRESENTATION(#4,#10);
#4 = PRODUCT_DEFINITION_SHAPE('','',#5);
#5 = PRODUCT_DEFINITION('design','',#6,#9);
#6 = PRODUCT_DEFINITION_FORMATION('','',#7);
#7 = PRODUCT('Open CASCADE STEP translator 7.9 1',
  'Open CASCADE STEP translator 7.9 1','',(#8));
#8 = PRODUCT_CONTEXT('',#2,'mechanical');
#9 = PRODUCT_DEFINITION_CONTEXT('part definition',#2,'design');
#10 = ADVANCED_BREP_SHAPE_REPRESENTATION('',(#11,#15),#8837);
#11 = AXIS2_PLACEMENT_3D('',#12,#13,#14);
#12 = CARTESIAN_POINT('',(0.,0.,0.));
#13 = DIRECTION('',(0.,0.,1.));
#14 = DIRECTION('',(1.,0.,-0.));
#15 = MANIFOLD_SOLID_BREP('',#16);
#16 = CLOSED_SHELL('',(#17,#943,#1019,#1138,#1249,#1276,#1331,#1385,
    #1439,#1493,#1548,#1602,#1656,#1711,#1765,#1819,#1873,#1928,#1983,
    #2037,#2091,#2145,#2199,#2254,#2308,#2362,#2416,#2471,#2525,#2579,
    #2633,#2688,#2695,#2774,#2853,#2903,#2953,#2957,#3012,#3067,#3122,
    #3126,#3181,#3236,#3240,#3295,#3350,#3405,#3409,#3413,#3468,#3523,
    #3578,#3633,#3637,#3692,#3747,#3802,#3806,#3861,#3916,#3971,#3975,
    #5380,#6785,#6820,#6855,#6890,#6925,#6960,#6995,#7030,#7065,#7100,
    #7135,#7170,#7205,#7240,#7275,#7310,#7345,#7380,#7415,#7467,#7519,
    #7571,#7623,#7675,#7727,#7779,#7831,#7883,#7935,#7987,#8039,#8091,
    #8143,#8195,#8247,#8299,#8351,#8378,#8405,#8432,#8459,#8486,#8513,
    #8540,#8567,#8594,#8621,#8648,#8675,#8702,#8729,#8756,#8783,#8810));
#17 = ADVANCED_FACE('',(#18,#137,#168,#199,#230,#261,#292,#323,#354,#385
    ,#416,#447,#478,#509,#540,#571,#602,#633,#664,#695,#726,#757,#788,
    #819,#850,#881,#912),#32,.F.);
#18 = FACE_BOUND('',#19,.F.);
#19 = EDGE_LOOP('',(#20,#55,#83,#111));
#20 = ORIENTED_EDGE('',*,*,#21,.F.);
#21 = EDGE_CURVE('',#22,#24,#26,.T.);
#22 = VERTEX_POINT('',#23);
#23 = CARTESIAN_POINT('',(-225.,0.,0.));
#24 = VERTEX_POINT('',#25);
#25 = CARTESIAN_POINT('',(225.,0.,0.));
#26 = SURFACE_CURVE('',#27,(#31,#43),.PCURVE_S1.);
#27 = LINE('',#28,#29);
#28 = CARTESIAN_POINT('',(-225.,0.,0.));
#29 = VECTOR('',#30,1.);
#30 = DIRECTION('',(1.,0.,0.));
#31 = PCURVE('',#32,#37);
#32 = PLANE('',#33);
#33 = AXIS2_PLACEMENT_3D('',#34,#35,#36);
#34 = CARTESIAN_POINT('',(-225.,0.,0.));
#35 = DIRECTION('',(0.,1.,0.));
#36 = DIRECTION('',(0.,0.,1.));
#37 = DEFINITIONAL_REPRESENTATION('',(#38),#42);
#38 = LINE('',#39,#40);
#39 = CARTESIAN_POINT('',(0.,0.));
#40 = VECTOR('',#41,1.);
#41 = DIRECTION('',(0.,1.));
#42 = ( GEOMETRIC_REPRESENTATION_CONTEXT(2) 
PARAMETRIC_REPRESENTATION_CONTEXT() REPRESENTATION_CONTEXT('2D SPACE',''
  ) );
#43 = PCURVE('',#44,#49);
#44 = PLANE('',#45);
#45 = AXIS2_PLACEMENT_3D('',#46,#47,#48);
#46 = CARTESIAN_POINT('',(-225.,0.,0.));
#47 = DIRECTION('',(0.,0.,1.));
#48 = DIRECTION('',(1.,0.,0.));
#49 = DEFINITIONAL_REPRESENTATION('',(#50),#54);
#50 = LINE('',#51,#52);
#51 = CARTESIAN_POINT('',(0.,0.));
#52 = VECTOR('',#53,1.);
#53 = DIRECTION('',(1.,0.));
#54 = ( GEOMETRIC_REPRESENTATION_CONTEXT(2) 
PARAMETRIC_REPRESENTATION_CONTEXT() REPRESENTATION_CONTEXT('2D SPACE',''
  ) );
#55 = ORIENTED_EDGE('',*,*,#56,.T.);
#56 = EDGE_CURVE('',#22,#57,#59,.T.);
#57 = VERTEX_POINT('',#58);
#58 = CARTESIAN_POINT('',(-225.,0.,87.));
#59 = SURFACE_CURVE('',#60,(#64,#71),.PCURVE_S1.);
#60 = LINE('',#61,#62);
#61 = CARTESIAN_POINT('',(-225.,0.,0.));
#62 = VECTOR('',#63,1.);
#63 = DIRECTION('',(0.,0.,1.));
#64 = PCURVE('',#32,#65);
#65 = DEFINITIONAL_REPRESENTATION('',(#66),#70);
#66 = LINE('',#67,#68);
#67 = CARTESIAN_POINT('',(0.,0.));
#68 = VECTOR('',#69,1.);
#69 = DIRECTION('',(1.,0.));
#70 = ( GEOMETRIC_REPRESENTATION_CONTEXT(2) 
PARAMETRIC_REPRESENTATION_CONTEXT() REPRESENTATION_CONTEXT('2D SPACE',''
  ) );
#71 = PCURVE('',#72,#77);
#72 = PLANE('',#73);
#73 = AXIS2_PLACEMENT_3D('',#74,#75,#76);
#74 = CARTESIAN_POINT('',(-225.,0.,0.));
#75 = DIRECTION('',(1.,0.,0.));
#76 = DIRECTION('',(0.,0.,1.));
#77 = DEFINITIONAL_REPRESENTATION('',(#78),#82);
#78 = LINE('',#79,#80);
#79 = CARTESIAN_POINT('',(0.,0.));
#80 = VECTOR('',#81,1.);
#81 = DIRECTION('',(1.,0.));
#82 = ( GEOMETRIC_REPRESENTATION_CONTEXT(2) 
PARAMETRIC_REPRESENTATION_CONTEXT() REPRESENTATION_CONTEXT('2D SPACE',''
  ) );
#83 = ORIENTED_EDGE('',*,*,#84,.T.);
#84 = EDGE_CURVE('',#57,#85,#87,.T.);
#85 = VERTEX_POINT('',#86);
#86 = CARTESIAN_POINT('',(225.,0.,87.));
#87 = SURFACE_CURVE('',#88,(#92,#99),.PCURVE_S1.);
#88 = LINE('',#89,#90);
#89 = CARTESIAN_POINT('',(-225.,0.,87.));
#90 = VECTOR('',#91,1.);
#91 = DIRECTION('',(1.,0.,0.));
#92 = PCURVE('',#32,#93);
#93 = DEFINITIONAL_REPRESENTATION('',(#94),#98);
#94 = LINE('',#95,#96);
#95 = CARTESIAN_POINT('',(87.,0.));
#96 = VECTOR('',#97,1.);
#97 = DIRECTION('',(0.,1.));
#98 = ( GEOMETRIC_REPRESENTATION_CONTEXT(2) 
PARAMETRIC_REPRESENTATION_CONTEXT() REPRESENTATION_CONTEXT('2D SPACE',''
  ) );
#99 = PCURVE('',#100,#105);
#100 = PLANE('',#101);
#101 = AXIS2_PLACEMENT_3D('',#102,#103,#104);
#102 = CARTESIAN_POINT('',(-225.,0.,87.));
#103 = DIRECTION('',(0.,0.,1.));
#104 = DIRECTION('',(1.,0.,0.));
#105 = DEFINITIONAL_REPRESENTATION('',(#106),#110);
#106 = LINE('',#107,#108);
#107 = CARTESIAN_POINT('',(0.,0.));
#108 = VECTOR('',#109,1.);
#109 = DIRECTION('',(1.,0.));
#110 = ( GEOMETRIC_REPRESENTATION_CONTEXT(2) 
PARAMETRIC_REPRESENTATION_CONTEXT() REPRESENTATION_CONTEXT('2D SPACE',''
  ) );
#111 = ORIENTED_EDGE('',*,*,#112,.F.);
#112 = EDGE_CURVE('',#24,#85,#113,.T.);
#113 = SURFACE_CURVE('',#114,(#118,#125),.PCURVE_S1.);
#114 = LINE('',#115,#116);
#115 = CARTESIAN_POINT('',(225.,0.,0.));
#116 = VECTOR('',#117,1.);
#117 = DIRECTION('',(0.,0.,1.));
#118 = PCURVE('',#32,#119);
#119 = DEFINITIONAL_REPRESENTATION('',(#120),#124);
#120 = LINE('',#121,#122);
#121 = CARTESIAN_POINT('',(0.,450.));
#122 = VECTOR('',#123,1.);
#123 = DIRECTION('',(1.,0.));
#124 = ( GEOMETRIC_REPRESENTATION_CONTEXT(2) 
PARAMETRIC_REPRESENTATION_CONTEXT() REPRESENTATION_CONTEXT('2D SPACE',''
  ) );
#125 = PCURVE('',#126,#131);
#126 = PLANE('',#127);
#127 = AXIS2_PLACEMENT_3D('',#128,#129,#130);
#128 = CARTESIAN_POINT('',(225.,0.,0.));
#129 = DIRECTION('',(1.,0.,0.));
#130 = DIRECTION('',(0.,0.,1.));
#131 = DEFINITIONAL_REPRESENTATION('',(#132),#136);
#132 = LINE('',#133,#134);
#133 = CARTESIAN_POINT('',(0.,0.));
#134 = VECTOR('',#135,1.);
#135 = DIRECTION('',(1.,0.));
#136 = ( GEOMETRIC_REPRESENTATION_CONTEXT(2) 
PARAMETRIC_REPRESENTATION_CONTEXT() REPRESENTATION_CONTEXT('2D SPACE',''
  ) );
#137 = FACE_BOUND('',#138,.F.);
#138 = EDGE_LOOP('',(#139));
#139 = ORIENTED_EDGE('',*,*,#140,.F.);
#140 = EDGE_CURVE('',#141,#141,#143,.T.);
#141 = VERTEX_POINT('',#142);
#142 = CARTESIAN_POINT('',(-208.,0.,8.65));
#143 = SURFACE_CURVE('',#144,(#149,#156),.PCURVE_S1.);
#144 = CIRCLE('',#145,1.65);
#145 = AXIS2_PLACEMENT_3D('',#146,#147,#148);
#146 = CARTESIAN_POINT('',(-208.,0.,7.));
#147 = DIRECTION('',(0.,1.,0.));
#148 = DIRECTION('',(0.,-0.,1.));
#149 = PCURVE('',#32,#150);
#150 = DEFINITIONAL_REPRESENTATION('',(#151),#155);
#151 = CIRCLE('',#152,1.65);
#152 = AXIS2_PLACEMENT_2D('',#153,#154);
#153 = CARTESIAN_POINT('',(7.,17.));
#154 = DIRECTION('',(1.,0.));
#155 = ( GEOMETRIC_REPRESENTATION_CONTEXT(2) 
PARAMETRIC_REPRESENTATION_CONTEXT() REPRESENTATION_CONTEXT('2D SPACE',''
  ) );
#156 = PCURVE('',#157,#162);
#157 = CYLINDRICAL_SURFACE('',#158,1.65);
#158 = AXIS2_PLACEMENT_3D('',#159,#160,#161);
#159 = CARTESIAN_POINT('',(-208.,0.,7.));
#160 = DIRECTION('',(0.,1.,0.));
#161 = DIRECTION('',(0.,-0.,1.));
#162 = DEFINITIONAL_REPRESENTATION('',(#163),#167);
#163 = LINE('',#164,#165);
#164 = CARTESIAN_POINT('',(0.,0.));
#165 = VECTOR('',#166,1.);
#166 = DIRECTION('',(1.,0.));
#167 = ( GEOMETRIC_REPRESENTATION_CONTEXT(2) 
PARAMETRIC_REPRESENTATION_CONTEXT() REPRESENTATION_CONTEXT('2D SPACE',''
  ) );
#168 = FACE_BOUND('',#169,.F.);
#169 = EDGE_LOOP('',(#170));
#170 = ORIENTED_EDGE('',*,*,#171,.F.);
#171 = EDGE_CURVE('',#172,#172,#174,.T.);
#172 = VERTEX_POINT('',#173);
#173 = CARTESIAN_POINT('',(-180.,0.,38.5));
#174 = SURFACE_CURVE('',#175,(#180,#187),.PCURVE_S1.);
#175 = CIRCLE('',#176,15.);
#176 = AXIS2_PLACEMENT_3D('',#177,#178,#179);
#177 = CARTESIAN_POINT('',(-180.,0.,23.5));
#178 = DIRECTION('',(0.,1.,0.));
#179 = DIRECTION('',(0.,-0.,1.));
#180 = PCURVE('',#32,#181);
#181 = DEFINITIONAL_REPRESENTATION('',(#182),#186);
#182 = CIRCLE('',#183,15.);
#183 = AXIS2_PLACEMENT_2D('',#184,#185);
#184 = CARTESIAN_POINT('',(23.5,45.));
#185 = DIRECTION('',(1.,0.));
#186 = ( GEOMETRIC_REPRESENTATION_CONTEXT(2) 
PARAMETRIC_REPRESENTATION_CONTEXT() REPRESENTATION_CONTEXT('2D SPACE',''
  ) );
#187 = PCURVE('',#188,#193);
#188 = TOROIDAL_SURFACE('',#189,15.,1.);
#189 = AXIS2_PLACEMENT_3D('',#190,#191,#192);
#190 = CARTESIAN_POINT('',(-180.,-1.,23.5));
#191 = DIRECTION('',(0.,1.,0.));
#192 = DIRECTION('',(0.,-0.,1.));
#193 = DEFINITIONAL_REPRESENTATION('',(#194),#198);
#194 = LINE('',#195,#196);
#195 = CARTESIAN_POINT('',(0.,1.570796326795));
#196 = VECTOR('',#197,1.);
#197 = DIRECTION('',(1.,0.));
#198 = ( GEOMETRIC_REPRESENTATION_CONTEXT(2) 
PARAMETRIC_REPRESENTATION_CONTEXT() REPRESENTATION_CONTEXT('2D SPACE',''
  ) );
#199 = FACE_BOUND('',#200,.F.);
#200 = EDGE_LOOP('',(#201));
#201 = ORIENTED_EDGE('',*,*,#202,.F.);
#202 = EDGE_CURVE('',#203,#203,#205,.T.);
#203 = VERTEX_POINT('',#204);
#204 = CARTESIAN_POINT('',(-135.,0.,38.5));
#205 = SURFACE_CURVE('',#206,(#211,#218),.PCURVE_S1.);
#206 = CIRCLE('',#207,15.);
#207 = AXIS2_PLACEMENT_3D('',#208,#209,#210);
#208 = CARTESIAN_POINT('',(-135.,0.,23.5));
#209 = DIRECTION('',(0.,1.,0.));
#210 = DIRECTION('',(0.,-0.,1.));
#211 = PCURVE('',#32,#212);
#212 = DEFINITIONAL_REPRESENTATION('',(#213),#217);
#213 = CIRCLE('',#214,15.);
#214 = AXIS2_PLACEMENT_2D('',#215,#216);
#215 = CARTESIAN_POINT('',(23.5,90.));
#216 = DIRECTION('',(1.,0.));
#217 = ( GEOMETRIC_REPRESENTATION_CONTEXT(2) 
PARAMETRIC_REPRESENTATION_CONTEXT() REPRESENTATION_CONTEXT('2D SPACE',''
  ) );
#218 = PCURVE('',#219,#224);
#219 = TOROIDAL_SURFACE('',#220,15.,1.);
#220 = AXIS2_PLACEMENT_3D('',#221,#222,#223);
#221 = CARTESIAN_POINT('',(-135.,-1.,23.5));
#222 = DIRECTION('',(0.,1.,0.));
#223 = DIRECTION('',(0.,-0.,1.));
#224 = DEFINITIONAL_REPRESENTATION('',(#225),#229);
#225 = LINE('',#226,#227);
#226 = CARTESIAN_POINT('',(0.,1.570796326795));
#227 = VECTOR('',#228,1.);
#228 = DIRECTION('',(1.,0.));
#229 = ( GEOMETRIC_REPRESENTATION_CONTEXT(2) 
PARAMETRIC_REPRESENTATION_CONTEXT() REPRESENTATION_CONTEXT('2D SPACE',''
  ) );
#230 = FACE_BOUND('',#231,.F.);
#231 = EDGE_LOOP('',(#232));
#232 = ORIENTED_EDGE('',*,*,#233,.F.);
#233 = EDGE_CURVE('',#234,#234,#236,.T.);
#234 = VERTEX_POINT('',#235);
#235 = CARTESIAN_POINT('',(-90.,0.,38.5));
#236 = SURFACE_CURVE('',#237,(#242,#249),.PCURVE_S1.);
#237 = CIRCLE('',#238,15.);
#238 = AXIS2_PLACEMENT_3D('',#239,#240,#241);
#239 = CARTESIAN_POINT('',(-90.,0.,23.5));
#240 = DIRECTION('',(0.,1.,0.));
#241 = DIRECTION('',(0.,-0.,1.));
#242 = PCURVE('',#32,#243);
#243 = DEFINITIONAL_REPRESENTATION('',(#244),#248);
#244 = CIRCLE('',#245,15.);
#245 = AXIS2_PLACEMENT_2D('',#246,#247);
#246 = CARTESIAN_POINT('',(23.5,135.));
#247 = DIRECTION('',(1.,0.));
#248 = ( GEOMETRIC_REPRESENTATION_CONTEXT(2) 
PARAMETRIC_REPRESENTATION_CONTEXT() REPRESENTATION_CONTEXT('2D SPACE',''
  ) );
#249 = PCURVE('',#250,#255);
#250 = TOROIDAL_SURFACE('',#251,15.,1.);
#251 = AXIS2_PLACEMENT_3D('',#252,#253,#254);
#252 = CARTESIAN_POINT('',(-90.,-1.,23.5));
#253 = DIRECTION('',(0.,1.,0.));
#254 = DIRECTION('',(0.,-0.,1.));
#255 = DEFINITIONAL_REPRESENTATION('',(#256),#260);
#256 = LINE('',#257,#258);
#257 = CARTESIAN_POINT('',(0.,1.570796326795));
#258 = VECTOR('',#259,1.);
#259 = DIRECTION('',(1.,0.));
#260 = ( GEOMETRIC_REPRESENTATION_CONTEXT(2) 
PARAMETRIC_REPRESENTATION_CONTEXT() REPRESENTATION_CONTEXT('2D SPACE',''
  ) );
#261 = FACE_BOUND('',#262,.F.);
#262 = EDGE_LOOP('',(#263));
#263 = ORIENTED_EDGE('',*,*,#264,.F.);
#264 = EDGE_CURVE('',#265,#265,#267,.T.);
#265 = VERTEX_POINT('',#266);
#266 = CARTESIAN_POINT('',(-22.5,0.,8.65));
#267 = SURFACE_CURVE('',#268,(#273,#280),.PCURVE_S1.);
#268 = CIRCLE('',#269,1.65);
#269 = AXIS2_PLACEMENT_3D('',#270,#271,#272);
#270 = CARTESIAN_POINT('',(-22.5,0.,7.));
#271 = DIRECTION('',(0.,1.,0.));
#272 = DIRECTION('',(0.,-0.,1.));
#273 = PCURVE('',#32,#274);
#274 = DEFINITIONAL_REPRESENTATION('',(#275),#279);
#275 = CIRCLE('',#276,1.65);
#276 = AXIS2_PLACEMENT_2D('',#277,#278);
#277 = CARTESIAN_POINT('',(7.,202.5));
#278 = DIRECTION('',(1.,0.));
#279 = ( GEOMETRIC_REPRESENTATION_CONTEXT(2) 
PARAMETRIC_REPRESENTATION_CONTEXT() REPRESENTATION_CONTEXT('2D SPACE',''
  ) );
#280 = PCURVE('',#281,#286);
#281 = CYLINDRICAL_SURFACE('',#282,1.65);
#282 = AXIS2_PLACEMENT_3D('',#283,#284,#285);
#283 = CARTESIAN_POINT('',(-22.5,0.,7.));
#284 = DIRECTION('',(0.,1.,0.));
#285 = DIRECTION('',(0.,-0.,1.));
#286 = DEFINITIONAL_REPRESENTATION('',(#287),#291);
#287 = LINE('',#288,#289);
#288 = CARTESIAN_POINT('',(0.,0.));
#289 = VECTOR('',#290,1.);
#290 = DIRECTION('',(1.,0.));
#291 = ( GEOMETRIC_REPRESENTATION_CONTEXT(2) 
PARAMETRIC_REPRESENTATION_CONTEXT() REPRESENTATION_CONTEXT('2D SPACE',''
  ) );
#292 = FACE_BOUND('',#293,.F.);
#293 = EDGE_LOOP('',(#294));
#294 = ORIENTED_EDGE('',*,*,#295,.F.);
#295 = EDGE_CURVE('',#296,#296,#298,.T.);
#296 = VERTEX_POINT('',#297);
#297 = CARTESIAN_POINT('',(-45.,0.,38.5));
#298 = SURFACE_CURVE('',#299,(#304,#311),.PCURVE_S1.);
#299 = CIRCLE('',#300,15.);
#300 = AXIS2_PLACEMENT_3D('',#301,#302,#303);
#301 = CARTESIAN_POINT('',(-45.,0.,23.5));
#302 = DIRECTION('',(0.,1.,0.));
#303 = DIRECTION('',(0.,-0.,1.));
#304 = PCURVE('',#32,#305);
#305 = DEFINITIONAL_REPRESENTATION('',(#306),#310);
#306 = CIRCLE('',#307,15.);
#307 = AXIS2_PLACEMENT_2D('',#308,#309);
#308 = CARTESIAN_POINT('',(23.5,180.));
#309 = DIRECTION('',(1.,0.));
#310 = ( GEOMETRIC_REPRESENTATION_CONTEXT(2) 
PARAMETRIC_REPRESENTATION_CONTEXT() REPRESENTATION_CONTEXT('2D SPACE',''
  ) );
#311 = PCURVE('',#312,#317);
#312 = TOROIDAL_SURFACE('',#313,15.,1.);
#313 = AXIS2_PLACEMENT_3D('',#314,#315,#316);
#314 = CARTESIAN_POINT('',(-45.,-1.,23.5));
#315 = DIRECTION('',(0.,1.,0.));
#316 = DIRECTION('',(0.,-0.,1.));
#317 = DEFINITIONAL_REPRESENTATION('',(#318),#322);
#318 = LINE('',#319,#320);
#319 = CARTESIAN_POINT('',(0.,1.570796326795));
#320 = VECTOR('',#321,1.);
#321 = DIRECTION('',(1.,0.));
#322 = ( GEOMETRIC_REPRESENTATION_CONTEXT(2) 
PARAMETRIC_REPRESENTATION_CONTEXT() REPRESENTATION_CONTEXT('2D SPACE',''
  ) );
#323 = FACE_BOUND('',#324,.F.);
#324 = EDGE_LOOP('',(#325));
#325 = ORIENTED_EDGE('',*,*,#326,.F.);
#326 = EDGE_CURVE('',#327,#327,#329,.T.);
#327 = VERTEX_POINT('',#328);
#328 = CARTESIAN_POINT('',(-180.,0.,78.5));
#329 = SURFACE_CURVE('',#330,(#335,#342),.PCURVE_S1.);
#330 = CIRCLE('',#331,15.);
#331 = AXIS2_PLACEMENT_3D('',#332,#333,#334);
#332 = CARTESIAN_POINT('',(-180.,0.,63.5));
#333 = DIRECTION('',(0.,1.,0.));
#334 = DIRECTION('',(0.,-0.,1.));
#335 = PCURVE('',#32,#336);
#336 = DEFINITIONAL_REPRESENTATION('',(#337),#341);
#337 = CIRCLE('',#338,15.);
#338 = AXIS2_PLACEMENT_2D('',#339,#340);
#339 = CARTESIAN_POINT('',(63.5,45.));
#340 = DIRECTION('',(1.,0.));
#341 = ( GEOMETRIC_REPRESENTATION_CONTEXT(2) 
PARAMETRIC_REPRESENTATION_CONTEXT() REPRESENTATION_CONTEXT('2D SPACE',''
  ) );
#342 = PCURVE('',#343,#348);
#343 = TOROIDAL_SURFACE('',#344,15.,1.);
#344 = AXIS2_PLACEMENT_3D('',#345,#346,#347);
#345 = CARTESIAN_POINT('',(-180.,-1.,63.5));
#346 = DIRECTION('',(0.,1.,0.));
#347 = DIRECTION('',(0.,-0.,1.));
#348 = DEFINITIONAL_REPRESENTATION('',(#349),#353);
#349 = LINE('',#350,#351);
#350 = CARTESIAN_POINT('',(0.,1.570796326795));
#351 = VECTOR('',#352,1.);
#352 = DIRECTION('',(1.,0.));
#353 = ( GEOMETRIC_REPRESENTATION_CONTEXT(2) 
PARAMETRIC_REPRESENTATION_CONTEXT() REPRESENTATION_CONTEXT('2D SPACE',''
  ) );
#354 = FACE_BOUND('',#355,.F.);
#355 = EDGE_LOOP('',(#356));
#356 = ORIENTED_EDGE('',*,*,#357,.F.);
#357 = EDGE_CURVE('',#358,#358,#360,.T.);
#358 = VERTEX_POINT('',#359);
#359 = CARTESIAN_POINT('',(-208.,0.,81.65));
#360 = SURFACE_CURVE('',#361,(#366,#373),.PCURVE_S1.);
#361 = CIRCLE('',#362,1.65);
#362 = AXIS2_PLACEMENT_3D('',#363,#364,#365);
#363 = CARTESIAN_POINT('',(-208.,0.,80.));
#364 = DIRECTION('',(0.,1.,0.));
#365 = DIRECTION('',(0.,-0.,1.));
#366 = PCURVE('',#32,#367);
#367 = DEFINITIONAL_REPRESENTATION('',(#368),#372);
#368 = CIRCLE('',#369,1.65);
#369 = AXIS2_PLACEMENT_2D('',#370,#371);
#370 = CARTESIAN_POINT('',(80.,17.));
#371 = DIRECTION('',(1.,0.));
#372 = ( GEOMETRIC_REPRESENTATION_CONTEXT(2) 
PARAMETRIC_REPRESENTATION_CONTEXT() REPRESENTATION_CONTEXT('2D SPACE',''
  ) );
#373 = PCURVE('',#374,#379);
#374 = CYLINDRICAL_SURFACE('',#375,1.65);
#375 = AXIS2_PLACEMENT_3D('',#376,#377,#378);
#376 = CARTESIAN_POINT('',(-208.,0.,80.));
#377 = DIRECTION('',(0.,1.,0.));
#378 = DIRECTION('',(0.,-0.,1.));
#379 = DEFINITIONAL_REPRESENTATION('',(#380),#384);
#380 = LINE('',#381,#382);
#381 = CARTESIAN_POINT('',(0.,0.));
#382 = VECTOR('',#383,1.);
#383 = DIRECTION('',(1.,0.));
#384 = ( GEOMETRIC_REPRESENTATION_CONTEXT(2) 
PARAMETRIC_REPRESENTATION_CONTEXT() REPRESENTATION_CONTEXT('2D SPACE',''
  ) );
#385 = FACE_BOUND('',#386,.F.);
#386 = EDGE_LOOP('',(#387));
#387 = ORIENTED_EDGE('',*,*,#388,.F.);
#388 = EDGE_CURVE('',#389,#389,#391,.T.);
#389 = VERTEX_POINT('',#390);
#390 = CARTESIAN_POINT('',(-135.,0.,78.5));
#391 = SURFACE_CURVE('',#392,(#397,#404),.PCURVE_S1.);
#392 = CIRCLE('',#393,15.);
#393 = AXIS2_PLACEMENT_3D('',#394,#395,#396);
#394 = CARTESIAN_POINT('',(-135.,0.,63.5));
#395 = DIRECTION('',(0.,1.,0.));
#396 = DIRECTION('',(0.,-0.,1.));
#397 = PCURVE('',#32,#398);
#398 = DEFINITIONAL_REPRESENTATION('',(#399),#403);
#399 = CIRCLE('',#400,15.);
#400 = AXIS2_PLACEMENT_2D('',#401,#402);
#401 = CARTESIAN_POINT('',(63.5,90.));
#402 = DIRECTION('',(1.,0.));
#403 = ( GEOMETRIC_REPRESENTATION_CONTEXT(2) 
PARAMETRIC_REPRESENTATION_CONTEXT() REPRESENTATION_CONTEXT('2D SPACE',''
  ) );
#404 = PCURVE('',#405,#410);
#405 = TOROIDAL_SURFACE('',#406,15.,1.);
#406 = AXIS2_PLACEMENT_3D('',#407,#408,#409);
#407 = CARTESIAN_POINT('',(-135.,-1.,63.5));
#408 = DIRECTION('',(0.,1.,0.));
#409 = DIRECTION('',(0.,-0.,1.));
#410 = DEFINITIONAL_REPRESENTATION('',(#411),#415);
#411 = LINE('',#412,#413);
#412 = CARTESIAN_POINT('',(0.,1.570796326795));
#413 = VECTOR('',#414,1.);
#414 = DIRECTION('',(1.,0.));
#415 = ( GEOMETRIC_REPRESENTATION_CONTEXT(2) 
PARAMETRIC_REPRESENTATION_CONTEXT() REPRESENTATION_CONTEXT('2D SPACE',''
  ) );
#416 = FACE_BOUND('',#417,.F.);
#417 = EDGE_LOOP('',(#418));
#418 = ORIENTED_EDGE('',*,*,#419,.F.);
#419 = EDGE_CURVE('',#420,#420,#422,.T.);
#420 = VERTEX_POINT('',#421);
#421 = CARTESIAN_POINT('',(-90.,0.,78.5));
#422 = SURFACE_CURVE('',#423,(#428,#435),.PCURVE_S1.);
#423 = CIRCLE('',#424,15.);
#424 = AXIS2_PLACEMENT_3D('',#425,#426,#427);
#425 = CARTESIAN_POINT('',(-90.,0.,63.5));
#426 = DIRECTION('',(0.,1.,0.));
#427 = DIRECTION('',(0.,-0.,1.));
#428 = PCURVE('',#32,#429);
#429 = DEFINITIONAL_REPRESENTATION('',(#430),#434);
#430 = CIRCLE('',#431,15.);
#431 = AXIS2_PLACEMENT_2D('',#432,#433);
#432 = CARTESIAN_POINT('',(63.5,135.));
#433 = DIRECTION('',(1.,0.));
#434 = ( GEOMETRIC_REPRESENTATION_CONTEXT(2) 
PARAMETRIC_REPRESENTATION_CONTEXT() REPRESENTATION_CONTEXT('2D SPACE',''
  ) );
#435 = PCURVE('',#436,#441);
#436 = TOROIDAL_SURFACE('',#437,15.,1.);
#437 = AXIS2_PLACEMENT_3D('',#438,#439,#440);
#438 = CARTESIAN_POINT('',(-90.,-1.,63.5));
#439 = DIRECTION('',(0.,1.,0.));
#440 = DIRECTION('',(0.,-0.,1.));
#441 = DEFINITIONAL_REPRESENTATION('',(#442),#446);
#442 = LINE('',#443,#444);
#443 = CARTESIAN_POINT('',(0.,1.570796326795));
#444 = VECTOR('',#445,1.);
#445 = DIRECTION('',(1.,0.));
#446 = ( GEOMETRIC_REPRESENTATION_CONTEXT(2) 
PARAMETRIC_REPRESENTATION_CONTEXT() REPRESENTATION_CONTEXT('2D SPACE',''
  ) );
#447 = FACE_BOUND('',#448,.F.);
#448 = EDGE_LOOP('',(#449));
#449 = ORIENTED_EDGE('',*,*,#450,.F.);
#450 = EDGE_CURVE('',#451,#451,#453,.T.);
#451 = VERTEX_POINT('',#452);
#452 = CARTESIAN_POINT('',(-45.,0.,78.5));
#453 = SURFACE_CURVE('',#454,(#459,#466),.PCURVE_S1.);
#454 = CIRCLE('',#455,15.);
#455 = AXIS2_PLACEMENT_3D('',#456,#457,#458);
#456 = CARTESIAN_POINT('',(-45.,0.,63.5));
#457 = DIRECTION('',(0.,1.,0.));
#458 = DIRECTION('',(0.,-0.,1.));
#459 = PCURVE('',#32,#460);
#460 = DEFINITIONAL_REPRESENTATION('',(#461),#465);
#461 = CIRCLE('',#462,15.);
#462 = AXIS2_PLACEMENT_2D('',#463,#464);
#463 = CARTESIAN_POINT('',(63.5,180.));
#464 = DIRECTION('',(1.,0.));
#465 = ( GEOMETRIC_REPRESENTATION_CONTEXT(2) 
PARAMETRIC_REPRESENTATION_CONTEXT() REPRESENTATION_CONTEXT('2D SPACE',''
  ) );
#466 = PCURVE('',#467,#472);
#467 = TOROIDAL_SURFACE('',#468,15.,1.);
#468 = AXIS2_PLACEMENT_3D('',#469,#470,#471);
#469 = CARTESIAN_POINT('',(-45.,-1.,63.5));
#470 = DIRECTION('',(0.,1.,0.));
#471 = DIRECTION('',(0.,-0.,1.));
#472 = DEFINITIONAL_REPRESENTATION('',(#473),#477);
#473 = LINE('',#474,#475);
#474 = CARTESIAN_POINT('',(0.,1.570796326795));
#475 = VECTOR('',#476,1.);
#476 = DIRECTION('',(1.,0.));
#477 = ( GEOMETRIC_REPRESENTATION_CONTEXT(2) 
PARAMETRIC_REPRESENTATION_CONTEXT() REPRESENTATION_CONTEXT('2D SPACE',''
  ) );
#478 = FACE_BOUND('',#479,.F.);
#479 = EDGE_LOOP('',(#480));
#480 = ORIENTED_EDGE('',*,*,#481,.F.);
#481 = EDGE_CURVE('',#482,#482,#484,.T.);
#482 = VERTEX_POINT('',#483);
#483 = CARTESIAN_POINT('',(-22.5,0.,81.65));
#484 = SURFACE_CURVE('',#485,(#490,#497),.PCURVE_S1.);
#485 = CIRCLE('',#486,1.65);
#486 = AXIS2_PLACEMENT_3D('',#487,#488,#489);
#487 = CARTESIAN_POINT('',(-22.5,0.,80.));
#488 = DIRECTION('',(0.,1.,0.));
#489 = DIRECTION('',(0.,-0.,1.));
#490 = PCURVE('',#32,#491);
#491 = DEFINITIONAL_REPRESENTATION('',(#492),#496);
#492 = CIRCLE('',#493,1.65);
#493 = AXIS2_PLACEMENT_2D('',#494,#495);
#494 = CARTESIAN_POINT('',(80.,202.5));
#495 = DIRECTION('',(1.,0.));
#496 = ( GEOMETRIC_REPRESENTATION_CONTEXT(2) 
PARAMETRIC_REPRESENTATION_CONTEXT() REPRESENTATION_CONTEXT('2D SPACE',''
  ) );
#497 = PCURVE('',#498,#503);
#498 = CYLINDRICAL_SURFACE('',#499,1.65);
#499 = AXIS2_PLACEMENT_3D('',#500,#501,#502);
#500 = CARTESIAN_POINT('',(-22.5,0.,80.));
#501 = DIRECTION('',(0.,1.,0.));
#502 = DIRECTION('',(0.,-0.,1.));
#503 = DEFINITIONAL_REPRESENTATION('',(#504),#508);
#504 = LINE('',#505,#506);
#505 = CARTESIAN_POINT('',(0.,0.));
#506 = VECTOR('',#507,1.);
#507 = DIRECTION('',(1.,0.));
#508 = ( GEOMETRIC_REPRESENTATION_CONTEXT(2) 
PARAMETRIC_REPRESENTATION_CONTEXT() REPRESENTATION_CONTEXT('2D SPACE',''
  ) );
#509 = FACE_BOUND('',#510,.F.);
#510 = EDGE_LOOP('',(#511));
#511 = ORIENTED_EDGE('',*,*,#512,.F.);
#512 = EDGE_CURVE('',#513,#513,#515,.T.);
#513 = VERTEX_POINT('',#514);
#514 = CARTESIAN_POINT('',(22.5,0.,8.65));
#515 = SURFACE_CURVE('',#516,(#521,#528),.PCURVE_S1.);
#516 = CIRCLE('',#517,1.65);
#517 = AXIS2_PLACEMENT_3D('',#518,#519,#520);
#518 = CARTESIAN_POINT('',(22.5,0.,7.));
#519 = DIRECTION('',(0.,1.,0.));
#520 = DIRECTION('',(0.,-0.,1.));
#521 = PCURVE('',#32,#522);
#522 = DEFINITIONAL_REPRESENTATION('',(#523),#527);
#523 = CIRCLE('',#524,1.65);
#524 = AXIS2_PLACEMENT_2D('',#525,#526);
#525 = CARTESIAN_POINT('',(7.,247.5));
#526 = DIRECTION('',(1.,0.));
#527 = ( GEOMETRIC_REPRESENTATION_CONTEXT(2) 
PARAMETRIC_REPRESENTATION_CONTEXT() REPRESENTATION_CONTEXT('2D SPACE',''
  ) );
#528 = PCURVE('',#529,#534);
#529 = CYLINDRICAL_SURFACE('',#530,1.65);
#530 = AXIS2_PLACEMENT_3D('',#531,#532,#533);
#531 = CARTESIAN_POINT('',(22.5,0.,7.));
#532 = DIRECTION('',(0.,1.,0.));
#533 = DIRECTION('',(0.,-0.,1.));
#534 = DEFINITIONAL_REPRESENTATION('',(#535),#539);
#535 = LINE('',#536,#537);
#536 = CARTESIAN_POINT('',(0.,0.));
#537 = VECTOR('',#538,1.);
#538 = DIRECTION('',(1.,0.));
#539 = ( GEOMETRIC_REPRESENTATION_CONTEXT(2) 
PARAMETRIC_REPRESENTATION_CONTEXT() REPRESENTATION_CONTEXT('2D SPACE',''
  ) );
#540 = FACE_BOUND('',#541,.F.);
#541 = EDGE_LOOP('',(#542));
#542 = ORIENTED_EDGE('',*,*,#543,.F.);
#543 = EDGE_CURVE('',#544,#544,#546,.T.);
#544 = VERTEX_POINT('',#545);
#545 = CARTESIAN_POINT('',(0.,0.,38.5));
#546 = SURFACE_CURVE('',#547,(#552,#559),.PCURVE_S1.);
#547 = CIRCLE('',#548,15.);
#548 = AXIS2_PLACEMENT_3D('',#549,#550,#551);
#549 = CARTESIAN_POINT('',(0.,0.,23.5));
#550 = DIRECTION('',(0.,1.,0.));
#551 = DIRECTION('',(0.,-0.,1.));
#552 = PCURVE('',#32,#553);
#553 = DEFINITIONAL_REPRESENTATION('',(#554),#558);
#554 = CIRCLE('',#555,15.);
#555 = AXIS2_PLACEMENT_2D('',#556,#557);
#556 = CARTESIAN_POINT('',(23.5,225.));
#557 = DIRECTION('',(1.,0.));
#558 = ( GEOMETRIC_REPRESENTATION_CONTEXT(2) 
PARAMETRIC_REPRESENTATION_CONTEXT() REPRESENTATION_CONTEXT('2D SPACE',''
  ) );
#559 = PCURVE('',#560,#565);
#560 = TOROIDAL_SURFACE('',#561,15.,1.);
#561 = AXIS2_PLACEMENT_3D('',#562,#563,#564);
#562 = CARTESIAN_POINT('',(0.,-1.,23.5));
#563 = DIRECTION('',(0.,1.,0.));
#564 = DIRECTION('',(0.,-0.,1.));
#565 = DEFINITIONAL_REPRESENTATION('',(#566),#570);
#566 = LINE('',#567,#568);
#567 = CARTESIAN_POINT('',(0.,1.570796326795));
#568 = VECTOR('',#569,1.);
#569 = DIRECTION('',(1.,0.));
#570 = ( GEOMETRIC_REPRESENTATION_CONTEXT(2) 
PARAMETRIC_REPRESENTATION_CONTEXT() REPRESENTATION_CONTEXT('2D SPACE',''
  ) );
#571 = FACE_BOUND('',#572,.F.);
#572 = EDGE_LOOP('',(#573));
#573 = ORIENTED_EDGE('',*,*,#574,.F.);
#574 = EDGE_CURVE('',#575,#575,#577,.T.);
#575 = VERTEX_POINT('',#576);
#576 = CARTESIAN_POINT('',(45.,0.,38.5));
#577 = SURFACE_CURVE('',#578,(#583,#590),.PCURVE_S1.);
#578 = CIRCLE('',#579,15.);
#579 = AXIS2_PLACEMENT_3D('',#580,#581,#582);
#580 = CARTESIAN_POINT('',(45.,0.,23.5));
#581 = DIRECTION('',(0.,1.,0.));
#582 = DIRECTION('',(0.,-0.,1.));
#583 = PCURVE('',#32,#584);
#584 = DEFINITIONAL_REPRESENTATION('',(#585),#589);
#585 = CIRCLE('',#586,15.);
#586 = AXIS2_PLACEMENT_2D('',#587,#588);
#587 = CARTESIAN_POINT('',(23.5,270.));
#588 = DIRECTION('',(1.,0.));
#589 = ( GEOMETRIC_REPRESENTATION_CONTEXT(2) 
PARAMETRIC_REPRESENTATION_CONTEXT() REPRESENTATION_CONTEXT('2D SPACE',''
  ) );
#590 = PCURVE('',#591,#596);
#591 = TOROIDAL_SURFACE('',#592,15.,1.);
#592 = AXIS2_PLACEMENT_3D('',#593,#594,#595);
#593 = CARTESIAN_POINT('',(45.,-1.,23.5));
#594 = DIRECTION('',(0.,1.,0.));
#595 = DIRECTION('',(0.,-0.,1.));
#596 = DEFINITIONAL_REPRESENTATION('',(#597),#601);
#597 = LINE('',#598,#599);
#598 = CARTESIAN_POINT('',(0.,1.570796326795));
#599 = VECTOR('',#600,1.);
#600 = DIRECTION('',(1.,0.));
#601 = ( GEOMETRIC_REPRESENTATION_CONTEXT(2) 
PARAMETRIC_REPRESENTATION_CONTEXT() REPRESENTATION_CONTEXT('2D SPACE',''
  ) );
#602 = FACE_BOUND('',#603,.F.);
#603 = EDGE_LOOP('',(#604));
#604 = ORIENTED_EDGE('',*,*,#605,.F.);
#605 = EDGE_CURVE('',#606,#606,#608,.T.);
#606 = VERTEX_POINT('',#607);
#607 = CARTESIAN_POINT('',(90.,0.,38.5));
#608 = SURFACE_CURVE('',#609,(#614,#621),.PCURVE_S1.);
#609 = CIRCLE('',#610,15.);
#610 = AXIS2_PLACEMENT_3D('',#611,#612,#613);
#611 = CARTESIAN_POINT('',(90.,0.,23.5));
#612 = DIRECTION('',(0.,1.,0.));
#613 = DIRECTION('',(0.,-0.,1.));
#614 = PCURVE('',#32,#615);
#615 = DEFINITIONAL_REPRESENTATION('',(#616),#620);
#616 = CIRCLE('',#617,15.);
#617 = AXIS2_PLACEMENT_2D('',#618,#619);
#618 = CARTESIAN_POINT('',(23.5,315.));
#619 = DIRECTION('',(1.,0.));
#620 = ( GEOMETRIC_REPRESENTATION_CONTEXT(2) 
PARAMETRIC_REPRESENTATION_CONTEXT() REPRESENTATION_CONTEXT('2D SPACE',''
  ) );
#621 = PCURVE('',#622,#627);
#622 = TOROIDAL_SURFACE('',#623,15.,1.);
#623 = AXIS2_PLACEMENT_3D('',#624,#625,#626);
#624 = CARTESIAN_POINT('',(90.,-1.,23.5));
#625 = DIRECTION('',(0.,1.,0.));
#626 = DIRECTION('',(0.,-0.,1.));
#627 = DEFINITIONAL_REPRESENTATION('',(#628),#632);
#628 = LINE('',#629,#630);
#629 = CARTESIAN_POINT('',(0.,1.570796326795));
#630 = VECTOR('',#631,1.);
#631 = DIRECTION('',(1.,0.));
#632 = ( GEOMETRIC_REPRESENTATION_CONTEXT(2) 
PARAMETRIC_REPRESENTATION_CONTEXT() REPRESENTATION_CONTEXT('2D SPACE',''
  ) );
#633 = FACE_BOUND('',#634,.F.);
#634 = EDGE_LOOP('',(#635));
#635 = ORIENTED_EDGE('',*,*,#636,.F.);
#636 = EDGE_CURVE('',#637,#637,#639,.T.);
#637 = VERTEX_POINT('',#638);
#638 = CARTESIAN_POINT('',(135.,0.,38.5));
#639 = SURFACE_CURVE('',#640,(#645,#652),.PCURVE_S1.);
#640 = CIRCLE('',#641,15.);
#641 = AXIS2_PLACEMENT_3D('',#642,#643,#644);
#642 = CARTESIAN_POINT('',(135.,0.,23.5));
#643 = DIRECTION('',(0.,1.,0.));
#644 = DIRECTION('',(0.,-0.,1.));
#645 = PCURVE('',#32,#646);
#646 = DEFINITIONAL_REPRESENTATION('',(#647),#651);
#647 = CIRCLE('',#648,15.);
#648 = AXIS2_PLACEMENT_2D('',#649,#650);
#649 = CARTESIAN_POINT('',(23.5,360.));
#650 = DIRECTION('',(1.,0.));
#651 = ( GEOMETRIC_REPRESENTATION_CONTEXT(2) 
PARAMETRIC_REPRESENTATION_CONTEXT() REPRESENTATION_CONTEXT('2D SPACE',''
  ) );
#652 = PCURVE('',#653,#658);
#653 = TOROIDAL_SURFACE('',#654,15.,1.);
#654 = AXIS2_PLACEMENT_3D('',#655,#656,#657);
#655 = CARTESIAN_POINT('',(135.,-1.,23.5));
#656 = DIRECTION('',(0.,1.,0.));
#657 = DIRECTION('',(0.,-0.,1.));
#658 = DEFINITIONAL_REPRESENTATION('',(#659),#663);
#659 = LINE('',#660,#661);
#660 = CARTESIAN_POINT('',(0.,1.570796326795));
#661 = VECTOR('',#662,1.);
#662 = DIRECTION('',(1.,0.));
#663 = ( GEOMETRIC_REPRESENTATION_CONTEXT(2) 
PARAMETRIC_REPRESENTATION_CONTEXT() REPRESENTATION_CONTEXT('2D SPACE',''
  ) );
#664 = FACE_BOUND('',#665,.F.);
#665 = EDGE_LOOP('',(#666));
#666 = ORIENTED_EDGE('',*,*,#667,.F.);
#667 = EDGE_CURVE('',#668,#668,#670,.T.);
#668 = VERTEX_POINT('',#669);
#669 = CARTESIAN_POINT('',(208.,0.,8.65));
#670 = SURFACE_CURVE('',#671,(#676,#683),.PCURVE_S1.);
#671 = CIRCLE('',#672,1.65);
#672 = AXIS2_PLACEMENT_3D('',#673,#674,#675);
#673 = CARTESIAN_POINT('',(208.,0.,7.));
#674 = DIRECTION('',(0.,1.,0.));
#675 = DIRECTION('',(0.,-0.,1.));
#676 = PCURVE('',#32,#677);
#677 = DEFINITIONAL_REPRESENTATION('',(#678),#682);
#678 = CIRCLE('',#679,1.65);
#679 = AXIS2_PLACEMENT_2D('',#680,#681);
#680 = CARTESIAN_POINT('',(7.,433.));
#681 = DIRECTION('',(1.,0.));
#682 = ( GEOMETRIC_REPRESENTATION_CONTEXT(2) 
PARAMETRIC_REPRESENTATION_CONTEXT() REPRESENTATION_CONTEXT('2D SPACE',''
  ) );
#683 = PCURVE('',#684,#689);
#684 = CYLINDRICAL_SURFACE('',#685,1.65);
#685 = AXIS2_PLACEMENT_3D('',#686,#687,#688);
#686 = CARTESIAN_POINT('',(208.,0.,7.));
#687 = DIRECTION('',(0.,1.,0.));
#688 = DIRECTION('',(0.,-0.,1.));
#689 = DEFINITIONAL_REPRESENTATION('',(#690),#694);
#690 = LINE('',#691,#692);
#691 = CARTESIAN_POINT('',(0.,0.));
#692 = VECTOR('',#693,1.);
#693 = DIRECTION('',(1.,0.));
#694 = ( GEOMETRIC_REPRESENTATION_CONTEXT(2) 
PARAMETRIC_REPRESENTATION_CONTEXT() REPRESENTATION_CONTEXT('2D SPACE',''
  ) );
#695 = FACE_BOUND('',#696,.F.);
#696 = EDGE_LOOP('',(#697));
#697 = ORIENTED_EDGE('',*,*,#698,.F.);
#698 = EDGE_CURVE('',#699,#699,#701,.T.);
#699 = VERTEX_POINT('',#700);
#700 = CARTESIAN_POINT('',(180.,0.,38.5));
#701 = SURFACE_CURVE('',#702,(#707,#714),.PCURVE_S1.);
#702 = CIRCLE('',#703,15.);
#703 = AXIS2_PLACEMENT_3D('',#704,#705,#706);
#704 = CARTESIAN_POINT('',(180.,0.,23.5));
#705 = DIRECTION('',(0.,1.,0.));
#706 = DIRECTION('',(0.,-0.,1.));
#707 = PCURVE('',#32,#708);
#708 = DEFINITIONAL_REPRESENTATION('',(#709),#713);
#709 = CIRCLE('',#710,15.);
#710 = AXIS2_PLACEMENT_2D('',#711,#712);
#711 = CARTESIAN_POINT('',(23.5,405.));
#712 = DIRECTION('',(1.,0.));
#713 = ( GEOMETRIC_REPRESENTATION_CONTEXT(2) 
PARAMETRIC_REPRESENTATION_CONTEXT() REPRESENTATION_CONTEXT('2D SPACE',''
  ) );
#714 = PCURVE('',#715,#720);
#715 = TOROIDAL_SURFACE('',#716,15.,1.);
#716 = AXIS2_PLACEMENT_3D('',#717,#718,#719);
#717 = CARTESIAN_POINT('',(180.,-1.,23.5));
#718 = DIRECTION('',(0.,1.,0.));
#719 = DIRECTION('',(0.,-0.,1.));
#720 = DEFINITIONAL_REPRESENTATION('',(#721),#725);
#721 = LINE('',#722,#723);
#722 = CARTESIAN_POINT('',(0.,1.570796326795));
#723 = VECTOR('',#724,1.);
#724 = DIRECTION('',(1.,0.));
#725 = ( GEOMETRIC_REPRESENTATION_CONTEXT(2) 
PARAMETRIC_REPRESENTATION_CONTEXT() REPRESENTATION_CONTEXT('2D SPACE',''
  ) );
#726 = FACE_BOUND('',#727,.F.);
#727 = EDGE_LOOP('',(#728));
#728 = ORIENTED_EDGE('',*,*,#729,.F.);
#729 = EDGE_CURVE('',#730,#730,#732,.T.);
#730 = VERTEX_POINT('',#731);
#731 = CARTESIAN_POINT('',(0.,0.,78.5));
#732 = SURFACE_CURVE('',#733,(#738,#745),.PCURVE_S1.);
#733 = CIRCLE('',#734,15.);
#734 = AXIS2_PLACEMENT_3D('',#735,#736,#737);
#735 = CARTESIAN_POINT('',(0.,0.,63.5));
#736 = DIRECTION('',(0.,1.,0.));
#737 = DIRECTION('',(0.,-0.,1.));
#738 = PCURVE('',#32,#739);
#739 = DEFINITIONAL_REPRESENTATION('',(#740),#744);
#740 = CIRCLE('',#741,15.);
#741 = AXIS2_PLACEMENT_2D('',#742,#743);
#742 = CARTESIAN_POINT('',(63.5,225.));
#743 = DIRECTION('',(1.,0.));
#744 = ( GEOMETRIC_REPRESENTATION_CONTEXT(2) 
PARAMETRIC_REPRESENTATION_CONTEXT() REPRESENTATION_CONTEXT('2D SPACE',''
  ) );
#745 = PCURVE('',#746,#751);
#746 = TOROIDAL_SURFACE('',#747,15.,1.);
#747 = AXIS2_PLACEMENT_3D('',#748,#749,#750);
#748 = CARTESIAN_POINT('',(0.,-1.,63.5));
#749 = DIRECTION('',(0.,1.,0.));
#750 = DIRECTION('',(0.,-0.,1.));
#751 = DEFINITIONAL_REPRESENTATION('',(#752),#756);
#752 = LINE('',#753,#754);
#753 = CARTESIAN_POINT('',(0.,1.570796326795));
#754 = VECTOR('',#755,1.);
#755 = DIRECTION('',(1.,0.));
#756 = ( GEOMETRIC_REPRESENTATION_CONTEXT(2) 
PARAMETRIC_REPRESENTATION_CONTEXT() REPRESENTATION_CONTEXT('2D SPACE',''
  ) );
#757 = FACE_BOUND('',#758,.F.);
#758 = EDGE_LOOP('',(#759));
#759 = ORIENTED_EDGE('',*,*,#760,.F.);
#760 = EDGE_CURVE('',#761,#761,#763,.T.);
#761 = VERTEX_POINT('',#762);
#762 = CARTESIAN_POINT('',(45.,0.,78.5));
#763 = SURFACE_CURVE('',#764,(#769,#776),.PCURVE_S1.);
#764 = CIRCLE('',#765,15.);
#765 = AXIS2_PLACEMENT_3D('',#766,#767,#768);
#766 = CARTESIAN_POINT('',(45.,0.,63.5));
#767 = DIRECTION('',(0.,1.,0.));
#768 = DIRECTION('',(0.,-0.,1.));
#769 = PCURVE('',#32,#770);
#770 = DEFINITIONAL_REPRESENTATION('',(#771),#775);
#771 = CIRCLE('',#772,15.);
#772 = AXIS2_PLACEMENT_2D('',#773,#774);
#773 = CARTESIAN_POINT('',(63.5,270.));
#774 = DIRECTION('',(1.,0.));
#775 = ( GEOMETRIC_REPRESENTATION_CONTEXT(2) 
PARAMETRIC_REPRESENTATION_CONTEXT() REPRESENTATION_CONTEXT('2D SPACE',''
  ) );
#776 = PCURVE('',#777,#782);
#777 = TOROIDAL_SURFACE('',#778,15.,1.);
#778 = AXIS2_PLACEMENT_3D('',#779,#780,#781);
#779 = CARTESIAN_POINT('',(45.,-1.,63.5));
#780 = DIRECTION('',(0.,1.,0.));
#781 = DIRECTION('',(0.,-0.,1.));
#782 = DEFINITIONAL_REPRESENTATION('',(#783),#787);
#783 = LINE('',#784,#785);
#784 = CARTESIAN_POINT('',(0.,1.570796326795));
#785 = VECTOR('',#786,1.);
#786 = DIRECTION('',(1.,0.));
#787 = ( GEOMETRIC_REPRESENTATION_CONTEXT(2) 
PARAMETRIC_REPRESENTATION_CONTEXT() REPRESENTATION_CONTEXT('2D SPACE',''
  ) );
#788 = FACE_BOUND('',#789,.F.);
#789 = EDGE_LOOP('',(#790));
#790 = ORIENTED_EDGE('',*,*,#791,.F.);
#791 = EDGE_CURVE('',#792,#792,#794,.T.);
#792 = VERTEX_POINT('',#793);
#793 = CARTESIAN_POINT('',(22.5,0.,81.65));
#794 = SURFACE_CURVE('',#795,(#800,#807),.PCURVE_S1.);
#795 = CIRCLE('',#796,1.65);
#796 = AXIS2_PLACEMENT_3D('',#797,#798,#799);
#797 = CARTESIAN_POINT('',(22.5,0.,80.));
#798 = DIRECTION('',(0.,1.,0.));
#799 = DIRECTION('',(0.,-0.,1.));
#800 = PCURVE('',#32,#801);
#801 = DEFINITIONAL_REPRESENTATION('',(#802),#806);
#802 = CIRCLE('',#803,1.65);
#803 = AXIS2_PLACEMENT_2D('',#804,#805);
#804 = CARTESIAN_POINT('',(80.,247.5));
#805 = DIRECTION('',(1.,0.));
#806 = ( GEOMETRIC_REPRESENTATION_CONTEXT(2) 
PARAMETRIC_REPRESENTATION_CONTEXT() REPRESENTATION_CONTEXT('2D SPACE',''
  ) );
#807 = PCURVE('',#808,#813);
#808 = CYLINDRICAL_SURFACE('',#809,1.65);
#809 = AXIS2_PLACEMENT_3D('',#810,#811,#812);
#810 = CARTESIAN_POINT('',(22.5,0.,80.));
#811 = DIRECTION('',(0.,1.,0.));
#812 = DIRECTION('',(0.,-0.,1.));
#813 = DEFINITIONAL_REPRESENTATION('',(#814),#818);
#814 = LINE('',#815,#816);
#815 = CARTESIAN_POINT('',(0.,0.));
#816 = VECTOR('',#817,1.);
#817 = DIRECTION('',(1.,0.));
#818 = ( GEOMETRIC_REPRESENTATION_CONTEXT(2) 
PARAMETRIC_REPRESENTATION_CONTEXT() REPRESENTATION_CONTEXT('2D SPACE',''
  ) );
#819 = FACE_BOUND('',#820,.F.);
#820 = EDGE_LOOP('',(#821));
#821 = ORIENTED_EDGE('',*,*,#822,.F.);
#822 = EDGE_CURVE('',#823,#823,#825,.T.);
#823 = VERTEX_POINT('',#824);
#824 = CARTESIAN_POINT('',(90.,0.,78.5));
#825 = SURFACE_CURVE('',#826,(#831,#838),.PCURVE_S1.);
#826 = CIRCLE('',#827,15.);
#827 = AXIS2_PLACEMENT_3D('',#828,#829,#830);
#828 = CARTESIAN_POINT('',(90.,0.,63.5));
#829 = DIRECTION('',(0.,1.,0.));
#830 = DIRECTION('',(0.,-0.,1.));
#831 = PCURVE('',#32,#832);
#832 = DEFINITIONAL_REPRESENTATION('',(#833),#837);
#833 = CIRCLE('',#834,15.);
#834 = AXIS2_PLACEMENT_2D('',#835,#836);
#835 = CARTESIAN_POINT('',(63.5,315.));
#836 = DIRECTION('',(1.,0.));
#837 = ( GEOMETRIC_REPRESENTATION_CONTEXT(2) 
PARAMETRIC_REPRESENTATION_CONTEXT() REPRESENTATION_CONTEXT('2D SPACE',''
  ) );
#838 = PCURVE('',#839,#844);
#839 = TOROIDAL_SURFACE('',#840,15.,1.);
#840 = AXIS2_PLACEMENT_3D('',#841,#842,#843);
#841 = CARTESIAN_POINT('',(90.,-1.,63.5));
#842 = DIRECTION('',(0.,1.,0.));
#843 = DIRECTION('',(0.,-0.,1.));
#844 = DEFINITIONAL_REPRESENTATION('',(#845),#849);
#845 = LINE('',#846,#847);
#846 = CARTESIAN_POINT('',(0.,1.570796326795));
#847 = VECTOR('',#848,1.);
#848 = DIRECTION('',(1.,0.));
#849 = ( GEOMETRIC_REPRESENTATION_CONTEXT(2) 
PARAMETRIC_REPRESENTATION_CONTEXT() REPRESENTATION_CONTEXT('2D SPACE',''
  ) );
#850 = FACE_BOUND('',#851,.F.);
#851 = EDGE_LOOP('',(#852));
#852 = ORIENTED_EDGE('',*,*,#853,.F.);
#853 = EDGE_CURVE('',#854,#854,#856,.T.);
#854 = VERTEX_POINT('',#855);
#855 = CARTESIAN_POINT('',(135.,0.,78.5));
#856 = SURFACE_CURVE('',#857,(#862,#869),.PCURVE_S1.);
#857 = CIRCLE('',#858,15.);
#858 = AXIS2_PLACEMENT_3D('',#859,#860,#861);
#859 = CARTESIAN_POINT('',(135.,0.,63.5));
#860 = DIRECTION('',(0.,1.,0.));
#861 = DIRECTION('',(0.,-0.,1.));
#862 = PCURVE('',#32,#863);
#863 = DEFINITIONAL_REPRESENTATION('',(#864),#868);
#864 = CIRCLE('',#865,15.);
#865 = AXIS2_PLACEMENT_2D('',#866,#867);
#866 = CARTESIAN_POINT('',(63.5,360.));
#867 = DIRECTION('',(1.,0.));
#868 = ( GEOMETRIC_REPRESENTATION_CONTEXT(2) 
PARAMETRIC_REPRESENTATION_CONTEXT() REPRESENTATION_CONTEXT('2D SPACE',''
  ) );
#869 = PCURVE('',#870,#875);
#870 = TOROIDAL_SURFACE('',#871,15.,1.);
#871 = AXIS2_PLACEMENT_3D('',#872,#873,#874);
#872 = CARTESIAN_POINT('',(135.,-1.,63.5));
#873 = DIRECTION('',(0.,1.,0.));
#874 = DIRECTION('',(0.,-0.,1.));
#875 = DEFINITIONAL_REPRESENTATION('',(#876),#880);
#876 = LINE('',#877,#878);
#877 = CARTESIAN_POINT('',(0.,1.570796326795));
#878 = VECTOR('',#879,1.);
#879 = DIRECTION('',(1.,0.));
#880 = ( GEOMETRIC_REPRESENTATION_CONTEXT(2) 
PARAMETRIC_REPRESENTATION_CONTEXT() REPRESENTATION_CONTEXT('2D SPACE',''
  ) );
#881 = FACE_BOUND('',#882,.F.);
#882 = EDGE_LOOP('',(#883));
#883 = ORIENTED_EDGE('',*,*,#884,.F.);
#884 = EDGE_CURVE('',#885,#885,#887,.T.);
#885 = VERTEX_POINT('',#886);
#886 = CARTESIAN_POINT('',(180.,0.,78.5));
#887 = SURFACE_CURVE('',#888,(#893,#900),.PCURVE_S1.);
#888 = CIRCLE('',#889,15.);
#889 = AXIS2_PLACEMENT_3D('',#890,#891,#892);
#890 = CARTESIAN_POINT('',(180.,0.,63.5));
#891 = DIRECTION('',(0.,1.,0.));
#892 = DIRECTION('',(0.,-0.,1.));
#893 = PCURVE('',#32,#894);
#894 = DEFINITIONAL_REPRESENTATION('',(#895),#899);
#895 = CIRCLE('',#896,15.);
#896 = AXIS2_PLACEMENT_2D('',#897,#898);
#897 = CARTESIAN_POINT('',(63.5,405.));
#898 = DIRECTION('',(1.,0.));
#899 = ( GEOMETRIC_REPRESENTATION_CONTEXT(2) 
PARAMETRIC_REPRESENTATION_CONTEXT() REPRESENTATION_CONTEXT('2D SPACE',''
  ) );
#900 = PCURVE('',#901,#906);
#901 = TOROIDAL_SURFACE('',#902,15.,1.);
#902 = AXIS2_PLACEMENT_3D('',#903,#904,#905);
#903 = CARTESIAN_POINT('',(180.,-1.,63.5));
#904 = DIRECTION('',(0.,1.,0.));
#905 = DIRECTION('',(0.,-0.,1.));
#906 = DEFINITIONAL_REPRESENTATION('',(#907),#911);
#907 = LINE('',#908,#909);
#908 = CARTESIAN_POINT('',(0.,1.570796326795));
#909 = VECTOR('',#910,1.);
#910 = DIRECTION('',(1.,0.));
#911 = ( GEOMETRIC_REPRESENTATION_CONTEXT(2) 
PARAMETRIC_REPRESENTATION_CONTEXT() REPRESENTATION_CONTEXT('2D SPACE',''
  ) );
#912 = FACE_BOUND('',#913,.F.);
#913 = EDGE_LOOP('',(#914));
#914 = ORIENTED_EDGE('',*,*,#915,.F.);
#915 = EDGE_CURVE('',#916,#916,#918,.T.);
#916 = VERTEX_POINT('',#917);
#917 = CARTESIAN_POINT('',(208.,0.,81.65));
#918 = SURFACE_CURVE('',#919,(#924,#931),.PCURVE_S1.);
#919 = CIRCLE('',#920,1.65);
#920 = AXIS2_PLACEMENT_3D('',#921,#922,#923);
#921 = CARTESIAN_POINT('',(208.,0.,80.));
#922 = DIRECTION('',(0.,1.,0.));
#923 = DIRECTION('',(0.,-0.,1.));
#924 = PCURVE('',#32,#925);
#925 = DEFINITIONAL_REPRESENTATION('',(#926),#930);
#926 = CIRCLE('',#927,1.65);
#927 = AXIS2_PLACEMENT_2D('',#928,#929);
#928 = CARTESIAN_POINT('',(80.,433.));
#929 = DIRECTION('',(1.,0.));
#930 = ( GEOMETRIC_REPRESENTATION_CONTEXT(2) 
PARAMETRIC_REPRESENTATION_CONTEXT() REPRESENTATION_CONTEXT('2D SPACE',''
  ) );
#931 = PCURVE('',#932,#937);
#932 = CYLINDRICAL_SURFACE('',#933,1.65);
#933 = AXIS2_PLACEMENT_3D('',#934,#935,#936);
#934 = CARTESIAN_POINT('',(208.,0.,80.));
#935 = DIRECTION('',(0.,1.,0.));
#936 = DIRECTION('',(0.,-0.,1.));
#937 = DEFINITIONAL_REPRESENTATION('',(#938),#942);
#938 = LINE('',#939,#940);
#939 = CARTESIAN_POINT('',(0.,0.));
#940 = VECTOR('',#941,1.);
#941 = DIRECTION('',(1.,0.));
#942 = ( GEOMETRIC_REPRESENTATION_CONTEXT(2) 
PARAMETRIC_REPRESENTATION_CONTEXT() REPRESENTATION_CONTEXT('2D SPACE',''
  ) );
#943 = ADVANCED_FACE('',(#944),#44,.F.);
#944 = FACE_BOUND('',#945,.F.);
#945 = EDGE_LOOP('',(#946,#969,#970,#993));
#946 = ORIENTED_EDGE('',*,*,#947,.F.);
#947 = EDGE_CURVE('',#22,#948,#950,.T.);
#948 = VERTEX_POINT('',#949);
#949 = CARTESIAN_POINT('',(-225.,40.,0.));
#950 = SURFACE_CURVE('',#951,(#955,#962),.PCURVE_S1.);
#951 = LINE('',#952,#953);
#952 = CARTESIAN_POINT('',(-225.,0.,0.));
#953 = VECTOR('',#954,1.);
#954 = DIRECTION('',(0.,1.,0.));
#955 = PCURVE('',#44,#956);
#956 = DEFINITIONAL_REPRESENTATION('',(#957),#961);
#957 = LINE('',#958,#959);
#958 = CARTESIAN_POINT('',(0.,0.));
#959 = VECTOR('',#960,1.);
#960 = DIRECTION('',(0.,1.));
#961 = ( GEOMETRIC_REPRESENTATION_CONTEXT(2) 
PARAMETRIC_REPRESENTATION_CONTEXT() REPRESENTATION_CONTEXT('2D SPACE',''
  ) );
#962 = PCURVE('',#72,#963);
#963 = DEFINITIONAL_REPRESENTATION('',(#964),#968);
#964 = LINE('',#965,#966);
#965 = CARTESIAN_POINT('',(0.,0.));
#966 = VECTOR('',#967,1.);
#967 = DIRECTION('',(0.,-1.));
#968 = ( GEOMETRIC_REPRESENTATION_CONTEXT(2) 
PARAMETRIC_REPRESENTATION_CONTEXT() REPRESENTATION_CONTEXT('2D SPACE',''
  ) );
#969 = ORIENTED_EDGE('',*,*,#21,.T.);
#970 = ORIENTED_EDGE('',*,*,#971,.T.);
#971 = EDGE_CURVE('',#24,#972,#974,.T.);
#972 = VERTEX_POINT('',#973);
#973 = CARTESIAN_POINT('',(225.,40.,0.));
#974 = SURFACE_CURVE('',#975,(#979,#986),.PCURVE_S1.);
#975 = LINE('',#976,#977);
#976 = CARTESIAN_POINT('',(225.,0.,0.));
#977 = VECTOR('',#978,1.);
#978 = DIRECTION('',(0.,1.,0.));
#979 = PCURVE('',#44,#980);
#980 = DEFINITIONAL_REPRESENTATION('',(#981),#985);
#981 = LINE('',#982,#983);
#982 = CARTESIAN_POINT('',(450.,0.));
#983 = VECTOR('',#984,1.);
#984 = DIRECTION('',(0.,1.));
#985 = ( GEOMETRIC_REPRESENTATION_CONTEXT(2) 
PARAMETRIC_REPRESENTATION_CONTEXT() REPRESENTATION_CONTEXT('2D SPACE',''
  ) );
#986 = PCURVE('',#126,#987);
#987 = DEFINITIONAL_REPRESENTATION('',(#988),#992);
#988 = LINE('',#989,#990);
#989 = CARTESIAN_POINT('',(0.,0.));
#990 = VECTOR('',#991,1.);
#991 = DIRECTION('',(0.,-1.));
#992 = ( GEOMETRIC_REPRESENTATION_CONTEXT(2) 
PARAMETRIC_REPRESENTATION_CONTEXT() REPRESENTATION_CONTEXT('2D SPACE',''
  ) );
#993 = ORIENTED_EDGE('',*,*,#994,.F.);
#994 = EDGE_CURVE('',#948,#972,#995,.T.);
#995 = SURFACE_CURVE('',#996,(#1000,#1007),.PCURVE_S1.);
#996 = LINE('',#997,#998);
#997 = CARTESIAN_POINT('',(-225.,40.,0.));
#998 = VECTOR('',#999,1.);
#999 = DIRECTION('',(1.,0.,0.));
#1000 = PCURVE('',#44,#1001);
#1001 = DEFINITIONAL_REPRESENTATION('',(#1002),#1006);
#1002 = LINE('',#1003,#1004);
#1003 = CARTESIAN_POINT('',(0.,40.));
#1004 = VECTOR('',#1005,1.);
#1005 = DIRECTION('',(1.,0.));
#1006 = ( GEOMETRIC_REPRESENTATION_CONTEXT(2) 
PARAMETRIC_REPRESENTATION_CONTEXT() REPRESENTATION_CONTEXT('2D SPACE',''
  ) );
#1007 = PCURVE('',#1008,#1013);
#1008 = PLANE('',#1009);
#1009 = AXIS2_PLACEMENT_3D('',#1010,#1011,#1012);
#1010 = CARTESIAN_POINT('',(-225.,40.,0.));
#1011 = DIRECTION('',(0.,1.,0.));
#1012 = DIRECTION('',(0.,0.,1.));
#1013 = DEFINITIONAL_REPRESENTATION('',(#1014),#1018);
#1014 = LINE('',#1015,#1016);
#1015 = CARTESIAN_POINT('',(0.,0.));
#1016 = VECTOR('',#1017,1.);
#1017 = DIRECTION('',(0.,1.));
#1018 = ( GEOMETRIC_REPRESENTATION_CONTEXT(2) 
PARAMETRIC_REPRESENTATION_CONTEXT() REPRESENTATION_CONTEXT('2D SPACE',''
  ) );
#1019 = ADVANCED_FACE('',(#1020,#1068,#1103),#126,.T.);
#1020 = FACE_BOUND('',#1021,.T.);
#1021 = EDGE_LOOP('',(#1022,#1023,#1024,#1047));
#1022 = ORIENTED_EDGE('',*,*,#112,.F.);
#1023 = ORIENTED_EDGE('',*,*,#971,.T.);
#1024 = ORIENTED_EDGE('',*,*,#1025,.T.);
#1025 = EDGE_CURVE('',#972,#1026,#1028,.T.);
#1026 = VERTEX_POINT('',#1027);
#1027 = CARTESIAN_POINT('',(225.,40.,87.));
#1028 = SURFACE_CURVE('',#1029,(#1033,#1040),.PCURVE_S1.);
#1029 = LINE('',#1030,#1031);
#1030 = CARTESIAN_POINT('',(225.,40.,0.));
#1031 = VECTOR('',#1032,1.);
#1032 = DIRECTION('',(0.,0.,1.));
#1033 = PCURVE('',#126,#1034);
#1034 = DEFINITIONAL_REPRESENTATION('',(#1035),#1039);
#1035 = LINE('',#1036,#1037);
#1036 = CARTESIAN_POINT('',(0.,-40.));
#1037 = VECTOR('',#1038,1.);
#1038 = DIRECTION('',(1.,0.));
#1039 = ( GEOMETRIC_REPRESENTATION_CONTEXT(2) 
PARAMETRIC_REPRESENTATION_CONTEXT() REPRESENTATION_CONTEXT('2D SPACE',''
  ) );
#1040 = PCURVE('',#1008,#1041);
#1041 = DEFINITIONAL_REPRESENTATION('',(#1042),#1046);
#1042 = LINE('',#1043,#1044);
#1043 = CARTESIAN_POINT('',(0.,450.));
#1044 = VECTOR('',#1045,1.);
#1045 = DIRECTION('',(1.,0.));
#1046 = ( GEOMETRIC_REPRESENTATION_CONTEXT(2) 
PARAMETRIC_REPRESENTATION_CONTEXT() REPRESENTATION_CONTEXT('2D SPACE',''
  ) );
#1047 = ORIENTED_EDGE('',*,*,#1048,.F.);
#1048 = EDGE_CURVE('',#85,#1026,#1049,.T.);
#1049 = SURFACE_CURVE('',#1050,(#1054,#1061),.PCURVE_S1.);
#1050 = LINE('',#1051,#1052);
#1051 = CARTESIAN_POINT('',(225.,0.,87.));
#1052 = VECTOR('',#1053,1.);
#1053 = DIRECTION('',(0.,1.,0.));
#1054 = PCURVE('',#126,#1055);
#1055 = DEFINITIONAL_REPRESENTATION('',(#1056),#1060);
#1056 = LINE('',#1057,#1058);
#1057 = CARTESIAN_POINT('',(87.,0.));
#1058 = VECTOR('',#1059,1.);
#1059 = DIRECTION('',(0.,-1.));
#1060 = ( GEOMETRIC_REPRESENTATION_CONTEXT(2) 
PARAMETRIC_REPRESENTATION_CONTEXT() REPRESENTATION_CONTEXT('2D SPACE',''
  ) );
#1061 = PCURVE('',#100,#1062);
#1062 = DEFINITIONAL_REPRESENTATION('',(#1063),#1067);
#1063 = LINE('',#1064,#1065);
#1064 = CARTESIAN_POINT('',(450.,0.));
#1065 = VECTOR('',#1066,1.);
#1066 = DIRECTION('',(0.,1.));
#1067 = ( GEOMETRIC_REPRESENTATION_CONTEXT(2) 
PARAMETRIC_REPRESENTATION_CONTEXT() REPRESENTATION_CONTEXT('2D SPACE',''
  ) );
#1068 = FACE_BOUND('',#1069,.T.);
#1069 = EDGE_LOOP('',(#1070));
#1070 = ORIENTED_EDGE('',*,*,#1071,.T.);
#1071 = EDGE_CURVE('',#1072,#1072,#1074,.T.);
#1072 = VERTEX_POINT('',#1073);
#1073 = CARTESIAN_POINT('',(225.,26.,16.6));
#1074 = SURFACE_CURVE('',#1075,(#1080,#1091),.PCURVE_S1.);
#1075 = CIRCLE('',#1076,6.9);
#1076 = AXIS2_PLACEMENT_3D('',#1077,#1078,#1079);
#1077 = CARTESIAN_POINT('',(225.,26.,23.5));
#1078 = DIRECTION('',(-1.,0.,0.));
#1079 = DIRECTION('',(0.,0.,-1.));
#1080 = PCURVE('',#126,#1081);
#1081 = DEFINITIONAL_REPRESENTATION('',(#1082),#1090);
#1082 = ( BOUNDED_CURVE() B_SPLINE_CURVE(2,(#1083,#1084,#1085,#1086,
#1087,#1088,#1089),.UNSPECIFIED.,.T.,.F.) B_SPLINE_CURVE_WITH_KNOTS((1,2
    ,2,2,2,1),(-2.094395102393,0.,2.094395102393,4.188790204786,
6.28318530718,8.377580409573),.UNSPECIFIED.) CURVE() 
GEOMETRIC_REPRESENTATION_ITEM() RATIONAL_B_SPLINE_CURVE((1.,0.5,1.,0.5,
1.,0.5,1.)) REPRESENTATION_ITEM('') );
#1083 = CARTESIAN_POINT('',(16.6,-26.));
#1084 = CARTESIAN_POINT('',(16.6,-14.04884942777));
#1085 = CARTESIAN_POINT('',(26.95,-20.02442471388));
#1086 = CARTESIAN_POINT('',(37.3,-26.));
#1087 = CARTESIAN_POINT('',(26.95,-31.97557528611));
#1088 = CARTESIAN_POINT('',(16.6,-37.95115057222));
#1089 = CARTESIAN_POINT('',(16.6,-26.));
#1090 = ( GEOMETRIC_REPRESENTATION_CONTEXT(2) 
PARAMETRIC_REPRESENTATION_CONTEXT() REPRESENTATION_CONTEXT('2D SPACE',''
  ) );
#1091 = PCURVE('',#1092,#1097);
#1092 = CONICAL_SURFACE('',#1093,6.9,0.785398163397);
#1093 = AXIS2_PLACEMENT_3D('',#1094,#1095,#1096);
#1094 = CARTESIAN_POINT('',(225.,26.,23.5));
#1095 = DIRECTION('',(1.,-0.,-0.));
#1096 = DIRECTION('',(0.,0.,-1.));
#1097 = DEFINITIONAL_REPRESENTATION('',(#1098),#1102);
#1098 = LINE('',#1099,#1100);
#1099 = CARTESIAN_POINT('',(-0.,-0.));
#1100 = VECTOR('',#1101,1.);
#1101 = DIRECTION('',(-1.,-0.));
#1102 = ( GEOMETRIC_REPRESENTATION_CONTEXT(2) 
PARAMETRIC_REPRESENTATION_CONTEXT() REPRESENTATION_CONTEXT('2D SPACE',''
  ) );
#1103 = FACE_BOUND('',#1104,.T.);
#1104 = EDGE_LOOP('',(#1105));
#1105 = ORIENTED_EDGE('',*,*,#1106,.T.);
#1106 = EDGE_CURVE('',#1107,#1107,#1109,.T.);
#1107 = VERTEX_POINT('',#1108);
#1108 = CARTESIAN_POINT('',(225.,26.,56.6));
#1109 = SURFACE_CURVE('',#1110,(#1115,#1126),.PCURVE_S1.);
#1110 = CIRCLE('',#1111,6.9);
#1111 = AXIS2_PLACEMENT_3D('',#1112,#1113,#1114);
#1112 = CARTESIAN_POINT('',(225.,26.,63.5));
#1113 = DIRECTION('',(-1.,0.,0.));
#1114 = DIRECTION('',(0.,0.,-1.));
#1115 = PCURVE('',#126,#1116);
#1116 = DEFINITIONAL_REPRESENTATION('',(#1117),#1125);
#1117 = ( BOUNDED_CURVE() B_SPLINE_CURVE(2,(#1118,#1119,#1120,#1121,
#1122,#1123,#1124),.UNSPECIFIED.,.T.,.F.) B_SPLINE_CURVE_WITH_KNOTS((1,2
    ,2,2,2,1),(-2.094395102393,0.,2.094395102393,4.188790204786,
6.28318530718,8.377580409573),.UNSPECIFIED.) CURVE() 
GEOMETRIC_REPRESENTATION_ITEM() RATIONAL_B_SPLINE_CURVE((1.,0.5,1.,0.5,
1.,0.5,1.)) REPRESENTATION_ITEM('') );
#1118 = CARTESIAN_POINT('',(56.6,-26.));
#1119 = CARTESIAN_POINT('',(56.6,-14.04884942777));
#1120 = CARTESIAN_POINT('',(66.95,-20.02442471388));
#1121 = CARTESIAN_POINT('',(77.3,-26.));
#1122 = CARTESIAN_POINT('',(66.95,-31.97557528611));
#1123 = CARTESIAN_POINT('',(56.6,-37.95115057222));
#1124 = CARTESIAN_POINT('',(56.6,-26.));
#1125 = ( GEOMETRIC_REPRESENTATION_CONTEXT(2) 
PARAMETRIC_REPRESENTATION_CONTEXT() REPRESENTATION_CONTEXT('2D SPACE',''
  ) );
#1126 = PCURVE('',#1127,#1132);
#1127 = CONICAL_SURFACE('',#1128,6.9,0.785398163397);
#1128 = AXIS2_PLACEMENT_3D('',#1129,#1130,#1131);
#1129 = CARTESIAN_POINT('',(225.,26.,63.5));
#1130 = DIRECTION('',(1.,-0.,-0.));
#1131 = DIRECTION('',(0.,0.,-1.));
#1132 = DEFINITIONAL_REPRESENTATION('',(#1133),#1137);
#1133 = LINE('',#1134,#1135);
#1134 = CARTESIAN_POINT('',(-0.,-0.));
#1135 = VECTOR('',#1136,1.);
#1136 = DIRECTION('',(-1.,-0.));
#1137 = ( GEOMETRIC_REPRESENTATION_CONTEXT(2) 
PARAMETRIC_REPRESENTATION_CONTEXT() REPRESENTATION_CONTEXT('2D SPACE',''
  ) );
#1138 = ADVANCED_FACE('',(#1139,#1187,#1218),#72,.F.);
#1139 = FACE_BOUND('',#1140,.F.);
#1140 = EDGE_LOOP('',(#1141,#1142,#1143,#1166));
#1141 = ORIENTED_EDGE('',*,*,#56,.F.);
#1142 = ORIENTED_EDGE('',*,*,#947,.T.);
#1143 = ORIENTED_EDGE('',*,*,#1144,.T.);
#1144 = EDGE_CURVE('',#948,#1145,#1147,.T.);
#1145 = VERTEX_POINT('',#1146);
#1146 = CARTESIAN_POINT('',(-225.,40.,87.));
#1147 = SURFACE_CURVE('',#1148,(#1152,#1159),.PCURVE_S1.);
#1148 = LINE('',#1149,#1150);
#1149 = CARTESIAN_POINT('',(-225.,40.,0.));
#1150 = VECTOR('',#1151,1.);
#1151 = DIRECTION('',(0.,0.,1.));
#1152 = PCURVE('',#72,#1153);
#1153 = DEFINITIONAL_REPRESENTATION('',(#1154),#1158);
#1154 = LINE('',#1155,#1156);
#1155 = CARTESIAN_POINT('',(0.,-40.));
#1156 = VECTOR('',#1157,1.);
#1157 = DIRECTION('',(1.,0.));
#1158 = ( GEOMETRIC_REPRESENTATION_CONTEXT(2) 
PARAMETRIC_REPRESENTATION_CONTEXT() REPRESENTATION_CONTEXT('2D SPACE',''
  ) );
#1159 = PCURVE('',#1008,#1160);
#1160 = DEFINITIONAL_REPRESENTATION('',(#1161),#1165);
#1161 = LINE('',#1162,#1163);
#1162 = CARTESIAN_POINT('',(0.,0.));
#1163 = VECTOR('',#1164,1.);
#1164 = DIRECTION('',(1.,0.));
#1165 = ( GEOMETRIC_REPRESENTATION_CONTEXT(2) 
PARAMETRIC_REPRESENTATION_CONTEXT() REPRESENTATION_CONTEXT('2D SPACE',''
  ) );
#1166 = ORIENTED_EDGE('',*,*,#1167,.F.);
#1167 = EDGE_CURVE('',#57,#1145,#1168,.T.);
#1168 = SURFACE_CURVE('',#1169,(#1173,#1180),.PCURVE_S1.);
#1169 = LINE('',#1170,#1171);
#1170 = CARTESIAN_POINT('',(-225.,0.,87.));
#1171 = VECTOR('',#1172,1.);
#1172 = DIRECTION('',(0.,1.,0.));
#1173 = PCURVE('',#72,#1174);
#1174 = DEFINITIONAL_REPRESENTATION('',(#1175),#1179);
#1175 = LINE('',#1176,#1177);
#1176 = CARTESIAN_POINT('',(87.,0.));
#1177 = VECTOR('',#1178,1.);
#1178 = DIRECTION('',(0.,-1.));
#1179 = ( GEOMETRIC_REPRESENTATION_CONTEXT(2) 
PARAMETRIC_REPRESENTATION_CONTEXT() REPRESENTATION_CONTEXT('2D SPACE',''
  ) );
#1180 = PCURVE('',#100,#1181);
#1181 = DEFINITIONAL_REPRESENTATION('',(#1182),#1186);
#1182 = LINE('',#1183,#1184);
#1183 = CARTESIAN_POINT('',(0.,0.));
#1184 = VECTOR('',#1185,1.);
#1185 = DIRECTION('',(0.,1.));
#1186 = ( GEOMETRIC_REPRESENTATION_CONTEXT(2) 
PARAMETRIC_REPRESENTATION_CONTEXT() REPRESENTATION_CONTEXT('2D SPACE',''
  ) );
#1187 = FACE_BOUND('',#1188,.F.);
#1188 = EDGE_LOOP('',(#1189));
#1189 = ORIENTED_EDGE('',*,*,#1190,.F.);
#1190 = EDGE_CURVE('',#1191,#1191,#1193,.T.);
#1191 = VERTEX_POINT('',#1192);
#1192 = CARTESIAN_POINT('',(-225.,26.,30.4));
#1193 = SURFACE_CURVE('',#1194,(#1199,#1206),.PCURVE_S1.);
#1194 = CIRCLE('',#1195,6.9);
#1195 = AXIS2_PLACEMENT_3D('',#1196,#1197,#1198);
#1196 = CARTESIAN_POINT('',(-225.,26.,23.5));
#1197 = DIRECTION('',(1.,0.,0.));
#1198 = DIRECTION('',(-0.,0.,1.));
#1199 = PCURVE('',#72,#1200);
#1200 = DEFINITIONAL_REPRESENTATION('',(#1201),#1205);
#1201 = CIRCLE('',#1202,6.9);
#1202 = AXIS2_PLACEMENT_2D('',#1203,#1204);
#1203 = CARTESIAN_POINT('',(23.5,-26.));
#1204 = DIRECTION('',(1.,0.));
#1205 = ( GEOMETRIC_REPRESENTATION_CONTEXT(2) 
PARAMETRIC_REPRESENTATION_CONTEXT() REPRESENTATION_CONTEXT('2D SPACE',''
  ) );
#1206 = PCURVE('',#1207,#1212);
#1207 = CONICAL_SURFACE('',#1208,6.9,0.785398163397);
#1208 = AXIS2_PLACEMENT_3D('',#1209,#1210,#1211);
#1209 = CARTESIAN_POINT('',(-225.,26.,23.5));
#1210 = DIRECTION('',(-1.,-0.,-0.));
#1211 = DIRECTION('',(-0.,0.,1.));
#1212 = DEFINITIONAL_REPRESENTATION('',(#1213),#1217);
#1213 = LINE('',#1214,#1215);
#1214 = CARTESIAN_POINT('',(-0.,-0.));
#1215 = VECTOR('',#1216,1.);
#1216 = DIRECTION('',(-1.,-0.));
#1217 = ( GEOMETRIC_REPRESENTATION_CONTEXT(2) 
PARAMETRIC_REPRESENTATION_CONTEXT() REPRESENTATION_CONTEXT('2D SPACE',''
  ) );
#1218 = FACE_BOUND('',#1219,.F.);
#1219 = EDGE_LOOP('',(#1220));
#1220 = ORIENTED_EDGE('',*,*,#1221,.F.);
#1221 = EDGE_CURVE('',#1222,#1222,#1224,.T.);
#1222 = VERTEX_POINT('',#1223);
#1223 = CARTESIAN_POINT('',(-225.,26.,70.4));
#1224 = SURFACE_CURVE('',#1225,(#1230,#1237),.PCURVE_S1.);
#1225 = CIRCLE('',#1226,6.9);
#1226 = AXIS2_PLACEMENT_3D('',#1227,#1228,#1229);
#1227 = CARTESIAN_POINT('',(-225.,26.,63.5));
#1228 = DIRECTION('',(1.,0.,0.));
#1229 = DIRECTION('',(-0.,0.,1.));
#1230 = PCURVE('',#72,#1231);
#1231 = DEFINITIONAL_REPRESENTATION('',(#1232),#1236);
#1232 = CIRCLE('',#1233,6.9);
#1233 = AXIS2_PLACEMENT_2D('',#1234,#1235);
#1234 = CARTESIAN_POINT('',(63.5,-26.));
#1235 = DIRECTION('',(1.,0.));
#1236 = ( GEOMETRIC_REPRESENTATION_CONTEXT(2) 
PARAMETRIC_REPRESENTATION_CONTEXT() REPRESENTATION_CONTEXT('2D SPACE',''
  ) );
#1237 = PCURVE('',#1238,#1243);
#1238 = CONICAL_SURFACE('',#1239,6.9,0.785398163397);
#1239 = AXIS2_PLACEMENT_3D('',#1240,#1241,#1242);
#1240 = CARTESIAN_POINT('',(-225.,26.,63.5));
#1241 = DIRECTION('',(-1.,-0.,-0.));
#1242 = DIRECTION('',(-0.,0.,1.));
#1243 = DEFINITIONAL_REPRESENTATION('',(#1244),#1248);
#1244 = LINE('',#1245,#1246);
#1245 = CARTESIAN_POINT('',(-0.,-0.));
#1246 = VECTOR('',#1247,1.);
#1247 = DIRECTION('',(-1.,-0.));
#1248 = ( GEOMETRIC_REPRESENTATION_CONTEXT(2) 
PARAMETRIC_REPRESENTATION_CONTEXT() REPRESENTATION_CONTEXT('2D SPACE',''
  ) );
#1249 = ADVANCED_FACE('',(#1250),#100,.T.);
#1250 = FACE_BOUND('',#1251,.T.);
#1251 = EDGE_LOOP('',(#1252,#1253,#1254,#1255));
#1252 = ORIENTED_EDGE('',*,*,#1167,.F.);
#1253 = ORIENTED_EDGE('',*,*,#84,.T.);
#1254 = ORIENTED_EDGE('',*,*,#1048,.T.);
#1255 = ORIENTED_EDGE('',*,*,#1256,.F.);
#1256 = EDGE_CURVE('',#1145,#1026,#1257,.T.);
#1257 = SURFACE_CURVE('',#1258,(#1262,#1269),.PCURVE_S1.);
#1258 = LINE('',#1259,#1260);
#1259 = CARTESIAN_POINT('',(-225.,40.,87.));
#1260 = VECTOR('',#1261,1.);
#1261 = DIRECTION('',(1.,0.,0.));
#1262 = PCURVE('',#100,#1263);
#1263 = DEFINITIONAL_REPRESENTATION('',(#1264),#1268);
#1264 = LINE('',#1265,#1266);
#1265 = CARTESIAN_POINT('',(0.,40.));
#1266 = VECTOR('',#1267,1.);
#1267 = DIRECTION('',(1.,0.));
#1268 = ( GEOMETRIC_REPRESENTATION_CONTEXT(2) 
PARAMETRIC_REPRESENTATION_CONTEXT() REPRESENTATION_CONTEXT('2D SPACE',''
  ) );
#1269 = PCURVE('',#1008,#1270);
#1270 = DEFINITIONAL_REPRESENTATION('',(#1271),#1275);
#1271 = LINE('',#1272,#1273);
#1272 = CARTESIAN_POINT('',(87.,0.));
#1273 = VECTOR('',#1274,1.);
#1274 = DIRECTION('',(0.,1.));
#1275 = ( GEOMETRIC_REPRESENTATION_CONTEXT(2) 
PARAMETRIC_REPRESENTATION_CONTEXT() REPRESENTATION_CONTEXT('2D SPACE',''
  ) );
#1276 = ADVANCED_FACE('',(#1277),#157,.F.);
#1277 = FACE_BOUND('',#1278,.F.);
#1278 = EDGE_LOOP('',(#1279,#1308,#1329,#1330));
#1279 = ORIENTED_EDGE('',*,*,#1280,.F.);
#1280 = EDGE_CURVE('',#1281,#1281,#1283,.T.);
#1281 = VERTEX_POINT('',#1282);
#1282 = CARTESIAN_POINT('',(-208.,14.,8.65));
#1283 = SURFACE_CURVE('',#1284,(#1289,#1296),.PCURVE_S1.);
#1284 = CIRCLE('',#1285,1.65);
#1285 = AXIS2_PLACEMENT_3D('',#1286,#1287,#1288);
#1286 = CARTESIAN_POINT('',(-208.,14.,7.));
#1287 = DIRECTION('',(0.,1.,0.));
#1288 = DIRECTION('',(0.,-0.,1.));
#1289 = PCURVE('',#157,#1290);
#1290 = DEFINITIONAL_REPRESENTATION('',(#1291),#1295);
#1291 = LINE('',#1292,#1293);
#1292 = CARTESIAN_POINT('',(0.,14.));
#1293 = VECTOR('',#1294,1.);
#1294 = DIRECTION('',(1.,0.));
#1295 = ( GEOMETRIC_REPRESENTATION_CONTEXT(2) 
PARAMETRIC_REPRESENTATION_CONTEXT() REPRESENTATION_CONTEXT('2D SPACE',''
  ) );
#1296 = PCURVE('',#1297,#1302);
#1297 = PLANE('',#1298);
#1298 = AXIS2_PLACEMENT_3D('',#1299,#1300,#1301);
#1299 = CARTESIAN_POINT('',(-208.,14.,7.));
#1300 = DIRECTION('',(0.,1.,0.));
#1301 = DIRECTION('',(0.,-0.,1.));
#1302 = DEFINITIONAL_REPRESENTATION('',(#1303),#1307);
#1303 = CIRCLE('',#1304,1.65);
#1304 = AXIS2_PLACEMENT_2D('',#1305,#1306);
#1305 = CARTESIAN_POINT('',(0.,0.));
#1306 = DIRECTION('',(1.,0.));
#1307 = ( GEOMETRIC_REPRESENTATION_CONTEXT(2) 
PARAMETRIC_REPRESENTATION_CONTEXT() REPRESENTATION_CONTEXT('2D SPACE',''
  ) );
#1308 = ORIENTED_EDGE('',*,*,#1309,.F.);
#1309 = EDGE_CURVE('',#141,#1281,#1310,.T.);
#1310 = SEAM_CURVE('',#1311,(#1315,#1322),.PCURVE_S1.);
#1311 = LINE('',#1312,#1313);
#1312 = CARTESIAN_POINT('',(-208.,0.,8.65));
#1313 = VECTOR('',#1314,1.);
#1314 = DIRECTION('',(0.,1.,0.));
#1315 = PCURVE('',#157,#1316);
#1316 = DEFINITIONAL_REPRESENTATION('',(#1317),#1321);
#1317 = LINE('',#1318,#1319);
#1318 = CARTESIAN_POINT('',(6.28318530718,-0.));
#1319 = VECTOR('',#1320,1.);
#1320 = DIRECTION('',(0.,1.));
#1321 = ( GEOMETRIC_REPRESENTATION_CONTEXT(2) 
PARAMETRIC_REPRESENTATION_CONTEXT() REPRESENTATION_CONTEXT('2D SPACE',''
  ) );
#1322 = PCURVE('',#157,#1323);
#1323 = DEFINITIONAL_REPRESENTATION('',(#1324),#1328);
#1324 = LINE('',#1325,#1326);
#1325 = CARTESIAN_POINT('',(0.,-0.));
#1326 = VECTOR('',#1327,1.);
#1327 = DIRECTION('',(0.,1.));
#1328 = ( GEOMETRIC_REPRESENTATION_CONTEXT(2) 
PARAMETRIC_REPRESENTATION_CONTEXT() REPRESENTATION_CONTEXT('2D SPACE',''
  ) );
#1329 = ORIENTED_EDGE('',*,*,#140,.T.);
#1330 = ORIENTED_EDGE('',*,*,#1309,.T.);
#1331 = ADVANCED_FACE('',(#1332),#188,.F.);
#1332 = FACE_BOUND('',#1333,.F.);
#1333 = EDGE_LOOP('',(#1334,#1356,#1357,#1358));
#1334 = ORIENTED_EDGE('',*,*,#1335,.F.);
#1335 = EDGE_CURVE('',#172,#1336,#1338,.T.);
#1336 = VERTEX_POINT('',#1337);
#1337 = CARTESIAN_POINT('',(-180.,-1.,37.5));
#1338 = SEAM_CURVE('',#1339,(#1344,#1350),.PCURVE_S1.);
#1339 = CIRCLE('',#1340,1.);
#1340 = AXIS2_PLACEMENT_3D('',#1341,#1342,#1343);
#1341 = CARTESIAN_POINT('',(-180.,-1.,38.5));
#1342 = DIRECTION('',(-1.,0.,0.));
#1343 = DIRECTION('',(0.,0.,1.));
#1344 = PCURVE('',#188,#1345);
#1345 = DEFINITIONAL_REPRESENTATION('',(#1346),#1349);
#1346 = B_SPLINE_CURVE_WITH_KNOTS('',1,(#1347,#1348),.UNSPECIFIED.,.F.,
  .F.,(2,2),(1.570796326795,3.14159265359),.PIECEWISE_BEZIER_KNOTS.);
#1347 = CARTESIAN_POINT('',(0.,1.570796326795));
#1348 = CARTESIAN_POINT('',(0.,3.14159265359));
#1349 = ( GEOMETRIC_REPRESENTATION_CONTEXT(2) 
PARAMETRIC_REPRESENTATION_CONTEXT() REPRESENTATION_CONTEXT('2D SPACE',''
  ) );
#1350 = PCURVE('',#188,#1351);
#1351 = DEFINITIONAL_REPRESENTATION('',(#1352),#1355);
#1352 = B_SPLINE_CURVE_WITH_KNOTS('',1,(#1353,#1354),.UNSPECIFIED.,.F.,
  .F.,(2,2),(1.570796326795,3.14159265359),.PIECEWISE_BEZIER_KNOTS.);
#1353 = CARTESIAN_POINT('',(6.28318530718,1.570796326795));
#1354 = CARTESIAN_POINT('',(6.28318530718,3.14159265359));
#1355 = ( GEOMETRIC_REPRESENTATION_CONTEXT(2) 
PARAMETRIC_REPRESENTATION_CONTEXT() REPRESENTATION_CONTEXT('2D SPACE',''
  ) );
#1356 = ORIENTED_EDGE('',*,*,#171,.T.);
#1357 = ORIENTED_EDGE('',*,*,#1335,.T.);
#1358 = ORIENTED_EDGE('',*,*,#1359,.F.);
#1359 = EDGE_CURVE('',#1336,#1336,#1360,.T.);
#1360 = SURFACE_CURVE('',#1361,(#1366,#1373),.PCURVE_S1.);
#1361 = CIRCLE('',#1362,14.);
#1362 = AXIS2_PLACEMENT_3D('',#1363,#1364,#1365);
#1363 = CARTESIAN_POINT('',(-180.,-1.,23.5));
#1364 = DIRECTION('',(0.,1.,0.));
#1365 = DIRECTION('',(0.,-0.,1.));
#1366 = PCURVE('',#188,#1367);
#1367 = DEFINITIONAL_REPRESENTATION('',(#1368),#1372);
#1368 = LINE('',#1369,#1370);
#1369 = CARTESIAN_POINT('',(0.,3.14159265359));
#1370 = VECTOR('',#1371,1.);
#1371 = DIRECTION('',(1.,0.));
#1372 = ( GEOMETRIC_REPRESENTATION_CONTEXT(2) 
PARAMETRIC_REPRESENTATION_CONTEXT() REPRESENTATION_CONTEXT('2D SPACE',''
  ) );
#1373 = PCURVE('',#1374,#1379);
#1374 = CYLINDRICAL_SURFACE('',#1375,14.);
#1375 = AXIS2_PLACEMENT_3D('',#1376,#1377,#1378);
#1376 = CARTESIAN_POINT('',(-180.,-6.,23.5));
#1377 = DIRECTION('',(0.,1.,0.));
#1378 = DIRECTION('',(0.,-0.,1.));
#1379 = DEFINITIONAL_REPRESENTATION('',(#1380),#1384);
#1380 = LINE('',#1381,#1382);
#1381 = CARTESIAN_POINT('',(0.,5.));
#1382 = VECTOR('',#1383,1.);
#1383 = DIRECTION('',(1.,0.));
#1384 = ( GEOMETRIC_REPRESENTATION_CONTEXT(2) 
PARAMETRIC_REPRESENTATION_CONTEXT() REPRESENTATION_CONTEXT('2D SPACE',''
  ) );
#1385 = ADVANCED_FACE('',(#1386),#219,.F.);
#1386 = FACE_BOUND('',#1387,.F.);
#1387 = EDGE_LOOP('',(#1388,#1410,#1411,#1412));
#1388 = ORIENTED_EDGE('',*,*,#1389,.F.);
#1389 = EDGE_CURVE('',#203,#1390,#1392,.T.);
#1390 = VERTEX_POINT('',#1391);
#1391 = CARTESIAN_POINT('',(-135.,-1.,37.5));
#1392 = SEAM_CURVE('',#1393,(#1398,#1404),.PCURVE_S1.);
#1393 = CIRCLE('',#1394,1.);
#1394 = AXIS2_PLACEMENT_3D('',#1395,#1396,#1397);
#1395 = CARTESIAN_POINT('',(-135.,-1.,38.5));
#1396 = DIRECTION('',(-1.,0.,0.));
#1397 = DIRECTION('',(0.,0.,1.));
#1398 = PCURVE('',#219,#1399);
#1399 = DEFINITIONAL_REPRESENTATION('',(#1400),#1403);
#1400 = B_SPLINE_CURVE_WITH_KNOTS('',1,(#1401,#1402),.UNSPECIFIED.,.F.,
  .F.,(2,2),(1.570796326795,3.14159265359),.PIECEWISE_BEZIER_KNOTS.);
#1401 = CARTESIAN_POINT('',(0.,1.570796326795));
#1402 = CARTESIAN_POINT('',(0.,3.14159265359));
#1403 = ( GEOMETRIC_REPRESENTATION_CONTEXT(2) 
PARAMETRIC_REPRESENTATION_CONTEXT() REPRESENTATION_CONTEXT('2D SPACE',''
  ) );
#1404 = PCURVE('',#219,#1405);
#1405 = DEFINITIONAL_REPRESENTATION('',(#1406),#1409);
#1406 = B_SPLINE_CURVE_WITH_KNOTS('',1,(#1407,#1408),.UNSPECIFIED.,.F.,
  .F.,(2,2),(1.570796326795,3.14159265359),.PIECEWISE_BEZIER_KNOTS.);
#1407 = CARTESIAN_POINT('',(6.28318530718,1.570796326795));
#1408 = CARTESIAN_POINT('',(6.28318530718,3.14159265359));
#1409 = ( GEOMETRIC_REPRESENTATION_CONTEXT(2) 
PARAMETRIC_REPRESENTATION_CONTEXT() REPRESENTATION_CONTEXT('2D SPACE',''
  ) );
#1410 = ORIENTED_EDGE('',*,*,#202,.T.);
#1411 = ORIENTED_EDGE('',*,*,#1389,.T.);
#1412 = ORIENTED_EDGE('',*,*,#1413,.F.);
#1413 = EDGE_CURVE('',#1390,#1390,#1414,.T.);
#1414 = SURFACE_CURVE('',#1415,(#1420,#1427),.PCURVE_S1.);
#1415 = CIRCLE('',#1416,14.);
#1416 = AXIS2_PLACEMENT_3D('',#1417,#1418,#1419);
#1417 = CARTESIAN_POINT('',(-135.,-1.,23.5));
#1418 = DIRECTION('',(0.,1.,0.));
#1419 = DIRECTION('',(0.,-0.,1.));
#1420 = PCURVE('',#219,#1421);
#1421 = DEFINITIONAL_REPRESENTATION('',(#1422),#1426);
#1422 = LINE('',#1423,#1424);
#1423 = CARTESIAN_POINT('',(0.,3.14159265359));
#1424 = VECTOR('',#1425,1.);
#1425 = DIRECTION('',(1.,0.));
#1426 = ( GEOMETRIC_REPRESENTATION_CONTEXT(2) 
PARAMETRIC_REPRESENTATION_CONTEXT() REPRESENTATION_CONTEXT('2D SPACE',''
  ) );
#1427 = PCURVE('',#1428,#1433);
#1428 = CYLINDRICAL_SURFACE('',#1429,14.);
#1429 = AXIS2_PLACEMENT_3D('',#1430,#1431,#1432);
#1430 = CARTESIAN_POINT('',(-135.,-6.,23.5));
#1431 = DIRECTION('',(0.,1.,0.));
#1432 = DIRECTION('',(0.,-0.,1.));
#1433 = DEFINITIONAL_REPRESENTATION('',(#1434),#1438);
#1434 = LINE('',#1435,#1436);
#1435 = CARTESIAN_POINT('',(0.,5.));
#1436 = VECTOR('',#1437,1.);
#1437 = DIRECTION('',(1.,0.));
#1438 = ( GEOMETRIC_REPRESENTATION_CONTEXT(2) 
PARAMETRIC_REPRESENTATION_CONTEXT() REPRESENTATION_CONTEXT('2D SPACE',''
  ) );
#1439 = ADVANCED_FACE('',(#1440),#250,.F.);
#1440 = FACE_BOUND('',#1441,.F.);
#1441 = EDGE_LOOP('',(#1442,#1464,#1465,#1466));
#1442 = ORIENTED_EDGE('',*,*,#1443,.F.);
#1443 = EDGE_CURVE('',#234,#1444,#1446,.T.);
#1444 = VERTEX_POINT('',#1445);
#1445 = CARTESIAN_POINT('',(-90.,-1.,37.5));
#1446 = SEAM_CURVE('',#1447,(#1452,#1458),.PCURVE_S1.);
#1447 = CIRCLE('',#1448,1.);
#1448 = AXIS2_PLACEMENT_3D('',#1449,#1450,#1451);
#1449 = CARTESIAN_POINT('',(-90.,-1.,38.5));
#1450 = DIRECTION('',(-1.,0.,0.));
#1451 = DIRECTION('',(0.,0.,1.));
#1452 = PCURVE('',#250,#1453);
#1453 = DEFINITIONAL_REPRESENTATION('',(#1454),#1457);
#1454 = B_SPLINE_CURVE_WITH_KNOTS('',1,(#1455,#1456),.UNSPECIFIED.,.F.,
  .F.,(2,2),(1.570796326795,3.14159265359),.PIECEWISE_BEZIER_KNOTS.);
#1455 = CARTESIAN_POINT('',(0.,1.570796326795));
#1456 = CARTESIAN_POINT('',(0.,3.14159265359));
#1457 = ( GEOMETRIC_REPRESENTATION_CONTEXT(2) 
PARAMETRIC_REPRESENTATION_CONTEXT() REPRESENTATION_CONTEXT('2D SPACE',''
  ) );
#1458 = PCURVE('',#250,#1459);
#1459 = DEFINITIONAL_REPRESENTATION('',(#1460),#1463);
#1460 = B_SPLINE_CURVE_WITH_KNOTS('',1,(#1461,#1462),.UNSPECIFIED.,.F.,
  .F.,(2,2),(1.570796326795,3.14159265359),.PIECEWISE_BEZIER_KNOTS.);
#1461 = CARTESIAN_POINT('',(6.28318530718,1.570796326795));
#1462 = CARTESIAN_POINT('',(6.28318530718,3.14159265359));
#1463 = ( GEOMETRIC_REPRESENTATION_CONTEXT(2) 
PARAMETRIC_REPRESENTATION_CONTEXT() REPRESENTATION_CONTEXT('2D SPACE',''
  ) );
#1464 = ORIENTED_EDGE('',*,*,#233,.T.);
#1465 = ORIENTED_EDGE('',*,*,#1443,.T.);
#1466 = ORIENTED_EDGE('',*,*,#1467,.F.);
#1467 = EDGE_CURVE('',#1444,#1444,#1468,.T.);
#1468 = SURFACE_CURVE('',#1469,(#1474,#1481),.PCURVE_S1.);
#1469 = CIRCLE('',#1470,14.);
#1470 = AXIS2_PLACEMENT_3D('',#1471,#1472,#1473);
#1471 = CARTESIAN_POINT('',(-90.,-1.,23.5));
#1472 = DIRECTION('',(0.,1.,0.));
#1473 = DIRECTION('',(0.,-0.,1.));
#1474 = PCURVE('',#250,#1475);
#1475 = DEFINITIONAL_REPRESENTATION('',(#1476),#1480);
#1476 = LINE('',#1477,#1478);
#1477 = CARTESIAN_POINT('',(0.,3.14159265359));
#1478 = VECTOR('',#1479,1.);
#1479 = DIRECTION('',(1.,0.));
#1480 = ( GEOMETRIC_REPRESENTATION_CONTEXT(2) 
PARAMETRIC_REPRESENTATION_CONTEXT() REPRESENTATION_CONTEXT('2D SPACE',''
  ) );
#1481 = PCURVE('',#1482,#1487);
#1482 = CYLINDRICAL_SURFACE('',#1483,14.);
#1483 = AXIS2_PLACEMENT_3D('',#1484,#1485,#1486);
#1484 = CARTESIAN_POINT('',(-90.,-6.,23.5));
#1485 = DIRECTION('',(0.,1.,0.));
#1486 = DIRECTION('',(0.,-0.,1.));
#1487 = DEFINITIONAL_REPRESENTATION('',(#1488),#1492);
#1488 = LINE('',#1489,#1490);
#1489 = CARTESIAN_POINT('',(0.,5.));
#1490 = VECTOR('',#1491,1.);
#1491 = DIRECTION('',(1.,0.));
#1492 = ( GEOMETRIC_REPRESENTATION_CONTEXT(2) 
PARAMETRIC_REPRESENTATION_CONTEXT() REPRESENTATION_CONTEXT('2D SPACE',''
  ) );
#1493 = ADVANCED_FACE('',(#1494),#281,.F.);
#1494 = FACE_BOUND('',#1495,.F.);
#1495 = EDGE_LOOP('',(#1496,#1525,#1546,#1547));
#1496 = ORIENTED_EDGE('',*,*,#1497,.F.);
#1497 = EDGE_CURVE('',#1498,#1498,#1500,.T.);
#1498 = VERTEX_POINT('',#1499);
#1499 = CARTESIAN_POINT('',(-22.5,14.,8.65));
#1500 = SURFACE_CURVE('',#1501,(#1506,#1513),.PCURVE_S1.);
#1501 = CIRCLE('',#1502,1.65);
#1502 = AXIS2_PLACEMENT_3D('',#1503,#1504,#1505);
#1503 = CARTESIAN_POINT('',(-22.5,14.,7.));
#1504 = DIRECTION('',(0.,1.,0.));
#1505 = DIRECTION('',(0.,-0.,1.));
#1506 = PCURVE('',#281,#1507);
#1507 = DEFINITIONAL_REPRESENTATION('',(#1508),#1512);
#1508 = LINE('',#1509,#1510);
#1509 = CARTESIAN_POINT('',(0.,14.));
#1510 = VECTOR('',#1511,1.);
#1511 = DIRECTION('',(1.,0.));
#1512 = ( GEOMETRIC_REPRESENTATION_CONTEXT(2) 
PARAMETRIC_REPRESENTATION_CONTEXT() REPRESENTATION_CONTEXT('2D SPACE',''
  ) );
#1513 = PCURVE('',#1514,#1519);
#1514 = PLANE('',#1515);
#1515 = AXIS2_PLACEMENT_3D('',#1516,#1517,#1518);
#1516 = CARTESIAN_POINT('',(-22.5,14.,7.));
#1517 = DIRECTION('',(0.,1.,0.));
#1518 = DIRECTION('',(0.,-0.,1.));
#1519 = DEFINITIONAL_REPRESENTATION('',(#1520),#1524);
#1520 = CIRCLE('',#1521,1.65);
#1521 = AXIS2_PLACEMENT_2D('',#1522,#1523);
#1522 = CARTESIAN_POINT('',(0.,0.));
#1523 = DIRECTION('',(1.,0.));
#1524 = ( GEOMETRIC_REPRESENTATION_CONTEXT(2) 
PARAMETRIC_REPRESENTATION_CONTEXT() REPRESENTATION_CONTEXT('2D SPACE',''
  ) );
#1525 = ORIENTED_EDGE('',*,*,#1526,.F.);
#1526 = EDGE_CURVE('',#265,#1498,#1527,.T.);
#1527 = SEAM_CURVE('',#1528,(#1532,#1539),.PCURVE_S1.);
#1528 = LINE('',#1529,#1530);
#1529 = CARTESIAN_POINT('',(-22.5,0.,8.65));
#1530 = VECTOR('',#1531,1.);
#1531 = DIRECTION('',(0.,1.,0.));
#1532 = PCURVE('',#281,#1533);
#1533 = DEFINITIONAL_REPRESENTATION('',(#1534),#1538);
#1534 = LINE('',#1535,#1536);
#1535 = CARTESIAN_POINT('',(6.28318530718,-0.));
#1536 = VECTOR('',#1537,1.);
#1537 = DIRECTION('',(0.,1.));
#1538 = ( GEOMETRIC_REPRESENTATION_CONTEXT(2) 
PARAMETRIC_REPRESENTATION_CONTEXT() REPRESENTATION_CONTEXT('2D SPACE',''
  ) );
#1539 = PCURVE('',#281,#1540);
#1540 = DEFINITIONAL_REPRESENTATION('',(#1541),#1545);
#1541 = LINE('',#1542,#1543);
#1542 = CARTESIAN_POINT('',(0.,-0.));
#1543 = VECTOR('',#1544,1.);
#1544 = DIRECTION('',(0.,1.));
#1545 = ( GEOMETRIC_REPRESENTATION_CONTEXT(2) 
PARAMETRIC_REPRESENTATION_CONTEXT() REPRESENTATION_CONTEXT('2D SPACE',''
  ) );
#1546 = ORIENTED_EDGE('',*,*,#264,.T.);
#1547 = ORIENTED_EDGE('',*,*,#1526,.T.);
#1548 = ADVANCED_FACE('',(#1549),#312,.F.);
#1549 = FACE_BOUND('',#1550,.F.);
#1550 = EDGE_LOOP('',(#1551,#1573,#1574,#1575));
#1551 = ORIENTED_EDGE('',*,*,#1552,.F.);
#1552 = EDGE_CURVE('',#296,#1553,#1555,.T.);
#1553 = VERTEX_POINT('',#1554);
#1554 = CARTESIAN_POINT('',(-45.,-1.,37.5));
#1555 = SEAM_CURVE('',#1556,(#1561,#1567),.PCURVE_S1.);
#1556 = CIRCLE('',#1557,1.);
#1557 = AXIS2_PLACEMENT_3D('',#1558,#1559,#1560);
#1558 = CARTESIAN_POINT('',(-45.,-1.,38.5));
#1559 = DIRECTION('',(-1.,0.,0.));
#1560 = DIRECTION('',(0.,0.,1.));
#1561 = PCURVE('',#312,#1562);
#1562 = DEFINITIONAL_REPRESENTATION('',(#1563),#1566);
#1563 = B_SPLINE_CURVE_WITH_KNOTS('',1,(#1564,#1565),.UNSPECIFIED.,.F.,
  .F.,(2,2),(1.570796326795,3.14159265359),.PIECEWISE_BEZIER_KNOTS.);
#1564 = CARTESIAN_POINT('',(0.,1.570796326795));
#1565 = CARTESIAN_POINT('',(0.,3.14159265359));
#1566 = ( GEOMETRIC_REPRESENTATION_CONTEXT(2) 
PARAMETRIC_REPRESENTATION_CONTEXT() REPRESENTATION_CONTEXT('2D SPACE',''
  ) );
#1567 = PCURVE('',#312,#1568);
#1568 = DEFINITIONAL_REPRESENTATION('',(#1569),#1572);
#1569 = B_SPLINE_CURVE_WITH_KNOTS('',1,(#1570,#1571),.UNSPECIFIED.,.F.,
  .F.,(2,2),(1.570796326795,3.14159265359),.PIECEWISE_BEZIER_KNOTS.);
#1570 = CARTESIAN_POINT('',(6.28318530718,1.570796326795));
#1571 = CARTESIAN_POINT('',(6.28318530718,3.14159265359));
#1572 = ( GEOMETRIC_REPRESENTATION_CONTEXT(2) 
PARAMETRIC_REPRESENTATION_CONTEXT() REPRESENTATION_CONTEXT('2D SPACE',''
  ) );
#1573 = ORIENTED_EDGE('',*,*,#295,.T.);
#1574 = ORIENTED_EDGE('',*,*,#1552,.T.);
#1575 = ORIENTED_EDGE('',*,*,#1576,.F.);
#1576 = EDGE_CURVE('',#1553,#1553,#1577,.T.);
#1577 = SURFACE_CURVE('',#1578,(#1583,#1590),.PCURVE_S1.);
#1578 = CIRCLE('',#1579,14.);
#1579 = AXIS2_PLACEMENT_3D('',#1580,#1581,#1582);
#1580 = CARTESIAN_POINT('',(-45.,-1.,23.5));
#1581 = DIRECTION('',(0.,1.,0.));
#1582 = DIRECTION('',(0.,-0.,1.));
#1583 = PCURVE('',#312,#1584);
#1584 = DEFINITIONAL_REPRESENTATION('',(#1585),#1589);
#1585 = LINE('',#1586,#1587);
#1586 = CARTESIAN_POINT('',(0.,3.14159265359));
#1587 = VECTOR('',#1588,1.);
#1588 = DIRECTION('',(1.,0.));
#1589 = ( GEOMETRIC_REPRESENTATION_CONTEXT(2) 
PARAMETRIC_REPRESENTATION_CONTEXT() REPRESENTATION_CONTEXT('2D SPACE',''
  ) );
#1590 = PCURVE('',#1591,#1596);
#1591 = CYLINDRICAL_SURFACE('',#1592,14.);
#1592 = AXIS2_PLACEMENT_3D('',#1593,#1594,#1595);
#1593 = CARTESIAN_POINT('',(-45.,-6.,23.5));
#1594 = DIRECTION('',(0.,1.,0.));
#1595 = DIRECTION('',(0.,-0.,1.));
#1596 = DEFINITIONAL_REPRESENTATION('',(#1597),#1601);
#1597 = LINE('',#1598,#1599);
#1598 = CARTESIAN_POINT('',(0.,5.));
#1599 = VECTOR('',#1600,1.);
#1600 = DIRECTION('',(1.,0.));
#1601 = ( GEOMETRIC_REPRESENTATION_CONTEXT(2) 
PARAMETRIC_REPRESENTATION_CONTEXT() REPRESENTATION_CONTEXT('2D SPACE',''
  ) );
#1602 = ADVANCED_FACE('',(#1603),#343,.F.);
#1603 = FACE_BOUND('',#1604,.F.);
#1604 = EDGE_LOOP('',(#1605,#1627,#1628,#1629));
#1605 = ORIENTED_EDGE('',*,*,#1606,.F.);
#1606 = EDGE_CURVE('',#327,#1607,#1609,.T.);
#1607 = VERTEX_POINT('',#1608);
#1608 = CARTESIAN_POINT('',(-180.,-1.,77.5));
#1609 = SEAM_CURVE('',#1610,(#1615,#1621),.PCURVE_S1.);
#1610 = CIRCLE('',#1611,1.);
#1611 = AXIS2_PLACEMENT_3D('',#1612,#1613,#1614);
#1612 = CARTESIAN_POINT('',(-180.,-1.,78.5));
#1613 = DIRECTION('',(-1.,0.,0.));
#1614 = DIRECTION('',(0.,0.,1.));
#1615 = PCURVE('',#343,#1616);
#1616 = DEFINITIONAL_REPRESENTATION('',(#1617),#1620);
#1617 = B_SPLINE_CURVE_WITH_KNOTS('',1,(#1618,#1619),.UNSPECIFIED.,.F.,
  .F.,(2,2),(1.570796326795,3.14159265359),.PIECEWISE_BEZIER_KNOTS.);
#1618 = CARTESIAN_POINT('',(0.,1.570796326795));
#1619 = CARTESIAN_POINT('',(0.,3.14159265359));
#1620 = ( GEOMETRIC_REPRESENTATION_CONTEXT(2) 
PARAMETRIC_REPRESENTATION_CONTEXT() REPRESENTATION_CONTEXT('2D SPACE',''
  ) );
#1621 = PCURVE('',#343,#1622);
#1622 = DEFINITIONAL_REPRESENTATION('',(#1623),#1626);
#1623 = B_SPLINE_CURVE_WITH_KNOTS('',1,(#1624,#1625),.UNSPECIFIED.,.F.,
  .F.,(2,2),(1.570796326795,3.14159265359),.PIECEWISE_BEZIER_KNOTS.);
#1624 = CARTESIAN_POINT('',(6.28318530718,1.570796326795));
#1625 = CARTESIAN_POINT('',(6.28318530718,3.14159265359));
#1626 = ( GEOMETRIC_REPRESENTATION_CONTEXT(2) 
PARAMETRIC_REPRESENTATION_CONTEXT() REPRESENTATION_CONTEXT('2D SPACE',''
  ) );
#1627 = ORIENTED_EDGE('',*,*,#326,.T.);
#1628 = ORIENTED_EDGE('',*,*,#1606,.T.);
#1629 = ORIENTED_EDGE('',*,*,#1630,.F.);
#1630 = EDGE_CURVE('',#1607,#1607,#1631,.T.);
#1631 = SURFACE_CURVE('',#1632,(#1637,#1644),.PCURVE_S1.);
#1632 = CIRCLE('',#1633,14.);
#1633 = AXIS2_PLACEMENT_3D('',#1634,#1635,#1636);
#1634 = CARTESIAN_POINT('',(-180.,-1.,63.5));
#1635 = DIRECTION('',(0.,1.,0.));
#1636 = DIRECTION('',(0.,-0.,1.));
#1637 = PCURVE('',#343,#1638);
#1638 = DEFINITIONAL_REPRESENTATION('',(#1639),#1643);
#1639 = LINE('',#1640,#1641);
#1640 = CARTESIAN_POINT('',(0.,3.14159265359));
#1641 = VECTOR('',#1642,1.);
#1642 = DIRECTION('',(1.,0.));
#1643 = ( GEOMETRIC_REPRESENTATION_CONTEXT(2) 
PARAMETRIC_REPRESENTATION_CONTEXT() REPRESENTATION_CONTEXT('2D SPACE',''
  ) );
#1644 = PCURVE('',#1645,#1650);
#1645 = CYLINDRICAL_SURFACE('',#1646,14.);
#1646 = AXIS2_PLACEMENT_3D('',#1647,#1648,#1649);
#1647 = CARTESIAN_POINT('',(-180.,-6.,63.5));
#1648 = DIRECTION('',(0.,1.,0.));
#1649 = DIRECTION('',(0.,-0.,1.));
#1650 = DEFINITIONAL_REPRESENTATION('',(#1651),#1655);
#1651 = LINE('',#1652,#1653);
#1652 = CARTESIAN_POINT('',(0.,5.));
#1653 = VECTOR('',#1654,1.);
#1654 = DIRECTION('',(1.,0.));
#1655 = ( GEOMETRIC_REPRESENTATION_CONTEXT(2) 
PARAMETRIC_REPRESENTATION_CONTEXT() REPRESENTATION_CONTEXT('2D SPACE',''
  ) );
#1656 = ADVANCED_FACE('',(#1657),#374,.F.);
#1657 = FACE_BOUND('',#1658,.F.);
#1658 = EDGE_LOOP('',(#1659,#1688,#1709,#1710));
#1659 = ORIENTED_EDGE('',*,*,#1660,.F.);
#1660 = EDGE_CURVE('',#1661,#1661,#1663,.T.);
#1661 = VERTEX_POINT('',#1662);
#1662 = CARTESIAN_POINT('',(-208.,14.,81.65));
#1663 = SURFACE_CURVE('',#1664,(#1669,#1676),.PCURVE_S1.);
#1664 = CIRCLE('',#1665,1.65);
#1665 = AXIS2_PLACEMENT_3D('',#1666,#1667,#1668);
#1666 = CARTESIAN_POINT('',(-208.,14.,80.));
#1667 = DIRECTION('',(0.,1.,0.));
#1668 = DIRECTION('',(0.,-0.,1.));
#1669 = PCURVE('',#374,#1670);
#1670 = DEFINITIONAL_REPRESENTATION('',(#1671),#1675);
#1671 = LINE('',#1672,#1673);
#1672 = CARTESIAN_POINT('',(0.,14.));
#1673 = VECTOR('',#1674,1.);
#1674 = DIRECTION('',(1.,0.));
#1675 = ( GEOMETRIC_REPRESENTATION_CONTEXT(2) 
PARAMETRIC_REPRESENTATION_CONTEXT() REPRESENTATION_CONTEXT('2D SPACE',''
  ) );
#1676 = PCURVE('',#1677,#1682);
#1677 = PLANE('',#1678);
#1678 = AXIS2_PLACEMENT_3D('',#1679,#1680,#1681);
#1679 = CARTESIAN_POINT('',(-208.,14.,80.));
#1680 = DIRECTION('',(0.,1.,0.));
#1681 = DIRECTION('',(0.,-0.,1.));
#1682 = DEFINITIONAL_REPRESENTATION('',(#1683),#1687);
#1683 = CIRCLE('',#1684,1.65);
#1684 = AXIS2_PLACEMENT_2D('',#1685,#1686);
#1685 = CARTESIAN_POINT('',(0.,0.));
#1686 = DIRECTION('',(1.,0.));
#1687 = ( GEOMETRIC_REPRESENTATION_CONTEXT(2) 
PARAMETRIC_REPRESENTATION_CONTEXT() REPRESENTATION_CONTEXT('2D SPACE',''
  ) );
#1688 = ORIENTED_EDGE('',*,*,#1689,.F.);
#1689 = EDGE_CURVE('',#358,#1661,#1690,.T.);
#1690 = SEAM_CURVE('',#1691,(#1695,#1702),.PCURVE_S1.);
#1691 = LINE('',#1692,#1693);
#1692 = CARTESIAN_POINT('',(-208.,0.,81.65));
#1693 = VECTOR('',#1694,1.);
#1694 = DIRECTION('',(0.,1.,0.));
#1695 = PCURVE('',#374,#1696);
#1696 = DEFINITIONAL_REPRESENTATION('',(#1697),#1701);
#1697 = LINE('',#1698,#1699);
#1698 = CARTESIAN_POINT('',(6.28318530718,-0.));
#1699 = VECTOR('',#1700,1.);
#1700 = DIRECTION('',(0.,1.));
#1701 = ( GEOMETRIC_REPRESENTATION_CONTEXT(2) 
PARAMETRIC_REPRESENTATION_CONTEXT() REPRESENTATION_CONTEXT('2D SPACE',''
  ) );
#1702 = PCURVE('',#374,#1703);
#1703 = DEFINITIONAL_REPRESENTATION('',(#1704),#1708);
#1704 = LINE('',#1705,#1706);
#1705 = CARTESIAN_POINT('',(0.,-0.));
#1706 = VECTOR('',#1707,1.);
#1707 = DIRECTION('',(0.,1.));
#1708 = ( GEOMETRIC_REPRESENTATION_CONTEXT(2) 
PARAMETRIC_REPRESENTATION_CONTEXT() REPRESENTATION_CONTEXT('2D SPACE',''
  ) );
#1709 = ORIENTED_EDGE('',*,*,#357,.T.);
#1710 = ORIENTED_EDGE('',*,*,#1689,.T.);
#1711 = ADVANCED_FACE('',(#1712),#405,.F.);
#1712 = FACE_BOUND('',#1713,.F.);
#1713 = EDGE_LOOP('',(#1714,#1736,#1737,#1738));
#1714 = ORIENTED_EDGE('',*,*,#1715,.F.);
#1715 = EDGE_CURVE('',#389,#1716,#1718,.T.);
#1716 = VERTEX_POINT('',#1717);
#1717 = CARTESIAN_POINT('',(-135.,-1.,77.5));
#1718 = SEAM_CURVE('',#1719,(#1724,#1730),.PCURVE_S1.);
#1719 = CIRCLE('',#1720,1.);
#1720 = AXIS2_PLACEMENT_3D('',#1721,#1722,#1723);
#1721 = CARTESIAN_POINT('',(-135.,-1.,78.5));
#1722 = DIRECTION('',(-1.,0.,0.));
#1723 = DIRECTION('',(0.,0.,1.));
#1724 = PCURVE('',#405,#1725);
#1725 = DEFINITIONAL_REPRESENTATION('',(#1726),#1729);
#1726 = B_SPLINE_CURVE_WITH_KNOTS('',1,(#1727,#1728),.UNSPECIFIED.,.F.,
  .F.,(2,2),(1.570796326795,3.14159265359),.PIECEWISE_BEZIER_KNOTS.);
#1727 = CARTESIAN_POINT('',(0.,1.570796326795));
#1728 = CARTESIAN_POINT('',(0.,3.14159265359));
#1729 = ( GEOMETRIC_REPRESENTATION_CONTEXT(2) 
PARAMETRIC_REPRESENTATION_CONTEXT() REPRESENTATION_CONTEXT('2D SPACE',''
  ) );
#1730 = PCURVE('',#405,#1731);
#1731 = DEFINITIONAL_REPRESENTATION('',(#1732),#1735);
#1732 = B_SPLINE_CURVE_WITH_KNOTS('',1,(#1733,#1734),.UNSPECIFIED.,.F.,
  .F.,(2,2),(1.570796326795,3.14159265359),.PIECEWISE_BEZIER_KNOTS.);
#1733 = CARTESIAN_POINT('',(6.28318530718,1.570796326795));
#1734 = CARTESIAN_POINT('',(6.28318530718,3.14159265359));
#1735 = ( GEOMETRIC_REPRESENTATION_CONTEXT(2) 
PARAMETRIC_REPRESENTATION_CONTEXT() REPRESENTATION_CONTEXT('2D SPACE',''
  ) );
#1736 = ORIENTED_EDGE('',*,*,#388,.T.);
#1737 = ORIENTED_EDGE('',*,*,#1715,.T.);
#1738 = ORIENTED_EDGE('',*,*,#1739,.F.);
#1739 = EDGE_CURVE('',#1716,#1716,#1740,.T.);
#1740 = SURFACE_CURVE('',#1741,(#1746,#1753),.PCURVE_S1.);
#1741 = CIRCLE('',#1742,14.);
#1742 = AXIS2_PLACEMENT_3D('',#1743,#1744,#1745);
#1743 = CARTESIAN_POINT('',(-135.,-1.,63.5));
#1744 = DIRECTION('',(0.,1.,0.));
#1745 = DIRECTION('',(0.,-0.,1.));
#1746 = PCURVE('',#405,#1747);
#1747 = DEFINITIONAL_REPRESENTATION('',(#1748),#1752);
#1748 = LINE('',#1749,#1750);
#1749 = CARTESIAN_POINT('',(0.,3.14159265359));
#1750 = VECTOR('',#1751,1.);
#1751 = DIRECTION('',(1.,0.));
#1752 = ( GEOMETRIC_REPRESENTATION_CONTEXT(2) 
PARAMETRIC_REPRESENTATION_CONTEXT() REPRESENTATION_CONTEXT('2D SPACE',''
  ) );
#1753 = PCURVE('',#1754,#1759);
#1754 = CYLINDRICAL_SURFACE('',#1755,14.);
#1755 = AXIS2_PLACEMENT_3D('',#1756,#1757,#1758);
#1756 = CARTESIAN_POINT('',(-135.,-6.,63.5));
#1757 = DIRECTION('',(0.,1.,0.));
#1758 = DIRECTION('',(0.,-0.,1.));
#1759 = DEFINITIONAL_REPRESENTATION('',(#1760),#1764);
#1760 = LINE('',#1761,#1762);
#1761 = CARTESIAN_POINT('',(0.,5.));
#1762 = VECTOR('',#1763,1.);
#1763 = DIRECTION('',(1.,0.));
#1764 = ( GEOMETRIC_REPRESENTATION_CONTEXT(2) 
PARAMETRIC_REPRESENTATION_CONTEXT() REPRESENTATION_CONTEXT('2D SPACE',''
  ) );
#1765 = ADVANCED_FACE('',(#1766),#436,.F.);
#1766 = FACE_BOUND('',#1767,.F.);
#1767 = EDGE_LOOP('',(#1768,#1790,#1791,#1792));
#1768 = ORIENTED_EDGE('',*,*,#1769,.F.);
#1769 = EDGE_CURVE('',#420,#1770,#1772,.T.);
#1770 = VERTEX_POINT('',#1771);
#1771 = CARTESIAN_POINT('',(-90.,-1.,77.5));
#1772 = SEAM_CURVE('',#1773,(#1778,#1784),.PCURVE_S1.);
#1773 = CIRCLE('',#1774,1.);
#1774 = AXIS2_PLACEMENT_3D('',#1775,#1776,#1777);
#1775 = CARTESIAN_POINT('',(-90.,-1.,78.5));
#1776 = DIRECTION('',(-1.,0.,0.));
#1777 = DIRECTION('',(0.,0.,1.));
#1778 = PCURVE('',#436,#1779);
#1779 = DEFINITIONAL_REPRESENTATION('',(#1780),#1783);
#1780 = B_SPLINE_CURVE_WITH_KNOTS('',1,(#1781,#1782),.UNSPECIFIED.,.F.,
  .F.,(2,2),(1.570796326795,3.14159265359),.PIECEWISE_BEZIER_KNOTS.);
#1781 = CARTESIAN_POINT('',(0.,1.570796326795));
#1782 = CARTESIAN_POINT('',(0.,3.14159265359));
#1783 = ( GEOMETRIC_REPRESENTATION_CONTEXT(2) 
PARAMETRIC_REPRESENTATION_CONTEXT() REPRESENTATION_CONTEXT('2D SPACE',''
  ) );
#1784 = PCURVE('',#436,#1785);
#1785 = DEFINITIONAL_REPRESENTATION('',(#1786),#1789);
#1786 = B_SPLINE_CURVE_WITH_KNOTS('',1,(#1787,#1788),.UNSPECIFIED.,.F.,
  .F.,(2,2),(1.570796326795,3.14159265359),.PIECEWISE_BEZIER_KNOTS.);
#1787 = CARTESIAN_POINT('',(6.28318530718,1.570796326795));
#1788 = CARTESIAN_POINT('',(6.28318530718,3.14159265359));
#1789 = ( GEOMETRIC_REPRESENTATION_CONTEXT(2) 
PARAMETRIC_REPRESENTATION_CONTEXT() REPRESENTATION_CONTEXT('2D SPACE',''
  ) );
#1790 = ORIENTED_EDGE('',*,*,#419,.T.);
#1791 = ORIENTED_EDGE('',*,*,#1769,.T.);
#1792 = ORIENTED_EDGE('',*,*,#1793,.F.);
#1793 = EDGE_CURVE('',#1770,#1770,#1794,.T.);
#1794 = SURFACE_CURVE('',#1795,(#1800,#1807),.PCURVE_S1.);
#1795 = CIRCLE('',#1796,14.);
#1796 = AXIS2_PLACEMENT_3D('',#1797,#1798,#1799);
#1797 = CARTESIAN_POINT('',(-90.,-1.,63.5));
#1798 = DIRECTION('',(0.,1.,0.));
#1799 = DIRECTION('',(0.,-0.,1.));
#1800 = PCURVE('',#436,#1801);
#1801 = DEFINITIONAL_REPRESENTATION('',(#1802),#1806);
#1802 = LINE('',#1803,#1804);
#1803 = CARTESIAN_POINT('',(0.,3.14159265359));
#1804 = VECTOR('',#1805,1.);
#1805 = DIRECTION('',(1.,0.));
#1806 = ( GEOMETRIC_REPRESENTATION_CONTEXT(2) 
PARAMETRIC_REPRESENTATION_CONTEXT() REPRESENTATION_CONTEXT('2D SPACE',''
  ) );
#1807 = PCURVE('',#1808,#1813);
#1808 = CYLINDRICAL_SURFACE('',#1809,14.);
#1809 = AXIS2_PLACEMENT_3D('',#1810,#1811,#1812);
#1810 = CARTESIAN_POINT('',(-90.,-6.,63.5));
#1811 = DIRECTION('',(0.,1.,0.));
#1812 = DIRECTION('',(0.,-0.,1.));
#1813 = DEFINITIONAL_REPRESENTATION('',(#1814),#1818);
#1814 = LINE('',#1815,#1816);
#1815 = CARTESIAN_POINT('',(0.,5.));
#1816 = VECTOR('',#1817,1.);
#1817 = DIRECTION('',(1.,0.));
#1818 = ( GEOMETRIC_REPRESENTATION_CONTEXT(2) 
PARAMETRIC_REPRESENTATION_CONTEXT() REPRESENTATION_CONTEXT('2D SPACE',''
  ) );
#1819 = ADVANCED_FACE('',(#1820),#467,.F.);
#1820 = FACE_BOUND('',#1821,.F.);
#1821 = EDGE_LOOP('',(#1822,#1844,#1845,#1846));
#1822 = ORIENTED_EDGE('',*,*,#1823,.F.);
#1823 = EDGE_CURVE('',#451,#1824,#1826,.T.);
#1824 = VERTEX_POINT('',#1825);
#1825 = CARTESIAN_POINT('',(-45.,-1.,77.5));
#1826 = SEAM_CURVE('',#1827,(#1832,#1838),.PCURVE_S1.);
#1827 = CIRCLE('',#1828,1.);
#1828 = AXIS2_PLACEMENT_3D('',#1829,#1830,#1831);
#1829 = CARTESIAN_POINT('',(-45.,-1.,78.5));
#1830 = DIRECTION('',(-1.,0.,0.));
#1831 = DIRECTION('',(0.,0.,1.));
#1832 = PCURVE('',#467,#1833);
#1833 = DEFINITIONAL_REPRESENTATION('',(#1834),#1837);
#1834 = B_SPLINE_CURVE_WITH_KNOTS('',1,(#1835,#1836),.UNSPECIFIED.,.F.,
  .F.,(2,2),(1.570796326795,3.14159265359),.PIECEWISE_BEZIER_KNOTS.);
#1835 = CARTESIAN_POINT('',(0.,1.570796326795));
#1836 = CARTESIAN_POINT('',(0.,3.14159265359));
#1837 = ( GEOMETRIC_REPRESENTATION_CONTEXT(2) 
PARAMETRIC_REPRESENTATION_CONTEXT() REPRESENTATION_CONTEXT('2D SPACE',''
  ) );
#1838 = PCURVE('',#467,#1839);
#1839 = DEFINITIONAL_REPRESENTATION('',(#1840),#1843);
#1840 = B_SPLINE_CURVE_WITH_KNOTS('',1,(#1841,#1842),.UNSPECIFIED.,.F.,
  .F.,(2,2),(1.570796326795,3.14159265359),.PIECEWISE_BEZIER_KNOTS.);
#1841 = CARTESIAN_POINT('',(6.28318530718,1.570796326795));
#1842 = CARTESIAN_POINT('',(6.28318530718,3.14159265359));
#1843 = ( GEOMETRIC_REPRESENTATION_CONTEXT(2) 
PARAMETRIC_REPRESENTATION_CONTEXT() REPRESENTATION_CONTEXT('2D SPACE',''
  ) );
#1844 = ORIENTED_EDGE('',*,*,#450,.T.);
#1845 = ORIENTED_EDGE('',*,*,#1823,.T.);
#1846 = ORIENTED_EDGE('',*,*,#1847,.F.);
#1847 = EDGE_CURVE('',#1824,#1824,#1848,.T.);
#1848 = SURFACE_CURVE('',#1849,(#1854,#1861),.PCURVE_S1.);
#1849 = CIRCLE('',#1850,14.);
#1850 = AXIS2_PLACEMENT_3D('',#1851,#1852,#1853);
#1851 = CARTESIAN_POINT('',(-45.,-1.,63.5));
#1852 = DIRECTION('',(0.,1.,0.));
#1853 = DIRECTION('',(0.,-0.,1.));
#1854 = PCURVE('',#467,#1855);
#1855 = DEFINITIONAL_REPRESENTATION('',(#1856),#1860);
#1856 = LINE('',#1857,#1858);
#1857 = CARTESIAN_POINT('',(0.,3.14159265359));
#1858 = VECTOR('',#1859,1.);
#1859 = DIRECTION('',(1.,0.));
#1860 = ( GEOMETRIC_REPRESENTATION_CONTEXT(2) 
PARAMETRIC_REPRESENTATION_CONTEXT() REPRESENTATION_CONTEXT('2D SPACE',''
  ) );
#1861 = PCURVE('',#1862,#1867);
#1862 = CYLINDRICAL_SURFACE('',#1863,14.);
#1863 = AXIS2_PLACEMENT_3D('',#1864,#1865,#1866);
#1864 = CARTESIAN_POINT('',(-45.,-6.,63.5));
#1865 = DIRECTION('',(0.,1.,0.));
#1866 = DIRECTION('',(0.,-0.,1.));
#1867 = DEFINITIONAL_REPRESENTATION('',(#1868),#1872);
#1868 = LINE('',#1869,#1870);
#1869 = CARTESIAN_POINT('',(0.,5.));
#1870 = VECTOR('',#1871,1.);
#1871 = DIRECTION('',(1.,0.));
#1872 = ( GEOMETRIC_REPRESENTATION_CONTEXT(2) 
PARAMETRIC_REPRESENTATION_CONTEXT() REPRESENTATION_CONTEXT('2D SPACE',''
  ) );
#1873 = ADVANCED_FACE('',(#1874),#498,.F.);
#1874 = FACE_BOUND('',#1875,.F.);
#1875 = EDGE_LOOP('',(#1876,#1905,#1926,#1927));
#1876 = ORIENTED_EDGE('',*,*,#1877,.F.);
#1877 = EDGE_CURVE('',#1878,#1878,#1880,.T.);
#1878 = VERTEX_POINT('',#1879);
#1879 = CARTESIAN_POINT('',(-22.5,14.,81.65));
#1880 = SURFACE_CURVE('',#1881,(#1886,#1893),.PCURVE_S1.);
#1881 = CIRCLE('',#1882,1.65);
#1882 = AXIS2_PLACEMENT_3D('',#1883,#1884,#1885);
#1883 = CARTESIAN_POINT('',(-22.5,14.,80.));
#1884 = DIRECTION('',(0.,1.,0.));
#1885 = DIRECTION('',(0.,-0.,1.));
#1886 = PCURVE('',#498,#1887);
#1887 = DEFINITIONAL_REPRESENTATION('',(#1888),#1892);
#1888 = LINE('',#1889,#1890);
#1889 = CARTESIAN_POINT('',(0.,14.));
#1890 = VECTOR('',#1891,1.);
#1891 = DIRECTION('',(1.,0.));
#1892 = ( GEOMETRIC_REPRESENTATION_CONTEXT(2) 
PARAMETRIC_REPRESENTATION_CONTEXT() REPRESENTATION_CONTEXT('2D SPACE',''
  ) );
#1893 = PCURVE('',#1894,#1899);
#1894 = PLANE('',#1895);
#1895 = AXIS2_PLACEMENT_3D('',#1896,#1897,#1898);
#1896 = CARTESIAN_POINT('',(-22.5,14.,80.));
#1897 = DIRECTION('',(0.,1.,0.));
#1898 = DIRECTION('',(0.,-0.,1.));
#1899 = DEFINITIONAL_REPRESENTATION('',(#1900),#1904);
#1900 = CIRCLE('',#1901,1.65);
#1901 = AXIS2_PLACEMENT_2D('',#1902,#1903);
#1902 = CARTESIAN_POINT('',(0.,0.));
#1903 = DIRECTION('',(1.,0.));
#1904 = ( GEOMETRIC_REPRESENTATION_CONTEXT(2) 
PARAMETRIC_REPRESENTATION_CONTEXT() REPRESENTATION_CONTEXT('2D SPACE',''
  ) );
#1905 = ORIENTED_EDGE('',*,*,#1906,.F.);
#1906 = EDGE_CURVE('',#482,#1878,#1907,.T.);
#1907 = SEAM_CURVE('',#1908,(#1912,#1919),.PCURVE_S1.);
#1908 = LINE('',#1909,#1910);
#1909 = CARTESIAN_POINT('',(-22.5,0.,81.65));
#1910 = VECTOR('',#1911,1.);
#1911 = DIRECTION('',(0.,1.,0.));
#1912 = PCURVE('',#498,#1913);
#1913 = DEFINITIONAL_REPRESENTATION('',(#1914),#1918);
#1914 = LINE('',#1915,#1916);
#1915 = CARTESIAN_POINT('',(6.28318530718,-0.));
#1916 = VECTOR('',#1917,1.);
#1917 = DIRECTION('',(0.,1.));
#1918 = ( GEOMETRIC_REPRESENTATION_CONTEXT(2) 
PARAMETRIC_REPRESENTATION_CONTEXT() REPRESENTATION_CONTEXT('2D SPACE',''
  ) );
#1919 = PCURVE('',#498,#1920);
#1920 = DEFINITIONAL_REPRESENTATION('',(#1921),#1925);
#1921 = LINE('',#1922,#1923);
#1922 = CARTESIAN_POINT('',(0.,-0.));
#1923 = VECTOR('',#1924,1.);
#1924 = DIRECTION('',(0.,1.));
#1925 = ( GEOMETRIC_REPRESENTATION_CONTEXT(2) 
PARAMETRIC_REPRESENTATION_CONTEXT() REPRESENTATION_CONTEXT('2D SPACE',''
  ) );
#1926 = ORIENTED_EDGE('',*,*,#481,.T.);
#1927 = ORIENTED_EDGE('',*,*,#1906,.T.);
#1928 = ADVANCED_FACE('',(#1929),#529,.F.);
#1929 = FACE_BOUND('',#1930,.F.);
#1930 = EDGE_LOOP('',(#1931,#1960,#1981,#1982));
#1931 = ORIENTED_EDGE('',*,*,#1932,.F.);
#1932 = EDGE_CURVE('',#1933,#1933,#1935,.T.);
#1933 = VERTEX_POINT('',#1934);
#1934 = CARTESIAN_POINT('',(22.5,14.,8.65));
#1935 = SURFACE_CURVE('',#1936,(#1941,#1948),.PCURVE_S1.);
#1936 = CIRCLE('',#1937,1.65);
#1937 = AXIS2_PLACEMENT_3D('',#1938,#1939,#1940);
#1938 = CARTESIAN_POINT('',(22.5,14.,7.));
#1939 = DIRECTION('',(0.,1.,0.));
#1940 = DIRECTION('',(0.,-0.,1.));
#1941 = PCURVE('',#529,#1942);
#1942 = DEFINITIONAL_REPRESENTATION('',(#1943),#1947);
#1943 = LINE('',#1944,#1945);
#1944 = CARTESIAN_POINT('',(0.,14.));
#1945 = VECTOR('',#1946,1.);
#1946 = DIRECTION('',(1.,0.));
#1947 = ( GEOMETRIC_REPRESENTATION_CONTEXT(2) 
PARAMETRIC_REPRESENTATION_CONTEXT() REPRESENTATION_CONTEXT('2D SPACE',''
  ) );
#1948 = PCURVE('',#1949,#1954);
#1949 = PLANE('',#1950);
#1950 = AXIS2_PLACEMENT_3D('',#1951,#1952,#1953);
#1951 = CARTESIAN_POINT('',(22.5,14.,7.));
#1952 = DIRECTION('',(0.,1.,0.));
#1953 = DIRECTION('',(0.,-0.,1.));
#1954 = DEFINITIONAL_REPRESENTATION('',(#1955),#1959);
#1955 = CIRCLE('',#1956,1.65);
#1956 = AXIS2_PLACEMENT_2D('',#1957,#1958);
#1957 = CARTESIAN_POINT('',(0.,0.));
#1958 = DIRECTION('',(1.,0.));
#1959 = ( GEOMETRIC_REPRESENTATION_CONTEXT(2) 
PARAMETRIC_REPRESENTATION_CONTEXT() REPRESENTATION_CONTEXT('2D SPACE',''
  ) );
#1960 = ORIENTED_EDGE('',*,*,#1961,.F.);
#1961 = EDGE_CURVE('',#513,#1933,#1962,.T.);
#1962 = SEAM_CURVE('',#1963,(#1967,#1974),.PCURVE_S1.);
#1963 = LINE('',#1964,#1965);
#1964 = CARTESIAN_POINT('',(22.5,0.,8.65));
#1965 = VECTOR('',#1966,1.);
#1966 = DIRECTION('',(0.,1.,0.));
#1967 = PCURVE('',#529,#1968);
#1968 = DEFINITIONAL_REPRESENTATION('',(#1969),#1973);
#1969 = LINE('',#1970,#1971);
#1970 = CARTESIAN_POINT('',(6.28318530718,-0.));
#1971 = VECTOR('',#1972,1.);
#1972 = DIRECTION('',(0.,1.));
#1973 = ( GEOMETRIC_REPRESENTATION_CONTEXT(2) 
PARAMETRIC_REPRESENTATION_CONTEXT() REPRESENTATION_CONTEXT('2D SPACE',''
  ) );
#1974 = PCURVE('',#529,#1975);
#1975 = DEFINITIONAL_REPRESENTATION('',(#1976),#1980);
#1976 = LINE('',#1977,#1978);
#1977 = CARTESIAN_POINT('',(0.,-0.));
#1978 = VECTOR('',#1979,1.);
#1979 = DIRECTION('',(0.,1.));
#1980 = ( GEOMETRIC_REPRESENTATION_CONTEXT(2) 
PARAMETRIC_REPRESENTATION_CONTEXT() REPRESENTATION_CONTEXT('2D SPACE',''
  ) );
#1981 = ORIENTED_EDGE('',*,*,#512,.T.);
#1982 = ORIENTED_EDGE('',*,*,#1961,.T.);
#1983 = ADVANCED_FACE('',(#1984),#560,.F.);
#1984 = FACE_BOUND('',#1985,.F.);
#1985 = EDGE_LOOP('',(#1986,#2008,#2009,#2010));
#1986 = ORIENTED_EDGE('',*,*,#1987,.F.);
#1987 = EDGE_CURVE('',#544,#1988,#1990,.T.);
#1988 = VERTEX_POINT('',#1989);
#1989 = CARTESIAN_POINT('',(0.,-1.,37.5));
#1990 = SEAM_CURVE('',#1991,(#1996,#2002),.PCURVE_S1.);
#1991 = CIRCLE('',#1992,1.);
#1992 = AXIS2_PLACEMENT_3D('',#1993,#1994,#1995);
#1993 = CARTESIAN_POINT('',(0.,-1.,38.5));
#1994 = DIRECTION('',(-1.,0.,0.));
#1995 = DIRECTION('',(0.,0.,1.));
#1996 = PCURVE('',#560,#1997);
#1997 = DEFINITIONAL_REPRESENTATION('',(#1998),#2001);
#1998 = B_SPLINE_CURVE_WITH_KNOTS('',1,(#1999,#2000),.UNSPECIFIED.,.F.,
  .F.,(2,2),(1.570796326795,3.14159265359),.PIECEWISE_BEZIER_KNOTS.);
#1999 = CARTESIAN_POINT('',(0.,1.570796326795));
#2000 = CARTESIAN_POINT('',(0.,3.14159265359));
#2001 = ( GEOMETRIC_REPRESENTATION_CONTEXT(2) 
PARAMETRIC_REPRESENTATION_CONTEXT() REPRESENTATION_CONTEXT('2D SPACE',''
  ) );
#2002 = PCURVE('',#560,#2003);
#2003 = DEFINITIONAL_REPRESENTATION('',(#2004),#2007);
#2004 = B_SPLINE_CURVE_WITH_KNOTS('',1,(#2005,#2006),.UNSPECIFIED.,.F.,
  .F.,(2,2),(1.570796326795,3.14159265359),.PIECEWISE_BEZIER_KNOTS.);
#2005 = CARTESIAN_POINT('',(6.28318530718,1.570796326795));
#2006 = CARTESIAN_POINT('',(6.28318530718,3.14159265359));
#2007 = ( GEOMETRIC_REPRESENTATION_CONTEXT(2) 
PARAMETRIC_REPRESENTATION_CONTEXT() REPRESENTATION_CONTEXT('2D SPACE',''
  ) );
#2008 = ORIENTED_EDGE('',*,*,#543,.T.);
#2009 = ORIENTED_EDGE('',*,*,#1987,.T.);
#2010 = ORIENTED_EDGE('',*,*,#2011,.F.);
#2011 = EDGE_CURVE('',#1988,#1988,#2012,.T.);
#2012 = SURFACE_CURVE('',#2013,(#2018,#2025),.PCURVE_S1.);
#2013 = CIRCLE('',#2014,14.);
#2014 = AXIS2_PLACEMENT_3D('',#2015,#2016,#2017);
#2015 = CARTESIAN_POINT('',(0.,-1.,23.5));
#2016 = DIRECTION('',(0.,1.,0.));
#2017 = DIRECTION('',(0.,-0.,1.));
#2018 = PCURVE('',#560,#2019);
#2019 = DEFINITIONAL_REPRESENTATION('',(#2020),#2024);
#2020 = LINE('',#2021,#2022);
#2021 = CARTESIAN_POINT('',(0.,3.14159265359));
#2022 = VECTOR('',#2023,1.);
#2023 = DIRECTION('',(1.,0.));
#2024 = ( GEOMETRIC_REPRESENTATION_CONTEXT(2) 
PARAMETRIC_REPRESENTATION_CONTEXT() REPRESENTATION_CONTEXT('2D SPACE',''
  ) );
#2025 = PCURVE('',#2026,#2031);
#2026 = CYLINDRICAL_SURFACE('',#2027,14.);
#2027 = AXIS2_PLACEMENT_3D('',#2028,#2029,#2030);
#2028 = CARTESIAN_POINT('',(0.,-6.,23.5));
#2029 = DIRECTION('',(0.,1.,0.));
#2030 = DIRECTION('',(0.,-0.,1.));
#2031 = DEFINITIONAL_REPRESENTATION('',(#2032),#2036);
#2032 = LINE('',#2033,#2034);
#2033 = CARTESIAN_POINT('',(0.,5.));
#2034 = VECTOR('',#2035,1.);
#2035 = DIRECTION('',(1.,0.));
#2036 = ( GEOMETRIC_REPRESENTATION_CONTEXT(2) 
PARAMETRIC_REPRESENTATION_CONTEXT() REPRESENTATION_CONTEXT('2D SPACE',''
  ) );
#2037 = ADVANCED_FACE('',(#2038),#591,.F.);
#2038 = FACE_BOUND('',#2039,.F.);
#2039 = EDGE_LOOP('',(#2040,#2062,#2063,#2064));
#2040 = ORIENTED_EDGE('',*,*,#2041,.F.);
#2041 = EDGE_CURVE('',#575,#2042,#2044,.T.);
#2042 = VERTEX_POINT('',#2043);
#2043 = CARTESIAN_POINT('',(45.,-1.,37.5));
#2044 = SEAM_CURVE('',#2045,(#2050,#2056),.PCURVE_S1.);
#2045 = CIRCLE('',#2046,1.);
#2046 = AXIS2_PLACEMENT_3D('',#2047,#2048,#2049);
#2047 = CARTESIAN_POINT('',(45.,-1.,38.5));
#2048 = DIRECTION('',(-1.,0.,0.));
#2049 = DIRECTION('',(0.,0.,1.));
#2050 = PCURVE('',#591,#2051);
#2051 = DEFINITIONAL_REPRESENTATION('',(#2052),#2055);
#2052 = B_SPLINE_CURVE_WITH_KNOTS('',1,(#2053,#2054),.UNSPECIFIED.,.F.,
  .F.,(2,2),(1.570796326795,3.14159265359),.PIECEWISE_BEZIER_KNOTS.);
#2053 = CARTESIAN_POINT('',(0.,1.570796326795));
#2054 = CARTESIAN_POINT('',(0.,3.14159265359));
#2055 = ( GEOMETRIC_REPRESENTATION_CONTEXT(2) 
PARAMETRIC_REPRESENTATION_CONTEXT() REPRESENTATION_CONTEXT('2D SPACE',''
  ) );
#2056 = PCURVE('',#591,#2057);
#2057 = DEFINITIONAL_REPRESENTATION('',(#2058),#2061);
#2058 = B_SPLINE_CURVE_WITH_KNOTS('',1,(#2059,#2060),.UNSPECIFIED.,.F.,
  .F.,(2,2),(1.570796326795,3.14159265359),.PIECEWISE_BEZIER_KNOTS.);
#2059 = CARTESIAN_POINT('',(6.28318530718,1.570796326795));
#2060 = CARTESIAN_POINT('',(6.28318530718,3.14159265359));
#2061 = ( GEOMETRIC_REPRESENTATION_CONTEXT(2) 
PARAMETRIC_REPRESENTATION_CONTEXT() REPRESENTATION_CONTEXT('2D SPACE',''
  ) );
#2062 = ORIENTED_EDGE('',*,*,#574,.T.);
#2063 = ORIENTED_EDGE('',*,*,#2041,.T.);
#2064 = ORIENTED_EDGE('',*,*,#2065,.F.);
#2065 = EDGE_CURVE('',#2042,#2042,#2066,.T.);
#2066 = SURFACE_CURVE('',#2067,(#2072,#2079),.PCURVE_S1.);
#2067 = CIRCLE('',#2068,14.);
#2068 = AXIS2_PLACEMENT_3D('',#2069,#2070,#2071);
#2069 = CARTESIAN_POINT('',(45.,-1.,23.5));
#2070 = DIRECTION('',(0.,1.,0.));
#2071 = DIRECTION('',(0.,-0.,1.));
#2072 = PCURVE('',#591,#2073);
#2073 = DEFINITIONAL_REPRESENTATION('',(#2074),#2078);
#2074 = LINE('',#2075,#2076);
#2075 = CARTESIAN_POINT('',(0.,3.14159265359));
#2076 = VECTOR('',#2077,1.);
#2077 = DIRECTION('',(1.,0.));
#2078 = ( GEOMETRIC_REPRESENTATION_CONTEXT(2) 
PARAMETRIC_REPRESENTATION_CONTEXT() REPRESENTATION_CONTEXT('2D SPACE',''
  ) );
#2079 = PCURVE('',#2080,#2085);
#2080 = CYLINDRICAL_SURFACE('',#2081,14.);
#2081 = AXIS2_PLACEMENT_3D('',#2082,#2083,#2084);
#2082 = CARTESIAN_POINT('',(45.,-6.,23.5));
#2083 = DIRECTION('',(0.,1.,0.));
#2084 = DIRECTION('',(0.,-0.,1.));
#2085 = DEFINITIONAL_REPRESENTATION('',(#2086),#2090);
#2086 = LINE('',#2087,#2088);
#2087 = CARTESIAN_POINT('',(0.,5.));
#2088 = VECTOR('',#2089,1.);
#2089 = DIRECTION('',(1.,0.));
#2090 = ( GEOMETRIC_REPRESENTATION_CONTEXT(2) 
PARAMETRIC_REPRESENTATION_CONTEXT() REPRESENTATION_CONTEXT('2D SPACE',''
  ) );
#2091 = ADVANCED_FACE('',(#2092),#622,.F.);
#2092 = FACE_BOUND('',#2093,.F.);
#2093 = EDGE_LOOP('',(#2094,#2116,#2117,#2118));
#2094 = ORIENTED_EDGE('',*,*,#2095,.F.);
#2095 = EDGE_CURVE('',#606,#2096,#2098,.T.);
#2096 = VERTEX_POINT('',#2097);
#2097 = CARTESIAN_POINT('',(90.,-1.,37.5));
#2098 = SEAM_CURVE('',#2099,(#2104,#2110),.PCURVE_S1.);
#2099 = CIRCLE('',#2100,1.);
#2100 = AXIS2_PLACEMENT_3D('',#2101,#2102,#2103);
#2101 = CARTESIAN_POINT('',(90.,-1.,38.5));
#2102 = DIRECTION('',(-1.,0.,0.));
#2103 = DIRECTION('',(0.,0.,1.));
#2104 = PCURVE('',#622,#2105);
#2105 = DEFINITIONAL_REPRESENTATION('',(#2106),#2109);
#2106 = B_SPLINE_CURVE_WITH_KNOTS('',1,(#2107,#2108),.UNSPECIFIED.,.F.,
  .F.,(2,2),(1.570796326795,3.14159265359),.PIECEWISE_BEZIER_KNOTS.);
#2107 = CARTESIAN_POINT('',(0.,1.570796326795));
#2108 = CARTESIAN_POINT('',(0.,3.14159265359));
#2109 = ( GEOMETRIC_REPRESENTATION_CONTEXT(2) 
PARAMETRIC_REPRESENTATION_CONTEXT() REPRESENTATION_CONTEXT('2D SPACE',''
  ) );
#2110 = PCURVE('',#622,#2111);
#2111 = DEFINITIONAL_REPRESENTATION('',(#2112),#2115);
#2112 = B_SPLINE_CURVE_WITH_KNOTS('',1,(#2113,#2114),.UNSPECIFIED.,.F.,
  .F.,(2,2),(1.570796326795,3.14159265359),.PIECEWISE_BEZIER_KNOTS.);
#2113 = CARTESIAN_POINT('',(6.28318530718,1.570796326795));
#2114 = CARTESIAN_POINT('',(6.28318530718,3.14159265359));
#2115 = ( GEOMETRIC_REPRESENTATION_CONTEXT(2) 
PARAMETRIC_REPRESENTATION_CONTEXT() REPRESENTATION_CONTEXT('2D SPACE',''
  ) );
#2116 = ORIENTED_EDGE('',*,*,#605,.T.);
#2117 = ORIENTED_EDGE('',*,*,#2095,.T.);
#2118 = ORIENTED_EDGE('',*,*,#2119,.F.);
#2119 = EDGE_CURVE('',#2096,#2096,#2120,.T.);
#2120 = SURFACE_CURVE('',#2121,(#2126,#2133),.PCURVE_S1.);
#2121 = CIRCLE('',#2122,14.);
#2122 = AXIS2_PLACEMENT_3D('',#2123,#2124,#2125);
#2123 = CARTESIAN_POINT('',(90.,-1.,23.5));
#2124 = DIRECTION('',(0.,1.,0.));
#2125 = DIRECTION('',(0.,-0.,1.));
#2126 = PCURVE('',#622,#2127);
#2127 = DEFINITIONAL_REPRESENTATION('',(#2128),#2132);
#2128 = LINE('',#2129,#2130);
#2129 = CARTESIAN_POINT('',(0.,3.14159265359));
#2130 = VECTOR('',#2131,1.);
#2131 = DIRECTION('',(1.,0.));
#2132 = ( GEOMETRIC_REPRESENTATION_CONTEXT(2) 
PARAMETRIC_REPRESENTATION_CONTEXT() REPRESENTATION_CONTEXT('2D SPACE',''
  ) );
#2133 = PCURVE('',#2134,#2139);
#2134 = CYLINDRICAL_SURFACE('',#2135,14.);
#2135 = AXIS2_PLACEMENT_3D('',#2136,#2137,#2138);
#2136 = CARTESIAN_POINT('',(90.,-6.,23.5));
#2137 = DIRECTION('',(0.,1.,0.));
#2138 = DIRECTION('',(0.,-0.,1.));
#2139 = DEFINITIONAL_REPRESENTATION('',(#2140),#2144);
#2140 = LINE('',#2141,#2142);
#2141 = CARTESIAN_POINT('',(0.,5.));
#2142 = VECTOR('',#2143,1.);
#2143 = DIRECTION('',(1.,0.));
#2144 = ( GEOMETRIC_REPRESENTATION_CONTEXT(2) 
PARAMETRIC_REPRESENTATION_CONTEXT() REPRESENTATION_CONTEXT('2D SPACE',''
  ) );
#2145 = ADVANCED_FACE('',(#2146),#653,.F.);
#2146 = FACE_BOUND('',#2147,.F.);
#2147 = EDGE_LOOP('',(#2148,#2170,#2171,#2172));
#2148 = ORIENTED_EDGE('',*,*,#2149,.F.);
#2149 = EDGE_CURVE('',#637,#2150,#2152,.T.);
#2150 = VERTEX_POINT('',#2151);
#2151 = CARTESIAN_POINT('',(135.,-1.,37.5));
#2152 = SEAM_CURVE('',#2153,(#2158,#2164),.PCURVE_S1.);
#2153 = CIRCLE('',#2154,1.);
#2154 = AXIS2_PLACEMENT_3D('',#2155,#2156,#2157);
#2155 = CARTESIAN_POINT('',(135.,-1.,38.5));
#2156 = DIRECTION('',(-1.,0.,0.));
#2157 = DIRECTION('',(0.,0.,1.));
#2158 = PCURVE('',#653,#2159);
#2159 = DEFINITIONAL_REPRESENTATION('',(#2160),#2163);
#2160 = B_SPLINE_CURVE_WITH_KNOTS('',1,(#2161,#2162),.UNSPECIFIED.,.F.,
  .F.,(2,2),(1.570796326795,3.14159265359),.PIECEWISE_BEZIER_KNOTS.);
#2161 = CARTESIAN_POINT('',(0.,1.570796326795));
#2162 = CARTESIAN_POINT('',(0.,3.14159265359));
#2163 = ( GEOMETRIC_REPRESENTATION_CONTEXT(2) 
PARAMETRIC_REPRESENTATION_CONTEXT() REPRESENTATION_CONTEXT('2D SPACE',''
  ) );
#2164 = PCURVE('',#653,#2165);
#2165 = DEFINITIONAL_REPRESENTATION('',(#2166),#2169);
#2166 = B_SPLINE_CURVE_WITH_KNOTS('',1,(#2167,#2168),.UNSPECIFIED.,.F.,
  .F.,(2,2),(1.570796326795,3.14159265359),.PIECEWISE_BEZIER_KNOTS.);
#2167 = CARTESIAN_POINT('',(6.28318530718,1.570796326795));
#2168 = CARTESIAN_POINT('',(6.28318530718,3.14159265359));
#2169 = ( GEOMETRIC_REPRESENTATION_CONTEXT(2) 
PARAMETRIC_REPRESENTATION_CONTEXT() REPRESENTATION_CONTEXT('2D SPACE',''
  ) );
#2170 = ORIENTED_EDGE('',*,*,#636,.T.);
#2171 = ORIENTED_EDGE('',*,*,#2149,.T.);
#2172 = ORIENTED_EDGE('',*,*,#2173,.F.);
#2173 = EDGE_CURVE('',#2150,#2150,#2174,.T.);
#2174 = SURFACE_CURVE('',#2175,(#2180,#2187),.PCURVE_S1.);
#2175 = CIRCLE('',#2176,14.);
#2176 = AXIS2_PLACEMENT_3D('',#2177,#2178,#2179);
#2177 = CARTESIAN_POINT('',(135.,-1.,23.5));
#2178 = DIRECTION('',(0.,1.,0.));
#2179 = DIRECTION('',(0.,-0.,1.));
#2180 = PCURVE('',#653,#2181);
#2181 = DEFINITIONAL_REPRESENTATION('',(#2182),#2186);
#2182 = LINE('',#2183,#2184);
#2183 = CARTESIAN_POINT('',(0.,3.14159265359));
#2184 = VECTOR('',#2185,1.);
#2185 = DIRECTION('',(1.,0.));
#2186 = ( GEOMETRIC_REPRESENTATION_CONTEXT(2) 
PARAMETRIC_REPRESENTATION_CONTEXT() REPRESENTATION_CONTEXT('2D SPACE',''
  ) );
#2187 = PCURVE('',#2188,#2193);
#2188 = CYLINDRICAL_SURFACE('',#2189,14.);
#2189 = AXIS2_PLACEMENT_3D('',#2190,#2191,#2192);
#2190 = CARTESIAN_POINT('',(135.,-6.,23.5));
#2191 = DIRECTION('',(0.,1.,0.));
#2192 = DIRECTION('',(0.,-0.,1.));
#2193 = DEFINITIONAL_REPRESENTATION('',(#2194),#2198);
#2194 = LINE('',#2195,#2196);
#2195 = CARTESIAN_POINT('',(0.,5.));
#2196 = VECTOR('',#2197,1.);
#2197 = DIRECTION('',(1.,0.));
#2198 = ( GEOMETRIC_REPRESENTATION_CONTEXT(2) 
PARAMETRIC_REPRESENTATION_CONTEXT() REPRESENTATION_CONTEXT('2D SPACE',''
  ) );
#2199 = ADVANCED_FACE('',(#2200),#684,.F.);
#2200 = FACE_BOUND('',#2201,.F.);
#2201 = EDGE_LOOP('',(#2202,#2231,#2252,#2253));
#2202 = ORIENTED_EDGE('',*,*,#2203,.F.);
#2203 = EDGE_CURVE('',#2204,#2204,#2206,.T.);
#2204 = VERTEX_POINT('',#2205);
#2205 = CARTESIAN_POINT('',(208.,14.,8.65));
#2206 = SURFACE_CURVE('',#2207,(#2212,#2219),.PCURVE_S1.);
#2207 = CIRCLE('',#2208,1.65);
#2208 = AXIS2_PLACEMENT_3D('',#2209,#2210,#2211);
#2209 = CARTESIAN_POINT('',(208.,14.,7.));
#2210 = DIRECTION('',(0.,1.,0.));
#2211 = DIRECTION('',(0.,-0.,1.));
#2212 = PCURVE('',#684,#2213);
#2213 = DEFINITIONAL_REPRESENTATION('',(#2214),#2218);
#2214 = LINE('',#2215,#2216);
#2215 = CARTESIAN_POINT('',(0.,14.));
#2216 = VECTOR('',#2217,1.);
#2217 = DIRECTION('',(1.,0.));
#2218 = ( GEOMETRIC_REPRESENTATION_CONTEXT(2) 
PARAMETRIC_REPRESENTATION_CONTEXT() REPRESENTATION_CONTEXT('2D SPACE',''
  ) );
#2219 = PCURVE('',#2220,#2225);
#2220 = PLANE('',#2221);
#2221 = AXIS2_PLACEMENT_3D('',#2222,#2223,#2224);
#2222 = CARTESIAN_POINT('',(208.,14.,7.));
#2223 = DIRECTION('',(0.,1.,0.));
#2224 = DIRECTION('',(0.,-0.,1.));
#2225 = DEFINITIONAL_REPRESENTATION('',(#2226),#2230);
#2226 = CIRCLE('',#2227,1.65);
#2227 = AXIS2_PLACEMENT_2D('',#2228,#2229);
#2228 = CARTESIAN_POINT('',(0.,0.));
#2229 = DIRECTION('',(1.,0.));
#2230 = ( GEOMETRIC_REPRESENTATION_CONTEXT(2) 
PARAMETRIC_REPRESENTATION_CONTEXT() REPRESENTATION_CONTEXT('2D SPACE',''
  ) );
#2231 = ORIENTED_EDGE('',*,*,#2232,.F.);
#2232 = EDGE_CURVE('',#668,#2204,#2233,.T.);
#2233 = SEAM_CURVE('',#2234,(#2238,#2245),.PCURVE_S1.);
#2234 = LINE('',#2235,#2236);
#2235 = CARTESIAN_POINT('',(208.,0.,8.65));
#2236 = VECTOR('',#2237,1.);
#2237 = DIRECTION('',(0.,1.,0.));
#2238 = PCURVE('',#684,#2239);
#2239 = DEFINITIONAL_REPRESENTATION('',(#2240),#2244);
#2240 = LINE('',#2241,#2242);
#2241 = CARTESIAN_POINT('',(6.28318530718,-0.));
#2242 = VECTOR('',#2243,1.);
#2243 = DIRECTION('',(0.,1.));
#2244 = ( GEOMETRIC_REPRESENTATION_CONTEXT(2) 
PARAMETRIC_REPRESENTATION_CONTEXT() REPRESENTATION_CONTEXT('2D SPACE',''
  ) );
#2245 = PCURVE('',#684,#2246);
#2246 = DEFINITIONAL_REPRESENTATION('',(#2247),#2251);
#2247 = LINE('',#2248,#2249);
#2248 = CARTESIAN_POINT('',(0.,-0.));
#2249 = VECTOR('',#2250,1.);
#2250 = DIRECTION('',(0.,1.));
#2251 = ( GEOMETRIC_REPRESENTATION_CONTEXT(2) 
PARAMETRIC_REPRESENTATION_CONTEXT() REPRESENTATION_CONTEXT('2D SPACE',''
  ) );
#2252 = ORIENTED_EDGE('',*,*,#667,.T.);
#2253 = ORIENTED_EDGE('',*,*,#2232,.T.);
#2254 = ADVANCED_FACE('',(#2255),#715,.F.);
#2255 = FACE_BOUND('',#2256,.F.);
#2256 = EDGE_LOOP('',(#2257,#2279,#2280,#2281));
#2257 = ORIENTED_EDGE('',*,*,#2258,.F.);
#2258 = EDGE_CURVE('',#699,#2259,#2261,.T.);
#2259 = VERTEX_POINT('',#2260);
#2260 = CARTESIAN_POINT('',(180.,-1.,37.5));
#2261 = SEAM_CURVE('',#2262,(#2267,#2273),.PCURVE_S1.);
#2262 = CIRCLE('',#2263,1.);
#2263 = AXIS2_PLACEMENT_3D('',#2264,#2265,#2266);
#2264 = CARTESIAN_POINT('',(180.,-1.,38.5));
#2265 = DIRECTION('',(-1.,0.,0.));
#2266 = DIRECTION('',(0.,0.,1.));
#2267 = PCURVE('',#715,#2268);
#2268 = DEFINITIONAL_REPRESENTATION('',(#2269),#2272);
#2269 = B_SPLINE_CURVE_WITH_KNOTS('',1,(#2270,#2271),.UNSPECIFIED.,.F.,
  .F.,(2,2),(1.570796326795,3.14159265359),.PIECEWISE_BEZIER_KNOTS.);
#2270 = CARTESIAN_POINT('',(0.,1.570796326795));
#2271 = CARTESIAN_POINT('',(0.,3.14159265359));
#2272 = ( GEOMETRIC_REPRESENTATION_CONTEXT(2) 
PARAMETRIC_REPRESENTATION_CONTEXT() REPRESENTATION_CONTEXT('2D SPACE',''
  ) );
#2273 = PCURVE('',#715,#2274);
#2274 = DEFINITIONAL_REPRESENTATION('',(#2275),#2278);
#2275 = B_SPLINE_CURVE_WITH_KNOTS('',1,(#2276,#2277),.UNSPECIFIED.,.F.,
  .F.,(2,2),(1.570796326795,3.14159265359),.PIECEWISE_BEZIER_KNOTS.);
#2276 = CARTESIAN_POINT('',(6.28318530718,1.570796326795));
#2277 = CARTESIAN_POINT('',(6.28318530718,3.14159265359));
#2278 = ( GEOMETRIC_REPRESENTATION_CONTEXT(2) 
PARAMETRIC_REPRESENTATION_CONTEXT() REPRESENTATION_CONTEXT('2D SPACE',''
  ) );
#2279 = ORIENTED_EDGE('',*,*,#698,.T.);
#2280 = ORIENTED_EDGE('',*,*,#2258,.T.);
#2281 = ORIENTED_EDGE('',*,*,#2282,.F.);
#2282 = EDGE_CURVE('',#2259,#2259,#2283,.T.);
#2283 = SURFACE_CURVE('',#2284,(#2289,#2296),.PCURVE_S1.);
#2284 = CIRCLE('',#2285,14.);
#2285 = AXIS2_PLACEMENT_3D('',#2286,#2287,#2288);
#2286 = CARTESIAN_POINT('',(180.,-1.,23.5));
#2287 = DIRECTION('',(0.,1.,0.));
#2288 = DIRECTION('',(0.,-0.,1.));
#2289 = PCURVE('',#715,#2290);
#2290 = DEFINITIONAL_REPRESENTATION('',(#2291),#2295);
#2291 = LINE('',#2292,#2293);
#2292 = CARTESIAN_POINT('',(0.,3.14159265359));
#2293 = VECTOR('',#2294,1.);
#2294 = DIRECTION('',(1.,0.));
#2295 = ( GEOMETRIC_REPRESENTATION_CONTEXT(2) 
PARAMETRIC_REPRESENTATION_CONTEXT() REPRESENTATION_CONTEXT('2D SPACE',''
  ) );
#2296 = PCURVE('',#2297,#2302);
#2297 = CYLINDRICAL_SURFACE('',#2298,14.);
#2298 = AXIS2_PLACEMENT_3D('',#2299,#2300,#2301);
#2299 = CARTESIAN_POINT('',(180.,-6.,23.5));
#2300 = DIRECTION('',(0.,1.,0.));
#2301 = DIRECTION('',(0.,-0.,1.));
#2302 = DEFINITIONAL_REPRESENTATION('',(#2303),#2307);
#2303 = LINE('',#2304,#2305);
#2304 = CARTESIAN_POINT('',(0.,5.));
#2305 = VECTOR('',#2306,1.);
#2306 = DIRECTION('',(1.,0.));
#2307 = ( GEOMETRIC_REPRESENTATION_CONTEXT(2) 
PARAMETRIC_REPRESENTATION_CONTEXT() REPRESENTATION_CONTEXT('2D SPACE',''
  ) );
#2308 = ADVANCED_FACE('',(#2309),#746,.F.);
#2309 = FACE_BOUND('',#2310,.F.);
#2310 = EDGE_LOOP('',(#2311,#2333,#2334,#2335));
#2311 = ORIENTED_EDGE('',*,*,#2312,.F.);
#2312 = EDGE_CURVE('',#730,#2313,#2315,.T.);
#2313 = VERTEX_POINT('',#2314);
#2314 = CARTESIAN_POINT('',(0.,-1.,77.5));
#2315 = SEAM_CURVE('',#2316,(#2321,#2327),.PCURVE_S1.);
#2316 = CIRCLE('',#2317,1.);
#2317 = AXIS2_PLACEMENT_3D('',#2318,#2319,#2320);
#2318 = CARTESIAN_POINT('',(0.,-1.,78.5));
#2319 = DIRECTION('',(-1.,0.,0.));
#2320 = DIRECTION('',(0.,0.,1.));
#2321 = PCURVE('',#746,#2322);
#2322 = DEFINITIONAL_REPRESENTATION('',(#2323),#2326);
#2323 = B_SPLINE_CURVE_WITH_KNOTS('',1,(#2324,#2325),.UNSPECIFIED.,.F.,
  .F.,(2,2),(1.570796326795,3.14159265359),.PIECEWISE_BEZIER_KNOTS.);
#2324 = CARTESIAN_POINT('',(0.,1.570796326795));
#2325 = CARTESIAN_POINT('',(0.,3.14159265359));
#2326 = ( GEOMETRIC_REPRESENTATION_CONTEXT(2) 
PARAMETRIC_REPRESENTATION_CONTEXT() REPRESENTATION_CONTEXT('2D SPACE',''
  ) );
#2327 = PCURVE('',#746,#2328);
#2328 = DEFINITIONAL_REPRESENTATION('',(#2329),#2332);
#2329 = B_SPLINE_CURVE_WITH_KNOTS('',1,(#2330,#2331),.UNSPECIFIED.,.F.,
  .F.,(2,2),(1.570796326795,3.14159265359),.PIECEWISE_BEZIER_KNOTS.);
#2330 = CARTESIAN_POINT('',(6.28318530718,1.570796326795));
#2331 = CARTESIAN_POINT('',(6.28318530718,3.14159265359));
#2332 = ( GEOMETRIC_REPRESENTATION_CONTEXT(2) 
PARAMETRIC_REPRESENTATION_CONTEXT() REPRESENTATION_CONTEXT('2D SPACE',''
  ) );
#2333 = ORIENTED_EDGE('',*,*,#729,.T.);
#2334 = ORIENTED_EDGE('',*,*,#2312,.T.);
#2335 = ORIENTED_EDGE('',*,*,#2336,.F.);
#2336 = EDGE_CURVE('',#2313,#2313,#2337,.T.);
#2337 = SURFACE_CURVE('',#2338,(#2343,#2350),.PCURVE_S1.);
#2338 = CIRCLE('',#2339,14.);
#2339 = AXIS2_PLACEMENT_3D('',#2340,#2341,#2342);
#2340 = CARTESIAN_POINT('',(0.,-1.,63.5));
#2341 = DIRECTION('',(0.,1.,0.));
#2342 = DIRECTION('',(0.,-0.,1.));
#2343 = PCURVE('',#746,#2344);
#2344 = DEFINITIONAL_REPRESENTATION('',(#2345),#2349);
#2345 = LINE('',#2346,#2347);
#2346 = CARTESIAN_POINT('',(0.,3.14159265359));
#2347 = VECTOR('',#2348,1.);
#2348 = DIRECTION('',(1.,0.));
#2349 = ( GEOMETRIC_REPRESENTATION_CONTEXT(2) 
PARAMETRIC_REPRESENTATION_CONTEXT() REPRESENTATION_CONTEXT('2D SPACE',''
  ) );
#2350 = PCURVE('',#2351,#2356);
#2351 = CYLINDRICAL_SURFACE('',#2352,14.);
#2352 = AXIS2_PLACEMENT_3D('',#2353,#2354,#2355);
#2353 = CARTESIAN_POINT('',(0.,-6.,63.5));
#2354 = DIRECTION('',(0.,1.,0.));
#2355 = DIRECTION('',(0.,-0.,1.));
#2356 = DEFINITIONAL_REPRESENTATION('',(#2357),#2361);
#2357 = LINE('',#2358,#2359);
#2358 = CARTESIAN_POINT('',(0.,5.));
#2359 = VECTOR('',#2360,1.);
#2360 = DIRECTION('',(1.,0.));
#2361 = ( GEOMETRIC_REPRESENTATION_CONTEXT(2) 
PARAMETRIC_REPRESENTATION_CONTEXT() REPRESENTATION_CONTEXT('2D SPACE',''
  ) );
#2362 = ADVANCED_FACE('',(#2363),#777,.F.);
#2363 = FACE_BOUND('',#2364,.F.);
#2364 = EDGE_LOOP('',(#2365,#2387,#2388,#2389));
#2365 = ORIENTED_EDGE('',*,*,#2366,.F.);
#2366 = EDGE_CURVE('',#761,#2367,#2369,.T.);
#2367 = VERTEX_POINT('',#2368);
#2368 = CARTESIAN_POINT('',(45.,-1.,77.5));
#2369 = SEAM_CURVE('',#2370,(#2375,#2381),.PCURVE_S1.);
#2370 = CIRCLE('',#2371,1.);
#2371 = AXIS2_PLACEMENT_3D('',#2372,#2373,#2374);
#2372 = CARTESIAN_POINT('',(45.,-1.,78.5));
#2373 = DIRECTION('',(-1.,0.,0.));
#2374 = DIRECTION('',(0.,0.,1.));
#2375 = PCURVE('',#777,#2376);
#2376 = DEFINITIONAL_REPRESENTATION('',(#2377),#2380);
#2377 = B_SPLINE_CURVE_WITH_KNOTS('',1,(#2378,#2379),.UNSPECIFIED.,.F.,
  .F.,(2,2),(1.570796326795,3.14159265359),.PIECEWISE_BEZIER_KNOTS.);
#2378 = CARTESIAN_POINT('',(0.,1.570796326795));
#2379 = CARTESIAN_POINT('',(0.,3.14159265359));
#2380 = ( GEOMETRIC_REPRESENTATION_CONTEXT(2) 
PARAMETRIC_REPRESENTATION_CONTEXT() REPRESENTATION_CONTEXT('2D SPACE',''
  ) );
#2381 = PCURVE('',#777,#2382);
#2382 = DEFINITIONAL_REPRESENTATION('',(#2383),#2386);
#2383 = B_SPLINE_CURVE_WITH_KNOTS('',1,(#2384,#2385),.UNSPECIFIED.,.F.,
  .F.,(2,2),(1.570796326795,3.14159265359),.PIECEWISE_BEZIER_KNOTS.);
#2384 = CARTESIAN_POINT('',(6.28318530718,1.570796326795));
#2385 = CARTESIAN_POINT('',(6.28318530718,3.14159265359));
#2386 = ( GEOMETRIC_REPRESENTATION_CONTEXT(2) 
PARAMETRIC_REPRESENTATION_CONTEXT() REPRESENTATION_CONTEXT('2D SPACE',''
  ) );
#2387 = ORIENTED_EDGE('',*,*,#760,.T.);
#2388 = ORIENTED_EDGE('',*,*,#2366,.T.);
#2389 = ORIENTED_EDGE('',*,*,#2390,.F.);
#2390 = EDGE_CURVE('',#2367,#2367,#2391,.T.);
#2391 = SURFACE_CURVE('',#2392,(#2397,#2404),.PCURVE_S1.);
#2392 = CIRCLE('',#2393,14.);
#2393 = AXIS2_PLACEMENT_3D('',#2394,#2395,#2396);
#2394 = CARTESIAN_POINT('',(45.,-1.,63.5));
#2395 = DIRECTION('',(0.,1.,0.));
#2396 = DIRECTION('',(0.,-0.,1.));
#2397 = PCURVE('',#777,#2398);
#2398 = DEFINITIONAL_REPRESENTATION('',(#2399),#2403);
#2399 = LINE('',#2400,#2401);
#2400 = CARTESIAN_POINT('',(0.,3.14159265359));
#2401 = VECTOR('',#2402,1.);
#2402 = DIRECTION('',(1.,0.));
#2403 = ( GEOMETRIC_REPRESENTATION_CONTEXT(2) 
PARAMETRIC_REPRESENTATION_CONTEXT() REPRESENTATION_CONTEXT('2D SPACE',''
  ) );
#2404 = PCURVE('',#2405,#2410);
#2405 = CYLINDRICAL_SURFACE('',#2406,14.);
#2406 = AXIS2_PLACEMENT_3D('',#2407,#2408,#2409);
#2407 = CARTESIAN_POINT('',(45.,-6.,63.5));
#2408 = DIRECTION('',(0.,1.,0.));
#2409 = DIRECTION('',(0.,-0.,1.));
#2410 = DEFINITIONAL_REPRESENTATION('',(#2411),#2415);
#2411 = LINE('',#2412,#2413);
#2412 = CARTESIAN_POINT('',(0.,5.));
#2413 = VECTOR('',#2414,1.);
#2414 = DIRECTION('',(1.,0.));
#2415 = ( GEOMETRIC_REPRESENTATION_CONTEXT(2) 
PARAMETRIC_REPRESENTATION_CONTEXT() REPRESENTATION_CONTEXT('2D SPACE',''
  ) );
#2416 = ADVANCED_FACE('',(#2417),#808,.F.);
#2417 = FACE_BOUND('',#2418,.F.);
#2418 = EDGE_LOOP('',(#2419,#2448,#2469,#2470));
#2419 = ORIENTED_EDGE('',*,*,#2420,.F.);
#2420 = EDGE_CURVE('',#2421,#2421,#2423,.T.);
#2421 = VERTEX_POINT('',#2422);
#2422 = CARTESIAN_POINT('',(22.5,14.,81.65));
#2423 = SURFACE_CURVE('',#2424,(#2429,#2436),.PCURVE_S1.);
#2424 = CIRCLE('',#2425,1.65);
#2425 = AXIS2_PLACEMENT_3D('',#2426,#2427,#2428);
#2426 = CARTESIAN_POINT('',(22.5,14.,80.));
#2427 = DIRECTION('',(0.,1.,0.));
#2428 = DIRECTION('',(0.,-0.,1.));
#2429 = PCURVE('',#808,#2430);
#2430 = DEFINITIONAL_REPRESENTATION('',(#2431),#2435);
#2431 = LINE('',#2432,#2433);
#2432 = CARTESIAN_POINT('',(0.,14.));
#2433 = VECTOR('',#2434,1.);
#2434 = DIRECTION('',(1.,0.));
#2435 = ( GEOMETRIC_REPRESENTATION_CONTEXT(2) 
PARAMETRIC_REPRESENTATION_CONTEXT() REPRESENTATION_CONTEXT('2D SPACE',''
  ) );
#2436 = PCURVE('',#2437,#2442);
#2437 = PLANE('',#2438);
#2438 = AXIS2_PLACEMENT_3D('',#2439,#2440,#2441);
#2439 = CARTESIAN_POINT('',(22.5,14.,80.));
#2440 = DIRECTION('',(0.,1.,0.));
#2441 = DIRECTION('',(0.,-0.,1.));
#2442 = DEFINITIONAL_REPRESENTATION('',(#2443),#2447);
#2443 = CIRCLE('',#2444,1.65);
#2444 = AXIS2_PLACEMENT_2D('',#2445,#2446);
#2445 = CARTESIAN_POINT('',(0.,0.));
#2446 = DIRECTION('',(1.,0.));
#2447 = ( GEOMETRIC_REPRESENTATION_CONTEXT(2) 
PARAMETRIC_REPRESENTATION_CONTEXT() REPRESENTATION_CONTEXT('2D SPACE',''
  ) );
#2448 = ORIENTED_EDGE('',*,*,#2449,.F.);
#2449 = EDGE_CURVE('',#792,#2421,#2450,.T.);
#2450 = SEAM_CURVE('',#2451,(#2455,#2462),.PCURVE_S1.);
#2451 = LINE('',#2452,#2453);
#2452 = CARTESIAN_POINT('',(22.5,0.,81.65));
#2453 = VECTOR('',#2454,1.);
#2454 = DIRECTION('',(0.,1.,0.));
#2455 = PCURVE('',#808,#2456);
#2456 = DEFINITIONAL_REPRESENTATION('',(#2457),#2461);
#2457 = LINE('',#2458,#2459);
#2458 = CARTESIAN_POINT('',(6.28318530718,-0.));
#2459 = VECTOR('',#2460,1.);
#2460 = DIRECTION('',(0.,1.));
#2461 = ( GEOMETRIC_REPRESENTATION_CONTEXT(2) 
PARAMETRIC_REPRESENTATION_CONTEXT() REPRESENTATION_CONTEXT('2D SPACE',''
  ) );
#2462 = PCURVE('',#808,#2463);
#2463 = DEFINITIONAL_REPRESENTATION('',(#2464),#2468);
#2464 = LINE('',#2465,#2466);
#2465 = CARTESIAN_POINT('',(0.,-0.));
#2466 = VECTOR('',#2467,1.);
#2467 = DIRECTION('',(0.,1.));
#2468 = ( GEOMETRIC_REPRESENTATION_CONTEXT(2) 
PARAMETRIC_REPRESENTATION_CONTEXT() REPRESENTATION_CONTEXT('2D SPACE',''
  ) );
#2469 = ORIENTED_EDGE('',*,*,#791,.T.);
#2470 = ORIENTED_EDGE('',*,*,#2449,.T.);
#2471 = ADVANCED_FACE('',(#2472),#839,.F.);
#2472 = FACE_BOUND('',#2473,.F.);
#2473 = EDGE_LOOP('',(#2474,#2496,#2497,#2498));
#2474 = ORIENTED_EDGE('',*,*,#2475,.F.);
#2475 = EDGE_CURVE('',#823,#2476,#2478,.T.);
#2476 = VERTEX_POINT('',#2477);
#2477 = CARTESIAN_POINT('',(90.,-1.,77.5));
#2478 = SEAM_CURVE('',#2479,(#2484,#2490),.PCURVE_S1.);
#2479 = CIRCLE('',#2480,1.);
#2480 = AXIS2_PLACEMENT_3D('',#2481,#2482,#2483);
#2481 = CARTESIAN_POINT('',(90.,-1.,78.5));
#2482 = DIRECTION('',(-1.,0.,0.));
#2483 = DIRECTION('',(0.,0.,1.));
#2484 = PCURVE('',#839,#2485);
#2485 = DEFINITIONAL_REPRESENTATION('',(#2486),#2489);
#2486 = B_SPLINE_CURVE_WITH_KNOTS('',1,(#2487,#2488),.UNSPECIFIED.,.F.,
  .F.,(2,2),(1.570796326795,3.14159265359),.PIECEWISE_BEZIER_KNOTS.);
#2487 = CARTESIAN_POINT('',(0.,1.570796326795));
#2488 = CARTESIAN_POINT('',(0.,3.14159265359));
#2489 = ( GEOMETRIC_REPRESENTATION_CONTEXT(2) 
PARAMETRIC_REPRESENTATION_CONTEXT() REPRESENTATION_CONTEXT('2D SPACE',''
  ) );
#2490 = PCURVE('',#839,#2491);
#2491 = DEFINITIONAL_REPRESENTATION('',(#2492),#2495);
#2492 = B_SPLINE_CURVE_WITH_KNOTS('',1,(#2493,#2494),.UNSPECIFIED.,.F.,
  .F.,(2,2),(1.570796326795,3.14159265359),.PIECEWISE_BEZIER_KNOTS.);
#2493 = CARTESIAN_POINT('',(6.28318530718,1.570796326795));
#2494 = CARTESIAN_POINT('',(6.28318530718,3.14159265359));
#2495 = ( GEOMETRIC_REPRESENTATION_CONTEXT(2) 
PARAMETRIC_REPRESENTATION_CONTEXT() REPRESENTATION_CONTEXT('2D SPACE',''
  ) );
#2496 = ORIENTED_EDGE('',*,*,#822,.T.);
#2497 = ORIENTED_EDGE('',*,*,#2475,.T.);
#2498 = ORIENTED_EDGE('',*,*,#2499,.F.);
#2499 = EDGE_CURVE('',#2476,#2476,#2500,.T.);
#2500 = SURFACE_CURVE('',#2501,(#2506,#2513),.PCURVE_S1.);
#2501 = CIRCLE('',#2502,14.);
#2502 = AXIS2_PLACEMENT_3D('',#2503,#2504,#2505);
#2503 = CARTESIAN_POINT('',(90.,-1.,63.5));
#2504 = DIRECTION('',(0.,1.,0.));
#2505 = DIRECTION('',(0.,-0.,1.));
#2506 = PCURVE('',#839,#2507);
#2507 = DEFINITIONAL_REPRESENTATION('',(#2508),#2512);
#2508 = LINE('',#2509,#2510);
#2509 = CARTESIAN_POINT('',(0.,3.14159265359));
#2510 = VECTOR('',#2511,1.);
#2511 = DIRECTION('',(1.,0.));
#2512 = ( GEOMETRIC_REPRESENTATION_CONTEXT(2) 
PARAMETRIC_REPRESENTATION_CONTEXT() REPRESENTATION_CONTEXT('2D SPACE',''
  ) );
#2513 = PCURVE('',#2514,#2519);
#2514 = CYLINDRICAL_SURFACE('',#2515,14.);
#2515 = AXIS2_PLACEMENT_3D('',#2516,#2517,#2518);
#2516 = CARTESIAN_POINT('',(90.,-6.,63.5));
#2517 = DIRECTION('',(0.,1.,0.));
#2518 = DIRECTION('',(0.,-0.,1.));
#2519 = DEFINITIONAL_REPRESENTATION('',(#2520),#2524);
#2520 = LINE('',#2521,#2522);
#2521 = CARTESIAN_POINT('',(0.,5.));
#2522 = VECTOR('',#2523,1.);
#2523 = DIRECTION('',(1.,0.));
#2524 = ( GEOMETRIC_REPRESENTATION_CONTEXT(2) 
PARAMETRIC_REPRESENTATION_CONTEXT() REPRESENTATION_CONTEXT('2D SPACE',''
  ) );
#2525 = ADVANCED_FACE('',(#2526),#870,.F.);
#2526 = FACE_BOUND('',#2527,.F.);
#2527 = EDGE_LOOP('',(#2528,#2550,#2551,#2552));
#2528 = ORIENTED_EDGE('',*,*,#2529,.F.);
#2529 = EDGE_CURVE('',#854,#2530,#2532,.T.);
#2530 = VERTEX_POINT('',#2531);
#2531 = CARTESIAN_POINT('',(135.,-1.,77.5));
#2532 = SEAM_CURVE('',#2533,(#2538,#2544),.PCURVE_S1.);
#2533 = CIRCLE('',#2534,1.);
#2534 = AXIS2_PLACEMENT_3D('',#2535,#2536,#2537);
#2535 = CARTESIAN_POINT('',(135.,-1.,78.5));
#2536 = DIRECTION('',(-1.,0.,0.));
#2537 = DIRECTION('',(0.,0.,1.));
#2538 = PCURVE('',#870,#2539);
#2539 = DEFINITIONAL_REPRESENTATION('',(#2540),#2543);
#2540 = B_SPLINE_CURVE_WITH_KNOTS('',1,(#2541,#2542),.UNSPECIFIED.,.F.,
  .F.,(2,2),(1.570796326795,3.14159265359),.PIECEWISE_BEZIER_KNOTS.);
#2541 = CARTESIAN_POINT('',(0.,1.570796326795));
#2542 = CARTESIAN_POINT('',(0.,3.14159265359));
#2543 = ( GEOMETRIC_REPRESENTATION_CONTEXT(2) 
PARAMETRIC_REPRESENTATION_CONTEXT() REPRESENTATION_CONTEXT('2D SPACE',''
  ) );
#2544 = PCURVE('',#870,#2545);
#2545 = DEFINITIONAL_REPRESENTATION('',(#2546),#2549);
#2546 = B_SPLINE_CURVE_WITH_KNOTS('',1,(#2547,#2548),.UNSPECIFIED.,.F.,
  .F.,(2,2),(1.570796326795,3.14159265359),.PIECEWISE_BEZIER_KNOTS.);
#2547 = CARTESIAN_POINT('',(6.28318530718,1.570796326795));
#2548 = CARTESIAN_POINT('',(6.28318530718,3.14159265359));
#2549 = ( GEOMETRIC_REPRESENTATION_CONTEXT(2) 
PARAMETRIC_REPRESENTATION_CONTEXT() REPRESENTATION_CONTEXT('2D SPACE',''
  ) );
#2550 = ORIENTED_EDGE('',*,*,#853,.T.);
#2551 = ORIENTED_EDGE('',*,*,#2529,.T.);
#2552 = ORIENTED_EDGE('',*,*,#2553,.F.);
#2553 = EDGE_CURVE('',#2530,#2530,#2554,.T.);
#2554 = SURFACE_CURVE('',#2555,(#2560,#2567),.PCURVE_S1.);
#2555 = CIRCLE('',#2556,14.);
#2556 = AXIS2_PLACEMENT_3D('',#2557,#2558,#2559);
#2557 = CARTESIAN_POINT('',(135.,-1.,63.5));
#2558 = DIRECTION('',(0.,1.,0.));
#2559 = DIRECTION('',(0.,-0.,1.));
#2560 = PCURVE('',#870,#2561);
#2561 = DEFINITIONAL_REPRESENTATION('',(#2562),#2566);
#2562 = LINE('',#2563,#2564);
#2563 = CARTESIAN_POINT('',(0.,3.14159265359));
#2564 = VECTOR('',#2565,1.);
#2565 = DIRECTION('',(1.,0.));
#2566 = ( GEOMETRIC_REPRESENTATION_CONTEXT(2) 
PARAMETRIC_REPRESENTATION_CONTEXT() REPRESENTATION_CONTEXT('2D SPACE',''
  ) );
#2567 = PCURVE('',#2568,#2573);
#2568 = CYLINDRICAL_SURFACE('',#2569,14.);
#2569 = AXIS2_PLACEMENT_3D('',#2570,#2571,#2572);
#2570 = CARTESIAN_POINT('',(135.,-6.,63.5));
#2571 = DIRECTION('',(0.,1.,0.));
#2572 = DIRECTION('',(0.,-0.,1.));
#2573 = DEFINITIONAL_REPRESENTATION('',(#2574),#2578);
#2574 = LINE('',#2575,#2576);
#2575 = CARTESIAN_POINT('',(0.,5.));
#2576 = VECTOR('',#2577,1.);
#2577 = DIRECTION('',(1.,0.));
#2578 = ( GEOMETRIC_REPRESENTATION_CONTEXT(2) 
PARAMETRIC_REPRESENTATION_CONTEXT() REPRESENTATION_CONTEXT('2D SPACE',''
  ) );
#2579 = ADVANCED_FACE('',(#2580),#901,.F.);
#2580 = FACE_BOUND('',#2581,.F.);
#2581 = EDGE_LOOP('',(#2582,#2604,#2605,#2606));
#2582 = ORIENTED_EDGE('',*,*,#2583,.F.);
#2583 = EDGE_CURVE('',#885,#2584,#2586,.T.);
#2584 = VERTEX_POINT('',#2585);
#2585 = CARTESIAN_POINT('',(180.,-1.,77.5));
#2586 = SEAM_CURVE('',#2587,(#2592,#2598),.PCURVE_S1.);
#2587 = CIRCLE('',#2588,1.);
#2588 = AXIS2_PLACEMENT_3D('',#2589,#2590,#2591);
#2589 = CARTESIAN_POINT('',(180.,-1.,78.5));
#2590 = DIRECTION('',(-1.,0.,0.));
#2591 = DIRECTION('',(0.,0.,1.));
#2592 = PCURVE('',#901,#2593);
#2593 = DEFINITIONAL_REPRESENTATION('',(#2594),#2597);
#2594 = B_SPLINE_CURVE_WITH_KNOTS('',1,(#2595,#2596),.UNSPECIFIED.,.F.,
  .F.,(2,2),(1.570796326795,3.14159265359),.PIECEWISE_BEZIER_KNOTS.);
#2595 = CARTESIAN_POINT('',(0.,1.570796326795));
#2596 = CARTESIAN_POINT('',(0.,3.14159265359));
#2597 = ( GEOMETRIC_REPRESENTATION_CONTEXT(2) 
PARAMETRIC_REPRESENTATION_CONTEXT() REPRESENTATION_CONTEXT('2D SPACE',''
  ) );
#2598 = PCURVE('',#901,#2599);
#2599 = DEFINITIONAL_REPRESENTATION('',(#2600),#2603);
#2600 = B_SPLINE_CURVE_WITH_KNOTS('',1,(#2601,#2602),.UNSPECIFIED.,.F.,
  .F.,(2,2),(1.570796326795,3.14159265359),.PIECEWISE_BEZIER_KNOTS.);
#2601 = CARTESIAN_POINT('',(6.28318530718,1.570796326795));
#2602 = CARTESIAN_POINT('',(6.28318530718,3.14159265359));
#2603 = ( GEOMETRIC_REPRESENTATION_CONTEXT(2) 
PARAMETRIC_REPRESENTATION_CONTEXT() REPRESENTATION_CONTEXT('2D SPACE',''
  ) );
#2604 = ORIENTED_EDGE('',*,*,#884,.T.);
#2605 = ORIENTED_EDGE('',*,*,#2583,.T.);
#2606 = ORIENTED_EDGE('',*,*,#2607,.F.);
#2607 = EDGE_CURVE('',#2584,#2584,#2608,.T.);
#2608 = SURFACE_CURVE('',#2609,(#2614,#2621),.PCURVE_S1.);
#2609 = CIRCLE('',#2610,14.);
#2610 = AXIS2_PLACEMENT_3D('',#2611,#2612,#2613);
#2611 = CARTESIAN_POINT('',(180.,-1.,63.5));
#2612 = DIRECTION('',(0.,1.,0.));
#2613 = DIRECTION('',(0.,-0.,1.));
#2614 = PCURVE('',#901,#2615);
#2615 = DEFINITIONAL_REPRESENTATION('',(#2616),#2620);
#2616 = LINE('',#2617,#2618);
#2617 = CARTESIAN_POINT('',(0.,3.14159265359));
#2618 = VECTOR('',#2619,1.);
#2619 = DIRECTION('',(1.,0.));
#2620 = ( GEOMETRIC_REPRESENTATION_CONTEXT(2) 
PARAMETRIC_REPRESENTATION_CONTEXT() REPRESENTATION_CONTEXT('2D SPACE',''
  ) );
#2621 = PCURVE('',#2622,#2627);
#2622 = CYLINDRICAL_SURFACE('',#2623,14.);
#2623 = AXIS2_PLACEMENT_3D('',#2624,#2625,#2626);
#2624 = CARTESIAN_POINT('',(180.,-6.,63.5));
#2625 = DIRECTION('',(0.,1.,0.));
#2626 = DIRECTION('',(0.,-0.,1.));
#2627 = DEFINITIONAL_REPRESENTATION('',(#2628),#2632);
#2628 = LINE('',#2629,#2630);
#2629 = CARTESIAN_POINT('',(0.,5.));
#2630 = VECTOR('',#2631,1.);
#2631 = DIRECTION('',(1.,0.));
#2632 = ( GEOMETRIC_REPRESENTATION_CONTEXT(2) 
PARAMETRIC_REPRESENTATION_CONTEXT() REPRESENTATION_CONTEXT('2D SPACE',''
  ) );
#2633 = ADVANCED_FACE('',(#2634),#932,.F.);
#2634 = FACE_BOUND('',#2635,.F.);
#2635 = EDGE_LOOP('',(#2636,#2665,#2686,#2687));
#2636 = ORIENTED_EDGE('',*,*,#2637,.F.);
#2637 = EDGE_CURVE('',#2638,#2638,#2640,.T.);
#2638 = VERTEX_POINT('',#2639);
#2639 = CARTESIAN_POINT('',(208.,14.,81.65));
#2640 = SURFACE_CURVE('',#2641,(#2646,#2653),.PCURVE_S1.);
#2641 = CIRCLE('',#2642,1.65);
#2642 = AXIS2_PLACEMENT_3D('',#2643,#2644,#2645);
#2643 = CARTESIAN_POINT('',(208.,14.,80.));
#2644 = DIRECTION('',(0.,1.,0.));
#2645 = DIRECTION('',(0.,-0.,1.));
#2646 = PCURVE('',#932,#2647);
#2647 = DEFINITIONAL_REPRESENTATION('',(#2648),#2652);
#2648 = LINE('',#2649,#2650);
#2649 = CARTESIAN_POINT('',(0.,14.));
#2650 = VECTOR('',#2651,1.);
#2651 = DIRECTION('',(1.,0.));
#2652 = ( GEOMETRIC_REPRESENTATION_CONTEXT(2) 
PARAMETRIC_REPRESENTATION_CONTEXT() REPRESENTATION_CONTEXT('2D SPACE',''
  ) );
#2653 = PCURVE('',#2654,#2659);
#2654 = PLANE('',#2655);
#2655 = AXIS2_PLACEMENT_3D('',#2656,#2657,#2658);
#2656 = CARTESIAN_POINT('',(208.,14.,80.));
#2657 = DIRECTION('',(0.,1.,0.));
#2658 = DIRECTION('',(0.,-0.,1.));
#2659 = DEFINITIONAL_REPRESENTATION('',(#2660),#2664);
#2660 = CIRCLE('',#2661,1.65);
#2661 = AXIS2_PLACEMENT_2D('',#2662,#2663);
#2662 = CARTESIAN_POINT('',(0.,0.));
#2663 = DIRECTION('',(1.,0.));
#2664 = ( GEOMETRIC_REPRESENTATION_CONTEXT(2) 
PARAMETRIC_REPRESENTATION_CONTEXT() REPRESENTATION_CONTEXT('2D SPACE',''
  ) );
#2665 = ORIENTED_EDGE('',*,*,#2666,.F.);
#2666 = EDGE_CURVE('',#916,#2638,#2667,.T.);
#2667 = SEAM_CURVE('',#2668,(#2672,#2679),.PCURVE_S1.);
#2668 = LINE('',#2669,#2670);
#2669 = CARTESIAN_POINT('',(208.,0.,81.65));
#2670 = VECTOR('',#2671,1.);
#2671 = DIRECTION('',(0.,1.,0.));
#2672 = PCURVE('',#932,#2673);
#2673 = DEFINITIONAL_REPRESENTATION('',(#2674),#2678);
#2674 = LINE('',#2675,#2676);
#2675 = CARTESIAN_POINT('',(6.28318530718,-0.));
#2676 = VECTOR('',#2677,1.);
#2677 = DIRECTION('',(0.,1.));
#2678 = ( GEOMETRIC_REPRESENTATION_CONTEXT(2) 
PARAMETRIC_REPRESENTATION_CONTEXT() REPRESENTATION_CONTEXT('2D SPACE',''
  ) );
#2679 = PCURVE('',#932,#2680);
#2680 = DEFINITIONAL_REPRESENTATION('',(#2681),#2685);
#2681 = LINE('',#2682,#2683);
#2682 = CARTESIAN_POINT('',(0.,-0.));
#2683 = VECTOR('',#2684,1.);
#2684 = DIRECTION('',(0.,1.));
#2685 = ( GEOMETRIC_REPRESENTATION_CONTEXT(2) 
PARAMETRIC_REPRESENTATION_CONTEXT() REPRESENTATION_CONTEXT('2D SPACE',''
  ) );
#2686 = ORIENTED_EDGE('',*,*,#915,.T.);
#2687 = ORIENTED_EDGE('',*,*,#2666,.T.);
#2688 = ADVANCED_FACE('',(#2689),#1008,.T.);
#2689 = FACE_BOUND('',#2690,.T.);
#2690 = EDGE_LOOP('',(#2691,#2692,#2693,#2694));
#2691 = ORIENTED_EDGE('',*,*,#994,.F.);
#2692 = ORIENTED_EDGE('',*,*,#1144,.T.);
#2693 = ORIENTED_EDGE('',*,*,#1256,.T.);
#2694 = ORIENTED_EDGE('',*,*,#1025,.F.);
#2695 = ADVANCED_FACE('',(#2696),#1092,.F.);
#2696 = FACE_BOUND('',#2697,.F.);
#2697 = EDGE_LOOP('',(#2698,#2721,#2750,#2772,#2773));
#2698 = ORIENTED_EDGE('',*,*,#2699,.T.);
#2699 = EDGE_CURVE('',#1072,#2700,#2702,.T.);
#2700 = VERTEX_POINT('',#2701);
#2701 = CARTESIAN_POINT('',(224.,26.,17.6));
#2702 = SEAM_CURVE('',#2703,(#2707,#2714),.PCURVE_S1.);
#2703 = LINE('',#2704,#2705);
#2704 = CARTESIAN_POINT('',(225.,26.,16.6));
#2705 = VECTOR('',#2706,1.);
#2706 = DIRECTION('',(-0.707106781187,-1.731912112471E-16,0.707106781187
    ));
#2707 = PCURVE('',#1092,#2708);
#2708 = DEFINITIONAL_REPRESENTATION('',(#2709),#2713);
#2709 = LINE('',#2710,#2711);
#2710 = CARTESIAN_POINT('',(-6.28318530718,0.));
#2711 = VECTOR('',#2712,1.);
#2712 = DIRECTION('',(-0.,-1.));
#2713 = ( GEOMETRIC_REPRESENTATION_CONTEXT(2) 
PARAMETRIC_REPRESENTATION_CONTEXT() REPRESENTATION_CONTEXT('2D SPACE',''
  ) );
#2714 = PCURVE('',#1092,#2715);
#2715 = DEFINITIONAL_REPRESENTATION('',(#2716),#2720);
#2716 = LINE('',#2717,#2718);
#2717 = CARTESIAN_POINT('',(0.,-0.));
#2718 = VECTOR('',#2719,1.);
#2719 = DIRECTION('',(-0.,-1.));
#2720 = ( GEOMETRIC_REPRESENTATION_CONTEXT(2) 
PARAMETRIC_REPRESENTATION_CONTEXT() REPRESENTATION_CONTEXT('2D SPACE',''
  ) );
#2721 = ORIENTED_EDGE('',*,*,#2722,.F.);
#2722 = EDGE_CURVE('',#2723,#2700,#2725,.T.);
#2723 = VERTEX_POINT('',#2724);
#2724 = CARTESIAN_POINT('',(224.,26.,29.4));
#2725 = SURFACE_CURVE('',#2726,(#2731,#2738),.PCURVE_S1.);
#2726 = CIRCLE('',#2727,5.9);
#2727 = AXIS2_PLACEMENT_3D('',#2728,#2729,#2730);
#2728 = CARTESIAN_POINT('',(224.,26.,23.5));
#2729 = DIRECTION('',(-1.,0.,0.));
#2730 = DIRECTION('',(0.,0.,-1.));
#2731 = PCURVE('',#1092,#2732);
#2732 = DEFINITIONAL_REPRESENTATION('',(#2733),#2737);
#2733 = LINE('',#2734,#2735);
#2734 = CARTESIAN_POINT('',(-0.,-1.));
#2735 = VECTOR('',#2736,1.);
#2736 = DIRECTION('',(-1.,-0.));
#2737 = ( GEOMETRIC_REPRESENTATION_CONTEXT(2) 
PARAMETRIC_REPRESENTATION_CONTEXT() REPRESENTATION_CONTEXT('2D SPACE',''
  ) );
#2738 = PCURVE('',#2739,#2744);
#2739 = CYLINDRICAL_SURFACE('',#2740,5.9);
#2740 = AXIS2_PLACEMENT_3D('',#2741,#2742,#2743);
#2741 = CARTESIAN_POINT('',(-225.,26.,23.5));
#2742 = DIRECTION('',(1.,0.,0.));
#2743 = DIRECTION('',(-0.,0.,1.));
#2744 = DEFINITIONAL_REPRESENTATION('',(#2745),#2749);
#2745 = LINE('',#2746,#2747);
#2746 = CARTESIAN_POINT('',(9.424777960769,449.));
#2747 = VECTOR('',#2748,1.);
#2748 = DIRECTION('',(-1.,0.));
#2749 = ( GEOMETRIC_REPRESENTATION_CONTEXT(2) 
PARAMETRIC_REPRESENTATION_CONTEXT() REPRESENTATION_CONTEXT('2D SPACE',''
  ) );
#2750 = ORIENTED_EDGE('',*,*,#2751,.F.);
#2751 = EDGE_CURVE('',#2700,#2723,#2752,.T.);
#2752 = SURFACE_CURVE('',#2753,(#2758,#2765),.PCURVE_S1.);
#2753 = CIRCLE('',#2754,5.9);
#2754 = AXIS2_PLACEMENT_3D('',#2755,#2756,#2757);
#2755 = CARTESIAN_POINT('',(224.,26.,23.5));
#2756 = DIRECTION('',(-1.,0.,0.));
#2757 = DIRECTION('',(0.,0.,-1.));
#2758 = PCURVE('',#1092,#2759);
#2759 = DEFINITIONAL_REPRESENTATION('',(#2760),#2764);
#2760 = LINE('',#2761,#2762);
#2761 = CARTESIAN_POINT('',(-0.,-1.));
#2762 = VECTOR('',#2763,1.);
#2763 = DIRECTION('',(-1.,-0.));
#2764 = ( GEOMETRIC_REPRESENTATION_CONTEXT(2) 
PARAMETRIC_REPRESENTATION_CONTEXT() REPRESENTATION_CONTEXT('2D SPACE',''
  ) );
#2765 = PCURVE('',#2739,#2766);
#2766 = DEFINITIONAL_REPRESENTATION('',(#2767),#2771);
#2767 = LINE('',#2768,#2769);
#2768 = CARTESIAN_POINT('',(3.14159265359,449.));
#2769 = VECTOR('',#2770,1.);
#2770 = DIRECTION('',(-1.,0.));
#2771 = ( GEOMETRIC_REPRESENTATION_CONTEXT(2) 
PARAMETRIC_REPRESENTATION_CONTEXT() REPRESENTATION_CONTEXT('2D SPACE',''
  ) );
#2772 = ORIENTED_EDGE('',*,*,#2699,.F.);
#2773 = ORIENTED_EDGE('',*,*,#1071,.T.);
#2774 = ADVANCED_FACE('',(#2775),#1127,.F.);
#2775 = FACE_BOUND('',#2776,.F.);
#2776 = EDGE_LOOP('',(#2777,#2800,#2829,#2851,#2852));
#2777 = ORIENTED_EDGE('',*,*,#2778,.T.);
#2778 = EDGE_CURVE('',#1107,#2779,#2781,.T.);
#2779 = VERTEX_POINT('',#2780);
#2780 = CARTESIAN_POINT('',(224.,26.,57.6));
#2781 = SEAM_CURVE('',#2782,(#2786,#2793),.PCURVE_S1.);
#2782 = LINE('',#2783,#2784);
#2783 = CARTESIAN_POINT('',(225.,26.,56.6));
#2784 = VECTOR('',#2785,1.);
#2785 = DIRECTION('',(-0.707106781187,-1.731912112471E-16,0.707106781187
    ));
#2786 = PCURVE('',#1127,#2787);
#2787 = DEFINITIONAL_REPRESENTATION('',(#2788),#2792);
#2788 = LINE('',#2789,#2790);
#2789 = CARTESIAN_POINT('',(-6.28318530718,0.));
#2790 = VECTOR('',#2791,1.);
#2791 = DIRECTION('',(-0.,-1.));
#2792 = ( GEOMETRIC_REPRESENTATION_CONTEXT(2) 
PARAMETRIC_REPRESENTATION_CONTEXT() REPRESENTATION_CONTEXT('2D SPACE',''
  ) );
#2793 = PCURVE('',#1127,#2794);
#2794 = DEFINITIONAL_REPRESENTATION('',(#2795),#2799);
#2795 = LINE('',#2796,#2797);
#2796 = CARTESIAN_POINT('',(0.,-0.));
#2797 = VECTOR('',#2798,1.);
#2798 = DIRECTION('',(-0.,-1.));
#2799 = ( GEOMETRIC_REPRESENTATION_CONTEXT(2) 
PARAMETRIC_REPRESENTATION_CONTEXT() REPRESENTATION_CONTEXT('2D SPACE',''
  ) );
#2800 = ORIENTED_EDGE('',*,*,#2801,.F.);
#2801 = EDGE_CURVE('',#2802,#2779,#2804,.T.);
#2802 = VERTEX_POINT('',#2803);
#2803 = CARTESIAN_POINT('',(224.,26.,69.4));
#2804 = SURFACE_CURVE('',#2805,(#2810,#2817),.PCURVE_S1.);
#2805 = CIRCLE('',#2806,5.9);
#2806 = AXIS2_PLACEMENT_3D('',#2807,#2808,#2809);
#2807 = CARTESIAN_POINT('',(224.,26.,63.5));
#2808 = DIRECTION('',(-1.,0.,0.));
#2809 = DIRECTION('',(0.,0.,-1.));
#2810 = PCURVE('',#1127,#2811);
#2811 = DEFINITIONAL_REPRESENTATION('',(#2812),#2816);
#2812 = LINE('',#2813,#2814);
#2813 = CARTESIAN_POINT('',(-0.,-1.));
#2814 = VECTOR('',#2815,1.);
#2815 = DIRECTION('',(-1.,-0.));
#2816 = ( GEOMETRIC_REPRESENTATION_CONTEXT(2) 
PARAMETRIC_REPRESENTATION_CONTEXT() REPRESENTATION_CONTEXT('2D SPACE',''
  ) );
#2817 = PCURVE('',#2818,#2823);
#2818 = CYLINDRICAL_SURFACE('',#2819,5.9);
#2819 = AXIS2_PLACEMENT_3D('',#2820,#2821,#2822);
#2820 = CARTESIAN_POINT('',(-225.,26.,63.5));
#2821 = DIRECTION('',(1.,0.,0.));
#2822 = DIRECTION('',(-0.,0.,1.));
#2823 = DEFINITIONAL_REPRESENTATION('',(#2824),#2828);
#2824 = LINE('',#2825,#2826);
#2825 = CARTESIAN_POINT('',(9.424777960769,449.));
#2826 = VECTOR('',#2827,1.);
#2827 = DIRECTION('',(-1.,0.));
#2828 = ( GEOMETRIC_REPRESENTATION_CONTEXT(2) 
PARAMETRIC_REPRESENTATION_CONTEXT() REPRESENTATION_CONTEXT('2D SPACE',''
  ) );
#2829 = ORIENTED_EDGE('',*,*,#2830,.F.);
#2830 = EDGE_CURVE('',#2779,#2802,#2831,.T.);
#2831 = SURFACE_CURVE('',#2832,(#2837,#2844),.PCURVE_S1.);
#2832 = CIRCLE('',#2833,5.9);
#2833 = AXIS2_PLACEMENT_3D('',#2834,#2835,#2836);
#2834 = CARTESIAN_POINT('',(224.,26.,63.5));
#2835 = DIRECTION('',(-1.,0.,0.));
#2836 = DIRECTION('',(0.,0.,-1.));
#2837 = PCURVE('',#1127,#2838);
#2838 = DEFINITIONAL_REPRESENTATION('',(#2839),#2843);
#2839 = LINE('',#2840,#2841);
#2840 = CARTESIAN_POINT('',(-0.,-1.));
#2841 = VECTOR('',#2842,1.);
#2842 = DIRECTION('',(-1.,-0.));
#2843 = ( GEOMETRIC_REPRESENTATION_CONTEXT(2) 
PARAMETRIC_REPRESENTATION_CONTEXT() REPRESENTATION_CONTEXT('2D SPACE',''
  ) );
#2844 = PCURVE('',#2818,#2845);
#2845 = DEFINITIONAL_REPRESENTATION('',(#2846),#2850);
#2846 = LINE('',#2847,#2848);
#2847 = CARTESIAN_POINT('',(3.14159265359,449.));
#2848 = VECTOR('',#2849,1.);
#2849 = DIRECTION('',(-1.,0.));
#2850 = ( GEOMETRIC_REPRESENTATION_CONTEXT(2) 
PARAMETRIC_REPRESENTATION_CONTEXT() REPRESENTATION_CONTEXT('2D SPACE',''
  ) );
#2851 = ORIENTED_EDGE('',*,*,#2778,.F.);
#2852 = ORIENTED_EDGE('',*,*,#1106,.T.);
#2853 = ADVANCED_FACE('',(#2854),#1207,.F.);
#2854 = FACE_BOUND('',#2855,.F.);
#2855 = EDGE_LOOP('',(#2856,#2880,#2901,#2902));
#2856 = ORIENTED_EDGE('',*,*,#2857,.F.);
#2857 = EDGE_CURVE('',#2858,#2858,#2860,.T.);
#2858 = VERTEX_POINT('',#2859);
#2859 = CARTESIAN_POINT('',(-224.,26.,29.4));
#2860 = SURFACE_CURVE('',#2861,(#2866,#2873),.PCURVE_S1.);
#2861 = CIRCLE('',#2862,5.9);
#2862 = AXIS2_PLACEMENT_3D('',#2863,#2864,#2865);
#2863 = CARTESIAN_POINT('',(-224.,26.,23.5));
#2864 = DIRECTION('',(1.,0.,0.));
#2865 = DIRECTION('',(-0.,0.,1.));
#2866 = PCURVE('',#1207,#2867);
#2867 = DEFINITIONAL_REPRESENTATION('',(#2868),#2872);
#2868 = LINE('',#2869,#2870);
#2869 = CARTESIAN_POINT('',(-0.,-1.));
#2870 = VECTOR('',#2871,1.);
#2871 = DIRECTION('',(-1.,-0.));
#2872 = ( GEOMETRIC_REPRESENTATION_CONTEXT(2) 
PARAMETRIC_REPRESENTATION_CONTEXT() REPRESENTATION_CONTEXT('2D SPACE',''
  ) );
#2873 = PCURVE('',#2739,#2874);
#2874 = DEFINITIONAL_REPRESENTATION('',(#2875),#2879);
#2875 = LINE('',#2876,#2877);
#2876 = CARTESIAN_POINT('',(0.,1.));
#2877 = VECTOR('',#2878,1.);
#2878 = DIRECTION('',(1.,0.));
#2879 = ( GEOMETRIC_REPRESENTATION_CONTEXT(2) 
PARAMETRIC_REPRESENTATION_CONTEXT() REPRESENTATION_CONTEXT('2D SPACE',''
  ) );
#2880 = ORIENTED_EDGE('',*,*,#2881,.F.);
#2881 = EDGE_CURVE('',#1191,#2858,#2882,.T.);
#2882 = SEAM_CURVE('',#2883,(#2887,#2894),.PCURVE_S1.);
#2883 = LINE('',#2884,#2885);
#2884 = CARTESIAN_POINT('',(-225.,26.,30.4));
#2885 = VECTOR('',#2886,1.);
#2886 = DIRECTION('',(0.707106781187,-1.731912112471E-16,-0.707106781187
    ));
#2887 = PCURVE('',#1207,#2888);
#2888 = DEFINITIONAL_REPRESENTATION('',(#2889),#2893);
#2889 = LINE('',#2890,#2891);
#2890 = CARTESIAN_POINT('',(-6.28318530718,0.));
#2891 = VECTOR('',#2892,1.);
#2892 = DIRECTION('',(-0.,-1.));
#2893 = ( GEOMETRIC_REPRESENTATION_CONTEXT(2) 
PARAMETRIC_REPRESENTATION_CONTEXT() REPRESENTATION_CONTEXT('2D SPACE',''
  ) );
#2894 = PCURVE('',#1207,#2895);
#2895 = DEFINITIONAL_REPRESENTATION('',(#2896),#2900);
#2896 = LINE('',#2897,#2898);
#2897 = CARTESIAN_POINT('',(0.,-0.));
#2898 = VECTOR('',#2899,1.);
#2899 = DIRECTION('',(-0.,-1.));
#2900 = ( GEOMETRIC_REPRESENTATION_CONTEXT(2) 
PARAMETRIC_REPRESENTATION_CONTEXT() REPRESENTATION_CONTEXT('2D SPACE',''
  ) );
#2901 = ORIENTED_EDGE('',*,*,#1190,.T.);
#2902 = ORIENTED_EDGE('',*,*,#2881,.T.);
#2903 = ADVANCED_FACE('',(#2904),#1238,.F.);
#2904 = FACE_BOUND('',#2905,.F.);
#2905 = EDGE_LOOP('',(#2906,#2930,#2951,#2952));
#2906 = ORIENTED_EDGE('',*,*,#2907,.F.);
#2907 = EDGE_CURVE('',#2908,#2908,#2910,.T.);
#2908 = VERTEX_POINT('',#2909);
#2909 = CARTESIAN_POINT('',(-224.,26.,69.4));
#2910 = SURFACE_CURVE('',#2911,(#2916,#2923),.PCURVE_S1.);
#2911 = CIRCLE('',#2912,5.9);
#2912 = AXIS2_PLACEMENT_3D('',#2913,#2914,#2915);
#2913 = CARTESIAN_POINT('',(-224.,26.,63.5));
#2914 = DIRECTION('',(1.,0.,0.));
#2915 = DIRECTION('',(-0.,0.,1.));
#2916 = PCURVE('',#1238,#2917);
#2917 = DEFINITIONAL_REPRESENTATION('',(#2918),#2922);
#2918 = LINE('',#2919,#2920);
#2919 = CARTESIAN_POINT('',(-0.,-1.));
#2920 = VECTOR('',#2921,1.);
#2921 = DIRECTION('',(-1.,-0.));
#2922 = ( GEOMETRIC_REPRESENTATION_CONTEXT(2) 
PARAMETRIC_REPRESENTATION_CONTEXT() REPRESENTATION_CONTEXT('2D SPACE',''
  ) );
#2923 = PCURVE('',#2818,#2924);
#2924 = DEFINITIONAL_REPRESENTATION('',(#2925),#2929);
#2925 = LINE('',#2926,#2927);
#2926 = CARTESIAN_POINT('',(0.,1.));
#2927 = VECTOR('',#2928,1.);
#2928 = DIRECTION('',(1.,0.));
#2929 = ( GEOMETRIC_REPRESENTATION_CONTEXT(2) 
PARAMETRIC_REPRESENTATION_CONTEXT() REPRESENTATION_CONTEXT('2D SPACE',''
  ) );
#2930 = ORIENTED_EDGE('',*,*,#2931,.F.);
#2931 = EDGE_CURVE('',#1222,#2908,#2932,.T.);
#2932 = SEAM_CURVE('',#2933,(#2937,#2944),.PCURVE_S1.);
#2933 = LINE('',#2934,#2935);
#2934 = CARTESIAN_POINT('',(-225.,26.,70.4));
#2935 = VECTOR('',#2936,1.);
#2936 = DIRECTION('',(0.707106781187,-1.731912112471E-16,-0.707106781187
    ));
#2937 = PCURVE('',#1238,#2938);
#2938 = DEFINITIONAL_REPRESENTATION('',(#2939),#2943);
#2939 = LINE('',#2940,#2941);
#2940 = CARTESIAN_POINT('',(-6.28318530718,0.));
#2941 = VECTOR('',#2942,1.);
#2942 = DIRECTION('',(-0.,-1.));
#2943 = ( GEOMETRIC_REPRESENTATION_CONTEXT(2) 
PARAMETRIC_REPRESENTATION_CONTEXT() REPRESENTATION_CONTEXT('2D SPACE',''
  ) );
#2944 = PCURVE('',#1238,#2945);
#2945 = DEFINITIONAL_REPRESENTATION('',(#2946),#2950);
#2946 = LINE('',#2947,#2948);
#2947 = CARTESIAN_POINT('',(0.,-0.));
#2948 = VECTOR('',#2949,1.);
#2949 = DIRECTION('',(-0.,-1.));
#2950 = ( GEOMETRIC_REPRESENTATION_CONTEXT(2) 
PARAMETRIC_REPRESENTATION_CONTEXT() REPRESENTATION_CONTEXT('2D SPACE',''
  ) );
#2951 = ORIENTED_EDGE('',*,*,#1221,.T.);
#2952 = ORIENTED_EDGE('',*,*,#2931,.T.);
#2953 = ADVANCED_FACE('',(#2954),#1297,.F.);
#2954 = FACE_BOUND('',#2955,.F.);
#2955 = EDGE_LOOP('',(#2956));
#2956 = ORIENTED_EDGE('',*,*,#1280,.T.);
#2957 = ADVANCED_FACE('',(#2958),#1374,.T.);
#2958 = FACE_BOUND('',#2959,.T.);
#2959 = EDGE_LOOP('',(#2960,#2983,#2984,#2985));
#2960 = ORIENTED_EDGE('',*,*,#2961,.T.);
#2961 = EDGE_CURVE('',#2962,#1336,#2964,.T.);
#2962 = VERTEX_POINT('',#2963);
#2963 = CARTESIAN_POINT('',(-180.,-6.,37.5));
#2964 = SEAM_CURVE('',#2965,(#2969,#2976),.PCURVE_S1.);
#2965 = LINE('',#2966,#2967);
#2966 = CARTESIAN_POINT('',(-180.,-6.,37.5));
#2967 = VECTOR('',#2968,1.);
#2968 = DIRECTION('',(0.,1.,0.));
#2969 = PCURVE('',#1374,#2970);
#2970 = DEFINITIONAL_REPRESENTATION('',(#2971),#2975);
#2971 = LINE('',#2972,#2973);
#2972 = CARTESIAN_POINT('',(6.28318530718,-0.));
#2973 = VECTOR('',#2974,1.);
#2974 = DIRECTION('',(0.,1.));
#2975 = ( GEOMETRIC_REPRESENTATION_CONTEXT(2) 
PARAMETRIC_REPRESENTATION_CONTEXT() REPRESENTATION_CONTEXT('2D SPACE',''
  ) );
#2976 = PCURVE('',#1374,#2977);
#2977 = DEFINITIONAL_REPRESENTATION('',(#2978),#2982);
#2978 = LINE('',#2979,#2980);
#2979 = CARTESIAN_POINT('',(0.,-0.));
#2980 = VECTOR('',#2981,1.);
#2981 = DIRECTION('',(0.,1.));
#2982 = ( GEOMETRIC_REPRESENTATION_CONTEXT(2) 
PARAMETRIC_REPRESENTATION_CONTEXT() REPRESENTATION_CONTEXT('2D SPACE',''
  ) );
#2983 = ORIENTED_EDGE('',*,*,#1359,.F.);
#2984 = ORIENTED_EDGE('',*,*,#2961,.F.);
#2985 = ORIENTED_EDGE('',*,*,#2986,.T.);
#2986 = EDGE_CURVE('',#2962,#2962,#2987,.T.);
#2987 = SURFACE_CURVE('',#2988,(#2993,#3000),.PCURVE_S1.);
#2988 = CIRCLE('',#2989,14.);
#2989 = AXIS2_PLACEMENT_3D('',#2990,#2991,#2992);
#2990 = CARTESIAN_POINT('',(-180.,-6.,23.5));
#2991 = DIRECTION('',(0.,1.,0.));
#2992 = DIRECTION('',(0.,-0.,1.));
#2993 = PCURVE('',#1374,#2994);
#2994 = DEFINITIONAL_REPRESENTATION('',(#2995),#2999);
#2995 = LINE('',#2996,#2997);
#2996 = CARTESIAN_POINT('',(0.,0.));
#2997 = VECTOR('',#2998,1.);
#2998 = DIRECTION('',(1.,0.));
#2999 = ( GEOMETRIC_REPRESENTATION_CONTEXT(2) 
PARAMETRIC_REPRESENTATION_CONTEXT() REPRESENTATION_CONTEXT('2D SPACE',''
  ) );
#3000 = PCURVE('',#3001,#3006);
#3001 = PLANE('',#3002);
#3002 = AXIS2_PLACEMENT_3D('',#3003,#3004,#3005);
#3003 = CARTESIAN_POINT('',(-180.,-6.,23.5));
#3004 = DIRECTION('',(0.,1.,0.));
#3005 = DIRECTION('',(0.,-0.,1.));
#3006 = DEFINITIONAL_REPRESENTATION('',(#3007),#3011);
#3007 = CIRCLE('',#3008,14.);
#3008 = AXIS2_PLACEMENT_2D('',#3009,#3010);
#3009 = CARTESIAN_POINT('',(0.,0.));
#3010 = DIRECTION('',(1.,0.));
#3011 = ( GEOMETRIC_REPRESENTATION_CONTEXT(2) 
PARAMETRIC_REPRESENTATION_CONTEXT() REPRESENTATION_CONTEXT('2D SPACE',''
  ) );
#3012 = ADVANCED_FACE('',(#3013),#1428,.T.);
#3013 = FACE_BOUND('',#3014,.T.);
#3014 = EDGE_LOOP('',(#3015,#3038,#3039,#3040));
#3015 = ORIENTED_EDGE('',*,*,#3016,.T.);
#3016 = EDGE_CURVE('',#3017,#1390,#3019,.T.);
#3017 = VERTEX_POINT('',#3018);
#3018 = CARTESIAN_POINT('',(-135.,-6.,37.5));
#3019 = SEAM_CURVE('',#3020,(#3024,#3031),.PCURVE_S1.);
#3020 = LINE('',#3021,#3022);
#3021 = CARTESIAN_POINT('',(-135.,-6.,37.5));
#3022 = VECTOR('',#3023,1.);
#3023 = DIRECTION('',(0.,1.,0.));
#3024 = PCURVE('',#1428,#3025);
#3025 = DEFINITIONAL_REPRESENTATION('',(#3026),#3030);
#3026 = LINE('',#3027,#3028);
#3027 = CARTESIAN_POINT('',(6.28318530718,-0.));
#3028 = VECTOR('',#3029,1.);
#3029 = DIRECTION('',(0.,1.));
#3030 = ( GEOMETRIC_REPRESENTATION_CONTEXT(2) 
PARAMETRIC_REPRESENTATION_CONTEXT() REPRESENTATION_CONTEXT('2D SPACE',''
  ) );
#3031 = PCURVE('',#1428,#3032);
#3032 = DEFINITIONAL_REPRESENTATION('',(#3033),#3037);
#3033 = LINE('',#3034,#3035);
#3034 = CARTESIAN_POINT('',(0.,-0.));
#3035 = VECTOR('',#3036,1.);
#3036 = DIRECTION('',(0.,1.));
#3037 = ( GEOMETRIC_REPRESENTATION_CONTEXT(2) 
PARAMETRIC_REPRESENTATION_CONTEXT() REPRESENTATION_CONTEXT('2D SPACE',''
  ) );
#3038 = ORIENTED_EDGE('',*,*,#1413,.F.);
#3039 = ORIENTED_EDGE('',*,*,#3016,.F.);
#3040 = ORIENTED_EDGE('',*,*,#3041,.T.);
#3041 = EDGE_CURVE('',#3017,#3017,#3042,.T.);
#3042 = SURFACE_CURVE('',#3043,(#3048,#3055),.PCURVE_S1.);
#3043 = CIRCLE('',#3044,14.);
#3044 = AXIS2_PLACEMENT_3D('',#3045,#3046,#3047);
#3045 = CARTESIAN_POINT('',(-135.,-6.,23.5));
#3046 = DIRECTION('',(0.,1.,0.));
#3047 = DIRECTION('',(0.,-0.,1.));
#3048 = PCURVE('',#1428,#3049);
#3049 = DEFINITIONAL_REPRESENTATION('',(#3050),#3054);
#3050 = LINE('',#3051,#3052);
#3051 = CARTESIAN_POINT('',(0.,0.));
#3052 = VECTOR('',#3053,1.);
#3053 = DIRECTION('',(1.,0.));
#3054 = ( GEOMETRIC_REPRESENTATION_CONTEXT(2) 
PARAMETRIC_REPRESENTATION_CONTEXT() REPRESENTATION_CONTEXT('2D SPACE',''
  ) );
#3055 = PCURVE('',#3056,#3061);
#3056 = PLANE('',#3057);
#3057 = AXIS2_PLACEMENT_3D('',#3058,#3059,#3060);
#3058 = CARTESIAN_POINT('',(-135.,-6.,23.5));
#3059 = DIRECTION('',(0.,1.,0.));
#3060 = DIRECTION('',(0.,-0.,1.));
#3061 = DEFINITIONAL_REPRESENTATION('',(#3062),#3066);
#3062 = CIRCLE('',#3063,14.);
#3063 = AXIS2_PLACEMENT_2D('',#3064,#3065);
#3064 = CARTESIAN_POINT('',(0.,0.));
#3065 = DIRECTION('',(1.,0.));
#3066 = ( GEOMETRIC_REPRESENTATION_CONTEXT(2) 
PARAMETRIC_REPRESENTATION_CONTEXT() REPRESENTATION_CONTEXT('2D SPACE',''
  ) );
#3067 = ADVANCED_FACE('',(#3068),#1482,.T.);
#3068 = FACE_BOUND('',#3069,.T.);
#3069 = EDGE_LOOP('',(#3070,#3093,#3094,#3095));
#3070 = ORIENTED_EDGE('',*,*,#3071,.T.);
#3071 = EDGE_CURVE('',#3072,#1444,#3074,.T.);
#3072 = VERTEX_POINT('',#3073);
#3073 = CARTESIAN_POINT('',(-90.,-6.,37.5));
#3074 = SEAM_CURVE('',#3075,(#3079,#3086),.PCURVE_S1.);
#3075 = LINE('',#3076,#3077);
#3076 = CARTESIAN_POINT('',(-90.,-6.,37.5));
#3077 = VECTOR('',#3078,1.);
#3078 = DIRECTION('',(0.,1.,0.));
#3079 = PCURVE('',#1482,#3080);
#3080 = DEFINITIONAL_REPRESENTATION('',(#3081),#3085);
#3081 = LINE('',#3082,#3083);
#3082 = CARTESIAN_POINT('',(6.28318530718,-0.));
#3083 = VECTOR('',#3084,1.);
#3084 = DIRECTION('',(0.,1.));
#3085 = ( GEOMETRIC_REPRESENTATION_CONTEXT(2) 
PARAMETRIC_REPRESENTATION_CONTEXT() REPRESENTATION_CONTEXT('2D SPACE',''
  ) );
#3086 = PCURVE('',#1482,#3087);
#3087 = DEFINITIONAL_REPRESENTATION('',(#3088),#3092);
#3088 = LINE('',#3089,#3090);
#3089 = CARTESIAN_POINT('',(0.,-0.));
#3090 = VECTOR('',#3091,1.);
#3091 = DIRECTION('',(0.,1.));
#3092 = ( GEOMETRIC_REPRESENTATION_CONTEXT(2) 
PARAMETRIC_REPRESENTATION_CONTEXT() REPRESENTATION_CONTEXT('2D SPACE',''
  ) );
#3093 = ORIENTED_EDGE('',*,*,#1467,.F.);
#3094 = ORIENTED_EDGE('',*,*,#3071,.F.);
#3095 = ORIENTED_EDGE('',*,*,#3096,.T.);
#3096 = EDGE_CURVE('',#3072,#3072,#3097,.T.);
#3097 = SURFACE_CURVE('',#3098,(#3103,#3110),.PCURVE_S1.);
#3098 = CIRCLE('',#3099,14.);
#3099 = AXIS2_PLACEMENT_3D('',#3100,#3101,#3102);
#3100 = CARTESIAN_POINT('',(-90.,-6.,23.5));
#3101 = DIRECTION('',(0.,1.,0.));
#3102 = DIRECTION('',(0.,-0.,1.));
#3103 = PCURVE('',#1482,#3104);
#3104 = DEFINITIONAL_REPRESENTATION('',(#3105),#3109);
#3105 = LINE('',#3106,#3107);
#3106 = CARTESIAN_POINT('',(0.,0.));
#3107 = VECTOR('',#3108,1.);
#3108 = DIRECTION('',(1.,0.));
#3109 = ( GEOMETRIC_REPRESENTATION_CONTEXT(2) 
PARAMETRIC_REPRESENTATION_CONTEXT() REPRESENTATION_CONTEXT('2D SPACE',''
  ) );
#3110 = PCURVE('',#3111,#3116);
#3111 = PLANE('',#3112);
#3112 = AXIS2_PLACEMENT_3D('',#3113,#3114,#3115);
#3113 = CARTESIAN_POINT('',(-90.,-6.,23.5));
#3114 = DIRECTION('',(0.,1.,0.));
#3115 = DIRECTION('',(0.,-0.,1.));
#3116 = DEFINITIONAL_REPRESENTATION('',(#3117),#3121);
#3117 = CIRCLE('',#3118,14.);
#3118 = AXIS2_PLACEMENT_2D('',#3119,#3120);
#3119 = CARTESIAN_POINT('',(0.,0.));
#3120 = DIRECTION('',(1.,0.));
#3121 = ( GEOMETRIC_REPRESENTATION_CONTEXT(2) 
PARAMETRIC_REPRESENTATION_CONTEXT() REPRESENTATION_CONTEXT('2D SPACE',''
  ) );
#3122 = ADVANCED_FACE('',(#3123),#1514,.F.);
#3123 = FACE_BOUND('',#3124,.F.);
#3124 = EDGE_LOOP('',(#3125));
#3125 = ORIENTED_EDGE('',*,*,#1497,.T.);
#3126 = ADVANCED_FACE('',(#3127),#1591,.T.);
#3127 = FACE_BOUND('',#3128,.T.);
#3128 = EDGE_LOOP('',(#3129,#3152,#3153,#3154));
#3129 = ORIENTED_EDGE('',*,*,#3130,.T.);
#3130 = EDGE_CURVE('',#3131,#1553,#3133,.T.);
#3131 = VERTEX_POINT('',#3132);
#3132 = CARTESIAN_POINT('',(-45.,-6.,37.5));
#3133 = SEAM_CURVE('',#3134,(#3138,#3145),.PCURVE_S1.);
#3134 = LINE('',#3135,#3136);
#3135 = CARTESIAN_POINT('',(-45.,-6.,37.5));
#3136 = VECTOR('',#3137,1.);
#3137 = DIRECTION('',(0.,1.,0.));
#3138 = PCURVE('',#1591,#3139);
#3139 = DEFINITIONAL_REPRESENTATION('',(#3140),#3144);
#3140 = LINE('',#3141,#3142);
#3141 = CARTESIAN_POINT('',(6.28318530718,-0.));
#3142 = VECTOR('',#3143,1.);
#3143 = DIRECTION('',(0.,1.));
#3144 = ( GEOMETRIC_REPRESENTATION_CONTEXT(2) 
PARAMETRIC_REPRESENTATION_CONTEXT() REPRESENTATION_CONTEXT('2D SPACE',''
  ) );
#3145 = PCURVE('',#1591,#3146);
#3146 = DEFINITIONAL_REPRESENTATION('',(#3147),#3151);
#3147 = LINE('',#3148,#3149);
#3148 = CARTESIAN_POINT('',(0.,-0.));
#3149 = VECTOR('',#3150,1.);
#3150 = DIRECTION('',(0.,1.));
#3151 = ( GEOMETRIC_REPRESENTATION_CONTEXT(2) 
PARAMETRIC_REPRESENTATION_CONTEXT() REPRESENTATION_CONTEXT('2D SPACE',''
  ) );
#3152 = ORIENTED_EDGE('',*,*,#1576,.F.);
#3153 = ORIENTED_EDGE('',*,*,#3130,.F.);
#3154 = ORIENTED_EDGE('',*,*,#3155,.T.);
#3155 = EDGE_CURVE('',#3131,#3131,#3156,.T.);
#3156 = SURFACE_CURVE('',#3157,(#3162,#3169),.PCURVE_S1.);
#3157 = CIRCLE('',#3158,14.);
#3158 = AXIS2_PLACEMENT_3D('',#3159,#3160,#3161);
#3159 = CARTESIAN_POINT('',(-45.,-6.,23.5));
#3160 = DIRECTION('',(0.,1.,0.));
#3161 = DIRECTION('',(0.,-0.,1.));
#3162 = PCURVE('',#1591,#3163);
#3163 = DEFINITIONAL_REPRESENTATION('',(#3164),#3168);
#3164 = LINE('',#3165,#3166);
#3165 = CARTESIAN_POINT('',(0.,0.));
#3166 = VECTOR('',#3167,1.);
#3167 = DIRECTION('',(1.,0.));
#3168 = ( GEOMETRIC_REPRESENTATION_CONTEXT(2) 
PARAMETRIC_REPRESENTATION_CONTEXT() REPRESENTATION_CONTEXT('2D SPACE',''
  ) );
#3169 = PCURVE('',#3170,#3175);
#3170 = PLANE('',#3171);
#3171 = AXIS2_PLACEMENT_3D('',#3172,#3173,#3174);
#3172 = CARTESIAN_POINT('',(-45.,-6.,23.5));
#3173 = DIRECTION('',(0.,1.,0.));
#3174 = DIRECTION('',(0.,-0.,1.));
#3175 = DEFINITIONAL_REPRESENTATION('',(#3176),#3180);
#3176 = CIRCLE('',#3177,14.);
#3177 = AXIS2_PLACEMENT_2D('',#3178,#3179);
#3178 = CARTESIAN_POINT('',(0.,0.));
#3179 = DIRECTION('',(1.,0.));
#3180 = ( GEOMETRIC_REPRESENTATION_CONTEXT(2) 
PARAMETRIC_REPRESENTATION_CONTEXT() REPRESENTATION_CONTEXT('2D SPACE',''
  ) );
#3181 = ADVANCED_FACE('',(#3182),#1645,.T.);
#3182 = FACE_BOUND('',#3183,.T.);
#3183 = EDGE_LOOP('',(#3184,#3207,#3208,#3209));
#3184 = ORIENTED_EDGE('',*,*,#3185,.T.);
#3185 = EDGE_CURVE('',#3186,#1607,#3188,.T.);
#3186 = VERTEX_POINT('',#3187);
#3187 = CARTESIAN_POINT('',(-180.,-6.,77.5));
#3188 = SEAM_CURVE('',#3189,(#3193,#3200),.PCURVE_S1.);
#3189 = LINE('',#3190,#3191);
#3190 = CARTESIAN_POINT('',(-180.,-6.,77.5));
#3191 = VECTOR('',#3192,1.);
#3192 = DIRECTION('',(0.,1.,0.));
#3193 = PCURVE('',#1645,#3194);
#3194 = DEFINITIONAL_REPRESENTATION('',(#3195),#3199);
#3195 = LINE('',#3196,#3197);
#3196 = CARTESIAN_POINT('',(6.28318530718,-0.));
#3197 = VECTOR('',#3198,1.);
#3198 = DIRECTION('',(0.,1.));
#3199 = ( GEOMETRIC_REPRESENTATION_CONTEXT(2) 
PARAMETRIC_REPRESENTATION_CONTEXT() REPRESENTATION_CONTEXT('2D SPACE',''
  ) );
#3200 = PCURVE('',#1645,#3201);
#3201 = DEFINITIONAL_REPRESENTATION('',(#3202),#3206);
#3202 = LINE('',#3203,#3204);
#3203 = CARTESIAN_POINT('',(0.,-0.));
#3204 = VECTOR('',#3205,1.);
#3205 = DIRECTION('',(0.,1.));
#3206 = ( GEOMETRIC_REPRESENTATION_CONTEXT(2) 
PARAMETRIC_REPRESENTATION_CONTEXT() REPRESENTATION_CONTEXT('2D SPACE',''
  ) );
#3207 = ORIENTED_EDGE('',*,*,#1630,.F.);
#3208 = ORIENTED_EDGE('',*,*,#3185,.F.);
#3209 = ORIENTED_EDGE('',*,*,#3210,.T.);
#3210 = EDGE_CURVE('',#3186,#3186,#3211,.T.);
#3211 = SURFACE_CURVE('',#3212,(#3217,#3224),.PCURVE_S1.);
#3212 = CIRCLE('',#3213,14.);
#3213 = AXIS2_PLACEMENT_3D('',#3214,#3215,#3216);
#3214 = CARTESIAN_POINT('',(-180.,-6.,63.5));
#3215 = DIRECTION('',(0.,1.,0.));
#3216 = DIRECTION('',(0.,-0.,1.));
#3217 = PCURVE('',#1645,#3218);
#3218 = DEFINITIONAL_REPRESENTATION('',(#3219),#3223);
#3219 = LINE('',#3220,#3221);
#3220 = CARTESIAN_POINT('',(0.,0.));
#3221 = VECTOR('',#3222,1.);
#3222 = DIRECTION('',(1.,0.));
#3223 = ( GEOMETRIC_REPRESENTATION_CONTEXT(2) 
PARAMETRIC_REPRESENTATION_CONTEXT() REPRESENTATION_CONTEXT('2D SPACE',''
  ) );
#3224 = PCURVE('',#3225,#3230);
#3225 = PLANE('',#3226);
#3226 = AXIS2_PLACEMENT_3D('',#3227,#3228,#3229);
#3227 = CARTESIAN_POINT('',(-180.,-6.,63.5));
#3228 = DIRECTION('',(0.,1.,0.));
#3229 = DIRECTION('',(0.,-0.,1.));
#3230 = DEFINITIONAL_REPRESENTATION('',(#3231),#3235);
#3231 = CIRCLE('',#3232,14.);
#3232 = AXIS2_PLACEMENT_2D('',#3233,#3234);
#3233 = CARTESIAN_POINT('',(0.,0.));
#3234 = DIRECTION('',(1.,0.));
#3235 = ( GEOMETRIC_REPRESENTATION_CONTEXT(2) 
PARAMETRIC_REPRESENTATION_CONTEXT() REPRESENTATION_CONTEXT('2D SPACE',''
  ) );
#3236 = ADVANCED_FACE('',(#3237),#1677,.F.);
#3237 = FACE_BOUND('',#3238,.F.);
#3238 = EDGE_LOOP('',(#3239));
#3239 = ORIENTED_EDGE('',*,*,#1660,.T.);
#3240 = ADVANCED_FACE('',(#3241),#1754,.T.);
#3241 = FACE_BOUND('',#3242,.T.);
#3242 = EDGE_LOOP('',(#3243,#3266,#3267,#3268));
#3243 = ORIENTED_EDGE('',*,*,#3244,.T.);
#3244 = EDGE_CURVE('',#3245,#1716,#3247,.T.);
#3245 = VERTEX_POINT('',#3246);
#3246 = CARTESIAN_POINT('',(-135.,-6.,77.5));
#3247 = SEAM_CURVE('',#3248,(#3252,#3259),.PCURVE_S1.);
#3248 = LINE('',#3249,#3250);
#3249 = CARTESIAN_POINT('',(-135.,-6.,77.5));
#3250 = VECTOR('',#3251,1.);
#3251 = DIRECTION('',(0.,1.,0.));
#3252 = PCURVE('',#1754,#3253);
#3253 = DEFINITIONAL_REPRESENTATION('',(#3254),#3258);
#3254 = LINE('',#3255,#3256);
#3255 = CARTESIAN_POINT('',(6.28318530718,-0.));
#3256 = VECTOR('',#3257,1.);
#3257 = DIRECTION('',(0.,1.));
#3258 = ( GEOMETRIC_REPRESENTATION_CONTEXT(2) 
PARAMETRIC_REPRESENTATION_CONTEXT() REPRESENTATION_CONTEXT('2D SPACE',''
  ) );
#3259 = PCURVE('',#1754,#3260);
#3260 = DEFINITIONAL_REPRESENTATION('',(#3261),#3265);
#3261 = LINE('',#3262,#3263);
#3262 = CARTESIAN_POINT('',(0.,-0.));
#3263 = VECTOR('',#3264,1.);
#3264 = DIRECTION('',(0.,1.));
#3265 = ( GEOMETRIC_REPRESENTATION_CONTEXT(2) 
PARAMETRIC_REPRESENTATION_CONTEXT() REPRESENTATION_CONTEXT('2D SPACE',''
  ) );
#3266 = ORIENTED_EDGE('',*,*,#1739,.F.);
#3267 = ORIENTED_EDGE('',*,*,#3244,.F.);
#3268 = ORIENTED_EDGE('',*,*,#3269,.T.);
#3269 = EDGE_CURVE('',#3245,#3245,#3270,.T.);
#3270 = SURFACE_CURVE('',#3271,(#3276,#3283),.PCURVE_S1.);
#3271 = CIRCLE('',#3272,14.);
#3272 = AXIS2_PLACEMENT_3D('',#3273,#3274,#3275);
#3273 = CARTESIAN_POINT('',(-135.,-6.,63.5));
#3274 = DIRECTION('',(0.,1.,0.));
#3275 = DIRECTION('',(0.,-0.,1.));
#3276 = PCURVE('',#1754,#3277);
#3277 = DEFINITIONAL_REPRESENTATION('',(#3278),#3282);
#3278 = LINE('',#3279,#3280);
#3279 = CARTESIAN_POINT('',(0.,0.));
#3280 = VECTOR('',#3281,1.);
#3281 = DIRECTION('',(1.,0.));
#3282 = ( GEOMETRIC_REPRESENTATION_CONTEXT(2) 
PARAMETRIC_REPRESENTATION_CONTEXT() REPRESENTATION_CONTEXT('2D SPACE',''
  ) );
#3283 = PCURVE('',#3284,#3289);
#3284 = PLANE('',#3285);
#3285 = AXIS2_PLACEMENT_3D('',#3286,#3287,#3288);
#3286 = CARTESIAN_POINT('',(-135.,-6.,63.5));
#3287 = DIRECTION('',(0.,1.,0.));
#3288 = DIRECTION('',(0.,-0.,1.));
#3289 = DEFINITIONAL_REPRESENTATION('',(#3290),#3294);
#3290 = CIRCLE('',#3291,14.);
#3291 = AXIS2_PLACEMENT_2D('',#3292,#3293);
#3292 = CARTESIAN_POINT('',(0.,0.));
#3293 = DIRECTION('',(1.,0.));
#3294 = ( GEOMETRIC_REPRESENTATION_CONTEXT(2) 
PARAMETRIC_REPRESENTATION_CONTEXT() REPRESENTATION_CONTEXT('2D SPACE',''
  ) );
#3295 = ADVANCED_FACE('',(#3296),#1808,.T.);
#3296 = FACE_BOUND('',#3297,.T.);
#3297 = EDGE_LOOP('',(#3298,#3321,#3322,#3323));
#3298 = ORIENTED_EDGE('',*,*,#3299,.T.);
#3299 = EDGE_CURVE('',#3300,#1770,#3302,.T.);
#3300 = VERTEX_POINT('',#3301);
#3301 = CARTESIAN_POINT('',(-90.,-6.,77.5));
#3302 = SEAM_CURVE('',#3303,(#3307,#3314),.PCURVE_S1.);
#3303 = LINE('',#3304,#3305);
#3304 = CARTESIAN_POINT('',(-90.,-6.,77.5));
#3305 = VECTOR('',#3306,1.);
#3306 = DIRECTION('',(0.,1.,0.));
#3307 = PCURVE('',#1808,#3308);
#3308 = DEFINITIONAL_REPRESENTATION('',(#3309),#3313);
#3309 = LINE('',#3310,#3311);
#3310 = CARTESIAN_POINT('',(6.28318530718,-0.));
#3311 = VECTOR('',#3312,1.);
#3312 = DIRECTION('',(0.,1.));
#3313 = ( GEOMETRIC_REPRESENTATION_CONTEXT(2) 
PARAMETRIC_REPRESENTATION_CONTEXT() REPRESENTATION_CONTEXT('2D SPACE',''
  ) );
#3314 = PCURVE('',#1808,#3315);
#3315 = DEFINITIONAL_REPRESENTATION('',(#3316),#3320);
#3316 = LINE('',#3317,#3318);
#3317 = CARTESIAN_POINT('',(0.,-0.));
#3318 = VECTOR('',#3319,1.);
#3319 = DIRECTION('',(0.,1.));
#3320 = ( GEOMETRIC_REPRESENTATION_CONTEXT(2) 
PARAMETRIC_REPRESENTATION_CONTEXT() REPRESENTATION_CONTEXT('2D SPACE',''
  ) );
#3321 = ORIENTED_EDGE('',*,*,#1793,.F.);
#3322 = ORIENTED_EDGE('',*,*,#3299,.F.);
#3323 = ORIENTED_EDGE('',*,*,#3324,.T.);
#3324 = EDGE_CURVE('',#3300,#3300,#3325,.T.);
#3325 = SURFACE_CURVE('',#3326,(#3331,#3338),.PCURVE_S1.);
#3326 = CIRCLE('',#3327,14.);
#3327 = AXIS2_PLACEMENT_3D('',#3328,#3329,#3330);
#3328 = CARTESIAN_POINT('',(-90.,-6.,63.5));
#3329 = DIRECTION('',(0.,1.,0.));
#3330 = DIRECTION('',(0.,-0.,1.));
#3331 = PCURVE('',#1808,#3332);
#3332 = DEFINITIONAL_REPRESENTATION('',(#3333),#3337);
#3333 = LINE('',#3334,#3335);
#3334 = CARTESIAN_POINT('',(0.,0.));
#3335 = VECTOR('',#3336,1.);
#3336 = DIRECTION('',(1.,0.));
#3337 = ( GEOMETRIC_REPRESENTATION_CONTEXT(2) 
PARAMETRIC_REPRESENTATION_CONTEXT() REPRESENTATION_CONTEXT('2D SPACE',''
  ) );
#3338 = PCURVE('',#3339,#3344);
#3339 = PLANE('',#3340);
#3340 = AXIS2_PLACEMENT_3D('',#3341,#3342,#3343);
#3341 = CARTESIAN_POINT('',(-90.,-6.,63.5));
#3342 = DIRECTION('',(0.,1.,0.));
#3343 = DIRECTION('',(0.,-0.,1.));
#3344 = DEFINITIONAL_REPRESENTATION('',(#3345),#3349);
#3345 = CIRCLE('',#3346,14.);
#3346 = AXIS2_PLACEMENT_2D('',#3347,#3348);
#3347 = CARTESIAN_POINT('',(0.,0.));
#3348 = DIRECTION('',(1.,0.));
#3349 = ( GEOMETRIC_REPRESENTATION_CONTEXT(2) 
PARAMETRIC_REPRESENTATION_CONTEXT() REPRESENTATION_CONTEXT('2D SPACE',''
  ) );
#3350 = ADVANCED_FACE('',(#3351),#1862,.T.);
#3351 = FACE_BOUND('',#3352,.T.);
#3352 = EDGE_LOOP('',(#3353,#3376,#3377,#3378));
#3353 = ORIENTED_EDGE('',*,*,#3354,.T.);
#3354 = EDGE_CURVE('',#3355,#1824,#3357,.T.);
#3355 = VERTEX_POINT('',#3356);
#3356 = CARTESIAN_POINT('',(-45.,-6.,77.5));
#3357 = SEAM_CURVE('',#3358,(#3362,#3369),.PCURVE_S1.);
#3358 = LINE('',#3359,#3360);
#3359 = CARTESIAN_POINT('',(-45.,-6.,77.5));
#3360 = VECTOR('',#3361,1.);
#3361 = DIRECTION('',(0.,1.,0.));
#3362 = PCURVE('',#1862,#3363);
#3363 = DEFINITIONAL_REPRESENTATION('',(#3364),#3368);
#3364 = LINE('',#3365,#3366);
#3365 = CARTESIAN_POINT('',(6.28318530718,-0.));
#3366 = VECTOR('',#3367,1.);
#3367 = DIRECTION('',(0.,1.));
#3368 = ( GEOMETRIC_REPRESENTATION_CONTEXT(2) 
PARAMETRIC_REPRESENTATION_CONTEXT() REPRESENTATION_CONTEXT('2D SPACE',''
  ) );
#3369 = PCURVE('',#1862,#3370);
#3370 = DEFINITIONAL_REPRESENTATION('',(#3371),#3375);
#3371 = LINE('',#3372,#3373);
#3372 = CARTESIAN_POINT('',(0.,-0.));
#3373 = VECTOR('',#3374,1.);
#3374 = DIRECTION('',(0.,1.));
#3375 = ( GEOMETRIC_REPRESENTATION_CONTEXT(2) 
PARAMETRIC_REPRESENTATION_CONTEXT() REPRESENTATION_CONTEXT('2D SPACE',''
  ) );
#3376 = ORIENTED_EDGE('',*,*,#1847,.F.);
#3377 = ORIENTED_EDGE('',*,*,#3354,.F.);
#3378 = ORIENTED_EDGE('',*,*,#3379,.T.);
#3379 = EDGE_CURVE('',#3355,#3355,#3380,.T.);
#3380 = SURFACE_CURVE('',#3381,(#3386,#3393),.PCURVE_S1.);
#3381 = CIRCLE('',#3382,14.);
#3382 = AXIS2_PLACEMENT_3D('',#3383,#3384,#3385);
#3383 = CARTESIAN_POINT('',(-45.,-6.,63.5));
#3384 = DIRECTION('',(0.,1.,0.));
#3385 = DIRECTION('',(0.,-0.,1.));
#3386 = PCURVE('',#1862,#3387);
#3387 = DEFINITIONAL_REPRESENTATION('',(#3388),#3392);
#3388 = LINE('',#3389,#3390);
#3389 = CARTESIAN_POINT('',(0.,0.));
#3390 = VECTOR('',#3391,1.);
#3391 = DIRECTION('',(1.,0.));
#3392 = ( GEOMETRIC_REPRESENTATION_CONTEXT(2) 
PARAMETRIC_REPRESENTATION_CONTEXT() REPRESENTATION_CONTEXT('2D SPACE',''
  ) );
#3393 = PCURVE('',#3394,#3399);
#3394 = PLANE('',#3395);
#3395 = AXIS2_PLACEMENT_3D('',#3396,#3397,#3398);
#3396 = CARTESIAN_POINT('',(-45.,-6.,63.5));
#3397 = DIRECTION('',(0.,1.,0.));
#3398 = DIRECTION('',(0.,-0.,1.));
#3399 = DEFINITIONAL_REPRESENTATION('',(#3400),#3404);
#3400 = CIRCLE('',#3401,14.);
#3401 = AXIS2_PLACEMENT_2D('',#3402,#3403);
#3402 = CARTESIAN_POINT('',(0.,0.));
#3403 = DIRECTION('',(1.,0.));
#3404 = ( GEOMETRIC_REPRESENTATION_CONTEXT(2) 
PARAMETRIC_REPRESENTATION_CONTEXT() REPRESENTATION_CONTEXT('2D SPACE',''
  ) );
#3405 = ADVANCED_FACE('',(#3406),#1894,.F.);
#3406 = FACE_BOUND('',#3407,.F.);
#3407 = EDGE_LOOP('',(#3408));
#3408 = ORIENTED_EDGE('',*,*,#1877,.T.);
#3409 = ADVANCED_FACE('',(#3410),#1949,.F.);
#3410 = FACE_BOUND('',#3411,.F.);
#3411 = EDGE_LOOP('',(#3412));
#3412 = ORIENTED_EDGE('',*,*,#1932,.T.);
#3413 = ADVANCED_FACE('',(#3414),#2026,.T.);
#3414 = FACE_BOUND('',#3415,.T.);
#3415 = EDGE_LOOP('',(#3416,#3439,#3440,#3441));
#3416 = ORIENTED_EDGE('',*,*,#3417,.T.);
#3417 = EDGE_CURVE('',#3418,#1988,#3420,.T.);
#3418 = VERTEX_POINT('',#3419);
#3419 = CARTESIAN_POINT('',(-3.429011037613E-15,-6.,37.5));
#3420 = SEAM_CURVE('',#3421,(#3425,#3432),.PCURVE_S1.);
#3421 = LINE('',#3422,#3423);
#3422 = CARTESIAN_POINT('',(-3.429011037613E-15,-6.,37.5));
#3423 = VECTOR('',#3424,1.);
#3424 = DIRECTION('',(0.,1.,0.));
#3425 = PCURVE('',#2026,#3426);
#3426 = DEFINITIONAL_REPRESENTATION('',(#3427),#3431);
#3427 = LINE('',#3428,#3429);
#3428 = CARTESIAN_POINT('',(6.28318530718,-0.));
#3429 = VECTOR('',#3430,1.);
#3430 = DIRECTION('',(0.,1.));
#3431 = ( GEOMETRIC_REPRESENTATION_CONTEXT(2) 
PARAMETRIC_REPRESENTATION_CONTEXT() REPRESENTATION_CONTEXT('2D SPACE',''
  ) );
#3432 = PCURVE('',#2026,#3433);
#3433 = DEFINITIONAL_REPRESENTATION('',(#3434),#3438);
#3434 = LINE('',#3435,#3436);
#3435 = CARTESIAN_POINT('',(0.,-0.));
#3436 = VECTOR('',#3437,1.);
#3437 = DIRECTION('',(0.,1.));
#3438 = ( GEOMETRIC_REPRESENTATION_CONTEXT(2) 
PARAMETRIC_REPRESENTATION_CONTEXT() REPRESENTATION_CONTEXT('2D SPACE',''
  ) );
#3439 = ORIENTED_EDGE('',*,*,#2011,.F.);
#3440 = ORIENTED_EDGE('',*,*,#3417,.F.);
#3441 = ORIENTED_EDGE('',*,*,#3442,.T.);
#3442 = EDGE_CURVE('',#3418,#3418,#3443,.T.);
#3443 = SURFACE_CURVE('',#3444,(#3449,#3456),.PCURVE_S1.);
#3444 = CIRCLE('',#3445,14.);
#3445 = AXIS2_PLACEMENT_3D('',#3446,#3447,#3448);
#3446 = CARTESIAN_POINT('',(0.,-6.,23.5));
#3447 = DIRECTION('',(0.,1.,0.));
#3448 = DIRECTION('',(0.,-0.,1.));
#3449 = PCURVE('',#2026,#3450);
#3450 = DEFINITIONAL_REPRESENTATION('',(#3451),#3455);
#3451 = LINE('',#3452,#3453);
#3452 = CARTESIAN_POINT('',(0.,0.));
#3453 = VECTOR('',#3454,1.);
#3454 = DIRECTION('',(1.,0.));
#3455 = ( GEOMETRIC_REPRESENTATION_CONTEXT(2) 
PARAMETRIC_REPRESENTATION_CONTEXT() REPRESENTATION_CONTEXT('2D SPACE',''
  ) );
#3456 = PCURVE('',#3457,#3462);
#3457 = PLANE('',#3458);
#3458 = AXIS2_PLACEMENT_3D('',#3459,#3460,#3461);
#3459 = CARTESIAN_POINT('',(0.,-6.,23.5));
#3460 = DIRECTION('',(0.,1.,0.));
#3461 = DIRECTION('',(0.,-0.,1.));
#3462 = DEFINITIONAL_REPRESENTATION('',(#3463),#3467);
#3463 = CIRCLE('',#3464,14.);
#3464 = AXIS2_PLACEMENT_2D('',#3465,#3466);
#3465 = CARTESIAN_POINT('',(0.,0.));
#3466 = DIRECTION('',(1.,0.));
#3467 = ( GEOMETRIC_REPRESENTATION_CONTEXT(2) 
PARAMETRIC_REPRESENTATION_CONTEXT() REPRESENTATION_CONTEXT('2D SPACE',''
  ) );
#3468 = ADVANCED_FACE('',(#3469),#2080,.T.);
#3469 = FACE_BOUND('',#3470,.T.);
#3470 = EDGE_LOOP('',(#3471,#3494,#3495,#3496));
#3471 = ORIENTED_EDGE('',*,*,#3472,.T.);
#3472 = EDGE_CURVE('',#3473,#2042,#3475,.T.);
#3473 = VERTEX_POINT('',#3474);
#3474 = CARTESIAN_POINT('',(45.,-6.,37.5));
#3475 = SEAM_CURVE('',#3476,(#3480,#3487),.PCURVE_S1.);
#3476 = LINE('',#3477,#3478);
#3477 = CARTESIAN_POINT('',(45.,-6.,37.5));
#3478 = VECTOR('',#3479,1.);
#3479 = DIRECTION('',(0.,1.,0.));
#3480 = PCURVE('',#2080,#3481);
#3481 = DEFINITIONAL_REPRESENTATION('',(#3482),#3486);
#3482 = LINE('',#3483,#3484);
#3483 = CARTESIAN_POINT('',(6.28318530718,-0.));
#3484 = VECTOR('',#3485,1.);
#3485 = DIRECTION('',(0.,1.));
#3486 = ( GEOMETRIC_REPRESENTATION_CONTEXT(2) 
PARAMETRIC_REPRESENTATION_CONTEXT() REPRESENTATION_CONTEXT('2D SPACE',''
  ) );
#3487 = PCURVE('',#2080,#3488);
#3488 = DEFINITIONAL_REPRESENTATION('',(#3489),#3493);
#3489 = LINE('',#3490,#3491);
#3490 = CARTESIAN_POINT('',(0.,-0.));
#3491 = VECTOR('',#3492,1.);
#3492 = DIRECTION('',(0.,1.));
#3493 = ( GEOMETRIC_REPRESENTATION_CONTEXT(2) 
PARAMETRIC_REPRESENTATION_CONTEXT() REPRESENTATION_CONTEXT('2D SPACE',''
  ) );
#3494 = ORIENTED_EDGE('',*,*,#2065,.F.);
#3495 = ORIENTED_EDGE('',*,*,#3472,.F.);
#3496 = ORIENTED_EDGE('',*,*,#3497,.T.);
#3497 = EDGE_CURVE('',#3473,#3473,#3498,.T.);
#3498 = SURFACE_CURVE('',#3499,(#3504,#3511),.PCURVE_S1.);
#3499 = CIRCLE('',#3500,14.);
#3500 = AXIS2_PLACEMENT_3D('',#3501,#3502,#3503);
#3501 = CARTESIAN_POINT('',(45.,-6.,23.5));
#3502 = DIRECTION('',(0.,1.,0.));
#3503 = DIRECTION('',(0.,-0.,1.));
#3504 = PCURVE('',#2080,#3505);
#3505 = DEFINITIONAL_REPRESENTATION('',(#3506),#3510);
#3506 = LINE('',#3507,#3508);
#3507 = CARTESIAN_POINT('',(0.,0.));
#3508 = VECTOR('',#3509,1.);
#3509 = DIRECTION('',(1.,0.));
#3510 = ( GEOMETRIC_REPRESENTATION_CONTEXT(2) 
PARAMETRIC_REPRESENTATION_CONTEXT() REPRESENTATION_CONTEXT('2D SPACE',''
  ) );
#3511 = PCURVE('',#3512,#3517);
#3512 = PLANE('',#3513);
#3513 = AXIS2_PLACEMENT_3D('',#3514,#3515,#3516);
#3514 = CARTESIAN_POINT('',(45.,-6.,23.5));
#3515 = DIRECTION('',(0.,1.,0.));
#3516 = DIRECTION('',(0.,-0.,1.));
#3517 = DEFINITIONAL_REPRESENTATION('',(#3518),#3522);
#3518 = CIRCLE('',#3519,14.);
#3519 = AXIS2_PLACEMENT_2D('',#3520,#3521);
#3520 = CARTESIAN_POINT('',(0.,0.));
#3521 = DIRECTION('',(1.,0.));
#3522 = ( GEOMETRIC_REPRESENTATION_CONTEXT(2) 
PARAMETRIC_REPRESENTATION_CONTEXT() REPRESENTATION_CONTEXT('2D SPACE',''
  ) );
#3523 = ADVANCED_FACE('',(#3524),#2134,.T.);
#3524 = FACE_BOUND('',#3525,.T.);
#3525 = EDGE_LOOP('',(#3526,#3549,#3550,#3551));
#3526 = ORIENTED_EDGE('',*,*,#3527,.T.);
#3527 = EDGE_CURVE('',#3528,#2096,#3530,.T.);
#3528 = VERTEX_POINT('',#3529);
#3529 = CARTESIAN_POINT('',(90.,-6.,37.5));
#3530 = SEAM_CURVE('',#3531,(#3535,#3542),.PCURVE_S1.);
#3531 = LINE('',#3532,#3533);
#3532 = CARTESIAN_POINT('',(90.,-6.,37.5));
#3533 = VECTOR('',#3534,1.);
#3534 = DIRECTION('',(0.,1.,0.));
#3535 = PCURVE('',#2134,#3536);
#3536 = DEFINITIONAL_REPRESENTATION('',(#3537),#3541);
#3537 = LINE('',#3538,#3539);
#3538 = CARTESIAN_POINT('',(6.28318530718,-0.));
#3539 = VECTOR('',#3540,1.);
#3540 = DIRECTION('',(0.,1.));
#3541 = ( GEOMETRIC_REPRESENTATION_CONTEXT(2) 
PARAMETRIC_REPRESENTATION_CONTEXT() REPRESENTATION_CONTEXT('2D SPACE',''
  ) );
#3542 = PCURVE('',#2134,#3543);
#3543 = DEFINITIONAL_REPRESENTATION('',(#3544),#3548);
#3544 = LINE('',#3545,#3546);
#3545 = CARTESIAN_POINT('',(0.,-0.));
#3546 = VECTOR('',#3547,1.);
#3547 = DIRECTION('',(0.,1.));
#3548 = ( GEOMETRIC_REPRESENTATION_CONTEXT(2) 
PARAMETRIC_REPRESENTATION_CONTEXT() REPRESENTATION_CONTEXT('2D SPACE',''
  ) );
#3549 = ORIENTED_EDGE('',*,*,#2119,.F.);
#3550 = ORIENTED_EDGE('',*,*,#3527,.F.);
#3551 = ORIENTED_EDGE('',*,*,#3552,.T.);
#3552 = EDGE_CURVE('',#3528,#3528,#3553,.T.);
#3553 = SURFACE_CURVE('',#3554,(#3559,#3566),.PCURVE_S1.);
#3554 = CIRCLE('',#3555,14.);
#3555 = AXIS2_PLACEMENT_3D('',#3556,#3557,#3558);
#3556 = CARTESIAN_POINT('',(90.,-6.,23.5));
#3557 = DIRECTION('',(0.,1.,0.));
#3558 = DIRECTION('',(0.,-0.,1.));
#3559 = PCURVE('',#2134,#3560);
#3560 = DEFINITIONAL_REPRESENTATION('',(#3561),#3565);
#3561 = LINE('',#3562,#3563);
#3562 = CARTESIAN_POINT('',(0.,0.));
#3563 = VECTOR('',#3564,1.);
#3564 = DIRECTION('',(1.,0.));
#3565 = ( GEOMETRIC_REPRESENTATION_CONTEXT(2) 
PARAMETRIC_REPRESENTATION_CONTEXT() REPRESENTATION_CONTEXT('2D SPACE',''
  ) );
#3566 = PCURVE('',#3567,#3572);
#3567 = PLANE('',#3568);
#3568 = AXIS2_PLACEMENT_3D('',#3569,#3570,#3571);
#3569 = CARTESIAN_POINT('',(90.,-6.,23.5));
#3570 = DIRECTION('',(0.,1.,0.));
#3571 = DIRECTION('',(0.,-0.,1.));
#3572 = DEFINITIONAL_REPRESENTATION('',(#3573),#3577);
#3573 = CIRCLE('',#3574,14.);
#3574 = AXIS2_PLACEMENT_2D('',#3575,#3576);
#3575 = CARTESIAN_POINT('',(0.,0.));
#3576 = DIRECTION('',(1.,0.));
#3577 = ( GEOMETRIC_REPRESENTATION_CONTEXT(2) 
PARAMETRIC_REPRESENTATION_CONTEXT() REPRESENTATION_CONTEXT('2D SPACE',''
  ) );
#3578 = ADVANCED_FACE('',(#3579),#2188,.T.);
#3579 = FACE_BOUND('',#3580,.T.);
#3580 = EDGE_LOOP('',(#3581,#3604,#3605,#3606));
#3581 = ORIENTED_EDGE('',*,*,#3582,.T.);
#3582 = EDGE_CURVE('',#3583,#2150,#3585,.T.);
#3583 = VERTEX_POINT('',#3584);
#3584 = CARTESIAN_POINT('',(135.,-6.,37.5));
#3585 = SEAM_CURVE('',#3586,(#3590,#3597),.PCURVE_S1.);
#3586 = LINE('',#3587,#3588);
#3587 = CARTESIAN_POINT('',(135.,-6.,37.5));
#3588 = VECTOR('',#3589,1.);
#3589 = DIRECTION('',(0.,1.,0.));
#3590 = PCURVE('',#2188,#3591);
#3591 = DEFINITIONAL_REPRESENTATION('',(#3592),#3596);
#3592 = LINE('',#3593,#3594);
#3593 = CARTESIAN_POINT('',(6.28318530718,-0.));
#3594 = VECTOR('',#3595,1.);
#3595 = DIRECTION('',(0.,1.));
#3596 = ( GEOMETRIC_REPRESENTATION_CONTEXT(2) 
PARAMETRIC_REPRESENTATION_CONTEXT() REPRESENTATION_CONTEXT('2D SPACE',''
  ) );
#3597 = PCURVE('',#2188,#3598);
#3598 = DEFINITIONAL_REPRESENTATION('',(#3599),#3603);
#3599 = LINE('',#3600,#3601);
#3600 = CARTESIAN_POINT('',(0.,-0.));
#3601 = VECTOR('',#3602,1.);
#3602 = DIRECTION('',(0.,1.));
#3603 = ( GEOMETRIC_REPRESENTATION_CONTEXT(2) 
PARAMETRIC_REPRESENTATION_CONTEXT() REPRESENTATION_CONTEXT('2D SPACE',''
  ) );
#3604 = ORIENTED_EDGE('',*,*,#2173,.F.);
#3605 = ORIENTED_EDGE('',*,*,#3582,.F.);
#3606 = ORIENTED_EDGE('',*,*,#3607,.T.);
#3607 = EDGE_CURVE('',#3583,#3583,#3608,.T.);
#3608 = SURFACE_CURVE('',#3609,(#3614,#3621),.PCURVE_S1.);
#3609 = CIRCLE('',#3610,14.);
#3610 = AXIS2_PLACEMENT_3D('',#3611,#3612,#3613);
#3611 = CARTESIAN_POINT('',(135.,-6.,23.5));
#3612 = DIRECTION('',(0.,1.,0.));
#3613 = DIRECTION('',(0.,-0.,1.));
#3614 = PCURVE('',#2188,#3615);
#3615 = DEFINITIONAL_REPRESENTATION('',(#3616),#3620);
#3616 = LINE('',#3617,#3618);
#3617 = CARTESIAN_POINT('',(0.,0.));
#3618 = VECTOR('',#3619,1.);
#3619 = DIRECTION('',(1.,0.));
#3620 = ( GEOMETRIC_REPRESENTATION_CONTEXT(2) 
PARAMETRIC_REPRESENTATION_CONTEXT() REPRESENTATION_CONTEXT('2D SPACE',''
  ) );
#3621 = PCURVE('',#3622,#3627);
#3622 = PLANE('',#3623);
#3623 = AXIS2_PLACEMENT_3D('',#3624,#3625,#3626);
#3624 = CARTESIAN_POINT('',(135.,-6.,23.5));
#3625 = DIRECTION('',(0.,1.,0.));
#3626 = DIRECTION('',(0.,-0.,1.));
#3627 = DEFINITIONAL_REPRESENTATION('',(#3628),#3632);
#3628 = CIRCLE('',#3629,14.);
#3629 = AXIS2_PLACEMENT_2D('',#3630,#3631);
#3630 = CARTESIAN_POINT('',(0.,0.));
#3631 = DIRECTION('',(1.,0.));
#3632 = ( GEOMETRIC_REPRESENTATION_CONTEXT(2) 
PARAMETRIC_REPRESENTATION_CONTEXT() REPRESENTATION_CONTEXT('2D SPACE',''
  ) );
#3633 = ADVANCED_FACE('',(#3634),#2220,.F.);
#3634 = FACE_BOUND('',#3635,.F.);
#3635 = EDGE_LOOP('',(#3636));
#3636 = ORIENTED_EDGE('',*,*,#2203,.T.);
#3637 = ADVANCED_FACE('',(#3638),#2297,.T.);
#3638 = FACE_BOUND('',#3639,.T.);
#3639 = EDGE_LOOP('',(#3640,#3663,#3664,#3665));
#3640 = ORIENTED_EDGE('',*,*,#3641,.T.);
#3641 = EDGE_CURVE('',#3642,#2259,#3644,.T.);
#3642 = VERTEX_POINT('',#3643);
#3643 = CARTESIAN_POINT('',(180.,-6.,37.5));
#3644 = SEAM_CURVE('',#3645,(#3649,#3656),.PCURVE_S1.);
#3645 = LINE('',#3646,#3647);
#3646 = CARTESIAN_POINT('',(180.,-6.,37.5));
#3647 = VECTOR('',#3648,1.);
#3648 = DIRECTION('',(0.,1.,0.));
#3649 = PCURVE('',#2297,#3650);
#3650 = DEFINITIONAL_REPRESENTATION('',(#3651),#3655);
#3651 = LINE('',#3652,#3653);
#3652 = CARTESIAN_POINT('',(6.28318530718,-0.));
#3653 = VECTOR('',#3654,1.);
#3654 = DIRECTION('',(0.,1.));
#3655 = ( GEOMETRIC_REPRESENTATION_CONTEXT(2) 
PARAMETRIC_REPRESENTATION_CONTEXT() REPRESENTATION_CONTEXT('2D SPACE',''
  ) );
#3656 = PCURVE('',#2297,#3657);
#3657 = DEFINITIONAL_REPRESENTATION('',(#3658),#3662);
#3658 = LINE('',#3659,#3660);
#3659 = CARTESIAN_POINT('',(0.,-0.));
#3660 = VECTOR('',#3661,1.);
#3661 = DIRECTION('',(0.,1.));
#3662 = ( GEOMETRIC_REPRESENTATION_CONTEXT(2) 
PARAMETRIC_REPRESENTATION_CONTEXT() REPRESENTATION_CONTEXT('2D SPACE',''
  ) );
#3663 = ORIENTED_EDGE('',*,*,#2282,.F.);
#3664 = ORIENTED_EDGE('',*,*,#3641,.F.);
#3665 = ORIENTED_EDGE('',*,*,#3666,.T.);
#3666 = EDGE_CURVE('',#3642,#3642,#3667,.T.);
#3667 = SURFACE_CURVE('',#3668,(#3673,#3680),.PCURVE_S1.);
#3668 = CIRCLE('',#3669,14.);
#3669 = AXIS2_PLACEMENT_3D('',#3670,#3671,#3672);
#3670 = CARTESIAN_POINT('',(180.,-6.,23.5));
#3671 = DIRECTION('',(0.,1.,0.));
#3672 = DIRECTION('',(0.,-0.,1.));
#3673 = PCURVE('',#2297,#3674);
#3674 = DEFINITIONAL_REPRESENTATION('',(#3675),#3679);
#3675 = LINE('',#3676,#3677);
#3676 = CARTESIAN_POINT('',(0.,0.));
#3677 = VECTOR('',#3678,1.);
#3678 = DIRECTION('',(1.,0.));
#3679 = ( GEOMETRIC_REPRESENTATION_CONTEXT(2) 
PARAMETRIC_REPRESENTATION_CONTEXT() REPRESENTATION_CONTEXT('2D SPACE',''
  ) );
#3680 = PCURVE('',#3681,#3686);
#3681 = PLANE('',#3682);
#3682 = AXIS2_PLACEMENT_3D('',#3683,#3684,#3685);
#3683 = CARTESIAN_POINT('',(180.,-6.,23.5));
#3684 = DIRECTION('',(0.,1.,0.));
#3685 = DIRECTION('',(0.,-0.,1.));
#3686 = DEFINITIONAL_REPRESENTATION('',(#3687),#3691);
#3687 = CIRCLE('',#3688,14.);
#3688 = AXIS2_PLACEMENT_2D('',#3689,#3690);
#3689 = CARTESIAN_POINT('',(0.,0.));
#3690 = DIRECTION('',(1.,0.));
#3691 = ( GEOMETRIC_REPRESENTATION_CONTEXT(2) 
PARAMETRIC_REPRESENTATION_CONTEXT() REPRESENTATION_CONTEXT('2D SPACE',''
  ) );
#3692 = ADVANCED_FACE('',(#3693),#2351,.T.);
#3693 = FACE_BOUND('',#3694,.T.);
#3694 = EDGE_LOOP('',(#3695,#3718,#3719,#3720));
#3695 = ORIENTED_EDGE('',*,*,#3696,.T.);
#3696 = EDGE_CURVE('',#3697,#2313,#3699,.T.);
#3697 = VERTEX_POINT('',#3698);
#3698 = CARTESIAN_POINT('',(-3.429011037613E-15,-6.,77.5));
#3699 = SEAM_CURVE('',#3700,(#3704,#3711),.PCURVE_S1.);
#3700 = LINE('',#3701,#3702);
#3701 = CARTESIAN_POINT('',(-3.429011037613E-15,-6.,77.5));
#3702 = VECTOR('',#3703,1.);
#3703 = DIRECTION('',(0.,1.,0.));
#3704 = PCURVE('',#2351,#3705);
#3705 = DEFINITIONAL_REPRESENTATION('',(#3706),#3710);
#3706 = LINE('',#3707,#3708);
#3707 = CARTESIAN_POINT('',(6.28318530718,-0.));
#3708 = VECTOR('',#3709,1.);
#3709 = DIRECTION('',(0.,1.));
#3710 = ( GEOMETRIC_REPRESENTATION_CONTEXT(2) 
PARAMETRIC_REPRESENTATION_CONTEXT() REPRESENTATION_CONTEXT('2D SPACE',''
  ) );
#3711 = PCURVE('',#2351,#3712);
#3712 = DEFINITIONAL_REPRESENTATION('',(#3713),#3717);
#3713 = LINE('',#3714,#3715);
#3714 = CARTESIAN_POINT('',(0.,-0.));
#3715 = VECTOR('',#3716,1.);
#3716 = DIRECTION('',(0.,1.));
#3717 = ( GEOMETRIC_REPRESENTATION_CONTEXT(2) 
PARAMETRIC_REPRESENTATION_CONTEXT() REPRESENTATION_CONTEXT('2D SPACE',''
  ) );
#3718 = ORIENTED_EDGE('',*,*,#2336,.F.);
#3719 = ORIENTED_EDGE('',*,*,#3696,.F.);
#3720 = ORIENTED_EDGE('',*,*,#3721,.T.);
#3721 = EDGE_CURVE('',#3697,#3697,#3722,.T.);
#3722 = SURFACE_CURVE('',#3723,(#3728,#3735),.PCURVE_S1.);
#3723 = CIRCLE('',#3724,14.);
#3724 = AXIS2_PLACEMENT_3D('',#3725,#3726,#3727);
#3725 = CARTESIAN_POINT('',(0.,-6.,63.5));
#3726 = DIRECTION('',(0.,1.,0.));
#3727 = DIRECTION('',(0.,-0.,1.));
#3728 = PCURVE('',#2351,#3729);
#3729 = DEFINITIONAL_REPRESENTATION('',(#3730),#3734);
#3730 = LINE('',#3731,#3732);
#3731 = CARTESIAN_POINT('',(0.,0.));
#3732 = VECTOR('',#3733,1.);
#3733 = DIRECTION('',(1.,0.));
#3734 = ( GEOMETRIC_REPRESENTATION_CONTEXT(2) 
PARAMETRIC_REPRESENTATION_CONTEXT() REPRESENTATION_CONTEXT('2D SPACE',''
  ) );
#3735 = PCURVE('',#3736,#3741);
#3736 = PLANE('',#3737);
#3737 = AXIS2_PLACEMENT_3D('',#3738,#3739,#3740);
#3738 = CARTESIAN_POINT('',(0.,-6.,63.5));
#3739 = DIRECTION('',(0.,1.,0.));
#3740 = DIRECTION('',(0.,-0.,1.));
#3741 = DEFINITIONAL_REPRESENTATION('',(#3742),#3746);
#3742 = CIRCLE('',#3743,14.);
#3743 = AXIS2_PLACEMENT_2D('',#3744,#3745);
#3744 = CARTESIAN_POINT('',(0.,0.));
#3745 = DIRECTION('',(1.,0.));
#3746 = ( GEOMETRIC_REPRESENTATION_CONTEXT(2) 
PARAMETRIC_REPRESENTATION_CONTEXT() REPRESENTATION_CONTEXT('2D SPACE',''
  ) );
#3747 = ADVANCED_FACE('',(#3748),#2405,.T.);
#3748 = FACE_BOUND('',#3749,.T.);
#3749 = EDGE_LOOP('',(#3750,#3773,#3774,#3775));
#3750 = ORIENTED_EDGE('',*,*,#3751,.T.);
#3751 = EDGE_CURVE('',#3752,#2367,#3754,.T.);
#3752 = VERTEX_POINT('',#3753);
#3753 = CARTESIAN_POINT('',(45.,-6.,77.5));
#3754 = SEAM_CURVE('',#3755,(#3759,#3766),.PCURVE_S1.);
#3755 = LINE('',#3756,#3757);
#3756 = CARTESIAN_POINT('',(45.,-6.,77.5));
#3757 = VECTOR('',#3758,1.);
#3758 = DIRECTION('',(0.,1.,0.));
#3759 = PCURVE('',#2405,#3760);
#3760 = DEFINITIONAL_REPRESENTATION('',(#3761),#3765);
#3761 = LINE('',#3762,#3763);
#3762 = CARTESIAN_POINT('',(6.28318530718,-0.));
#3763 = VECTOR('',#3764,1.);
#3764 = DIRECTION('',(0.,1.));
#3765 = ( GEOMETRIC_REPRESENTATION_CONTEXT(2) 
PARAMETRIC_REPRESENTATION_CONTEXT() REPRESENTATION_CONTEXT('2D SPACE',''
  ) );
#3766 = PCURVE('',#2405,#3767);
#3767 = DEFINITIONAL_REPRESENTATION('',(#3768),#3772);
#3768 = LINE('',#3769,#3770);
#3769 = CARTESIAN_POINT('',(0.,-0.));
#3770 = VECTOR('',#3771,1.);
#3771 = DIRECTION('',(0.,1.));
#3772 = ( GEOMETRIC_REPRESENTATION_CONTEXT(2) 
PARAMETRIC_REPRESENTATION_CONTEXT() REPRESENTATION_CONTEXT('2D SPACE',''
  ) );
#3773 = ORIENTED_EDGE('',*,*,#2390,.F.);
#3774 = ORIENTED_EDGE('',*,*,#3751,.F.);
#3775 = ORIENTED_EDGE('',*,*,#3776,.T.);
#3776 = EDGE_CURVE('',#3752,#3752,#3777,.T.);
#3777 = SURFACE_CURVE('',#3778,(#3783,#3790),.PCURVE_S1.);
#3778 = CIRCLE('',#3779,14.);
#3779 = AXIS2_PLACEMENT_3D('',#3780,#3781,#3782);
#3780 = CARTESIAN_POINT('',(45.,-6.,63.5));
#3781 = DIRECTION('',(0.,1.,0.));
#3782 = DIRECTION('',(0.,-0.,1.));
#3783 = PCURVE('',#2405,#3784);
#3784 = DEFINITIONAL_REPRESENTATION('',(#3785),#3789);
#3785 = LINE('',#3786,#3787);
#3786 = CARTESIAN_POINT('',(0.,0.));
#3787 = VECTOR('',#3788,1.);
#3788 = DIRECTION('',(1.,0.));
#3789 = ( GEOMETRIC_REPRESENTATION_CONTEXT(2) 
PARAMETRIC_REPRESENTATION_CONTEXT() REPRESENTATION_CONTEXT('2D SPACE',''
  ) );
#3790 = PCURVE('',#3791,#3796);
#3791 = PLANE('',#3792);
#3792 = AXIS2_PLACEMENT_3D('',#3793,#3794,#3795);
#3793 = CARTESIAN_POINT('',(45.,-6.,63.5));
#3794 = DIRECTION('',(0.,1.,0.));
#3795 = DIRECTION('',(0.,-0.,1.));
#3796 = DEFINITIONAL_REPRESENTATION('',(#3797),#3801);
#3797 = CIRCLE('',#3798,14.);
#3798 = AXIS2_PLACEMENT_2D('',#3799,#3800);
#3799 = CARTESIAN_POINT('',(0.,0.));
#3800 = DIRECTION('',(1.,0.));
#3801 = ( GEOMETRIC_REPRESENTATION_CONTEXT(2) 
PARAMETRIC_REPRESENTATION_CONTEXT() REPRESENTATION_CONTEXT('2D SPACE',''
  ) );
#3802 = ADVANCED_FACE('',(#3803),#2437,.F.);
#3803 = FACE_BOUND('',#3804,.F.);
#3804 = EDGE_LOOP('',(#3805));
#3805 = ORIENTED_EDGE('',*,*,#2420,.T.);
#3806 = ADVANCED_FACE('',(#3807),#2514,.T.);
#3807 = FACE_BOUND('',#3808,.T.);
#3808 = EDGE_LOOP('',(#3809,#3832,#3833,#3834));
#3809 = ORIENTED_EDGE('',*,*,#3810,.T.);
#3810 = EDGE_CURVE('',#3811,#2476,#3813,.T.);
#3811 = VERTEX_POINT('',#3812);
#3812 = CARTESIAN_POINT('',(90.,-6.,77.5));
#3813 = SEAM_CURVE('',#3814,(#3818,#3825),.PCURVE_S1.);
#3814 = LINE('',#3815,#3816);
#3815 = CARTESIAN_POINT('',(90.,-6.,77.5));
#3816 = VECTOR('',#3817,1.);
#3817 = DIRECTION('',(0.,1.,0.));
#3818 = PCURVE('',#2514,#3819);
#3819 = DEFINITIONAL_REPRESENTATION('',(#3820),#3824);
#3820 = LINE('',#3821,#3822);
#3821 = CARTESIAN_POINT('',(6.28318530718,-0.));
#3822 = VECTOR('',#3823,1.);
#3823 = DIRECTION('',(0.,1.));
#3824 = ( GEOMETRIC_REPRESENTATION_CONTEXT(2) 
PARAMETRIC_REPRESENTATION_CONTEXT() REPRESENTATION_CONTEXT('2D SPACE',''
  ) );
#3825 = PCURVE('',#2514,#3826);
#3826 = DEFINITIONAL_REPRESENTATION('',(#3827),#3831);
#3827 = LINE('',#3828,#3829);
#3828 = CARTESIAN_POINT('',(0.,-0.));
#3829 = VECTOR('',#3830,1.);
#3830 = DIRECTION('',(0.,1.));
#3831 = ( GEOMETRIC_REPRESENTATION_CONTEXT(2) 
PARAMETRIC_REPRESENTATION_CONTEXT() REPRESENTATION_CONTEXT('2D SPACE',''
  ) );
#3832 = ORIENTED_EDGE('',*,*,#2499,.F.);
#3833 = ORIENTED_EDGE('',*,*,#3810,.F.);
#3834 = ORIENTED_EDGE('',*,*,#3835,.T.);
#3835 = EDGE_CURVE('',#3811,#3811,#3836,.T.);
#3836 = SURFACE_CURVE('',#3837,(#3842,#3849),.PCURVE_S1.);
#3837 = CIRCLE('',#3838,14.);
#3838 = AXIS2_PLACEMENT_3D('',#3839,#3840,#3841);
#3839 = CARTESIAN_POINT('',(90.,-6.,63.5));
#3840 = DIRECTION('',(0.,1.,0.));
#3841 = DIRECTION('',(0.,-0.,1.));
#3842 = PCURVE('',#2514,#3843);
#3843 = DEFINITIONAL_REPRESENTATION('',(#3844),#3848);
#3844 = LINE('',#3845,#3846);
#3845 = CARTESIAN_POINT('',(0.,0.));
#3846 = VECTOR('',#3847,1.);
#3847 = DIRECTION('',(1.,0.));
#3848 = ( GEOMETRIC_REPRESENTATION_CONTEXT(2) 
PARAMETRIC_REPRESENTATION_CONTEXT() REPRESENTATION_CONTEXT('2D SPACE',''
  ) );
#3849 = PCURVE('',#3850,#3855);
#3850 = PLANE('',#3851);
#3851 = AXIS2_PLACEMENT_3D('',#3852,#3853,#3854);
#3852 = CARTESIAN_POINT('',(90.,-6.,63.5));
#3853 = DIRECTION('',(0.,1.,0.));
#3854 = DIRECTION('',(0.,-0.,1.));
#3855 = DEFINITIONAL_REPRESENTATION('',(#3856),#3860);
#3856 = CIRCLE('',#3857,14.);
#3857 = AXIS2_PLACEMENT_2D('',#3858,#3859);
#3858 = CARTESIAN_POINT('',(0.,0.));
#3859 = DIRECTION('',(1.,0.));
#3860 = ( GEOMETRIC_REPRESENTATION_CONTEXT(2) 
PARAMETRIC_REPRESENTATION_CONTEXT() REPRESENTATION_CONTEXT('2D SPACE',''
  ) );
#3861 = ADVANCED_FACE('',(#3862),#2568,.T.);
#3862 = FACE_BOUND('',#3863,.T.);
#3863 = EDGE_LOOP('',(#3864,#3887,#3888,#3889));
#3864 = ORIENTED_EDGE('',*,*,#3865,.T.);
#3865 = EDGE_CURVE('',#3866,#2530,#3868,.T.);
#3866 = VERTEX_POINT('',#3867);
#3867 = CARTESIAN_POINT('',(135.,-6.,77.5));
#3868 = SEAM_CURVE('',#3869,(#3873,#3880),.PCURVE_S1.);
#3869 = LINE('',#3870,#3871);
#3870 = CARTESIAN_POINT('',(135.,-6.,77.5));
#3871 = VECTOR('',#3872,1.);
#3872 = DIRECTION('',(0.,1.,0.));
#3873 = PCURVE('',#2568,#3874);
#3874 = DEFINITIONAL_REPRESENTATION('',(#3875),#3879);
#3875 = LINE('',#3876,#3877);
#3876 = CARTESIAN_POINT('',(6.28318530718,-0.));
#3877 = VECTOR('',#3878,1.);
#3878 = DIRECTION('',(0.,1.));
#3879 = ( GEOMETRIC_REPRESENTATION_CONTEXT(2) 
PARAMETRIC_REPRESENTATION_CONTEXT() REPRESENTATION_CONTEXT('2D SPACE',''
  ) );
#3880 = PCURVE('',#2568,#3881);
#3881 = DEFINITIONAL_REPRESENTATION('',(#3882),#3886);
#3882 = LINE('',#3883,#3884);
#3883 = CARTESIAN_POINT('',(0.,-0.));
#3884 = VECTOR('',#3885,1.);
#3885 = DIRECTION('',(0.,1.));
#3886 = ( GEOMETRIC_REPRESENTATION_CONTEXT(2) 
PARAMETRIC_REPRESENTATION_CONTEXT() REPRESENTATION_CONTEXT('2D SPACE',''
  ) );
#3887 = ORIENTED_EDGE('',*,*,#2553,.F.);
#3888 = ORIENTED_EDGE('',*,*,#3865,.F.);
#3889 = ORIENTED_EDGE('',*,*,#3890,.T.);
#3890 = EDGE_CURVE('',#3866,#3866,#3891,.T.);
#3891 = SURFACE_CURVE('',#3892,(#3897,#3904),.PCURVE_S1.);
#3892 = CIRCLE('',#3893,14.);
#3893 = AXIS2_PLACEMENT_3D('',#3894,#3895,#3896);
#3894 = CARTESIAN_POINT('',(135.,-6.,63.5));
#3895 = DIRECTION('',(0.,1.,0.));
#3896 = DIRECTION('',(0.,-0.,1.));
#3897 = PCURVE('',#2568,#3898);
#3898 = DEFINITIONAL_REPRESENTATION('',(#3899),#3903);
#3899 = LINE('',#3900,#3901);
#3900 = CARTESIAN_POINT('',(0.,0.));
#3901 = VECTOR('',#3902,1.);
#3902 = DIRECTION('',(1.,0.));
#3903 = ( GEOMETRIC_REPRESENTATION_CONTEXT(2) 
PARAMETRIC_REPRESENTATION_CONTEXT() REPRESENTATION_CONTEXT('2D SPACE',''
  ) );
#3904 = PCURVE('',#3905,#3910);
#3905 = PLANE('',#3906);
#3906 = AXIS2_PLACEMENT_3D('',#3907,#3908,#3909);
#3907 = CARTESIAN_POINT('',(135.,-6.,63.5));
#3908 = DIRECTION('',(0.,1.,0.));
#3909 = DIRECTION('',(0.,-0.,1.));
#3910 = DEFINITIONAL_REPRESENTATION('',(#3911),#3915);
#3911 = CIRCLE('',#3912,14.);
#3912 = AXIS2_PLACEMENT_2D('',#3913,#3914);
#3913 = CARTESIAN_POINT('',(0.,0.));
#3914 = DIRECTION('',(1.,0.));
#3915 = ( GEOMETRIC_REPRESENTATION_CONTEXT(2) 
PARAMETRIC_REPRESENTATION_CONTEXT() REPRESENTATION_CONTEXT('2D SPACE',''
  ) );
#3916 = ADVANCED_FACE('',(#3917),#2622,.T.);
#3917 = FACE_BOUND('',#3918,.T.);
#3918 = EDGE_LOOP('',(#3919,#3942,#3943,#3944));
#3919 = ORIENTED_EDGE('',*,*,#3920,.T.);
#3920 = EDGE_CURVE('',#3921,#2584,#3923,.T.);
#3921 = VERTEX_POINT('',#3922);
#3922 = CARTESIAN_POINT('',(180.,-6.,77.5));
#3923 = SEAM_CURVE('',#3924,(#3928,#3935),.PCURVE_S1.);
#3924 = LINE('',#3925,#3926);
#3925 = CARTESIAN_POINT('',(180.,-6.,77.5));
#3926 = VECTOR('',#3927,1.);
#3927 = DIRECTION('',(0.,1.,0.));
#3928 = PCURVE('',#2622,#3929);
#3929 = DEFINITIONAL_REPRESENTATION('',(#3930),#3934);
#3930 = LINE('',#3931,#3932);
#3931 = CARTESIAN_POINT('',(6.28318530718,-0.));
#3932 = VECTOR('',#3933,1.);
#3933 = DIRECTION('',(0.,1.));
#3934 = ( GEOMETRIC_REPRESENTATION_CONTEXT(2) 
PARAMETRIC_REPRESENTATION_CONTEXT() REPRESENTATION_CONTEXT('2D SPACE',''
  ) );
#3935 = PCURVE('',#2622,#3936);
#3936 = DEFINITIONAL_REPRESENTATION('',(#3937),#3941);
#3937 = LINE('',#3938,#3939);
#3938 = CARTESIAN_POINT('',(0.,-0.));
#3939 = VECTOR('',#3940,1.);
#3940 = DIRECTION('',(0.,1.));
#3941 = ( GEOMETRIC_REPRESENTATION_CONTEXT(2) 
PARAMETRIC_REPRESENTATION_CONTEXT() REPRESENTATION_CONTEXT('2D SPACE',''
  ) );
#3942 = ORIENTED_EDGE('',*,*,#2607,.F.);
#3943 = ORIENTED_EDGE('',*,*,#3920,.F.);
#3944 = ORIENTED_EDGE('',*,*,#3945,.T.);
#3945 = EDGE_CURVE('',#3921,#3921,#3946,.T.);
#3946 = SURFACE_CURVE('',#3947,(#3952,#3959),.PCURVE_S1.);
#3947 = CIRCLE('',#3948,14.);
#3948 = AXIS2_PLACEMENT_3D('',#3949,#3950,#3951);
#3949 = CARTESIAN_POINT('',(180.,-6.,63.5));
#3950 = DIRECTION('',(0.,1.,0.));
#3951 = DIRECTION('',(0.,-0.,1.));
#3952 = PCURVE('',#2622,#3953);
#3953 = DEFINITIONAL_REPRESENTATION('',(#3954),#3958);
#3954 = LINE('',#3955,#3956);
#3955 = CARTESIAN_POINT('',(0.,0.));
#3956 = VECTOR('',#3957,1.);
#3957 = DIRECTION('',(1.,0.));
#3958 = ( GEOMETRIC_REPRESENTATION_CONTEXT(2) 
PARAMETRIC_REPRESENTATION_CONTEXT() REPRESENTATION_CONTEXT('2D SPACE',''
  ) );
#3959 = PCURVE('',#3960,#3965);
#3960 = PLANE('',#3961);
#3961 = AXIS2_PLACEMENT_3D('',#3962,#3963,#3964);
#3962 = CARTESIAN_POINT('',(180.,-6.,63.5));
#3963 = DIRECTION('',(0.,1.,0.));
#3964 = DIRECTION('',(0.,-0.,1.));
#3965 = DEFINITIONAL_REPRESENTATION('',(#3966),#3970);
#3966 = CIRCLE('',#3967,14.);
#3967 = AXIS2_PLACEMENT_2D('',#3968,#3969);
#3968 = CARTESIAN_POINT('',(0.,0.));
#3969 = DIRECTION('',(1.,0.));
#3970 = ( GEOMETRIC_REPRESENTATION_CONTEXT(2) 
PARAMETRIC_REPRESENTATION_CONTEXT() REPRESENTATION_CONTEXT('2D SPACE',''
  ) );
#3971 = ADVANCED_FACE('',(#3972),#2654,.F.);
#3972 = FACE_BOUND('',#3973,.F.);
#3973 = EDGE_LOOP('',(#3974));
#3974 = ORIENTED_EDGE('',*,*,#2637,.T.);
#3975 = ADVANCED_FACE('',(#3976,#4219,#4348,#4477,#4606,#4735,#4864,
    #4993,#5122,#5251),#2739,.F.);
#3976 = FACE_BOUND('',#3977,.F.);
#3977 = EDGE_LOOP('',(#3978,#4001,#4002,#4003,#4026,#4049,#4072,#4095,
    #4118,#4141,#4164,#4187,#4208,#4209,#4210,#4211,#4212,#4213,#4214,
    #4215,#4216,#4217,#4218));
#3978 = ORIENTED_EDGE('',*,*,#3979,.F.);
#3979 = EDGE_CURVE('',#2858,#3980,#3982,.T.);
#3980 = VERTEX_POINT('',#3981);
#3981 = CARTESIAN_POINT('',(-180.,26.,29.4));
#3982 = SEAM_CURVE('',#3983,(#3987,#3994),.PCURVE_S1.);
#3983 = LINE('',#3984,#3985);
#3984 = CARTESIAN_POINT('',(-225.,26.,29.4));
#3985 = VECTOR('',#3986,1.);
#3986 = DIRECTION('',(1.,0.,0.));
#3987 = PCURVE('',#2739,#3988);
#3988 = DEFINITIONAL_REPRESENTATION('',(#3989),#3993);
#3989 = LINE('',#3990,#3991);
#3990 = CARTESIAN_POINT('',(0.,-0.));
#3991 = VECTOR('',#3992,1.);
#3992 = DIRECTION('',(0.,1.));
#3993 = ( GEOMETRIC_REPRESENTATION_CONTEXT(2) 
PARAMETRIC_REPRESENTATION_CONTEXT() REPRESENTATION_CONTEXT('2D SPACE',''
  ) );
#3994 = PCURVE('',#2739,#3995);
#3995 = DEFINITIONAL_REPRESENTATION('',(#3996),#4000);
#3996 = LINE('',#3997,#3998);
#3997 = CARTESIAN_POINT('',(6.28318530718,-0.));
#3998 = VECTOR('',#3999,1.);
#3999 = DIRECTION('',(0.,1.));
#4000 = ( GEOMETRIC_REPRESENTATION_CONTEXT(2) 
PARAMETRIC_REPRESENTATION_CONTEXT() REPRESENTATION_CONTEXT('2D SPACE',''
  ) );
#4001 = ORIENTED_EDGE('',*,*,#2857,.T.);
#4002 = ORIENTED_EDGE('',*,*,#3979,.T.);
#4003 = ORIENTED_EDGE('',*,*,#4004,.T.);
#4004 = EDGE_CURVE('',#3980,#4005,#4007,.T.);
#4005 = VERTEX_POINT('',#4006);
#4006 = CARTESIAN_POINT('',(-135.,26.,29.4));
#4007 = SEAM_CURVE('',#4008,(#4012,#4019),.PCURVE_S1.);
#4008 = LINE('',#4009,#4010);
#4009 = CARTESIAN_POINT('',(-225.,26.,29.4));
#4010 = VECTOR('',#4011,1.);
#4011 = DIRECTION('',(1.,0.,0.));
#4012 = PCURVE('',#2739,#4013);
#4013 = DEFINITIONAL_REPRESENTATION('',(#4014),#4018);
#4014 = LINE('',#4015,#4016);
#4015 = CARTESIAN_POINT('',(0.,-0.));
#4016 = VECTOR('',#4017,1.);
#4017 = DIRECTION('',(0.,1.));
#4018 = ( GEOMETRIC_REPRESENTATION_CONTEXT(2) 
PARAMETRIC_REPRESENTATION_CONTEXT() REPRESENTATION_CONTEXT('2D SPACE',''
  ) );
#4019 = PCURVE('',#2739,#4020);
#4020 = DEFINITIONAL_REPRESENTATION('',(#4021),#4025);
#4021 = LINE('',#4022,#4023);
#4022 = CARTESIAN_POINT('',(6.28318530718,-0.));
#4023 = VECTOR('',#4024,1.);
#4024 = DIRECTION('',(0.,1.));
#4025 = ( GEOMETRIC_REPRESENTATION_CONTEXT(2) 
PARAMETRIC_REPRESENTATION_CONTEXT() REPRESENTATION_CONTEXT('2D SPACE',''
  ) );
#4026 = ORIENTED_EDGE('',*,*,#4027,.T.);
#4027 = EDGE_CURVE('',#4005,#4028,#4030,.T.);
#4028 = VERTEX_POINT('',#4029);
#4029 = CARTESIAN_POINT('',(-90.,26.,29.4));
#4030 = SEAM_CURVE('',#4031,(#4035,#4042),.PCURVE_S1.);
#4031 = LINE('',#4032,#4033);
#4032 = CARTESIAN_POINT('',(-225.,26.,29.4));
#4033 = VECTOR('',#4034,1.);
#4034 = DIRECTION('',(1.,0.,0.));
#4035 = PCURVE('',#2739,#4036);
#4036 = DEFINITIONAL_REPRESENTATION('',(#4037),#4041);
#4037 = LINE('',#4038,#4039);
#4038 = CARTESIAN_POINT('',(0.,-0.));
#4039 = VECTOR('',#4040,1.);
#4040 = DIRECTION('',(0.,1.));
#4041 = ( GEOMETRIC_REPRESENTATION_CONTEXT(2) 
PARAMETRIC_REPRESENTATION_CONTEXT() REPRESENTATION_CONTEXT('2D SPACE',''
  ) );
#4042 = PCURVE('',#2739,#4043);
#4043 = DEFINITIONAL_REPRESENTATION('',(#4044),#4048);
#4044 = LINE('',#4045,#4046);
#4045 = CARTESIAN_POINT('',(6.28318530718,-0.));
#4046 = VECTOR('',#4047,1.);
#4047 = DIRECTION('',(0.,1.));
#4048 = ( GEOMETRIC_REPRESENTATION_CONTEXT(2) 
PARAMETRIC_REPRESENTATION_CONTEXT() REPRESENTATION_CONTEXT('2D SPACE',''
  ) );
#4049 = ORIENTED_EDGE('',*,*,#4050,.T.);
#4050 = EDGE_CURVE('',#4028,#4051,#4053,.T.);
#4051 = VERTEX_POINT('',#4052);
#4052 = CARTESIAN_POINT('',(-45.,26.,29.4));
#4053 = SEAM_CURVE('',#4054,(#4058,#4065),.PCURVE_S1.);
#4054 = LINE('',#4055,#4056);
#4055 = CARTESIAN_POINT('',(-225.,26.,29.4));
#4056 = VECTOR('',#4057,1.);
#4057 = DIRECTION('',(1.,0.,0.));
#4058 = PCURVE('',#2739,#4059);
#4059 = DEFINITIONAL_REPRESENTATION('',(#4060),#4064);
#4060 = LINE('',#4061,#4062);
#4061 = CARTESIAN_POINT('',(0.,-0.));
#4062 = VECTOR('',#4063,1.);
#4063 = DIRECTION('',(0.,1.));
#4064 = ( GEOMETRIC_REPRESENTATION_CONTEXT(2) 
PARAMETRIC_REPRESENTATION_CONTEXT() REPRESENTATION_CONTEXT('2D SPACE',''
  ) );
#4065 = PCURVE('',#2739,#4066);
#4066 = DEFINITIONAL_REPRESENTATION('',(#4067),#4071);
#4067 = LINE('',#4068,#4069);
#4068 = CARTESIAN_POINT('',(6.28318530718,-0.));
#4069 = VECTOR('',#4070,1.);
#4070 = DIRECTION('',(0.,1.));
#4071 = ( GEOMETRIC_REPRESENTATION_CONTEXT(2) 
PARAMETRIC_REPRESENTATION_CONTEXT() REPRESENTATION_CONTEXT('2D SPACE',''
  ) );
#4072 = ORIENTED_EDGE('',*,*,#4073,.T.);
#4073 = EDGE_CURVE('',#4051,#4074,#4076,.T.);
#4074 = VERTEX_POINT('',#4075);
#4075 = CARTESIAN_POINT('',(-1.445083222994E-15,26.,29.4));
#4076 = SEAM_CURVE('',#4077,(#4081,#4088),.PCURVE_S1.);
#4077 = LINE('',#4078,#4079);
#4078 = CARTESIAN_POINT('',(-225.,26.,29.4));
#4079 = VECTOR('',#4080,1.);
#4080 = DIRECTION('',(1.,0.,0.));
#4081 = PCURVE('',#2739,#4082);
#4082 = DEFINITIONAL_REPRESENTATION('',(#4083),#4087);
#4083 = LINE('',#4084,#4085);
#4084 = CARTESIAN_POINT('',(0.,-0.));
#4085 = VECTOR('',#4086,1.);
#4086 = DIRECTION('',(0.,1.));
#4087 = ( GEOMETRIC_REPRESENTATION_CONTEXT(2) 
PARAMETRIC_REPRESENTATION_CONTEXT() REPRESENTATION_CONTEXT('2D SPACE',''
  ) );
#4088 = PCURVE('',#2739,#4089);
#4089 = DEFINITIONAL_REPRESENTATION('',(#4090),#4094);
#4090 = LINE('',#4091,#4092);
#4091 = CARTESIAN_POINT('',(6.28318530718,-0.));
#4092 = VECTOR('',#4093,1.);
#4093 = DIRECTION('',(0.,1.));
#4094 = ( GEOMETRIC_REPRESENTATION_CONTEXT(2) 
PARAMETRIC_REPRESENTATION_CONTEXT() REPRESENTATION_CONTEXT('2D SPACE',''
  ) );
#4095 = ORIENTED_EDGE('',*,*,#4096,.T.);
#4096 = EDGE_CURVE('',#4074,#4097,#4099,.T.);
#4097 = VERTEX_POINT('',#4098);
#4098 = CARTESIAN_POINT('',(45.,26.,29.4));
#4099 = SEAM_CURVE('',#4100,(#4104,#4111),.PCURVE_S1.);
#4100 = LINE('',#4101,#4102);
#4101 = CARTESIAN_POINT('',(-225.,26.,29.4));
#4102 = VECTOR('',#4103,1.);
#4103 = DIRECTION('',(1.,0.,0.));
#4104 = PCURVE('',#2739,#4105);
#4105 = DEFINITIONAL_REPRESENTATION('',(#4106),#4110);
#4106 = LINE('',#4107,#4108);
#4107 = CARTESIAN_POINT('',(0.,-0.));
#4108 = VECTOR('',#4109,1.);
#4109 = DIRECTION('',(0.,1.));
#4110 = ( GEOMETRIC_REPRESENTATION_CONTEXT(2) 
PARAMETRIC_REPRESENTATION_CONTEXT() REPRESENTATION_CONTEXT('2D SPACE',''
  ) );
#4111 = PCURVE('',#2739,#4112);
#4112 = DEFINITIONAL_REPRESENTATION('',(#4113),#4117);
#4113 = LINE('',#4114,#4115);
#4114 = CARTESIAN_POINT('',(6.28318530718,-0.));
#4115 = VECTOR('',#4116,1.);
#4116 = DIRECTION('',(0.,1.));
#4117 = ( GEOMETRIC_REPRESENTATION_CONTEXT(2) 
PARAMETRIC_REPRESENTATION_CONTEXT() REPRESENTATION_CONTEXT('2D SPACE',''
  ) );
#4118 = ORIENTED_EDGE('',*,*,#4119,.T.);
#4119 = EDGE_CURVE('',#4097,#4120,#4122,.T.);
#4120 = VERTEX_POINT('',#4121);
#4121 = CARTESIAN_POINT('',(90.,26.,29.4));
#4122 = SEAM_CURVE('',#4123,(#4127,#4134),.PCURVE_S1.);
#4123 = LINE('',#4124,#4125);
#4124 = CARTESIAN_POINT('',(-225.,26.,29.4));
#4125 = VECTOR('',#4126,1.);
#4126 = DIRECTION('',(1.,0.,0.));
#4127 = PCURVE('',#2739,#4128);
#4128 = DEFINITIONAL_REPRESENTATION('',(#4129),#4133);
#4129 = LINE('',#4130,#4131);
#4130 = CARTESIAN_POINT('',(0.,-0.));
#4131 = VECTOR('',#4132,1.);
#4132 = DIRECTION('',(0.,1.));
#4133 = ( GEOMETRIC_REPRESENTATION_CONTEXT(2) 
PARAMETRIC_REPRESENTATION_CONTEXT() REPRESENTATION_CONTEXT('2D SPACE',''
  ) );
#4134 = PCURVE('',#2739,#4135);
#4135 = DEFINITIONAL_REPRESENTATION('',(#4136),#4140);
#4136 = LINE('',#4137,#4138);
#4137 = CARTESIAN_POINT('',(6.28318530718,-0.));
#4138 = VECTOR('',#4139,1.);
#4139 = DIRECTION('',(0.,1.));
#4140 = ( GEOMETRIC_REPRESENTATION_CONTEXT(2) 
PARAMETRIC_REPRESENTATION_CONTEXT() REPRESENTATION_CONTEXT('2D SPACE',''
  ) );
#4141 = ORIENTED_EDGE('',*,*,#4142,.T.);
#4142 = EDGE_CURVE('',#4120,#4143,#4145,.T.);
#4143 = VERTEX_POINT('',#4144);
#4144 = CARTESIAN_POINT('',(135.,26.,29.4));
#4145 = SEAM_CURVE('',#4146,(#4150,#4157),.PCURVE_S1.);
#4146 = LINE('',#4147,#4148);
#4147 = CARTESIAN_POINT('',(-225.,26.,29.4));
#4148 = VECTOR('',#4149,1.);
#4149 = DIRECTION('',(1.,0.,0.));
#4150 = PCURVE('',#2739,#4151);
#4151 = DEFINITIONAL_REPRESENTATION('',(#4152),#4156);
#4152 = LINE('',#4153,#4154);
#4153 = CARTESIAN_POINT('',(0.,-0.));
#4154 = VECTOR('',#4155,1.);
#4155 = DIRECTION('',(0.,1.));
#4156 = ( GEOMETRIC_REPRESENTATION_CONTEXT(2) 
PARAMETRIC_REPRESENTATION_CONTEXT() REPRESENTATION_CONTEXT('2D SPACE',''
  ) );
#4157 = PCURVE('',#2739,#4158);
#4158 = DEFINITIONAL_REPRESENTATION('',(#4159),#4163);
#4159 = LINE('',#4160,#4161);
#4160 = CARTESIAN_POINT('',(6.28318530718,-0.));
#4161 = VECTOR('',#4162,1.);
#4162 = DIRECTION('',(0.,1.));
#4163 = ( GEOMETRIC_REPRESENTATION_CONTEXT(2) 
PARAMETRIC_REPRESENTATION_CONTEXT() REPRESENTATION_CONTEXT('2D SPACE',''
  ) );
#4164 = ORIENTED_EDGE('',*,*,#4165,.T.);
#4165 = EDGE_CURVE('',#4143,#4166,#4168,.T.);
#4166 = VERTEX_POINT('',#4167);
#4167 = CARTESIAN_POINT('',(180.,26.,29.4));
#4168 = SEAM_CURVE('',#4169,(#4173,#4180),.PCURVE_S1.);
#4169 = LINE('',#4170,#4171);
#4170 = CARTESIAN_POINT('',(-225.,26.,29.4));
#4171 = VECTOR('',#4172,1.);
#4172 = DIRECTION('',(1.,0.,0.));
#4173 = PCURVE('',#2739,#4174);
#4174 = DEFINITIONAL_REPRESENTATION('',(#4175),#4179);
#4175 = LINE('',#4176,#4177);
#4176 = CARTESIAN_POINT('',(0.,-0.));
#4177 = VECTOR('',#4178,1.);
#4178 = DIRECTION('',(0.,1.));
#4179 = ( GEOMETRIC_REPRESENTATION_CONTEXT(2) 
PARAMETRIC_REPRESENTATION_CONTEXT() REPRESENTATION_CONTEXT('2D SPACE',''
  ) );
#4180 = PCURVE('',#2739,#4181);
#4181 = DEFINITIONAL_REPRESENTATION('',(#4182),#4186);
#4182 = LINE('',#4183,#4184);
#4183 = CARTESIAN_POINT('',(6.28318530718,-0.));
#4184 = VECTOR('',#4185,1.);
#4185 = DIRECTION('',(0.,1.));
#4186 = ( GEOMETRIC_REPRESENTATION_CONTEXT(2) 
PARAMETRIC_REPRESENTATION_CONTEXT() REPRESENTATION_CONTEXT('2D SPACE',''
  ) );
#4187 = ORIENTED_EDGE('',*,*,#4188,.T.);
#4188 = EDGE_CURVE('',#4166,#2723,#4189,.T.);
#4189 = SEAM_CURVE('',#4190,(#4194,#4201),.PCURVE_S1.);
#4190 = LINE('',#4191,#4192);
#4191 = CARTESIAN_POINT('',(-225.,26.,29.4));
#4192 = VECTOR('',#4193,1.);
#4193 = DIRECTION('',(1.,0.,0.));
#4194 = PCURVE('',#2739,#4195);
#4195 = DEFINITIONAL_REPRESENTATION('',(#4196),#4200);
#4196 = LINE('',#4197,#4198);
#4197 = CARTESIAN_POINT('',(0.,-0.));
#4198 = VECTOR('',#4199,1.);
#4199 = DIRECTION('',(0.,1.));
#4200 = ( GEOMETRIC_REPRESENTATION_CONTEXT(2) 
PARAMETRIC_REPRESENTATION_CONTEXT() REPRESENTATION_CONTEXT('2D SPACE',''
  ) );
#4201 = PCURVE('',#2739,#4202);
#4202 = DEFINITIONAL_REPRESENTATION('',(#4203),#4207);
#4203 = LINE('',#4204,#4205);
#4204 = CARTESIAN_POINT('',(6.28318530718,-0.));
#4205 = VECTOR('',#4206,1.);
#4206 = DIRECTION('',(0.,1.));
#4207 = ( GEOMETRIC_REPRESENTATION_CONTEXT(2) 
PARAMETRIC_REPRESENTATION_CONTEXT() REPRESENTATION_CONTEXT('2D SPACE',''
  ) );
#4208 = ORIENTED_EDGE('',*,*,#2722,.T.);
#4209 = ORIENTED_EDGE('',*,*,#2751,.T.);
#4210 = ORIENTED_EDGE('',*,*,#4188,.F.);
#4211 = ORIENTED_EDGE('',*,*,#4165,.F.);
#4212 = ORIENTED_EDGE('',*,*,#4142,.F.);
#4213 = ORIENTED_EDGE('',*,*,#4119,.F.);
#4214 = ORIENTED_EDGE('',*,*,#4096,.F.);
#4215 = ORIENTED_EDGE('',*,*,#4073,.F.);
#4216 = ORIENTED_EDGE('',*,*,#4050,.F.);
#4217 = ORIENTED_EDGE('',*,*,#4027,.F.);
#4218 = ORIENTED_EDGE('',*,*,#4004,.F.);
#4219 = FACE_BOUND('',#4220,.F.);
#4220 = EDGE_LOOP('',(#4221,#4278,#4314));
#4221 = ORIENTED_EDGE('',*,*,#4222,.F.);
#4222 = EDGE_CURVE('',#4223,#4225,#4227,.T.);
#4223 = VERTEX_POINT('',#4224);
#4224 = CARTESIAN_POINT('',(-180.,26.,29.4));
#4225 = VERTEX_POINT('',#4226);
#4226 = CARTESIAN_POINT('',(-179.9999997615,26.,17.6));
#4227 = SURFACE_CURVE('',#4228,(#4233,#4253),.PCURVE_S1.);
#4228 = ELLIPSE('',#4229,8.343860018001,5.9);
#4229 = AXIS2_PLACEMENT_3D('',#4230,#4231,#4232);
#4230 = CARTESIAN_POINT('',(-180.,26.,23.5));
#4231 = DIRECTION('',(0.707106781187,-0.707106781187,0.));
#4232 = DIRECTION('',(0.707106781187,0.707106781187,0.));
#4233 = PCURVE('',#2739,#4234);
#4234 = DEFINITIONAL_REPRESENTATION('',(#4235),#4252);
#4235 = B_SPLINE_CURVE_WITH_KNOTS('',8,(#4236,#4237,#4238,#4239,#4240,
    #4241,#4242,#4243,#4244,#4245,#4246,#4247,#4248,#4249,#4250,#4251),
  .UNSPECIFIED.,.F.,.F.,(9,7,9),(1.570796255742,3.141592633385,
    4.712389011027),.UNSPECIFIED.);
#4236 = CARTESIAN_POINT('',(-7.1052421724E-08,45.000000419209));
#4237 = CARTESIAN_POINT('',(0.196349476153,43.841538090698));
#4238 = CARTESIAN_POINT('',(0.392699023358,42.683075468582));
#4239 = CARTESIAN_POINT('',(0.589048570562,41.592672016904));
#4240 = CARTESIAN_POINT('',(0.785398117769,40.638373557601));
#4241 = CARTESIAN_POINT('',(0.981747664972,39.879873646136));
#4242 = CARTESIAN_POINT('',(1.178097212179,39.35995864189));
#4243 = CARTESIAN_POINT('',(1.374446759385,39.100000023407));
#4244 = CARTESIAN_POINT('',(1.767145853795,39.099999976593));
#4245 = CARTESIAN_POINT('',(1.963495400999,39.359958548344));
#4246 = CARTESIAN_POINT('',(2.15984494821,39.87987350813));
#4247 = CARTESIAN_POINT('',(2.356194495404,40.638373381581));
#4248 = CARTESIAN_POINT('',(2.552544042622,41.592671809732));
#4249 = CARTESIAN_POINT('',(2.748893589819,42.683075240747));
#4250 = CARTESIAN_POINT('',(2.945243137027,43.841537852279));
#4251 = CARTESIAN_POINT('',(3.141592684232,45.000000180791));
#4252 = ( GEOMETRIC_REPRESENTATION_CONTEXT(2) 
PARAMETRIC_REPRESENTATION_CONTEXT() REPRESENTATION_CONTEXT('2D SPACE',''
  ) );
#4253 = PCURVE('',#4254,#4259);
#4254 = CYLINDRICAL_SURFACE('',#4255,5.9);
#4255 = AXIS2_PLACEMENT_3D('',#4256,#4257,#4258);
#4256 = CARTESIAN_POINT('',(-180.,-6.,23.5));
#4257 = DIRECTION('',(0.,1.,0.));
#4258 = DIRECTION('',(0.,-0.,1.));
#4259 = DEFINITIONAL_REPRESENTATION('',(#4260),#4277);
#4260 = B_SPLINE_CURVE_WITH_KNOTS('',8,(#4261,#4262,#4263,#4264,#4265,
    #4266,#4267,#4268,#4269,#4270,#4271,#4272,#4273,#4274,#4275,#4276),
  .UNSPECIFIED.,.F.,.F.,(9,7,9),(1.570796255742,3.141592633385,
    4.712389011027),.UNSPECIFIED.);
#4261 = CARTESIAN_POINT('',(6.283185378232,32.000000419209));
#4262 = CARTESIAN_POINT('',(6.086835831027,30.841538090698));
#4263 = CARTESIAN_POINT('',(5.890486283821,29.683075468614));
#4264 = CARTESIAN_POINT('',(5.694136736617,28.592672016822));
#4265 = CARTESIAN_POINT('',(5.497787189412,27.638373557751));
#4266 = CARTESIAN_POINT('',(5.301437642207,26.879873645972));
#4267 = CARTESIAN_POINT('',(5.105088095,26.359958641925));
#4268 = CARTESIAN_POINT('',(4.908738547795,26.100000023407));
#4269 = CARTESIAN_POINT('',(4.516039453384,26.099999976593));
#4270 = CARTESIAN_POINT('',(4.319689906177,26.359958548316));
#4271 = CARTESIAN_POINT('',(4.123340358985,26.879873508247));
#4272 = CARTESIAN_POINT('',(3.926990811757,27.63837338161));
#4273 = CARTESIAN_POINT('',(3.730641264574,28.592671809821));
#4274 = CARTESIAN_POINT('',(3.534291717356,29.683075240739));
#4275 = CARTESIAN_POINT('',(3.337942170153,30.841537852279));
#4276 = CARTESIAN_POINT('',(3.141592622947,32.000000180791));
#4277 = ( GEOMETRIC_REPRESENTATION_CONTEXT(2) 
PARAMETRIC_REPRESENTATION_CONTEXT() REPRESENTATION_CONTEXT('2D SPACE',''
  ) );
#4278 = ORIENTED_EDGE('',*,*,#4279,.T.);
#4279 = EDGE_CURVE('',#4223,#4280,#4282,.T.);
#4280 = VERTEX_POINT('',#4281);
#4281 = CARTESIAN_POINT('',(-174.1,20.1,23.5));
#4282 = SURFACE_CURVE('',#4283,(#4288,#4301),.PCURVE_S1.);
#4283 = ELLIPSE('',#4284,8.343860018001,5.9);
#4284 = AXIS2_PLACEMENT_3D('',#4285,#4286,#4287);
#4285 = CARTESIAN_POINT('',(-180.,26.,23.5));
#4286 = DIRECTION('',(0.707106781187,0.707106781187,0.));
#4287 = DIRECTION('',(0.707106781187,-0.707106781187,0.));
#4288 = PCURVE('',#2739,#4289);
#4289 = DEFINITIONAL_REPRESENTATION('',(#4290),#4300);
#4290 = B_SPLINE_CURVE_WITH_KNOTS('',8,(#4291,#4292,#4293,#4294,#4295,
    #4296,#4297,#4298,#4299),.UNSPECIFIED.,.F.,.F.,(9,9),(4.712388909332
    ,6.28318530718),.PIECEWISE_BEZIER_KNOTS.);
#4291 = CARTESIAN_POINT('',(-7.1052421724E-08,44.999999580791));
#4292 = CARTESIAN_POINT('',(0.196349478678,46.158461924203));
#4293 = CARTESIAN_POINT('',(0.392699028409,47.316924561166));
#4294 = CARTESIAN_POINT('',(0.589048578139,48.407328025053));
#4295 = CARTESIAN_POINT('',(0.78539812787,49.361626491358));
#4296 = CARTESIAN_POINT('',(0.9817476776,50.120126402557));
#4297 = CARTESIAN_POINT('',(1.178097227333,50.640041398189));
#4298 = CARTESIAN_POINT('',(1.374446777064,50.9));
#4299 = CARTESIAN_POINT('',(1.570796326795,50.9));
#4300 = ( GEOMETRIC_REPRESENTATION_CONTEXT(2) 
PARAMETRIC_REPRESENTATION_CONTEXT() REPRESENTATION_CONTEXT('2D SPACE',''
  ) );
#4301 = PCURVE('',#4254,#4302);
#4302 = DEFINITIONAL_REPRESENTATION('',(#4303),#4313);
#4303 = B_SPLINE_CURVE_WITH_KNOTS('',8,(#4304,#4305,#4306,#4307,#4308,
    #4309,#4310,#4311,#4312),.UNSPECIFIED.,.F.,.F.,(9,9),(4.712388909332
    ,6.28318530718),.PIECEWISE_BEZIER_KNOTS.);
#4304 = CARTESIAN_POINT('',(-7.105242350036E-08,32.000000419209));
#4305 = CARTESIAN_POINT('',(0.196349478678,30.841538075797));
#4306 = CARTESIAN_POINT('',(0.392699028409,29.683075438851));
#4307 = CARTESIAN_POINT('',(0.589048578141,28.59267197467));
#4308 = CARTESIAN_POINT('',(0.785398127867,27.638373508712));
#4309 = CARTESIAN_POINT('',(0.981747677602,26.879873597141));
#4310 = CARTESIAN_POINT('',(1.178097227332,26.359958601826));
#4311 = CARTESIAN_POINT('',(1.374446777064,26.1));
#4312 = CARTESIAN_POINT('',(1.570796326795,26.1));
#4313 = ( GEOMETRIC_REPRESENTATION_CONTEXT(2) 
PARAMETRIC_REPRESENTATION_CONTEXT() REPRESENTATION_CONTEXT('2D SPACE',''
  ) );
#4314 = ORIENTED_EDGE('',*,*,#4315,.T.);
#4315 = EDGE_CURVE('',#4280,#4225,#4316,.T.);
#4316 = SURFACE_CURVE('',#4317,(#4322,#4335),.PCURVE_S1.);
#4317 = ELLIPSE('',#4318,8.343860018001,5.9);
#4318 = AXIS2_PLACEMENT_3D('',#4319,#4320,#4321);
#4319 = CARTESIAN_POINT('',(-180.,26.,23.5));
#4320 = DIRECTION('',(0.707106781187,0.707106781187,0.));
#4321 = DIRECTION('',(0.707106781187,-0.707106781187,0.));
#4322 = PCURVE('',#2739,#4323);
#4323 = DEFINITIONAL_REPRESENTATION('',(#4324),#4334);
#4324 = B_SPLINE_CURVE_WITH_KNOTS('',8,(#4325,#4326,#4327,#4328,#4329,
    #4330,#4331,#4332,#4333),.UNSPECIFIED.,.F.,.F.,(9,9),(0.,
    1.570796397847),.PIECEWISE_BEZIER_KNOTS.);
#4325 = CARTESIAN_POINT('',(1.570796326795,50.9));
#4326 = CARTESIAN_POINT('',(1.767145876526,50.9));
#4327 = CARTESIAN_POINT('',(1.963495426256,50.640041398111));
#4328 = CARTESIAN_POINT('',(2.159844975984,50.120126402975));
#4329 = CARTESIAN_POINT('',(2.356194525716,49.361626490845));
#4330 = CARTESIAN_POINT('',(2.552544075447,48.407328025472));
#4331 = CARTESIAN_POINT('',(2.74889362518,47.316924561073));
#4332 = CARTESIAN_POINT('',(2.945243174911,46.158461924203));
#4333 = CARTESIAN_POINT('',(3.141592724642,44.999999580791));
#4334 = ( GEOMETRIC_REPRESENTATION_CONTEXT(2) 
PARAMETRIC_REPRESENTATION_CONTEXT() REPRESENTATION_CONTEXT('2D SPACE',''
  ) );
#4335 = PCURVE('',#4254,#4336);
#4336 = DEFINITIONAL_REPRESENTATION('',(#4337),#4347);
#4337 = B_SPLINE_CURVE_WITH_KNOTS('',8,(#4338,#4339,#4340,#4341,#4342,
    #4343,#4344,#4345,#4346),.UNSPECIFIED.,.F.,.F.,(9,9),(0.,
    1.570796397847),.PIECEWISE_BEZIER_KNOTS.);
#4338 = CARTESIAN_POINT('',(1.570796326795,26.1));
#4339 = CARTESIAN_POINT('',(1.767145876526,26.1));
#4340 = CARTESIAN_POINT('',(1.963495426254,26.359958601837));
#4341 = CARTESIAN_POINT('',(2.159844975991,26.879873597122));
#4342 = CARTESIAN_POINT('',(2.356194525707,27.638373508855));
#4343 = CARTESIAN_POINT('',(2.552544075454,28.592671974625));
#4344 = CARTESIAN_POINT('',(2.748893625177,29.683075438861));
#4345 = CARTESIAN_POINT('',(2.945243174911,30.841538075797));
#4346 = CARTESIAN_POINT('',(3.141592724642,32.000000419209));
#4347 = ( GEOMETRIC_REPRESENTATION_CONTEXT(2) 
PARAMETRIC_REPRESENTATION_CONTEXT() REPRESENTATION_CONTEXT('2D SPACE',''
  ) );
#4348 = FACE_BOUND('',#4349,.F.);
#4349 = EDGE_LOOP('',(#4350,#4407,#4443));
#4350 = ORIENTED_EDGE('',*,*,#4351,.F.);
#4351 = EDGE_CURVE('',#4352,#4354,#4356,.T.);
#4352 = VERTEX_POINT('',#4353);
#4353 = CARTESIAN_POINT('',(-135.,26.,29.4));
#4354 = VERTEX_POINT('',#4355);
#4355 = CARTESIAN_POINT('',(-134.9999997615,26.,17.6));
#4356 = SURFACE_CURVE('',#4357,(#4362,#4382),.PCURVE_S1.);
#4357 = ELLIPSE('',#4358,8.343860018001,5.9);
#4358 = AXIS2_PLACEMENT_3D('',#4359,#4360,#4361);
#4359 = CARTESIAN_POINT('',(-135.,26.,23.5));
#4360 = DIRECTION('',(0.707106781187,-0.707106781187,0.));
#4361 = DIRECTION('',(0.707106781187,0.707106781187,0.));
#4362 = PCURVE('',#2739,#4363);
#4363 = DEFINITIONAL_REPRESENTATION('',(#4364),#4381);
#4364 = B_SPLINE_CURVE_WITH_KNOTS('',8,(#4365,#4366,#4367,#4368,#4369,
    #4370,#4371,#4372,#4373,#4374,#4375,#4376,#4377,#4378,#4379,#4380),
  .UNSPECIFIED.,.F.,.F.,(9,7,9),(1.570796255742,3.141592633385,
    4.712389011027),.UNSPECIFIED.);
#4365 = CARTESIAN_POINT('',(-7.1052421724E-08,90.000000419209));
#4366 = CARTESIAN_POINT('',(0.196349476153,88.841538090698));
#4367 = CARTESIAN_POINT('',(0.392699023358,87.683075468628));
#4368 = CARTESIAN_POINT('',(0.589048570562,86.592672016701));
#4369 = CARTESIAN_POINT('',(0.785398117769,85.638373557732));
#4370 = CARTESIAN_POINT('',(0.981747664972,84.879873645807));
#4371 = CARTESIAN_POINT('',(1.178097212179,84.359958641931));
#4372 = CARTESIAN_POINT('',(1.374446759385,84.100000023407));
#4373 = CARTESIAN_POINT('',(1.767145853795,84.099999976593));
#4374 = CARTESIAN_POINT('',(1.963495400999,84.359958548256));
#4375 = CARTESIAN_POINT('',(2.15984494821,84.879873508336));
#4376 = CARTESIAN_POINT('',(2.356194495404,85.638373381379));
#4377 = CARTESIAN_POINT('',(2.552544042622,86.592671810036));
#4378 = CARTESIAN_POINT('',(2.748893589819,87.683075240664));
#4379 = CARTESIAN_POINT('',(2.945243137027,88.841537852279));
#4380 = CARTESIAN_POINT('',(3.141592684232,90.000000180791));
#4381 = ( GEOMETRIC_REPRESENTATION_CONTEXT(2) 
PARAMETRIC_REPRESENTATION_CONTEXT() REPRESENTATION_CONTEXT('2D SPACE',''
  ) );
#4382 = PCURVE('',#4383,#4388);
#4383 = CYLINDRICAL_SURFACE('',#4384,5.9);
#4384 = AXIS2_PLACEMENT_3D('',#4385,#4386,#4387);
#4385 = CARTESIAN_POINT('',(-135.,-6.,23.5));
#4386 = DIRECTION('',(0.,1.,0.));
#4387 = DIRECTION('',(0.,-0.,1.));
#4388 = DEFINITIONAL_REPRESENTATION('',(#4389),#4406);
#4389 = B_SPLINE_CURVE_WITH_KNOTS('',8,(#4390,#4391,#4392,#4393,#4394,
    #4395,#4396,#4397,#4398,#4399,#4400,#4401,#4402,#4403,#4404,#4405),
  .UNSPECIFIED.,.F.,.F.,(9,7,9),(1.570796255742,3.141592633385,
    4.712389011027),.UNSPECIFIED.);
#4390 = CARTESIAN_POINT('',(6.283185378232,32.000000419209));
#4391 = CARTESIAN_POINT('',(6.086835831027,30.841538090698));
#4392 = CARTESIAN_POINT('',(5.890486283821,29.683075468614));
#4393 = CARTESIAN_POINT('',(5.694136736617,28.592672016822));
#4394 = CARTESIAN_POINT('',(5.497787189412,27.638373557751));
#4395 = CARTESIAN_POINT('',(5.301437642207,26.879873645972));
#4396 = CARTESIAN_POINT('',(5.105088095,26.359958641925));
#4397 = CARTESIAN_POINT('',(4.908738547795,26.100000023407));
#4398 = CARTESIAN_POINT('',(4.516039453384,26.099999976593));
#4399 = CARTESIAN_POINT('',(4.319689906177,26.359958548316));
#4400 = CARTESIAN_POINT('',(4.123340358985,26.879873508247));
#4401 = CARTESIAN_POINT('',(3.926990811757,27.63837338161));
#4402 = CARTESIAN_POINT('',(3.730641264574,28.592671809821));
#4403 = CARTESIAN_POINT('',(3.534291717356,29.683075240739));
#4404 = CARTESIAN_POINT('',(3.337942170153,30.841537852279));
#4405 = CARTESIAN_POINT('',(3.141592622947,32.000000180791));
#4406 = ( GEOMETRIC_REPRESENTATION_CONTEXT(2) 
PARAMETRIC_REPRESENTATION_CONTEXT() REPRESENTATION_CONTEXT('2D SPACE',''
  ) );
#4407 = ORIENTED_EDGE('',*,*,#4408,.T.);
#4408 = EDGE_CURVE('',#4352,#4409,#4411,.T.);
#4409 = VERTEX_POINT('',#4410);
#4410 = CARTESIAN_POINT('',(-129.1,20.1,23.5));
#4411 = SURFACE_CURVE('',#4412,(#4417,#4430),.PCURVE_S1.);
#4412 = ELLIPSE('',#4413,8.343860018001,5.9);
#4413 = AXIS2_PLACEMENT_3D('',#4414,#4415,#4416);
#4414 = CARTESIAN_POINT('',(-135.,26.,23.5));
#4415 = DIRECTION('',(0.707106781187,0.707106781187,0.));
#4416 = DIRECTION('',(0.707106781187,-0.707106781187,0.));
#4417 = PCURVE('',#2739,#4418);
#4418 = DEFINITIONAL_REPRESENTATION('',(#4419),#4429);
#4419 = B_SPLINE_CURVE_WITH_KNOTS('',8,(#4420,#4421,#4422,#4423,#4424,
    #4425,#4426,#4427,#4428),.UNSPECIFIED.,.F.,.F.,(9,9),(4.712388909332
    ,6.28318530718),.PIECEWISE_BEZIER_KNOTS.);
#4420 = CARTESIAN_POINT('',(-7.1052421724E-08,89.999999580791));
#4421 = CARTESIAN_POINT('',(0.196349478678,91.158461924203));
#4422 = CARTESIAN_POINT('',(0.392699028409,92.316924561172));
#4423 = CARTESIAN_POINT('',(0.589048578139,93.407328024995));
#4424 = CARTESIAN_POINT('',(0.78539812787,94.361626491547));
#4425 = CARTESIAN_POINT('',(0.9817476776,95.12012640249));
#4426 = CARTESIAN_POINT('',(1.178097227333,95.640041398215));
#4427 = CARTESIAN_POINT('',(1.374446777064,95.9));
#4428 = CARTESIAN_POINT('',(1.570796326795,95.9));
#4429 = ( GEOMETRIC_REPRESENTATION_CONTEXT(2) 
PARAMETRIC_REPRESENTATION_CONTEXT() REPRESENTATION_CONTEXT('2D SPACE',''
  ) );
#4430 = PCURVE('',#4383,#4431);
#4431 = DEFINITIONAL_REPRESENTATION('',(#4432),#4442);
#4432 = B_SPLINE_CURVE_WITH_KNOTS('',8,(#4433,#4434,#4435,#4436,#4437,
    #4438,#4439,#4440,#4441),.UNSPECIFIED.,.F.,.F.,(9,9),(4.712388909332
    ,6.28318530718),.PIECEWISE_BEZIER_KNOTS.);
#4433 = CARTESIAN_POINT('',(-7.105242350036E-08,32.000000419209));
#4434 = CARTESIAN_POINT('',(0.196349478678,30.841538075797));
#4435 = CARTESIAN_POINT('',(0.392699028409,29.683075438851));
#4436 = CARTESIAN_POINT('',(0.589048578141,28.59267197467));
#4437 = CARTESIAN_POINT('',(0.785398127867,27.638373508712));
#4438 = CARTESIAN_POINT('',(0.981747677602,26.879873597141));
#4439 = CARTESIAN_POINT('',(1.178097227332,26.359958601826));
#4440 = CARTESIAN_POINT('',(1.374446777064,26.1));
#4441 = CARTESIAN_POINT('',(1.570796326795,26.1));
#4442 = ( GEOMETRIC_REPRESENTATION_CONTEXT(2) 
PARAMETRIC_REPRESENTATION_CONTEXT() REPRESENTATION_CONTEXT('2D SPACE',''
  ) );
#4443 = ORIENTED_EDGE('',*,*,#4444,.T.);
#4444 = EDGE_CURVE('',#4409,#4354,#4445,.T.);
#4445 = SURFACE_CURVE('',#4446,(#4451,#4464),.PCURVE_S1.);
#4446 = ELLIPSE('',#4447,8.343860018001,5.9);
#4447 = AXIS2_PLACEMENT_3D('',#4448,#4449,#4450);
#4448 = CARTESIAN_POINT('',(-135.,26.,23.5));
#4449 = DIRECTION('',(0.707106781187,0.707106781187,0.));
#4450 = DIRECTION('',(0.707106781187,-0.707106781187,0.));
#4451 = PCURVE('',#2739,#4452);
#4452 = DEFINITIONAL_REPRESENTATION('',(#4453),#4463);
#4453 = B_SPLINE_CURVE_WITH_KNOTS('',8,(#4454,#4455,#4456,#4457,#4458,
    #4459,#4460,#4461,#4462),.UNSPECIFIED.,.F.,.F.,(9,9),(0.,
    1.570796397847),.PIECEWISE_BEZIER_KNOTS.);
#4454 = CARTESIAN_POINT('',(1.570796326795,95.9));
#4455 = CARTESIAN_POINT('',(1.767145876526,95.9));
#4456 = CARTESIAN_POINT('',(1.963495426256,95.640041398186));
#4457 = CARTESIAN_POINT('',(2.159844975984,95.120126402701));
#4458 = CARTESIAN_POINT('',(2.356194525716,94.361626491284));
#4459 = CARTESIAN_POINT('',(2.552544075447,93.407328025193));
#4460 = CARTESIAN_POINT('',(2.74889362518,92.316924561143));
#4461 = CARTESIAN_POINT('',(2.945243174911,91.158461924203));
#4462 = CARTESIAN_POINT('',(3.141592724642,89.999999580791));
#4463 = ( GEOMETRIC_REPRESENTATION_CONTEXT(2) 
PARAMETRIC_REPRESENTATION_CONTEXT() REPRESENTATION_CONTEXT('2D SPACE',''
  ) );
#4464 = PCURVE('',#4383,#4465);
#4465 = DEFINITIONAL_REPRESENTATION('',(#4466),#4476);
#4466 = B_SPLINE_CURVE_WITH_KNOTS('',8,(#4467,#4468,#4469,#4470,#4471,
    #4472,#4473,#4474,#4475),.UNSPECIFIED.,.F.,.F.,(9,9),(0.,
    1.570796397847),.PIECEWISE_BEZIER_KNOTS.);
#4467 = CARTESIAN_POINT('',(1.570796326795,26.1));
#4468 = CARTESIAN_POINT('',(1.767145876526,26.1));
#4469 = CARTESIAN_POINT('',(1.963495426254,26.359958601837));
#4470 = CARTESIAN_POINT('',(2.159844975991,26.879873597122));
#4471 = CARTESIAN_POINT('',(2.356194525707,27.638373508855));
#4472 = CARTESIAN_POINT('',(2.552544075454,28.592671974625));
#4473 = CARTESIAN_POINT('',(2.748893625177,29.683075438861));
#4474 = CARTESIAN_POINT('',(2.945243174911,30.841538075797));
#4475 = CARTESIAN_POINT('',(3.141592724642,32.000000419209));
#4476 = ( GEOMETRIC_REPRESENTATION_CONTEXT(2) 
PARAMETRIC_REPRESENTATION_CONTEXT() REPRESENTATION_CONTEXT('2D SPACE',''
  ) );
#4477 = FACE_BOUND('',#4478,.F.);
#4478 = EDGE_LOOP('',(#4479,#4536,#4572));
#4479 = ORIENTED_EDGE('',*,*,#4480,.F.);
#4480 = EDGE_CURVE('',#4481,#4483,#4485,.T.);
#4481 = VERTEX_POINT('',#4482);
#4482 = CARTESIAN_POINT('',(-90.,26.,29.4));
#4483 = VERTEX_POINT('',#4484);
#4484 = CARTESIAN_POINT('',(-89.99999976158,26.,17.6));
#4485 = SURFACE_CURVE('',#4486,(#4491,#4511),.PCURVE_S1.);
#4486 = ELLIPSE('',#4487,8.343860018001,5.9);
#4487 = AXIS2_PLACEMENT_3D('',#4488,#4489,#4490);
#4488 = CARTESIAN_POINT('',(-90.,26.,23.5));
#4489 = DIRECTION('',(0.707106781187,-0.707106781187,0.));
#4490 = DIRECTION('',(0.707106781187,0.707106781187,0.));
#4491 = PCURVE('',#2739,#4492);
#4492 = DEFINITIONAL_REPRESENTATION('',(#4493),#4510);
#4493 = B_SPLINE_CURVE_WITH_KNOTS('',8,(#4494,#4495,#4496,#4497,#4498,
    #4499,#4500,#4501,#4502,#4503,#4504,#4505,#4506,#4507,#4508,#4509),
  .UNSPECIFIED.,.F.,.F.,(9,7,9),(1.570796255742,3.141592633385,
    4.712389011027),.UNSPECIFIED.);
#4494 = CARTESIAN_POINT('',(-7.1052421724E-08,135.0000004192));
#4495 = CARTESIAN_POINT('',(0.196349476153,133.84153809069));
#4496 = CARTESIAN_POINT('',(0.392699023358,132.68307546871));
#4497 = CARTESIAN_POINT('',(0.589048570562,131.59267201631));
#4498 = CARTESIAN_POINT('',(0.785398117769,130.63837355837));
#4499 = CARTESIAN_POINT('',(0.981747664972,129.87987364535));
#4500 = CARTESIAN_POINT('',(1.178097212179,129.35995864202));
#4501 = CARTESIAN_POINT('',(1.374446759385,129.1000000234));
#4502 = CARTESIAN_POINT('',(1.767145853795,129.09999997659));
#4503 = CARTESIAN_POINT('',(1.963495400999,129.35995854826));
#4504 = CARTESIAN_POINT('',(2.15984494821,129.87987350835));
#4505 = CARTESIAN_POINT('',(2.356194495404,130.63837338099));
#4506 = CARTESIAN_POINT('',(2.552544042622,131.59267181012));
#4507 = CARTESIAN_POINT('',(2.748893589819,132.68307524066));
#4508 = CARTESIAN_POINT('',(2.945243137027,133.84153785227));
#4509 = CARTESIAN_POINT('',(3.141592684232,135.00000018079));
#4510 = ( GEOMETRIC_REPRESENTATION_CONTEXT(2) 
PARAMETRIC_REPRESENTATION_CONTEXT() REPRESENTATION_CONTEXT('2D SPACE',''
  ) );
#4511 = PCURVE('',#4512,#4517);
#4512 = CYLINDRICAL_SURFACE('',#4513,5.9);
#4513 = AXIS2_PLACEMENT_3D('',#4514,#4515,#4516);
#4514 = CARTESIAN_POINT('',(-90.,-6.,23.5));
#4515 = DIRECTION('',(0.,1.,0.));
#4516 = DIRECTION('',(0.,-0.,1.));
#4517 = DEFINITIONAL_REPRESENTATION('',(#4518),#4535);
#4518 = B_SPLINE_CURVE_WITH_KNOTS('',8,(#4519,#4520,#4521,#4522,#4523,
    #4524,#4525,#4526,#4527,#4528,#4529,#4530,#4531,#4532,#4533,#4534),
  .UNSPECIFIED.,.F.,.F.,(9,7,9),(1.570796255742,3.141592633385,
    4.712389011027),.UNSPECIFIED.);
#4519 = CARTESIAN_POINT('',(6.283185378232,32.000000419209));
#4520 = CARTESIAN_POINT('',(6.086835831027,30.841538090698));
#4521 = CARTESIAN_POINT('',(5.890486283822,29.683075468614));
#4522 = CARTESIAN_POINT('',(5.694136736618,28.592672016822));
#4523 = CARTESIAN_POINT('',(5.497787189413,27.638373557751));
#4524 = CARTESIAN_POINT('',(5.301437642207,26.879873645972));
#4525 = CARTESIAN_POINT('',(5.105088095001,26.359958641925));
#4526 = CARTESIAN_POINT('',(4.908738547795,26.100000023407));
#4527 = CARTESIAN_POINT('',(4.516039453384,26.099999976593));
#4528 = CARTESIAN_POINT('',(4.319689906176,26.359958548316));
#4529 = CARTESIAN_POINT('',(4.123340358989,26.879873508247));
#4530 = CARTESIAN_POINT('',(3.926990811752,27.63837338161));
#4531 = CARTESIAN_POINT('',(3.730641264577,28.592671809821));
#4532 = CARTESIAN_POINT('',(3.534291717356,29.683075240739));
#4533 = CARTESIAN_POINT('',(3.337942170153,30.841537852279));
#4534 = CARTESIAN_POINT('',(3.141592622947,32.000000180791));
#4535 = ( GEOMETRIC_REPRESENTATION_CONTEXT(2) 
PARAMETRIC_REPRESENTATION_CONTEXT() REPRESENTATION_CONTEXT('2D SPACE',''
  ) );
#4536 = ORIENTED_EDGE('',*,*,#4537,.T.);
#4537 = EDGE_CURVE('',#4481,#4538,#4540,.T.);
#4538 = VERTEX_POINT('',#4539);
#4539 = CARTESIAN_POINT('',(-84.1,20.1,23.5));
#4540 = SURFACE_CURVE('',#4541,(#4546,#4559),.PCURVE_S1.);
#4541 = ELLIPSE('',#4542,8.343860018001,5.9);
#4542 = AXIS2_PLACEMENT_3D('',#4543,#4544,#4545);
#4543 = CARTESIAN_POINT('',(-90.,26.,23.5));
#4544 = DIRECTION('',(0.707106781187,0.707106781187,0.));
#4545 = DIRECTION('',(0.707106781187,-0.707106781187,0.));
#4546 = PCURVE('',#2739,#4547);
#4547 = DEFINITIONAL_REPRESENTATION('',(#4548),#4558);
#4548 = B_SPLINE_CURVE_WITH_KNOTS('',8,(#4549,#4550,#4551,#4552,#4553,
    #4554,#4555,#4556,#4557),.UNSPECIFIED.,.F.,.F.,(9,9),(4.712388909332
    ,6.28318530718),.PIECEWISE_BEZIER_KNOTS.);
#4549 = CARTESIAN_POINT('',(-7.1052421724E-08,134.99999958079));
#4550 = CARTESIAN_POINT('',(0.196349478678,136.1584619242));
#4551 = CARTESIAN_POINT('',(0.392699028409,137.31692456108));
#4552 = CARTESIAN_POINT('',(0.589048578139,138.40732802522));
#4553 = CARTESIAN_POINT('',(0.78539812787,139.36162649103));
#4554 = CARTESIAN_POINT('',(0.9817476776,140.12012640274));
#4555 = CARTESIAN_POINT('',(1.178097227333,140.64004139811));
#4556 = CARTESIAN_POINT('',(1.374446777064,140.9));
#4557 = CARTESIAN_POINT('',(1.570796326795,140.9));
#4558 = ( GEOMETRIC_REPRESENTATION_CONTEXT(2) 
PARAMETRIC_REPRESENTATION_CONTEXT() REPRESENTATION_CONTEXT('2D SPACE',''
  ) );
#4559 = PCURVE('',#4512,#4560);
#4560 = DEFINITIONAL_REPRESENTATION('',(#4561),#4571);
#4561 = B_SPLINE_CURVE_WITH_KNOTS('',8,(#4562,#4563,#4564,#4565,#4566,
    #4567,#4568,#4569,#4570),.UNSPECIFIED.,.F.,.F.,(9,9),(4.712388909332
    ,6.28318530718),.PIECEWISE_BEZIER_KNOTS.);
#4562 = CARTESIAN_POINT('',(-7.1052421724E-08,32.000000419209));
#4563 = CARTESIAN_POINT('',(0.196349478678,30.841538075797));
#4564 = CARTESIAN_POINT('',(0.392699028409,29.683075438851));
#4565 = CARTESIAN_POINT('',(0.589048578139,28.59267197467));
#4566 = CARTESIAN_POINT('',(0.785398127869,27.638373508712));
#4567 = CARTESIAN_POINT('',(0.981747677601,26.879873597141));
#4568 = CARTESIAN_POINT('',(1.178097227333,26.359958601826));
#4569 = CARTESIAN_POINT('',(1.374446777064,26.1));
#4570 = CARTESIAN_POINT('',(1.570796326795,26.1));
#4571 = ( GEOMETRIC_REPRESENTATION_CONTEXT(2) 
PARAMETRIC_REPRESENTATION_CONTEXT() REPRESENTATION_CONTEXT('2D SPACE',''
  ) );
#4572 = ORIENTED_EDGE('',*,*,#4573,.T.);
#4573 = EDGE_CURVE('',#4538,#4483,#4574,.T.);
#4574 = SURFACE_CURVE('',#4575,(#4580,#4593),.PCURVE_S1.);
#4575 = ELLIPSE('',#4576,8.343860018001,5.9);
#4576 = AXIS2_PLACEMENT_3D('',#4577,#4578,#4579);
#4577 = CARTESIAN_POINT('',(-90.,26.,23.5));
#4578 = DIRECTION('',(0.707106781187,0.707106781187,0.));
#4579 = DIRECTION('',(0.707106781187,-0.707106781187,0.));
#4580 = PCURVE('',#2739,#4581);
#4581 = DEFINITIONAL_REPRESENTATION('',(#4582),#4592);
#4582 = B_SPLINE_CURVE_WITH_KNOTS('',8,(#4583,#4584,#4585,#4586,#4587,
    #4588,#4589,#4590,#4591),.UNSPECIFIED.,.F.,.F.,(9,9),(0.,
    1.570796397847),.PIECEWISE_BEZIER_KNOTS.);
#4583 = CARTESIAN_POINT('',(1.570796326795,140.9));
#4584 = CARTESIAN_POINT('',(1.767145876526,140.9));
#4585 = CARTESIAN_POINT('',(1.963495426256,140.64004139807));
#4586 = CARTESIAN_POINT('',(2.159844975984,140.12012640286));
#4587 = CARTESIAN_POINT('',(2.356194525716,139.36162649052));
#4588 = CARTESIAN_POINT('',(2.552544075447,138.40732802526));
#4589 = CARTESIAN_POINT('',(2.74889362518,137.31692456105));
#4590 = CARTESIAN_POINT('',(2.945243174911,136.1584619242));
#4591 = CARTESIAN_POINT('',(3.141592724642,134.99999958079));
#4592 = ( GEOMETRIC_REPRESENTATION_CONTEXT(2) 
PARAMETRIC_REPRESENTATION_CONTEXT() REPRESENTATION_CONTEXT('2D SPACE',''
  ) );
#4593 = PCURVE('',#4512,#4594);
#4594 = DEFINITIONAL_REPRESENTATION('',(#4595),#4605);
#4595 = B_SPLINE_CURVE_WITH_KNOTS('',8,(#4596,#4597,#4598,#4599,#4600,
    #4601,#4602,#4603,#4604),.UNSPECIFIED.,.F.,.F.,(9,9),(0.,
    1.570796397847),.PIECEWISE_BEZIER_KNOTS.);
#4596 = CARTESIAN_POINT('',(1.570796326795,26.1));
#4597 = CARTESIAN_POINT('',(1.767145876526,26.1));
#4598 = CARTESIAN_POINT('',(1.963495426256,26.359958601837));
#4599 = CARTESIAN_POINT('',(2.159844975984,26.879873597122));
#4600 = CARTESIAN_POINT('',(2.356194525716,27.638373508855));
#4601 = CARTESIAN_POINT('',(2.552544075447,28.592671974625));
#4602 = CARTESIAN_POINT('',(2.74889362518,29.683075438861));
#4603 = CARTESIAN_POINT('',(2.945243174911,30.841538075797));
#4604 = CARTESIAN_POINT('',(3.141592724642,32.000000419209));
#4605 = ( GEOMETRIC_REPRESENTATION_CONTEXT(2) 
PARAMETRIC_REPRESENTATION_CONTEXT() REPRESENTATION_CONTEXT('2D SPACE',''
  ) );
#4606 = FACE_BOUND('',#4607,.F.);
#4607 = EDGE_LOOP('',(#4608,#4665,#4701));
#4608 = ORIENTED_EDGE('',*,*,#4609,.F.);
#4609 = EDGE_CURVE('',#4610,#4612,#4614,.T.);
#4610 = VERTEX_POINT('',#4611);
#4611 = CARTESIAN_POINT('',(-45.,26.,29.4));
#4612 = VERTEX_POINT('',#4613);
#4613 = CARTESIAN_POINT('',(-44.99999976158,26.,17.6));
#4614 = SURFACE_CURVE('',#4615,(#4620,#4640),.PCURVE_S1.);
#4615 = ELLIPSE('',#4616,8.343860018001,5.9);
#4616 = AXIS2_PLACEMENT_3D('',#4617,#4618,#4619);
#4617 = CARTESIAN_POINT('',(-45.,26.,23.5));
#4618 = DIRECTION('',(0.707106781187,-0.707106781187,0.));
#4619 = DIRECTION('',(0.707106781187,0.707106781187,0.));
#4620 = PCURVE('',#2739,#4621);
#4621 = DEFINITIONAL_REPRESENTATION('',(#4622),#4639);
#4622 = B_SPLINE_CURVE_WITH_KNOTS('',8,(#4623,#4624,#4625,#4626,#4627,
    #4628,#4629,#4630,#4631,#4632,#4633,#4634,#4635,#4636,#4637,#4638),
  .UNSPECIFIED.,.F.,.F.,(9,7,9),(1.570796255742,3.141592633385,
    4.712389011027),.UNSPECIFIED.);
#4623 = CARTESIAN_POINT('',(-7.1052421724E-08,180.0000004192));
#4624 = CARTESIAN_POINT('',(0.196349476153,178.84153809069));
#4625 = CARTESIAN_POINT('',(0.392699023358,177.6830754687));
#4626 = CARTESIAN_POINT('',(0.589048570562,176.59267201648));
#4627 = CARTESIAN_POINT('',(0.785398117769,175.63837355809));
#4628 = CARTESIAN_POINT('',(0.981747664972,174.8798736456));
#4629 = CARTESIAN_POINT('',(1.178097212179,174.35995864195));
#4630 = CARTESIAN_POINT('',(1.374446759385,174.1000000234));
#4631 = CARTESIAN_POINT('',(1.767145853795,174.09999997659));
#4632 = CARTESIAN_POINT('',(1.963495400999,174.35995854826));
#4633 = CARTESIAN_POINT('',(2.15984494821,174.87987350813));
#4634 = CARTESIAN_POINT('',(2.356194495404,175.63837338132));
#4635 = CARTESIAN_POINT('',(2.552544042622,176.59267180971));
#4636 = CARTESIAN_POINT('',(2.748893589819,177.68307524065));
#4637 = CARTESIAN_POINT('',(2.945243137027,178.84153785227));
#4638 = CARTESIAN_POINT('',(3.141592684232,180.00000018079));
#4639 = ( GEOMETRIC_REPRESENTATION_CONTEXT(2) 
PARAMETRIC_REPRESENTATION_CONTEXT() REPRESENTATION_CONTEXT('2D SPACE',''
  ) );
#4640 = PCURVE('',#4641,#4646);
#4641 = CYLINDRICAL_SURFACE('',#4642,5.9);
#4642 = AXIS2_PLACEMENT_3D('',#4643,#4644,#4645);
#4643 = CARTESIAN_POINT('',(-45.,-6.,23.5));
#4644 = DIRECTION('',(0.,1.,0.));
#4645 = DIRECTION('',(0.,-0.,1.));
#4646 = DEFINITIONAL_REPRESENTATION('',(#4647),#4664);
#4647 = B_SPLINE_CURVE_WITH_KNOTS('',8,(#4648,#4649,#4650,#4651,#4652,
    #4653,#4654,#4655,#4656,#4657,#4658,#4659,#4660,#4661,#4662,#4663),
  .UNSPECIFIED.,.F.,.F.,(9,7,9),(1.570796255742,3.141592633385,
    4.712389011027),.UNSPECIFIED.);
#4648 = CARTESIAN_POINT('',(6.283185378232,32.000000419209));
#4649 = CARTESIAN_POINT('',(6.086835831027,30.841538090698));
#4650 = CARTESIAN_POINT('',(5.890486283822,29.683075468614));
#4651 = CARTESIAN_POINT('',(5.694136736616,28.592672016822));
#4652 = CARTESIAN_POINT('',(5.497787189413,27.638373557751));
#4653 = CARTESIAN_POINT('',(5.301437642205,26.879873645972));
#4654 = CARTESIAN_POINT('',(5.105088095001,26.359958641925));
#4655 = CARTESIAN_POINT('',(4.908738547795,26.100000023407));
#4656 = CARTESIAN_POINT('',(4.516039453384,26.099999976593));
#4657 = CARTESIAN_POINT('',(4.319689906178,26.359958548316));
#4658 = CARTESIAN_POINT('',(4.123340358986,26.879873508247));
#4659 = CARTESIAN_POINT('',(3.926990811759,27.63837338161));
#4660 = CARTESIAN_POINT('',(3.730641264573,28.592671809821));
#4661 = CARTESIAN_POINT('',(3.534291717356,29.683075240739));
#4662 = CARTESIAN_POINT('',(3.337942170153,30.841537852279));
#4663 = CARTESIAN_POINT('',(3.141592622947,32.000000180791));
#4664 = ( GEOMETRIC_REPRESENTATION_CONTEXT(2) 
PARAMETRIC_REPRESENTATION_CONTEXT() REPRESENTATION_CONTEXT('2D SPACE',''
  ) );
#4665 = ORIENTED_EDGE('',*,*,#4666,.T.);
#4666 = EDGE_CURVE('',#4610,#4667,#4669,.T.);
#4667 = VERTEX_POINT('',#4668);
#4668 = CARTESIAN_POINT('',(-39.1,20.1,23.5));
#4669 = SURFACE_CURVE('',#4670,(#4675,#4688),.PCURVE_S1.);
#4670 = ELLIPSE('',#4671,8.343860018001,5.9);
#4671 = AXIS2_PLACEMENT_3D('',#4672,#4673,#4674);
#4672 = CARTESIAN_POINT('',(-45.,26.,23.5));
#4673 = DIRECTION('',(0.707106781187,0.707106781187,0.));
#4674 = DIRECTION('',(0.707106781187,-0.707106781187,0.));
#4675 = PCURVE('',#2739,#4676);
#4676 = DEFINITIONAL_REPRESENTATION('',(#4677),#4687);
#4677 = B_SPLINE_CURVE_WITH_KNOTS('',8,(#4678,#4679,#4680,#4681,#4682,
    #4683,#4684,#4685,#4686),.UNSPECIFIED.,.F.,.F.,(9,9),(4.712388909332
    ,6.28318530718),.PIECEWISE_BEZIER_KNOTS.);
#4678 = CARTESIAN_POINT('',(-7.1052421724E-08,179.99999958079));
#4679 = CARTESIAN_POINT('',(0.196349478678,181.1584619242));
#4680 = CARTESIAN_POINT('',(0.392699028409,182.31692456115));
#4681 = CARTESIAN_POINT('',(0.589048578139,183.40732802488));
#4682 = CARTESIAN_POINT('',(0.78539812787,184.36162649134));
#4683 = CARTESIAN_POINT('',(0.9817476776,185.12012640235));
#4684 = CARTESIAN_POINT('',(1.178097227333,185.64004139819));
#4685 = CARTESIAN_POINT('',(1.374446777064,185.9));
#4686 = CARTESIAN_POINT('',(1.570796326795,185.9));
#4687 = ( GEOMETRIC_REPRESENTATION_CONTEXT(2) 
PARAMETRIC_REPRESENTATION_CONTEXT() REPRESENTATION_CONTEXT('2D SPACE',''
  ) );
#4688 = PCURVE('',#4641,#4689);
#4689 = DEFINITIONAL_REPRESENTATION('',(#4690),#4700);
#4690 = B_SPLINE_CURVE_WITH_KNOTS('',8,(#4691,#4692,#4693,#4694,#4695,
    #4696,#4697,#4698,#4699),.UNSPECIFIED.,.F.,.F.,(9,9),(4.712388909332
    ,6.28318530718),.PIECEWISE_BEZIER_KNOTS.);
#4691 = CARTESIAN_POINT('',(-7.1052421724E-08,32.000000419209));
#4692 = CARTESIAN_POINT('',(0.196349478678,30.841538075797));
#4693 = CARTESIAN_POINT('',(0.392699028409,29.683075438851));
#4694 = CARTESIAN_POINT('',(0.58904857814,28.59267197467));
#4695 = CARTESIAN_POINT('',(0.785398127868,27.638373508712));
#4696 = CARTESIAN_POINT('',(0.981747677602,26.879873597141));
#4697 = CARTESIAN_POINT('',(1.178097227332,26.359958601826));
#4698 = CARTESIAN_POINT('',(1.374446777064,26.1));
#4699 = CARTESIAN_POINT('',(1.570796326795,26.1));
#4700 = ( GEOMETRIC_REPRESENTATION_CONTEXT(2) 
PARAMETRIC_REPRESENTATION_CONTEXT() REPRESENTATION_CONTEXT('2D SPACE',''
  ) );
#4701 = ORIENTED_EDGE('',*,*,#4702,.T.);
#4702 = EDGE_CURVE('',#4667,#4612,#4703,.T.);
#4703 = SURFACE_CURVE('',#4704,(#4709,#4722),.PCURVE_S1.);
#4704 = ELLIPSE('',#4705,8.343860018001,5.9);
#4705 = AXIS2_PLACEMENT_3D('',#4706,#4707,#4708);
#4706 = CARTESIAN_POINT('',(-45.,26.,23.5));
#4707 = DIRECTION('',(0.707106781187,0.707106781187,0.));
#4708 = DIRECTION('',(0.707106781187,-0.707106781187,0.));
#4709 = PCURVE('',#2739,#4710);
#4710 = DEFINITIONAL_REPRESENTATION('',(#4711),#4721);
#4711 = B_SPLINE_CURVE_WITH_KNOTS('',8,(#4712,#4713,#4714,#4715,#4716,
    #4717,#4718,#4719,#4720),.UNSPECIFIED.,.F.,.F.,(9,9),(0.,
    1.570796397847),.PIECEWISE_BEZIER_KNOTS.);
#4712 = CARTESIAN_POINT('',(1.570796326795,185.9));
#4713 = CARTESIAN_POINT('',(1.767145876526,185.9));
#4714 = CARTESIAN_POINT('',(1.963495426256,185.64004139801));
#4715 = CARTESIAN_POINT('',(2.159844975984,185.12012640307));
#4716 = CARTESIAN_POINT('',(2.356194525716,184.36162649022));
#4717 = CARTESIAN_POINT('',(2.552544075447,183.40732802556));
#4718 = CARTESIAN_POINT('',(2.74889362518,182.31692456099));
#4719 = CARTESIAN_POINT('',(2.945243174911,181.1584619242));
#4720 = CARTESIAN_POINT('',(3.141592724642,179.99999958079));
#4721 = ( GEOMETRIC_REPRESENTATION_CONTEXT(2) 
PARAMETRIC_REPRESENTATION_CONTEXT() REPRESENTATION_CONTEXT('2D SPACE',''
  ) );
#4722 = PCURVE('',#4641,#4723);
#4723 = DEFINITIONAL_REPRESENTATION('',(#4724),#4734);
#4724 = B_SPLINE_CURVE_WITH_KNOTS('',8,(#4725,#4726,#4727,#4728,#4729,
    #4730,#4731,#4732,#4733),.UNSPECIFIED.,.F.,.F.,(9,9),(0.,
    1.570796397847),.PIECEWISE_BEZIER_KNOTS.);
#4725 = CARTESIAN_POINT('',(1.570796326795,26.1));
#4726 = CARTESIAN_POINT('',(1.767145876526,26.1));
#4727 = CARTESIAN_POINT('',(1.963495426256,26.359958601837));
#4728 = CARTESIAN_POINT('',(2.159844975984,26.879873597122));
#4729 = CARTESIAN_POINT('',(2.356194525716,27.638373508855));
#4730 = CARTESIAN_POINT('',(2.552544075447,28.592671974625));
#4731 = CARTESIAN_POINT('',(2.74889362518,29.683075438861));
#4732 = CARTESIAN_POINT('',(2.945243174911,30.841538075797));
#4733 = CARTESIAN_POINT('',(3.141592724642,32.000000419209));
#4734 = ( GEOMETRIC_REPRESENTATION_CONTEXT(2) 
PARAMETRIC_REPRESENTATION_CONTEXT() REPRESENTATION_CONTEXT('2D SPACE',''
  ) );
#4735 = FACE_BOUND('',#4736,.F.);
#4736 = EDGE_LOOP('',(#4737,#4794,#4830));
#4737 = ORIENTED_EDGE('',*,*,#4738,.F.);
#4738 = EDGE_CURVE('',#4739,#4741,#4743,.T.);
#4739 = VERTEX_POINT('',#4740);
#4740 = CARTESIAN_POINT('',(-1.445083222994E-15,26.,29.4));
#4741 = VERTEX_POINT('',#4742);
#4742 = CARTESIAN_POINT('',(2.384185802682E-07,26.,17.6));
#4743 = SURFACE_CURVE('',#4744,(#4749,#4769),.PCURVE_S1.);
#4744 = ELLIPSE('',#4745,8.343860018001,5.9);
#4745 = AXIS2_PLACEMENT_3D('',#4746,#4747,#4748);
#4746 = CARTESIAN_POINT('',(0.,26.,23.5));
#4747 = DIRECTION('',(0.707106781187,-0.707106781187,0.));
#4748 = DIRECTION('',(0.707106781187,0.707106781187,0.));
#4749 = PCURVE('',#2739,#4750);
#4750 = DEFINITIONAL_REPRESENTATION('',(#4751),#4768);
#4751 = B_SPLINE_CURVE_WITH_KNOTS('',8,(#4752,#4753,#4754,#4755,#4756,
    #4757,#4758,#4759,#4760,#4761,#4762,#4763,#4764,#4765,#4766,#4767),
  .UNSPECIFIED.,.F.,.F.,(9,7,9),(1.570796255742,3.141592633385,
    4.712389011027),.UNSPECIFIED.);
#4752 = CARTESIAN_POINT('',(-7.1052421724E-08,225.0000004192));
#4753 = CARTESIAN_POINT('',(0.196349476153,223.84153809069));
#4754 = CARTESIAN_POINT('',(0.392699023358,222.6830754686));
#4755 = CARTESIAN_POINT('',(0.589048570562,221.59267201649));
#4756 = CARTESIAN_POINT('',(0.785398117769,220.63837355742));
#4757 = CARTESIAN_POINT('',(0.981747664972,219.87987364565));
#4758 = CARTESIAN_POINT('',(1.178097212179,219.35995864192));
#4759 = CARTESIAN_POINT('',(1.374446759385,219.1000000234));
#4760 = CARTESIAN_POINT('',(1.767145853795,219.09999997659));
#4761 = CARTESIAN_POINT('',(1.963495400999,219.3599585481));
#4762 = CARTESIAN_POINT('',(2.15984494821,219.8798735088));
#4763 = CARTESIAN_POINT('',(2.356194495404,220.63837338014));
#4764 = CARTESIAN_POINT('',(2.552544042622,221.59267181038));
#4765 = CARTESIAN_POINT('',(2.748893589819,222.68307524048));
#4766 = CARTESIAN_POINT('',(2.945243137027,223.84153785227));
#4767 = CARTESIAN_POINT('',(3.141592684232,225.00000018079));
#4768 = ( GEOMETRIC_REPRESENTATION_CONTEXT(2) 
PARAMETRIC_REPRESENTATION_CONTEXT() REPRESENTATION_CONTEXT('2D SPACE',''
  ) );
#4769 = PCURVE('',#4770,#4775);
#4770 = CYLINDRICAL_SURFACE('',#4771,5.9);
#4771 = AXIS2_PLACEMENT_3D('',#4772,#4773,#4774);
#4772 = CARTESIAN_POINT('',(0.,-6.,23.5));
#4773 = DIRECTION('',(0.,1.,0.));
#4774 = DIRECTION('',(0.,-0.,1.));
#4775 = DEFINITIONAL_REPRESENTATION('',(#4776),#4793);
#4776 = B_SPLINE_CURVE_WITH_KNOTS('',8,(#4777,#4778,#4779,#4780,#4781,
    #4782,#4783,#4784,#4785,#4786,#4787,#4788,#4789,#4790,#4791,#4792),
  .UNSPECIFIED.,.F.,.F.,(9,7,9),(1.570796255742,3.141592633385,
    4.712389011027),.UNSPECIFIED.);
#4777 = CARTESIAN_POINT('',(6.283185378232,32.000000419209));
#4778 = CARTESIAN_POINT('',(6.086835831027,30.841538090698));
#4779 = CARTESIAN_POINT('',(5.890486283822,29.683075468614));
#4780 = CARTESIAN_POINT('',(5.694136736617,28.592672016822));
#4781 = CARTESIAN_POINT('',(5.497787189411,27.638373557751));
#4782 = CARTESIAN_POINT('',(5.301437642207,26.879873645972));
#4783 = CARTESIAN_POINT('',(5.105088095,26.359958641925));
#4784 = CARTESIAN_POINT('',(4.908738547795,26.100000023407));
#4785 = CARTESIAN_POINT('',(4.516039453384,26.099999976593));
#4786 = CARTESIAN_POINT('',(4.319689906177,26.359958548316));
#4787 = CARTESIAN_POINT('',(4.123340358986,26.879873508247));
#4788 = CARTESIAN_POINT('',(3.926990811759,27.63837338161));
#4789 = CARTESIAN_POINT('',(3.730641264573,28.592671809821));
#4790 = CARTESIAN_POINT('',(3.534291717356,29.683075240739));
#4791 = CARTESIAN_POINT('',(3.337942170153,30.841537852279));
#4792 = CARTESIAN_POINT('',(3.141592622947,32.000000180791));
#4793 = ( GEOMETRIC_REPRESENTATION_CONTEXT(2) 
PARAMETRIC_REPRESENTATION_CONTEXT() REPRESENTATION_CONTEXT('2D SPACE',''
  ) );
#4794 = ORIENTED_EDGE('',*,*,#4795,.T.);
#4795 = EDGE_CURVE('',#4739,#4796,#4798,.T.);
#4796 = VERTEX_POINT('',#4797);
#4797 = CARTESIAN_POINT('',(5.9,20.1,23.5));
#4798 = SURFACE_CURVE('',#4799,(#4804,#4817),.PCURVE_S1.);
#4799 = ELLIPSE('',#4800,8.343860018001,5.9);
#4800 = AXIS2_PLACEMENT_3D('',#4801,#4802,#4803);
#4801 = CARTESIAN_POINT('',(0.,26.,23.5));
#4802 = DIRECTION('',(0.707106781187,0.707106781187,0.));
#4803 = DIRECTION('',(0.707106781187,-0.707106781187,0.));
#4804 = PCURVE('',#2739,#4805);
#4805 = DEFINITIONAL_REPRESENTATION('',(#4806),#4816);
#4806 = B_SPLINE_CURVE_WITH_KNOTS('',8,(#4807,#4808,#4809,#4810,#4811,
    #4812,#4813,#4814,#4815),.UNSPECIFIED.,.F.,.F.,(9,9),(4.712388909332
    ,6.28318530718),.PIECEWISE_BEZIER_KNOTS.);
#4807 = CARTESIAN_POINT('',(-7.105242261218E-08,224.99999958079));
#4808 = CARTESIAN_POINT('',(0.196349478678,226.1584619242));
#4809 = CARTESIAN_POINT('',(0.392699028409,227.31692456108));
#4810 = CARTESIAN_POINT('',(0.589048578139,228.40732802535));
#4811 = CARTESIAN_POINT('',(0.785398127871,229.36162649078));
#4812 = CARTESIAN_POINT('',(0.9817476776,230.12012640287));
#4813 = CARTESIAN_POINT('',(1.178097227333,230.64004139807));
#4814 = CARTESIAN_POINT('',(1.374446777064,230.9));
#4815 = CARTESIAN_POINT('',(1.570796326795,230.9));
#4816 = ( GEOMETRIC_REPRESENTATION_CONTEXT(2) 
PARAMETRIC_REPRESENTATION_CONTEXT() REPRESENTATION_CONTEXT('2D SPACE',''
  ) );
#4817 = PCURVE('',#4770,#4818);
#4818 = DEFINITIONAL_REPRESENTATION('',(#4819),#4829);
#4819 = B_SPLINE_CURVE_WITH_KNOTS('',8,(#4820,#4821,#4822,#4823,#4824,
    #4825,#4826,#4827,#4828),.UNSPECIFIED.,.F.,.F.,(9,9),(4.712388909332
    ,6.28318530718),.PIECEWISE_BEZIER_KNOTS.);
#4820 = CARTESIAN_POINT('',(-7.105242261218E-08,32.000000419209));
#4821 = CARTESIAN_POINT('',(0.196349478678,30.841538075797));
#4822 = CARTESIAN_POINT('',(0.392699028409,29.68307543884));
#4823 = CARTESIAN_POINT('',(0.589048578139,28.592671974714));
#4824 = CARTESIAN_POINT('',(0.78539812787,27.638373508755));
#4825 = CARTESIAN_POINT('',(0.981747677601,26.879873597185));
#4826 = CARTESIAN_POINT('',(1.178097227333,26.359958601815));
#4827 = CARTESIAN_POINT('',(1.374446777064,26.1));
#4828 = CARTESIAN_POINT('',(1.570796326795,26.1));
#4829 = ( GEOMETRIC_REPRESENTATION_CONTEXT(2) 
PARAMETRIC_REPRESENTATION_CONTEXT() REPRESENTATION_CONTEXT('2D SPACE',''
  ) );
#4830 = ORIENTED_EDGE('',*,*,#4831,.T.);
#4831 = EDGE_CURVE('',#4796,#4741,#4832,.T.);
#4832 = SURFACE_CURVE('',#4833,(#4838,#4851),.PCURVE_S1.);
#4833 = ELLIPSE('',#4834,8.343860018001,5.9);
#4834 = AXIS2_PLACEMENT_3D('',#4835,#4836,#4837);
#4835 = CARTESIAN_POINT('',(0.,26.,23.5));
#4836 = DIRECTION('',(0.707106781187,0.707106781187,0.));
#4837 = DIRECTION('',(0.707106781187,-0.707106781187,0.));
#4838 = PCURVE('',#2739,#4839);
#4839 = DEFINITIONAL_REPRESENTATION('',(#4840),#4850);
#4840 = B_SPLINE_CURVE_WITH_KNOTS('',8,(#4841,#4842,#4843,#4844,#4845,
    #4846,#4847,#4848,#4849),.UNSPECIFIED.,.F.,.F.,(9,9),(0.,
    1.570796397847),.PIECEWISE_BEZIER_KNOTS.);
#4841 = CARTESIAN_POINT('',(1.570796326795,230.9));
#4842 = CARTESIAN_POINT('',(1.767145876526,230.9));
#4843 = CARTESIAN_POINT('',(1.963495426256,230.6400413981));
#4844 = CARTESIAN_POINT('',(2.159844975984,230.12012640266));
#4845 = CARTESIAN_POINT('',(2.356194525716,229.36162649076));
#4846 = CARTESIAN_POINT('',(2.552544075447,228.40732802517));
#4847 = CARTESIAN_POINT('',(2.74889362518,227.31692456107));
#4848 = CARTESIAN_POINT('',(2.945243174911,226.1584619242));
#4849 = CARTESIAN_POINT('',(3.141592724642,224.99999958079));
#4850 = ( GEOMETRIC_REPRESENTATION_CONTEXT(2) 
PARAMETRIC_REPRESENTATION_CONTEXT() REPRESENTATION_CONTEXT('2D SPACE',''
  ) );
#4851 = PCURVE('',#4770,#4852);
#4852 = DEFINITIONAL_REPRESENTATION('',(#4853),#4863);
#4853 = B_SPLINE_CURVE_WITH_KNOTS('',8,(#4854,#4855,#4856,#4857,#4858,
    #4859,#4860,#4861,#4862),.UNSPECIFIED.,.F.,.F.,(9,9),(0.,
    1.570796397847),.PIECEWISE_BEZIER_KNOTS.);
#4854 = CARTESIAN_POINT('',(1.570796326795,26.1));
#4855 = CARTESIAN_POINT('',(1.767145876526,26.1));
#4856 = CARTESIAN_POINT('',(1.963495426254,26.359958601837));
#4857 = CARTESIAN_POINT('',(2.159844975991,26.879873597122));
#4858 = CARTESIAN_POINT('',(2.356194525709,27.638373508855));
#4859 = CARTESIAN_POINT('',(2.552544075455,28.592671974625));
#4860 = CARTESIAN_POINT('',(2.748893625178,29.683075438861));
#4861 = CARTESIAN_POINT('',(2.945243174911,30.841538075797));
#4862 = CARTESIAN_POINT('',(3.141592724642,32.000000419209));
#4863 = ( GEOMETRIC_REPRESENTATION_CONTEXT(2) 
PARAMETRIC_REPRESENTATION_CONTEXT() REPRESENTATION_CONTEXT('2D SPACE',''
  ) );
#4864 = FACE_BOUND('',#4865,.F.);
#4865 = EDGE_LOOP('',(#4866,#4923,#4959));
#4866 = ORIENTED_EDGE('',*,*,#4867,.F.);
#4867 = EDGE_CURVE('',#4868,#4870,#4872,.T.);
#4868 = VERTEX_POINT('',#4869);
#4869 = CARTESIAN_POINT('',(45.,26.,29.4));
#4870 = VERTEX_POINT('',#4871);
#4871 = CARTESIAN_POINT('',(45.000000238419,26.,17.6));
#4872 = SURFACE_CURVE('',#4873,(#4878,#4898),.PCURVE_S1.);
#4873 = ELLIPSE('',#4874,8.343860018001,5.9);
#4874 = AXIS2_PLACEMENT_3D('',#4875,#4876,#4877);
#4875 = CARTESIAN_POINT('',(45.,26.,23.5));
#4876 = DIRECTION('',(0.707106781187,-0.707106781187,0.));
#4877 = DIRECTION('',(0.707106781187,0.707106781187,0.));
#4878 = PCURVE('',#2739,#4879);
#4879 = DEFINITIONAL_REPRESENTATION('',(#4880),#4897);
#4880 = B_SPLINE_CURVE_WITH_KNOTS('',8,(#4881,#4882,#4883,#4884,#4885,
    #4886,#4887,#4888,#4889,#4890,#4891,#4892,#4893,#4894,#4895,#4896),
  .UNSPECIFIED.,.F.,.F.,(9,7,9),(1.570796255742,3.141592633385,
    4.712389011027),.UNSPECIFIED.);
#4881 = CARTESIAN_POINT('',(-7.1052421724E-08,270.0000004192));
#4882 = CARTESIAN_POINT('',(0.196349476153,268.84153809069));
#4883 = CARTESIAN_POINT('',(0.392699023358,267.68307546827));
#4884 = CARTESIAN_POINT('',(0.589048570562,266.59267201727));
#4885 = CARTESIAN_POINT('',(0.785398117769,265.63837355612));
#4886 = CARTESIAN_POINT('',(0.981747664972,264.87987364633));
#4887 = CARTESIAN_POINT('',(1.178097212179,264.35995864159));
#4888 = CARTESIAN_POINT('',(1.374446759385,264.1000000234));
#4889 = CARTESIAN_POINT('',(1.767145853795,264.09999997659));
#4890 = CARTESIAN_POINT('',(1.963495400999,264.35995854872));
#4891 = CARTESIAN_POINT('',(2.15984494821,264.87987350627));
#4892 = CARTESIAN_POINT('',(2.356194495404,265.63837338379));
#4893 = CARTESIAN_POINT('',(2.552544042622,266.59267180812));
#4894 = CARTESIAN_POINT('',(2.748893589819,267.68307524111));
#4895 = CARTESIAN_POINT('',(2.945243137027,268.84153785227));
#4896 = CARTESIAN_POINT('',(3.141592684232,270.00000018079));
#4897 = ( GEOMETRIC_REPRESENTATION_CONTEXT(2) 
PARAMETRIC_REPRESENTATION_CONTEXT() REPRESENTATION_CONTEXT('2D SPACE',''
  ) );
#4898 = PCURVE('',#4899,#4904);
#4899 = CYLINDRICAL_SURFACE('',#4900,5.9);
#4900 = AXIS2_PLACEMENT_3D('',#4901,#4902,#4903);
#4901 = CARTESIAN_POINT('',(45.,-6.,23.5));
#4902 = DIRECTION('',(0.,1.,0.));
#4903 = DIRECTION('',(0.,-0.,1.));
#4904 = DEFINITIONAL_REPRESENTATION('',(#4905),#4922);
#4905 = B_SPLINE_CURVE_WITH_KNOTS('',8,(#4906,#4907,#4908,#4909,#4910,
    #4911,#4912,#4913,#4914,#4915,#4916,#4917,#4918,#4919,#4920,#4921),
  .UNSPECIFIED.,.F.,.F.,(9,7,9),(1.570796255742,3.141592633385,
    4.712389011027),.UNSPECIFIED.);
#4906 = CARTESIAN_POINT('',(6.283185378232,32.000000419209));
#4907 = CARTESIAN_POINT('',(6.086835831027,30.841538090698));
#4908 = CARTESIAN_POINT('',(5.890486283822,29.683075468614));
#4909 = CARTESIAN_POINT('',(5.694136736616,28.592672016822));
#4910 = CARTESIAN_POINT('',(5.497787189413,27.638373557751));
#4911 = CARTESIAN_POINT('',(5.301437642205,26.879873645972));
#4912 = CARTESIAN_POINT('',(5.105088095001,26.359958641925));
#4913 = CARTESIAN_POINT('',(4.908738547795,26.100000023407));
#4914 = CARTESIAN_POINT('',(4.516039453384,26.099999976593));
#4915 = CARTESIAN_POINT('',(4.319689906178,26.359958548316));
#4916 = CARTESIAN_POINT('',(4.123340358986,26.879873508247));
#4917 = CARTESIAN_POINT('',(3.926990811759,27.63837338161));
#4918 = CARTESIAN_POINT('',(3.730641264573,28.592671809821));
#4919 = CARTESIAN_POINT('',(3.534291717356,29.683075240739));
#4920 = CARTESIAN_POINT('',(3.337942170153,30.841537852279));
#4921 = CARTESIAN_POINT('',(3.141592622947,32.000000180791));
#4922 = ( GEOMETRIC_REPRESENTATION_CONTEXT(2) 
PARAMETRIC_REPRESENTATION_CONTEXT() REPRESENTATION_CONTEXT('2D SPACE',''
  ) );
#4923 = ORIENTED_EDGE('',*,*,#4924,.T.);
#4924 = EDGE_CURVE('',#4868,#4925,#4927,.T.);
#4925 = VERTEX_POINT('',#4926);
#4926 = CARTESIAN_POINT('',(50.9,20.1,23.5));
#4927 = SURFACE_CURVE('',#4928,(#4933,#4946),.PCURVE_S1.);
#4928 = ELLIPSE('',#4929,8.343860018001,5.9);
#4929 = AXIS2_PLACEMENT_3D('',#4930,#4931,#4932);
#4930 = CARTESIAN_POINT('',(45.,26.,23.5));
#4931 = DIRECTION('',(0.707106781187,0.707106781187,0.));
#4932 = DIRECTION('',(0.707106781187,-0.707106781187,0.));
#4933 = PCURVE('',#2739,#4934);
#4934 = DEFINITIONAL_REPRESENTATION('',(#4935),#4945);
#4935 = B_SPLINE_CURVE_WITH_KNOTS('',8,(#4936,#4937,#4938,#4939,#4940,
    #4941,#4942,#4943,#4944),.UNSPECIFIED.,.F.,.F.,(9,9),(4.712388909332
    ,6.28318530718),.PIECEWISE_BEZIER_KNOTS.);
#4936 = CARTESIAN_POINT('',(-7.1052421724E-08,269.99999958079));
#4937 = CARTESIAN_POINT('',(0.196349478678,271.1584619242));
#4938 = CARTESIAN_POINT('',(0.392699028409,272.31692456081));
#4939 = CARTESIAN_POINT('',(0.589048578139,273.4073280259));
#4940 = CARTESIAN_POINT('',(0.78539812787,274.36162648983));
#4941 = CARTESIAN_POINT('',(0.9817476776,275.12012640331));
#4942 = CARTESIAN_POINT('',(1.178097227333,275.64004139786));
#4943 = CARTESIAN_POINT('',(1.374446777064,275.9));
#4944 = CARTESIAN_POINT('',(1.570796326795,275.9));
#4945 = ( GEOMETRIC_REPRESENTATION_CONTEXT(2) 
PARAMETRIC_REPRESENTATION_CONTEXT() REPRESENTATION_CONTEXT('2D SPACE',''
  ) );
#4946 = PCURVE('',#4899,#4947);
#4947 = DEFINITIONAL_REPRESENTATION('',(#4948),#4958);
#4948 = B_SPLINE_CURVE_WITH_KNOTS('',8,(#4949,#4950,#4951,#4952,#4953,
    #4954,#4955,#4956,#4957),.UNSPECIFIED.,.F.,.F.,(9,9),(4.712388909332
    ,6.28318530718),.PIECEWISE_BEZIER_KNOTS.);
#4949 = CARTESIAN_POINT('',(-7.1052421724E-08,32.000000419209));
#4950 = CARTESIAN_POINT('',(0.196349478678,30.841538075797));
#4951 = CARTESIAN_POINT('',(0.392699028409,29.683075438851));
#4952 = CARTESIAN_POINT('',(0.58904857814,28.59267197467));
#4953 = CARTESIAN_POINT('',(0.785398127868,27.638373508712));
#4954 = CARTESIAN_POINT('',(0.981747677602,26.879873597141));
#4955 = CARTESIAN_POINT('',(1.178097227332,26.359958601826));
#4956 = CARTESIAN_POINT('',(1.374446777064,26.1));
#4957 = CARTESIAN_POINT('',(1.570796326795,26.1));
#4958 = ( GEOMETRIC_REPRESENTATION_CONTEXT(2) 
PARAMETRIC_REPRESENTATION_CONTEXT() REPRESENTATION_CONTEXT('2D SPACE',''
  ) );
#4959 = ORIENTED_EDGE('',*,*,#4960,.T.);
#4960 = EDGE_CURVE('',#4925,#4870,#4961,.T.);
#4961 = SURFACE_CURVE('',#4962,(#4967,#4980),.PCURVE_S1.);
#4962 = ELLIPSE('',#4963,8.343860018001,5.9);
#4963 = AXIS2_PLACEMENT_3D('',#4964,#4965,#4966);
#4964 = CARTESIAN_POINT('',(45.,26.,23.5));
#4965 = DIRECTION('',(0.707106781187,0.707106781187,0.));
#4966 = DIRECTION('',(0.707106781187,-0.707106781187,0.));
#4967 = PCURVE('',#2739,#4968);
#4968 = DEFINITIONAL_REPRESENTATION('',(#4969),#4979);
#4969 = B_SPLINE_CURVE_WITH_KNOTS('',8,(#4970,#4971,#4972,#4973,#4974,
    #4975,#4976,#4977,#4978),.UNSPECIFIED.,.F.,.F.,(9,9),(0.,
    1.570796397847),.PIECEWISE_BEZIER_KNOTS.);
#4970 = CARTESIAN_POINT('',(1.570796326795,275.9));
#4971 = CARTESIAN_POINT('',(1.767145876526,275.9));
#4972 = CARTESIAN_POINT('',(1.963495426256,275.64004139841));
#4973 = CARTESIAN_POINT('',(2.159844975984,275.12012640123));
#4974 = CARTESIAN_POINT('',(2.356194525716,274.36162649237));
#4975 = CARTESIAN_POINT('',(2.552544075447,273.40732802352));
#4976 = CARTESIAN_POINT('',(2.74889362518,272.3169245613));
#4977 = CARTESIAN_POINT('',(2.945243174911,271.1584619242));
#4978 = CARTESIAN_POINT('',(3.141592724642,269.99999958079));
#4979 = ( GEOMETRIC_REPRESENTATION_CONTEXT(2) 
PARAMETRIC_REPRESENTATION_CONTEXT() REPRESENTATION_CONTEXT('2D SPACE',''
  ) );
#4980 = PCURVE('',#4899,#4981);
#4981 = DEFINITIONAL_REPRESENTATION('',(#4982),#4992);
#4982 = B_SPLINE_CURVE_WITH_KNOTS('',8,(#4983,#4984,#4985,#4986,#4987,
    #4988,#4989,#4990,#4991),.UNSPECIFIED.,.F.,.F.,(9,9),(0.,
    1.570796397847),.PIECEWISE_BEZIER_KNOTS.);
#4983 = CARTESIAN_POINT('',(1.570796326795,26.1));
#4984 = CARTESIAN_POINT('',(1.767145876526,26.1));
#4985 = CARTESIAN_POINT('',(1.963495426256,26.359958601837));
#4986 = CARTESIAN_POINT('',(2.159844975984,26.879873597122));
#4987 = CARTESIAN_POINT('',(2.356194525716,27.638373508855));
#4988 = CARTESIAN_POINT('',(2.552544075447,28.592671974625));
#4989 = CARTESIAN_POINT('',(2.74889362518,29.683075438861));
#4990 = CARTESIAN_POINT('',(2.945243174911,30.841538075797));
#4991 = CARTESIAN_POINT('',(3.141592724642,32.000000419209));
#4992 = ( GEOMETRIC_REPRESENTATION_CONTEXT(2) 
PARAMETRIC_REPRESENTATION_CONTEXT() REPRESENTATION_CONTEXT('2D SPACE',''
  ) );
#4993 = FACE_BOUND('',#4994,.F.);
#4994 = EDGE_LOOP('',(#4995,#5052,#5088));
#4995 = ORIENTED_EDGE('',*,*,#4996,.F.);
#4996 = EDGE_CURVE('',#4997,#4999,#5001,.T.);
#4997 = VERTEX_POINT('',#4998);
#4998 = CARTESIAN_POINT('',(90.,26.,29.4));
#4999 = VERTEX_POINT('',#5000);
#5000 = CARTESIAN_POINT('',(90.000000238419,26.,17.6));
#5001 = SURFACE_CURVE('',#5002,(#5007,#5027),.PCURVE_S1.);
#5002 = ELLIPSE('',#5003,8.343860018001,5.9);
#5003 = AXIS2_PLACEMENT_3D('',#5004,#5005,#5006);
#5004 = CARTESIAN_POINT('',(90.,26.,23.5));
#5005 = DIRECTION('',(0.707106781187,-0.707106781187,0.));
#5006 = DIRECTION('',(0.707106781187,0.707106781187,0.));
#5007 = PCURVE('',#2739,#5008);
#5008 = DEFINITIONAL_REPRESENTATION('',(#5009),#5026);
#5009 = B_SPLINE_CURVE_WITH_KNOTS('',8,(#5010,#5011,#5012,#5013,#5014,
    #5015,#5016,#5017,#5018,#5019,#5020,#5021,#5022,#5023,#5024,#5025),
  .UNSPECIFIED.,.F.,.F.,(9,7,9),(1.570796255742,3.141592633385,
    4.712389011027),.UNSPECIFIED.);
#5010 = CARTESIAN_POINT('',(-7.1052421724E-08,315.0000004192));
#5011 = CARTESIAN_POINT('',(0.196349476153,313.84153809069));
#5012 = CARTESIAN_POINT('',(0.392699023358,312.68307546879));
#5013 = CARTESIAN_POINT('',(0.589048570562,311.59267201512));
#5014 = CARTESIAN_POINT('',(0.785398117769,310.63837355898));
#5015 = CARTESIAN_POINT('',(0.981747664972,309.87987364454));
#5016 = CARTESIAN_POINT('',(1.178097212179,309.35995864214));
#5017 = CARTESIAN_POINT('',(1.374446759385,309.1000000234));
#5018 = CARTESIAN_POINT('',(1.767145853795,309.09999997659));
#5019 = CARTESIAN_POINT('',(1.963495400999,309.35995854805));
#5020 = CARTESIAN_POINT('',(2.15984494821,309.8798735084));
#5021 = CARTESIAN_POINT('',(2.356194495404,310.6383733807));
#5022 = CARTESIAN_POINT('',(2.552544042622,311.5926718097));
#5023 = CARTESIAN_POINT('',(2.748893589819,312.68307524047));
#5024 = CARTESIAN_POINT('',(2.945243137027,313.84153785227));
#5025 = CARTESIAN_POINT('',(3.141592684232,315.00000018079));
#5026 = ( GEOMETRIC_REPRESENTATION_CONTEXT(2) 
PARAMETRIC_REPRESENTATION_CONTEXT() REPRESENTATION_CONTEXT('2D SPACE',''
  ) );
#5027 = PCURVE('',#5028,#5033);
#5028 = CYLINDRICAL_SURFACE('',#5029,5.9);
#5029 = AXIS2_PLACEMENT_3D('',#5030,#5031,#5032);
#5030 = CARTESIAN_POINT('',(90.,-6.,23.5));
#5031 = DIRECTION('',(0.,1.,0.));
#5032 = DIRECTION('',(0.,-0.,1.));
#5033 = DEFINITIONAL_REPRESENTATION('',(#5034),#5051);
#5034 = B_SPLINE_CURVE_WITH_KNOTS('',8,(#5035,#5036,#5037,#5038,#5039,
    #5040,#5041,#5042,#5043,#5044,#5045,#5046,#5047,#5048,#5049,#5050),
  .UNSPECIFIED.,.F.,.F.,(9,7,9),(1.570796255742,3.141592633385,
    4.712389011027),.UNSPECIFIED.);
#5035 = CARTESIAN_POINT('',(6.283185378232,32.000000419209));
#5036 = CARTESIAN_POINT('',(6.086835831027,30.841538090698));
#5037 = CARTESIAN_POINT('',(5.890486283822,29.683075468614));
#5038 = CARTESIAN_POINT('',(5.694136736618,28.592672016822));
#5039 = CARTESIAN_POINT('',(5.497787189413,27.638373557751));
#5040 = CARTESIAN_POINT('',(5.301437642207,26.879873645972));
#5041 = CARTESIAN_POINT('',(5.105088095001,26.359958641925));
#5042 = CARTESIAN_POINT('',(4.908738547795,26.100000023407));
#5043 = CARTESIAN_POINT('',(4.516039453384,26.099999976593));
#5044 = CARTESIAN_POINT('',(4.319689906176,26.359958548316));
#5045 = CARTESIAN_POINT('',(4.123340358989,26.879873508247));
#5046 = CARTESIAN_POINT('',(3.926990811752,27.63837338161));
#5047 = CARTESIAN_POINT('',(3.730641264577,28.592671809821));
#5048 = CARTESIAN_POINT('',(3.534291717356,29.683075240739));
#5049 = CARTESIAN_POINT('',(3.337942170153,30.841537852279));
#5050 = CARTESIAN_POINT('',(3.141592622947,32.000000180791));
#5051 = ( GEOMETRIC_REPRESENTATION_CONTEXT(2) 
PARAMETRIC_REPRESENTATION_CONTEXT() REPRESENTATION_CONTEXT('2D SPACE',''
  ) );
#5052 = ORIENTED_EDGE('',*,*,#5053,.T.);
#5053 = EDGE_CURVE('',#4997,#5054,#5056,.T.);
#5054 = VERTEX_POINT('',#5055);
#5055 = CARTESIAN_POINT('',(95.9,20.1,23.5));
#5056 = SURFACE_CURVE('',#5057,(#5062,#5075),.PCURVE_S1.);
#5057 = ELLIPSE('',#5058,8.343860018001,5.9);
#5058 = AXIS2_PLACEMENT_3D('',#5059,#5060,#5061);
#5059 = CARTESIAN_POINT('',(90.,26.,23.5));
#5060 = DIRECTION('',(0.707106781187,0.707106781187,0.));
#5061 = DIRECTION('',(0.707106781187,-0.707106781187,0.));
#5062 = PCURVE('',#2739,#5063);
#5063 = DEFINITIONAL_REPRESENTATION('',(#5064),#5074);
#5064 = B_SPLINE_CURVE_WITH_KNOTS('',8,(#5065,#5066,#5067,#5068,#5069,
    #5070,#5071,#5072,#5073),.UNSPECIFIED.,.F.,.F.,(9,9),(4.712388909332
    ,6.28318530718),.PIECEWISE_BEZIER_KNOTS.);
#5065 = CARTESIAN_POINT('',(-7.1052421724E-08,314.99999958079));
#5066 = CARTESIAN_POINT('',(0.196349478678,316.1584619242));
#5067 = CARTESIAN_POINT('',(0.392699028409,317.31692456073));
#5068 = CARTESIAN_POINT('',(0.589048578139,318.40732802566));
#5069 = CARTESIAN_POINT('',(0.78539812787,319.36162648948));
#5070 = CARTESIAN_POINT('',(0.9817476776,320.12012640295));
#5071 = CARTESIAN_POINT('',(1.178097227333,320.64004139783));
#5072 = CARTESIAN_POINT('',(1.374446777064,320.9));
#5073 = CARTESIAN_POINT('',(1.570796326795,320.9));
#5074 = ( GEOMETRIC_REPRESENTATION_CONTEXT(2) 
PARAMETRIC_REPRESENTATION_CONTEXT() REPRESENTATION_CONTEXT('2D SPACE',''
  ) );
#5075 = PCURVE('',#5028,#5076);
#5076 = DEFINITIONAL_REPRESENTATION('',(#5077),#5087);
#5077 = B_SPLINE_CURVE_WITH_KNOTS('',8,(#5078,#5079,#5080,#5081,#5082,
    #5083,#5084,#5085,#5086),.UNSPECIFIED.,.F.,.F.,(9,9),(4.712388909332
    ,6.28318530718),.PIECEWISE_BEZIER_KNOTS.);
#5078 = CARTESIAN_POINT('',(-7.1052421724E-08,32.000000419209));
#5079 = CARTESIAN_POINT('',(0.196349478678,30.841538075797));
#5080 = CARTESIAN_POINT('',(0.392699028409,29.683075438851));
#5081 = CARTESIAN_POINT('',(0.589048578139,28.59267197467));
#5082 = CARTESIAN_POINT('',(0.785398127869,27.638373508712));
#5083 = CARTESIAN_POINT('',(0.981747677601,26.879873597141));
#5084 = CARTESIAN_POINT('',(1.178097227333,26.359958601826));
#5085 = CARTESIAN_POINT('',(1.374446777064,26.1));
#5086 = CARTESIAN_POINT('',(1.570796326795,26.1));
#5087 = ( GEOMETRIC_REPRESENTATION_CONTEXT(2) 
PARAMETRIC_REPRESENTATION_CONTEXT() REPRESENTATION_CONTEXT('2D SPACE',''
  ) );
#5088 = ORIENTED_EDGE('',*,*,#5089,.T.);
#5089 = EDGE_CURVE('',#5054,#4999,#5090,.T.);
#5090 = SURFACE_CURVE('',#5091,(#5096,#5109),.PCURVE_S1.);
#5091 = ELLIPSE('',#5092,8.343860018001,5.9);
#5092 = AXIS2_PLACEMENT_3D('',#5093,#5094,#5095);
#5093 = CARTESIAN_POINT('',(90.,26.,23.5));
#5094 = DIRECTION('',(0.707106781187,0.707106781187,0.));
#5095 = DIRECTION('',(0.707106781187,-0.707106781187,0.));
#5096 = PCURVE('',#2739,#5097);
#5097 = DEFINITIONAL_REPRESENTATION('',(#5098),#5108);
#5098 = B_SPLINE_CURVE_WITH_KNOTS('',8,(#5099,#5100,#5101,#5102,#5103,
    #5104,#5105,#5106,#5107),.UNSPECIFIED.,.F.,.F.,(9,9),(0.,
    1.570796397847),.PIECEWISE_BEZIER_KNOTS.);
#5099 = CARTESIAN_POINT('',(1.570796326795,320.9));
#5100 = CARTESIAN_POINT('',(1.767145876526,320.9));
#5101 = CARTESIAN_POINT('',(1.963495426256,320.64004139789));
#5102 = CARTESIAN_POINT('',(2.159844975984,320.1201264028));
#5103 = CARTESIAN_POINT('',(2.356194525716,319.36162649035));
#5104 = CARTESIAN_POINT('',(2.552544075447,318.40732802557));
#5105 = CARTESIAN_POINT('',(2.74889362518,317.31692456086));
#5106 = CARTESIAN_POINT('',(2.945243174911,316.1584619242));
#5107 = CARTESIAN_POINT('',(3.141592724642,314.99999958079));
#5108 = ( GEOMETRIC_REPRESENTATION_CONTEXT(2) 
PARAMETRIC_REPRESENTATION_CONTEXT() REPRESENTATION_CONTEXT('2D SPACE',''
  ) );
#5109 = PCURVE('',#5028,#5110);
#5110 = DEFINITIONAL_REPRESENTATION('',(#5111),#5121);
#5111 = B_SPLINE_CURVE_WITH_KNOTS('',8,(#5112,#5113,#5114,#5115,#5116,
    #5117,#5118,#5119,#5120),.UNSPECIFIED.,.F.,.F.,(9,9),(0.,
    1.570796397847),.PIECEWISE_BEZIER_KNOTS.);
#5112 = CARTESIAN_POINT('',(1.570796326795,26.1));
#5113 = CARTESIAN_POINT('',(1.767145876526,26.1));
#5114 = CARTESIAN_POINT('',(1.963495426256,26.359958601837));
#5115 = CARTESIAN_POINT('',(2.159844975984,26.879873597122));
#5116 = CARTESIAN_POINT('',(2.356194525716,27.638373508855));
#5117 = CARTESIAN_POINT('',(2.552544075447,28.592671974625));
#5118 = CARTESIAN_POINT('',(2.74889362518,29.683075438861));
#5119 = CARTESIAN_POINT('',(2.945243174911,30.841538075797));
#5120 = CARTESIAN_POINT('',(3.141592724642,32.000000419209));
#5121 = ( GEOMETRIC_REPRESENTATION_CONTEXT(2) 
PARAMETRIC_REPRESENTATION_CONTEXT() REPRESENTATION_CONTEXT('2D SPACE',''
  ) );
#5122 = FACE_BOUND('',#5123,.F.);
#5123 = EDGE_LOOP('',(#5124,#5181,#5217));
#5124 = ORIENTED_EDGE('',*,*,#5125,.F.);
#5125 = EDGE_CURVE('',#5126,#5128,#5130,.T.);
#5126 = VERTEX_POINT('',#5127);
#5127 = CARTESIAN_POINT('',(135.,26.,29.4));
#5128 = VERTEX_POINT('',#5129);
#5129 = CARTESIAN_POINT('',(135.00000023841,26.,17.6));
#5130 = SURFACE_CURVE('',#5131,(#5136,#5156),.PCURVE_S1.);
#5131 = ELLIPSE('',#5132,8.343860018001,5.9);
#5132 = AXIS2_PLACEMENT_3D('',#5133,#5134,#5135);
#5133 = CARTESIAN_POINT('',(135.,26.,23.5));
#5134 = DIRECTION('',(0.707106781187,-0.707106781187,0.));
#5135 = DIRECTION('',(0.707106781187,0.707106781187,0.));
#5136 = PCURVE('',#2739,#5137);
#5137 = DEFINITIONAL_REPRESENTATION('',(#5138),#5155);
#5138 = B_SPLINE_CURVE_WITH_KNOTS('',8,(#5139,#5140,#5141,#5142,#5143,
    #5144,#5145,#5146,#5147,#5148,#5149,#5150,#5151,#5152,#5153,#5154),
  .UNSPECIFIED.,.F.,.F.,(9,7,9),(1.570796255742,3.141592633385,
    4.712389011027),.UNSPECIFIED.);
#5139 = CARTESIAN_POINT('',(-7.1052421724E-08,360.0000004192));
#5140 = CARTESIAN_POINT('',(0.196349476153,358.84153809069));
#5141 = CARTESIAN_POINT('',(0.392699023358,357.68307546827));
#5142 = CARTESIAN_POINT('',(0.589048570562,356.59267201752));
#5143 = CARTESIAN_POINT('',(0.785398117769,355.63837355593));
#5144 = CARTESIAN_POINT('',(0.981747664972,354.87987364619));
#5145 = CARTESIAN_POINT('',(1.178097212179,354.35995864153));
#5146 = CARTESIAN_POINT('',(1.374446759385,354.1000000234));
#5147 = CARTESIAN_POINT('',(1.767145853795,354.09999997659));
#5148 = CARTESIAN_POINT('',(1.963495400999,354.3599585483));
#5149 = CARTESIAN_POINT('',(2.15984494821,354.87987350769));
#5150 = CARTESIAN_POINT('',(2.356194495404,355.63837338198));
#5151 = CARTESIAN_POINT('',(2.552544042622,356.59267180934));
#5152 = CARTESIAN_POINT('',(2.748893589819,357.68307524079));
#5153 = CARTESIAN_POINT('',(2.945243137027,358.84153785227));
#5154 = CARTESIAN_POINT('',(3.141592684232,360.00000018079));
#5155 = ( GEOMETRIC_REPRESENTATION_CONTEXT(2) 
PARAMETRIC_REPRESENTATION_CONTEXT() REPRESENTATION_CONTEXT('2D SPACE',''
  ) );
#5156 = PCURVE('',#5157,#5162);
#5157 = CYLINDRICAL_SURFACE('',#5158,5.9);
#5158 = AXIS2_PLACEMENT_3D('',#5159,#5160,#5161);
#5159 = CARTESIAN_POINT('',(135.,-6.,23.5));
#5160 = DIRECTION('',(0.,1.,0.));
#5161 = DIRECTION('',(0.,-0.,1.));
#5162 = DEFINITIONAL_REPRESENTATION('',(#5163),#5180);
#5163 = B_SPLINE_CURVE_WITH_KNOTS('',8,(#5164,#5165,#5166,#5167,#5168,
    #5169,#5170,#5171,#5172,#5173,#5174,#5175,#5176,#5177,#5178,#5179),
  .UNSPECIFIED.,.F.,.F.,(9,7,9),(1.570796255742,3.141592633385,
    4.712389011027),.UNSPECIFIED.);
#5164 = CARTESIAN_POINT('',(6.283185378232,32.000000419209));
#5165 = CARTESIAN_POINT('',(6.086835831027,30.841538090698));
#5166 = CARTESIAN_POINT('',(5.890486283821,29.683075468614));
#5167 = CARTESIAN_POINT('',(5.694136736617,28.592672016822));
#5168 = CARTESIAN_POINT('',(5.497787189412,27.638373557751));
#5169 = CARTESIAN_POINT('',(5.301437642207,26.879873645972));
#5170 = CARTESIAN_POINT('',(5.105088095,26.359958641925));
#5171 = CARTESIAN_POINT('',(4.908738547795,26.100000023407));
#5172 = CARTESIAN_POINT('',(4.516039453384,26.099999976593));
#5173 = CARTESIAN_POINT('',(4.319689906177,26.359958548316));
#5174 = CARTESIAN_POINT('',(4.123340358985,26.879873508247));
#5175 = CARTESIAN_POINT('',(3.926990811757,27.63837338161));
#5176 = CARTESIAN_POINT('',(3.730641264574,28.592671809821));
#5177 = CARTESIAN_POINT('',(3.534291717356,29.683075240739));
#5178 = CARTESIAN_POINT('',(3.337942170153,30.841537852279));
#5179 = CARTESIAN_POINT('',(3.141592622947,32.000000180791));
#5180 = ( GEOMETRIC_REPRESENTATION_CONTEXT(2) 
PARAMETRIC_REPRESENTATION_CONTEXT() REPRESENTATION_CONTEXT('2D SPACE',''
  ) );
#5181 = ORIENTED_EDGE('',*,*,#5182,.T.);
#5182 = EDGE_CURVE('',#5126,#5183,#5185,.T.);
#5183 = VERTEX_POINT('',#5184);
#5184 = CARTESIAN_POINT('',(140.9,20.1,23.5));
#5185 = SURFACE_CURVE('',#5186,(#5191,#5204),.PCURVE_S1.);
#5186 = ELLIPSE('',#5187,8.343860018001,5.9);
#5187 = AXIS2_PLACEMENT_3D('',#5188,#5189,#5190);
#5188 = CARTESIAN_POINT('',(135.,26.,23.5));
#5189 = DIRECTION('',(0.707106781187,0.707106781187,0.));
#5190 = DIRECTION('',(0.707106781187,-0.707106781187,0.));
#5191 = PCURVE('',#2739,#5192);
#5192 = DEFINITIONAL_REPRESENTATION('',(#5193),#5203);
#5193 = B_SPLINE_CURVE_WITH_KNOTS('',8,(#5194,#5195,#5196,#5197,#5198,
    #5199,#5200,#5201,#5202),.UNSPECIFIED.,.F.,.F.,(9,9),(4.712388909332
    ,6.28318530718),.PIECEWISE_BEZIER_KNOTS.);
#5194 = CARTESIAN_POINT('',(-7.1052421724E-08,359.99999958079));
#5195 = CARTESIAN_POINT('',(0.196349478678,361.1584619242));
#5196 = CARTESIAN_POINT('',(0.392699028409,362.31692456133));
#5197 = CARTESIAN_POINT('',(0.589048578139,363.4073280238));
#5198 = CARTESIAN_POINT('',(0.78539812787,364.3616264923));
#5199 = CARTESIAN_POINT('',(0.9817476776,365.12012640114));
#5200 = CARTESIAN_POINT('',(1.178097227333,365.64004139838));
#5201 = CARTESIAN_POINT('',(1.374446777064,365.9));
#5202 = CARTESIAN_POINT('',(1.570796326795,365.9));
#5203 = ( GEOMETRIC_REPRESENTATION_CONTEXT(2) 
PARAMETRIC_REPRESENTATION_CONTEXT() REPRESENTATION_CONTEXT('2D SPACE',''
  ) );
#5204 = PCURVE('',#5157,#5205);
#5205 = DEFINITIONAL_REPRESENTATION('',(#5206),#5216);
#5206 = B_SPLINE_CURVE_WITH_KNOTS('',8,(#5207,#5208,#5209,#5210,#5211,
    #5212,#5213,#5214,#5215),.UNSPECIFIED.,.F.,.F.,(9,9),(4.712388909332
    ,6.28318530718),.PIECEWISE_BEZIER_KNOTS.);
#5207 = CARTESIAN_POINT('',(-7.105242350036E-08,32.000000419209));
#5208 = CARTESIAN_POINT('',(0.196349478678,30.841538075797));
#5209 = CARTESIAN_POINT('',(0.392699028409,29.683075438851));
#5210 = CARTESIAN_POINT('',(0.589048578141,28.59267197467));
#5211 = CARTESIAN_POINT('',(0.785398127867,27.638373508712));
#5212 = CARTESIAN_POINT('',(0.981747677602,26.879873597141));
#5213 = CARTESIAN_POINT('',(1.178097227332,26.359958601826));
#5214 = CARTESIAN_POINT('',(1.374446777064,26.1));
#5215 = CARTESIAN_POINT('',(1.570796326795,26.1));
#5216 = ( GEOMETRIC_REPRESENTATION_CONTEXT(2) 
PARAMETRIC_REPRESENTATION_CONTEXT() REPRESENTATION_CONTEXT('2D SPACE',''
  ) );
#5217 = ORIENTED_EDGE('',*,*,#5218,.T.);
#5218 = EDGE_CURVE('',#5183,#5128,#5219,.T.);
#5219 = SURFACE_CURVE('',#5220,(#5225,#5238),.PCURVE_S1.);
#5220 = ELLIPSE('',#5221,8.343860018001,5.9);
#5221 = AXIS2_PLACEMENT_3D('',#5222,#5223,#5224);
#5222 = CARTESIAN_POINT('',(135.,26.,23.5));
#5223 = DIRECTION('',(0.707106781187,0.707106781187,0.));
#5224 = DIRECTION('',(0.707106781187,-0.707106781187,0.));
#5225 = PCURVE('',#2739,#5226);
#5226 = DEFINITIONAL_REPRESENTATION('',(#5227),#5237);
#5227 = B_SPLINE_CURVE_WITH_KNOTS('',8,(#5228,#5229,#5230,#5231,#5232,
    #5233,#5234,#5235,#5236),.UNSPECIFIED.,.F.,.F.,(9,9),(0.,
    1.570796397847),.PIECEWISE_BEZIER_KNOTS.);
#5228 = CARTESIAN_POINT('',(1.570796326795,365.9));
#5229 = CARTESIAN_POINT('',(1.767145876526,365.9));
#5230 = CARTESIAN_POINT('',(1.963495426256,365.64004139834));
#5231 = CARTESIAN_POINT('',(2.159844975984,365.1201264013));
#5232 = CARTESIAN_POINT('',(2.356194525716,364.361626492));
#5233 = CARTESIAN_POINT('',(2.552544075447,363.40732802376));
#5234 = CARTESIAN_POINT('',(2.74889362518,362.31692456124));
#5235 = CARTESIAN_POINT('',(2.945243174911,361.1584619242));
#5236 = CARTESIAN_POINT('',(3.141592724642,359.99999958079));
#5237 = ( GEOMETRIC_REPRESENTATION_CONTEXT(2) 
PARAMETRIC_REPRESENTATION_CONTEXT() REPRESENTATION_CONTEXT('2D SPACE',''
  ) );
#5238 = PCURVE('',#5157,#5239);
#5239 = DEFINITIONAL_REPRESENTATION('',(#5240),#5250);
#5240 = B_SPLINE_CURVE_WITH_KNOTS('',8,(#5241,#5242,#5243,#5244,#5245,
    #5246,#5247,#5248,#5249),.UNSPECIFIED.,.F.,.F.,(9,9),(0.,
    1.570796397847),.PIECEWISE_BEZIER_KNOTS.);
#5241 = CARTESIAN_POINT('',(1.570796326795,26.1));
#5242 = CARTESIAN_POINT('',(1.767145876526,26.1));
#5243 = CARTESIAN_POINT('',(1.963495426254,26.359958601837));
#5244 = CARTESIAN_POINT('',(2.159844975991,26.879873597122));
#5245 = CARTESIAN_POINT('',(2.356194525707,27.638373508855));
#5246 = CARTESIAN_POINT('',(2.552544075454,28.592671974625));
#5247 = CARTESIAN_POINT('',(2.748893625177,29.683075438861));
#5248 = CARTESIAN_POINT('',(2.945243174911,30.841538075797));
#5249 = CARTESIAN_POINT('',(3.141592724642,32.000000419209));
#5250 = ( GEOMETRIC_REPRESENTATION_CONTEXT(2) 
PARAMETRIC_REPRESENTATION_CONTEXT() REPRESENTATION_CONTEXT('2D SPACE',''
  ) );
#5251 = FACE_BOUND('',#5252,.F.);
#5252 = EDGE_LOOP('',(#5253,#5310,#5346));
#5253 = ORIENTED_EDGE('',*,*,#5254,.F.);
#5254 = EDGE_CURVE('',#5255,#5257,#5259,.T.);
#5255 = VERTEX_POINT('',#5256);
#5256 = CARTESIAN_POINT('',(180.,26.,29.4));
#5257 = VERTEX_POINT('',#5258);
#5258 = CARTESIAN_POINT('',(180.00000023841,26.,17.6));
#5259 = SURFACE_CURVE('',#5260,(#5265,#5285),.PCURVE_S1.);
#5260 = ELLIPSE('',#5261,8.343860018001,5.9);
#5261 = AXIS2_PLACEMENT_3D('',#5262,#5263,#5264);
#5262 = CARTESIAN_POINT('',(180.,26.,23.5));
#5263 = DIRECTION('',(0.707106781187,-0.707106781187,0.));
#5264 = DIRECTION('',(0.707106781187,0.707106781187,0.));
#5265 = PCURVE('',#2739,#5266);
#5266 = DEFINITIONAL_REPRESENTATION('',(#5267),#5284);
#5267 = B_SPLINE_CURVE_WITH_KNOTS('',8,(#5268,#5269,#5270,#5271,#5272,
    #5273,#5274,#5275,#5276,#5277,#5278,#5279,#5280,#5281,#5282,#5283),
  .UNSPECIFIED.,.F.,.F.,(9,7,9),(1.570796255742,3.141592633385,
    4.712389011027),.UNSPECIFIED.);
#5268 = CARTESIAN_POINT('',(-7.1052421724E-08,405.0000004192));
#5269 = CARTESIAN_POINT('',(0.196349476153,403.84153809069));
#5270 = CARTESIAN_POINT('',(0.392699023358,402.68307546834));
#5271 = CARTESIAN_POINT('',(0.589048570562,401.59267201728));
#5272 = CARTESIAN_POINT('',(0.785398117769,400.63837355582));
#5273 = CARTESIAN_POINT('',(0.981747664972,399.8798736463));
#5274 = CARTESIAN_POINT('',(1.178097212179,399.35995864161));
#5275 = CARTESIAN_POINT('',(1.374446759385,399.1000000234));
#5276 = CARTESIAN_POINT('',(1.767145853795,399.09999997659));
#5277 = CARTESIAN_POINT('',(1.963495400999,399.35995854819));
#5278 = CARTESIAN_POINT('',(2.15984494821,399.87987350704));
#5279 = CARTESIAN_POINT('',(2.356194495404,400.63837338238));
#5280 = CARTESIAN_POINT('',(2.552544042622,401.59267180901));
#5281 = CARTESIAN_POINT('',(2.748893589819,402.6830752407));
#5282 = CARTESIAN_POINT('',(2.945243137027,403.84153785227));
#5283 = CARTESIAN_POINT('',(3.141592684232,405.00000018079));
#5284 = ( GEOMETRIC_REPRESENTATION_CONTEXT(2) 
PARAMETRIC_REPRESENTATION_CONTEXT() REPRESENTATION_CONTEXT('2D SPACE',''
  ) );
#5285 = PCURVE('',#5286,#5291);
#5286 = CYLINDRICAL_SURFACE('',#5287,5.9);
#5287 = AXIS2_PLACEMENT_3D('',#5288,#5289,#5290);
#5288 = CARTESIAN_POINT('',(180.,-6.,23.5));
#5289 = DIRECTION('',(0.,1.,0.));
#5290 = DIRECTION('',(0.,-0.,1.));
#5291 = DEFINITIONAL_REPRESENTATION('',(#5292),#5309);
#5292 = B_SPLINE_CURVE_WITH_KNOTS('',8,(#5293,#5294,#5295,#5296,#5297,
    #5298,#5299,#5300,#5301,#5302,#5303,#5304,#5305,#5306,#5307,#5308),
  .UNSPECIFIED.,.F.,.F.,(9,7,9),(1.570796255742,3.141592633385,
    4.712389011027),.UNSPECIFIED.);
#5293 = CARTESIAN_POINT('',(6.283185378232,32.000000419209));
#5294 = CARTESIAN_POINT('',(6.086835831027,30.841538090698));
#5295 = CARTESIAN_POINT('',(5.890486283821,29.683075468614));
#5296 = CARTESIAN_POINT('',(5.694136736617,28.592672016822));
#5297 = CARTESIAN_POINT('',(5.497787189412,27.638373557751));
#5298 = CARTESIAN_POINT('',(5.301437642207,26.879873645972));
#5299 = CARTESIAN_POINT('',(5.105088095,26.359958641925));
#5300 = CARTESIAN_POINT('',(4.908738547795,26.100000023407));
#5301 = CARTESIAN_POINT('',(4.516039453384,26.099999976593));
#5302 = CARTESIAN_POINT('',(4.319689906177,26.359958548316));
#5303 = CARTESIAN_POINT('',(4.123340358985,26.879873508247));
#5304 = CARTESIAN_POINT('',(3.926990811757,27.63837338161));
#5305 = CARTESIAN_POINT('',(3.730641264574,28.592671809821));
#5306 = CARTESIAN_POINT('',(3.534291717356,29.683075240739));
#5307 = CARTESIAN_POINT('',(3.337942170153,30.841537852279));
#5308 = CARTESIAN_POINT('',(3.141592622947,32.000000180791));
#5309 = ( GEOMETRIC_REPRESENTATION_CONTEXT(2) 
PARAMETRIC_REPRESENTATION_CONTEXT() REPRESENTATION_CONTEXT('2D SPACE',''
  ) );
#5310 = ORIENTED_EDGE('',*,*,#5311,.T.);
#5311 = EDGE_CURVE('',#5255,#5312,#5314,.T.);
#5312 = VERTEX_POINT('',#5313);
#5313 = CARTESIAN_POINT('',(185.9,20.1,23.5));
#5314 = SURFACE_CURVE('',#5315,(#5320,#5333),.PCURVE_S1.);
#5315 = ELLIPSE('',#5316,8.343860018001,5.9);
#5316 = AXIS2_PLACEMENT_3D('',#5317,#5318,#5319);
#5317 = CARTESIAN_POINT('',(180.,26.,23.5));
#5318 = DIRECTION('',(0.707106781187,0.707106781187,0.));
#5319 = DIRECTION('',(0.707106781187,-0.707106781187,0.));
#5320 = PCURVE('',#2739,#5321);
#5321 = DEFINITIONAL_REPRESENTATION('',(#5322),#5332);
#5322 = B_SPLINE_CURVE_WITH_KNOTS('',8,(#5323,#5324,#5325,#5326,#5327,
    #5328,#5329,#5330,#5331),.UNSPECIFIED.,.F.,.F.,(9,9),(4.712388909332
    ,6.28318530718),.PIECEWISE_BEZIER_KNOTS.);
#5323 = CARTESIAN_POINT('',(-7.1052421724E-08,404.99999958079));
#5324 = CARTESIAN_POINT('',(0.196349478678,406.1584619242));
#5325 = CARTESIAN_POINT('',(0.392699028409,407.31692456093));
#5326 = CARTESIAN_POINT('',(0.589048578139,408.40732802566));
#5327 = CARTESIAN_POINT('',(0.78539812787,409.36162648963));
#5328 = CARTESIAN_POINT('',(0.9817476776,410.1201264038));
#5329 = CARTESIAN_POINT('',(1.178097227333,410.64004139777));
#5330 = CARTESIAN_POINT('',(1.374446777064,410.9));
#5331 = CARTESIAN_POINT('',(1.570796326795,410.9));
#5332 = ( GEOMETRIC_REPRESENTATION_CONTEXT(2) 
PARAMETRIC_REPRESENTATION_CONTEXT() REPRESENTATION_CONTEXT('2D SPACE',''
  ) );
#5333 = PCURVE('',#5286,#5334);
#5334 = DEFINITIONAL_REPRESENTATION('',(#5335),#5345);
#5335 = B_SPLINE_CURVE_WITH_KNOTS('',8,(#5336,#5337,#5338,#5339,#5340,
    #5341,#5342,#5343,#5344),.UNSPECIFIED.,.F.,.F.,(9,9),(4.712388909332
    ,6.28318530718),.PIECEWISE_BEZIER_KNOTS.);
#5336 = CARTESIAN_POINT('',(-7.105242350036E-08,32.000000419209));
#5337 = CARTESIAN_POINT('',(0.196349478678,30.841538075797));
#5338 = CARTESIAN_POINT('',(0.392699028409,29.683075438851));
#5339 = CARTESIAN_POINT('',(0.589048578141,28.59267197467));
#5340 = CARTESIAN_POINT('',(0.785398127867,27.638373508712));
#5341 = CARTESIAN_POINT('',(0.981747677602,26.879873597141));
#5342 = CARTESIAN_POINT('',(1.178097227332,26.359958601826));
#5343 = CARTESIAN_POINT('',(1.374446777064,26.1));
#5344 = CARTESIAN_POINT('',(1.570796326795,26.1));
#5345 = ( GEOMETRIC_REPRESENTATION_CONTEXT(2) 
PARAMETRIC_REPRESENTATION_CONTEXT() REPRESENTATION_CONTEXT('2D SPACE',''
  ) );
#5346 = ORIENTED_EDGE('',*,*,#5347,.T.);
#5347 = EDGE_CURVE('',#5312,#5257,#5348,.T.);
#5348 = SURFACE_CURVE('',#5349,(#5354,#5367),.PCURVE_S1.);
#5349 = ELLIPSE('',#5350,8.343860018001,5.9);
#5350 = AXIS2_PLACEMENT_3D('',#5351,#5352,#5353);
#5351 = CARTESIAN_POINT('',(180.,26.,23.5));
#5352 = DIRECTION('',(0.707106781187,0.707106781187,0.));
#5353 = DIRECTION('',(0.707106781187,-0.707106781187,0.));
#5354 = PCURVE('',#2739,#5355);
#5355 = DEFINITIONAL_REPRESENTATION('',(#5356),#5366);
#5356 = B_SPLINE_CURVE_WITH_KNOTS('',8,(#5357,#5358,#5359,#5360,#5361,
    #5362,#5363,#5364,#5365),.UNSPECIFIED.,.F.,.F.,(9,9),(0.,
    1.570796397847),.PIECEWISE_BEZIER_KNOTS.);
#5357 = CARTESIAN_POINT('',(1.570796326795,410.9));
#5358 = CARTESIAN_POINT('',(1.767145876526,410.9));
#5359 = CARTESIAN_POINT('',(1.963495426256,410.64004139791));
#5360 = CARTESIAN_POINT('',(2.159844975984,410.12012640258));
#5361 = CARTESIAN_POINT('',(2.356194525716,409.36162648993));
#5362 = CARTESIAN_POINT('',(2.552544075447,408.40732802591));
#5363 = CARTESIAN_POINT('',(2.74889362518,407.31692456091));
#5364 = CARTESIAN_POINT('',(2.945243174911,406.1584619242));
#5365 = CARTESIAN_POINT('',(3.141592724642,404.99999958079));
#5366 = ( GEOMETRIC_REPRESENTATION_CONTEXT(2) 
PARAMETRIC_REPRESENTATION_CONTEXT() REPRESENTATION_CONTEXT('2D SPACE',''
  ) );
#5367 = PCURVE('',#5286,#5368);
#5368 = DEFINITIONAL_REPRESENTATION('',(#5369),#5379);
#5369 = B_SPLINE_CURVE_WITH_KNOTS('',8,(#5370,#5371,#5372,#5373,#5374,
    #5375,#5376,#5377,#5378),.UNSPECIFIED.,.F.,.F.,(9,9),(0.,
    1.570796397847),.PIECEWISE_BEZIER_KNOTS.);
#5370 = CARTESIAN_POINT('',(1.570796326795,26.1));
#5371 = CARTESIAN_POINT('',(1.767145876526,26.1));
#5372 = CARTESIAN_POINT('',(1.963495426254,26.359958601837));
#5373 = CARTESIAN_POINT('',(2.159844975991,26.879873597122));
#5374 = CARTESIAN_POINT('',(2.356194525707,27.638373508855));
#5375 = CARTESIAN_POINT('',(2.552544075454,28.592671974625));
#5376 = CARTESIAN_POINT('',(2.748893625177,29.683075438861));
#5377 = CARTESIAN_POINT('',(2.945243174911,30.841538075797));
#5378 = CARTESIAN_POINT('',(3.141592724642,32.000000419209));
#5379 = ( GEOMETRIC_REPRESENTATION_CONTEXT(2) 
PARAMETRIC_REPRESENTATION_CONTEXT() REPRESENTATION_CONTEXT('2D SPACE',''
  ) );
#5380 = ADVANCED_FACE('',(#5381,#5624,#5753,#5882,#6011,#6140,#6269,
    #6398,#6527,#6656),#2818,.F.);
#5381 = FACE_BOUND('',#5382,.F.);
#5382 = EDGE_LOOP('',(#5383,#5406,#5407,#5408,#5431,#5454,#5477,#5500,
    #5523,#5546,#5569,#5592,#5613,#5614,#5615,#5616,#5617,#5618,#5619,
    #5620,#5621,#5622,#5623));
#5383 = ORIENTED_EDGE('',*,*,#5384,.F.);
#5384 = EDGE_CURVE('',#2908,#5385,#5387,.T.);
#5385 = VERTEX_POINT('',#5386);
#5386 = CARTESIAN_POINT('',(-180.,26.,69.4));
#5387 = SEAM_CURVE('',#5388,(#5392,#5399),.PCURVE_S1.);
#5388 = LINE('',#5389,#5390);
#5389 = CARTESIAN_POINT('',(-225.,26.,69.4));
#5390 = VECTOR('',#5391,1.);
#5391 = DIRECTION('',(1.,0.,0.));
#5392 = PCURVE('',#2818,#5393);
#5393 = DEFINITIONAL_REPRESENTATION('',(#5394),#5398);
#5394 = LINE('',#5395,#5396);
#5395 = CARTESIAN_POINT('',(0.,-0.));
#5396 = VECTOR('',#5397,1.);
#5397 = DIRECTION('',(0.,1.));
#5398 = ( GEOMETRIC_REPRESENTATION_CONTEXT(2) 
PARAMETRIC_REPRESENTATION_CONTEXT() REPRESENTATION_CONTEXT('2D SPACE',''
  ) );
#5399 = PCURVE('',#2818,#5400);
#5400 = DEFINITIONAL_REPRESENTATION('',(#5401),#5405);
#5401 = LINE('',#5402,#5403);
#5402 = CARTESIAN_POINT('',(6.28318530718,-0.));
#5403 = VECTOR('',#5404,1.);
#5404 = DIRECTION('',(0.,1.));
#5405 = ( GEOMETRIC_REPRESENTATION_CONTEXT(2) 
PARAMETRIC_REPRESENTATION_CONTEXT() REPRESENTATION_CONTEXT('2D SPACE',''
  ) );
#5406 = ORIENTED_EDGE('',*,*,#2907,.T.);
#5407 = ORIENTED_EDGE('',*,*,#5384,.T.);
#5408 = ORIENTED_EDGE('',*,*,#5409,.T.);
#5409 = EDGE_CURVE('',#5385,#5410,#5412,.T.);
#5410 = VERTEX_POINT('',#5411);
#5411 = CARTESIAN_POINT('',(-135.,26.,69.4));
#5412 = SEAM_CURVE('',#5413,(#5417,#5424),.PCURVE_S1.);
#5413 = LINE('',#5414,#5415);
#5414 = CARTESIAN_POINT('',(-225.,26.,69.4));
#5415 = VECTOR('',#5416,1.);
#5416 = DIRECTION('',(1.,0.,0.));
#5417 = PCURVE('',#2818,#5418);
#5418 = DEFINITIONAL_REPRESENTATION('',(#5419),#5423);
#5419 = LINE('',#5420,#5421);
#5420 = CARTESIAN_POINT('',(0.,-0.));
#5421 = VECTOR('',#5422,1.);
#5422 = DIRECTION('',(0.,1.));
#5423 = ( GEOMETRIC_REPRESENTATION_CONTEXT(2) 
PARAMETRIC_REPRESENTATION_CONTEXT() REPRESENTATION_CONTEXT('2D SPACE',''
  ) );
#5424 = PCURVE('',#2818,#5425);
#5425 = DEFINITIONAL_REPRESENTATION('',(#5426),#5430);
#5426 = LINE('',#5427,#5428);
#5427 = CARTESIAN_POINT('',(6.28318530718,-0.));
#5428 = VECTOR('',#5429,1.);
#5429 = DIRECTION('',(0.,1.));
#5430 = ( GEOMETRIC_REPRESENTATION_CONTEXT(2) 
PARAMETRIC_REPRESENTATION_CONTEXT() REPRESENTATION_CONTEXT('2D SPACE',''
  ) );
#5431 = ORIENTED_EDGE('',*,*,#5432,.T.);
#5432 = EDGE_CURVE('',#5410,#5433,#5435,.T.);
#5433 = VERTEX_POINT('',#5434);
#5434 = CARTESIAN_POINT('',(-90.,26.,69.4));
#5435 = SEAM_CURVE('',#5436,(#5440,#5447),.PCURVE_S1.);
#5436 = LINE('',#5437,#5438);
#5437 = CARTESIAN_POINT('',(-225.,26.,69.4));
#5438 = VECTOR('',#5439,1.);
#5439 = DIRECTION('',(1.,0.,0.));
#5440 = PCURVE('',#2818,#5441);
#5441 = DEFINITIONAL_REPRESENTATION('',(#5442),#5446);
#5442 = LINE('',#5443,#5444);
#5443 = CARTESIAN_POINT('',(0.,-0.));
#5444 = VECTOR('',#5445,1.);
#5445 = DIRECTION('',(0.,1.));
#5446 = ( GEOMETRIC_REPRESENTATION_CONTEXT(2) 
PARAMETRIC_REPRESENTATION_CONTEXT() REPRESENTATION_CONTEXT('2D SPACE',''
  ) );
#5447 = PCURVE('',#2818,#5448);
#5448 = DEFINITIONAL_REPRESENTATION('',(#5449),#5453);
#5449 = LINE('',#5450,#5451);
#5450 = CARTESIAN_POINT('',(6.28318530718,-0.));
#5451 = VECTOR('',#5452,1.);
#5452 = DIRECTION('',(0.,1.));
#5453 = ( GEOMETRIC_REPRESENTATION_CONTEXT(2) 
PARAMETRIC_REPRESENTATION_CONTEXT() REPRESENTATION_CONTEXT('2D SPACE',''
  ) );
#5454 = ORIENTED_EDGE('',*,*,#5455,.T.);
#5455 = EDGE_CURVE('',#5433,#5456,#5458,.T.);
#5456 = VERTEX_POINT('',#5457);
#5457 = CARTESIAN_POINT('',(-45.,26.,69.4));
#5458 = SEAM_CURVE('',#5459,(#5463,#5470),.PCURVE_S1.);
#5459 = LINE('',#5460,#5461);
#5460 = CARTESIAN_POINT('',(-225.,26.,69.4));
#5461 = VECTOR('',#5462,1.);
#5462 = DIRECTION('',(1.,0.,0.));
#5463 = PCURVE('',#2818,#5464);
#5464 = DEFINITIONAL_REPRESENTATION('',(#5465),#5469);
#5465 = LINE('',#5466,#5467);
#5466 = CARTESIAN_POINT('',(0.,-0.));
#5467 = VECTOR('',#5468,1.);
#5468 = DIRECTION('',(0.,1.));
#5469 = ( GEOMETRIC_REPRESENTATION_CONTEXT(2) 
PARAMETRIC_REPRESENTATION_CONTEXT() REPRESENTATION_CONTEXT('2D SPACE',''
  ) );
#5470 = PCURVE('',#2818,#5471);
#5471 = DEFINITIONAL_REPRESENTATION('',(#5472),#5476);
#5472 = LINE('',#5473,#5474);
#5473 = CARTESIAN_POINT('',(6.28318530718,-0.));
#5474 = VECTOR('',#5475,1.);
#5475 = DIRECTION('',(0.,1.));
#5476 = ( GEOMETRIC_REPRESENTATION_CONTEXT(2) 
PARAMETRIC_REPRESENTATION_CONTEXT() REPRESENTATION_CONTEXT('2D SPACE',''
  ) );
#5477 = ORIENTED_EDGE('',*,*,#5478,.T.);
#5478 = EDGE_CURVE('',#5456,#5479,#5481,.T.);
#5479 = VERTEX_POINT('',#5480);
#5480 = CARTESIAN_POINT('',(-1.445083222994E-15,26.,69.4));
#5481 = SEAM_CURVE('',#5482,(#5486,#5493),.PCURVE_S1.);
#5482 = LINE('',#5483,#5484);
#5483 = CARTESIAN_POINT('',(-225.,26.,69.4));
#5484 = VECTOR('',#5485,1.);
#5485 = DIRECTION('',(1.,0.,0.));
#5486 = PCURVE('',#2818,#5487);
#5487 = DEFINITIONAL_REPRESENTATION('',(#5488),#5492);
#5488 = LINE('',#5489,#5490);
#5489 = CARTESIAN_POINT('',(0.,-0.));
#5490 = VECTOR('',#5491,1.);
#5491 = DIRECTION('',(0.,1.));
#5492 = ( GEOMETRIC_REPRESENTATION_CONTEXT(2) 
PARAMETRIC_REPRESENTATION_CONTEXT() REPRESENTATION_CONTEXT('2D SPACE',''
  ) );
#5493 = PCURVE('',#2818,#5494);
#5494 = DEFINITIONAL_REPRESENTATION('',(#5495),#5499);
#5495 = LINE('',#5496,#5497);
#5496 = CARTESIAN_POINT('',(6.28318530718,-0.));
#5497 = VECTOR('',#5498,1.);
#5498 = DIRECTION('',(0.,1.));
#5499 = ( GEOMETRIC_REPRESENTATION_CONTEXT(2) 
PARAMETRIC_REPRESENTATION_CONTEXT() REPRESENTATION_CONTEXT('2D SPACE',''
  ) );
#5500 = ORIENTED_EDGE('',*,*,#5501,.T.);
#5501 = EDGE_CURVE('',#5479,#5502,#5504,.T.);
#5502 = VERTEX_POINT('',#5503);
#5503 = CARTESIAN_POINT('',(45.,26.,69.4));
#5504 = SEAM_CURVE('',#5505,(#5509,#5516),.PCURVE_S1.);
#5505 = LINE('',#5506,#5507);
#5506 = CARTESIAN_POINT('',(-225.,26.,69.4));
#5507 = VECTOR('',#5508,1.);
#5508 = DIRECTION('',(1.,0.,0.));
#5509 = PCURVE('',#2818,#5510);
#5510 = DEFINITIONAL_REPRESENTATION('',(#5511),#5515);
#5511 = LINE('',#5512,#5513);
#5512 = CARTESIAN_POINT('',(0.,-0.));
#5513 = VECTOR('',#5514,1.);
#5514 = DIRECTION('',(0.,1.));
#5515 = ( GEOMETRIC_REPRESENTATION_CONTEXT(2) 
PARAMETRIC_REPRESENTATION_CONTEXT() REPRESENTATION_CONTEXT('2D SPACE',''
  ) );
#5516 = PCURVE('',#2818,#5517);
#5517 = DEFINITIONAL_REPRESENTATION('',(#5518),#5522);
#5518 = LINE('',#5519,#5520);
#5519 = CARTESIAN_POINT('',(6.28318530718,-0.));
#5520 = VECTOR('',#5521,1.);
#5521 = DIRECTION('',(0.,1.));
#5522 = ( GEOMETRIC_REPRESENTATION_CONTEXT(2) 
PARAMETRIC_REPRESENTATION_CONTEXT() REPRESENTATION_CONTEXT('2D SPACE',''
  ) );
#5523 = ORIENTED_EDGE('',*,*,#5524,.T.);
#5524 = EDGE_CURVE('',#5502,#5525,#5527,.T.);
#5525 = VERTEX_POINT('',#5526);
#5526 = CARTESIAN_POINT('',(90.,26.,69.4));
#5527 = SEAM_CURVE('',#5528,(#5532,#5539),.PCURVE_S1.);
#5528 = LINE('',#5529,#5530);
#5529 = CARTESIAN_POINT('',(-225.,26.,69.4));
#5530 = VECTOR('',#5531,1.);
#5531 = DIRECTION('',(1.,0.,0.));
#5532 = PCURVE('',#2818,#5533);
#5533 = DEFINITIONAL_REPRESENTATION('',(#5534),#5538);
#5534 = LINE('',#5535,#5536);
#5535 = CARTESIAN_POINT('',(0.,-0.));
#5536 = VECTOR('',#5537,1.);
#5537 = DIRECTION('',(0.,1.));
#5538 = ( GEOMETRIC_REPRESENTATION_CONTEXT(2) 
PARAMETRIC_REPRESENTATION_CONTEXT() REPRESENTATION_CONTEXT('2D SPACE',''
  ) );
#5539 = PCURVE('',#2818,#5540);
#5540 = DEFINITIONAL_REPRESENTATION('',(#5541),#5545);
#5541 = LINE('',#5542,#5543);
#5542 = CARTESIAN_POINT('',(6.28318530718,-0.));
#5543 = VECTOR('',#5544,1.);
#5544 = DIRECTION('',(0.,1.));
#5545 = ( GEOMETRIC_REPRESENTATION_CONTEXT(2) 
PARAMETRIC_REPRESENTATION_CONTEXT() REPRESENTATION_CONTEXT('2D SPACE',''
  ) );
#5546 = ORIENTED_EDGE('',*,*,#5547,.T.);
#5547 = EDGE_CURVE('',#5525,#5548,#5550,.T.);
#5548 = VERTEX_POINT('',#5549);
#5549 = CARTESIAN_POINT('',(135.,26.,69.4));
#5550 = SEAM_CURVE('',#5551,(#5555,#5562),.PCURVE_S1.);
#5551 = LINE('',#5552,#5553);
#5552 = CARTESIAN_POINT('',(-225.,26.,69.4));
#5553 = VECTOR('',#5554,1.);
#5554 = DIRECTION('',(1.,0.,0.));
#5555 = PCURVE('',#2818,#5556);
#5556 = DEFINITIONAL_REPRESENTATION('',(#5557),#5561);
#5557 = LINE('',#5558,#5559);
#5558 = CARTESIAN_POINT('',(0.,-0.));
#5559 = VECTOR('',#5560,1.);
#5560 = DIRECTION('',(0.,1.));
#5561 = ( GEOMETRIC_REPRESENTATION_CONTEXT(2) 
PARAMETRIC_REPRESENTATION_CONTEXT() REPRESENTATION_CONTEXT('2D SPACE',''
  ) );
#5562 = PCURVE('',#2818,#5563);
#5563 = DEFINITIONAL_REPRESENTATION('',(#5564),#5568);
#5564 = LINE('',#5565,#5566);
#5565 = CARTESIAN_POINT('',(6.28318530718,-0.));
#5566 = VECTOR('',#5567,1.);
#5567 = DIRECTION('',(0.,1.));
#5568 = ( GEOMETRIC_REPRESENTATION_CONTEXT(2) 
PARAMETRIC_REPRESENTATION_CONTEXT() REPRESENTATION_CONTEXT('2D SPACE',''
  ) );
#5569 = ORIENTED_EDGE('',*,*,#5570,.T.);
#5570 = EDGE_CURVE('',#5548,#5571,#5573,.T.);
#5571 = VERTEX_POINT('',#5572);
#5572 = CARTESIAN_POINT('',(180.,26.,69.4));
#5573 = SEAM_CURVE('',#5574,(#5578,#5585),.PCURVE_S1.);
#5574 = LINE('',#5575,#5576);
#5575 = CARTESIAN_POINT('',(-225.,26.,69.4));
#5576 = VECTOR('',#5577,1.);
#5577 = DIRECTION('',(1.,0.,0.));
#5578 = PCURVE('',#2818,#5579);
#5579 = DEFINITIONAL_REPRESENTATION('',(#5580),#5584);
#5580 = LINE('',#5581,#5582);
#5581 = CARTESIAN_POINT('',(0.,-0.));
#5582 = VECTOR('',#5583,1.);
#5583 = DIRECTION('',(0.,1.));
#5584 = ( GEOMETRIC_REPRESENTATION_CONTEXT(2) 
PARAMETRIC_REPRESENTATION_CONTEXT() REPRESENTATION_CONTEXT('2D SPACE',''
  ) );
#5585 = PCURVE('',#2818,#5586);
#5586 = DEFINITIONAL_REPRESENTATION('',(#5587),#5591);
#5587 = LINE('',#5588,#5589);
#5588 = CARTESIAN_POINT('',(6.28318530718,-0.));
#5589 = VECTOR('',#5590,1.);
#5590 = DIRECTION('',(0.,1.));
#5591 = ( GEOMETRIC_REPRESENTATION_CONTEXT(2) 
PARAMETRIC_REPRESENTATION_CONTEXT() REPRESENTATION_CONTEXT('2D SPACE',''
  ) );
#5592 = ORIENTED_EDGE('',*,*,#5593,.T.);
#5593 = EDGE_CURVE('',#5571,#2802,#5594,.T.);
#5594 = SEAM_CURVE('',#5595,(#5599,#5606),.PCURVE_S1.);
#5595 = LINE('',#5596,#5597);
#5596 = CARTESIAN_POINT('',(-225.,26.,69.4));
#5597 = VECTOR('',#5598,1.);
#5598 = DIRECTION('',(1.,0.,0.));
#5599 = PCURVE('',#2818,#5600);
#5600 = DEFINITIONAL_REPRESENTATION('',(#5601),#5605);
#5601 = LINE('',#5602,#5603);
#5602 = CARTESIAN_POINT('',(0.,-0.));
#5603 = VECTOR('',#5604,1.);
#5604 = DIRECTION('',(0.,1.));
#5605 = ( GEOMETRIC_REPRESENTATION_CONTEXT(2) 
PARAMETRIC_REPRESENTATION_CONTEXT() REPRESENTATION_CONTEXT('2D SPACE',''
  ) );
#5606 = PCURVE('',#2818,#5607);
#5607 = DEFINITIONAL_REPRESENTATION('',(#5608),#5612);
#5608 = LINE('',#5609,#5610);
#5609 = CARTESIAN_POINT('',(6.28318530718,-0.));
#5610 = VECTOR('',#5611,1.);
#5611 = DIRECTION('',(0.,1.));
#5612 = ( GEOMETRIC_REPRESENTATION_CONTEXT(2) 
PARAMETRIC_REPRESENTATION_CONTEXT() REPRESENTATION_CONTEXT('2D SPACE',''
  ) );
#5613 = ORIENTED_EDGE('',*,*,#2801,.T.);
#5614 = ORIENTED_EDGE('',*,*,#2830,.T.);
#5615 = ORIENTED_EDGE('',*,*,#5593,.F.);
#5616 = ORIENTED_EDGE('',*,*,#5570,.F.);
#5617 = ORIENTED_EDGE('',*,*,#5547,.F.);
#5618 = ORIENTED_EDGE('',*,*,#5524,.F.);
#5619 = ORIENTED_EDGE('',*,*,#5501,.F.);
#5620 = ORIENTED_EDGE('',*,*,#5478,.F.);
#5621 = ORIENTED_EDGE('',*,*,#5455,.F.);
#5622 = ORIENTED_EDGE('',*,*,#5432,.F.);
#5623 = ORIENTED_EDGE('',*,*,#5409,.F.);
#5624 = FACE_BOUND('',#5625,.F.);
#5625 = EDGE_LOOP('',(#5626,#5683,#5719));
#5626 = ORIENTED_EDGE('',*,*,#5627,.F.);
#5627 = EDGE_CURVE('',#5628,#5630,#5632,.T.);
#5628 = VERTEX_POINT('',#5629);
#5629 = CARTESIAN_POINT('',(-180.,26.,69.4));
#5630 = VERTEX_POINT('',#5631);
#5631 = CARTESIAN_POINT('',(-180.,26.,57.6));
#5632 = SURFACE_CURVE('',#5633,(#5638,#5658),.PCURVE_S1.);
#5633 = ELLIPSE('',#5634,8.343860018001,5.9);
#5634 = AXIS2_PLACEMENT_3D('',#5635,#5636,#5637);
#5635 = CARTESIAN_POINT('',(-180.,26.,63.5));
#5636 = DIRECTION('',(0.707106781187,-0.707106781187,0.));
#5637 = DIRECTION('',(0.707106781187,0.707106781187,0.));
#5638 = PCURVE('',#2818,#5639);
#5639 = DEFINITIONAL_REPRESENTATION('',(#5640),#5657);
#5640 = B_SPLINE_CURVE_WITH_KNOTS('',8,(#5641,#5642,#5643,#5644,#5645,
    #5646,#5647,#5648,#5649,#5650,#5651,#5652,#5653,#5654,#5655,#5656),
  .UNSPECIFIED.,.F.,.F.,(9,7,9),(1.570796215333,3.141592592975,
    4.712388970617),.UNSPECIFIED.);
#5641 = CARTESIAN_POINT('',(-1.114623504606E-07,45.000000657628));
#5642 = CARTESIAN_POINT('',(0.196349435743,43.841538329117));
#5643 = CARTESIAN_POINT('',(0.392698982948,42.683075696553));
#5644 = CARTESIAN_POINT('',(0.589048530153,41.592672223588));
#5645 = CARTESIAN_POINT('',(0.785398077356,40.638373734179));
#5646 = CARTESIAN_POINT('',(0.981747624563,39.879873783538));
#5647 = CARTESIAN_POINT('',(1.178097171769,39.35995873557));
#5648 = CARTESIAN_POINT('',(1.374446718975,39.10000007022));
#5649 = CARTESIAN_POINT('',(1.767145813385,39.09999992978));
#5650 = CARTESIAN_POINT('',(1.963495360591,39.359958454635));
#5651 = CARTESIAN_POINT('',(2.15984490779,39.879873370732));
#5652 = CARTESIAN_POINT('',(2.356194455005,40.63837320511));
#5653 = CARTESIAN_POINT('',(2.552544002202,41.592671603087));
#5654 = CARTESIAN_POINT('',(2.748893549412,42.683075012769));
#5655 = CARTESIAN_POINT('',(2.945243096617,43.841537613861));
#5656 = CARTESIAN_POINT('',(3.141592643822,44.999999942372));
#5657 = ( GEOMETRIC_REPRESENTATION_CONTEXT(2) 
PARAMETRIC_REPRESENTATION_CONTEXT() REPRESENTATION_CONTEXT('2D SPACE',''
  ) );
#5658 = PCURVE('',#5659,#5664);
#5659 = CYLINDRICAL_SURFACE('',#5660,5.9);
#5660 = AXIS2_PLACEMENT_3D('',#5661,#5662,#5663);
#5661 = CARTESIAN_POINT('',(-180.,-6.,63.5));
#5662 = DIRECTION('',(0.,1.,0.));
#5663 = DIRECTION('',(0.,-0.,1.));
#5664 = DEFINITIONAL_REPRESENTATION('',(#5665),#5682);
#5665 = B_SPLINE_CURVE_WITH_KNOTS('',8,(#5666,#5667,#5668,#5669,#5670,
    #5671,#5672,#5673,#5674,#5675,#5676,#5677,#5678,#5679,#5680,#5681),
  .UNSPECIFIED.,.F.,.F.,(9,7,9),(1.570796215333,3.141592592975,
    4.712388970617),.UNSPECIFIED.);
#5666 = CARTESIAN_POINT('',(6.283185418642,32.000000657628));
#5667 = CARTESIAN_POINT('',(6.086835871437,30.841538329117));
#5668 = CARTESIAN_POINT('',(5.890486324231,29.68307569656));
#5669 = CARTESIAN_POINT('',(5.69413677703,28.592672223622));
#5670 = CARTESIAN_POINT('',(5.497787229819,27.63837373414));
#5671 = CARTESIAN_POINT('',(5.301437682618,26.879873783592));
#5672 = CARTESIAN_POINT('',(5.10508813541,26.359958735573));
#5673 = CARTESIAN_POINT('',(4.908738588205,26.10000007022));
#5674 = CARTESIAN_POINT('',(4.516039493794,26.09999992978));
#5675 = CARTESIAN_POINT('',(4.319689946587,26.359958454723));
#5676 = CARTESIAN_POINT('',(4.123340399393,26.879873370438));
#5677 = CARTESIAN_POINT('',(3.92699085217,27.63837320547));
#5678 = CARTESIAN_POINT('',(3.730641304982,28.592671602825));
#5679 = CARTESIAN_POINT('',(3.534291757767,29.683075012844));
#5680 = CARTESIAN_POINT('',(3.337942210563,30.841537613861));
#5681 = CARTESIAN_POINT('',(3.141592663357,31.999999942372));
#5682 = ( GEOMETRIC_REPRESENTATION_CONTEXT(2) 
PARAMETRIC_REPRESENTATION_CONTEXT() REPRESENTATION_CONTEXT('2D SPACE',''
  ) );
#5683 = ORIENTED_EDGE('',*,*,#5684,.T.);
#5684 = EDGE_CURVE('',#5628,#5685,#5687,.T.);
#5685 = VERTEX_POINT('',#5686);
#5686 = CARTESIAN_POINT('',(-174.1,20.1,63.5));
#5687 = SURFACE_CURVE('',#5688,(#5693,#5706),.PCURVE_S1.);
#5688 = ELLIPSE('',#5689,8.343860018001,5.9);
#5689 = AXIS2_PLACEMENT_3D('',#5690,#5691,#5692);
#5690 = CARTESIAN_POINT('',(-180.,26.,63.5));
#5691 = DIRECTION('',(0.707106781187,0.707106781187,0.));
#5692 = DIRECTION('',(0.707106781187,-0.707106781187,0.));
#5693 = PCURVE('',#2818,#5694);
#5694 = DEFINITIONAL_REPRESENTATION('',(#5695),#5705);
#5695 = B_SPLINE_CURVE_WITH_KNOTS('',8,(#5696,#5697,#5698,#5699,#5700,
    #5701,#5702,#5703,#5704),.UNSPECIFIED.,.F.,.F.,(9,9),(4.712388868922
    ,6.28318530718),.PIECEWISE_BEZIER_KNOTS.);
#5696 = CARTESIAN_POINT('',(-1.114623504606E-07,44.999999342372));
#5697 = CARTESIAN_POINT('',(0.19634944332,46.158461715587));
#5698 = CARTESIAN_POINT('',(0.392698998101,47.316924392807));
#5699 = CARTESIAN_POINT('',(0.589048552885,48.407327902497));
#5700 = CARTESIAN_POINT('',(0.785398107662,49.361626413164));
#5701 = CARTESIAN_POINT('',(0.981747662448,50.120126362678));
#5702 = CARTESIAN_POINT('',(1.17809721723,50.640041384802));
#5703 = CARTESIAN_POINT('',(1.374446772013,50.9));
#5704 = CARTESIAN_POINT('',(1.570796326795,50.9));
#5705 = ( GEOMETRIC_REPRESENTATION_CONTEXT(2) 
PARAMETRIC_REPRESENTATION_CONTEXT() REPRESENTATION_CONTEXT('2D SPACE',''
  ) );
#5706 = PCURVE('',#5659,#5707);
#5707 = DEFINITIONAL_REPRESENTATION('',(#5708),#5718);
#5708 = B_SPLINE_CURVE_WITH_KNOTS('',8,(#5709,#5710,#5711,#5712,#5713,
    #5714,#5715,#5716,#5717),.UNSPECIFIED.,.F.,.F.,(9,9),(4.712388868922
    ,6.28318530718),.PIECEWISE_BEZIER_KNOTS.);
#5709 = CARTESIAN_POINT('',(-1.114623522369E-07,32.000000657628));
#5710 = CARTESIAN_POINT('',(0.19634944332,30.841538284413));
#5711 = CARTESIAN_POINT('',(0.392698998102,29.68307560713));
#5712 = CARTESIAN_POINT('',(0.589048552883,28.592672097416));
#5713 = CARTESIAN_POINT('',(0.785398107667,27.638373586732));
#5714 = CARTESIAN_POINT('',(0.981747662446,26.879873637282));
#5715 = CARTESIAN_POINT('',(1.17809721723,26.35995861518));
#5716 = CARTESIAN_POINT('',(1.374446772013,26.1));
#5717 = CARTESIAN_POINT('',(1.570796326795,26.1));
#5718 = ( GEOMETRIC_REPRESENTATION_CONTEXT(2) 
PARAMETRIC_REPRESENTATION_CONTEXT() REPRESENTATION_CONTEXT('2D SPACE',''
  ) );
#5719 = ORIENTED_EDGE('',*,*,#5720,.T.);
#5720 = EDGE_CURVE('',#5685,#5630,#5721,.T.);
#5721 = SURFACE_CURVE('',#5722,(#5727,#5740),.PCURVE_S1.);
#5722 = ELLIPSE('',#5723,8.343860018001,5.9);
#5723 = AXIS2_PLACEMENT_3D('',#5724,#5725,#5726);
#5724 = CARTESIAN_POINT('',(-180.,26.,63.5));
#5725 = DIRECTION('',(0.707106781187,0.707106781187,0.));
#5726 = DIRECTION('',(0.707106781187,-0.707106781187,0.));
#5727 = PCURVE('',#2818,#5728);
#5728 = DEFINITIONAL_REPRESENTATION('',(#5729),#5739);
#5729 = B_SPLINE_CURVE_WITH_KNOTS('',8,(#5730,#5731,#5732,#5733,#5734,
    #5735,#5736,#5737,#5738),.UNSPECIFIED.,.F.,.F.,(9,9),(0.,
    1.570796438257),.PIECEWISE_BEZIER_KNOTS.);
#5730 = CARTESIAN_POINT('',(1.570796326795,50.9));
#5731 = CARTESIAN_POINT('',(1.767145881577,50.9));
#5732 = CARTESIAN_POINT('',(1.963495436358,50.640041384785));
#5733 = CARTESIAN_POINT('',(2.15984499114,50.120126362628));
#5734 = CARTESIAN_POINT('',(2.35619454592,49.36162641313));
#5735 = CARTESIAN_POINT('',(2.552544100701,48.407327902476));
#5736 = CARTESIAN_POINT('',(2.748893655487,47.316924392837));
#5737 = CARTESIAN_POINT('',(2.94524321027,46.158461715587));
#5738 = CARTESIAN_POINT('',(3.141592765052,44.999999342372));
#5739 = ( GEOMETRIC_REPRESENTATION_CONTEXT(2) 
PARAMETRIC_REPRESENTATION_CONTEXT() REPRESENTATION_CONTEXT('2D SPACE',''
  ) );
#5740 = PCURVE('',#5659,#5741);
#5741 = DEFINITIONAL_REPRESENTATION('',(#5742),#5752);
#5742 = B_SPLINE_CURVE_WITH_KNOTS('',8,(#5743,#5744,#5745,#5746,#5747,
    #5748,#5749,#5750,#5751),.UNSPECIFIED.,.F.,.F.,(9,9),(0.,
    1.570796438257),.PIECEWISE_BEZIER_KNOTS.);
#5743 = CARTESIAN_POINT('',(1.570796326795,26.1));
#5744 = CARTESIAN_POINT('',(1.767145881577,26.1));
#5745 = CARTESIAN_POINT('',(1.963495436358,26.359958615168));
#5746 = CARTESIAN_POINT('',(2.159844991142,26.879873637337));
#5747 = CARTESIAN_POINT('',(2.356194545915,27.638373586699));
#5748 = CARTESIAN_POINT('',(2.552544100708,28.592672097511));
#5749 = CARTESIAN_POINT('',(2.748893655486,29.683075607137));
#5750 = CARTESIAN_POINT('',(2.94524321027,30.841538284413));
#5751 = CARTESIAN_POINT('',(3.141592765052,32.000000657628));
#5752 = ( GEOMETRIC_REPRESENTATION_CONTEXT(2) 
PARAMETRIC_REPRESENTATION_CONTEXT() REPRESENTATION_CONTEXT('2D SPACE',''
  ) );
#5753 = FACE_BOUND('',#5754,.F.);
#5754 = EDGE_LOOP('',(#5755,#5812,#5848));
#5755 = ORIENTED_EDGE('',*,*,#5756,.F.);
#5756 = EDGE_CURVE('',#5757,#5759,#5761,.T.);
#5757 = VERTEX_POINT('',#5758);
#5758 = CARTESIAN_POINT('',(-135.,26.,69.4));
#5759 = VERTEX_POINT('',#5760);
#5760 = CARTESIAN_POINT('',(-135.,26.,57.6));
#5761 = SURFACE_CURVE('',#5762,(#5767,#5787),.PCURVE_S1.);
#5762 = ELLIPSE('',#5763,8.343860018001,5.9);
#5763 = AXIS2_PLACEMENT_3D('',#5764,#5765,#5766);
#5764 = CARTESIAN_POINT('',(-135.,26.,63.5));
#5765 = DIRECTION('',(0.707106781187,-0.707106781187,0.));
#5766 = DIRECTION('',(0.707106781187,0.707106781187,0.));
#5767 = PCURVE('',#2818,#5768);
#5768 = DEFINITIONAL_REPRESENTATION('',(#5769),#5786);
#5769 = B_SPLINE_CURVE_WITH_KNOTS('',8,(#5770,#5771,#5772,#5773,#5774,
    #5775,#5776,#5777,#5778,#5779,#5780,#5781,#5782,#5783,#5784,#5785),
  .UNSPECIFIED.,.F.,.F.,(9,7,9),(1.570796215333,3.141592592975,
    4.712388970617),.UNSPECIFIED.);
#5770 = CARTESIAN_POINT('',(-1.114623504606E-07,90.000000657628));
#5771 = CARTESIAN_POINT('',(0.196349435743,88.841538329117));
#5772 = CARTESIAN_POINT('',(0.392698982948,87.683075696564));
#5773 = CARTESIAN_POINT('',(0.589048530153,86.592672223509));
#5774 = CARTESIAN_POINT('',(0.785398077356,85.638373734186));
#5775 = CARTESIAN_POINT('',(0.981747624563,84.879873783409));
#5776 = CARTESIAN_POINT('',(1.178097171769,84.359958735582));
#5777 = CARTESIAN_POINT('',(1.374446718975,84.10000007022));
#5778 = CARTESIAN_POINT('',(1.767145813385,84.09999992978));
#5779 = CARTESIAN_POINT('',(1.963495360591,84.359958454583));
#5780 = CARTESIAN_POINT('',(2.15984490779,84.879873370758));
#5781 = CARTESIAN_POINT('',(2.356194455005,85.638373204773));
#5782 = CARTESIAN_POINT('',(2.552544002202,86.592671603177));
#5783 = CARTESIAN_POINT('',(2.748893549412,87.683075012686));
#5784 = CARTESIAN_POINT('',(2.945243096617,88.841537613861));
#5785 = CARTESIAN_POINT('',(3.141592643822,89.999999942372));
#5786 = ( GEOMETRIC_REPRESENTATION_CONTEXT(2) 
PARAMETRIC_REPRESENTATION_CONTEXT() REPRESENTATION_CONTEXT('2D SPACE',''
  ) );
#5787 = PCURVE('',#5788,#5793);
#5788 = CYLINDRICAL_SURFACE('',#5789,5.9);
#5789 = AXIS2_PLACEMENT_3D('',#5790,#5791,#5792);
#5790 = CARTESIAN_POINT('',(-135.,-6.,63.5));
#5791 = DIRECTION('',(0.,1.,0.));
#5792 = DIRECTION('',(0.,-0.,1.));
#5793 = DEFINITIONAL_REPRESENTATION('',(#5794),#5811);
#5794 = B_SPLINE_CURVE_WITH_KNOTS('',8,(#5795,#5796,#5797,#5798,#5799,
    #5800,#5801,#5802,#5803,#5804,#5805,#5806,#5807,#5808,#5809,#5810),
  .UNSPECIFIED.,.F.,.F.,(9,7,9),(1.570796215333,3.141592592975,
    4.712388970617),.UNSPECIFIED.);
#5795 = CARTESIAN_POINT('',(6.283185418642,32.000000657628));
#5796 = CARTESIAN_POINT('',(6.086835871437,30.841538329117));
#5797 = CARTESIAN_POINT('',(5.890486324231,29.68307569656));
#5798 = CARTESIAN_POINT('',(5.69413677703,28.592672223622));
#5799 = CARTESIAN_POINT('',(5.497787229819,27.63837373414));
#5800 = CARTESIAN_POINT('',(5.301437682618,26.879873783592));
#5801 = CARTESIAN_POINT('',(5.10508813541,26.359958735573));
#5802 = CARTESIAN_POINT('',(4.908738588205,26.10000007022));
#5803 = CARTESIAN_POINT('',(4.516039493794,26.09999992978));
#5804 = CARTESIAN_POINT('',(4.319689946587,26.359958454723));
#5805 = CARTESIAN_POINT('',(4.123340399393,26.879873370438));
#5806 = CARTESIAN_POINT('',(3.92699085217,27.63837320547));
#5807 = CARTESIAN_POINT('',(3.730641304982,28.592671602825));
#5808 = CARTESIAN_POINT('',(3.534291757767,29.683075012844));
#5809 = CARTESIAN_POINT('',(3.337942210563,30.841537613861));
#5810 = CARTESIAN_POINT('',(3.141592663357,31.999999942372));
#5811 = ( GEOMETRIC_REPRESENTATION_CONTEXT(2) 
PARAMETRIC_REPRESENTATION_CONTEXT() REPRESENTATION_CONTEXT('2D SPACE',''
  ) );
#5812 = ORIENTED_EDGE('',*,*,#5813,.T.);
#5813 = EDGE_CURVE('',#5757,#5814,#5816,.T.);
#5814 = VERTEX_POINT('',#5815);
#5815 = CARTESIAN_POINT('',(-129.1,20.1,63.5));
#5816 = SURFACE_CURVE('',#5817,(#5822,#5835),.PCURVE_S1.);
#5817 = ELLIPSE('',#5818,8.343860018001,5.9);
#5818 = AXIS2_PLACEMENT_3D('',#5819,#5820,#5821);
#5819 = CARTESIAN_POINT('',(-135.,26.,63.5));
#5820 = DIRECTION('',(0.707106781187,0.707106781187,0.));
#5821 = DIRECTION('',(0.707106781187,-0.707106781187,0.));
#5822 = PCURVE('',#2818,#5823);
#5823 = DEFINITIONAL_REPRESENTATION('',(#5824),#5834);
#5824 = B_SPLINE_CURVE_WITH_KNOTS('',8,(#5825,#5826,#5827,#5828,#5829,
    #5830,#5831,#5832,#5833),.UNSPECIFIED.,.F.,.F.,(9,9),(4.712388868922
    ,6.28318530718),.PIECEWISE_BEZIER_KNOTS.);
#5825 = CARTESIAN_POINT('',(-1.114623504606E-07,89.999999342372));
#5826 = CARTESIAN_POINT('',(0.19634944332,91.158461715587));
#5827 = CARTESIAN_POINT('',(0.392698998101,92.316924392665));
#5828 = CARTESIAN_POINT('',(0.589048552885,93.407327902885));
#5829 = CARTESIAN_POINT('',(0.785398107662,94.361626412257));
#5830 = CARTESIAN_POINT('',(0.981747662448,95.120126363007));
#5831 = CARTESIAN_POINT('',(1.17809721723,95.64004138466));
#5832 = CARTESIAN_POINT('',(1.374446772013,95.9));
#5833 = CARTESIAN_POINT('',(1.570796326795,95.9));
#5834 = ( GEOMETRIC_REPRESENTATION_CONTEXT(2) 
PARAMETRIC_REPRESENTATION_CONTEXT() REPRESENTATION_CONTEXT('2D SPACE',''
  ) );
#5835 = PCURVE('',#5788,#5836);
#5836 = DEFINITIONAL_REPRESENTATION('',(#5837),#5847);
#5837 = B_SPLINE_CURVE_WITH_KNOTS('',8,(#5838,#5839,#5840,#5841,#5842,
    #5843,#5844,#5845,#5846),.UNSPECIFIED.,.F.,.F.,(9,9),(4.712388868922
    ,6.28318530718),.PIECEWISE_BEZIER_KNOTS.);
#5838 = CARTESIAN_POINT('',(-1.114623522369E-07,32.000000657628));
#5839 = CARTESIAN_POINT('',(0.19634944332,30.841538284413));
#5840 = CARTESIAN_POINT('',(0.392698998102,29.68307560713));
#5841 = CARTESIAN_POINT('',(0.589048552883,28.592672097416));
#5842 = CARTESIAN_POINT('',(0.785398107667,27.638373586732));
#5843 = CARTESIAN_POINT('',(0.981747662446,26.879873637282));
#5844 = CARTESIAN_POINT('',(1.17809721723,26.35995861518));
#5845 = CARTESIAN_POINT('',(1.374446772013,26.1));
#5846 = CARTESIAN_POINT('',(1.570796326795,26.1));
#5847 = ( GEOMETRIC_REPRESENTATION_CONTEXT(2) 
PARAMETRIC_REPRESENTATION_CONTEXT() REPRESENTATION_CONTEXT('2D SPACE',''
  ) );
#5848 = ORIENTED_EDGE('',*,*,#5849,.T.);
#5849 = EDGE_CURVE('',#5814,#5759,#5850,.T.);
#5850 = SURFACE_CURVE('',#5851,(#5856,#5869),.PCURVE_S1.);
#5851 = ELLIPSE('',#5852,8.343860018001,5.9);
#5852 = AXIS2_PLACEMENT_3D('',#5853,#5854,#5855);
#5853 = CARTESIAN_POINT('',(-135.,26.,63.5));
#5854 = DIRECTION('',(0.707106781187,0.707106781187,0.));
#5855 = DIRECTION('',(0.707106781187,-0.707106781187,0.));
#5856 = PCURVE('',#2818,#5857);
#5857 = DEFINITIONAL_REPRESENTATION('',(#5858),#5868);
#5858 = B_SPLINE_CURVE_WITH_KNOTS('',8,(#5859,#5860,#5861,#5862,#5863,
    #5864,#5865,#5866,#5867),.UNSPECIFIED.,.F.,.F.,(9,9),(0.,
    1.570796438257),.PIECEWISE_BEZIER_KNOTS.);
#5859 = CARTESIAN_POINT('',(1.570796326795,95.9));
#5860 = CARTESIAN_POINT('',(1.767145881577,95.9));
#5861 = CARTESIAN_POINT('',(1.963495436358,95.640041384828));
#5862 = CARTESIAN_POINT('',(2.15984499114,95.120126362395));
#5863 = CARTESIAN_POINT('',(2.35619454592,94.361626413493));
#5864 = CARTESIAN_POINT('',(2.552544100701,93.407327902176));
#5865 = CARTESIAN_POINT('',(2.748893655487,92.316924392878));
#5866 = CARTESIAN_POINT('',(2.94524321027,91.158461715587));
#5867 = CARTESIAN_POINT('',(3.141592765052,89.999999342372));
#5868 = ( GEOMETRIC_REPRESENTATION_CONTEXT(2) 
PARAMETRIC_REPRESENTATION_CONTEXT() REPRESENTATION_CONTEXT('2D SPACE',''
  ) );
#5869 = PCURVE('',#5788,#5870);
#5870 = DEFINITIONAL_REPRESENTATION('',(#5871),#5881);
#5871 = B_SPLINE_CURVE_WITH_KNOTS('',8,(#5872,#5873,#5874,#5875,#5876,
    #5877,#5878,#5879,#5880),.UNSPECIFIED.,.F.,.F.,(9,9),(0.,
    1.570796438257),.PIECEWISE_BEZIER_KNOTS.);
#5872 = CARTESIAN_POINT('',(1.570796326795,26.1));
#5873 = CARTESIAN_POINT('',(1.767145881577,26.1));
#5874 = CARTESIAN_POINT('',(1.963495436358,26.359958615168));
#5875 = CARTESIAN_POINT('',(2.159844991142,26.879873637337));
#5876 = CARTESIAN_POINT('',(2.356194545915,27.638373586699));
#5877 = CARTESIAN_POINT('',(2.552544100708,28.592672097511));
#5878 = CARTESIAN_POINT('',(2.748893655486,29.683075607137));
#5879 = CARTESIAN_POINT('',(2.94524321027,30.841538284413));
#5880 = CARTESIAN_POINT('',(3.141592765052,32.000000657628));
#5881 = ( GEOMETRIC_REPRESENTATION_CONTEXT(2) 
PARAMETRIC_REPRESENTATION_CONTEXT() REPRESENTATION_CONTEXT('2D SPACE',''
  ) );
#5882 = FACE_BOUND('',#5883,.F.);
#5883 = EDGE_LOOP('',(#5884,#5941,#5977));
#5884 = ORIENTED_EDGE('',*,*,#5885,.F.);
#5885 = EDGE_CURVE('',#5886,#5888,#5890,.T.);
#5886 = VERTEX_POINT('',#5887);
#5887 = CARTESIAN_POINT('',(-90.,26.,69.4));
#5888 = VERTEX_POINT('',#5889);
#5889 = CARTESIAN_POINT('',(-90.,26.,57.6));
#5890 = SURFACE_CURVE('',#5891,(#5896,#5916),.PCURVE_S1.);
#5891 = ELLIPSE('',#5892,8.343860018001,5.9);
#5892 = AXIS2_PLACEMENT_3D('',#5893,#5894,#5895);
#5893 = CARTESIAN_POINT('',(-90.,26.,63.5));
#5894 = DIRECTION('',(0.707106781187,-0.707106781187,0.));
#5895 = DIRECTION('',(0.707106781187,0.707106781187,0.));
#5896 = PCURVE('',#2818,#5897);
#5897 = DEFINITIONAL_REPRESENTATION('',(#5898),#5915);
#5898 = B_SPLINE_CURVE_WITH_KNOTS('',8,(#5899,#5900,#5901,#5902,#5903,
    #5904,#5905,#5906,#5907,#5908,#5909,#5910,#5911,#5912,#5913,#5914),
  .UNSPECIFIED.,.F.,.F.,(9,7,9),(1.570796215333,3.141592592975,
    4.712388970617),.UNSPECIFIED.);
#5899 = CARTESIAN_POINT('',(-1.114623504606E-07,135.00000065762));
#5900 = CARTESIAN_POINT('',(0.196349435743,133.84153832911));
#5901 = CARTESIAN_POINT('',(0.392698982948,132.68307569655));
#5902 = CARTESIAN_POINT('',(0.589048530153,131.59267222336));
#5903 = CARTESIAN_POINT('',(0.785398077356,130.63837373411));
#5904 = CARTESIAN_POINT('',(0.981747624563,129.87987378347));
#5905 = CARTESIAN_POINT('',(1.178097171769,129.35995873552));
#5906 = CARTESIAN_POINT('',(1.374446718975,129.10000007022));
#5907 = CARTESIAN_POINT('',(1.767145813385,129.09999992978));
#5908 = CARTESIAN_POINT('',(1.963495360591,129.35995845454));
#5909 = CARTESIAN_POINT('',(2.15984490779,129.87987337056));
#5910 = CARTESIAN_POINT('',(2.356194455005,130.63837320476));
#5911 = CARTESIAN_POINT('',(2.552544002202,131.59267160292));
#5912 = CARTESIAN_POINT('',(2.748893549412,132.68307501274));
#5913 = CARTESIAN_POINT('',(2.945243096617,133.84153761386));
#5914 = CARTESIAN_POINT('',(3.141592643822,134.99999994237));
#5915 = ( GEOMETRIC_REPRESENTATION_CONTEXT(2) 
PARAMETRIC_REPRESENTATION_CONTEXT() REPRESENTATION_CONTEXT('2D SPACE',''
  ) );
#5916 = PCURVE('',#5917,#5922);
#5917 = CYLINDRICAL_SURFACE('',#5918,5.9);
#5918 = AXIS2_PLACEMENT_3D('',#5919,#5920,#5921);
#5919 = CARTESIAN_POINT('',(-90.,-6.,63.5));
#5920 = DIRECTION('',(0.,1.,0.));
#5921 = DIRECTION('',(0.,-0.,1.));
#5922 = DEFINITIONAL_REPRESENTATION('',(#5923),#5940);
#5923 = B_SPLINE_CURVE_WITH_KNOTS('',8,(#5924,#5925,#5926,#5927,#5928,
    #5929,#5930,#5931,#5932,#5933,#5934,#5935,#5936,#5937,#5938,#5939),
  .UNSPECIFIED.,.F.,.F.,(9,7,9),(1.570796215333,3.141592592975,
    4.712388970617),.UNSPECIFIED.);
#5924 = CARTESIAN_POINT('',(6.283185418642,32.000000657628));
#5925 = CARTESIAN_POINT('',(6.086835871437,30.841538329117));
#5926 = CARTESIAN_POINT('',(5.890486324232,29.68307569656));
#5927 = CARTESIAN_POINT('',(5.694136777026,28.592672223622));
#5928 = CARTESIAN_POINT('',(5.497787229823,27.63837373414));
#5929 = CARTESIAN_POINT('',(5.301437682614,26.879873783592));
#5930 = CARTESIAN_POINT('',(5.105088135411,26.359958735573));
#5931 = CARTESIAN_POINT('',(4.908738588205,26.10000007022));
#5932 = CARTESIAN_POINT('',(4.516039493794,26.09999992978));
#5933 = CARTESIAN_POINT('',(4.319689946588,26.359958454723));
#5934 = CARTESIAN_POINT('',(4.123340399391,26.879873370438));
#5935 = CARTESIAN_POINT('',(3.926990852172,27.63837320547));
#5936 = CARTESIAN_POINT('',(3.730641304979,28.592671602825));
#5937 = CARTESIAN_POINT('',(3.534291757767,29.683075012844));
#5938 = CARTESIAN_POINT('',(3.337942210563,30.841537613861));
#5939 = CARTESIAN_POINT('',(3.141592663357,31.999999942372));
#5940 = ( GEOMETRIC_REPRESENTATION_CONTEXT(2) 
PARAMETRIC_REPRESENTATION_CONTEXT() REPRESENTATION_CONTEXT('2D SPACE',''
  ) );
#5941 = ORIENTED_EDGE('',*,*,#5942,.T.);
#5942 = EDGE_CURVE('',#5886,#5943,#5945,.T.);
#5943 = VERTEX_POINT('',#5944);
#5944 = CARTESIAN_POINT('',(-84.1,20.1,63.5));
#5945 = SURFACE_CURVE('',#5946,(#5951,#5964),.PCURVE_S1.);
#5946 = ELLIPSE('',#5947,8.343860018001,5.9);
#5947 = AXIS2_PLACEMENT_3D('',#5948,#5949,#5950);
#5948 = CARTESIAN_POINT('',(-90.,26.,63.5));
#5949 = DIRECTION('',(0.707106781187,0.707106781187,0.));
#5950 = DIRECTION('',(0.707106781187,-0.707106781187,0.));
#5951 = PCURVE('',#2818,#5952);
#5952 = DEFINITIONAL_REPRESENTATION('',(#5953),#5963);
#5953 = B_SPLINE_CURVE_WITH_KNOTS('',8,(#5954,#5955,#5956,#5957,#5958,
    #5959,#5960,#5961,#5962),.UNSPECIFIED.,.F.,.F.,(9,9),(4.712388868922
    ,6.28318530718),.PIECEWISE_BEZIER_KNOTS.);
#5954 = CARTESIAN_POINT('',(-1.114623504606E-07,134.99999934237));
#5955 = CARTESIAN_POINT('',(0.19634944332,136.15846171558));
#5956 = CARTESIAN_POINT('',(0.392698998101,137.31692439269));
#5957 = CARTESIAN_POINT('',(0.589048552885,138.40732790282));
#5958 = CARTESIAN_POINT('',(0.785398107662,139.36162641203));
#5959 = CARTESIAN_POINT('',(0.981747662448,140.12012636296));
#5960 = CARTESIAN_POINT('',(1.17809721723,140.64004138462));
#5961 = CARTESIAN_POINT('',(1.374446772013,140.9));
#5962 = CARTESIAN_POINT('',(1.570796326795,140.9));
#5963 = ( GEOMETRIC_REPRESENTATION_CONTEXT(2) 
PARAMETRIC_REPRESENTATION_CONTEXT() REPRESENTATION_CONTEXT('2D SPACE',''
  ) );
#5964 = PCURVE('',#5917,#5965);
#5965 = DEFINITIONAL_REPRESENTATION('',(#5966),#5976);
#5966 = B_SPLINE_CURVE_WITH_KNOTS('',8,(#5967,#5968,#5969,#5970,#5971,
    #5972,#5973,#5974,#5975),.UNSPECIFIED.,.F.,.F.,(9,9),(4.712388868922
    ,6.28318530718),.PIECEWISE_BEZIER_KNOTS.);
#5967 = CARTESIAN_POINT('',(-1.114623495724E-07,32.000000657628));
#5968 = CARTESIAN_POINT('',(0.19634944332,30.841538284413));
#5969 = CARTESIAN_POINT('',(0.392698998102,29.68307560713));
#5970 = CARTESIAN_POINT('',(0.589048552884,28.592672097416));
#5971 = CARTESIAN_POINT('',(0.785398107665,27.638373586732));
#5972 = CARTESIAN_POINT('',(0.981747662448,26.879873637282));
#5973 = CARTESIAN_POINT('',(1.17809721723,26.35995861518));
#5974 = CARTESIAN_POINT('',(1.374446772013,26.1));
#5975 = CARTESIAN_POINT('',(1.570796326795,26.1));
#5976 = ( GEOMETRIC_REPRESENTATION_CONTEXT(2) 
PARAMETRIC_REPRESENTATION_CONTEXT() REPRESENTATION_CONTEXT('2D SPACE',''
  ) );
#5977 = ORIENTED_EDGE('',*,*,#5978,.T.);
#5978 = EDGE_CURVE('',#5943,#5888,#5979,.T.);
#5979 = SURFACE_CURVE('',#5980,(#5985,#5998),.PCURVE_S1.);
#5980 = ELLIPSE('',#5981,8.343860018001,5.9);
#5981 = AXIS2_PLACEMENT_3D('',#5982,#5983,#5984);
#5982 = CARTESIAN_POINT('',(-90.,26.,63.5));
#5983 = DIRECTION('',(0.707106781187,0.707106781187,0.));
#5984 = DIRECTION('',(0.707106781187,-0.707106781187,0.));
#5985 = PCURVE('',#2818,#5986);
#5986 = DEFINITIONAL_REPRESENTATION('',(#5987),#5997);
#5987 = B_SPLINE_CURVE_WITH_KNOTS('',8,(#5988,#5989,#5990,#5991,#5992,
    #5993,#5994,#5995,#5996),.UNSPECIFIED.,.F.,.F.,(9,9),(0.,
    1.570796438257),.PIECEWISE_BEZIER_KNOTS.);
#5988 = CARTESIAN_POINT('',(1.570796326795,140.9));
#5989 = CARTESIAN_POINT('',(1.767145881577,140.9));
#5990 = CARTESIAN_POINT('',(1.963495436358,140.6400413848));
#5991 = CARTESIAN_POINT('',(2.15984499114,140.12012636242));
#5992 = CARTESIAN_POINT('',(2.35619454592,139.36162641342));
#5993 = CARTESIAN_POINT('',(2.552544100701,138.40732790229));
#5994 = CARTESIAN_POINT('',(2.748893655487,137.31692439281));
#5995 = CARTESIAN_POINT('',(2.94524321027,136.15846171558));
#5996 = CARTESIAN_POINT('',(3.141592765052,134.99999934237));
#5997 = ( GEOMETRIC_REPRESENTATION_CONTEXT(2) 
PARAMETRIC_REPRESENTATION_CONTEXT() REPRESENTATION_CONTEXT('2D SPACE',''
  ) );
#5998 = PCURVE('',#5917,#5999);
#5999 = DEFINITIONAL_REPRESENTATION('',(#6000),#6010);
#6000 = B_SPLINE_CURVE_WITH_KNOTS('',8,(#6001,#6002,#6003,#6004,#6005,
    #6006,#6007,#6008,#6009),.UNSPECIFIED.,.F.,.F.,(9,9),(0.,
    1.570796438257),.PIECEWISE_BEZIER_KNOTS.);
#6001 = CARTESIAN_POINT('',(1.570796326795,26.1));
#6002 = CARTESIAN_POINT('',(1.767145881577,26.1));
#6003 = CARTESIAN_POINT('',(1.96349543636,26.359958615168));
#6004 = CARTESIAN_POINT('',(2.159844991134,26.879873637337));
#6005 = CARTESIAN_POINT('',(2.356194545922,27.638373586699));
#6006 = CARTESIAN_POINT('',(2.552544100699,28.592672097511));
#6007 = CARTESIAN_POINT('',(2.748893655488,29.683075607137));
#6008 = CARTESIAN_POINT('',(2.94524321027,30.841538284413));
#6009 = CARTESIAN_POINT('',(3.141592765052,32.000000657628));
#6010 = ( GEOMETRIC_REPRESENTATION_CONTEXT(2) 
PARAMETRIC_REPRESENTATION_CONTEXT() REPRESENTATION_CONTEXT('2D SPACE',''
  ) );
#6011 = FACE_BOUND('',#6012,.F.);
#6012 = EDGE_LOOP('',(#6013,#6070,#6106));
#6013 = ORIENTED_EDGE('',*,*,#6014,.F.);
#6014 = EDGE_CURVE('',#6015,#6017,#6019,.T.);
#6015 = VERTEX_POINT('',#6016);
#6016 = CARTESIAN_POINT('',(-45.,26.,69.4));
#6017 = VERTEX_POINT('',#6018);
#6018 = CARTESIAN_POINT('',(-45.,26.,57.6));
#6019 = SURFACE_CURVE('',#6020,(#6025,#6045),.PCURVE_S1.);
#6020 = ELLIPSE('',#6021,8.343860018001,5.9);
#6021 = AXIS2_PLACEMENT_3D('',#6022,#6023,#6024);
#6022 = CARTESIAN_POINT('',(-45.,26.,63.5));
#6023 = DIRECTION('',(0.707106781187,-0.707106781187,0.));
#6024 = DIRECTION('',(0.707106781187,0.707106781187,0.));
#6025 = PCURVE('',#2818,#6026);
#6026 = DEFINITIONAL_REPRESENTATION('',(#6027),#6044);
#6027 = B_SPLINE_CURVE_WITH_KNOTS('',8,(#6028,#6029,#6030,#6031,#6032,
    #6033,#6034,#6035,#6036,#6037,#6038,#6039,#6040,#6041,#6042,#6043),
  .UNSPECIFIED.,.F.,.F.,(9,7,9),(1.570796215333,3.141592592975,
    4.712388970617),.UNSPECIFIED.);
#6028 = CARTESIAN_POINT('',(-1.114623504606E-07,180.00000065762));
#6029 = CARTESIAN_POINT('',(0.196349435743,178.84153832911));
#6030 = CARTESIAN_POINT('',(0.392698982948,177.68307569653));
#6031 = CARTESIAN_POINT('',(0.589048530153,176.5926722234));
#6032 = CARTESIAN_POINT('',(0.785398077356,175.63837373405));
#6033 = CARTESIAN_POINT('',(0.981747624563,174.87987378334));
#6034 = CARTESIAN_POINT('',(1.178097171769,174.35995873554));
#6035 = CARTESIAN_POINT('',(1.374446718975,174.10000007022));
#6036 = CARTESIAN_POINT('',(1.767145813385,174.09999992978));
#6037 = CARTESIAN_POINT('',(1.963495360591,174.35995845462));
#6038 = CARTESIAN_POINT('',(2.15984490779,174.87987337033));
#6039 = CARTESIAN_POINT('',(2.356194455005,175.63837320502));
#6040 = CARTESIAN_POINT('',(2.552544002202,176.5926716028));
#6041 = CARTESIAN_POINT('',(2.748893549412,177.68307501276));
#6042 = CARTESIAN_POINT('',(2.945243096617,178.84153761386));
#6043 = CARTESIAN_POINT('',(3.141592643822,179.99999994237));
#6044 = ( GEOMETRIC_REPRESENTATION_CONTEXT(2) 
PARAMETRIC_REPRESENTATION_CONTEXT() REPRESENTATION_CONTEXT('2D SPACE',''
  ) );
#6045 = PCURVE('',#6046,#6051);
#6046 = CYLINDRICAL_SURFACE('',#6047,5.9);
#6047 = AXIS2_PLACEMENT_3D('',#6048,#6049,#6050);
#6048 = CARTESIAN_POINT('',(-45.,-6.,63.5));
#6049 = DIRECTION('',(0.,1.,0.));
#6050 = DIRECTION('',(0.,-0.,1.));
#6051 = DEFINITIONAL_REPRESENTATION('',(#6052),#6069);
#6052 = B_SPLINE_CURVE_WITH_KNOTS('',8,(#6053,#6054,#6055,#6056,#6057,
    #6058,#6059,#6060,#6061,#6062,#6063,#6064,#6065,#6066,#6067,#6068),
  .UNSPECIFIED.,.F.,.F.,(9,7,9),(1.570796215333,3.141592592975,
    4.712388970617),.UNSPECIFIED.);
#6053 = CARTESIAN_POINT('',(6.283185418642,32.000000657628));
#6054 = CARTESIAN_POINT('',(6.086835871437,30.841538329117));
#6055 = CARTESIAN_POINT('',(5.890486324232,29.68307569656));
#6056 = CARTESIAN_POINT('',(5.694136777025,28.592672223622));
#6057 = CARTESIAN_POINT('',(5.497787229827,27.63837373414));
#6058 = CARTESIAN_POINT('',(5.301437682612,26.879873783592));
#6059 = CARTESIAN_POINT('',(5.105088135411,26.359958735573));
#6060 = CARTESIAN_POINT('',(4.908738588205,26.10000007022));
#6061 = CARTESIAN_POINT('',(4.516039493794,26.09999992978));
#6062 = CARTESIAN_POINT('',(4.319689946588,26.359958454723));
#6063 = CARTESIAN_POINT('',(4.123340399391,26.879873370438));
#6064 = CARTESIAN_POINT('',(3.926990852172,27.63837320547));
#6065 = CARTESIAN_POINT('',(3.730641304979,28.592671602825));
#6066 = CARTESIAN_POINT('',(3.534291757767,29.683075012844));
#6067 = CARTESIAN_POINT('',(3.337942210563,30.841537613861));
#6068 = CARTESIAN_POINT('',(3.141592663357,31.999999942372));
#6069 = ( GEOMETRIC_REPRESENTATION_CONTEXT(2) 
PARAMETRIC_REPRESENTATION_CONTEXT() REPRESENTATION_CONTEXT('2D SPACE',''
  ) );
#6070 = ORIENTED_EDGE('',*,*,#6071,.T.);
#6071 = EDGE_CURVE('',#6015,#6072,#6074,.T.);
#6072 = VERTEX_POINT('',#6073);
#6073 = CARTESIAN_POINT('',(-39.1,20.1,63.5));
#6074 = SURFACE_CURVE('',#6075,(#6080,#6093),.PCURVE_S1.);
#6075 = ELLIPSE('',#6076,8.343860018001,5.9);
#6076 = AXIS2_PLACEMENT_3D('',#6077,#6078,#6079);
#6077 = CARTESIAN_POINT('',(-45.,26.,63.5));
#6078 = DIRECTION('',(0.707106781187,0.707106781187,0.));
#6079 = DIRECTION('',(0.707106781187,-0.707106781187,0.));
#6080 = PCURVE('',#2818,#6081);
#6081 = DEFINITIONAL_REPRESENTATION('',(#6082),#6092);
#6082 = B_SPLINE_CURVE_WITH_KNOTS('',8,(#6083,#6084,#6085,#6086,#6087,
    #6088,#6089,#6090,#6091),.UNSPECIFIED.,.F.,.F.,(9,9),(4.712388868922
    ,6.28318530718),.PIECEWISE_BEZIER_KNOTS.);
#6083 = CARTESIAN_POINT('',(-1.114623504606E-07,179.99999934237));
#6084 = CARTESIAN_POINT('',(0.19634944332,181.15846171558));
#6085 = CARTESIAN_POINT('',(0.392698998101,182.31692439265));
#6086 = CARTESIAN_POINT('',(0.589048552885,183.40732790285));
#6087 = CARTESIAN_POINT('',(0.785398107662,184.36162641213));
#6088 = CARTESIAN_POINT('',(0.981747662448,185.12012636306));
#6089 = CARTESIAN_POINT('',(1.17809721723,185.64004138459));
#6090 = CARTESIAN_POINT('',(1.374446772013,185.9));
#6091 = CARTESIAN_POINT('',(1.570796326795,185.9));
#6092 = ( GEOMETRIC_REPRESENTATION_CONTEXT(2) 
PARAMETRIC_REPRESENTATION_CONTEXT() REPRESENTATION_CONTEXT('2D SPACE',''
  ) );
#6093 = PCURVE('',#6046,#6094);
#6094 = DEFINITIONAL_REPRESENTATION('',(#6095),#6105);
#6095 = B_SPLINE_CURVE_WITH_KNOTS('',8,(#6096,#6097,#6098,#6099,#6100,
    #6101,#6102,#6103,#6104),.UNSPECIFIED.,.F.,.F.,(9,9),(4.712388868922
    ,6.28318530718),.PIECEWISE_BEZIER_KNOTS.);
#6096 = CARTESIAN_POINT('',(-1.114623513487E-07,32.000000657628));
#6097 = CARTESIAN_POINT('',(0.19634944332,30.841538284413));
#6098 = CARTESIAN_POINT('',(0.392698998102,29.68307560713));
#6099 = CARTESIAN_POINT('',(0.589048552884,28.592672097416));
#6100 = CARTESIAN_POINT('',(0.785398107665,27.638373586732));
#6101 = CARTESIAN_POINT('',(0.981747662448,26.879873637282));
#6102 = CARTESIAN_POINT('',(1.17809721723,26.35995861518));
#6103 = CARTESIAN_POINT('',(1.374446772013,26.1));
#6104 = CARTESIAN_POINT('',(1.570796326795,26.1));
#6105 = ( GEOMETRIC_REPRESENTATION_CONTEXT(2) 
PARAMETRIC_REPRESENTATION_CONTEXT() REPRESENTATION_CONTEXT('2D SPACE',''
  ) );
#6106 = ORIENTED_EDGE('',*,*,#6107,.T.);
#6107 = EDGE_CURVE('',#6072,#6017,#6108,.T.);
#6108 = SURFACE_CURVE('',#6109,(#6114,#6127),.PCURVE_S1.);
#6109 = ELLIPSE('',#6110,8.343860018001,5.9);
#6110 = AXIS2_PLACEMENT_3D('',#6111,#6112,#6113);
#6111 = CARTESIAN_POINT('',(-45.,26.,63.5));
#6112 = DIRECTION('',(0.707106781187,0.707106781187,0.));
#6113 = DIRECTION('',(0.707106781187,-0.707106781187,0.));
#6114 = PCURVE('',#2818,#6115);
#6115 = DEFINITIONAL_REPRESENTATION('',(#6116),#6126);
#6116 = B_SPLINE_CURVE_WITH_KNOTS('',8,(#6117,#6118,#6119,#6120,#6121,
    #6122,#6123,#6124,#6125),.UNSPECIFIED.,.F.,.F.,(9,9),(0.,
    1.570796438257),.PIECEWISE_BEZIER_KNOTS.);
#6117 = CARTESIAN_POINT('',(1.570796326795,185.9));
#6118 = CARTESIAN_POINT('',(1.767145881577,185.9));
#6119 = CARTESIAN_POINT('',(1.963495436358,185.64004138469));
#6120 = CARTESIAN_POINT('',(2.15984499114,185.12012636257));
#6121 = CARTESIAN_POINT('',(2.35619454592,184.36162641277));
#6122 = CARTESIAN_POINT('',(2.552544100701,183.40732790247));
#6123 = CARTESIAN_POINT('',(2.748893655487,182.31692439275));
#6124 = CARTESIAN_POINT('',(2.94524321027,181.15846171558));
#6125 = CARTESIAN_POINT('',(3.141592765052,179.99999934237));
#6126 = ( GEOMETRIC_REPRESENTATION_CONTEXT(2) 
PARAMETRIC_REPRESENTATION_CONTEXT() REPRESENTATION_CONTEXT('2D SPACE',''
  ) );
#6127 = PCURVE('',#6046,#6128);
#6128 = DEFINITIONAL_REPRESENTATION('',(#6129),#6139);
#6129 = B_SPLINE_CURVE_WITH_KNOTS('',8,(#6130,#6131,#6132,#6133,#6134,
    #6135,#6136,#6137,#6138),.UNSPECIFIED.,.F.,.F.,(9,9),(0.,
    1.570796438257),.PIECEWISE_BEZIER_KNOTS.);
#6130 = CARTESIAN_POINT('',(1.570796326795,26.1));
#6131 = CARTESIAN_POINT('',(1.767145881577,26.1));
#6132 = CARTESIAN_POINT('',(1.963495436356,26.359958615168));
#6133 = CARTESIAN_POINT('',(2.159844991148,26.879873637337));
#6134 = CARTESIAN_POINT('',(2.356194545903,27.638373586699));
#6135 = CARTESIAN_POINT('',(2.55254410071,28.592672097511));
#6136 = CARTESIAN_POINT('',(2.748893655485,29.683075607137));
#6137 = CARTESIAN_POINT('',(2.94524321027,30.841538284413));
#6138 = CARTESIAN_POINT('',(3.141592765052,32.000000657628));
#6139 = ( GEOMETRIC_REPRESENTATION_CONTEXT(2) 
PARAMETRIC_REPRESENTATION_CONTEXT() REPRESENTATION_CONTEXT('2D SPACE',''
  ) );
#6140 = FACE_BOUND('',#6141,.F.);
#6141 = EDGE_LOOP('',(#6142,#6199,#6235));
#6142 = ORIENTED_EDGE('',*,*,#6143,.F.);
#6143 = EDGE_CURVE('',#6144,#6146,#6148,.T.);
#6144 = VERTEX_POINT('',#6145);
#6145 = CARTESIAN_POINT('',(-1.445083222994E-15,26.,69.4));
#6146 = VERTEX_POINT('',#6147);
#6147 = CARTESIAN_POINT('',(7.225416114969E-16,26.,57.6));
#6148 = SURFACE_CURVE('',#6149,(#6154,#6174),.PCURVE_S1.);
#6149 = ELLIPSE('',#6150,8.343860018001,5.9);
#6150 = AXIS2_PLACEMENT_3D('',#6151,#6152,#6153);
#6151 = CARTESIAN_POINT('',(0.,26.,63.5));
#6152 = DIRECTION('',(0.707106781187,-0.707106781187,0.));
#6153 = DIRECTION('',(0.707106781187,0.707106781187,0.));
#6154 = PCURVE('',#2818,#6155);
#6155 = DEFINITIONAL_REPRESENTATION('',(#6156),#6173);
#6156 = B_SPLINE_CURVE_WITH_KNOTS('',8,(#6157,#6158,#6159,#6160,#6161,
    #6162,#6163,#6164,#6165,#6166,#6167,#6168,#6169,#6170,#6171,#6172),
  .UNSPECIFIED.,.F.,.F.,(9,7,9),(1.570796215333,3.141592592975,
    4.712388970617),.UNSPECIFIED.);
#6157 = CARTESIAN_POINT('',(-1.114623504606E-07,225.00000065762));
#6158 = CARTESIAN_POINT('',(0.196349435743,223.84153832911));
#6159 = CARTESIAN_POINT('',(0.392698982948,222.68307569644));
#6160 = CARTESIAN_POINT('',(0.589048530153,221.59267222309));
#6161 = CARTESIAN_POINT('',(0.785398077356,220.63837373398));
#6162 = CARTESIAN_POINT('',(0.981747624563,219.87987378305));
#6163 = CARTESIAN_POINT('',(1.178097171769,219.35995873554));
#6164 = CARTESIAN_POINT('',(1.374446718975,219.10000007022));
#6165 = CARTESIAN_POINT('',(1.767145813385,219.09999992978));
#6166 = CARTESIAN_POINT('',(1.963495360591,219.35995845476));
#6167 = CARTESIAN_POINT('',(2.15984490779,219.87987336949));
#6168 = CARTESIAN_POINT('',(2.356194455005,220.63837320593));
#6169 = CARTESIAN_POINT('',(2.552544002202,221.59267160173));
#6170 = CARTESIAN_POINT('',(2.748893549412,222.68307501296));
#6171 = CARTESIAN_POINT('',(2.945243096617,223.84153761386));
#6172 = CARTESIAN_POINT('',(3.141592643822,224.99999994237));
#6173 = ( GEOMETRIC_REPRESENTATION_CONTEXT(2) 
PARAMETRIC_REPRESENTATION_CONTEXT() REPRESENTATION_CONTEXT('2D SPACE',''
  ) );
#6174 = PCURVE('',#6175,#6180);
#6175 = CYLINDRICAL_SURFACE('',#6176,5.9);
#6176 = AXIS2_PLACEMENT_3D('',#6177,#6178,#6179);
#6177 = CARTESIAN_POINT('',(0.,-6.,63.5));
#6178 = DIRECTION('',(0.,1.,0.));
#6179 = DIRECTION('',(0.,-0.,1.));
#6180 = DEFINITIONAL_REPRESENTATION('',(#6181),#6198);
#6181 = B_SPLINE_CURVE_WITH_KNOTS('',8,(#6182,#6183,#6184,#6185,#6186,
    #6187,#6188,#6189,#6190,#6191,#6192,#6193,#6194,#6195,#6196,#6197),
  .UNSPECIFIED.,.F.,.F.,(9,7,9),(1.570796215333,3.141592592975,
    4.712388970617),.UNSPECIFIED.);
#6182 = CARTESIAN_POINT('',(6.283185418642,32.000000657628));
#6183 = CARTESIAN_POINT('',(6.086835871437,30.841538329117));
#6184 = CARTESIAN_POINT('',(5.890486324232,29.68307569656));
#6185 = CARTESIAN_POINT('',(5.694136777026,28.592672223622));
#6186 = CARTESIAN_POINT('',(5.497787229825,27.63837373414));
#6187 = CARTESIAN_POINT('',(5.301437682614,26.879873783592));
#6188 = CARTESIAN_POINT('',(5.105088135411,26.359958735573));
#6189 = CARTESIAN_POINT('',(4.908738588205,26.10000007022));
#6190 = CARTESIAN_POINT('',(4.516039493794,26.09999992978));
#6191 = CARTESIAN_POINT('',(4.319689946587,26.359958454723));
#6192 = CARTESIAN_POINT('',(4.123340399396,26.879873370438));
#6193 = CARTESIAN_POINT('',(3.926990852165,27.63837320547));
#6194 = CARTESIAN_POINT('',(3.730641304985,28.592671602825));
#6195 = CARTESIAN_POINT('',(3.534291757766,29.683075012844));
#6196 = CARTESIAN_POINT('',(3.337942210563,30.841537613861));
#6197 = CARTESIAN_POINT('',(3.141592663357,31.999999942372));
#6198 = ( GEOMETRIC_REPRESENTATION_CONTEXT(2) 
PARAMETRIC_REPRESENTATION_CONTEXT() REPRESENTATION_CONTEXT('2D SPACE',''
  ) );
#6199 = ORIENTED_EDGE('',*,*,#6200,.T.);
#6200 = EDGE_CURVE('',#6144,#6201,#6203,.T.);
#6201 = VERTEX_POINT('',#6202);
#6202 = CARTESIAN_POINT('',(5.9,20.1,63.5));
#6203 = SURFACE_CURVE('',#6204,(#6209,#6222),.PCURVE_S1.);
#6204 = ELLIPSE('',#6205,8.343860018001,5.9);
#6205 = AXIS2_PLACEMENT_3D('',#6206,#6207,#6208);
#6206 = CARTESIAN_POINT('',(0.,26.,63.5));
#6207 = DIRECTION('',(0.707106781187,0.707106781187,0.));
#6208 = DIRECTION('',(0.707106781187,-0.707106781187,0.));
#6209 = PCURVE('',#2818,#6210);
#6210 = DEFINITIONAL_REPRESENTATION('',(#6211),#6221);
#6211 = B_SPLINE_CURVE_WITH_KNOTS('',8,(#6212,#6213,#6214,#6215,#6216,
    #6217,#6218,#6219,#6220),.UNSPECIFIED.,.F.,.F.,(9,9),(4.712388868922
    ,6.28318530718),.PIECEWISE_BEZIER_KNOTS.);
#6212 = CARTESIAN_POINT('',(-1.114623504606E-07,224.99999934237));
#6213 = CARTESIAN_POINT('',(0.19634944332,226.15846171558));
#6214 = CARTESIAN_POINT('',(0.392698998101,227.31692439251));
#6215 = CARTESIAN_POINT('',(0.589048552885,228.40732790312));
#6216 = CARTESIAN_POINT('',(0.785398107662,229.36162641206));
#6217 = CARTESIAN_POINT('',(0.981747662448,230.12012636312));
#6218 = CARTESIAN_POINT('',(1.17809721723,230.64004138453));
#6219 = CARTESIAN_POINT('',(1.374446772013,230.9));
#6220 = CARTESIAN_POINT('',(1.570796326795,230.9));
#6221 = ( GEOMETRIC_REPRESENTATION_CONTEXT(2) 
PARAMETRIC_REPRESENTATION_CONTEXT() REPRESENTATION_CONTEXT('2D SPACE',''
  ) );
#6222 = PCURVE('',#6175,#6223);
#6223 = DEFINITIONAL_REPRESENTATION('',(#6224),#6234);
#6224 = B_SPLINE_CURVE_WITH_KNOTS('',8,(#6225,#6226,#6227,#6228,#6229,
    #6230,#6231,#6232,#6233),.UNSPECIFIED.,.F.,.F.,(9,9),(4.712388868922
    ,6.28318530718),.PIECEWISE_BEZIER_KNOTS.);
#6225 = CARTESIAN_POINT('',(-1.114623504606E-07,32.000000657628));
#6226 = CARTESIAN_POINT('',(0.19634944332,30.841538284413));
#6227 = CARTESIAN_POINT('',(0.392698998102,29.68307560713));
#6228 = CARTESIAN_POINT('',(0.589048552883,28.592672097416));
#6229 = CARTESIAN_POINT('',(0.785398107666,27.638373586732));
#6230 = CARTESIAN_POINT('',(0.981747662447,26.879873637282));
#6231 = CARTESIAN_POINT('',(1.178097217231,26.35995861518));
#6232 = CARTESIAN_POINT('',(1.374446772013,26.1));
#6233 = CARTESIAN_POINT('',(1.570796326795,26.1));
#6234 = ( GEOMETRIC_REPRESENTATION_CONTEXT(2) 
PARAMETRIC_REPRESENTATION_CONTEXT() REPRESENTATION_CONTEXT('2D SPACE',''
  ) );
#6235 = ORIENTED_EDGE('',*,*,#6236,.T.);
#6236 = EDGE_CURVE('',#6201,#6146,#6237,.T.);
#6237 = SURFACE_CURVE('',#6238,(#6243,#6256),.PCURVE_S1.);
#6238 = ELLIPSE('',#6239,8.343860018001,5.9);
#6239 = AXIS2_PLACEMENT_3D('',#6240,#6241,#6242);
#6240 = CARTESIAN_POINT('',(0.,26.,63.5));
#6241 = DIRECTION('',(0.707106781187,0.707106781187,0.));
#6242 = DIRECTION('',(0.707106781187,-0.707106781187,0.));
#6243 = PCURVE('',#2818,#6244);
#6244 = DEFINITIONAL_REPRESENTATION('',(#6245),#6255);
#6245 = B_SPLINE_CURVE_WITH_KNOTS('',8,(#6246,#6247,#6248,#6249,#6250,
    #6251,#6252,#6253,#6254),.UNSPECIFIED.,.F.,.F.,(9,9),(0.,
    1.570796438257),.PIECEWISE_BEZIER_KNOTS.);
#6246 = CARTESIAN_POINT('',(1.570796326795,230.9));
#6247 = CARTESIAN_POINT('',(1.767145881577,230.9));
#6248 = CARTESIAN_POINT('',(1.963495436358,230.64004138462));
#6249 = CARTESIAN_POINT('',(2.159844991141,230.12012636219));
#6250 = CARTESIAN_POINT('',(2.356194545918,229.36162641298));
#6251 = CARTESIAN_POINT('',(2.552544100702,228.40732790222));
#6252 = CARTESIAN_POINT('',(2.748893655486,227.31692439278));
#6253 = CARTESIAN_POINT('',(2.94524321027,226.15846171558));
#6254 = CARTESIAN_POINT('',(3.141592765052,224.99999934237));
#6255 = ( GEOMETRIC_REPRESENTATION_CONTEXT(2) 
PARAMETRIC_REPRESENTATION_CONTEXT() REPRESENTATION_CONTEXT('2D SPACE',''
  ) );
#6256 = PCURVE('',#6175,#6257);
#6257 = DEFINITIONAL_REPRESENTATION('',(#6258),#6268);
#6258 = B_SPLINE_CURVE_WITH_KNOTS('',8,(#6259,#6260,#6261,#6262,#6263,
    #6264,#6265,#6266,#6267),.UNSPECIFIED.,.F.,.F.,(9,9),(0.,
    1.570796438257),.PIECEWISE_BEZIER_KNOTS.);
#6259 = CARTESIAN_POINT('',(1.570796326795,26.1));
#6260 = CARTESIAN_POINT('',(1.767145881577,26.1));
#6261 = CARTESIAN_POINT('',(1.963495436358,26.359958615165));
#6262 = CARTESIAN_POINT('',(2.159844991141,26.879873637348));
#6263 = CARTESIAN_POINT('',(2.356194545918,27.638373586682));
#6264 = CARTESIAN_POINT('',(2.552544100702,28.592672097524));
#6265 = CARTESIAN_POINT('',(2.748893655486,29.683075607134));
#6266 = CARTESIAN_POINT('',(2.94524321027,30.841538284413));
#6267 = CARTESIAN_POINT('',(3.141592765052,32.000000657628));
#6268 = ( GEOMETRIC_REPRESENTATION_CONTEXT(2) 
PARAMETRIC_REPRESENTATION_CONTEXT() REPRESENTATION_CONTEXT('2D SPACE',''
  ) );
#6269 = FACE_BOUND('',#6270,.F.);
#6270 = EDGE_LOOP('',(#6271,#6328,#6364));
#6271 = ORIENTED_EDGE('',*,*,#6272,.F.);
#6272 = EDGE_CURVE('',#6273,#6275,#6277,.T.);
#6273 = VERTEX_POINT('',#6274);
#6274 = CARTESIAN_POINT('',(45.,26.,69.4));
#6275 = VERTEX_POINT('',#6276);
#6276 = CARTESIAN_POINT('',(45.,26.,57.6));
#6277 = SURFACE_CURVE('',#6278,(#6283,#6303),.PCURVE_S1.);
#6278 = ELLIPSE('',#6279,8.343860018001,5.9);
#6279 = AXIS2_PLACEMENT_3D('',#6280,#6281,#6282);
#6280 = CARTESIAN_POINT('',(45.,26.,63.5));
#6281 = DIRECTION('',(0.707106781187,-0.707106781187,0.));
#6282 = DIRECTION('',(0.707106781187,0.707106781187,0.));
#6283 = PCURVE('',#2818,#6284);
#6284 = DEFINITIONAL_REPRESENTATION('',(#6285),#6302);
#6285 = B_SPLINE_CURVE_WITH_KNOTS('',8,(#6286,#6287,#6288,#6289,#6290,
    #6291,#6292,#6293,#6294,#6295,#6296,#6297,#6298,#6299,#6300,#6301),
  .UNSPECIFIED.,.F.,.F.,(9,7,9),(1.570796215333,3.141592592975,
    4.712388970617),.UNSPECIFIED.);
#6286 = CARTESIAN_POINT('',(-1.114623504606E-07,270.00000065762));
#6287 = CARTESIAN_POINT('',(0.196349435743,268.84153832911));
#6288 = CARTESIAN_POINT('',(0.392698982948,267.68307569654));
#6289 = CARTESIAN_POINT('',(0.589048530153,266.59267222312));
#6290 = CARTESIAN_POINT('',(0.785398077356,265.63837373391));
#6291 = CARTESIAN_POINT('',(0.981747624563,264.87987378346));
#6292 = CARTESIAN_POINT('',(1.178097171769,264.35995873562));
#6293 = CARTESIAN_POINT('',(1.374446718975,264.10000007022));
#6294 = CARTESIAN_POINT('',(1.767145813385,264.09999992978));
#6295 = CARTESIAN_POINT('',(1.963495360591,264.35995845485));
#6296 = CARTESIAN_POINT('',(2.15984490779,264.87987336908));
#6297 = CARTESIAN_POINT('',(2.356194455005,265.638373206));
#6298 = CARTESIAN_POINT('',(2.552544002202,266.59267160169));
#6299 = CARTESIAN_POINT('',(2.748893549412,267.68307501296));
#6300 = CARTESIAN_POINT('',(2.945243096617,268.84153761386));
#6301 = CARTESIAN_POINT('',(3.141592643822,269.99999994237));
#6302 = ( GEOMETRIC_REPRESENTATION_CONTEXT(2) 
PARAMETRIC_REPRESENTATION_CONTEXT() REPRESENTATION_CONTEXT('2D SPACE',''
  ) );
#6303 = PCURVE('',#6304,#6309);
#6304 = CYLINDRICAL_SURFACE('',#6305,5.9);
#6305 = AXIS2_PLACEMENT_3D('',#6306,#6307,#6308);
#6306 = CARTESIAN_POINT('',(45.,-6.,63.5));
#6307 = DIRECTION('',(0.,1.,0.));
#6308 = DIRECTION('',(0.,-0.,1.));
#6309 = DEFINITIONAL_REPRESENTATION('',(#6310),#6327);
#6310 = B_SPLINE_CURVE_WITH_KNOTS('',8,(#6311,#6312,#6313,#6314,#6315,
    #6316,#6317,#6318,#6319,#6320,#6321,#6322,#6323,#6324,#6325,#6326),
  .UNSPECIFIED.,.F.,.F.,(9,7,9),(1.570796215333,3.141592592975,
    4.712388970617),.UNSPECIFIED.);
#6311 = CARTESIAN_POINT('',(6.283185418642,32.000000657628));
#6312 = CARTESIAN_POINT('',(6.086835871437,30.841538329117));
#6313 = CARTESIAN_POINT('',(5.890486324232,29.68307569656));
#6314 = CARTESIAN_POINT('',(5.694136777025,28.592672223622));
#6315 = CARTESIAN_POINT('',(5.497787229827,27.63837373414));
#6316 = CARTESIAN_POINT('',(5.301437682612,26.879873783592));
#6317 = CARTESIAN_POINT('',(5.105088135411,26.359958735573));
#6318 = CARTESIAN_POINT('',(4.908738588205,26.10000007022));
#6319 = CARTESIAN_POINT('',(4.516039493794,26.09999992978));
#6320 = CARTESIAN_POINT('',(4.319689946588,26.359958454723));
#6321 = CARTESIAN_POINT('',(4.123340399391,26.879873370438));
#6322 = CARTESIAN_POINT('',(3.926990852172,27.63837320547));
#6323 = CARTESIAN_POINT('',(3.730641304979,28.592671602825));
#6324 = CARTESIAN_POINT('',(3.534291757767,29.683075012844));
#6325 = CARTESIAN_POINT('',(3.337942210563,30.841537613861));
#6326 = CARTESIAN_POINT('',(3.141592663357,31.999999942372));
#6327 = ( GEOMETRIC_REPRESENTATION_CONTEXT(2) 
PARAMETRIC_REPRESENTATION_CONTEXT() REPRESENTATION_CONTEXT('2D SPACE',''
  ) );
#6328 = ORIENTED_EDGE('',*,*,#6329,.T.);
#6329 = EDGE_CURVE('',#6273,#6330,#6332,.T.);
#6330 = VERTEX_POINT('',#6331);
#6331 = CARTESIAN_POINT('',(50.9,20.1,63.5));
#6332 = SURFACE_CURVE('',#6333,(#6338,#6351),.PCURVE_S1.);
#6333 = ELLIPSE('',#6334,8.343860018001,5.9);
#6334 = AXIS2_PLACEMENT_3D('',#6335,#6336,#6337);
#6335 = CARTESIAN_POINT('',(45.,26.,63.5));
#6336 = DIRECTION('',(0.707106781187,0.707106781187,0.));
#6337 = DIRECTION('',(0.707106781187,-0.707106781187,0.));
#6338 = PCURVE('',#2818,#6339);
#6339 = DEFINITIONAL_REPRESENTATION('',(#6340),#6350);
#6340 = B_SPLINE_CURVE_WITH_KNOTS('',8,(#6341,#6342,#6343,#6344,#6345,
    #6346,#6347,#6348,#6349),.UNSPECIFIED.,.F.,.F.,(9,9),(4.712388868922
    ,6.28318530718),.PIECEWISE_BEZIER_KNOTS.);
#6341 = CARTESIAN_POINT('',(-1.114623504606E-07,269.99999934237));
#6342 = CARTESIAN_POINT('',(0.19634944332,271.15846171558));
#6343 = CARTESIAN_POINT('',(0.392698998101,272.31692439309));
#6344 = CARTESIAN_POINT('',(0.589048552885,273.40732790073));
#6345 = CARTESIAN_POINT('',(0.785398107662,274.36162641446));
#6346 = CARTESIAN_POINT('',(0.981747662448,275.1201263611));
#6347 = CARTESIAN_POINT('',(1.17809721723,275.64004138511));
#6348 = CARTESIAN_POINT('',(1.374446772013,275.9));
#6349 = CARTESIAN_POINT('',(1.570796326795,275.9));
#6350 = ( GEOMETRIC_REPRESENTATION_CONTEXT(2) 
PARAMETRIC_REPRESENTATION_CONTEXT() REPRESENTATION_CONTEXT('2D SPACE',''
  ) );
#6351 = PCURVE('',#6304,#6352);
#6352 = DEFINITIONAL_REPRESENTATION('',(#6353),#6363);
#6353 = B_SPLINE_CURVE_WITH_KNOTS('',8,(#6354,#6355,#6356,#6357,#6358,
    #6359,#6360,#6361,#6362),.UNSPECIFIED.,.F.,.F.,(9,9),(4.712388868922
    ,6.28318530718),.PIECEWISE_BEZIER_KNOTS.);
#6354 = CARTESIAN_POINT('',(-1.114623513487E-07,32.000000657628));
#6355 = CARTESIAN_POINT('',(0.19634944332,30.841538284413));
#6356 = CARTESIAN_POINT('',(0.392698998102,29.68307560713));
#6357 = CARTESIAN_POINT('',(0.589048552884,28.592672097416));
#6358 = CARTESIAN_POINT('',(0.785398107665,27.638373586732));
#6359 = CARTESIAN_POINT('',(0.981747662448,26.879873637282));
#6360 = CARTESIAN_POINT('',(1.17809721723,26.35995861518));
#6361 = CARTESIAN_POINT('',(1.374446772013,26.1));
#6362 = CARTESIAN_POINT('',(1.570796326795,26.1));
#6363 = ( GEOMETRIC_REPRESENTATION_CONTEXT(2) 
PARAMETRIC_REPRESENTATION_CONTEXT() REPRESENTATION_CONTEXT('2D SPACE',''
  ) );
#6364 = ORIENTED_EDGE('',*,*,#6365,.T.);
#6365 = EDGE_CURVE('',#6330,#6275,#6366,.T.);
#6366 = SURFACE_CURVE('',#6367,(#6372,#6385),.PCURVE_S1.);
#6367 = ELLIPSE('',#6368,8.343860018001,5.9);
#6368 = AXIS2_PLACEMENT_3D('',#6369,#6370,#6371);
#6369 = CARTESIAN_POINT('',(45.,26.,63.5));
#6370 = DIRECTION('',(0.707106781187,0.707106781187,0.));
#6371 = DIRECTION('',(0.707106781187,-0.707106781187,0.));
#6372 = PCURVE('',#2818,#6373);
#6373 = DEFINITIONAL_REPRESENTATION('',(#6374),#6384);
#6374 = B_SPLINE_CURVE_WITH_KNOTS('',8,(#6375,#6376,#6377,#6378,#6379,
    #6380,#6381,#6382,#6383),.UNSPECIFIED.,.F.,.F.,(9,9),(0.,
    1.570796438257),.PIECEWISE_BEZIER_KNOTS.);
#6375 = CARTESIAN_POINT('',(1.570796326795,275.9));
#6376 = CARTESIAN_POINT('',(1.767145881577,275.9));
#6377 = CARTESIAN_POINT('',(1.963495436358,275.6400413848));
#6378 = CARTESIAN_POINT('',(2.15984499114,275.12012636187));
#6379 = CARTESIAN_POINT('',(2.35619454592,274.36162641338));
#6380 = CARTESIAN_POINT('',(2.552544100701,273.4073279017));
#6381 = CARTESIAN_POINT('',(2.748893655487,272.31692439283));
#6382 = CARTESIAN_POINT('',(2.94524321027,271.15846171558));
#6383 = CARTESIAN_POINT('',(3.141592765052,269.99999934237));
#6384 = ( GEOMETRIC_REPRESENTATION_CONTEXT(2) 
PARAMETRIC_REPRESENTATION_CONTEXT() REPRESENTATION_CONTEXT('2D SPACE',''
  ) );
#6385 = PCURVE('',#6304,#6386);
#6386 = DEFINITIONAL_REPRESENTATION('',(#6387),#6397);
#6387 = B_SPLINE_CURVE_WITH_KNOTS('',8,(#6388,#6389,#6390,#6391,#6392,
    #6393,#6394,#6395,#6396),.UNSPECIFIED.,.F.,.F.,(9,9),(0.,
    1.570796438257),.PIECEWISE_BEZIER_KNOTS.);
#6388 = CARTESIAN_POINT('',(1.570796326795,26.1));
#6389 = CARTESIAN_POINT('',(1.767145881577,26.1));
#6390 = CARTESIAN_POINT('',(1.963495436356,26.359958615168));
#6391 = CARTESIAN_POINT('',(2.159844991148,26.879873637337));
#6392 = CARTESIAN_POINT('',(2.356194545903,27.638373586699));
#6393 = CARTESIAN_POINT('',(2.55254410071,28.592672097511));
#6394 = CARTESIAN_POINT('',(2.748893655485,29.683075607137));
#6395 = CARTESIAN_POINT('',(2.94524321027,30.841538284413));
#6396 = CARTESIAN_POINT('',(3.141592765052,32.000000657628));
#6397 = ( GEOMETRIC_REPRESENTATION_CONTEXT(2) 
PARAMETRIC_REPRESENTATION_CONTEXT() REPRESENTATION_CONTEXT('2D SPACE',''
  ) );
#6398 = FACE_BOUND('',#6399,.F.);
#6399 = EDGE_LOOP('',(#6400,#6457,#6493));
#6400 = ORIENTED_EDGE('',*,*,#6401,.F.);
#6401 = EDGE_CURVE('',#6402,#6404,#6406,.T.);
#6402 = VERTEX_POINT('',#6403);
#6403 = CARTESIAN_POINT('',(90.,26.,69.4));
#6404 = VERTEX_POINT('',#6405);
#6405 = CARTESIAN_POINT('',(90.,26.,57.6));
#6406 = SURFACE_CURVE('',#6407,(#6412,#6432),.PCURVE_S1.);
#6407 = ELLIPSE('',#6408,8.343860018001,5.9);
#6408 = AXIS2_PLACEMENT_3D('',#6409,#6410,#6411);
#6409 = CARTESIAN_POINT('',(90.,26.,63.5));
#6410 = DIRECTION('',(0.707106781187,-0.707106781187,0.));
#6411 = DIRECTION('',(0.707106781187,0.707106781187,0.));
#6412 = PCURVE('',#2818,#6413);
#6413 = DEFINITIONAL_REPRESENTATION('',(#6414),#6431);
#6414 = B_SPLINE_CURVE_WITH_KNOTS('',8,(#6415,#6416,#6417,#6418,#6419,
    #6420,#6421,#6422,#6423,#6424,#6425,#6426,#6427,#6428,#6429,#6430),
  .UNSPECIFIED.,.F.,.F.,(9,7,9),(1.570796215333,3.141592592975,
    4.712388970617),.UNSPECIFIED.);
#6415 = CARTESIAN_POINT('',(-1.114623504606E-07,315.00000065762));
#6416 = CARTESIAN_POINT('',(0.196349435743,313.84153832911));
#6417 = CARTESIAN_POINT('',(0.392698982948,312.68307569623));
#6418 = CARTESIAN_POINT('',(0.589048530153,311.59267222439));
#6419 = CARTESIAN_POINT('',(0.785398077356,310.6383737331));
#6420 = CARTESIAN_POINT('',(0.981747624563,309.87987378392));
#6421 = CARTESIAN_POINT('',(1.178097171769,309.3599587353));
#6422 = CARTESIAN_POINT('',(1.374446718975,309.10000007022));
#6423 = CARTESIAN_POINT('',(1.767145813385,309.09999992978));
#6424 = CARTESIAN_POINT('',(1.963495360591,309.35995845502));
#6425 = CARTESIAN_POINT('',(2.15984490779,309.87987336844));
#6426 = CARTESIAN_POINT('',(2.356194455005,310.63837320654));
#6427 = CARTESIAN_POINT('',(2.552544002202,311.5926716006));
#6428 = CARTESIAN_POINT('',(2.748893549412,312.6830750131));
#6429 = CARTESIAN_POINT('',(2.945243096617,313.84153761386));
#6430 = CARTESIAN_POINT('',(3.141592643822,314.99999994237));
#6431 = ( GEOMETRIC_REPRESENTATION_CONTEXT(2) 
PARAMETRIC_REPRESENTATION_CONTEXT() REPRESENTATION_CONTEXT('2D SPACE',''
  ) );
#6432 = PCURVE('',#6433,#6438);
#6433 = CYLINDRICAL_SURFACE('',#6434,5.9);
#6434 = AXIS2_PLACEMENT_3D('',#6435,#6436,#6437);
#6435 = CARTESIAN_POINT('',(90.,-6.,63.5));
#6436 = DIRECTION('',(0.,1.,0.));
#6437 = DIRECTION('',(0.,-0.,1.));
#6438 = DEFINITIONAL_REPRESENTATION('',(#6439),#6456);
#6439 = B_SPLINE_CURVE_WITH_KNOTS('',8,(#6440,#6441,#6442,#6443,#6444,
    #6445,#6446,#6447,#6448,#6449,#6450,#6451,#6452,#6453,#6454,#6455),
  .UNSPECIFIED.,.F.,.F.,(9,7,9),(1.570796215333,3.141592592975,
    4.712388970617),.UNSPECIFIED.);
#6440 = CARTESIAN_POINT('',(6.283185418642,32.000000657628));
#6441 = CARTESIAN_POINT('',(6.086835871437,30.841538329117));
#6442 = CARTESIAN_POINT('',(5.890486324232,29.68307569656));
#6443 = CARTESIAN_POINT('',(5.694136777026,28.592672223622));
#6444 = CARTESIAN_POINT('',(5.497787229823,27.63837373414));
#6445 = CARTESIAN_POINT('',(5.301437682614,26.879873783592));
#6446 = CARTESIAN_POINT('',(5.105088135411,26.359958735573));
#6447 = CARTESIAN_POINT('',(4.908738588205,26.10000007022));
#6448 = CARTESIAN_POINT('',(4.516039493794,26.09999992978));
#6449 = CARTESIAN_POINT('',(4.319689946588,26.359958454723));
#6450 = CARTESIAN_POINT('',(4.123340399391,26.879873370438));
#6451 = CARTESIAN_POINT('',(3.926990852172,27.63837320547));
#6452 = CARTESIAN_POINT('',(3.730641304979,28.592671602825));
#6453 = CARTESIAN_POINT('',(3.534291757767,29.683075012844));
#6454 = CARTESIAN_POINT('',(3.337942210563,30.841537613861));
#6455 = CARTESIAN_POINT('',(3.141592663357,31.999999942372));
#6456 = ( GEOMETRIC_REPRESENTATION_CONTEXT(2) 
PARAMETRIC_REPRESENTATION_CONTEXT() REPRESENTATION_CONTEXT('2D SPACE',''
  ) );
#6457 = ORIENTED_EDGE('',*,*,#6458,.T.);
#6458 = EDGE_CURVE('',#6402,#6459,#6461,.T.);
#6459 = VERTEX_POINT('',#6460);
#6460 = CARTESIAN_POINT('',(95.9,20.1,63.5));
#6461 = SURFACE_CURVE('',#6462,(#6467,#6480),.PCURVE_S1.);
#6462 = ELLIPSE('',#6463,8.343860018001,5.9);
#6463 = AXIS2_PLACEMENT_3D('',#6464,#6465,#6466);
#6464 = CARTESIAN_POINT('',(90.,26.,63.5));
#6465 = DIRECTION('',(0.707106781187,0.707106781187,0.));
#6466 = DIRECTION('',(0.707106781187,-0.707106781187,0.));
#6467 = PCURVE('',#2818,#6468);
#6468 = DEFINITIONAL_REPRESENTATION('',(#6469),#6479);
#6469 = B_SPLINE_CURVE_WITH_KNOTS('',8,(#6470,#6471,#6472,#6473,#6474,
    #6475,#6476,#6477,#6478),.UNSPECIFIED.,.F.,.F.,(9,9),(4.712388868922
    ,6.28318530718),.PIECEWISE_BEZIER_KNOTS.);
#6470 = CARTESIAN_POINT('',(-1.114623504606E-07,314.99999934237));
#6471 = CARTESIAN_POINT('',(0.19634944332,316.15846171558));
#6472 = CARTESIAN_POINT('',(0.392698998101,317.31692439296));
#6473 = CARTESIAN_POINT('',(0.589048552885,318.40732790166));
#6474 = CARTESIAN_POINT('',(0.785398107662,319.36162641365));
#6475 = CARTESIAN_POINT('',(0.981747662448,320.12012636179));
#6476 = CARTESIAN_POINT('',(1.17809721723,320.64004138485));
#6477 = CARTESIAN_POINT('',(1.374446772013,320.9));
#6478 = CARTESIAN_POINT('',(1.570796326795,320.9));
#6479 = ( GEOMETRIC_REPRESENTATION_CONTEXT(2) 
PARAMETRIC_REPRESENTATION_CONTEXT() REPRESENTATION_CONTEXT('2D SPACE',''
  ) );
#6480 = PCURVE('',#6433,#6481);
#6481 = DEFINITIONAL_REPRESENTATION('',(#6482),#6492);
#6482 = B_SPLINE_CURVE_WITH_KNOTS('',8,(#6483,#6484,#6485,#6486,#6487,
    #6488,#6489,#6490,#6491),.UNSPECIFIED.,.F.,.F.,(9,9),(4.712388868922
    ,6.28318530718),.PIECEWISE_BEZIER_KNOTS.);
#6483 = CARTESIAN_POINT('',(-1.114623495724E-07,32.000000657628));
#6484 = CARTESIAN_POINT('',(0.19634944332,30.841538284413));
#6485 = CARTESIAN_POINT('',(0.392698998102,29.68307560713));
#6486 = CARTESIAN_POINT('',(0.589048552884,28.592672097416));
#6487 = CARTESIAN_POINT('',(0.785398107665,27.638373586732));
#6488 = CARTESIAN_POINT('',(0.981747662448,26.879873637282));
#6489 = CARTESIAN_POINT('',(1.17809721723,26.35995861518));
#6490 = CARTESIAN_POINT('',(1.374446772013,26.1));
#6491 = CARTESIAN_POINT('',(1.570796326795,26.1));
#6492 = ( GEOMETRIC_REPRESENTATION_CONTEXT(2) 
PARAMETRIC_REPRESENTATION_CONTEXT() REPRESENTATION_CONTEXT('2D SPACE',''
  ) );
#6493 = ORIENTED_EDGE('',*,*,#6494,.T.);
#6494 = EDGE_CURVE('',#6459,#6404,#6495,.T.);
#6495 = SURFACE_CURVE('',#6496,(#6501,#6514),.PCURVE_S1.);
#6496 = ELLIPSE('',#6497,8.343860018001,5.9);
#6497 = AXIS2_PLACEMENT_3D('',#6498,#6499,#6500);
#6498 = CARTESIAN_POINT('',(90.,26.,63.5));
#6499 = DIRECTION('',(0.707106781187,0.707106781187,0.));
#6500 = DIRECTION('',(0.707106781187,-0.707106781187,0.));
#6501 = PCURVE('',#2818,#6502);
#6502 = DEFINITIONAL_REPRESENTATION('',(#6503),#6513);
#6503 = B_SPLINE_CURVE_WITH_KNOTS('',8,(#6504,#6505,#6506,#6507,#6508,
    #6509,#6510,#6511,#6512),.UNSPECIFIED.,.F.,.F.,(9,9),(0.,
    1.570796438257),.PIECEWISE_BEZIER_KNOTS.);
#6504 = CARTESIAN_POINT('',(1.570796326795,320.9));
#6505 = CARTESIAN_POINT('',(1.767145881577,320.9));
#6506 = CARTESIAN_POINT('',(1.963495436358,320.64004138439));
#6507 = CARTESIAN_POINT('',(2.15984499114,320.12012636391));
#6508 = CARTESIAN_POINT('',(2.35619454592,319.36162641042));
#6509 = CARTESIAN_POINT('',(2.552544100701,318.40732790364));
#6510 = CARTESIAN_POINT('',(2.748893655487,317.31692439239));
#6511 = CARTESIAN_POINT('',(2.94524321027,316.15846171558));
#6512 = CARTESIAN_POINT('',(3.141592765052,314.99999934237));
#6513 = ( GEOMETRIC_REPRESENTATION_CONTEXT(2) 
PARAMETRIC_REPRESENTATION_CONTEXT() REPRESENTATION_CONTEXT('2D SPACE',''
  ) );
#6514 = PCURVE('',#6433,#6515);
#6515 = DEFINITIONAL_REPRESENTATION('',(#6516),#6526);
#6516 = B_SPLINE_CURVE_WITH_KNOTS('',8,(#6517,#6518,#6519,#6520,#6521,
    #6522,#6523,#6524,#6525),.UNSPECIFIED.,.F.,.F.,(9,9),(0.,
    1.570796438257),.PIECEWISE_BEZIER_KNOTS.);
#6517 = CARTESIAN_POINT('',(1.570796326795,26.1));
#6518 = CARTESIAN_POINT('',(1.767145881577,26.1));
#6519 = CARTESIAN_POINT('',(1.96349543636,26.359958615168));
#6520 = CARTESIAN_POINT('',(2.159844991134,26.879873637337));
#6521 = CARTESIAN_POINT('',(2.356194545922,27.638373586699));
#6522 = CARTESIAN_POINT('',(2.552544100699,28.592672097511));
#6523 = CARTESIAN_POINT('',(2.748893655488,29.683075607137));
#6524 = CARTESIAN_POINT('',(2.94524321027,30.841538284413));
#6525 = CARTESIAN_POINT('',(3.141592765052,32.000000657628));
#6526 = ( GEOMETRIC_REPRESENTATION_CONTEXT(2) 
PARAMETRIC_REPRESENTATION_CONTEXT() REPRESENTATION_CONTEXT('2D SPACE',''
  ) );
#6527 = FACE_BOUND('',#6528,.F.);
#6528 = EDGE_LOOP('',(#6529,#6586,#6622));
#6529 = ORIENTED_EDGE('',*,*,#6530,.F.);
#6530 = EDGE_CURVE('',#6531,#6533,#6535,.T.);
#6531 = VERTEX_POINT('',#6532);
#6532 = CARTESIAN_POINT('',(135.,26.,69.4));
#6533 = VERTEX_POINT('',#6534);
#6534 = CARTESIAN_POINT('',(135.,26.,57.6));
#6535 = SURFACE_CURVE('',#6536,(#6541,#6561),.PCURVE_S1.);
#6536 = ELLIPSE('',#6537,8.343860018001,5.9);
#6537 = AXIS2_PLACEMENT_3D('',#6538,#6539,#6540);
#6538 = CARTESIAN_POINT('',(135.,26.,63.5));
#6539 = DIRECTION('',(0.707106781187,-0.707106781187,0.));
#6540 = DIRECTION('',(0.707106781187,0.707106781187,0.));
#6541 = PCURVE('',#2818,#6542);
#6542 = DEFINITIONAL_REPRESENTATION('',(#6543),#6560);
#6543 = B_SPLINE_CURVE_WITH_KNOTS('',8,(#6544,#6545,#6546,#6547,#6548,
    #6549,#6550,#6551,#6552,#6553,#6554,#6555,#6556,#6557,#6558,#6559),
  .UNSPECIFIED.,.F.,.F.,(9,7,9),(1.570796215333,3.141592592975,
    4.712388970617),.UNSPECIFIED.);
#6544 = CARTESIAN_POINT('',(-1.114623504606E-07,360.00000065762));
#6545 = CARTESIAN_POINT('',(0.196349435743,358.84153832911));
#6546 = CARTESIAN_POINT('',(0.392698982948,357.68307569633));
#6547 = CARTESIAN_POINT('',(0.589048530153,356.5926722237));
#6548 = CARTESIAN_POINT('',(0.785398077356,355.63837373266));
#6549 = CARTESIAN_POINT('',(0.981747624563,354.8798737842));
#6550 = CARTESIAN_POINT('',(1.178097171769,354.35995873527));
#6551 = CARTESIAN_POINT('',(1.374446718975,354.10000007022));
#6552 = CARTESIAN_POINT('',(1.767145813385,354.09999992978));
#6553 = CARTESIAN_POINT('',(1.963495360591,354.35995845522));
#6554 = CARTESIAN_POINT('',(2.15984490779,354.8798733678));
#6555 = CARTESIAN_POINT('',(2.356194455005,355.63837320847));
#6556 = CARTESIAN_POINT('',(2.552544002202,356.59267160045));
#6557 = CARTESIAN_POINT('',(2.748893549412,357.68307501336));
#6558 = CARTESIAN_POINT('',(2.945243096617,358.84153761386));
#6559 = CARTESIAN_POINT('',(3.141592643822,359.99999994237));
#6560 = ( GEOMETRIC_REPRESENTATION_CONTEXT(2) 
PARAMETRIC_REPRESENTATION_CONTEXT() REPRESENTATION_CONTEXT('2D SPACE',''
  ) );
#6561 = PCURVE('',#6562,#6567);
#6562 = CYLINDRICAL_SURFACE('',#6563,5.9);
#6563 = AXIS2_PLACEMENT_3D('',#6564,#6565,#6566);
#6564 = CARTESIAN_POINT('',(135.,-6.,63.5));
#6565 = DIRECTION('',(0.,1.,0.));
#6566 = DIRECTION('',(0.,-0.,1.));
#6567 = DEFINITIONAL_REPRESENTATION('',(#6568),#6585);
#6568 = B_SPLINE_CURVE_WITH_KNOTS('',8,(#6569,#6570,#6571,#6572,#6573,
    #6574,#6575,#6576,#6577,#6578,#6579,#6580,#6581,#6582,#6583,#6584),
  .UNSPECIFIED.,.F.,.F.,(9,7,9),(1.570796215333,3.141592592975,
    4.712388970617),.UNSPECIFIED.);
#6569 = CARTESIAN_POINT('',(6.283185418642,32.000000657628));
#6570 = CARTESIAN_POINT('',(6.086835871437,30.841538329117));
#6571 = CARTESIAN_POINT('',(5.890486324231,29.68307569656));
#6572 = CARTESIAN_POINT('',(5.69413677703,28.592672223622));
#6573 = CARTESIAN_POINT('',(5.497787229819,27.63837373414));
#6574 = CARTESIAN_POINT('',(5.301437682618,26.879873783592));
#6575 = CARTESIAN_POINT('',(5.10508813541,26.359958735573));
#6576 = CARTESIAN_POINT('',(4.908738588205,26.10000007022));
#6577 = CARTESIAN_POINT('',(4.516039493794,26.09999992978));
#6578 = CARTESIAN_POINT('',(4.319689946587,26.359958454723));
#6579 = CARTESIAN_POINT('',(4.123340399393,26.879873370438));
#6580 = CARTESIAN_POINT('',(3.92699085217,27.63837320547));
#6581 = CARTESIAN_POINT('',(3.730641304982,28.592671602825));
#6582 = CARTESIAN_POINT('',(3.534291757767,29.683075012844));
#6583 = CARTESIAN_POINT('',(3.337942210563,30.841537613861));
#6584 = CARTESIAN_POINT('',(3.141592663357,31.999999942372));
#6585 = ( GEOMETRIC_REPRESENTATION_CONTEXT(2) 
PARAMETRIC_REPRESENTATION_CONTEXT() REPRESENTATION_CONTEXT('2D SPACE',''
  ) );
#6586 = ORIENTED_EDGE('',*,*,#6587,.T.);
#6587 = EDGE_CURVE('',#6531,#6588,#6590,.T.);
#6588 = VERTEX_POINT('',#6589);
#6589 = CARTESIAN_POINT('',(140.9,20.1,63.5));
#6590 = SURFACE_CURVE('',#6591,(#6596,#6609),.PCURVE_S1.);
#6591 = ELLIPSE('',#6592,8.343860018001,5.9);
#6592 = AXIS2_PLACEMENT_3D('',#6593,#6594,#6595);
#6593 = CARTESIAN_POINT('',(135.,26.,63.5));
#6594 = DIRECTION('',(0.707106781187,0.707106781187,0.));
#6595 = DIRECTION('',(0.707106781187,-0.707106781187,0.));
#6596 = PCURVE('',#2818,#6597);
#6597 = DEFINITIONAL_REPRESENTATION('',(#6598),#6608);
#6598 = B_SPLINE_CURVE_WITH_KNOTS('',8,(#6599,#6600,#6601,#6602,#6603,
    #6604,#6605,#6606,#6607),.UNSPECIFIED.,.F.,.F.,(9,9),(4.712388868922
    ,6.28318530718),.PIECEWISE_BEZIER_KNOTS.);
#6599 = CARTESIAN_POINT('',(-1.114623504606E-07,359.99999934237));
#6600 = CARTESIAN_POINT('',(0.19634944332,361.15846171558));
#6601 = CARTESIAN_POINT('',(0.392698998101,362.31692439203));
#6602 = CARTESIAN_POINT('',(0.589048552885,363.40732790474));
#6603 = CARTESIAN_POINT('',(0.785398107662,364.36162640907));
#6604 = CARTESIAN_POINT('',(0.981747662448,365.1201263649));
#6605 = CARTESIAN_POINT('',(1.17809721723,365.640041384));
#6606 = CARTESIAN_POINT('',(1.374446772013,365.9));
#6607 = CARTESIAN_POINT('',(1.570796326795,365.9));
#6608 = ( GEOMETRIC_REPRESENTATION_CONTEXT(2) 
PARAMETRIC_REPRESENTATION_CONTEXT() REPRESENTATION_CONTEXT('2D SPACE',''
  ) );
#6609 = PCURVE('',#6562,#6610);
#6610 = DEFINITIONAL_REPRESENTATION('',(#6611),#6621);
#6611 = B_SPLINE_CURVE_WITH_KNOTS('',8,(#6612,#6613,#6614,#6615,#6616,
    #6617,#6618,#6619,#6620),.UNSPECIFIED.,.F.,.F.,(9,9),(4.712388868922
    ,6.28318530718),.PIECEWISE_BEZIER_KNOTS.);
#6612 = CARTESIAN_POINT('',(-1.114623522369E-07,32.000000657628));
#6613 = CARTESIAN_POINT('',(0.19634944332,30.841538284413));
#6614 = CARTESIAN_POINT('',(0.392698998102,29.68307560713));
#6615 = CARTESIAN_POINT('',(0.589048552883,28.592672097416));
#6616 = CARTESIAN_POINT('',(0.785398107667,27.638373586732));
#6617 = CARTESIAN_POINT('',(0.981747662446,26.879873637282));
#6618 = CARTESIAN_POINT('',(1.17809721723,26.35995861518));
#6619 = CARTESIAN_POINT('',(1.374446772013,26.1));
#6620 = CARTESIAN_POINT('',(1.570796326795,26.1));
#6621 = ( GEOMETRIC_REPRESENTATION_CONTEXT(2) 
PARAMETRIC_REPRESENTATION_CONTEXT() REPRESENTATION_CONTEXT('2D SPACE',''
  ) );
#6622 = ORIENTED_EDGE('',*,*,#6623,.T.);
#6623 = EDGE_CURVE('',#6588,#6533,#6624,.T.);
#6624 = SURFACE_CURVE('',#6625,(#6630,#6643),.PCURVE_S1.);
#6625 = ELLIPSE('',#6626,8.343860018001,5.9);
#6626 = AXIS2_PLACEMENT_3D('',#6627,#6628,#6629);
#6627 = CARTESIAN_POINT('',(135.,26.,63.5));
#6628 = DIRECTION('',(0.707106781187,0.707106781187,0.));
#6629 = DIRECTION('',(0.707106781187,-0.707106781187,0.));
#6630 = PCURVE('',#2818,#6631);
#6631 = DEFINITIONAL_REPRESENTATION('',(#6632),#6642);
#6632 = B_SPLINE_CURVE_WITH_KNOTS('',8,(#6633,#6634,#6635,#6636,#6637,
    #6638,#6639,#6640,#6641),.UNSPECIFIED.,.F.,.F.,(9,9),(0.,
    1.570796438257),.PIECEWISE_BEZIER_KNOTS.);
#6633 = CARTESIAN_POINT('',(1.570796326795,365.9));
#6634 = CARTESIAN_POINT('',(1.767145881577,365.9));
#6635 = CARTESIAN_POINT('',(1.963495436358,365.64004138496));
#6636 = CARTESIAN_POINT('',(2.15984499114,365.12012636158));
#6637 = CARTESIAN_POINT('',(2.35619454592,364.36162641357));
#6638 = CARTESIAN_POINT('',(2.552544100701,363.40732790165));
#6639 = CARTESIAN_POINT('',(2.748893655487,362.31692439288));
#6640 = CARTESIAN_POINT('',(2.94524321027,361.15846171558));
#6641 = CARTESIAN_POINT('',(3.141592765052,359.99999934237));
#6642 = ( GEOMETRIC_REPRESENTATION_CONTEXT(2) 
PARAMETRIC_REPRESENTATION_CONTEXT() REPRESENTATION_CONTEXT('2D SPACE',''
  ) );
#6643 = PCURVE('',#6562,#6644);
#6644 = DEFINITIONAL_REPRESENTATION('',(#6645),#6655);
#6645 = B_SPLINE_CURVE_WITH_KNOTS('',8,(#6646,#6647,#6648,#6649,#6650,
    #6651,#6652,#6653,#6654),.UNSPECIFIED.,.F.,.F.,(9,9),(0.,
    1.570796438257),.PIECEWISE_BEZIER_KNOTS.);
#6646 = CARTESIAN_POINT('',(1.570796326795,26.1));
#6647 = CARTESIAN_POINT('',(1.767145881577,26.1));
#6648 = CARTESIAN_POINT('',(1.963495436358,26.359958615168));
#6649 = CARTESIAN_POINT('',(2.159844991142,26.879873637337));
#6650 = CARTESIAN_POINT('',(2.356194545915,27.638373586699));
#6651 = CARTESIAN_POINT('',(2.552544100708,28.592672097511));
#6652 = CARTESIAN_POINT('',(2.748893655486,29.683075607137));
#6653 = CARTESIAN_POINT('',(2.94524321027,30.841538284413));
#6654 = CARTESIAN_POINT('',(3.141592765052,32.000000657628));
#6655 = ( GEOMETRIC_REPRESENTATION_CONTEXT(2) 
PARAMETRIC_REPRESENTATION_CONTEXT() REPRESENTATION_CONTEXT('2D SPACE',''
  ) );
#6656 = FACE_BOUND('',#6657,.F.);
#6657 = EDGE_LOOP('',(#6658,#6715,#6751));
#6658 = ORIENTED_EDGE('',*,*,#6659,.F.);
#6659 = EDGE_CURVE('',#6660,#6662,#6664,.T.);
#6660 = VERTEX_POINT('',#6661);
#6661 = CARTESIAN_POINT('',(180.,26.,69.4));
#6662 = VERTEX_POINT('',#6663);
#6663 = CARTESIAN_POINT('',(180.,26.,57.6));
#6664 = SURFACE_CURVE('',#6665,(#6670,#6690),.PCURVE_S1.);
#6665 = ELLIPSE('',#6666,8.343860018001,5.9);
#6666 = AXIS2_PLACEMENT_3D('',#6667,#6668,#6669);
#6667 = CARTESIAN_POINT('',(180.,26.,63.5));
#6668 = DIRECTION('',(0.707106781187,-0.707106781187,0.));
#6669 = DIRECTION('',(0.707106781187,0.707106781187,0.));
#6670 = PCURVE('',#2818,#6671);
#6671 = DEFINITIONAL_REPRESENTATION('',(#6672),#6689);
#6672 = B_SPLINE_CURVE_WITH_KNOTS('',8,(#6673,#6674,#6675,#6676,#6677,
    #6678,#6679,#6680,#6681,#6682,#6683,#6684,#6685,#6686,#6687,#6688),
  .UNSPECIFIED.,.F.,.F.,(9,7,9),(1.570796215333,3.141592592975,
    4.712388970617),.UNSPECIFIED.);
#6673 = CARTESIAN_POINT('',(-1.114623504606E-07,405.00000065762));
#6674 = CARTESIAN_POINT('',(0.196349435743,403.84153832911));
#6675 = CARTESIAN_POINT('',(0.392698982948,402.68307569608));
#6676 = CARTESIAN_POINT('',(0.589048530153,401.59267222476));
#6677 = CARTESIAN_POINT('',(0.785398077356,400.63837373082));
#6678 = CARTESIAN_POINT('',(0.981747624563,399.87987378495));
#6679 = CARTESIAN_POINT('',(1.178097171769,399.359958735));
#6680 = CARTESIAN_POINT('',(1.374446718975,399.10000007022));
#6681 = CARTESIAN_POINT('',(1.767145813385,399.09999992978));
#6682 = CARTESIAN_POINT('',(1.963495360591,399.35995845479));
#6683 = CARTESIAN_POINT('',(2.15984490779,399.87987336961));
#6684 = CARTESIAN_POINT('',(2.356194455005,400.63837320575));
#6685 = CARTESIAN_POINT('',(2.552544002202,401.59267160216));
#6686 = CARTESIAN_POINT('',(2.748893549412,402.68307501286));
#6687 = CARTESIAN_POINT('',(2.945243096617,403.84153761386));
#6688 = CARTESIAN_POINT('',(3.141592643822,404.99999994237));
#6689 = ( GEOMETRIC_REPRESENTATION_CONTEXT(2) 
PARAMETRIC_REPRESENTATION_CONTEXT() REPRESENTATION_CONTEXT('2D SPACE',''
  ) );
#6690 = PCURVE('',#6691,#6696);
#6691 = CYLINDRICAL_SURFACE('',#6692,5.9);
#6692 = AXIS2_PLACEMENT_3D('',#6693,#6694,#6695);
#6693 = CARTESIAN_POINT('',(180.,-6.,63.5));
#6694 = DIRECTION('',(0.,1.,0.));
#6695 = DIRECTION('',(0.,-0.,1.));
#6696 = DEFINITIONAL_REPRESENTATION('',(#6697),#6714);
#6697 = B_SPLINE_CURVE_WITH_KNOTS('',8,(#6698,#6699,#6700,#6701,#6702,
    #6703,#6704,#6705,#6706,#6707,#6708,#6709,#6710,#6711,#6712,#6713),
  .UNSPECIFIED.,.F.,.F.,(9,7,9),(1.570796215333,3.141592592975,
    4.712388970617),.UNSPECIFIED.);
#6698 = CARTESIAN_POINT('',(6.283185418642,32.000000657628));
#6699 = CARTESIAN_POINT('',(6.086835871437,30.841538329117));
#6700 = CARTESIAN_POINT('',(5.890486324231,29.68307569656));
#6701 = CARTESIAN_POINT('',(5.69413677703,28.592672223622));
#6702 = CARTESIAN_POINT('',(5.497787229819,27.63837373414));
#6703 = CARTESIAN_POINT('',(5.301437682618,26.879873783592));
#6704 = CARTESIAN_POINT('',(5.10508813541,26.359958735573));
#6705 = CARTESIAN_POINT('',(4.908738588205,26.10000007022));
#6706 = CARTESIAN_POINT('',(4.516039493794,26.09999992978));
#6707 = CARTESIAN_POINT('',(4.319689946587,26.359958454723));
#6708 = CARTESIAN_POINT('',(4.123340399393,26.879873370438));
#6709 = CARTESIAN_POINT('',(3.92699085217,27.63837320547));
#6710 = CARTESIAN_POINT('',(3.730641304982,28.592671602825));
#6711 = CARTESIAN_POINT('',(3.534291757767,29.683075012844));
#6712 = CARTESIAN_POINT('',(3.337942210563,30.841537613861));
#6713 = CARTESIAN_POINT('',(3.141592663357,31.999999942372));
#6714 = ( GEOMETRIC_REPRESENTATION_CONTEXT(2) 
PARAMETRIC_REPRESENTATION_CONTEXT() REPRESENTATION_CONTEXT('2D SPACE',''
  ) );
#6715 = ORIENTED_EDGE('',*,*,#6716,.T.);
#6716 = EDGE_CURVE('',#6660,#6717,#6719,.T.);
#6717 = VERTEX_POINT('',#6718);
#6718 = CARTESIAN_POINT('',(185.9,20.1,63.5));
#6719 = SURFACE_CURVE('',#6720,(#6725,#6738),.PCURVE_S1.);
#6720 = ELLIPSE('',#6721,8.343860018001,5.9);
#6721 = AXIS2_PLACEMENT_3D('',#6722,#6723,#6724);
#6722 = CARTESIAN_POINT('',(180.,26.,63.5));
#6723 = DIRECTION('',(0.707106781187,0.707106781187,0.));
#6724 = DIRECTION('',(0.707106781187,-0.707106781187,0.));
#6725 = PCURVE('',#2818,#6726);
#6726 = DEFINITIONAL_REPRESENTATION('',(#6727),#6737);
#6727 = B_SPLINE_CURVE_WITH_KNOTS('',8,(#6728,#6729,#6730,#6731,#6732,
    #6733,#6734,#6735,#6736),.UNSPECIFIED.,.F.,.F.,(9,9),(4.712388868922
    ,6.28318530718),.PIECEWISE_BEZIER_KNOTS.);
#6728 = CARTESIAN_POINT('',(-1.114623504606E-07,404.99999934237));
#6729 = CARTESIAN_POINT('',(0.19634944332,406.15846171558));
#6730 = CARTESIAN_POINT('',(0.392698998101,407.31692439237));
#6731 = CARTESIAN_POINT('',(0.589048552885,408.40732790435));
#6732 = CARTESIAN_POINT('',(0.785398107662,409.36162641044));
#6733 = CARTESIAN_POINT('',(0.981747662448,410.12012636399));
#6734 = CARTESIAN_POINT('',(1.17809721723,410.64004138426));
#6735 = CARTESIAN_POINT('',(1.374446772013,410.9));
#6736 = CARTESIAN_POINT('',(1.570796326795,410.9));
#6737 = ( GEOMETRIC_REPRESENTATION_CONTEXT(2) 
PARAMETRIC_REPRESENTATION_CONTEXT() REPRESENTATION_CONTEXT('2D SPACE',''
  ) );
#6738 = PCURVE('',#6691,#6739);
#6739 = DEFINITIONAL_REPRESENTATION('',(#6740),#6750);
#6740 = B_SPLINE_CURVE_WITH_KNOTS('',8,(#6741,#6742,#6743,#6744,#6745,
    #6746,#6747,#6748,#6749),.UNSPECIFIED.,.F.,.F.,(9,9),(4.712388868922
    ,6.28318530718),.PIECEWISE_BEZIER_KNOTS.);
#6741 = CARTESIAN_POINT('',(-1.114623522369E-07,32.000000657628));
#6742 = CARTESIAN_POINT('',(0.19634944332,30.841538284413));
#6743 = CARTESIAN_POINT('',(0.392698998102,29.68307560713));
#6744 = CARTESIAN_POINT('',(0.589048552883,28.592672097416));
#6745 = CARTESIAN_POINT('',(0.785398107667,27.638373586732));
#6746 = CARTESIAN_POINT('',(0.981747662446,26.879873637282));
#6747 = CARTESIAN_POINT('',(1.17809721723,26.35995861518));
#6748 = CARTESIAN_POINT('',(1.374446772013,26.1));
#6749 = CARTESIAN_POINT('',(1.570796326795,26.1));
#6750 = ( GEOMETRIC_REPRESENTATION_CONTEXT(2) 
PARAMETRIC_REPRESENTATION_CONTEXT() REPRESENTATION_CONTEXT('2D SPACE',''
  ) );
#6751 = ORIENTED_EDGE('',*,*,#6752,.T.);
#6752 = EDGE_CURVE('',#6717,#6662,#6753,.T.);
#6753 = SURFACE_CURVE('',#6754,(#6759,#6772),.PCURVE_S1.);
#6754 = ELLIPSE('',#6755,8.343860018001,5.9);
#6755 = AXIS2_PLACEMENT_3D('',#6756,#6757,#6758);
#6756 = CARTESIAN_POINT('',(180.,26.,63.5));
#6757 = DIRECTION('',(0.707106781187,0.707106781187,0.));
#6758 = DIRECTION('',(0.707106781187,-0.707106781187,0.));
#6759 = PCURVE('',#2818,#6760);
#6760 = DEFINITIONAL_REPRESENTATION('',(#6761),#6771);
#6761 = B_SPLINE_CURVE_WITH_KNOTS('',8,(#6762,#6763,#6764,#6765,#6766,
    #6767,#6768,#6769,#6770),.UNSPECIFIED.,.F.,.F.,(9,9),(0.,
    1.570796438257),.PIECEWISE_BEZIER_KNOTS.);
#6762 = CARTESIAN_POINT('',(1.570796326795,410.9));
#6763 = CARTESIAN_POINT('',(1.767145881577,410.9));
#6764 = CARTESIAN_POINT('',(1.963495436358,410.64004138483));
#6765 = CARTESIAN_POINT('',(2.15984499114,410.120126361));
#6766 = CARTESIAN_POINT('',(2.35619454592,409.36162641336));
#6767 = CARTESIAN_POINT('',(2.552544100701,408.40732790124));
#6768 = CARTESIAN_POINT('',(2.748893655487,407.31692439309));
#6769 = CARTESIAN_POINT('',(2.94524321027,406.15846171558));
#6770 = CARTESIAN_POINT('',(3.141592765052,404.99999934237));
#6771 = ( GEOMETRIC_REPRESENTATION_CONTEXT(2) 
PARAMETRIC_REPRESENTATION_CONTEXT() REPRESENTATION_CONTEXT('2D SPACE',''
  ) );
#6772 = PCURVE('',#6691,#6773);
#6773 = DEFINITIONAL_REPRESENTATION('',(#6774),#6784);
#6774 = B_SPLINE_CURVE_WITH_KNOTS('',8,(#6775,#6776,#6777,#6778,#6779,
    #6780,#6781,#6782,#6783),.UNSPECIFIED.,.F.,.F.,(9,9),(0.,
    1.570796438257),.PIECEWISE_BEZIER_KNOTS.);
#6775 = CARTESIAN_POINT('',(1.570796326795,26.1));
#6776 = CARTESIAN_POINT('',(1.767145881577,26.1));
#6777 = CARTESIAN_POINT('',(1.963495436358,26.359958615168));
#6778 = CARTESIAN_POINT('',(2.159844991142,26.879873637337));
#6779 = CARTESIAN_POINT('',(2.356194545915,27.638373586699));
#6780 = CARTESIAN_POINT('',(2.552544100708,28.592672097511));
#6781 = CARTESIAN_POINT('',(2.748893655486,29.683075607137));
#6782 = CARTESIAN_POINT('',(2.94524321027,30.841538284413));
#6783 = CARTESIAN_POINT('',(3.141592765052,32.000000657628));
#6784 = ( GEOMETRIC_REPRESENTATION_CONTEXT(2) 
PARAMETRIC_REPRESENTATION_CONTEXT() REPRESENTATION_CONTEXT('2D SPACE',''
  ) );
#6785 = ADVANCED_FACE('',(#6786,#6789),#3001,.F.);
#6786 = FACE_BOUND('',#6787,.F.);
#6787 = EDGE_LOOP('',(#6788));
#6788 = ORIENTED_EDGE('',*,*,#2986,.T.);
#6789 = FACE_BOUND('',#6790,.F.);
#6790 = EDGE_LOOP('',(#6791));
#6791 = ORIENTED_EDGE('',*,*,#6792,.F.);
#6792 = EDGE_CURVE('',#6793,#6793,#6795,.T.);
#6793 = VERTEX_POINT('',#6794);
#6794 = CARTESIAN_POINT('',(-180.,-6.,30.4));
#6795 = SURFACE_CURVE('',#6796,(#6801,#6808),.PCURVE_S1.);
#6796 = CIRCLE('',#6797,6.9);
#6797 = AXIS2_PLACEMENT_3D('',#6798,#6799,#6800);
#6798 = CARTESIAN_POINT('',(-180.,-6.,23.5));
#6799 = DIRECTION('',(0.,1.,0.));
#6800 = DIRECTION('',(0.,-0.,1.));
#6801 = PCURVE('',#3001,#6802);
#6802 = DEFINITIONAL_REPRESENTATION('',(#6803),#6807);
#6803 = CIRCLE('',#6804,6.9);
#6804 = AXIS2_PLACEMENT_2D('',#6805,#6806);
#6805 = CARTESIAN_POINT('',(0.,0.));
#6806 = DIRECTION('',(1.,0.));
#6807 = ( GEOMETRIC_REPRESENTATION_CONTEXT(2) 
PARAMETRIC_REPRESENTATION_CONTEXT() REPRESENTATION_CONTEXT('2D SPACE',''
  ) );
#6808 = PCURVE('',#6809,#6814);
#6809 = CONICAL_SURFACE('',#6810,6.9,0.785398163397);
#6810 = AXIS2_PLACEMENT_3D('',#6811,#6812,#6813);
#6811 = CARTESIAN_POINT('',(-180.,-6.,23.5));
#6812 = DIRECTION('',(-0.,-1.,-0.));
#6813 = DIRECTION('',(0.,-0.,1.));
#6814 = DEFINITIONAL_REPRESENTATION('',(#6815),#6819);
#6815 = LINE('',#6816,#6817);
#6816 = CARTESIAN_POINT('',(-0.,-0.));
#6817 = VECTOR('',#6818,1.);
#6818 = DIRECTION('',(-1.,-0.));
#6819 = ( GEOMETRIC_REPRESENTATION_CONTEXT(2) 
PARAMETRIC_REPRESENTATION_CONTEXT() REPRESENTATION_CONTEXT('2D SPACE',''
  ) );
#6820 = ADVANCED_FACE('',(#6821,#6824),#3056,.F.);
#6821 = FACE_BOUND('',#6822,.F.);
#6822 = EDGE_LOOP('',(#6823));
#6823 = ORIENTED_EDGE('',*,*,#3041,.T.);
#6824 = FACE_BOUND('',#6825,.F.);
#6825 = EDGE_LOOP('',(#6826));
#6826 = ORIENTED_EDGE('',*,*,#6827,.F.);
#6827 = EDGE_CURVE('',#6828,#6828,#6830,.T.);
#6828 = VERTEX_POINT('',#6829);
#6829 = CARTESIAN_POINT('',(-135.,-6.,30.4));
#6830 = SURFACE_CURVE('',#6831,(#6836,#6843),.PCURVE_S1.);
#6831 = CIRCLE('',#6832,6.9);
#6832 = AXIS2_PLACEMENT_3D('',#6833,#6834,#6835);
#6833 = CARTESIAN_POINT('',(-135.,-6.,23.5));
#6834 = DIRECTION('',(0.,1.,0.));
#6835 = DIRECTION('',(0.,-0.,1.));
#6836 = PCURVE('',#3056,#6837);
#6837 = DEFINITIONAL_REPRESENTATION('',(#6838),#6842);
#6838 = CIRCLE('',#6839,6.9);
#6839 = AXIS2_PLACEMENT_2D('',#6840,#6841);
#6840 = CARTESIAN_POINT('',(0.,0.));
#6841 = DIRECTION('',(1.,0.));
#6842 = ( GEOMETRIC_REPRESENTATION_CONTEXT(2) 
PARAMETRIC_REPRESENTATION_CONTEXT() REPRESENTATION_CONTEXT('2D SPACE',''
  ) );
#6843 = PCURVE('',#6844,#6849);
#6844 = CONICAL_SURFACE('',#6845,6.9,0.785398163397);
#6845 = AXIS2_PLACEMENT_3D('',#6846,#6847,#6848);
#6846 = CARTESIAN_POINT('',(-135.,-6.,23.5));
#6847 = DIRECTION('',(-0.,-1.,-0.));
#6848 = DIRECTION('',(0.,-0.,1.));
#6849 = DEFINITIONAL_REPRESENTATION('',(#6850),#6854);
#6850 = LINE('',#6851,#6852);
#6851 = CARTESIAN_POINT('',(-0.,-0.));
#6852 = VECTOR('',#6853,1.);
#6853 = DIRECTION('',(-1.,-0.));
#6854 = ( GEOMETRIC_REPRESENTATION_CONTEXT(2) 
PARAMETRIC_REPRESENTATION_CONTEXT() REPRESENTATION_CONTEXT('2D SPACE',''
  ) );
#6855 = ADVANCED_FACE('',(#6856,#6859),#3111,.F.);
#6856 = FACE_BOUND('',#6857,.F.);
#6857 = EDGE_LOOP('',(#6858));
#6858 = ORIENTED_EDGE('',*,*,#3096,.T.);
#6859 = FACE_BOUND('',#6860,.F.);
#6860 = EDGE_LOOP('',(#6861));
#6861 = ORIENTED_EDGE('',*,*,#6862,.F.);
#6862 = EDGE_CURVE('',#6863,#6863,#6865,.T.);
#6863 = VERTEX_POINT('',#6864);
#6864 = CARTESIAN_POINT('',(-90.,-6.,30.4));
#6865 = SURFACE_CURVE('',#6866,(#6871,#6878),.PCURVE_S1.);
#6866 = CIRCLE('',#6867,6.9);
#6867 = AXIS2_PLACEMENT_3D('',#6868,#6869,#6870);
#6868 = CARTESIAN_POINT('',(-90.,-6.,23.5));
#6869 = DIRECTION('',(0.,1.,0.));
#6870 = DIRECTION('',(0.,-0.,1.));
#6871 = PCURVE('',#3111,#6872);
#6872 = DEFINITIONAL_REPRESENTATION('',(#6873),#6877);
#6873 = CIRCLE('',#6874,6.9);
#6874 = AXIS2_PLACEMENT_2D('',#6875,#6876);
#6875 = CARTESIAN_POINT('',(0.,0.));
#6876 = DIRECTION('',(1.,0.));
#6877 = ( GEOMETRIC_REPRESENTATION_CONTEXT(2) 
PARAMETRIC_REPRESENTATION_CONTEXT() REPRESENTATION_CONTEXT('2D SPACE',''
  ) );
#6878 = PCURVE('',#6879,#6884);
#6879 = CONICAL_SURFACE('',#6880,6.9,0.785398163397);
#6880 = AXIS2_PLACEMENT_3D('',#6881,#6882,#6883);
#6881 = CARTESIAN_POINT('',(-90.,-6.,23.5));
#6882 = DIRECTION('',(-0.,-1.,-0.));
#6883 = DIRECTION('',(0.,-0.,1.));
#6884 = DEFINITIONAL_REPRESENTATION('',(#6885),#6889);
#6885 = LINE('',#6886,#6887);
#6886 = CARTESIAN_POINT('',(-0.,-0.));
#6887 = VECTOR('',#6888,1.);
#6888 = DIRECTION('',(-1.,-0.));
#6889 = ( GEOMETRIC_REPRESENTATION_CONTEXT(2) 
PARAMETRIC_REPRESENTATION_CONTEXT() REPRESENTATION_CONTEXT('2D SPACE',''
  ) );
#6890 = ADVANCED_FACE('',(#6891,#6894),#3170,.F.);
#6891 = FACE_BOUND('',#6892,.F.);
#6892 = EDGE_LOOP('',(#6893));
#6893 = ORIENTED_EDGE('',*,*,#3155,.T.);
#6894 = FACE_BOUND('',#6895,.F.);
#6895 = EDGE_LOOP('',(#6896));
#6896 = ORIENTED_EDGE('',*,*,#6897,.F.);
#6897 = EDGE_CURVE('',#6898,#6898,#6900,.T.);
#6898 = VERTEX_POINT('',#6899);
#6899 = CARTESIAN_POINT('',(-45.,-6.,30.4));
#6900 = SURFACE_CURVE('',#6901,(#6906,#6913),.PCURVE_S1.);
#6901 = CIRCLE('',#6902,6.9);
#6902 = AXIS2_PLACEMENT_3D('',#6903,#6904,#6905);
#6903 = CARTESIAN_POINT('',(-45.,-6.,23.5));
#6904 = DIRECTION('',(0.,1.,0.));
#6905 = DIRECTION('',(0.,-0.,1.));
#6906 = PCURVE('',#3170,#6907);
#6907 = DEFINITIONAL_REPRESENTATION('',(#6908),#6912);
#6908 = CIRCLE('',#6909,6.9);
#6909 = AXIS2_PLACEMENT_2D('',#6910,#6911);
#6910 = CARTESIAN_POINT('',(0.,0.));
#6911 = DIRECTION('',(1.,0.));
#6912 = ( GEOMETRIC_REPRESENTATION_CONTEXT(2) 
PARAMETRIC_REPRESENTATION_CONTEXT() REPRESENTATION_CONTEXT('2D SPACE',''
  ) );
#6913 = PCURVE('',#6914,#6919);
#6914 = CONICAL_SURFACE('',#6915,6.9,0.785398163397);
#6915 = AXIS2_PLACEMENT_3D('',#6916,#6917,#6918);
#6916 = CARTESIAN_POINT('',(-45.,-6.,23.5));
#6917 = DIRECTION('',(-0.,-1.,-0.));
#6918 = DIRECTION('',(0.,-0.,1.));
#6919 = DEFINITIONAL_REPRESENTATION('',(#6920),#6924);
#6920 = LINE('',#6921,#6922);
#6921 = CARTESIAN_POINT('',(-0.,-0.));
#6922 = VECTOR('',#6923,1.);
#6923 = DIRECTION('',(-1.,-0.));
#6924 = ( GEOMETRIC_REPRESENTATION_CONTEXT(2) 
PARAMETRIC_REPRESENTATION_CONTEXT() REPRESENTATION_CONTEXT('2D SPACE',''
  ) );
#6925 = ADVANCED_FACE('',(#6926,#6929),#3225,.F.);
#6926 = FACE_BOUND('',#6927,.F.);
#6927 = EDGE_LOOP('',(#6928));
#6928 = ORIENTED_EDGE('',*,*,#3210,.T.);
#6929 = FACE_BOUND('',#6930,.F.);
#6930 = EDGE_LOOP('',(#6931));
#6931 = ORIENTED_EDGE('',*,*,#6932,.F.);
#6932 = EDGE_CURVE('',#6933,#6933,#6935,.T.);
#6933 = VERTEX_POINT('',#6934);
#6934 = CARTESIAN_POINT('',(-180.,-6.,70.4));
#6935 = SURFACE_CURVE('',#6936,(#6941,#6948),.PCURVE_S1.);
#6936 = CIRCLE('',#6937,6.9);
#6937 = AXIS2_PLACEMENT_3D('',#6938,#6939,#6940);
#6938 = CARTESIAN_POINT('',(-180.,-6.,63.5));
#6939 = DIRECTION('',(0.,1.,0.));
#6940 = DIRECTION('',(0.,-0.,1.));
#6941 = PCURVE('',#3225,#6942);
#6942 = DEFINITIONAL_REPRESENTATION('',(#6943),#6947);
#6943 = CIRCLE('',#6944,6.9);
#6944 = AXIS2_PLACEMENT_2D('',#6945,#6946);
#6945 = CARTESIAN_POINT('',(0.,0.));
#6946 = DIRECTION('',(1.,0.));
#6947 = ( GEOMETRIC_REPRESENTATION_CONTEXT(2) 
PARAMETRIC_REPRESENTATION_CONTEXT() REPRESENTATION_CONTEXT('2D SPACE',''
  ) );
#6948 = PCURVE('',#6949,#6954);
#6949 = CONICAL_SURFACE('',#6950,6.9,0.785398163397);
#6950 = AXIS2_PLACEMENT_3D('',#6951,#6952,#6953);
#6951 = CARTESIAN_POINT('',(-180.,-6.,63.5));
#6952 = DIRECTION('',(-0.,-1.,-0.));
#6953 = DIRECTION('',(0.,-0.,1.));
#6954 = DEFINITIONAL_REPRESENTATION('',(#6955),#6959);
#6955 = LINE('',#6956,#6957);
#6956 = CARTESIAN_POINT('',(-0.,-0.));
#6957 = VECTOR('',#6958,1.);
#6958 = DIRECTION('',(-1.,-0.));
#6959 = ( GEOMETRIC_REPRESENTATION_CONTEXT(2) 
PARAMETRIC_REPRESENTATION_CONTEXT() REPRESENTATION_CONTEXT('2D SPACE',''
  ) );
#6960 = ADVANCED_FACE('',(#6961,#6964),#3284,.F.);
#6961 = FACE_BOUND('',#6962,.F.);
#6962 = EDGE_LOOP('',(#6963));
#6963 = ORIENTED_EDGE('',*,*,#3269,.T.);
#6964 = FACE_BOUND('',#6965,.F.);
#6965 = EDGE_LOOP('',(#6966));
#6966 = ORIENTED_EDGE('',*,*,#6967,.F.);
#6967 = EDGE_CURVE('',#6968,#6968,#6970,.T.);
#6968 = VERTEX_POINT('',#6969);
#6969 = CARTESIAN_POINT('',(-135.,-6.,70.4));
#6970 = SURFACE_CURVE('',#6971,(#6976,#6983),.PCURVE_S1.);
#6971 = CIRCLE('',#6972,6.9);
#6972 = AXIS2_PLACEMENT_3D('',#6973,#6974,#6975);
#6973 = CARTESIAN_POINT('',(-135.,-6.,63.5));
#6974 = DIRECTION('',(0.,1.,0.));
#6975 = DIRECTION('',(0.,-0.,1.));
#6976 = PCURVE('',#3284,#6977);
#6977 = DEFINITIONAL_REPRESENTATION('',(#6978),#6982);
#6978 = CIRCLE('',#6979,6.9);
#6979 = AXIS2_PLACEMENT_2D('',#6980,#6981);
#6980 = CARTESIAN_POINT('',(0.,0.));
#6981 = DIRECTION('',(1.,0.));
#6982 = ( GEOMETRIC_REPRESENTATION_CONTEXT(2) 
PARAMETRIC_REPRESENTATION_CONTEXT() REPRESENTATION_CONTEXT('2D SPACE',''
  ) );
#6983 = PCURVE('',#6984,#6989);
#6984 = CONICAL_SURFACE('',#6985,6.9,0.785398163397);
#6985 = AXIS2_PLACEMENT_3D('',#6986,#6987,#6988);
#6986 = CARTESIAN_POINT('',(-135.,-6.,63.5));
#6987 = DIRECTION('',(-0.,-1.,-0.));
#6988 = DIRECTION('',(0.,-0.,1.));
#6989 = DEFINITIONAL_REPRESENTATION('',(#6990),#6994);
#6990 = LINE('',#6991,#6992);
#6991 = CARTESIAN_POINT('',(-0.,-0.));
#6992 = VECTOR('',#6993,1.);
#6993 = DIRECTION('',(-1.,-0.));
#6994 = ( GEOMETRIC_REPRESENTATION_CONTEXT(2) 
PARAMETRIC_REPRESENTATION_CONTEXT() REPRESENTATION_CONTEXT('2D SPACE',''
  ) );
#6995 = ADVANCED_FACE('',(#6996,#6999),#3339,.F.);
#6996 = FACE_BOUND('',#6997,.F.);
#6997 = EDGE_LOOP('',(#6998));
#6998 = ORIENTED_EDGE('',*,*,#3324,.T.);
#6999 = FACE_BOUND('',#7000,.F.);
#7000 = EDGE_LOOP('',(#7001));
#7001 = ORIENTED_EDGE('',*,*,#7002,.F.);
#7002 = EDGE_CURVE('',#7003,#7003,#7005,.T.);
#7003 = VERTEX_POINT('',#7004);
#7004 = CARTESIAN_POINT('',(-90.,-6.,70.4));
#7005 = SURFACE_CURVE('',#7006,(#7011,#7018),.PCURVE_S1.);
#7006 = CIRCLE('',#7007,6.9);
#7007 = AXIS2_PLACEMENT_3D('',#7008,#7009,#7010);
#7008 = CARTESIAN_POINT('',(-90.,-6.,63.5));
#7009 = DIRECTION('',(0.,1.,0.));
#7010 = DIRECTION('',(0.,-0.,1.));
#7011 = PCURVE('',#3339,#7012);
#7012 = DEFINITIONAL_REPRESENTATION('',(#7013),#7017);
#7013 = CIRCLE('',#7014,6.9);
#7014 = AXIS2_PLACEMENT_2D('',#7015,#7016);
#7015 = CARTESIAN_POINT('',(0.,0.));
#7016 = DIRECTION('',(1.,0.));
#7017 = ( GEOMETRIC_REPRESENTATION_CONTEXT(2) 
PARAMETRIC_REPRESENTATION_CONTEXT() REPRESENTATION_CONTEXT('2D SPACE',''
  ) );
#7018 = PCURVE('',#7019,#7024);
#7019 = CONICAL_SURFACE('',#7020,6.9,0.785398163397);
#7020 = AXIS2_PLACEMENT_3D('',#7021,#7022,#7023);
#7021 = CARTESIAN_POINT('',(-90.,-6.,63.5));
#7022 = DIRECTION('',(-0.,-1.,-0.));
#7023 = DIRECTION('',(0.,-0.,1.));
#7024 = DEFINITIONAL_REPRESENTATION('',(#7025),#7029);
#7025 = LINE('',#7026,#7027);
#7026 = CARTESIAN_POINT('',(-0.,-0.));
#7027 = VECTOR('',#7028,1.);
#7028 = DIRECTION('',(-1.,-0.));
#7029 = ( GEOMETRIC_REPRESENTATION_CONTEXT(2) 
PARAMETRIC_REPRESENTATION_CONTEXT() REPRESENTATION_CONTEXT('2D SPACE',''
  ) );
#7030 = ADVANCED_FACE('',(#7031,#7034),#3394,.F.);
#7031 = FACE_BOUND('',#7032,.F.);
#7032 = EDGE_LOOP('',(#7033));
#7033 = ORIENTED_EDGE('',*,*,#3379,.T.);
#7034 = FACE_BOUND('',#7035,.F.);
#7035 = EDGE_LOOP('',(#7036));
#7036 = ORIENTED_EDGE('',*,*,#7037,.F.);
#7037 = EDGE_CURVE('',#7038,#7038,#7040,.T.);
#7038 = VERTEX_POINT('',#7039);
#7039 = CARTESIAN_POINT('',(-45.,-6.,70.4));
#7040 = SURFACE_CURVE('',#7041,(#7046,#7053),.PCURVE_S1.);
#7041 = CIRCLE('',#7042,6.9);
#7042 = AXIS2_PLACEMENT_3D('',#7043,#7044,#7045);
#7043 = CARTESIAN_POINT('',(-45.,-6.,63.5));
#7044 = DIRECTION('',(0.,1.,0.));
#7045 = DIRECTION('',(0.,-0.,1.));
#7046 = PCURVE('',#3394,#7047);
#7047 = DEFINITIONAL_REPRESENTATION('',(#7048),#7052);
#7048 = CIRCLE('',#7049,6.9);
#7049 = AXIS2_PLACEMENT_2D('',#7050,#7051);
#7050 = CARTESIAN_POINT('',(0.,0.));
#7051 = DIRECTION('',(1.,0.));
#7052 = ( GEOMETRIC_REPRESENTATION_CONTEXT(2) 
PARAMETRIC_REPRESENTATION_CONTEXT() REPRESENTATION_CONTEXT('2D SPACE',''
  ) );
#7053 = PCURVE('',#7054,#7059);
#7054 = CONICAL_SURFACE('',#7055,6.9,0.785398163397);
#7055 = AXIS2_PLACEMENT_3D('',#7056,#7057,#7058);
#7056 = CARTESIAN_POINT('',(-45.,-6.,63.5));
#7057 = DIRECTION('',(-0.,-1.,-0.));
#7058 = DIRECTION('',(0.,-0.,1.));
#7059 = DEFINITIONAL_REPRESENTATION('',(#7060),#7064);
#7060 = LINE('',#7061,#7062);
#7061 = CARTESIAN_POINT('',(-0.,-0.));
#7062 = VECTOR('',#7063,1.);
#7063 = DIRECTION('',(-1.,-0.));
#7064 = ( GEOMETRIC_REPRESENTATION_CONTEXT(2) 
PARAMETRIC_REPRESENTATION_CONTEXT() REPRESENTATION_CONTEXT('2D SPACE',''
  ) );
#7065 = ADVANCED_FACE('',(#7066,#7069),#3457,.F.);
#7066 = FACE_BOUND('',#7067,.F.);
#7067 = EDGE_LOOP('',(#7068));
#7068 = ORIENTED_EDGE('',*,*,#3442,.T.);
#7069 = FACE_BOUND('',#7070,.F.);
#7070 = EDGE_LOOP('',(#7071));
#7071 = ORIENTED_EDGE('',*,*,#7072,.F.);
#7072 = EDGE_CURVE('',#7073,#7073,#7075,.T.);
#7073 = VERTEX_POINT('',#7074);
#7074 = CARTESIAN_POINT('',(-1.690012582823E-15,-6.,30.4));
#7075 = SURFACE_CURVE('',#7076,(#7081,#7088),.PCURVE_S1.);
#7076 = CIRCLE('',#7077,6.9);
#7077 = AXIS2_PLACEMENT_3D('',#7078,#7079,#7080);
#7078 = CARTESIAN_POINT('',(0.,-6.,23.5));
#7079 = DIRECTION('',(0.,1.,0.));
#7080 = DIRECTION('',(0.,-0.,1.));
#7081 = PCURVE('',#3457,#7082);
#7082 = DEFINITIONAL_REPRESENTATION('',(#7083),#7087);
#7083 = CIRCLE('',#7084,6.9);
#7084 = AXIS2_PLACEMENT_2D('',#7085,#7086);
#7085 = CARTESIAN_POINT('',(0.,0.));
#7086 = DIRECTION('',(1.,0.));
#7087 = ( GEOMETRIC_REPRESENTATION_CONTEXT(2) 
PARAMETRIC_REPRESENTATION_CONTEXT() REPRESENTATION_CONTEXT('2D SPACE',''
  ) );
#7088 = PCURVE('',#7089,#7094);
#7089 = CONICAL_SURFACE('',#7090,6.9,0.785398163397);
#7090 = AXIS2_PLACEMENT_3D('',#7091,#7092,#7093);
#7091 = CARTESIAN_POINT('',(0.,-6.,23.5));
#7092 = DIRECTION('',(-0.,-1.,-0.));
#7093 = DIRECTION('',(0.,-0.,1.));
#7094 = DEFINITIONAL_REPRESENTATION('',(#7095),#7099);
#7095 = LINE('',#7096,#7097);
#7096 = CARTESIAN_POINT('',(-0.,-0.));
#7097 = VECTOR('',#7098,1.);
#7098 = DIRECTION('',(-1.,-0.));
#7099 = ( GEOMETRIC_REPRESENTATION_CONTEXT(2) 
PARAMETRIC_REPRESENTATION_CONTEXT() REPRESENTATION_CONTEXT('2D SPACE',''
  ) );
#7100 = ADVANCED_FACE('',(#7101,#7104),#3512,.F.);
#7101 = FACE_BOUND('',#7102,.F.);
#7102 = EDGE_LOOP('',(#7103));
#7103 = ORIENTED_EDGE('',*,*,#3497,.T.);
#7104 = FACE_BOUND('',#7105,.F.);
#7105 = EDGE_LOOP('',(#7106));
#7106 = ORIENTED_EDGE('',*,*,#7107,.F.);
#7107 = EDGE_CURVE('',#7108,#7108,#7110,.T.);
#7108 = VERTEX_POINT('',#7109);
#7109 = CARTESIAN_POINT('',(45.,-6.,30.4));
#7110 = SURFACE_CURVE('',#7111,(#7116,#7123),.PCURVE_S1.);
#7111 = CIRCLE('',#7112,6.9);
#7112 = AXIS2_PLACEMENT_3D('',#7113,#7114,#7115);
#7113 = CARTESIAN_POINT('',(45.,-6.,23.5));
#7114 = DIRECTION('',(0.,1.,0.));
#7115 = DIRECTION('',(0.,-0.,1.));
#7116 = PCURVE('',#3512,#7117);
#7117 = DEFINITIONAL_REPRESENTATION('',(#7118),#7122);
#7118 = CIRCLE('',#7119,6.9);
#7119 = AXIS2_PLACEMENT_2D('',#7120,#7121);
#7120 = CARTESIAN_POINT('',(0.,0.));
#7121 = DIRECTION('',(1.,0.));
#7122 = ( GEOMETRIC_REPRESENTATION_CONTEXT(2) 
PARAMETRIC_REPRESENTATION_CONTEXT() REPRESENTATION_CONTEXT('2D SPACE',''
  ) );
#7123 = PCURVE('',#7124,#7129);
#7124 = CONICAL_SURFACE('',#7125,6.9,0.785398163397);
#7125 = AXIS2_PLACEMENT_3D('',#7126,#7127,#7128);
#7126 = CARTESIAN_POINT('',(45.,-6.,23.5));
#7127 = DIRECTION('',(-0.,-1.,-0.));
#7128 = DIRECTION('',(0.,-0.,1.));
#7129 = DEFINITIONAL_REPRESENTATION('',(#7130),#7134);
#7130 = LINE('',#7131,#7132);
#7131 = CARTESIAN_POINT('',(-0.,-0.));
#7132 = VECTOR('',#7133,1.);
#7133 = DIRECTION('',(-1.,-0.));
#7134 = ( GEOMETRIC_REPRESENTATION_CONTEXT(2) 
PARAMETRIC_REPRESENTATION_CONTEXT() REPRESENTATION_CONTEXT('2D SPACE',''
  ) );
#7135 = ADVANCED_FACE('',(#7136,#7139),#3567,.F.);
#7136 = FACE_BOUND('',#7137,.F.);
#7137 = EDGE_LOOP('',(#7138));
#7138 = ORIENTED_EDGE('',*,*,#3552,.T.);
#7139 = FACE_BOUND('',#7140,.F.);
#7140 = EDGE_LOOP('',(#7141));
#7141 = ORIENTED_EDGE('',*,*,#7142,.F.);
#7142 = EDGE_CURVE('',#7143,#7143,#7145,.T.);
#7143 = VERTEX_POINT('',#7144);
#7144 = CARTESIAN_POINT('',(90.,-6.,30.4));
#7145 = SURFACE_CURVE('',#7146,(#7151,#7158),.PCURVE_S1.);
#7146 = CIRCLE('',#7147,6.9);
#7147 = AXIS2_PLACEMENT_3D('',#7148,#7149,#7150);
#7148 = CARTESIAN_POINT('',(90.,-6.,23.5));
#7149 = DIRECTION('',(0.,1.,0.));
#7150 = DIRECTION('',(0.,-0.,1.));
#7151 = PCURVE('',#3567,#7152);
#7152 = DEFINITIONAL_REPRESENTATION('',(#7153),#7157);
#7153 = CIRCLE('',#7154,6.9);
#7154 = AXIS2_PLACEMENT_2D('',#7155,#7156);
#7155 = CARTESIAN_POINT('',(0.,0.));
#7156 = DIRECTION('',(1.,0.));
#7157 = ( GEOMETRIC_REPRESENTATION_CONTEXT(2) 
PARAMETRIC_REPRESENTATION_CONTEXT() REPRESENTATION_CONTEXT('2D SPACE',''
  ) );
#7158 = PCURVE('',#7159,#7164);
#7159 = CONICAL_SURFACE('',#7160,6.9,0.785398163397);
#7160 = AXIS2_PLACEMENT_3D('',#7161,#7162,#7163);
#7161 = CARTESIAN_POINT('',(90.,-6.,23.5));
#7162 = DIRECTION('',(-0.,-1.,-0.));
#7163 = DIRECTION('',(0.,-0.,1.));
#7164 = DEFINITIONAL_REPRESENTATION('',(#7165),#7169);
#7165 = LINE('',#7166,#7167);
#7166 = CARTESIAN_POINT('',(-0.,-0.));
#7167 = VECTOR('',#7168,1.);
#7168 = DIRECTION('',(-1.,-0.));
#7169 = ( GEOMETRIC_REPRESENTATION_CONTEXT(2) 
PARAMETRIC_REPRESENTATION_CONTEXT() REPRESENTATION_CONTEXT('2D SPACE',''
  ) );
#7170 = ADVANCED_FACE('',(#7171,#7174),#3622,.F.);
#7171 = FACE_BOUND('',#7172,.F.);
#7172 = EDGE_LOOP('',(#7173));
#7173 = ORIENTED_EDGE('',*,*,#3607,.T.);
#7174 = FACE_BOUND('',#7175,.F.);
#7175 = EDGE_LOOP('',(#7176));
#7176 = ORIENTED_EDGE('',*,*,#7177,.F.);
#7177 = EDGE_CURVE('',#7178,#7178,#7180,.T.);
#7178 = VERTEX_POINT('',#7179);
#7179 = CARTESIAN_POINT('',(135.,-6.,30.4));
#7180 = SURFACE_CURVE('',#7181,(#7186,#7193),.PCURVE_S1.);
#7181 = CIRCLE('',#7182,6.9);
#7182 = AXIS2_PLACEMENT_3D('',#7183,#7184,#7185);
#7183 = CARTESIAN_POINT('',(135.,-6.,23.5));
#7184 = DIRECTION('',(0.,1.,0.));
#7185 = DIRECTION('',(0.,-0.,1.));
#7186 = PCURVE('',#3622,#7187);
#7187 = DEFINITIONAL_REPRESENTATION('',(#7188),#7192);
#7188 = CIRCLE('',#7189,6.9);
#7189 = AXIS2_PLACEMENT_2D('',#7190,#7191);
#7190 = CARTESIAN_POINT('',(0.,0.));
#7191 = DIRECTION('',(1.,0.));
#7192 = ( GEOMETRIC_REPRESENTATION_CONTEXT(2) 
PARAMETRIC_REPRESENTATION_CONTEXT() REPRESENTATION_CONTEXT('2D SPACE',''
  ) );
#7193 = PCURVE('',#7194,#7199);
#7194 = CONICAL_SURFACE('',#7195,6.9,0.785398163397);
#7195 = AXIS2_PLACEMENT_3D('',#7196,#7197,#7198);
#7196 = CARTESIAN_POINT('',(135.,-6.,23.5));
#7197 = DIRECTION('',(-0.,-1.,-0.));
#7198 = DIRECTION('',(0.,-0.,1.));
#7199 = DEFINITIONAL_REPRESENTATION('',(#7200),#7204);
#7200 = LINE('',#7201,#7202);
#7201 = CARTESIAN_POINT('',(-0.,-0.));
#7202 = VECTOR('',#7203,1.);
#7203 = DIRECTION('',(-1.,-0.));
#7204 = ( GEOMETRIC_REPRESENTATION_CONTEXT(2) 
PARAMETRIC_REPRESENTATION_CONTEXT() REPRESENTATION_CONTEXT('2D SPACE',''
  ) );
#7205 = ADVANCED_FACE('',(#7206,#7209),#3681,.F.);
#7206 = FACE_BOUND('',#7207,.F.);
#7207 = EDGE_LOOP('',(#7208));
#7208 = ORIENTED_EDGE('',*,*,#3666,.T.);
#7209 = FACE_BOUND('',#7210,.F.);
#7210 = EDGE_LOOP('',(#7211));
#7211 = ORIENTED_EDGE('',*,*,#7212,.F.);
#7212 = EDGE_CURVE('',#7213,#7213,#7215,.T.);
#7213 = VERTEX_POINT('',#7214);
#7214 = CARTESIAN_POINT('',(180.,-6.,30.4));
#7215 = SURFACE_CURVE('',#7216,(#7221,#7228),.PCURVE_S1.);
#7216 = CIRCLE('',#7217,6.9);
#7217 = AXIS2_PLACEMENT_3D('',#7218,#7219,#7220);
#7218 = CARTESIAN_POINT('',(180.,-6.,23.5));
#7219 = DIRECTION('',(0.,1.,0.));
#7220 = DIRECTION('',(0.,-0.,1.));
#7221 = PCURVE('',#3681,#7222);
#7222 = DEFINITIONAL_REPRESENTATION('',(#7223),#7227);
#7223 = CIRCLE('',#7224,6.9);
#7224 = AXIS2_PLACEMENT_2D('',#7225,#7226);
#7225 = CARTESIAN_POINT('',(0.,0.));
#7226 = DIRECTION('',(1.,0.));
#7227 = ( GEOMETRIC_REPRESENTATION_CONTEXT(2) 
PARAMETRIC_REPRESENTATION_CONTEXT() REPRESENTATION_CONTEXT('2D SPACE',''
  ) );
#7228 = PCURVE('',#7229,#7234);
#7229 = CONICAL_SURFACE('',#7230,6.9,0.785398163397);
#7230 = AXIS2_PLACEMENT_3D('',#7231,#7232,#7233);
#7231 = CARTESIAN_POINT('',(180.,-6.,23.5));
#7232 = DIRECTION('',(-0.,-1.,-0.));
#7233 = DIRECTION('',(0.,-0.,1.));
#7234 = DEFINITIONAL_REPRESENTATION('',(#7235),#7239);
#7235 = LINE('',#7236,#7237);
#7236 = CARTESIAN_POINT('',(-0.,-0.));
#7237 = VECTOR('',#7238,1.);
#7238 = DIRECTION('',(-1.,-0.));
#7239 = ( GEOMETRIC_REPRESENTATION_CONTEXT(2) 
PARAMETRIC_REPRESENTATION_CONTEXT() REPRESENTATION_CONTEXT('2D SPACE',''
  ) );
#7240 = ADVANCED_FACE('',(#7241,#7244),#3736,.F.);
#7241 = FACE_BOUND('',#7242,.F.);
#7242 = EDGE_LOOP('',(#7243));
#7243 = ORIENTED_EDGE('',*,*,#3721,.T.);
#7244 = FACE_BOUND('',#7245,.F.);
#7245 = EDGE_LOOP('',(#7246));
#7246 = ORIENTED_EDGE('',*,*,#7247,.F.);
#7247 = EDGE_CURVE('',#7248,#7248,#7250,.T.);
#7248 = VERTEX_POINT('',#7249);
#7249 = CARTESIAN_POINT('',(-1.690012582823E-15,-6.,70.4));
#7250 = SURFACE_CURVE('',#7251,(#7256,#7263),.PCURVE_S1.);
#7251 = CIRCLE('',#7252,6.9);
#7252 = AXIS2_PLACEMENT_3D('',#7253,#7254,#7255);
#7253 = CARTESIAN_POINT('',(0.,-6.,63.5));
#7254 = DIRECTION('',(0.,1.,0.));
#7255 = DIRECTION('',(0.,-0.,1.));
#7256 = PCURVE('',#3736,#7257);
#7257 = DEFINITIONAL_REPRESENTATION('',(#7258),#7262);
#7258 = CIRCLE('',#7259,6.9);
#7259 = AXIS2_PLACEMENT_2D('',#7260,#7261);
#7260 = CARTESIAN_POINT('',(0.,0.));
#7261 = DIRECTION('',(1.,0.));
#7262 = ( GEOMETRIC_REPRESENTATION_CONTEXT(2) 
PARAMETRIC_REPRESENTATION_CONTEXT() REPRESENTATION_CONTEXT('2D SPACE',''
  ) );
#7263 = PCURVE('',#7264,#7269);
#7264 = CONICAL_SURFACE('',#7265,6.9,0.785398163397);
#7265 = AXIS2_PLACEMENT_3D('',#7266,#7267,#7268);
#7266 = CARTESIAN_POINT('',(0.,-6.,63.5));
#7267 = DIRECTION('',(-0.,-1.,-0.));
#7268 = DIRECTION('',(0.,-0.,1.));
#7269 = DEFINITIONAL_REPRESENTATION('',(#7270),#7274);
#7270 = LINE('',#7271,#7272);
#7271 = CARTESIAN_POINT('',(-0.,-0.));
#7272 = VECTOR('',#7273,1.);
#7273 = DIRECTION('',(-1.,-0.));
#7274 = ( GEOMETRIC_REPRESENTATION_CONTEXT(2) 
PARAMETRIC_REPRESENTATION_CONTEXT() REPRESENTATION_CONTEXT('2D SPACE',''
  ) );
#7275 = ADVANCED_FACE('',(#7276,#7279),#3791,.F.);
#7276 = FACE_BOUND('',#7277,.F.);
#7277 = EDGE_LOOP('',(#7278));
#7278 = ORIENTED_EDGE('',*,*,#3776,.T.);
#7279 = FACE_BOUND('',#7280,.F.);
#7280 = EDGE_LOOP('',(#7281));
#7281 = ORIENTED_EDGE('',*,*,#7282,.F.);
#7282 = EDGE_CURVE('',#7283,#7283,#7285,.T.);
#7283 = VERTEX_POINT('',#7284);
#7284 = CARTESIAN_POINT('',(45.,-6.,70.4));
#7285 = SURFACE_CURVE('',#7286,(#7291,#7298),.PCURVE_S1.);
#7286 = CIRCLE('',#7287,6.9);
#7287 = AXIS2_PLACEMENT_3D('',#7288,#7289,#7290);
#7288 = CARTESIAN_POINT('',(45.,-6.,63.5));
#7289 = DIRECTION('',(0.,1.,0.));
#7290 = DIRECTION('',(0.,-0.,1.));
#7291 = PCURVE('',#3791,#7292);
#7292 = DEFINITIONAL_REPRESENTATION('',(#7293),#7297);
#7293 = CIRCLE('',#7294,6.9);
#7294 = AXIS2_PLACEMENT_2D('',#7295,#7296);
#7295 = CARTESIAN_POINT('',(0.,0.));
#7296 = DIRECTION('',(1.,0.));
#7297 = ( GEOMETRIC_REPRESENTATION_CONTEXT(2) 
PARAMETRIC_REPRESENTATION_CONTEXT() REPRESENTATION_CONTEXT('2D SPACE',''
  ) );
#7298 = PCURVE('',#7299,#7304);
#7299 = CONICAL_SURFACE('',#7300,6.9,0.785398163397);
#7300 = AXIS2_PLACEMENT_3D('',#7301,#7302,#7303);
#7301 = CARTESIAN_POINT('',(45.,-6.,63.5));
#7302 = DIRECTION('',(-0.,-1.,-0.));
#7303 = DIRECTION('',(0.,-0.,1.));
#7304 = DEFINITIONAL_REPRESENTATION('',(#7305),#7309);
#7305 = LINE('',#7306,#7307);
#7306 = CARTESIAN_POINT('',(-0.,-0.));
#7307 = VECTOR('',#7308,1.);
#7308 = DIRECTION('',(-1.,-0.));
#7309 = ( GEOMETRIC_REPRESENTATION_CONTEXT(2) 
PARAMETRIC_REPRESENTATION_CONTEXT() REPRESENTATION_CONTEXT('2D SPACE',''
  ) );
#7310 = ADVANCED_FACE('',(#7311,#7314),#3850,.F.);
#7311 = FACE_BOUND('',#7312,.F.);
#7312 = EDGE_LOOP('',(#7313));
#7313 = ORIENTED_EDGE('',*,*,#3835,.T.);
#7314 = FACE_BOUND('',#7315,.F.);
#7315 = EDGE_LOOP('',(#7316));
#7316 = ORIENTED_EDGE('',*,*,#7317,.F.);
#7317 = EDGE_CURVE('',#7318,#7318,#7320,.T.);
#7318 = VERTEX_POINT('',#7319);
#7319 = CARTESIAN_POINT('',(90.,-6.,70.4));
#7320 = SURFACE_CURVE('',#7321,(#7326,#7333),.PCURVE_S1.);
#7321 = CIRCLE('',#7322,6.9);
#7322 = AXIS2_PLACEMENT_3D('',#7323,#7324,#7325);
#7323 = CARTESIAN_POINT('',(90.,-6.,63.5));
#7324 = DIRECTION('',(0.,1.,0.));
#7325 = DIRECTION('',(0.,-0.,1.));
#7326 = PCURVE('',#3850,#7327);
#7327 = DEFINITIONAL_REPRESENTATION('',(#7328),#7332);
#7328 = CIRCLE('',#7329,6.9);
#7329 = AXIS2_PLACEMENT_2D('',#7330,#7331);
#7330 = CARTESIAN_POINT('',(0.,0.));
#7331 = DIRECTION('',(1.,0.));
#7332 = ( GEOMETRIC_REPRESENTATION_CONTEXT(2) 
PARAMETRIC_REPRESENTATION_CONTEXT() REPRESENTATION_CONTEXT('2D SPACE',''
  ) );
#7333 = PCURVE('',#7334,#7339);
#7334 = CONICAL_SURFACE('',#7335,6.9,0.785398163397);
#7335 = AXIS2_PLACEMENT_3D('',#7336,#7337,#7338);
#7336 = CARTESIAN_POINT('',(90.,-6.,63.5));
#7337 = DIRECTION('',(-0.,-1.,-0.));
#7338 = DIRECTION('',(0.,-0.,1.));
#7339 = DEFINITIONAL_REPRESENTATION('',(#7340),#7344);
#7340 = LINE('',#7341,#7342);
#7341 = CARTESIAN_POINT('',(-0.,-0.));
#7342 = VECTOR('',#7343,1.);
#7343 = DIRECTION('',(-1.,-0.));
#7344 = ( GEOMETRIC_REPRESENTATION_CONTEXT(2) 
PARAMETRIC_REPRESENTATION_CONTEXT() REPRESENTATION_CONTEXT('2D SPACE',''
  ) );
#7345 = ADVANCED_FACE('',(#7346,#7349),#3905,.F.);
#7346 = FACE_BOUND('',#7347,.F.);
#7347 = EDGE_LOOP('',(#7348));
#7348 = ORIENTED_EDGE('',*,*,#3890,.T.);
#7349 = FACE_BOUND('',#7350,.F.);
#7350 = EDGE_LOOP('',(#7351));
#7351 = ORIENTED_EDGE('',*,*,#7352,.F.);
#7352 = EDGE_CURVE('',#7353,#7353,#7355,.T.);
#7353 = VERTEX_POINT('',#7354);
#7354 = CARTESIAN_POINT('',(135.,-6.,70.4));
#7355 = SURFACE_CURVE('',#7356,(#7361,#7368),.PCURVE_S1.);
#7356 = CIRCLE('',#7357,6.9);
#7357 = AXIS2_PLACEMENT_3D('',#7358,#7359,#7360);
#7358 = CARTESIAN_POINT('',(135.,-6.,63.5));
#7359 = DIRECTION('',(0.,1.,0.));
#7360 = DIRECTION('',(0.,-0.,1.));
#7361 = PCURVE('',#3905,#7362);
#7362 = DEFINITIONAL_REPRESENTATION('',(#7363),#7367);
#7363 = CIRCLE('',#7364,6.9);
#7364 = AXIS2_PLACEMENT_2D('',#7365,#7366);
#7365 = CARTESIAN_POINT('',(0.,0.));
#7366 = DIRECTION('',(1.,0.));
#7367 = ( GEOMETRIC_REPRESENTATION_CONTEXT(2) 
PARAMETRIC_REPRESENTATION_CONTEXT() REPRESENTATION_CONTEXT('2D SPACE',''
  ) );
#7368 = PCURVE('',#7369,#7374);
#7369 = CONICAL_SURFACE('',#7370,6.9,0.785398163397);
#7370 = AXIS2_PLACEMENT_3D('',#7371,#7372,#7373);
#7371 = CARTESIAN_POINT('',(135.,-6.,63.5));
#7372 = DIRECTION('',(-0.,-1.,-0.));
#7373 = DIRECTION('',(0.,-0.,1.));
#7374 = DEFINITIONAL_REPRESENTATION('',(#7375),#7379);
#7375 = LINE('',#7376,#7377);
#7376 = CARTESIAN_POINT('',(-0.,-0.));
#7377 = VECTOR('',#7378,1.);
#7378 = DIRECTION('',(-1.,-0.));
#7379 = ( GEOMETRIC_REPRESENTATION_CONTEXT(2) 
PARAMETRIC_REPRESENTATION_CONTEXT() REPRESENTATION_CONTEXT('2D SPACE',''
  ) );
#7380 = ADVANCED_FACE('',(#7381,#7384),#3960,.F.);
#7381 = FACE_BOUND('',#7382,.F.);
#7382 = EDGE_LOOP('',(#7383));
#7383 = ORIENTED_EDGE('',*,*,#3945,.T.);
#7384 = FACE_BOUND('',#7385,.F.);
#7385 = EDGE_LOOP('',(#7386));
#7386 = ORIENTED_EDGE('',*,*,#7387,.F.);
#7387 = EDGE_CURVE('',#7388,#7388,#7390,.T.);
#7388 = VERTEX_POINT('',#7389);
#7389 = CARTESIAN_POINT('',(180.,-6.,70.4));
#7390 = SURFACE_CURVE('',#7391,(#7396,#7403),.PCURVE_S1.);
#7391 = CIRCLE('',#7392,6.9);
#7392 = AXIS2_PLACEMENT_3D('',#7393,#7394,#7395);
#7393 = CARTESIAN_POINT('',(180.,-6.,63.5));
#7394 = DIRECTION('',(0.,1.,0.));
#7395 = DIRECTION('',(0.,-0.,1.));
#7396 = PCURVE('',#3960,#7397);
#7397 = DEFINITIONAL_REPRESENTATION('',(#7398),#7402);
#7398 = CIRCLE('',#7399,6.9);
#7399 = AXIS2_PLACEMENT_2D('',#7400,#7401);
#7400 = CARTESIAN_POINT('',(0.,0.));
#7401 = DIRECTION('',(1.,0.));
#7402 = ( GEOMETRIC_REPRESENTATION_CONTEXT(2) 
PARAMETRIC_REPRESENTATION_CONTEXT() REPRESENTATION_CONTEXT('2D SPACE',''
  ) );
#7403 = PCURVE('',#7404,#7409);
#7404 = CONICAL_SURFACE('',#7405,6.9,0.785398163397);
#7405 = AXIS2_PLACEMENT_3D('',#7406,#7407,#7408);
#7406 = CARTESIAN_POINT('',(180.,-6.,63.5));
#7407 = DIRECTION('',(-0.,-1.,-0.));
#7408 = DIRECTION('',(0.,-0.,1.));
#7409 = DEFINITIONAL_REPRESENTATION('',(#7410),#7414);
#7410 = LINE('',#7411,#7412);
#7411 = CARTESIAN_POINT('',(-0.,-0.));
#7412 = VECTOR('',#7413,1.);
#7413 = DIRECTION('',(-1.,-0.));
#7414 = ( GEOMETRIC_REPRESENTATION_CONTEXT(2) 
PARAMETRIC_REPRESENTATION_CONTEXT() REPRESENTATION_CONTEXT('2D SPACE',''
  ) );
#7415 = ADVANCED_FACE('',(#7416),#4254,.F.);
#7416 = FACE_BOUND('',#7417,.F.);
#7417 = EDGE_LOOP('',(#7418,#7442,#7463,#7464,#7465,#7466));
#7418 = ORIENTED_EDGE('',*,*,#7419,.T.);
#7419 = EDGE_CURVE('',#7420,#7420,#7422,.T.);
#7420 = VERTEX_POINT('',#7421);
#7421 = CARTESIAN_POINT('',(-180.,-5.,29.4));
#7422 = SURFACE_CURVE('',#7423,(#7428,#7435),.PCURVE_S1.);
#7423 = CIRCLE('',#7424,5.9);
#7424 = AXIS2_PLACEMENT_3D('',#7425,#7426,#7427);
#7425 = CARTESIAN_POINT('',(-180.,-5.,23.5));
#7426 = DIRECTION('',(0.,1.,0.));
#7427 = DIRECTION('',(0.,-0.,1.));
#7428 = PCURVE('',#4254,#7429);
#7429 = DEFINITIONAL_REPRESENTATION('',(#7430),#7434);
#7430 = LINE('',#7431,#7432);
#7431 = CARTESIAN_POINT('',(0.,1.));
#7432 = VECTOR('',#7433,1.);
#7433 = DIRECTION('',(1.,0.));
#7434 = ( GEOMETRIC_REPRESENTATION_CONTEXT(2) 
PARAMETRIC_REPRESENTATION_CONTEXT() REPRESENTATION_CONTEXT('2D SPACE',''
  ) );
#7435 = PCURVE('',#6809,#7436);
#7436 = DEFINITIONAL_REPRESENTATION('',(#7437),#7441);
#7437 = LINE('',#7438,#7439);
#7438 = CARTESIAN_POINT('',(-0.,-1.));
#7439 = VECTOR('',#7440,1.);
#7440 = DIRECTION('',(-1.,-0.));
#7441 = ( GEOMETRIC_REPRESENTATION_CONTEXT(2) 
PARAMETRIC_REPRESENTATION_CONTEXT() REPRESENTATION_CONTEXT('2D SPACE',''
  ) );
#7442 = ORIENTED_EDGE('',*,*,#7443,.T.);
#7443 = EDGE_CURVE('',#7420,#3980,#7444,.T.);
#7444 = SEAM_CURVE('',#7445,(#7449,#7456),.PCURVE_S1.);
#7445 = LINE('',#7446,#7447);
#7446 = CARTESIAN_POINT('',(-180.,-6.,29.4));
#7447 = VECTOR('',#7448,1.);
#7448 = DIRECTION('',(0.,1.,0.));
#7449 = PCURVE('',#4254,#7450);
#7450 = DEFINITIONAL_REPRESENTATION('',(#7451),#7455);
#7451 = LINE('',#7452,#7453);
#7452 = CARTESIAN_POINT('',(0.,-0.));
#7453 = VECTOR('',#7454,1.);
#7454 = DIRECTION('',(0.,1.));
#7455 = ( GEOMETRIC_REPRESENTATION_CONTEXT(2) 
PARAMETRIC_REPRESENTATION_CONTEXT() REPRESENTATION_CONTEXT('2D SPACE',''
  ) );
#7456 = PCURVE('',#4254,#7457);
#7457 = DEFINITIONAL_REPRESENTATION('',(#7458),#7462);
#7458 = LINE('',#7459,#7460);
#7459 = CARTESIAN_POINT('',(6.28318530718,-0.));
#7460 = VECTOR('',#7461,1.);
#7461 = DIRECTION('',(0.,1.));
#7462 = ( GEOMETRIC_REPRESENTATION_CONTEXT(2) 
PARAMETRIC_REPRESENTATION_CONTEXT() REPRESENTATION_CONTEXT('2D SPACE',''
  ) );
#7463 = ORIENTED_EDGE('',*,*,#4222,.T.);
#7464 = ORIENTED_EDGE('',*,*,#4315,.F.);
#7465 = ORIENTED_EDGE('',*,*,#4279,.F.);
#7466 = ORIENTED_EDGE('',*,*,#7443,.F.);
#7467 = ADVANCED_FACE('',(#7468),#4383,.F.);
#7468 = FACE_BOUND('',#7469,.F.);
#7469 = EDGE_LOOP('',(#7470,#7494,#7515,#7516,#7517,#7518));
#7470 = ORIENTED_EDGE('',*,*,#7471,.T.);
#7471 = EDGE_CURVE('',#7472,#7472,#7474,.T.);
#7472 = VERTEX_POINT('',#7473);
#7473 = CARTESIAN_POINT('',(-135.,-5.,29.4));
#7474 = SURFACE_CURVE('',#7475,(#7480,#7487),.PCURVE_S1.);
#7475 = CIRCLE('',#7476,5.9);
#7476 = AXIS2_PLACEMENT_3D('',#7477,#7478,#7479);
#7477 = CARTESIAN_POINT('',(-135.,-5.,23.5));
#7478 = DIRECTION('',(0.,1.,0.));
#7479 = DIRECTION('',(0.,-0.,1.));
#7480 = PCURVE('',#4383,#7481);
#7481 = DEFINITIONAL_REPRESENTATION('',(#7482),#7486);
#7482 = LINE('',#7483,#7484);
#7483 = CARTESIAN_POINT('',(0.,1.));
#7484 = VECTOR('',#7485,1.);
#7485 = DIRECTION('',(1.,0.));
#7486 = ( GEOMETRIC_REPRESENTATION_CONTEXT(2) 
PARAMETRIC_REPRESENTATION_CONTEXT() REPRESENTATION_CONTEXT('2D SPACE',''
  ) );
#7487 = PCURVE('',#6844,#7488);
#7488 = DEFINITIONAL_REPRESENTATION('',(#7489),#7493);
#7489 = LINE('',#7490,#7491);
#7490 = CARTESIAN_POINT('',(-0.,-1.));
#7491 = VECTOR('',#7492,1.);
#7492 = DIRECTION('',(-1.,-0.));
#7493 = ( GEOMETRIC_REPRESENTATION_CONTEXT(2) 
PARAMETRIC_REPRESENTATION_CONTEXT() REPRESENTATION_CONTEXT('2D SPACE',''
  ) );
#7494 = ORIENTED_EDGE('',*,*,#7495,.T.);
#7495 = EDGE_CURVE('',#7472,#4005,#7496,.T.);
#7496 = SEAM_CURVE('',#7497,(#7501,#7508),.PCURVE_S1.);
#7497 = LINE('',#7498,#7499);
#7498 = CARTESIAN_POINT('',(-135.,-6.,29.4));
#7499 = VECTOR('',#7500,1.);
#7500 = DIRECTION('',(0.,1.,0.));
#7501 = PCURVE('',#4383,#7502);
#7502 = DEFINITIONAL_REPRESENTATION('',(#7503),#7507);
#7503 = LINE('',#7504,#7505);
#7504 = CARTESIAN_POINT('',(0.,-0.));
#7505 = VECTOR('',#7506,1.);
#7506 = DIRECTION('',(0.,1.));
#7507 = ( GEOMETRIC_REPRESENTATION_CONTEXT(2) 
PARAMETRIC_REPRESENTATION_CONTEXT() REPRESENTATION_CONTEXT('2D SPACE',''
  ) );
#7508 = PCURVE('',#4383,#7509);
#7509 = DEFINITIONAL_REPRESENTATION('',(#7510),#7514);
#7510 = LINE('',#7511,#7512);
#7511 = CARTESIAN_POINT('',(6.28318530718,-0.));
#7512 = VECTOR('',#7513,1.);
#7513 = DIRECTION('',(0.,1.));
#7514 = ( GEOMETRIC_REPRESENTATION_CONTEXT(2) 
PARAMETRIC_REPRESENTATION_CONTEXT() REPRESENTATION_CONTEXT('2D SPACE',''
  ) );
#7515 = ORIENTED_EDGE('',*,*,#4351,.T.);
#7516 = ORIENTED_EDGE('',*,*,#4444,.F.);
#7517 = ORIENTED_EDGE('',*,*,#4408,.F.);
#7518 = ORIENTED_EDGE('',*,*,#7495,.F.);
#7519 = ADVANCED_FACE('',(#7520),#4512,.F.);
#7520 = FACE_BOUND('',#7521,.F.);
#7521 = EDGE_LOOP('',(#7522,#7546,#7567,#7568,#7569,#7570));
#7522 = ORIENTED_EDGE('',*,*,#7523,.T.);
#7523 = EDGE_CURVE('',#7524,#7524,#7526,.T.);
#7524 = VERTEX_POINT('',#7525);
#7525 = CARTESIAN_POINT('',(-90.,-5.,29.4));
#7526 = SURFACE_CURVE('',#7527,(#7532,#7539),.PCURVE_S1.);
#7527 = CIRCLE('',#7528,5.9);
#7528 = AXIS2_PLACEMENT_3D('',#7529,#7530,#7531);
#7529 = CARTESIAN_POINT('',(-90.,-5.,23.5));
#7530 = DIRECTION('',(0.,1.,0.));
#7531 = DIRECTION('',(0.,-0.,1.));
#7532 = PCURVE('',#4512,#7533);
#7533 = DEFINITIONAL_REPRESENTATION('',(#7534),#7538);
#7534 = LINE('',#7535,#7536);
#7535 = CARTESIAN_POINT('',(0.,1.));
#7536 = VECTOR('',#7537,1.);
#7537 = DIRECTION('',(1.,0.));
#7538 = ( GEOMETRIC_REPRESENTATION_CONTEXT(2) 
PARAMETRIC_REPRESENTATION_CONTEXT() REPRESENTATION_CONTEXT('2D SPACE',''
  ) );
#7539 = PCURVE('',#6879,#7540);
#7540 = DEFINITIONAL_REPRESENTATION('',(#7541),#7545);
#7541 = LINE('',#7542,#7543);
#7542 = CARTESIAN_POINT('',(-0.,-1.));
#7543 = VECTOR('',#7544,1.);
#7544 = DIRECTION('',(-1.,-0.));
#7545 = ( GEOMETRIC_REPRESENTATION_CONTEXT(2) 
PARAMETRIC_REPRESENTATION_CONTEXT() REPRESENTATION_CONTEXT('2D SPACE',''
  ) );
#7546 = ORIENTED_EDGE('',*,*,#7547,.T.);
#7547 = EDGE_CURVE('',#7524,#4028,#7548,.T.);
#7548 = SEAM_CURVE('',#7549,(#7553,#7560),.PCURVE_S1.);
#7549 = LINE('',#7550,#7551);
#7550 = CARTESIAN_POINT('',(-90.,-6.,29.4));
#7551 = VECTOR('',#7552,1.);
#7552 = DIRECTION('',(0.,1.,0.));
#7553 = PCURVE('',#4512,#7554);
#7554 = DEFINITIONAL_REPRESENTATION('',(#7555),#7559);
#7555 = LINE('',#7556,#7557);
#7556 = CARTESIAN_POINT('',(0.,-0.));
#7557 = VECTOR('',#7558,1.);
#7558 = DIRECTION('',(0.,1.));
#7559 = ( GEOMETRIC_REPRESENTATION_CONTEXT(2) 
PARAMETRIC_REPRESENTATION_CONTEXT() REPRESENTATION_CONTEXT('2D SPACE',''
  ) );
#7560 = PCURVE('',#4512,#7561);
#7561 = DEFINITIONAL_REPRESENTATION('',(#7562),#7566);
#7562 = LINE('',#7563,#7564);
#7563 = CARTESIAN_POINT('',(6.28318530718,-0.));
#7564 = VECTOR('',#7565,1.);
#7565 = DIRECTION('',(0.,1.));
#7566 = ( GEOMETRIC_REPRESENTATION_CONTEXT(2) 
PARAMETRIC_REPRESENTATION_CONTEXT() REPRESENTATION_CONTEXT('2D SPACE',''
  ) );
#7567 = ORIENTED_EDGE('',*,*,#4480,.T.);
#7568 = ORIENTED_EDGE('',*,*,#4573,.F.);
#7569 = ORIENTED_EDGE('',*,*,#4537,.F.);
#7570 = ORIENTED_EDGE('',*,*,#7547,.F.);
#7571 = ADVANCED_FACE('',(#7572),#4641,.F.);
#7572 = FACE_BOUND('',#7573,.F.);
#7573 = EDGE_LOOP('',(#7574,#7598,#7619,#7620,#7621,#7622));
#7574 = ORIENTED_EDGE('',*,*,#7575,.T.);
#7575 = EDGE_CURVE('',#7576,#7576,#7578,.T.);
#7576 = VERTEX_POINT('',#7577);
#7577 = CARTESIAN_POINT('',(-45.,-5.,29.4));
#7578 = SURFACE_CURVE('',#7579,(#7584,#7591),.PCURVE_S1.);
#7579 = CIRCLE('',#7580,5.9);
#7580 = AXIS2_PLACEMENT_3D('',#7581,#7582,#7583);
#7581 = CARTESIAN_POINT('',(-45.,-5.,23.5));
#7582 = DIRECTION('',(0.,1.,0.));
#7583 = DIRECTION('',(0.,-0.,1.));
#7584 = PCURVE('',#4641,#7585);
#7585 = DEFINITIONAL_REPRESENTATION('',(#7586),#7590);
#7586 = LINE('',#7587,#7588);
#7587 = CARTESIAN_POINT('',(0.,1.));
#7588 = VECTOR('',#7589,1.);
#7589 = DIRECTION('',(1.,0.));
#7590 = ( GEOMETRIC_REPRESENTATION_CONTEXT(2) 
PARAMETRIC_REPRESENTATION_CONTEXT() REPRESENTATION_CONTEXT('2D SPACE',''
  ) );
#7591 = PCURVE('',#6914,#7592);
#7592 = DEFINITIONAL_REPRESENTATION('',(#7593),#7597);
#7593 = LINE('',#7594,#7595);
#7594 = CARTESIAN_POINT('',(-0.,-1.));
#7595 = VECTOR('',#7596,1.);
#7596 = DIRECTION('',(-1.,-0.));
#7597 = ( GEOMETRIC_REPRESENTATION_CONTEXT(2) 
PARAMETRIC_REPRESENTATION_CONTEXT() REPRESENTATION_CONTEXT('2D SPACE',''
  ) );
#7598 = ORIENTED_EDGE('',*,*,#7599,.T.);
#7599 = EDGE_CURVE('',#7576,#4051,#7600,.T.);
#7600 = SEAM_CURVE('',#7601,(#7605,#7612),.PCURVE_S1.);
#7601 = LINE('',#7602,#7603);
#7602 = CARTESIAN_POINT('',(-45.,-6.,29.4));
#7603 = VECTOR('',#7604,1.);
#7604 = DIRECTION('',(0.,1.,0.));
#7605 = PCURVE('',#4641,#7606);
#7606 = DEFINITIONAL_REPRESENTATION('',(#7607),#7611);
#7607 = LINE('',#7608,#7609);
#7608 = CARTESIAN_POINT('',(0.,-0.));
#7609 = VECTOR('',#7610,1.);
#7610 = DIRECTION('',(0.,1.));
#7611 = ( GEOMETRIC_REPRESENTATION_CONTEXT(2) 
PARAMETRIC_REPRESENTATION_CONTEXT() REPRESENTATION_CONTEXT('2D SPACE',''
  ) );
#7612 = PCURVE('',#4641,#7613);
#7613 = DEFINITIONAL_REPRESENTATION('',(#7614),#7618);
#7614 = LINE('',#7615,#7616);
#7615 = CARTESIAN_POINT('',(6.28318530718,-0.));
#7616 = VECTOR('',#7617,1.);
#7617 = DIRECTION('',(0.,1.));
#7618 = ( GEOMETRIC_REPRESENTATION_CONTEXT(2) 
PARAMETRIC_REPRESENTATION_CONTEXT() REPRESENTATION_CONTEXT('2D SPACE',''
  ) );
#7619 = ORIENTED_EDGE('',*,*,#4609,.T.);
#7620 = ORIENTED_EDGE('',*,*,#4702,.F.);
#7621 = ORIENTED_EDGE('',*,*,#4666,.F.);
#7622 = ORIENTED_EDGE('',*,*,#7599,.F.);
#7623 = ADVANCED_FACE('',(#7624),#4770,.F.);
#7624 = FACE_BOUND('',#7625,.F.);
#7625 = EDGE_LOOP('',(#7626,#7650,#7671,#7672,#7673,#7674));
#7626 = ORIENTED_EDGE('',*,*,#7627,.T.);
#7627 = EDGE_CURVE('',#7628,#7628,#7630,.T.);
#7628 = VERTEX_POINT('',#7629);
#7629 = CARTESIAN_POINT('',(-1.445083222994E-15,-5.,29.4));
#7630 = SURFACE_CURVE('',#7631,(#7636,#7643),.PCURVE_S1.);
#7631 = CIRCLE('',#7632,5.9);
#7632 = AXIS2_PLACEMENT_3D('',#7633,#7634,#7635);
#7633 = CARTESIAN_POINT('',(0.,-5.,23.5));
#7634 = DIRECTION('',(0.,1.,0.));
#7635 = DIRECTION('',(0.,-0.,1.));
#7636 = PCURVE('',#4770,#7637);
#7637 = DEFINITIONAL_REPRESENTATION('',(#7638),#7642);
#7638 = LINE('',#7639,#7640);
#7639 = CARTESIAN_POINT('',(0.,1.));
#7640 = VECTOR('',#7641,1.);
#7641 = DIRECTION('',(1.,0.));
#7642 = ( GEOMETRIC_REPRESENTATION_CONTEXT(2) 
PARAMETRIC_REPRESENTATION_CONTEXT() REPRESENTATION_CONTEXT('2D SPACE',''
  ) );
#7643 = PCURVE('',#7089,#7644);
#7644 = DEFINITIONAL_REPRESENTATION('',(#7645),#7649);
#7645 = LINE('',#7646,#7647);
#7646 = CARTESIAN_POINT('',(-0.,-1.));
#7647 = VECTOR('',#7648,1.);
#7648 = DIRECTION('',(-1.,-0.));
#7649 = ( GEOMETRIC_REPRESENTATION_CONTEXT(2) 
PARAMETRIC_REPRESENTATION_CONTEXT() REPRESENTATION_CONTEXT('2D SPACE',''
  ) );
#7650 = ORIENTED_EDGE('',*,*,#7651,.T.);
#7651 = EDGE_CURVE('',#7628,#4074,#7652,.T.);
#7652 = SEAM_CURVE('',#7653,(#7657,#7664),.PCURVE_S1.);
#7653 = LINE('',#7654,#7655);
#7654 = CARTESIAN_POINT('',(-1.445083222994E-15,-6.,29.4));
#7655 = VECTOR('',#7656,1.);
#7656 = DIRECTION('',(0.,1.,0.));
#7657 = PCURVE('',#4770,#7658);
#7658 = DEFINITIONAL_REPRESENTATION('',(#7659),#7663);
#7659 = LINE('',#7660,#7661);
#7660 = CARTESIAN_POINT('',(0.,-0.));
#7661 = VECTOR('',#7662,1.);
#7662 = DIRECTION('',(0.,1.));
#7663 = ( GEOMETRIC_REPRESENTATION_CONTEXT(2) 
PARAMETRIC_REPRESENTATION_CONTEXT() REPRESENTATION_CONTEXT('2D SPACE',''
  ) );
#7664 = PCURVE('',#4770,#7665);
#7665 = DEFINITIONAL_REPRESENTATION('',(#7666),#7670);
#7666 = LINE('',#7667,#7668);
#7667 = CARTESIAN_POINT('',(6.28318530718,-0.));
#7668 = VECTOR('',#7669,1.);
#7669 = DIRECTION('',(0.,1.));
#7670 = ( GEOMETRIC_REPRESENTATION_CONTEXT(2) 
PARAMETRIC_REPRESENTATION_CONTEXT() REPRESENTATION_CONTEXT('2D SPACE',''
  ) );
#7671 = ORIENTED_EDGE('',*,*,#4738,.T.);
#7672 = ORIENTED_EDGE('',*,*,#4831,.F.);
#7673 = ORIENTED_EDGE('',*,*,#4795,.F.);
#7674 = ORIENTED_EDGE('',*,*,#7651,.F.);
#7675 = ADVANCED_FACE('',(#7676),#4899,.F.);
#7676 = FACE_BOUND('',#7677,.F.);
#7677 = EDGE_LOOP('',(#7678,#7702,#7723,#7724,#7725,#7726));
#7678 = ORIENTED_EDGE('',*,*,#7679,.T.);
#7679 = EDGE_CURVE('',#7680,#7680,#7682,.T.);
#7680 = VERTEX_POINT('',#7681);
#7681 = CARTESIAN_POINT('',(45.,-5.,29.4));
#7682 = SURFACE_CURVE('',#7683,(#7688,#7695),.PCURVE_S1.);
#7683 = CIRCLE('',#7684,5.9);
#7684 = AXIS2_PLACEMENT_3D('',#7685,#7686,#7687);
#7685 = CARTESIAN_POINT('',(45.,-5.,23.5));
#7686 = DIRECTION('',(0.,1.,0.));
#7687 = DIRECTION('',(0.,-0.,1.));
#7688 = PCURVE('',#4899,#7689);
#7689 = DEFINITIONAL_REPRESENTATION('',(#7690),#7694);
#7690 = LINE('',#7691,#7692);
#7691 = CARTESIAN_POINT('',(0.,1.));
#7692 = VECTOR('',#7693,1.);
#7693 = DIRECTION('',(1.,0.));
#7694 = ( GEOMETRIC_REPRESENTATION_CONTEXT(2) 
PARAMETRIC_REPRESENTATION_CONTEXT() REPRESENTATION_CONTEXT('2D SPACE',''
  ) );
#7695 = PCURVE('',#7124,#7696);
#7696 = DEFINITIONAL_REPRESENTATION('',(#7697),#7701);
#7697 = LINE('',#7698,#7699);
#7698 = CARTESIAN_POINT('',(-0.,-1.));
#7699 = VECTOR('',#7700,1.);
#7700 = DIRECTION('',(-1.,-0.));
#7701 = ( GEOMETRIC_REPRESENTATION_CONTEXT(2) 
PARAMETRIC_REPRESENTATION_CONTEXT() REPRESENTATION_CONTEXT('2D SPACE',''
  ) );
#7702 = ORIENTED_EDGE('',*,*,#7703,.T.);
#7703 = EDGE_CURVE('',#7680,#4097,#7704,.T.);
#7704 = SEAM_CURVE('',#7705,(#7709,#7716),.PCURVE_S1.);
#7705 = LINE('',#7706,#7707);
#7706 = CARTESIAN_POINT('',(45.,-6.,29.4));
#7707 = VECTOR('',#7708,1.);
#7708 = DIRECTION('',(0.,1.,0.));
#7709 = PCURVE('',#4899,#7710);
#7710 = DEFINITIONAL_REPRESENTATION('',(#7711),#7715);
#7711 = LINE('',#7712,#7713);
#7712 = CARTESIAN_POINT('',(0.,-0.));
#7713 = VECTOR('',#7714,1.);
#7714 = DIRECTION('',(0.,1.));
#7715 = ( GEOMETRIC_REPRESENTATION_CONTEXT(2) 
PARAMETRIC_REPRESENTATION_CONTEXT() REPRESENTATION_CONTEXT('2D SPACE',''
  ) );
#7716 = PCURVE('',#4899,#7717);
#7717 = DEFINITIONAL_REPRESENTATION('',(#7718),#7722);
#7718 = LINE('',#7719,#7720);
#7719 = CARTESIAN_POINT('',(6.28318530718,-0.));
#7720 = VECTOR('',#7721,1.);
#7721 = DIRECTION('',(0.,1.));
#7722 = ( GEOMETRIC_REPRESENTATION_CONTEXT(2) 
PARAMETRIC_REPRESENTATION_CONTEXT() REPRESENTATION_CONTEXT('2D SPACE',''
  ) );
#7723 = ORIENTED_EDGE('',*,*,#4867,.T.);
#7724 = ORIENTED_EDGE('',*,*,#4960,.F.);
#7725 = ORIENTED_EDGE('',*,*,#4924,.F.);
#7726 = ORIENTED_EDGE('',*,*,#7703,.F.);
#7727 = ADVANCED_FACE('',(#7728),#5028,.F.);
#7728 = FACE_BOUND('',#7729,.F.);
#7729 = EDGE_LOOP('',(#7730,#7754,#7775,#7776,#7777,#7778));
#7730 = ORIENTED_EDGE('',*,*,#7731,.T.);
#7731 = EDGE_CURVE('',#7732,#7732,#7734,.T.);
#7732 = VERTEX_POINT('',#7733);
#7733 = CARTESIAN_POINT('',(90.,-5.,29.4));
#7734 = SURFACE_CURVE('',#7735,(#7740,#7747),.PCURVE_S1.);
#7735 = CIRCLE('',#7736,5.9);
#7736 = AXIS2_PLACEMENT_3D('',#7737,#7738,#7739);
#7737 = CARTESIAN_POINT('',(90.,-5.,23.5));
#7738 = DIRECTION('',(0.,1.,0.));
#7739 = DIRECTION('',(0.,-0.,1.));
#7740 = PCURVE('',#5028,#7741);
#7741 = DEFINITIONAL_REPRESENTATION('',(#7742),#7746);
#7742 = LINE('',#7743,#7744);
#7743 = CARTESIAN_POINT('',(0.,1.));
#7744 = VECTOR('',#7745,1.);
#7745 = DIRECTION('',(1.,0.));
#7746 = ( GEOMETRIC_REPRESENTATION_CONTEXT(2) 
PARAMETRIC_REPRESENTATION_CONTEXT() REPRESENTATION_CONTEXT('2D SPACE',''
  ) );
#7747 = PCURVE('',#7159,#7748);
#7748 = DEFINITIONAL_REPRESENTATION('',(#7749),#7753);
#7749 = LINE('',#7750,#7751);
#7750 = CARTESIAN_POINT('',(-0.,-1.));
#7751 = VECTOR('',#7752,1.);
#7752 = DIRECTION('',(-1.,-0.));
#7753 = ( GEOMETRIC_REPRESENTATION_CONTEXT(2) 
PARAMETRIC_REPRESENTATION_CONTEXT() REPRESENTATION_CONTEXT('2D SPACE',''
  ) );
#7754 = ORIENTED_EDGE('',*,*,#7755,.T.);
#7755 = EDGE_CURVE('',#7732,#4120,#7756,.T.);
#7756 = SEAM_CURVE('',#7757,(#7761,#7768),.PCURVE_S1.);
#7757 = LINE('',#7758,#7759);
#7758 = CARTESIAN_POINT('',(90.,-6.,29.4));
#7759 = VECTOR('',#7760,1.);
#7760 = DIRECTION('',(0.,1.,0.));
#7761 = PCURVE('',#5028,#7762);
#7762 = DEFINITIONAL_REPRESENTATION('',(#7763),#7767);
#7763 = LINE('',#7764,#7765);
#7764 = CARTESIAN_POINT('',(0.,-0.));
#7765 = VECTOR('',#7766,1.);
#7766 = DIRECTION('',(0.,1.));
#7767 = ( GEOMETRIC_REPRESENTATION_CONTEXT(2) 
PARAMETRIC_REPRESENTATION_CONTEXT() REPRESENTATION_CONTEXT('2D SPACE',''
  ) );
#7768 = PCURVE('',#5028,#7769);
#7769 = DEFINITIONAL_REPRESENTATION('',(#7770),#7774);
#7770 = LINE('',#7771,#7772);
#7771 = CARTESIAN_POINT('',(6.28318530718,-0.));
#7772 = VECTOR('',#7773,1.);
#7773 = DIRECTION('',(0.,1.));
#7774 = ( GEOMETRIC_REPRESENTATION_CONTEXT(2) 
PARAMETRIC_REPRESENTATION_CONTEXT() REPRESENTATION_CONTEXT('2D SPACE',''
  ) );
#7775 = ORIENTED_EDGE('',*,*,#4996,.T.);
#7776 = ORIENTED_EDGE('',*,*,#5089,.F.);
#7777 = ORIENTED_EDGE('',*,*,#5053,.F.);
#7778 = ORIENTED_EDGE('',*,*,#7755,.F.);
#7779 = ADVANCED_FACE('',(#7780),#5157,.F.);
#7780 = FACE_BOUND('',#7781,.F.);
#7781 = EDGE_LOOP('',(#7782,#7806,#7827,#7828,#7829,#7830));
#7782 = ORIENTED_EDGE('',*,*,#7783,.T.);
#7783 = EDGE_CURVE('',#7784,#7784,#7786,.T.);
#7784 = VERTEX_POINT('',#7785);
#7785 = CARTESIAN_POINT('',(135.,-5.,29.4));
#7786 = SURFACE_CURVE('',#7787,(#7792,#7799),.PCURVE_S1.);
#7787 = CIRCLE('',#7788,5.9);
#7788 = AXIS2_PLACEMENT_3D('',#7789,#7790,#7791);
#7789 = CARTESIAN_POINT('',(135.,-5.,23.5));
#7790 = DIRECTION('',(0.,1.,0.));
#7791 = DIRECTION('',(0.,-0.,1.));
#7792 = PCURVE('',#5157,#7793);
#7793 = DEFINITIONAL_REPRESENTATION('',(#7794),#7798);
#7794 = LINE('',#7795,#7796);
#7795 = CARTESIAN_POINT('',(0.,1.));
#7796 = VECTOR('',#7797,1.);
#7797 = DIRECTION('',(1.,0.));
#7798 = ( GEOMETRIC_REPRESENTATION_CONTEXT(2) 
PARAMETRIC_REPRESENTATION_CONTEXT() REPRESENTATION_CONTEXT('2D SPACE',''
  ) );
#7799 = PCURVE('',#7194,#7800);
#7800 = DEFINITIONAL_REPRESENTATION('',(#7801),#7805);
#7801 = LINE('',#7802,#7803);
#7802 = CARTESIAN_POINT('',(-0.,-1.));
#7803 = VECTOR('',#7804,1.);
#7804 = DIRECTION('',(-1.,-0.));
#7805 = ( GEOMETRIC_REPRESENTATION_CONTEXT(2) 
PARAMETRIC_REPRESENTATION_CONTEXT() REPRESENTATION_CONTEXT('2D SPACE',''
  ) );
#7806 = ORIENTED_EDGE('',*,*,#7807,.T.);
#7807 = EDGE_CURVE('',#7784,#4143,#7808,.T.);
#7808 = SEAM_CURVE('',#7809,(#7813,#7820),.PCURVE_S1.);
#7809 = LINE('',#7810,#7811);
#7810 = CARTESIAN_POINT('',(135.,-6.,29.4));
#7811 = VECTOR('',#7812,1.);
#7812 = DIRECTION('',(0.,1.,0.));
#7813 = PCURVE('',#5157,#7814);
#7814 = DEFINITIONAL_REPRESENTATION('',(#7815),#7819);
#7815 = LINE('',#7816,#7817);
#7816 = CARTESIAN_POINT('',(0.,-0.));
#7817 = VECTOR('',#7818,1.);
#7818 = DIRECTION('',(0.,1.));
#7819 = ( GEOMETRIC_REPRESENTATION_CONTEXT(2) 
PARAMETRIC_REPRESENTATION_CONTEXT() REPRESENTATION_CONTEXT('2D SPACE',''
  ) );
#7820 = PCURVE('',#5157,#7821);
#7821 = DEFINITIONAL_REPRESENTATION('',(#7822),#7826);
#7822 = LINE('',#7823,#7824);
#7823 = CARTESIAN_POINT('',(6.28318530718,-0.));
#7824 = VECTOR('',#7825,1.);
#7825 = DIRECTION('',(0.,1.));
#7826 = ( GEOMETRIC_REPRESENTATION_CONTEXT(2) 
PARAMETRIC_REPRESENTATION_CONTEXT() REPRESENTATION_CONTEXT('2D SPACE',''
  ) );
#7827 = ORIENTED_EDGE('',*,*,#5125,.T.);
#7828 = ORIENTED_EDGE('',*,*,#5218,.F.);
#7829 = ORIENTED_EDGE('',*,*,#5182,.F.);
#7830 = ORIENTED_EDGE('',*,*,#7807,.F.);
#7831 = ADVANCED_FACE('',(#7832),#5286,.F.);
#7832 = FACE_BOUND('',#7833,.F.);
#7833 = EDGE_LOOP('',(#7834,#7858,#7879,#7880,#7881,#7882));
#7834 = ORIENTED_EDGE('',*,*,#7835,.T.);
#7835 = EDGE_CURVE('',#7836,#7836,#7838,.T.);
#7836 = VERTEX_POINT('',#7837);
#7837 = CARTESIAN_POINT('',(180.,-5.,29.4));
#7838 = SURFACE_CURVE('',#7839,(#7844,#7851),.PCURVE_S1.);
#7839 = CIRCLE('',#7840,5.9);
#7840 = AXIS2_PLACEMENT_3D('',#7841,#7842,#7843);
#7841 = CARTESIAN_POINT('',(180.,-5.,23.5));
#7842 = DIRECTION('',(0.,1.,0.));
#7843 = DIRECTION('',(0.,-0.,1.));
#7844 = PCURVE('',#5286,#7845);
#7845 = DEFINITIONAL_REPRESENTATION('',(#7846),#7850);
#7846 = LINE('',#7847,#7848);
#7847 = CARTESIAN_POINT('',(0.,1.));
#7848 = VECTOR('',#7849,1.);
#7849 = DIRECTION('',(1.,0.));
#7850 = ( GEOMETRIC_REPRESENTATION_CONTEXT(2) 
PARAMETRIC_REPRESENTATION_CONTEXT() REPRESENTATION_CONTEXT('2D SPACE',''
  ) );
#7851 = PCURVE('',#7229,#7852);
#7852 = DEFINITIONAL_REPRESENTATION('',(#7853),#7857);
#7853 = LINE('',#7854,#7855);
#7854 = CARTESIAN_POINT('',(-0.,-1.));
#7855 = VECTOR('',#7856,1.);
#7856 = DIRECTION('',(-1.,-0.));
#7857 = ( GEOMETRIC_REPRESENTATION_CONTEXT(2) 
PARAMETRIC_REPRESENTATION_CONTEXT() REPRESENTATION_CONTEXT('2D SPACE',''
  ) );
#7858 = ORIENTED_EDGE('',*,*,#7859,.T.);
#7859 = EDGE_CURVE('',#7836,#4166,#7860,.T.);
#7860 = SEAM_CURVE('',#7861,(#7865,#7872),.PCURVE_S1.);
#7861 = LINE('',#7862,#7863);
#7862 = CARTESIAN_POINT('',(180.,-6.,29.4));
#7863 = VECTOR('',#7864,1.);
#7864 = DIRECTION('',(0.,1.,0.));
#7865 = PCURVE('',#5286,#7866);
#7866 = DEFINITIONAL_REPRESENTATION('',(#7867),#7871);
#7867 = LINE('',#7868,#7869);
#7868 = CARTESIAN_POINT('',(0.,-0.));
#7869 = VECTOR('',#7870,1.);
#7870 = DIRECTION('',(0.,1.));
#7871 = ( GEOMETRIC_REPRESENTATION_CONTEXT(2) 
PARAMETRIC_REPRESENTATION_CONTEXT() REPRESENTATION_CONTEXT('2D SPACE',''
  ) );
#7872 = PCURVE('',#5286,#7873);
#7873 = DEFINITIONAL_REPRESENTATION('',(#7874),#7878);
#7874 = LINE('',#7875,#7876);
#7875 = CARTESIAN_POINT('',(6.28318530718,-0.));
#7876 = VECTOR('',#7877,1.);
#7877 = DIRECTION('',(0.,1.));
#7878 = ( GEOMETRIC_REPRESENTATION_CONTEXT(2) 
PARAMETRIC_REPRESENTATION_CONTEXT() REPRESENTATION_CONTEXT('2D SPACE',''
  ) );
#7879 = ORIENTED_EDGE('',*,*,#5254,.T.);
#7880 = ORIENTED_EDGE('',*,*,#5347,.F.);
#7881 = ORIENTED_EDGE('',*,*,#5311,.F.);
#7882 = ORIENTED_EDGE('',*,*,#7859,.F.);
#7883 = ADVANCED_FACE('',(#7884),#5659,.F.);
#7884 = FACE_BOUND('',#7885,.F.);
#7885 = EDGE_LOOP('',(#7886,#7910,#7931,#7932,#7933,#7934));
#7886 = ORIENTED_EDGE('',*,*,#7887,.T.);
#7887 = EDGE_CURVE('',#7888,#7888,#7890,.T.);
#7888 = VERTEX_POINT('',#7889);
#7889 = CARTESIAN_POINT('',(-180.,-5.,69.4));
#7890 = SURFACE_CURVE('',#7891,(#7896,#7903),.PCURVE_S1.);
#7891 = CIRCLE('',#7892,5.9);
#7892 = AXIS2_PLACEMENT_3D('',#7893,#7894,#7895);
#7893 = CARTESIAN_POINT('',(-180.,-5.,63.5));
#7894 = DIRECTION('',(0.,1.,0.));
#7895 = DIRECTION('',(0.,-0.,1.));
#7896 = PCURVE('',#5659,#7897);
#7897 = DEFINITIONAL_REPRESENTATION('',(#7898),#7902);
#7898 = LINE('',#7899,#7900);
#7899 = CARTESIAN_POINT('',(0.,1.));
#7900 = VECTOR('',#7901,1.);
#7901 = DIRECTION('',(1.,0.));
#7902 = ( GEOMETRIC_REPRESENTATION_CONTEXT(2) 
PARAMETRIC_REPRESENTATION_CONTEXT() REPRESENTATION_CONTEXT('2D SPACE',''
  ) );
#7903 = PCURVE('',#6949,#7904);
#7904 = DEFINITIONAL_REPRESENTATION('',(#7905),#7909);
#7905 = LINE('',#7906,#7907);
#7906 = CARTESIAN_POINT('',(-0.,-1.));
#7907 = VECTOR('',#7908,1.);
#7908 = DIRECTION('',(-1.,-0.));
#7909 = ( GEOMETRIC_REPRESENTATION_CONTEXT(2) 
PARAMETRIC_REPRESENTATION_CONTEXT() REPRESENTATION_CONTEXT('2D SPACE',''
  ) );
#7910 = ORIENTED_EDGE('',*,*,#7911,.T.);
#7911 = EDGE_CURVE('',#7888,#5385,#7912,.T.);
#7912 = SEAM_CURVE('',#7913,(#7917,#7924),.PCURVE_S1.);
#7913 = LINE('',#7914,#7915);
#7914 = CARTESIAN_POINT('',(-180.,-6.,69.4));
#7915 = VECTOR('',#7916,1.);
#7916 = DIRECTION('',(0.,1.,0.));
#7917 = PCURVE('',#5659,#7918);
#7918 = DEFINITIONAL_REPRESENTATION('',(#7919),#7923);
#7919 = LINE('',#7920,#7921);
#7920 = CARTESIAN_POINT('',(0.,-0.));
#7921 = VECTOR('',#7922,1.);
#7922 = DIRECTION('',(0.,1.));
#7923 = ( GEOMETRIC_REPRESENTATION_CONTEXT(2) 
PARAMETRIC_REPRESENTATION_CONTEXT() REPRESENTATION_CONTEXT('2D SPACE',''
  ) );
#7924 = PCURVE('',#5659,#7925);
#7925 = DEFINITIONAL_REPRESENTATION('',(#7926),#7930);
#7926 = LINE('',#7927,#7928);
#7927 = CARTESIAN_POINT('',(6.28318530718,-0.));
#7928 = VECTOR('',#7929,1.);
#7929 = DIRECTION('',(0.,1.));
#7930 = ( GEOMETRIC_REPRESENTATION_CONTEXT(2) 
PARAMETRIC_REPRESENTATION_CONTEXT() REPRESENTATION_CONTEXT('2D SPACE',''
  ) );
#7931 = ORIENTED_EDGE('',*,*,#5627,.T.);
#7932 = ORIENTED_EDGE('',*,*,#5720,.F.);
#7933 = ORIENTED_EDGE('',*,*,#5684,.F.);
#7934 = ORIENTED_EDGE('',*,*,#7911,.F.);
#7935 = ADVANCED_FACE('',(#7936),#5788,.F.);
#7936 = FACE_BOUND('',#7937,.F.);
#7937 = EDGE_LOOP('',(#7938,#7962,#7983,#7984,#7985,#7986));
#7938 = ORIENTED_EDGE('',*,*,#7939,.T.);
#7939 = EDGE_CURVE('',#7940,#7940,#7942,.T.);
#7940 = VERTEX_POINT('',#7941);
#7941 = CARTESIAN_POINT('',(-135.,-5.,69.4));
#7942 = SURFACE_CURVE('',#7943,(#7948,#7955),.PCURVE_S1.);
#7943 = CIRCLE('',#7944,5.9);
#7944 = AXIS2_PLACEMENT_3D('',#7945,#7946,#7947);
#7945 = CARTESIAN_POINT('',(-135.,-5.,63.5));
#7946 = DIRECTION('',(0.,1.,0.));
#7947 = DIRECTION('',(0.,-0.,1.));
#7948 = PCURVE('',#5788,#7949);
#7949 = DEFINITIONAL_REPRESENTATION('',(#7950),#7954);
#7950 = LINE('',#7951,#7952);
#7951 = CARTESIAN_POINT('',(0.,1.));
#7952 = VECTOR('',#7953,1.);
#7953 = DIRECTION('',(1.,0.));
#7954 = ( GEOMETRIC_REPRESENTATION_CONTEXT(2) 
PARAMETRIC_REPRESENTATION_CONTEXT() REPRESENTATION_CONTEXT('2D SPACE',''
  ) );
#7955 = PCURVE('',#6984,#7956);
#7956 = DEFINITIONAL_REPRESENTATION('',(#7957),#7961);
#7957 = LINE('',#7958,#7959);
#7958 = CARTESIAN_POINT('',(-0.,-1.));
#7959 = VECTOR('',#7960,1.);
#7960 = DIRECTION('',(-1.,-0.));
#7961 = ( GEOMETRIC_REPRESENTATION_CONTEXT(2) 
PARAMETRIC_REPRESENTATION_CONTEXT() REPRESENTATION_CONTEXT('2D SPACE',''
  ) );
#7962 = ORIENTED_EDGE('',*,*,#7963,.T.);
#7963 = EDGE_CURVE('',#7940,#5410,#7964,.T.);
#7964 = SEAM_CURVE('',#7965,(#7969,#7976),.PCURVE_S1.);
#7965 = LINE('',#7966,#7967);
#7966 = CARTESIAN_POINT('',(-135.,-6.,69.4));
#7967 = VECTOR('',#7968,1.);
#7968 = DIRECTION('',(0.,1.,0.));
#7969 = PCURVE('',#5788,#7970);
#7970 = DEFINITIONAL_REPRESENTATION('',(#7971),#7975);
#7971 = LINE('',#7972,#7973);
#7972 = CARTESIAN_POINT('',(0.,-0.));
#7973 = VECTOR('',#7974,1.);
#7974 = DIRECTION('',(0.,1.));
#7975 = ( GEOMETRIC_REPRESENTATION_CONTEXT(2) 
PARAMETRIC_REPRESENTATION_CONTEXT() REPRESENTATION_CONTEXT('2D SPACE',''
  ) );
#7976 = PCURVE('',#5788,#7977);
#7977 = DEFINITIONAL_REPRESENTATION('',(#7978),#7982);
#7978 = LINE('',#7979,#7980);
#7979 = CARTESIAN_POINT('',(6.28318530718,-0.));
#7980 = VECTOR('',#7981,1.);
#7981 = DIRECTION('',(0.,1.));
#7982 = ( GEOMETRIC_REPRESENTATION_CONTEXT(2) 
PARAMETRIC_REPRESENTATION_CONTEXT() REPRESENTATION_CONTEXT('2D SPACE',''
  ) );
#7983 = ORIENTED_EDGE('',*,*,#5756,.T.);
#7984 = ORIENTED_EDGE('',*,*,#5849,.F.);
#7985 = ORIENTED_EDGE('',*,*,#5813,.F.);
#7986 = ORIENTED_EDGE('',*,*,#7963,.F.);
#7987 = ADVANCED_FACE('',(#7988),#5917,.F.);
#7988 = FACE_BOUND('',#7989,.F.);
#7989 = EDGE_LOOP('',(#7990,#8014,#8035,#8036,#8037,#8038));
#7990 = ORIENTED_EDGE('',*,*,#7991,.T.);
#7991 = EDGE_CURVE('',#7992,#7992,#7994,.T.);
#7992 = VERTEX_POINT('',#7993);
#7993 = CARTESIAN_POINT('',(-90.,-5.,69.4));
#7994 = SURFACE_CURVE('',#7995,(#8000,#8007),.PCURVE_S1.);
#7995 = CIRCLE('',#7996,5.9);
#7996 = AXIS2_PLACEMENT_3D('',#7997,#7998,#7999);
#7997 = CARTESIAN_POINT('',(-90.,-5.,63.5));
#7998 = DIRECTION('',(0.,1.,0.));
#7999 = DIRECTION('',(0.,-0.,1.));
#8000 = PCURVE('',#5917,#8001);
#8001 = DEFINITIONAL_REPRESENTATION('',(#8002),#8006);
#8002 = LINE('',#8003,#8004);
#8003 = CARTESIAN_POINT('',(0.,1.));
#8004 = VECTOR('',#8005,1.);
#8005 = DIRECTION('',(1.,0.));
#8006 = ( GEOMETRIC_REPRESENTATION_CONTEXT(2) 
PARAMETRIC_REPRESENTATION_CONTEXT() REPRESENTATION_CONTEXT('2D SPACE',''
  ) );
#8007 = PCURVE('',#7019,#8008);
#8008 = DEFINITIONAL_REPRESENTATION('',(#8009),#8013);
#8009 = LINE('',#8010,#8011);
#8010 = CARTESIAN_POINT('',(-0.,-1.));
#8011 = VECTOR('',#8012,1.);
#8012 = DIRECTION('',(-1.,-0.));
#8013 = ( GEOMETRIC_REPRESENTATION_CONTEXT(2) 
PARAMETRIC_REPRESENTATION_CONTEXT() REPRESENTATION_CONTEXT('2D SPACE',''
  ) );
#8014 = ORIENTED_EDGE('',*,*,#8015,.T.);
#8015 = EDGE_CURVE('',#7992,#5433,#8016,.T.);
#8016 = SEAM_CURVE('',#8017,(#8021,#8028),.PCURVE_S1.);
#8017 = LINE('',#8018,#8019);
#8018 = CARTESIAN_POINT('',(-90.,-6.,69.4));
#8019 = VECTOR('',#8020,1.);
#8020 = DIRECTION('',(0.,1.,0.));
#8021 = PCURVE('',#5917,#8022);
#8022 = DEFINITIONAL_REPRESENTATION('',(#8023),#8027);
#8023 = LINE('',#8024,#8025);
#8024 = CARTESIAN_POINT('',(0.,-0.));
#8025 = VECTOR('',#8026,1.);
#8026 = DIRECTION('',(0.,1.));
#8027 = ( GEOMETRIC_REPRESENTATION_CONTEXT(2) 
PARAMETRIC_REPRESENTATION_CONTEXT() REPRESENTATION_CONTEXT('2D SPACE',''
  ) );
#8028 = PCURVE('',#5917,#8029);
#8029 = DEFINITIONAL_REPRESENTATION('',(#8030),#8034);
#8030 = LINE('',#8031,#8032);
#8031 = CARTESIAN_POINT('',(6.28318530718,-0.));
#8032 = VECTOR('',#8033,1.);
#8033 = DIRECTION('',(0.,1.));
#8034 = ( GEOMETRIC_REPRESENTATION_CONTEXT(2) 
PARAMETRIC_REPRESENTATION_CONTEXT() REPRESENTATION_CONTEXT('2D SPACE',''
  ) );
#8035 = ORIENTED_EDGE('',*,*,#5885,.T.);
#8036 = ORIENTED_EDGE('',*,*,#5978,.F.);
#8037 = ORIENTED_EDGE('',*,*,#5942,.F.);
#8038 = ORIENTED_EDGE('',*,*,#8015,.F.);
#8039 = ADVANCED_FACE('',(#8040),#6046,.F.);
#8040 = FACE_BOUND('',#8041,.F.);
#8041 = EDGE_LOOP('',(#8042,#8066,#8087,#8088,#8089,#8090));
#8042 = ORIENTED_EDGE('',*,*,#8043,.T.);
#8043 = EDGE_CURVE('',#8044,#8044,#8046,.T.);
#8044 = VERTEX_POINT('',#8045);
#8045 = CARTESIAN_POINT('',(-45.,-5.,69.4));
#8046 = SURFACE_CURVE('',#8047,(#8052,#8059),.PCURVE_S1.);
#8047 = CIRCLE('',#8048,5.9);
#8048 = AXIS2_PLACEMENT_3D('',#8049,#8050,#8051);
#8049 = CARTESIAN_POINT('',(-45.,-5.,63.5));
#8050 = DIRECTION('',(0.,1.,0.));
#8051 = DIRECTION('',(0.,-0.,1.));
#8052 = PCURVE('',#6046,#8053);
#8053 = DEFINITIONAL_REPRESENTATION('',(#8054),#8058);
#8054 = LINE('',#8055,#8056);
#8055 = CARTESIAN_POINT('',(0.,1.));
#8056 = VECTOR('',#8057,1.);
#8057 = DIRECTION('',(1.,0.));
#8058 = ( GEOMETRIC_REPRESENTATION_CONTEXT(2) 
PARAMETRIC_REPRESENTATION_CONTEXT() REPRESENTATION_CONTEXT('2D SPACE',''
  ) );
#8059 = PCURVE('',#7054,#8060);
#8060 = DEFINITIONAL_REPRESENTATION('',(#8061),#8065);
#8061 = LINE('',#8062,#8063);
#8062 = CARTESIAN_POINT('',(-0.,-1.));
#8063 = VECTOR('',#8064,1.);
#8064 = DIRECTION('',(-1.,-0.));
#8065 = ( GEOMETRIC_REPRESENTATION_CONTEXT(2) 
PARAMETRIC_REPRESENTATION_CONTEXT() REPRESENTATION_CONTEXT('2D SPACE',''
  ) );
#8066 = ORIENTED_EDGE('',*,*,#8067,.T.);
#8067 = EDGE_CURVE('',#8044,#5456,#8068,.T.);
#8068 = SEAM_CURVE('',#8069,(#8073,#8080),.PCURVE_S1.);
#8069 = LINE('',#8070,#8071);
#8070 = CARTESIAN_POINT('',(-45.,-6.,69.4));
#8071 = VECTOR('',#8072,1.);
#8072 = DIRECTION('',(0.,1.,0.));
#8073 = PCURVE('',#6046,#8074);
#8074 = DEFINITIONAL_REPRESENTATION('',(#8075),#8079);
#8075 = LINE('',#8076,#8077);
#8076 = CARTESIAN_POINT('',(0.,-0.));
#8077 = VECTOR('',#8078,1.);
#8078 = DIRECTION('',(0.,1.));
#8079 = ( GEOMETRIC_REPRESENTATION_CONTEXT(2) 
PARAMETRIC_REPRESENTATION_CONTEXT() REPRESENTATION_CONTEXT('2D SPACE',''
  ) );
#8080 = PCURVE('',#6046,#8081);
#8081 = DEFINITIONAL_REPRESENTATION('',(#8082),#8086);
#8082 = LINE('',#8083,#8084);
#8083 = CARTESIAN_POINT('',(6.28318530718,-0.));
#8084 = VECTOR('',#8085,1.);
#8085 = DIRECTION('',(0.,1.));
#8086 = ( GEOMETRIC_REPRESENTATION_CONTEXT(2) 
PARAMETRIC_REPRESENTATION_CONTEXT() REPRESENTATION_CONTEXT('2D SPACE',''
  ) );
#8087 = ORIENTED_EDGE('',*,*,#6014,.T.);
#8088 = ORIENTED_EDGE('',*,*,#6107,.F.);
#8089 = ORIENTED_EDGE('',*,*,#6071,.F.);
#8090 = ORIENTED_EDGE('',*,*,#8067,.F.);
#8091 = ADVANCED_FACE('',(#8092),#6175,.F.);
#8092 = FACE_BOUND('',#8093,.F.);
#8093 = EDGE_LOOP('',(#8094,#8118,#8139,#8140,#8141,#8142));
#8094 = ORIENTED_EDGE('',*,*,#8095,.T.);
#8095 = EDGE_CURVE('',#8096,#8096,#8098,.T.);
#8096 = VERTEX_POINT('',#8097);
#8097 = CARTESIAN_POINT('',(-1.445083222994E-15,-5.,69.4));
#8098 = SURFACE_CURVE('',#8099,(#8104,#8111),.PCURVE_S1.);
#8099 = CIRCLE('',#8100,5.9);
#8100 = AXIS2_PLACEMENT_3D('',#8101,#8102,#8103);
#8101 = CARTESIAN_POINT('',(0.,-5.,63.5));
#8102 = DIRECTION('',(0.,1.,0.));
#8103 = DIRECTION('',(0.,-0.,1.));
#8104 = PCURVE('',#6175,#8105);
#8105 = DEFINITIONAL_REPRESENTATION('',(#8106),#8110);
#8106 = LINE('',#8107,#8108);
#8107 = CARTESIAN_POINT('',(0.,1.));
#8108 = VECTOR('',#8109,1.);
#8109 = DIRECTION('',(1.,0.));
#8110 = ( GEOMETRIC_REPRESENTATION_CONTEXT(2) 
PARAMETRIC_REPRESENTATION_CONTEXT() REPRESENTATION_CONTEXT('2D SPACE',''
  ) );
#8111 = PCURVE('',#7264,#8112);
#8112 = DEFINITIONAL_REPRESENTATION('',(#8113),#8117);
#8113 = LINE('',#8114,#8115);
#8114 = CARTESIAN_POINT('',(-0.,-1.));
#8115 = VECTOR('',#8116,1.);
#8116 = DIRECTION('',(-1.,-0.));
#8117 = ( GEOMETRIC_REPRESENTATION_CONTEXT(2) 
PARAMETRIC_REPRESENTATION_CONTEXT() REPRESENTATION_CONTEXT('2D SPACE',''
  ) );
#8118 = ORIENTED_EDGE('',*,*,#8119,.T.);
#8119 = EDGE_CURVE('',#8096,#5479,#8120,.T.);
#8120 = SEAM_CURVE('',#8121,(#8125,#8132),.PCURVE_S1.);
#8121 = LINE('',#8122,#8123);
#8122 = CARTESIAN_POINT('',(-1.445083222994E-15,-6.,69.4));
#8123 = VECTOR('',#8124,1.);
#8124 = DIRECTION('',(0.,1.,0.));
#8125 = PCURVE('',#6175,#8126);
#8126 = DEFINITIONAL_REPRESENTATION('',(#8127),#8131);
#8127 = LINE('',#8128,#8129);
#8128 = CARTESIAN_POINT('',(0.,-0.));
#8129 = VECTOR('',#8130,1.);
#8130 = DIRECTION('',(0.,1.));
#8131 = ( GEOMETRIC_REPRESENTATION_CONTEXT(2) 
PARAMETRIC_REPRESENTATION_CONTEXT() REPRESENTATION_CONTEXT('2D SPACE',''
  ) );
#8132 = PCURVE('',#6175,#8133);
#8133 = DEFINITIONAL_REPRESENTATION('',(#8134),#8138);
#8134 = LINE('',#8135,#8136);
#8135 = CARTESIAN_POINT('',(6.28318530718,-0.));
#8136 = VECTOR('',#8137,1.);
#8137 = DIRECTION('',(0.,1.));
#8138 = ( GEOMETRIC_REPRESENTATION_CONTEXT(2) 
PARAMETRIC_REPRESENTATION_CONTEXT() REPRESENTATION_CONTEXT('2D SPACE',''
  ) );
#8139 = ORIENTED_EDGE('',*,*,#6143,.T.);
#8140 = ORIENTED_EDGE('',*,*,#6236,.F.);
#8141 = ORIENTED_EDGE('',*,*,#6200,.F.);
#8142 = ORIENTED_EDGE('',*,*,#8119,.F.);
#8143 = ADVANCED_FACE('',(#8144),#6304,.F.);
#8144 = FACE_BOUND('',#8145,.F.);
#8145 = EDGE_LOOP('',(#8146,#8170,#8191,#8192,#8193,#8194));
#8146 = ORIENTED_EDGE('',*,*,#8147,.T.);
#8147 = EDGE_CURVE('',#8148,#8148,#8150,.T.);
#8148 = VERTEX_POINT('',#8149);
#8149 = CARTESIAN_POINT('',(45.,-5.,69.4));
#8150 = SURFACE_CURVE('',#8151,(#8156,#8163),.PCURVE_S1.);
#8151 = CIRCLE('',#8152,5.9);
#8152 = AXIS2_PLACEMENT_3D('',#8153,#8154,#8155);
#8153 = CARTESIAN_POINT('',(45.,-5.,63.5));
#8154 = DIRECTION('',(0.,1.,0.));
#8155 = DIRECTION('',(0.,-0.,1.));
#8156 = PCURVE('',#6304,#8157);
#8157 = DEFINITIONAL_REPRESENTATION('',(#8158),#8162);
#8158 = LINE('',#8159,#8160);
#8159 = CARTESIAN_POINT('',(0.,1.));
#8160 = VECTOR('',#8161,1.);
#8161 = DIRECTION('',(1.,0.));
#8162 = ( GEOMETRIC_REPRESENTATION_CONTEXT(2) 
PARAMETRIC_REPRESENTATION_CONTEXT() REPRESENTATION_CONTEXT('2D SPACE',''
  ) );
#8163 = PCURVE('',#7299,#8164);
#8164 = DEFINITIONAL_REPRESENTATION('',(#8165),#8169);
#8165 = LINE('',#8166,#8167);
#8166 = CARTESIAN_POINT('',(-0.,-1.));
#8167 = VECTOR('',#8168,1.);
#8168 = DIRECTION('',(-1.,-0.));
#8169 = ( GEOMETRIC_REPRESENTATION_CONTEXT(2) 
PARAMETRIC_REPRESENTATION_CONTEXT() REPRESENTATION_CONTEXT('2D SPACE',''
  ) );
#8170 = ORIENTED_EDGE('',*,*,#8171,.T.);
#8171 = EDGE_CURVE('',#8148,#5502,#8172,.T.);
#8172 = SEAM_CURVE('',#8173,(#8177,#8184),.PCURVE_S1.);
#8173 = LINE('',#8174,#8175);
#8174 = CARTESIAN_POINT('',(45.,-6.,69.4));
#8175 = VECTOR('',#8176,1.);
#8176 = DIRECTION('',(0.,1.,0.));
#8177 = PCURVE('',#6304,#8178);
#8178 = DEFINITIONAL_REPRESENTATION('',(#8179),#8183);
#8179 = LINE('',#8180,#8181);
#8180 = CARTESIAN_POINT('',(0.,-0.));
#8181 = VECTOR('',#8182,1.);
#8182 = DIRECTION('',(0.,1.));
#8183 = ( GEOMETRIC_REPRESENTATION_CONTEXT(2) 
PARAMETRIC_REPRESENTATION_CONTEXT() REPRESENTATION_CONTEXT('2D SPACE',''
  ) );
#8184 = PCURVE('',#6304,#8185);
#8185 = DEFINITIONAL_REPRESENTATION('',(#8186),#8190);
#8186 = LINE('',#8187,#8188);
#8187 = CARTESIAN_POINT('',(6.28318530718,-0.));
#8188 = VECTOR('',#8189,1.);
#8189 = DIRECTION('',(0.,1.));
#8190 = ( GEOMETRIC_REPRESENTATION_CONTEXT(2) 
PARAMETRIC_REPRESENTATION_CONTEXT() REPRESENTATION_CONTEXT('2D SPACE',''
  ) );
#8191 = ORIENTED_EDGE('',*,*,#6272,.T.);
#8192 = ORIENTED_EDGE('',*,*,#6365,.F.);
#8193 = ORIENTED_EDGE('',*,*,#6329,.F.);
#8194 = ORIENTED_EDGE('',*,*,#8171,.F.);
#8195 = ADVANCED_FACE('',(#8196),#6433,.F.);
#8196 = FACE_BOUND('',#8197,.F.);
#8197 = EDGE_LOOP('',(#8198,#8222,#8243,#8244,#8245,#8246));
#8198 = ORIENTED_EDGE('',*,*,#8199,.T.);
#8199 = EDGE_CURVE('',#8200,#8200,#8202,.T.);
#8200 = VERTEX_POINT('',#8201);
#8201 = CARTESIAN_POINT('',(90.,-5.,69.4));
#8202 = SURFACE_CURVE('',#8203,(#8208,#8215),.PCURVE_S1.);
#8203 = CIRCLE('',#8204,5.9);
#8204 = AXIS2_PLACEMENT_3D('',#8205,#8206,#8207);
#8205 = CARTESIAN_POINT('',(90.,-5.,63.5));
#8206 = DIRECTION('',(0.,1.,0.));
#8207 = DIRECTION('',(0.,-0.,1.));
#8208 = PCURVE('',#6433,#8209);
#8209 = DEFINITIONAL_REPRESENTATION('',(#8210),#8214);
#8210 = LINE('',#8211,#8212);
#8211 = CARTESIAN_POINT('',(0.,1.));
#8212 = VECTOR('',#8213,1.);
#8213 = DIRECTION('',(1.,0.));
#8214 = ( GEOMETRIC_REPRESENTATION_CONTEXT(2) 
PARAMETRIC_REPRESENTATION_CONTEXT() REPRESENTATION_CONTEXT('2D SPACE',''
  ) );
#8215 = PCURVE('',#7334,#8216);
#8216 = DEFINITIONAL_REPRESENTATION('',(#8217),#8221);
#8217 = LINE('',#8218,#8219);
#8218 = CARTESIAN_POINT('',(-0.,-1.));
#8219 = VECTOR('',#8220,1.);
#8220 = DIRECTION('',(-1.,-0.));
#8221 = ( GEOMETRIC_REPRESENTATION_CONTEXT(2) 
PARAMETRIC_REPRESENTATION_CONTEXT() REPRESENTATION_CONTEXT('2D SPACE',''
  ) );
#8222 = ORIENTED_EDGE('',*,*,#8223,.T.);
#8223 = EDGE_CURVE('',#8200,#5525,#8224,.T.);
#8224 = SEAM_CURVE('',#8225,(#8229,#8236),.PCURVE_S1.);
#8225 = LINE('',#8226,#8227);
#8226 = CARTESIAN_POINT('',(90.,-6.,69.4));
#8227 = VECTOR('',#8228,1.);
#8228 = DIRECTION('',(0.,1.,0.));
#8229 = PCURVE('',#6433,#8230);
#8230 = DEFINITIONAL_REPRESENTATION('',(#8231),#8235);
#8231 = LINE('',#8232,#8233);
#8232 = CARTESIAN_POINT('',(0.,-0.));
#8233 = VECTOR('',#8234,1.);
#8234 = DIRECTION('',(0.,1.));
#8235 = ( GEOMETRIC_REPRESENTATION_CONTEXT(2) 
PARAMETRIC_REPRESENTATION_CONTEXT() REPRESENTATION_CONTEXT('2D SPACE',''
  ) );
#8236 = PCURVE('',#6433,#8237);
#8237 = DEFINITIONAL_REPRESENTATION('',(#8238),#8242);
#8238 = LINE('',#8239,#8240);
#8239 = CARTESIAN_POINT('',(6.28318530718,-0.));
#8240 = VECTOR('',#8241,1.);
#8241 = DIRECTION('',(0.,1.));
#8242 = ( GEOMETRIC_REPRESENTATION_CONTEXT(2) 
PARAMETRIC_REPRESENTATION_CONTEXT() REPRESENTATION_CONTEXT('2D SPACE',''
  ) );
#8243 = ORIENTED_EDGE('',*,*,#6401,.T.);
#8244 = ORIENTED_EDGE('',*,*,#6494,.F.);
#8245 = ORIENTED_EDGE('',*,*,#6458,.F.);
#8246 = ORIENTED_EDGE('',*,*,#8223,.F.);
#8247 = ADVANCED_FACE('',(#8248),#6562,.F.);
#8248 = FACE_BOUND('',#8249,.F.);
#8249 = EDGE_LOOP('',(#8250,#8274,#8295,#8296,#8297,#8298));
#8250 = ORIENTED_EDGE('',*,*,#8251,.T.);
#8251 = EDGE_CURVE('',#8252,#8252,#8254,.T.);
#8252 = VERTEX_POINT('',#8253);
#8253 = CARTESIAN_POINT('',(135.,-5.,69.4));
#8254 = SURFACE_CURVE('',#8255,(#8260,#8267),.PCURVE_S1.);
#8255 = CIRCLE('',#8256,5.9);
#8256 = AXIS2_PLACEMENT_3D('',#8257,#8258,#8259);
#8257 = CARTESIAN_POINT('',(135.,-5.,63.5));
#8258 = DIRECTION('',(0.,1.,0.));
#8259 = DIRECTION('',(0.,-0.,1.));
#8260 = PCURVE('',#6562,#8261);
#8261 = DEFINITIONAL_REPRESENTATION('',(#8262),#8266);
#8262 = LINE('',#8263,#8264);
#8263 = CARTESIAN_POINT('',(0.,1.));
#8264 = VECTOR('',#8265,1.);
#8265 = DIRECTION('',(1.,0.));
#8266 = ( GEOMETRIC_REPRESENTATION_CONTEXT(2) 
PARAMETRIC_REPRESENTATION_CONTEXT() REPRESENTATION_CONTEXT('2D SPACE',''
  ) );
#8267 = PCURVE('',#7369,#8268);
#8268 = DEFINITIONAL_REPRESENTATION('',(#8269),#8273);
#8269 = LINE('',#8270,#8271);
#8270 = CARTESIAN_POINT('',(-0.,-1.));
#8271 = VECTOR('',#8272,1.);
#8272 = DIRECTION('',(-1.,-0.));
#8273 = ( GEOMETRIC_REPRESENTATION_CONTEXT(2) 
PARAMETRIC_REPRESENTATION_CONTEXT() REPRESENTATION_CONTEXT('2D SPACE',''
  ) );
#8274 = ORIENTED_EDGE('',*,*,#8275,.T.);
#8275 = EDGE_CURVE('',#8252,#5548,#8276,.T.);
#8276 = SEAM_CURVE('',#8277,(#8281,#8288),.PCURVE_S1.);
#8277 = LINE('',#8278,#8279);
#8278 = CARTESIAN_POINT('',(135.,-6.,69.4));
#8279 = VECTOR('',#8280,1.);
#8280 = DIRECTION('',(0.,1.,0.));
#8281 = PCURVE('',#6562,#8282);
#8282 = DEFINITIONAL_REPRESENTATION('',(#8283),#8287);
#8283 = LINE('',#8284,#8285);
#8284 = CARTESIAN_POINT('',(0.,-0.));
#8285 = VECTOR('',#8286,1.);
#8286 = DIRECTION('',(0.,1.));
#8287 = ( GEOMETRIC_REPRESENTATION_CONTEXT(2) 
PARAMETRIC_REPRESENTATION_CONTEXT() REPRESENTATION_CONTEXT('2D SPACE',''
  ) );
#8288 = PCURVE('',#6562,#8289);
#8289 = DEFINITIONAL_REPRESENTATION('',(#8290),#8294);
#8290 = LINE('',#8291,#8292);
#8291 = CARTESIAN_POINT('',(6.28318530718,-0.));
#8292 = VECTOR('',#8293,1.);
#8293 = DIRECTION('',(0.,1.));
#8294 = ( GEOMETRIC_REPRESENTATION_CONTEXT(2) 
PARAMETRIC_REPRESENTATION_CONTEXT() REPRESENTATION_CONTEXT('2D SPACE',''
  ) );
#8295 = ORIENTED_EDGE('',*,*,#6530,.T.);
#8296 = ORIENTED_EDGE('',*,*,#6623,.F.);
#8297 = ORIENTED_EDGE('',*,*,#6587,.F.);
#8298 = ORIENTED_EDGE('',*,*,#8275,.F.);
#8299 = ADVANCED_FACE('',(#8300),#6691,.F.);
#8300 = FACE_BOUND('',#8301,.F.);
#8301 = EDGE_LOOP('',(#8302,#8326,#8347,#8348,#8349,#8350));
#8302 = ORIENTED_EDGE('',*,*,#8303,.T.);
#8303 = EDGE_CURVE('',#8304,#8304,#8306,.T.);
#8304 = VERTEX_POINT('',#8305);
#8305 = CARTESIAN_POINT('',(180.,-5.,69.4));
#8306 = SURFACE_CURVE('',#8307,(#8312,#8319),.PCURVE_S1.);
#8307 = CIRCLE('',#8308,5.9);
#8308 = AXIS2_PLACEMENT_3D('',#8309,#8310,#8311);
#8309 = CARTESIAN_POINT('',(180.,-5.,63.5));
#8310 = DIRECTION('',(0.,1.,0.));
#8311 = DIRECTION('',(0.,-0.,1.));
#8312 = PCURVE('',#6691,#8313);
#8313 = DEFINITIONAL_REPRESENTATION('',(#8314),#8318);
#8314 = LINE('',#8315,#8316);
#8315 = CARTESIAN_POINT('',(0.,1.));
#8316 = VECTOR('',#8317,1.);
#8317 = DIRECTION('',(1.,0.));
#8318 = ( GEOMETRIC_REPRESENTATION_CONTEXT(2) 
PARAMETRIC_REPRESENTATION_CONTEXT() REPRESENTATION_CONTEXT('2D SPACE',''
  ) );
#8319 = PCURVE('',#7404,#8320);
#8320 = DEFINITIONAL_REPRESENTATION('',(#8321),#8325);
#8321 = LINE('',#8322,#8323);
#8322 = CARTESIAN_POINT('',(-0.,-1.));
#8323 = VECTOR('',#8324,1.);
#8324 = DIRECTION('',(-1.,-0.));
#8325 = ( GEOMETRIC_REPRESENTATION_CONTEXT(2) 
PARAMETRIC_REPRESENTATION_CONTEXT() REPRESENTATION_CONTEXT('2D SPACE',''
  ) );
#8326 = ORIENTED_EDGE('',*,*,#8327,.T.);
#8327 = EDGE_CURVE('',#8304,#5571,#8328,.T.);
#8328 = SEAM_CURVE('',#8329,(#8333,#8340),.PCURVE_S1.);
#8329 = LINE('',#8330,#8331);
#8330 = CARTESIAN_POINT('',(180.,-6.,69.4));
#8331 = VECTOR('',#8332,1.);
#8332 = DIRECTION('',(0.,1.,0.));
#8333 = PCURVE('',#6691,#8334);
#8334 = DEFINITIONAL_REPRESENTATION('',(#8335),#8339);
#8335 = LINE('',#8336,#8337);
#8336 = CARTESIAN_POINT('',(0.,-0.));
#8337 = VECTOR('',#8338,1.);
#8338 = DIRECTION('',(0.,1.));
#8339 = ( GEOMETRIC_REPRESENTATION_CONTEXT(2) 
PARAMETRIC_REPRESENTATION_CONTEXT() REPRESENTATION_CONTEXT('2D SPACE',''
  ) );
#8340 = PCURVE('',#6691,#8341);
#8341 = DEFINITIONAL_REPRESENTATION('',(#8342),#8346);
#8342 = LINE('',#8343,#8344);
#8343 = CARTESIAN_POINT('',(6.28318530718,-0.));
#8344 = VECTOR('',#8345,1.);
#8345 = DIRECTION('',(0.,1.));
#8346 = ( GEOMETRIC_REPRESENTATION_CONTEXT(2) 
PARAMETRIC_REPRESENTATION_CONTEXT() REPRESENTATION_CONTEXT('2D SPACE',''
  ) );
#8347 = ORIENTED_EDGE('',*,*,#6659,.T.);
#8348 = ORIENTED_EDGE('',*,*,#6752,.F.);
#8349 = ORIENTED_EDGE('',*,*,#6716,.F.);
#8350 = ORIENTED_EDGE('',*,*,#8327,.F.);
#8351 = ADVANCED_FACE('',(#8352),#6809,.F.);
#8352 = FACE_BOUND('',#8353,.F.);
#8353 = EDGE_LOOP('',(#8354,#8355,#8376,#8377));
#8354 = ORIENTED_EDGE('',*,*,#7419,.F.);
#8355 = ORIENTED_EDGE('',*,*,#8356,.F.);
#8356 = EDGE_CURVE('',#6793,#7420,#8357,.T.);
#8357 = SEAM_CURVE('',#8358,(#8362,#8369),.PCURVE_S1.);
#8358 = LINE('',#8359,#8360);
#8359 = CARTESIAN_POINT('',(-180.,-6.,30.4));
#8360 = VECTOR('',#8361,1.);
#8361 = DIRECTION('',(1.731912112471E-16,0.707106781187,-0.707106781187)
  );
#8362 = PCURVE('',#6809,#8363);
#8363 = DEFINITIONAL_REPRESENTATION('',(#8364),#8368);
#8364 = LINE('',#8365,#8366);
#8365 = CARTESIAN_POINT('',(-6.28318530718,0.));
#8366 = VECTOR('',#8367,1.);
#8367 = DIRECTION('',(-0.,-1.));
#8368 = ( GEOMETRIC_REPRESENTATION_CONTEXT(2) 
PARAMETRIC_REPRESENTATION_CONTEXT() REPRESENTATION_CONTEXT('2D SPACE',''
  ) );
#8369 = PCURVE('',#6809,#8370);
#8370 = DEFINITIONAL_REPRESENTATION('',(#8371),#8375);
#8371 = LINE('',#8372,#8373);
#8372 = CARTESIAN_POINT('',(0.,-0.));
#8373 = VECTOR('',#8374,1.);
#8374 = DIRECTION('',(-0.,-1.));
#8375 = ( GEOMETRIC_REPRESENTATION_CONTEXT(2) 
PARAMETRIC_REPRESENTATION_CONTEXT() REPRESENTATION_CONTEXT('2D SPACE',''
  ) );
#8376 = ORIENTED_EDGE('',*,*,#6792,.T.);
#8377 = ORIENTED_EDGE('',*,*,#8356,.T.);
#8378 = ADVANCED_FACE('',(#8379),#6844,.F.);
#8379 = FACE_BOUND('',#8380,.F.);
#8380 = EDGE_LOOP('',(#8381,#8382,#8403,#8404));
#8381 = ORIENTED_EDGE('',*,*,#7471,.F.);
#8382 = ORIENTED_EDGE('',*,*,#8383,.F.);
#8383 = EDGE_CURVE('',#6828,#7472,#8384,.T.);
#8384 = SEAM_CURVE('',#8385,(#8389,#8396),.PCURVE_S1.);
#8385 = LINE('',#8386,#8387);
#8386 = CARTESIAN_POINT('',(-135.,-6.,30.4));
#8387 = VECTOR('',#8388,1.);
#8388 = DIRECTION('',(1.731912112471E-16,0.707106781187,-0.707106781187)
  );
#8389 = PCURVE('',#6844,#8390);
#8390 = DEFINITIONAL_REPRESENTATION('',(#8391),#8395);
#8391 = LINE('',#8392,#8393);
#8392 = CARTESIAN_POINT('',(-6.28318530718,0.));
#8393 = VECTOR('',#8394,1.);
#8394 = DIRECTION('',(-0.,-1.));
#8395 = ( GEOMETRIC_REPRESENTATION_CONTEXT(2) 
PARAMETRIC_REPRESENTATION_CONTEXT() REPRESENTATION_CONTEXT('2D SPACE',''
  ) );
#8396 = PCURVE('',#6844,#8397);
#8397 = DEFINITIONAL_REPRESENTATION('',(#8398),#8402);
#8398 = LINE('',#8399,#8400);
#8399 = CARTESIAN_POINT('',(0.,-0.));
#8400 = VECTOR('',#8401,1.);
#8401 = DIRECTION('',(-0.,-1.));
#8402 = ( GEOMETRIC_REPRESENTATION_CONTEXT(2) 
PARAMETRIC_REPRESENTATION_CONTEXT() REPRESENTATION_CONTEXT('2D SPACE',''
  ) );
#8403 = ORIENTED_EDGE('',*,*,#6827,.T.);
#8404 = ORIENTED_EDGE('',*,*,#8383,.T.);
#8405 = ADVANCED_FACE('',(#8406),#6879,.F.);
#8406 = FACE_BOUND('',#8407,.F.);
#8407 = EDGE_LOOP('',(#8408,#8409,#8430,#8431));
#8408 = ORIENTED_EDGE('',*,*,#7523,.F.);
#8409 = ORIENTED_EDGE('',*,*,#8410,.F.);
#8410 = EDGE_CURVE('',#6863,#7524,#8411,.T.);
#8411 = SEAM_CURVE('',#8412,(#8416,#8423),.PCURVE_S1.);
#8412 = LINE('',#8413,#8414);
#8413 = CARTESIAN_POINT('',(-90.,-6.,30.4));
#8414 = VECTOR('',#8415,1.);
#8415 = DIRECTION('',(1.731912112471E-16,0.707106781187,-0.707106781187)
  );
#8416 = PCURVE('',#6879,#8417);
#8417 = DEFINITIONAL_REPRESENTATION('',(#8418),#8422);
#8418 = LINE('',#8419,#8420);
#8419 = CARTESIAN_POINT('',(-6.28318530718,0.));
#8420 = VECTOR('',#8421,1.);
#8421 = DIRECTION('',(-0.,-1.));
#8422 = ( GEOMETRIC_REPRESENTATION_CONTEXT(2) 
PARAMETRIC_REPRESENTATION_CONTEXT() REPRESENTATION_CONTEXT('2D SPACE',''
  ) );
#8423 = PCURVE('',#6879,#8424);
#8424 = DEFINITIONAL_REPRESENTATION('',(#8425),#8429);
#8425 = LINE('',#8426,#8427);
#8426 = CARTESIAN_POINT('',(0.,-0.));
#8427 = VECTOR('',#8428,1.);
#8428 = DIRECTION('',(-0.,-1.));
#8429 = ( GEOMETRIC_REPRESENTATION_CONTEXT(2) 
PARAMETRIC_REPRESENTATION_CONTEXT() REPRESENTATION_CONTEXT('2D SPACE',''
  ) );
#8430 = ORIENTED_EDGE('',*,*,#6862,.T.);
#8431 = ORIENTED_EDGE('',*,*,#8410,.T.);
#8432 = ADVANCED_FACE('',(#8433),#6914,.F.);
#8433 = FACE_BOUND('',#8434,.F.);
#8434 = EDGE_LOOP('',(#8435,#8436,#8457,#8458));
#8435 = ORIENTED_EDGE('',*,*,#7575,.F.);
#8436 = ORIENTED_EDGE('',*,*,#8437,.F.);
#8437 = EDGE_CURVE('',#6898,#7576,#8438,.T.);
#8438 = SEAM_CURVE('',#8439,(#8443,#8450),.PCURVE_S1.);
#8439 = LINE('',#8440,#8441);
#8440 = CARTESIAN_POINT('',(-45.,-6.,30.4));
#8441 = VECTOR('',#8442,1.);
#8442 = DIRECTION('',(1.731912112471E-16,0.707106781187,-0.707106781187)
  );
#8443 = PCURVE('',#6914,#8444);
#8444 = DEFINITIONAL_REPRESENTATION('',(#8445),#8449);
#8445 = LINE('',#8446,#8447);
#8446 = CARTESIAN_POINT('',(-6.28318530718,0.));
#8447 = VECTOR('',#8448,1.);
#8448 = DIRECTION('',(-0.,-1.));
#8449 = ( GEOMETRIC_REPRESENTATION_CONTEXT(2) 
PARAMETRIC_REPRESENTATION_CONTEXT() REPRESENTATION_CONTEXT('2D SPACE',''
  ) );
#8450 = PCURVE('',#6914,#8451);
#8451 = DEFINITIONAL_REPRESENTATION('',(#8452),#8456);
#8452 = LINE('',#8453,#8454);
#8453 = CARTESIAN_POINT('',(0.,-0.));
#8454 = VECTOR('',#8455,1.);
#8455 = DIRECTION('',(-0.,-1.));
#8456 = ( GEOMETRIC_REPRESENTATION_CONTEXT(2) 
PARAMETRIC_REPRESENTATION_CONTEXT() REPRESENTATION_CONTEXT('2D SPACE',''
  ) );
#8457 = ORIENTED_EDGE('',*,*,#6897,.T.);
#8458 = ORIENTED_EDGE('',*,*,#8437,.T.);
#8459 = ADVANCED_FACE('',(#8460),#6949,.F.);
#8460 = FACE_BOUND('',#8461,.F.);
#8461 = EDGE_LOOP('',(#8462,#8463,#8484,#8485));
#8462 = ORIENTED_EDGE('',*,*,#7887,.F.);
#8463 = ORIENTED_EDGE('',*,*,#8464,.F.);
#8464 = EDGE_CURVE('',#6933,#7888,#8465,.T.);
#8465 = SEAM_CURVE('',#8466,(#8470,#8477),.PCURVE_S1.);
#8466 = LINE('',#8467,#8468);
#8467 = CARTESIAN_POINT('',(-180.,-6.,70.4));
#8468 = VECTOR('',#8469,1.);
#8469 = DIRECTION('',(1.731912112471E-16,0.707106781187,-0.707106781187)
  );
#8470 = PCURVE('',#6949,#8471);
#8471 = DEFINITIONAL_REPRESENTATION('',(#8472),#8476);
#8472 = LINE('',#8473,#8474);
#8473 = CARTESIAN_POINT('',(-6.28318530718,0.));
#8474 = VECTOR('',#8475,1.);
#8475 = DIRECTION('',(-0.,-1.));
#8476 = ( GEOMETRIC_REPRESENTATION_CONTEXT(2) 
PARAMETRIC_REPRESENTATION_CONTEXT() REPRESENTATION_CONTEXT('2D SPACE',''
  ) );
#8477 = PCURVE('',#6949,#8478);
#8478 = DEFINITIONAL_REPRESENTATION('',(#8479),#8483);
#8479 = LINE('',#8480,#8481);
#8480 = CARTESIAN_POINT('',(0.,-0.));
#8481 = VECTOR('',#8482,1.);
#8482 = DIRECTION('',(-0.,-1.));
#8483 = ( GEOMETRIC_REPRESENTATION_CONTEXT(2) 
PARAMETRIC_REPRESENTATION_CONTEXT() REPRESENTATION_CONTEXT('2D SPACE',''
  ) );
#8484 = ORIENTED_EDGE('',*,*,#6932,.T.);
#8485 = ORIENTED_EDGE('',*,*,#8464,.T.);
#8486 = ADVANCED_FACE('',(#8487),#6984,.F.);
#8487 = FACE_BOUND('',#8488,.F.);
#8488 = EDGE_LOOP('',(#8489,#8490,#8511,#8512));
#8489 = ORIENTED_EDGE('',*,*,#7939,.F.);
#8490 = ORIENTED_EDGE('',*,*,#8491,.F.);
#8491 = EDGE_CURVE('',#6968,#7940,#8492,.T.);
#8492 = SEAM_CURVE('',#8493,(#8497,#8504),.PCURVE_S1.);
#8493 = LINE('',#8494,#8495);
#8494 = CARTESIAN_POINT('',(-135.,-6.,70.4));
#8495 = VECTOR('',#8496,1.);
#8496 = DIRECTION('',(1.731912112471E-16,0.707106781187,-0.707106781187)
  );
#8497 = PCURVE('',#6984,#8498);
#8498 = DEFINITIONAL_REPRESENTATION('',(#8499),#8503);
#8499 = LINE('',#8500,#8501);
#8500 = CARTESIAN_POINT('',(-6.28318530718,0.));
#8501 = VECTOR('',#8502,1.);
#8502 = DIRECTION('',(-0.,-1.));
#8503 = ( GEOMETRIC_REPRESENTATION_CONTEXT(2) 
PARAMETRIC_REPRESENTATION_CONTEXT() REPRESENTATION_CONTEXT('2D SPACE',''
  ) );
#8504 = PCURVE('',#6984,#8505);
#8505 = DEFINITIONAL_REPRESENTATION('',(#8506),#8510);
#8506 = LINE('',#8507,#8508);
#8507 = CARTESIAN_POINT('',(0.,-0.));
#8508 = VECTOR('',#8509,1.);
#8509 = DIRECTION('',(-0.,-1.));
#8510 = ( GEOMETRIC_REPRESENTATION_CONTEXT(2) 
PARAMETRIC_REPRESENTATION_CONTEXT() REPRESENTATION_CONTEXT('2D SPACE',''
  ) );
#8511 = ORIENTED_EDGE('',*,*,#6967,.T.);
#8512 = ORIENTED_EDGE('',*,*,#8491,.T.);
#8513 = ADVANCED_FACE('',(#8514),#7019,.F.);
#8514 = FACE_BOUND('',#8515,.F.);
#8515 = EDGE_LOOP('',(#8516,#8517,#8538,#8539));
#8516 = ORIENTED_EDGE('',*,*,#7991,.F.);
#8517 = ORIENTED_EDGE('',*,*,#8518,.F.);
#8518 = EDGE_CURVE('',#7003,#7992,#8519,.T.);
#8519 = SEAM_CURVE('',#8520,(#8524,#8531),.PCURVE_S1.);
#8520 = LINE('',#8521,#8522);
#8521 = CARTESIAN_POINT('',(-90.,-6.,70.4));
#8522 = VECTOR('',#8523,1.);
#8523 = DIRECTION('',(1.731912112471E-16,0.707106781187,-0.707106781187)
  );
#8524 = PCURVE('',#7019,#8525);
#8525 = DEFINITIONAL_REPRESENTATION('',(#8526),#8530);
#8526 = LINE('',#8527,#8528);
#8527 = CARTESIAN_POINT('',(-6.28318530718,0.));
#8528 = VECTOR('',#8529,1.);
#8529 = DIRECTION('',(-0.,-1.));
#8530 = ( GEOMETRIC_REPRESENTATION_CONTEXT(2) 
PARAMETRIC_REPRESENTATION_CONTEXT() REPRESENTATION_CONTEXT('2D SPACE',''
  ) );
#8531 = PCURVE('',#7019,#8532);
#8532 = DEFINITIONAL_REPRESENTATION('',(#8533),#8537);
#8533 = LINE('',#8534,#8535);
#8534 = CARTESIAN_POINT('',(0.,-0.));
#8535 = VECTOR('',#8536,1.);
#8536 = DIRECTION('',(-0.,-1.));
#8537 = ( GEOMETRIC_REPRESENTATION_CONTEXT(2) 
PARAMETRIC_REPRESENTATION_CONTEXT() REPRESENTATION_CONTEXT('2D SPACE',''
  ) );
#8538 = ORIENTED_EDGE('',*,*,#7002,.T.);
#8539 = ORIENTED_EDGE('',*,*,#8518,.T.);
#8540 = ADVANCED_FACE('',(#8541),#7054,.F.);
#8541 = FACE_BOUND('',#8542,.F.);
#8542 = EDGE_LOOP('',(#8543,#8544,#8565,#8566));
#8543 = ORIENTED_EDGE('',*,*,#8043,.F.);
#8544 = ORIENTED_EDGE('',*,*,#8545,.F.);
#8545 = EDGE_CURVE('',#7038,#8044,#8546,.T.);
#8546 = SEAM_CURVE('',#8547,(#8551,#8558),.PCURVE_S1.);
#8547 = LINE('',#8548,#8549);
#8548 = CARTESIAN_POINT('',(-45.,-6.,70.4));
#8549 = VECTOR('',#8550,1.);
#8550 = DIRECTION('',(1.731912112471E-16,0.707106781187,-0.707106781187)
  );
#8551 = PCURVE('',#7054,#8552);
#8552 = DEFINITIONAL_REPRESENTATION('',(#8553),#8557);
#8553 = LINE('',#8554,#8555);
#8554 = CARTESIAN_POINT('',(-6.28318530718,0.));
#8555 = VECTOR('',#8556,1.);
#8556 = DIRECTION('',(-0.,-1.));
#8557 = ( GEOMETRIC_REPRESENTATION_CONTEXT(2) 
PARAMETRIC_REPRESENTATION_CONTEXT() REPRESENTATION_CONTEXT('2D SPACE',''
  ) );
#8558 = PCURVE('',#7054,#8559);
#8559 = DEFINITIONAL_REPRESENTATION('',(#8560),#8564);
#8560 = LINE('',#8561,#8562);
#8561 = CARTESIAN_POINT('',(0.,-0.));
#8562 = VECTOR('',#8563,1.);
#8563 = DIRECTION('',(-0.,-1.));
#8564 = ( GEOMETRIC_REPRESENTATION_CONTEXT(2) 
PARAMETRIC_REPRESENTATION_CONTEXT() REPRESENTATION_CONTEXT('2D SPACE',''
  ) );
#8565 = ORIENTED_EDGE('',*,*,#7037,.T.);
#8566 = ORIENTED_EDGE('',*,*,#8545,.T.);
#8567 = ADVANCED_FACE('',(#8568),#7089,.F.);
#8568 = FACE_BOUND('',#8569,.F.);
#8569 = EDGE_LOOP('',(#8570,#8571,#8592,#8593));
#8570 = ORIENTED_EDGE('',*,*,#7627,.F.);
#8571 = ORIENTED_EDGE('',*,*,#8572,.F.);
#8572 = EDGE_CURVE('',#7073,#7628,#8573,.T.);
#8573 = SEAM_CURVE('',#8574,(#8578,#8585),.PCURVE_S1.);
#8574 = LINE('',#8575,#8576);
#8575 = CARTESIAN_POINT('',(-1.690012582823E-15,-6.,30.4));
#8576 = VECTOR('',#8577,1.);
#8577 = DIRECTION('',(1.731912112471E-16,0.707106781187,-0.707106781187)
  );
#8578 = PCURVE('',#7089,#8579);
#8579 = DEFINITIONAL_REPRESENTATION('',(#8580),#8584);
#8580 = LINE('',#8581,#8582);
#8581 = CARTESIAN_POINT('',(-6.28318530718,0.));
#8582 = VECTOR('',#8583,1.);
#8583 = DIRECTION('',(-0.,-1.));
#8584 = ( GEOMETRIC_REPRESENTATION_CONTEXT(2) 
PARAMETRIC_REPRESENTATION_CONTEXT() REPRESENTATION_CONTEXT('2D SPACE',''
  ) );
#8585 = PCURVE('',#7089,#8586);
#8586 = DEFINITIONAL_REPRESENTATION('',(#8587),#8591);
#8587 = LINE('',#8588,#8589);
#8588 = CARTESIAN_POINT('',(0.,-0.));
#8589 = VECTOR('',#8590,1.);
#8590 = DIRECTION('',(-0.,-1.));
#8591 = ( GEOMETRIC_REPRESENTATION_CONTEXT(2) 
PARAMETRIC_REPRESENTATION_CONTEXT() REPRESENTATION_CONTEXT('2D SPACE',''
  ) );
#8592 = ORIENTED_EDGE('',*,*,#7072,.T.);
#8593 = ORIENTED_EDGE('',*,*,#8572,.T.);
#8594 = ADVANCED_FACE('',(#8595),#7124,.F.);
#8595 = FACE_BOUND('',#8596,.F.);
#8596 = EDGE_LOOP('',(#8597,#8598,#8619,#8620));
#8597 = ORIENTED_EDGE('',*,*,#7679,.F.);
#8598 = ORIENTED_EDGE('',*,*,#8599,.F.);
#8599 = EDGE_CURVE('',#7108,#7680,#8600,.T.);
#8600 = SEAM_CURVE('',#8601,(#8605,#8612),.PCURVE_S1.);
#8601 = LINE('',#8602,#8603);
#8602 = CARTESIAN_POINT('',(45.,-6.,30.4));
#8603 = VECTOR('',#8604,1.);
#8604 = DIRECTION('',(1.731912112471E-16,0.707106781187,-0.707106781187)
  );
#8605 = PCURVE('',#7124,#8606);
#8606 = DEFINITIONAL_REPRESENTATION('',(#8607),#8611);
#8607 = LINE('',#8608,#8609);
#8608 = CARTESIAN_POINT('',(-6.28318530718,0.));
#8609 = VECTOR('',#8610,1.);
#8610 = DIRECTION('',(-0.,-1.));
#8611 = ( GEOMETRIC_REPRESENTATION_CONTEXT(2) 
PARAMETRIC_REPRESENTATION_CONTEXT() REPRESENTATION_CONTEXT('2D SPACE',''
  ) );
#8612 = PCURVE('',#7124,#8613);
#8613 = DEFINITIONAL_REPRESENTATION('',(#8614),#8618);
#8614 = LINE('',#8615,#8616);
#8615 = CARTESIAN_POINT('',(0.,-0.));
#8616 = VECTOR('',#8617,1.);
#8617 = DIRECTION('',(-0.,-1.));
#8618 = ( GEOMETRIC_REPRESENTATION_CONTEXT(2) 
PARAMETRIC_REPRESENTATION_CONTEXT() REPRESENTATION_CONTEXT('2D SPACE',''
  ) );
#8619 = ORIENTED_EDGE('',*,*,#7107,.T.);
#8620 = ORIENTED_EDGE('',*,*,#8599,.T.);
#8621 = ADVANCED_FACE('',(#8622),#7159,.F.);
#8622 = FACE_BOUND('',#8623,.F.);
#8623 = EDGE_LOOP('',(#8624,#8625,#8646,#8647));
#8624 = ORIENTED_EDGE('',*,*,#7731,.F.);
#8625 = ORIENTED_EDGE('',*,*,#8626,.F.);
#8626 = EDGE_CURVE('',#7143,#7732,#8627,.T.);
#8627 = SEAM_CURVE('',#8628,(#8632,#8639),.PCURVE_S1.);
#8628 = LINE('',#8629,#8630);
#8629 = CARTESIAN_POINT('',(90.,-6.,30.4));
#8630 = VECTOR('',#8631,1.);
#8631 = DIRECTION('',(1.731912112471E-16,0.707106781187,-0.707106781187)
  );
#8632 = PCURVE('',#7159,#8633);
#8633 = DEFINITIONAL_REPRESENTATION('',(#8634),#8638);
#8634 = LINE('',#8635,#8636);
#8635 = CARTESIAN_POINT('',(-6.28318530718,0.));
#8636 = VECTOR('',#8637,1.);
#8637 = DIRECTION('',(-0.,-1.));
#8638 = ( GEOMETRIC_REPRESENTATION_CONTEXT(2) 
PARAMETRIC_REPRESENTATION_CONTEXT() REPRESENTATION_CONTEXT('2D SPACE',''
  ) );
#8639 = PCURVE('',#7159,#8640);
#8640 = DEFINITIONAL_REPRESENTATION('',(#8641),#8645);
#8641 = LINE('',#8642,#8643);
#8642 = CARTESIAN_POINT('',(0.,-0.));
#8643 = VECTOR('',#8644,1.);
#8644 = DIRECTION('',(-0.,-1.));
#8645 = ( GEOMETRIC_REPRESENTATION_CONTEXT(2) 
PARAMETRIC_REPRESENTATION_CONTEXT() REPRESENTATION_CONTEXT('2D SPACE',''
  ) );
#8646 = ORIENTED_EDGE('',*,*,#7142,.T.);
#8647 = ORIENTED_EDGE('',*,*,#8626,.T.);
#8648 = ADVANCED_FACE('',(#8649),#7194,.F.);
#8649 = FACE_BOUND('',#8650,.F.);
#8650 = EDGE_LOOP('',(#8651,#8652,#8673,#8674));
#8651 = ORIENTED_EDGE('',*,*,#7783,.F.);
#8652 = ORIENTED_EDGE('',*,*,#8653,.F.);
#8653 = EDGE_CURVE('',#7178,#7784,#8654,.T.);
#8654 = SEAM_CURVE('',#8655,(#8659,#8666),.PCURVE_S1.);
#8655 = LINE('',#8656,#8657);
#8656 = CARTESIAN_POINT('',(135.,-6.,30.4));
#8657 = VECTOR('',#8658,1.);
#8658 = DIRECTION('',(1.731912112471E-16,0.707106781187,-0.707106781187)
  );
#8659 = PCURVE('',#7194,#8660);
#8660 = DEFINITIONAL_REPRESENTATION('',(#8661),#8665);
#8661 = LINE('',#8662,#8663);
#8662 = CARTESIAN_POINT('',(-6.28318530718,0.));
#8663 = VECTOR('',#8664,1.);
#8664 = DIRECTION('',(-0.,-1.));
#8665 = ( GEOMETRIC_REPRESENTATION_CONTEXT(2) 
PARAMETRIC_REPRESENTATION_CONTEXT() REPRESENTATION_CONTEXT('2D SPACE',''
  ) );
#8666 = PCURVE('',#7194,#8667);
#8667 = DEFINITIONAL_REPRESENTATION('',(#8668),#8672);
#8668 = LINE('',#8669,#8670);
#8669 = CARTESIAN_POINT('',(0.,-0.));
#8670 = VECTOR('',#8671,1.);
#8671 = DIRECTION('',(-0.,-1.));
#8672 = ( GEOMETRIC_REPRESENTATION_CONTEXT(2) 
PARAMETRIC_REPRESENTATION_CONTEXT() REPRESENTATION_CONTEXT('2D SPACE',''
  ) );
#8673 = ORIENTED_EDGE('',*,*,#7177,.T.);
#8674 = ORIENTED_EDGE('',*,*,#8653,.T.);
#8675 = ADVANCED_FACE('',(#8676),#7229,.F.);
#8676 = FACE_BOUND('',#8677,.F.);
#8677 = EDGE_LOOP('',(#8678,#8679,#8700,#8701));
#8678 = ORIENTED_EDGE('',*,*,#7835,.F.);
#8679 = ORIENTED_EDGE('',*,*,#8680,.F.);
#8680 = EDGE_CURVE('',#7213,#7836,#8681,.T.);
#8681 = SEAM_CURVE('',#8682,(#8686,#8693),.PCURVE_S1.);
#8682 = LINE('',#8683,#8684);
#8683 = CARTESIAN_POINT('',(180.,-6.,30.4));
#8684 = VECTOR('',#8685,1.);
#8685 = DIRECTION('',(1.731912112471E-16,0.707106781187,-0.707106781187)
  );
#8686 = PCURVE('',#7229,#8687);
#8687 = DEFINITIONAL_REPRESENTATION('',(#8688),#8692);
#8688 = LINE('',#8689,#8690);
#8689 = CARTESIAN_POINT('',(-6.28318530718,0.));
#8690 = VECTOR('',#8691,1.);
#8691 = DIRECTION('',(-0.,-1.));
#8692 = ( GEOMETRIC_REPRESENTATION_CONTEXT(2) 
PARAMETRIC_REPRESENTATION_CONTEXT() REPRESENTATION_CONTEXT('2D SPACE',''
  ) );
#8693 = PCURVE('',#7229,#8694);
#8694 = DEFINITIONAL_REPRESENTATION('',(#8695),#8699);
#8695 = LINE('',#8696,#8697);
#8696 = CARTESIAN_POINT('',(0.,-0.));
#8697 = VECTOR('',#8698,1.);
#8698 = DIRECTION('',(-0.,-1.));
#8699 = ( GEOMETRIC_REPRESENTATION_CONTEXT(2) 
PARAMETRIC_REPRESENTATION_CONTEXT() REPRESENTATION_CONTEXT('2D SPACE',''
  ) );
#8700 = ORIENTED_EDGE('',*,*,#7212,.T.);
#8701 = ORIENTED_EDGE('',*,*,#8680,.T.);
#8702 = ADVANCED_FACE('',(#8703),#7264,.F.);
#8703 = FACE_BOUND('',#8704,.F.);
#8704 = EDGE_LOOP('',(#8705,#8706,#8727,#8728));
#8705 = ORIENTED_EDGE('',*,*,#8095,.F.);
#8706 = ORIENTED_EDGE('',*,*,#8707,.F.);
#8707 = EDGE_CURVE('',#7248,#8096,#8708,.T.);
#8708 = SEAM_CURVE('',#8709,(#8713,#8720),.PCURVE_S1.);
#8709 = LINE('',#8710,#8711);
#8710 = CARTESIAN_POINT('',(-1.690012582823E-15,-6.,70.4));
#8711 = VECTOR('',#8712,1.);
#8712 = DIRECTION('',(1.731912112471E-16,0.707106781187,-0.707106781187)
  );
#8713 = PCURVE('',#7264,#8714);
#8714 = DEFINITIONAL_REPRESENTATION('',(#8715),#8719);
#8715 = LINE('',#8716,#8717);
#8716 = CARTESIAN_POINT('',(-6.28318530718,0.));
#8717 = VECTOR('',#8718,1.);
#8718 = DIRECTION('',(-0.,-1.));
#8719 = ( GEOMETRIC_REPRESENTATION_CONTEXT(2) 
PARAMETRIC_REPRESENTATION_CONTEXT() REPRESENTATION_CONTEXT('2D SPACE',''
  ) );
#8720 = PCURVE('',#7264,#8721);
#8721 = DEFINITIONAL_REPRESENTATION('',(#8722),#8726);
#8722 = LINE('',#8723,#8724);
#8723 = CARTESIAN_POINT('',(0.,-0.));
#8724 = VECTOR('',#8725,1.);
#8725 = DIRECTION('',(-0.,-1.));
#8726 = ( GEOMETRIC_REPRESENTATION_CONTEXT(2) 
PARAMETRIC_REPRESENTATION_CONTEXT() REPRESENTATION_CONTEXT('2D SPACE',''
  ) );
#8727 = ORIENTED_EDGE('',*,*,#7247,.T.);
#8728 = ORIENTED_EDGE('',*,*,#8707,.T.);
#8729 = ADVANCED_FACE('',(#8730),#7299,.F.);
#8730 = FACE_BOUND('',#8731,.F.);
#8731 = EDGE_LOOP('',(#8732,#8733,#8754,#8755));
#8732 = ORIENTED_EDGE('',*,*,#8147,.F.);
#8733 = ORIENTED_EDGE('',*,*,#8734,.F.);
#8734 = EDGE_CURVE('',#7283,#8148,#8735,.T.);
#8735 = SEAM_CURVE('',#8736,(#8740,#8747),.PCURVE_S1.);
#8736 = LINE('',#8737,#8738);
#8737 = CARTESIAN_POINT('',(45.,-6.,70.4));
#8738 = VECTOR('',#8739,1.);
#8739 = DIRECTION('',(1.731912112471E-16,0.707106781187,-0.707106781187)
  );
#8740 = PCURVE('',#7299,#8741);
#8741 = DEFINITIONAL_REPRESENTATION('',(#8742),#8746);
#8742 = LINE('',#8743,#8744);
#8743 = CARTESIAN_POINT('',(-6.28318530718,0.));
#8744 = VECTOR('',#8745,1.);
#8745 = DIRECTION('',(-0.,-1.));
#8746 = ( GEOMETRIC_REPRESENTATION_CONTEXT(2) 
PARAMETRIC_REPRESENTATION_CONTEXT() REPRESENTATION_CONTEXT('2D SPACE',''
  ) );
#8747 = PCURVE('',#7299,#8748);
#8748 = DEFINITIONAL_REPRESENTATION('',(#8749),#8753);
#8749 = LINE('',#8750,#8751);
#8750 = CARTESIAN_POINT('',(0.,-0.));
#8751 = VECTOR('',#8752,1.);
#8752 = DIRECTION('',(-0.,-1.));
#8753 = ( GEOMETRIC_REPRESENTATION_CONTEXT(2) 
PARAMETRIC_REPRESENTATION_CONTEXT() REPRESENTATION_CONTEXT('2D SPACE',''
  ) );
#8754 = ORIENTED_EDGE('',*,*,#7282,.T.);
#8755 = ORIENTED_EDGE('',*,*,#8734,.T.);
#8756 = ADVANCED_FACE('',(#8757),#7334,.F.);
#8757 = FACE_BOUND('',#8758,.F.);
#8758 = EDGE_LOOP('',(#8759,#8760,#8781,#8782));
#8759 = ORIENTED_EDGE('',*,*,#8199,.F.);
#8760 = ORIENTED_EDGE('',*,*,#8761,.F.);
#8761 = EDGE_CURVE('',#7318,#8200,#8762,.T.);
#8762 = SEAM_CURVE('',#8763,(#8767,#8774),.PCURVE_S1.);
#8763 = LINE('',#8764,#8765);
#8764 = CARTESIAN_POINT('',(90.,-6.,70.4));
#8765 = VECTOR('',#8766,1.);
#8766 = DIRECTION('',(1.731912112471E-16,0.707106781187,-0.707106781187)
  );
#8767 = PCURVE('',#7334,#8768);
#8768 = DEFINITIONAL_REPRESENTATION('',(#8769),#8773);
#8769 = LINE('',#8770,#8771);
#8770 = CARTESIAN_POINT('',(-6.28318530718,0.));
#8771 = VECTOR('',#8772,1.);
#8772 = DIRECTION('',(-0.,-1.));
#8773 = ( GEOMETRIC_REPRESENTATION_CONTEXT(2) 
PARAMETRIC_REPRESENTATION_CONTEXT() REPRESENTATION_CONTEXT('2D SPACE',''
  ) );
#8774 = PCURVE('',#7334,#8775);
#8775 = DEFINITIONAL_REPRESENTATION('',(#8776),#8780);
#8776 = LINE('',#8777,#8778);
#8777 = CARTESIAN_POINT('',(0.,-0.));
#8778 = VECTOR('',#8779,1.);
#8779 = DIRECTION('',(-0.,-1.));
#8780 = ( GEOMETRIC_REPRESENTATION_CONTEXT(2) 
PARAMETRIC_REPRESENTATION_CONTEXT() REPRESENTATION_CONTEXT('2D SPACE',''
  ) );
#8781 = ORIENTED_EDGE('',*,*,#7317,.T.);
#8782 = ORIENTED_EDGE('',*,*,#8761,.T.);
#8783 = ADVANCED_FACE('',(#8784),#7369,.F.);
#8784 = FACE_BOUND('',#8785,.F.);
#8785 = EDGE_LOOP('',(#8786,#8787,#8808,#8809));
#8786 = ORIENTED_EDGE('',*,*,#8251,.F.);
#8787 = ORIENTED_EDGE('',*,*,#8788,.F.);
#8788 = EDGE_CURVE('',#7353,#8252,#8789,.T.);
#8789 = SEAM_CURVE('',#8790,(#8794,#8801),.PCURVE_S1.);
#8790 = LINE('',#8791,#8792);
#8791 = CARTESIAN_POINT('',(135.,-6.,70.4));
#8792 = VECTOR('',#8793,1.);
#8793 = DIRECTION('',(1.731912112471E-16,0.707106781187,-0.707106781187)
  );
#8794 = PCURVE('',#7369,#8795);
#8795 = DEFINITIONAL_REPRESENTATION('',(#8796),#8800);
#8796 = LINE('',#8797,#8798);
#8797 = CARTESIAN_POINT('',(-6.28318530718,0.));
#8798 = VECTOR('',#8799,1.);
#8799 = DIRECTION('',(-0.,-1.));
#8800 = ( GEOMETRIC_REPRESENTATION_CONTEXT(2) 
PARAMETRIC_REPRESENTATION_CONTEXT() REPRESENTATION_CONTEXT('2D SPACE',''
  ) );
#8801 = PCURVE('',#7369,#8802);
#8802 = DEFINITIONAL_REPRESENTATION('',(#8803),#8807);
#8803 = LINE('',#8804,#8805);
#8804 = CARTESIAN_POINT('',(0.,-0.));
#8805 = VECTOR('',#8806,1.);
#8806 = DIRECTION('',(-0.,-1.));
#8807 = ( GEOMETRIC_REPRESENTATION_CONTEXT(2) 
PARAMETRIC_REPRESENTATION_CONTEXT() REPRESENTATION_CONTEXT('2D SPACE',''
  ) );
#8808 = ORIENTED_EDGE('',*,*,#7352,.T.);
#8809 = ORIENTED_EDGE('',*,*,#8788,.T.);
#8810 = ADVANCED_FACE('',(#8811),#7404,.F.);
#8811 = FACE_BOUND('',#8812,.F.);
#8812 = EDGE_LOOP('',(#8813,#8814,#8835,#8836));
#8813 = ORIENTED_EDGE('',*,*,#8303,.F.);
#8814 = ORIENTED_EDGE('',*,*,#8815,.F.);
#8815 = EDGE_CURVE('',#7388,#8304,#8816,.T.);
#8816 = SEAM_CURVE('',#8817,(#8821,#8828),.PCURVE_S1.);
#8817 = LINE('',#8818,#8819);
#8818 = CARTESIAN_POINT('',(180.,-6.,70.4));
#8819 = VECTOR('',#8820,1.);
#8820 = DIRECTION('',(1.731912112471E-16,0.707106781187,-0.707106781187)
  );
#8821 = PCURVE('',#7404,#8822);
#8822 = DEFINITIONAL_REPRESENTATION('',(#8823),#8827);
#8823 = LINE('',#8824,#8825);
#8824 = CARTESIAN_POINT('',(-6.28318530718,0.));
#8825 = VECTOR('',#8826,1.);
#8826 = DIRECTION('',(-0.,-1.));
#8827 = ( GEOMETRIC_REPRESENTATION_CONTEXT(2) 
PARAMETRIC_REPRESENTATION_CONTEXT() REPRESENTATION_CONTEXT('2D SPACE',''
  ) );
#8828 = PCURVE('',#7404,#8829);
#8829 = DEFINITIONAL_REPRESENTATION('',(#8830),#8834);
#8830 = LINE('',#8831,#8832);
#8831 = CARTESIAN_POINT('',(0.,-0.));
#8832 = VECTOR('',#8833,1.);
#8833 = DIRECTION('',(-0.,-1.));
#8834 = ( GEOMETRIC_REPRESENTATION_CONTEXT(2) 
PARAMETRIC_REPRESENTATION_CONTEXT() REPRESENTATION_CONTEXT('2D SPACE',''
  ) );
#8835 = ORIENTED_EDGE('',*,*,#7387,.T.);
#8836 = ORIENTED_EDGE('',*,*,#8815,.T.);
#8837 = ( GEOMETRIC_REPRESENTATION_CONTEXT(3) 
GLOBAL_UNCERTAINTY_ASSIGNED_CONTEXT((#8841)) 
GLOBAL_UNIT_ASSIGNED_CONTEXT((#8838,#8839,#8840)) REPRESENTATION_CONTEXT
('Context #1','3D Context with UNIT and UNCERTAINTY') );
#8838 = ( LENGTH_UNIT() NAMED_UNIT(*) SI_UNIT(.MILLI.,.METRE.) );
#8839 = ( NAMED_UNIT(*) PLANE_ANGLE_UNIT() SI_UNIT($,.RADIAN.) );
#8840 = ( NAMED_UNIT(*) SI_UNIT($,.STERADIAN.) SOLID_ANGLE_UNIT() );
#8841 = UNCERTAINTY_MEASURE_WITH_UNIT(LENGTH_MEASURE(1.E-07),#8838,
  'distance_accuracy_value','confusion accuracy');
#8842 = PRODUCT_RELATED_PRODUCT_CATEGORY('part',$,(#7));
ENDSEC;
END-ISO-10303-21;
